sample	CHROM	POS	REF	ALT	FILTER	DP	AF	GENE	EFFECT	mutation_label	END
SAMPLE_01	MN908947.3	6166	G	A	ft	11	0.27	orf1ab	synonymous_variant	orf1ab:G6166A	6166
SAMPLE_01	MN908947.3	13316	C	T	PASS	8327	1.0	orf1ab	stop_gained	orf1ab:C13316T	13316
SAMPLE_02	MN908947.3	241	C	T	PASS	1190	1.0	CHR_START-orf1ab	intergenic_region	CHR_START-orf1ab:C241T	241
SAMPLE_02	MN908947.3	906	C	T	PASS	2794	1.0	orf1ab	missense_variant	orf1ab:C906T	906
SAMPLE_02	MN908947.3	913	C	T	PASS	3436	1.0	orf1ab	synonymous_variant	orf1ab:C913T	913
SAMPLE_02	MN908947.3	3037	C	T	PASS	5527	1.0	orf1ab	synonymous_variant	orf1ab:C3037T	3037
SAMPLE_02	MN908947.3	3267	C	T	PASS	3416	1.0	orf1ab	missense_variant	orf1ab:C3267T	3267
SAMPLE_02	MN908947.3	4782	C	T	PASS	3617	1.0	orf1ab	missense_variant	orf1ab:C4782T	4782
SAMPLE_02	MN908947.3	5221	C	T	PASS	2609	1.0	orf1ab	synonymous_variant	orf1ab:C5221T	5221
SAMPLE_02	MN908947.3	5388	C	A	PASS	6968	1.0	orf1ab	missense_variant	orf1ab:C5388A	5388
SAMPLE_02	MN908947.3	5986	C	T	PASS	2763	1.0	orf1ab	synonymous_variant	orf1ab:C5986T	5986
SAMPLE_02	MN908947.3	6954	T	C	PASS	1035	1.0	orf1ab	missense_variant	orf1ab:T6954C	6954
SAMPLE_02	MN908947.3	8731	T	A	PASS	5125	1.0	orf1ab	synonymous_variant	orf1ab:T8731A	8731
SAMPLE_02	MN908947.3	11287	GTCTGGTTTT	G	PASS	9287	0.82	orf1ab	conservative_inframe_deletion	orf1ab:GTCTGGTTTT11287G	11296
SAMPLE_02	MN908947.3	11296	T	G	PASS	7379	1.0	orf1ab	missense_variant	orf1ab:T11296G	11296
SAMPLE_02	MN908947.3	12162	A	G	PASS	10376	1.0	orf1ab	missense_variant	orf1ab:A12162G	12162
SAMPLE_02	MN908947.3	14408	C	T	PASS	2912	1.0	orf1ab	synonymous_variant	orf1ab:C14408T	14408
SAMPLE_02	MN908947.3	14676	C	T	PASS	3729	1.0	orf1ab	missense_variant	orf1ab:C14676T	14676
SAMPLE_02	MN908947.3	15279	C	T	PASS	6452	1.0	orf1ab	missense_variant	orf1ab:C15279T	15279
SAMPLE_02	MN908947.3	16176	T	C	PASS	11347	1.0	orf1ab	missense_variant	orf1ab:T16176C	16176
SAMPLE_02	MN908947.3	17565	T	C	PASS	3217	1.0	orf1ab	missense_variant	orf1ab:T17565C	17565
SAMPLE_02	MN908947.3	17615	A	G	PASS	3360	1.0	orf1ab	missense_variant	orf1ab:A17615G	17615
SAMPLE_02	MN908947.3	21764	ATACATG	A	PASS	5097	0.41	S	disruptive_inframe_deletion	S:ATACATG21764A	21770
SAMPLE_02	MN908947.3	21990	TTTA	T	PASS	2031	0.9	S	disruptive_inframe_deletion	S:TTTA21990T	21993
SAMPLE_02	MN908947.3	23063	A	T	PASS	2471	1.0	S	missense_variant	S:A23063T	23063
SAMPLE_02	MN908947.3	23271	C	A	PASS	4235	1.0	S	missense_variant	S:C23271A	23271
SAMPLE_02	MN908947.3	23403	A	G	PASS	4272	1.0	S	missense_variant	S:A23403G	23403
SAMPLE_02	MN908947.3	23604	C	A	PASS	3682	1.0	S	missense_variant	S:C23604A	23604
SAMPLE_02	MN908947.3	23709	C	T	PASS	3602	1.0	S	missense_variant	S:C23709T	23709
SAMPLE_02	MN908947.3	24506	T	G	PASS	2607	1.0	S	missense_variant	S:T24506G	24506
SAMPLE_02	MN908947.3	24914	G	C	PASS	4830	1.0	S	missense_variant	S:G24914C	24914
SAMPLE_02	MN908947.3	27972	C	T	PASS	2961	1.0	ORF8	stop_gained	ORF8:C27972T	27972
SAMPLE_02	MN908947.3	28048	G	T	PASS	3171	1.0	ORF8	missense_variant	ORF8:G28048T	28048
SAMPLE_02	MN908947.3	28111	A	G	PASS	4791	1.0	ORF8	missense_variant	ORF8:A28111G	28111
SAMPLE_02	MN908947.3	28270	TA	T	PASS	3680	0.9	ORF8-N	intergenic_region	ORF8-N:TA28270T	28271
SAMPLE_02	MN908947.3	28280	GAT	CTA	PASS	2938	1.0	N	missense_variant	N:GAT28280CTA	28282
SAMPLE_02	MN908947.3	28881	GG	AA	PASS	2710	1.0	N	missense_variant	N:GG28881AA	28882
SAMPLE_02	MN908947.3	28883	G	C	PASS	2714	1.0	N	missense_variant	N:G28883C	28883
SAMPLE_02	MN908947.3	28977	C	T	PASS	3829	1.0	N	missense_variant	N:C28977T	28977
SAMPLE_03	MN908947.3	241	C	T	PASS	4066	1.0	CHR_START-orf1ab	intergenic_region	CHR_START-orf1ab:C241T	241
SAMPLE_03	MN908947.3	913	C	T	PASS	5504	1.0	orf1ab	synonymous_variant	orf1ab:C913T	913
SAMPLE_03	MN908947.3	3037	C	T	PASS	3916	1.0	orf1ab	synonymous_variant	orf1ab:C3037T	3037
SAMPLE_03	MN908947.3	3267	C	T	PASS	5597	1.0	orf1ab	missense_variant	orf1ab:C3267T	3267
SAMPLE_03	MN908947.3	5388	C	A	PASS	4514	1.0	orf1ab	missense_variant	orf1ab:C5388A	5388
SAMPLE_03	MN908947.3	5986	C	T	PASS	2242	1.0	orf1ab	synonymous_variant	orf1ab:C5986T	5986
SAMPLE_03	MN908947.3	6954	T	C	PASS	117	1.0	orf1ab	missense_variant	orf1ab:T6954C	6954
SAMPLE_03	MN908947.3	11287	GTCTGGTTTT	G	PASS	20995	0.66	orf1ab	conservative_inframe_deletion	orf1ab:GTCTGGTTTT11287G	11296
SAMPLE_03	MN908947.3	11296	T	G	PASS	13035	1.0	orf1ab	missense_variant	orf1ab:T11296G	11296
SAMPLE_03	MN908947.3	12162	A	G	PASS	12833	1.0	orf1ab	missense_variant	orf1ab:A12162G	12162
SAMPLE_03	MN908947.3	14408	C	T	PASS	4040	1.0	orf1ab	synonymous_variant	orf1ab:C14408T	14408
SAMPLE_03	MN908947.3	14676	C	T	PASS	5315	1.0	orf1ab	missense_variant	orf1ab:C14676T	14676
SAMPLE_03	MN908947.3	15279	C	T	PASS	1982	1.0	orf1ab	missense_variant	orf1ab:C15279T	15279
SAMPLE_03	MN908947.3	16176	T	C	PASS	8706	1.0	orf1ab	missense_variant	orf1ab:T16176C	16176
SAMPLE_03	MN908947.3	17615	A	G	PASS	4235	1.0	orf1ab	missense_variant	orf1ab:A17615G	17615
SAMPLE_03	MN908947.3	21764	ATACATG	A	PASS	8196	0.41	S	disruptive_inframe_deletion	S:ATACATG21764A	21770
SAMPLE_03	MN908947.3	21990	TTTA	T	PASS	3480	0.91	S	disruptive_inframe_deletion	S:TTTA21990T	21993
SAMPLE_03	MN908947.3	23063	A	T	PASS	852	1.0	S	missense_variant	S:A23063T	23063
SAMPLE_03	MN908947.3	23271	C	A	PASS	9182	1.0	S	missense_variant	S:C23271A	23271
SAMPLE_03	MN908947.3	23403	A	G	PASS	9799	1.0	S	missense_variant	S:A23403G	23403
SAMPLE_03	MN908947.3	23604	C	A	PASS	3765	1.0	S	missense_variant	S:C23604A	23604
SAMPLE_03	MN908947.3	23709	C	T	PASS	3710	1.0	S	missense_variant	S:C23709T	23709
SAMPLE_03	MN908947.3	24506	T	G	PASS	2376	1.0	S	missense_variant	S:T24506G	24506
SAMPLE_03	MN908947.3	24914	G	C	PASS	11348	1.0	S	missense_variant	S:G24914C	24914
SAMPLE_03	MN908947.3	27281	G	T	PASS	3149	1.0	ORF6	missense_variant	ORF6:G27281T	27281
SAMPLE_03	MN908947.3	27972	C	T	PASS	3583	1.0	ORF8	stop_gained	ORF8:C27972T	27972
SAMPLE_03	MN908947.3	28048	G	T	PASS	4040	1.0	ORF8	missense_variant	ORF8:G28048T	28048
SAMPLE_03	MN908947.3	28111	A	G	PASS	10668	1.0	ORF8	missense_variant	ORF8:A28111G	28111
SAMPLE_03	MN908947.3	28270	TA	T	PASS	7891	0.87	ORF8-N	intergenic_region	ORF8-N:TA28270T	28271
SAMPLE_03	MN908947.3	28280	GAT	CTA	PASS	5619	1.0	N	missense_variant	N:GAT28280CTA	28282
SAMPLE_03	MN908947.3	28881	GG	AA	PASS	281	1.0	N	missense_variant	N:GG28881AA	28882
SAMPLE_03	MN908947.3	28883	G	C	PASS	281	1.0	N	missense_variant	N:G28883C	28883
SAMPLE_03	MN908947.3	28977	C	T	PASS	466	1.0	N	missense_variant	N:C28977T	28977
SAMPLE_04	MN908947.3	241	C	T	PASS	920	1.0	CHR_START-orf1ab	intergenic_region	CHR_START-orf1ab:C241T	241
SAMPLE_04	MN908947.3	906	C	T	PASS	2496	1.0	orf1ab	missense_variant	orf1ab:C906T	906
SAMPLE_04	MN908947.3	913	C	T	PASS	3084	1.0	orf1ab	synonymous_variant	orf1ab:C913T	913
SAMPLE_04	MN908947.3	3037	C	T	PASS	4372	1.0	orf1ab	synonymous_variant	orf1ab:C3037T	3037
SAMPLE_04	MN908947.3	3267	C	T	PASS	3034	1.0	orf1ab	missense_variant	orf1ab:C3267T	3267
SAMPLE_04	MN908947.3	4782	C	T	PASS	3000	1.0	orf1ab	missense_variant	orf1ab:C4782T	4782
SAMPLE_04	MN908947.3	5221	C	T	PASS	2561	1.0	orf1ab	synonymous_variant	orf1ab:C5221T	5221
SAMPLE_04	MN908947.3	5388	C	A	PASS	5854	1.0	orf1ab	missense_variant	orf1ab:C5388A	5388
SAMPLE_04	MN908947.3	5986	C	T	PASS	2208	1.0	orf1ab	synonymous_variant	orf1ab:C5986T	5986
SAMPLE_04	MN908947.3	6954	T	C	PASS	1194	1.0	orf1ab	missense_variant	orf1ab:T6954C	6954
SAMPLE_04	MN908947.3	8731	T	A	PASS	4686	1.0	orf1ab	synonymous_variant	orf1ab:T8731A	8731
SAMPLE_04	MN908947.3	11287	GTCTGGTTTT	G	PASS	8003	0.81	orf1ab	conservative_inframe_deletion	orf1ab:GTCTGGTTTT11287G	11296
SAMPLE_04	MN908947.3	11296	T	G	PASS	6408	1.0	orf1ab	missense_variant	orf1ab:T11296G	11296
SAMPLE_04	MN908947.3	12162	A	G	PASS	9142	1.0	orf1ab	missense_variant	orf1ab:A12162G	12162
SAMPLE_04	MN908947.3	14408	C	T	PASS	2417	1.0	orf1ab	synonymous_variant	orf1ab:C14408T	14408
SAMPLE_04	MN908947.3	14676	C	T	PASS	3222	1.0	orf1ab	missense_variant	orf1ab:C14676T	14676
SAMPLE_04	MN908947.3	15279	C	T	PASS	5276	1.0	orf1ab	missense_variant	orf1ab:C15279T	15279
SAMPLE_04	MN908947.3	16176	T	C	PASS	9342	1.0	orf1ab	missense_variant	orf1ab:T16176C	16176
SAMPLE_04	MN908947.3	17565	T	C	PASS	2557	1.0	orf1ab	missense_variant	orf1ab:T17565C	17565
SAMPLE_04	MN908947.3	17615	A	G	PASS	2873	1.0	orf1ab	missense_variant	orf1ab:A17615G	17615
SAMPLE_04	MN908947.3	21764	ATACATG	A	PASS	4466	0.4	S	disruptive_inframe_deletion	S:ATACATG21764A	21770
SAMPLE_04	MN908947.3	21990	TTTA	T	PASS	1812	0.9	S	disruptive_inframe_deletion	S:TTTA21990T	21993
SAMPLE_04	MN908947.3	23063	A	T	PASS	1841	1.0	S	missense_variant	S:A23063T	23063
SAMPLE_04	MN908947.3	23271	C	A	PASS	3627	1.0	S	missense_variant	S:C23271A	23271
SAMPLE_04	MN908947.3	23403	A	G	PASS	3620	1.0	S	missense_variant	S:A23403G	23403
SAMPLE_04	MN908947.3	23604	C	A	PASS	2911	1.0	S	missense_variant	S:C23604A	23604
SAMPLE_04	MN908947.3	23709	C	T	PASS	2996	1.0	S	missense_variant	S:C23709T	23709
SAMPLE_04	MN908947.3	24506	T	G	PASS	2098	1.0	S	missense_variant	S:T24506G	24506
SAMPLE_04	MN908947.3	24914	G	C	PASS	4132	1.0	S	missense_variant	S:G24914C	24914
SAMPLE_04	MN908947.3	27972	C	T	PASS	2517	1.0	ORF8	stop_gained	ORF8:C27972T	27972
SAMPLE_04	MN908947.3	28048	G	T	PASS	2646	1.0	ORF8	missense_variant	ORF8:G28048T	28048
SAMPLE_04	MN908947.3	28111	A	G	PASS	3991	1.0	ORF8	missense_variant	ORF8:A28111G	28111
SAMPLE_04	MN908947.3	28270	TA	T	PASS	3106	0.9	ORF8-N	intergenic_region	ORF8-N:TA28270T	28271
SAMPLE_04	MN908947.3	28280	GAT	CTA	PASS	2444	1.0	N	missense_variant	N:GAT28280CTA	28282
SAMPLE_04	MN908947.3	28881	GG	AA	PASS	2436	1.0	N	missense_variant	N:GG28881AA	28882
SAMPLE_04	MN908947.3	28883	G	C	PASS	2439	1.0	N	missense_variant	N:G28883C	28883
SAMPLE_04	MN908947.3	28977	C	T	PASS	3640	1.0	N	missense_variant	N:C28977T	28977
SAMPLE_05	MN908947.3	241	C	T	PASS	1055	1.0	CHR_START-orf1ab	intergenic_region	CHR_START-orf1ab:C241T	241
SAMPLE_05	MN908947.3	913	C	T	PASS	3739	1.0	orf1ab	synonymous_variant	orf1ab:C913T	913
SAMPLE_05	MN908947.3	2338	C	A	PASS	2506	1.0	orf1ab	missense_variant	orf1ab:C2338A	2338
SAMPLE_05	MN908947.3	3037	C	T	PASS	4791	1.0	orf1ab	synonymous_variant	orf1ab:C3037T	3037
SAMPLE_05	MN908947.3	3267	C	T	PASS	3724	1.0	orf1ab	missense_variant	orf1ab:C3267T	3267
SAMPLE_05	MN908947.3	5388	C	A	PASS	6421	1.0	orf1ab	missense_variant	orf1ab:C5388A	5388
SAMPLE_05	MN908947.3	5986	C	T	PASS	2350	1.0	orf1ab	synonymous_variant	orf1ab:C5986T	5986
SAMPLE_05	MN908947.3	6954	T	C	PASS	1246	1.0	orf1ab	missense_variant	orf1ab:T6954C	6954
SAMPLE_05	MN908947.3	8603	T	C	PASS	3431	1.0	orf1ab	missense_variant	orf1ab:T8603C	8603
SAMPLE_05	MN908947.3	11287	GTCTGGTTTT	G	PASS	9436	0.79	orf1ab	conservative_inframe_deletion	orf1ab:GTCTGGTTTT11287G	11296
SAMPLE_05	MN908947.3	11296	T	G	PASS	7361	1.0	orf1ab	missense_variant	orf1ab:T11296G	11296
SAMPLE_05	MN908947.3	11941	C	T	PASS	5630	0.99	orf1ab	synonymous_variant	orf1ab:C11941T	11941
SAMPLE_05	MN908947.3	14408	C	T	PASS	2895	1.0	orf1ab	synonymous_variant	orf1ab:C14408T	14408
SAMPLE_05	MN908947.3	14676	C	T	PASS	3859	1.0	orf1ab	missense_variant	orf1ab:C14676T	14676
SAMPLE_05	MN908947.3	15279	C	T	PASS	6356	1.0	orf1ab	missense_variant	orf1ab:C15279T	15279
SAMPLE_05	MN908947.3	16176	T	C	PASS	10531	1.0	orf1ab	missense_variant	orf1ab:T16176C	16176
SAMPLE_05	MN908947.3	17615	A	G	PASS	3000	1.0	orf1ab	missense_variant	orf1ab:A17615G	17615
SAMPLE_05	MN908947.3	21764	ATACATG	A	PASS	4820	0.42	S	disruptive_inframe_deletion	S:ATACATG21764A	21770
SAMPLE_05	MN908947.3	21990	TTTA	T	PASS	1912	0.89	S	disruptive_inframe_deletion	S:TTTA21990T	21993
SAMPLE_05	MN908947.3	23063	A	T	PASS	1794	1.0	S	missense_variant	S:A23063T	23063
SAMPLE_05	MN908947.3	23271	C	A	PASS	4517	1.0	S	missense_variant	S:C23271A	23271
SAMPLE_05	MN908947.3	23403	A	G	PASS	4628	1.0	S	missense_variant	S:A23403G	23403
SAMPLE_05	MN908947.3	23604	C	A	PASS	3315	1.0	S	missense_variant	S:C23604A	23604
SAMPLE_05	MN908947.3	23709	C	T	PASS	3269	1.0	S	missense_variant	S:C23709T	23709
SAMPLE_05	MN908947.3	24506	T	G	PASS	2620	1.0	S	missense_variant	S:T24506G	24506
SAMPLE_05	MN908947.3	24914	G	C	PASS	4733	1.0	S	missense_variant	S:G24914C	24914
SAMPLE_05	MN908947.3	25437	G	T	PASS	2450	1.0	ORF3a	missense_variant	ORF3a:G25437T	25437
SAMPLE_05	MN908947.3	27972	C	T	PASS	2691	1.0	ORF8	stop_gained	ORF8:C27972T	27972
SAMPLE_05	MN908947.3	28048	G	T	PASS	2980	1.0	ORF8	missense_variant	ORF8:G28048T	28048
SAMPLE_05	MN908947.3	28111	A	G	PASS	4721	1.0	ORF8	missense_variant	ORF8:A28111G	28111
SAMPLE_05	MN908947.3	28270	TA	T	PASS	3876	0.9	ORF8-N	intergenic_region	ORF8-N:TA28270T	28271
SAMPLE_05	MN908947.3	28280	GAT	CTA	PASS	3034	1.0	N	missense_variant	N:GAT28280CTA	28282
SAMPLE_05	MN908947.3	28881	GG	AA	PASS	2775	1.0	N	missense_variant	N:GG28881AA	28882
SAMPLE_05	MN908947.3	28883	G	C	PASS	2776	1.0	N	missense_variant	N:G28883C	28883
SAMPLE_05	MN908947.3	28977	C	T	PASS	4236	1.0	N	missense_variant	N:C28977T	28977
SAMPLE_06	MN908947.3	241	C	T	PASS	1215	1.0	CHR_START-orf1ab	intergenic_region	CHR_START-orf1ab:C241T	241
SAMPLE_06	MN908947.3	1567	C	T	PASS	2442	1.0	orf1ab	synonymous_variant	orf1ab:C1567T	1567
SAMPLE_06	MN908947.3	2997	C	T	PASS	5192	1.0	orf1ab	missense_variant	orf1ab:C2997T	2997
SAMPLE_06	MN908947.3	3037	C	T	PASS	4577	1.0	orf1ab	synonymous_variant	orf1ab:C3037T	3037
SAMPLE_06	MN908947.3	4960	G	T	PASS	4162	1.0	orf1ab	synonymous_variant	orf1ab:G4960T	4960
SAMPLE_06	MN908947.3	6395	C	T	PASS	8771	1.0	orf1ab	synonymous_variant	orf1ab:C6395T	6395
SAMPLE_06	MN908947.3	6762	C	T	PASS	5996	1.0	orf1ab	missense_variant	orf1ab:C6762T	6762
SAMPLE_06	MN908947.3	9438	C	T	PASS	7573	1.0	orf1ab	missense_variant	orf1ab:C9438T	9438
SAMPLE_06	MN908947.3	11272	G	C	PASS	8302	1.0	orf1ab	missense_variant	orf1ab:G11272C	11272
SAMPLE_06	MN908947.3	11514	C	T	PASS	7447	1.0	orf1ab	missense_variant	orf1ab:C11514T	11514
SAMPLE_06	MN908947.3	13035	C	T	PASS	16120	1.0	orf1ab	missense_variant	orf1ab:C13035T	13035
SAMPLE_06	MN908947.3	14408	C	T	PASS	2908	1.0	orf1ab	synonymous_variant	orf1ab:C14408T	14408
SAMPLE_06	MN908947.3	15450	C	T	PASS	4868	1.0	orf1ab	missense_variant	orf1ab:C15450T	15450
SAMPLE_06	MN908947.3	15738	C	T	PASS	3367	1.0	orf1ab	missense_variant	orf1ab:C15738T	15738
SAMPLE_06	MN908947.3	16536	C	T	PASS	4193	1.0	orf1ab	missense_variant	orf1ab:C16536T	16536
SAMPLE_06	MN908947.3	20679	G	A	PASS	4185	1.0	orf1ab	missense_variant	orf1ab:G20679A	20679
SAMPLE_06	MN908947.3	21590	C	T	PASS	3240	1.0	S	synonymous_variant	S:C21590T	21590
SAMPLE_06	MN908947.3	21997	C	T	PASS	3510	1.0	S	synonymous_variant	S:C21997T	21997
SAMPLE_06	MN908947.3	23403	A	G	PASS	4282	1.0	S	missense_variant	S:A23403G	23403
SAMPLE_06	MN908947.3	26527	C	T	PASS	4810	0.98	M	missense_variant	M:C26527T	26527
SAMPLE_06	MN908947.3	27393	C	T	PASS	2524	1.0	ORF6-ORF7a	intergenic_region	ORF6-ORF7a:C27393T	27393
SAMPLE_06	MN908947.3	28079	G	T	PASS	2968	1.0	ORF8	synonymous_variant	ORF8:G28079T	28079
SAMPLE_06	MN908947.3	28812	G	T	PASS	2110	1.0	N	missense_variant	N:G28812T	28812
SAMPLE_06	MN908947.3	28881	GG	AA	PASS	1841	1.0	N	missense_variant	N:GG28881AA	28882
SAMPLE_06	MN908947.3	28883	G	C	PASS	1844	1.0	N	missense_variant	N:G28883C	28883
SAMPLE_06	MN908947.3	29651	G	T	PASS	8538	1.0	ORF10	missense_variant	ORF10:G29651T	29651
SAMPLE_07	MN908947.3	241	C	T	PASS	1652	1.0	CHR_START-orf1ab	intergenic_region	CHR_START-orf1ab:C241T	241
SAMPLE_07	MN908947.3	913	C	T	PASS	3985	1.0	orf1ab	synonymous_variant	orf1ab:C913T	913
SAMPLE_07	MN908947.3	3037	C	T	PASS	6660	1.0	orf1ab	synonymous_variant	orf1ab:C3037T	3037
SAMPLE_07	MN908947.3	3267	C	T	PASS	4229	1.0	orf1ab	missense_variant	orf1ab:C3267T	3267
SAMPLE_07	MN908947.3	5388	C	A	PASS	8502	1.0	orf1ab	missense_variant	orf1ab:C5388A	5388
SAMPLE_07	MN908947.3	5986	C	T	PASS	3210	1.0	orf1ab	synonymous_variant	orf1ab:C5986T	5986
SAMPLE_07	MN908947.3	6677	A	G	PASS	4648	1.0	orf1ab	missense_variant	orf1ab:A6677G	6677
SAMPLE_07	MN908947.3	6954	T	C	PASS	747	1.0	orf1ab	missense_variant	orf1ab:T6954C	6954
SAMPLE_07	MN908947.3	11287	GTCTGGTTTT	G	PASS	11692	0.75	orf1ab	conservative_inframe_deletion	orf1ab:GTCTGGTTTT11287G	11296
SAMPLE_07	MN908947.3	11296	T	G	PASS	8339	1.0	orf1ab	missense_variant	orf1ab:T11296G	11296
SAMPLE_07	MN908947.3	14408	C	T	PASS	3871	1.0	orf1ab	synonymous_variant	orf1ab:C14408T	14408
SAMPLE_07	MN908947.3	14676	C	T	PASS	4895	1.0	orf1ab	missense_variant	orf1ab:C14676T	14676
SAMPLE_07	MN908947.3	15279	C	T	PASS	7218	1.0	orf1ab	missense_variant	orf1ab:C15279T	15279
SAMPLE_07	MN908947.3	16176	T	C	PASS	12305	1.0	orf1ab	missense_variant	orf1ab:T16176C	16176
SAMPLE_07	MN908947.3	17615	A	G	PASS	3889	1.0	orf1ab	missense_variant	orf1ab:A17615G	17615
SAMPLE_07	MN908947.3	18877	C	T	PASS	11951	1.0	orf1ab	synonymous_variant	orf1ab:C18877T	18877
SAMPLE_07	MN908947.3	21764	ATACATG	A	PASS	6318	0.42	S	disruptive_inframe_deletion	S:ATACATG21764A	21770
SAMPLE_07	MN908947.3	21990	TTTA	T	PASS	2493	0.89	S	disruptive_inframe_deletion	S:TTTA21990T	21993
SAMPLE_07	MN908947.3	22458	C	T	PASS	305	1.0	S	missense_variant	S:C22458T	22458
SAMPLE_07	MN908947.3	23063	A	T	PASS	2131	1.0	S	missense_variant	S:A23063T	23063
SAMPLE_07	MN908947.3	23271	C	A	PASS	5257	1.0	S	missense_variant	S:C23271A	23271
SAMPLE_07	MN908947.3	23403	A	G	PASS	5483	1.0	S	missense_variant	S:A23403G	23403
SAMPLE_07	MN908947.3	23604	C	A	PASS	4328	1.0	S	missense_variant	S:C23604A	23604
SAMPLE_07	MN908947.3	23709	C	T	PASS	4476	1.0	S	missense_variant	S:C23709T	23709
SAMPLE_07	MN908947.3	23758	C	T	PASS	4322	1.0	S	synonymous_variant	S:C23758T	23758
SAMPLE_07	MN908947.3	24506	T	G	PASS	2898	1.0	S	missense_variant	S:T24506G	24506
SAMPLE_07	MN908947.3	24914	G	C	PASS	6499	1.0	S	missense_variant	S:G24914C	24914
SAMPLE_07	MN908947.3	26730	G	C	PASS	4948	1.0	M	missense_variant	M:G26730C	26730
SAMPLE_07	MN908947.3	27972	C	T	PASS	3468	1.0	ORF8	stop_gained	ORF8:C27972T	27972
SAMPLE_07	MN908947.3	28048	G	T	PASS	3532	1.0	ORF8	missense_variant	ORF8:G28048T	28048
SAMPLE_07	MN908947.3	28111	A	G	PASS	5551	1.0	ORF8	missense_variant	ORF8:A28111G	28111
SAMPLE_07	MN908947.3	28270	TA	T	PASS	4582	0.89	ORF8-N	intergenic_region	ORF8-N:TA28270T	28271
SAMPLE_07	MN908947.3	28280	GAT	CTA	PASS	3572	1.0	N	missense_variant	N:GAT28280CTA	28282
SAMPLE_07	MN908947.3	28881	GG	AA	PASS	1706	1.0	N	missense_variant	N:GG28881AA	28882
SAMPLE_07	MN908947.3	28883	G	C	PASS	1712	1.0	N	missense_variant	N:G28883C	28883
SAMPLE_07	MN908947.3	28977	C	T	PASS	2694	1.0	N	missense_variant	N:C28977T	28977
SAMPLE_08	MN908947.3	241	C	T	PASS	2771	1.0	CHR_START-orf1ab	intergenic_region	CHR_START-orf1ab:C241T	241
SAMPLE_08	MN908947.3	1567	C	T	PASS	813	1.0	orf1ab	synonymous_variant	orf1ab:C1567T	1567
SAMPLE_08	MN908947.3	2997	C	T	PASS	5930	1.0	orf1ab	missense_variant	orf1ab:C2997T	2997
SAMPLE_08	MN908947.3	3037	C	T	PASS	5108	1.0	orf1ab	synonymous_variant	orf1ab:C3037T	3037
SAMPLE_08	MN908947.3	4016	G	A	PASS	2309	0.45	orf1ab	missense_variant	orf1ab:G4016A	4016
SAMPLE_08	MN908947.3	4960	G	T	PASS	5161	1.0	orf1ab	synonymous_variant	orf1ab:G4960T	4960
SAMPLE_08	MN908947.3	6395	C	T	PASS	9819	1.0	orf1ab	synonymous_variant	orf1ab:C6395T	6395
SAMPLE_08	MN908947.3	6762	C	T	PASS	5016	1.0	orf1ab	missense_variant	orf1ab:C6762T	6762
SAMPLE_08	MN908947.3	9438	C	T	PASS	4259	1.0	orf1ab	missense_variant	orf1ab:C9438T	9438
SAMPLE_08	MN908947.3	11272	G	C	PASS	14504	1.0	orf1ab	missense_variant	orf1ab:G11272C	11272
SAMPLE_08	MN908947.3	11514	C	T	PASS	8095	1.0	orf1ab	missense_variant	orf1ab:C11514T	11514
SAMPLE_08	MN908947.3	13035	C	T	PASS	19166	1.0	orf1ab	missense_variant	orf1ab:C13035T	13035
SAMPLE_08	MN908947.3	14408	C	T	PASS	4815	1.0	orf1ab	synonymous_variant	orf1ab:C14408T	14408
SAMPLE_08	MN908947.3	15450	C	T	PASS	4820	1.0	orf1ab	missense_variant	orf1ab:C15450T	15450
SAMPLE_08	MN908947.3	15738	C	T	PASS	5553	1.0	orf1ab	missense_variant	orf1ab:C15738T	15738
SAMPLE_08	MN908947.3	16536	C	T	PASS	1931	1.0	orf1ab	missense_variant	orf1ab:C16536T	16536
SAMPLE_08	MN908947.3	20679	G	A	PASS	3910	1.0	orf1ab	missense_variant	orf1ab:G20679A	20679
SAMPLE_08	MN908947.3	21590	C	T	PASS	721	1.0	S	synonymous_variant	S:C21590T	21590
SAMPLE_08	MN908947.3	23403	A	G	PASS	7258	1.0	S	missense_variant	S:A23403G	23403
SAMPLE_08	MN908947.3	26527	C	T	PASS	4416	1.0	M	missense_variant	M:C26527T	26527
SAMPLE_08	MN908947.3	27393	C	T	PASS	4002	1.0	ORF6-ORF7a	intergenic_region	ORF6-ORF7a:C27393T	27393
SAMPLE_08	MN908947.3	28079	G	T	PASS	3827	1.0	ORF8	synonymous_variant	ORF8:G28079T	28079
SAMPLE_08	MN908947.3	28812	G	T	PASS	1015	1.0	N	missense_variant	N:G28812T	28812
SAMPLE_08	MN908947.3	28881	GG	AA	PASS	766	1.0	N	missense_variant	N:GG28881AA	28882
SAMPLE_08	MN908947.3	28883	G	C	PASS	771	1.0	N	missense_variant	N:G28883C	28883
SAMPLE_08	MN908947.3	29651	G	T	PASS	4984	1.0	ORF10	missense_variant	ORF10:G29651T	29651
SAMPLE_09	MN908947.3	241	C	T	PASS	3609	1.0	CHR_START-orf1ab	intergenic_region	CHR_START-orf1ab:C241T	241
SAMPLE_09	MN908947.3	913	C	T	PASS	5484	1.0	orf1ab	synonymous_variant	orf1ab:C913T	913
SAMPLE_09	MN908947.3	3037	C	T	PASS	1130	1.0	orf1ab	synonymous_variant	orf1ab:C3037T	3037
SAMPLE_09	MN908947.3	3267	C	T	PASS	3162	1.0	orf1ab	missense_variant	orf1ab:C3267T	3267
SAMPLE_09	MN908947.3	5388	C	A	PASS	6498	1.0	orf1ab	missense_variant	orf1ab:C5388A	5388
SAMPLE_09	MN908947.3	5986	C	T	PASS	191	1.0	orf1ab	synonymous_variant	orf1ab:C5986T	5986
SAMPLE_09	MN908947.3	11287	GTCTGGTTTT	G	PASS	9563	0.78	orf1ab	conservative_inframe_deletion	orf1ab:GTCTGGTTTT11287G	11296
SAMPLE_09	MN908947.3	11296	T	G	PASS	7319	1.0	orf1ab	missense_variant	orf1ab:T11296G	11296
SAMPLE_09	MN908947.3	13326	C	T	PASS	24443	1.0	orf1ab	missense_variant	orf1ab:C13326T	13326
SAMPLE_09	MN908947.3	13665	C	T	PASS	99	1.0	orf1ab	missense_variant	orf1ab:C13665T	13665
SAMPLE_09	MN908947.3	14676	C	T	PASS	3563	1.0	orf1ab	missense_variant	orf1ab:C14676T	14676
SAMPLE_09	MN908947.3	15279	C	T	PASS	1003	1.0	orf1ab	missense_variant	orf1ab:C15279T	15279
SAMPLE_09	MN908947.3	15559	C	CT	PASS	7797	0.46	orf1ab	frameshift_variant	orf1ab:C15559CT	15559
SAMPLE_09	MN908947.3	16176	T	C	PASS	7327	1.0	orf1ab	missense_variant	orf1ab:T16176C	16176
SAMPLE_09	MN908947.3	17615	A	G	PASS	3074	1.0	orf1ab	missense_variant	orf1ab:A17615G	17615
SAMPLE_09	MN908947.3	18097	C	T	PASS	4199	0.41	orf1ab	synonymous_variant	orf1ab:C18097T	18097
SAMPLE_09	MN908947.3	19478	G	T	PASS	53	0.51	orf1ab	missense_variant	orf1ab:G19478T	19478
SAMPLE_09	MN908947.3	19854	C	T	PASS	2363	1.0	orf1ab	missense_variant	orf1ab:C19854T	19854
SAMPLE_09	MN908947.3	21764	ATACATG	A	PASS	10767	0.39	S	disruptive_inframe_deletion	S:ATACATG21764A	21770
SAMPLE_09	MN908947.3	21990	TTTA	T	PASS	5008	0.91	S	disruptive_inframe_deletion	S:TTTA21990T	21993
SAMPLE_09	MN908947.3	22054	T	C	PASS	563	0.26	S	synonymous_variant	S:T22054C	22054
SAMPLE_09	MN908947.3	23063	A	T	PASS	121	1.0	S	missense_variant	S:A23063T	23063
SAMPLE_09	MN908947.3	23604	C	A	PASS	2992	1.0	S	missense_variant	S:C23604A	23604
SAMPLE_09	MN908947.3	23709	C	T	PASS	3156	1.0	S	missense_variant	S:C23709T	23709
SAMPLE_09	MN908947.3	24506	T	G	PASS	1868	1.0	S	missense_variant	S:T24506G	24506
SAMPLE_09	MN908947.3	24914	G	C	PASS	10180	1.0	S	missense_variant	S:G24914C	24914
SAMPLE_09	MN908947.3	26020	G	T	PASS	22	1.0	ORF3a	missense_variant	ORF3a:G26020T	26020
SAMPLE_09	MN908947.3	27972	C	T	PASS	2072	1.0	ORF8	stop_gained	ORF8:C27972T	27972
SAMPLE_09	MN908947.3	28048	G	T	PASS	2171	1.0	ORF8	missense_variant	ORF8:G28048T	28048
SAMPLE_09	MN908947.3	28057	C	T	PASS	2373	1.0	ORF8	missense_variant	ORF8:C28057T	28057
SAMPLE_09	MN908947.3	28111	A	G	PASS	7284	1.0	ORF8	missense_variant	ORF8:A28111G	28111
SAMPLE_09	MN908947.3	28270	TA	T	PASS	5243	0.87	ORF8-N	intergenic_region	ORF8-N:TA28270T	28271
SAMPLE_09	MN908947.3	28280	GAT	CTA	PASS	3619	1.0	N	missense_variant	N:GAT28280CTA	28282
SAMPLE_09	MN908947.3	28881	GG	AA	PASS	84	1.0	N	missense_variant	N:GG28881AA	28882
SAMPLE_09	MN908947.3	28883	G	C	PASS	84	1.0	N	missense_variant	N:G28883C	28883
SAMPLE_09	MN908947.3	28977	C	T	PASS	119	1.0	N	missense_variant	N:C28977T	28977
SAMPLE_09	MN908947.3	29281	C	T	PASS	5397	0.36	N	synonymous_variant	N:C29281T	29281
SAMPLE_10	MN908947.3	241	C	T	PASS	1355	1.0	CHR_START-orf1ab	intergenic_region	CHR_START-orf1ab:C241T	241
SAMPLE_10	MN908947.3	913	C	T	PASS	3634	1.0	orf1ab	synonymous_variant	orf1ab:C913T	913
SAMPLE_10	MN908947.3	3037	C	T	PASS	4886	1.0	orf1ab	synonymous_variant	orf1ab:C3037T	3037
SAMPLE_10	MN908947.3	3267	C	T	PASS	4238	1.0	orf1ab	missense_variant	orf1ab:C3267T	3267
SAMPLE_10	MN908947.3	5388	C	A	PASS	6456	1.0	orf1ab	missense_variant	orf1ab:C5388A	5388
SAMPLE_10	MN908947.3	5986	C	T	PASS	2282	1.0	orf1ab	synonymous_variant	orf1ab:C5986T	5986
SAMPLE_10	MN908947.3	6954	T	C	PASS	740	1.0	orf1ab	missense_variant	orf1ab:T6954C	6954
SAMPLE_10	MN908947.3	9397	A	T	PASS	5203	1.0	orf1ab	synonymous_variant	orf1ab:A9397T	9397
SAMPLE_10	MN908947.3	11287	GTCTGGTTTT	G	PASS	11305	0.72	orf1ab	conservative_inframe_deletion	orf1ab:GTCTGGTTTT11287G	11296
SAMPLE_10	MN908947.3	11296	T	G	PASS	7819	1.0	orf1ab	missense_variant	orf1ab:T11296G	11296
SAMPLE_10	MN908947.3	14408	C	T	PASS	3291	1.0	orf1ab	synonymous_variant	orf1ab:C14408T	14408
SAMPLE_10	MN908947.3	14676	C	T	PASS	5031	1.0	orf1ab	missense_variant	orf1ab:C14676T	14676
SAMPLE_10	MN908947.3	15279	C	T	PASS	5516	1.0	orf1ab	missense_variant	orf1ab:C15279T	15279
SAMPLE_10	MN908947.3	16176	T	C	PASS	9252	1.0	orf1ab	missense_variant	orf1ab:T16176C	16176
SAMPLE_10	MN908947.3	20371	C	T	PASS	406	1.0	orf1ab	synonymous_variant	orf1ab:C20371T	20371
SAMPLE_10	MN908947.3	21764	ATACATG	A	PASS	4831	0.41	S	disruptive_inframe_deletion	S:ATACATG21764A	21770
SAMPLE_10	MN908947.3	21990	TTTA	T	PASS	2005	0.9	S	disruptive_inframe_deletion	S:TTTA21990T	21993
SAMPLE_10	MN908947.3	23063	A	T	PASS	1442	1.0	S	missense_variant	S:A23063T	23063
SAMPLE_10	MN908947.3	23271	C	A	PASS	4731	1.0	S	missense_variant	S:C23271A	23271
SAMPLE_10	MN908947.3	23403	A	G	PASS	5045	1.0	S	missense_variant	S:A23403G	23403
SAMPLE_10	MN908947.3	23604	C	A	PASS	3001	1.0	S	missense_variant	S:C23604A	23604
SAMPLE_10	MN908947.3	23709	C	T	PASS	2980	1.0	S	missense_variant	S:C23709T	23709
SAMPLE_10	MN908947.3	24506	T	G	PASS	2555	1.0	S	missense_variant	S:T24506G	24506
SAMPLE_10	MN908947.3	24914	G	C	PASS	5799	1.0	S	missense_variant	S:G24914C	24914
SAMPLE_10	MN908947.3	27972	C	T	PASS	2592	1.0	ORF8	stop_gained	ORF8:C27972T	27972
SAMPLE_10	MN908947.3	28048	G	T	PASS	2719	1.0	ORF8	missense_variant	ORF8:G28048T	28048
SAMPLE_10	MN908947.3	28111	A	G	PASS	5198	1.0	ORF8	missense_variant	ORF8:A28111G	28111
SAMPLE_10	MN908947.3	28270	TA	T	PASS	4370	0.89	ORF8-N	intergenic_region	ORF8-N:TA28270T	28271
SAMPLE_10	MN908947.3	28280	GAT	CTA	PASS	3160	1.0	N	missense_variant	N:GAT28280CTA	28282
SAMPLE_10	MN908947.3	28287	G	T	PASS	4341	1.0	N	missense_variant	N:G28287T	28287
SAMPLE_10	MN908947.3	28817	G	T	PASS	1152	1.0	N	missense_variant	N:G28817T	28817
SAMPLE_10	MN908947.3	28881	GG	AA	PASS	932	1.0	N	missense_variant	N:GG28881AA	28882
SAMPLE_10	MN908947.3	28883	G	C	PASS	936	1.0	N	missense_variant	N:G28883C	28883
SAMPLE_10	MN908947.3	28977	C	T	PASS	1629	1.0	N	missense_variant	N:C28977T	28977
SAMPLE_11	MN908947.3	241	C	T	PASS	1091	1.0	CHR_START-orf1ab	intergenic_region	CHR_START-orf1ab:C241T	241
SAMPLE_11	MN908947.3	913	C	T	PASS	5146	1.0	orf1ab	synonymous_variant	orf1ab:C913T	913
SAMPLE_11	MN908947.3	3037	C	T	PASS	5876	1.0	orf1ab	synonymous_variant	orf1ab:C3037T	3037
SAMPLE_11	MN908947.3	3267	C	T	PASS	6130	1.0	orf1ab	missense_variant	orf1ab:C3267T	3267
SAMPLE_11	MN908947.3	5388	C	A	PASS	8225	1.0	orf1ab	missense_variant	orf1ab:C5388A	5388
SAMPLE_11	MN908947.3	5986	C	T	PASS	2750	1.0	orf1ab	synonymous_variant	orf1ab:C5986T	5986
SAMPLE_11	MN908947.3	6620	T	C	PASS	5629	1.0	orf1ab	synonymous_variant	orf1ab:T6620C	6620
SAMPLE_11	MN908947.3	6954	T	C	PASS	539	1.0	orf1ab	missense_variant	orf1ab:T6954C	6954
SAMPLE_11	MN908947.3	7097	A	G	PASS	3391	1.0	orf1ab	missense_variant	orf1ab:A7097G	7097
SAMPLE_11	MN908947.3	11287	GTCTGGTTTT	G	PASS	16623	0.69	orf1ab	conservative_inframe_deletion	orf1ab:GTCTGGTTTT11287G	11296
SAMPLE_11	MN908947.3	11296	T	G	PASS	10746	1.0	orf1ab	missense_variant	orf1ab:T11296G	11296
SAMPLE_11	MN908947.3	14408	C	T	PASS	4225	1.0	orf1ab	synonymous_variant	orf1ab:C14408T	14408
SAMPLE_11	MN908947.3	14676	C	T	PASS	6784	1.0	orf1ab	missense_variant	orf1ab:C14676T	14676
SAMPLE_11	MN908947.3	15279	C	T	PASS	6842	1.0	orf1ab	missense_variant	orf1ab:C15279T	15279
SAMPLE_11	MN908947.3	16176	T	C	PASS	12029	1.0	orf1ab	missense_variant	orf1ab:T16176C	16176
SAMPLE_11	MN908947.3	17615	A	G	PASS	4203	1.0	orf1ab	missense_variant	orf1ab:A17615G	17615
SAMPLE_11	MN908947.3	19079	A	G	PASS	4941	1.0	orf1ab	missense_variant	orf1ab:A19079G	19079
SAMPLE_11	MN908947.3	19854	C	T	PASS	5640	1.0	orf1ab	missense_variant	orf1ab:C19854T	19854
SAMPLE_11	MN908947.3	21764	ATACATG	A	PASS	6795	0.42	S	disruptive_inframe_deletion	S:ATACATG21764A	21770
SAMPLE_11	MN908947.3	21990	TTTA	T	PASS	2638	0.9	S	disruptive_inframe_deletion	S:TTTA21990T	21993
SAMPLE_11	MN908947.3	23063	A	T	PASS	1882	1.0	S	missense_variant	S:A23063T	23063
SAMPLE_11	MN908947.3	23271	C	A	PASS	6968	1.0	S	missense_variant	S:C23271A	23271
SAMPLE_11	MN908947.3	23403	A	G	PASS	7431	1.0	S	missense_variant	S:A23403G	23403
SAMPLE_11	MN908947.3	23604	C	A	PASS	4263	1.0	S	missense_variant	S:C23604A	23604
SAMPLE_11	MN908947.3	23709	C	T	PASS	4018	1.0	S	missense_variant	S:C23709T	23709
SAMPLE_11	MN908947.3	24506	T	G	PASS	3574	1.0	S	missense_variant	S:T24506G	24506
SAMPLE_11	MN908947.3	24914	G	C	PASS	7554	1.0	S	missense_variant	S:G24914C	24914
SAMPLE_11	MN908947.3	27972	C	T	PASS	4175	1.0	ORF8	stop_gained	ORF8:C27972T	27972
SAMPLE_11	MN908947.3	28048	G	T	PASS	4491	1.0	ORF8	missense_variant	ORF8:G28048T	28048
SAMPLE_11	MN908947.3	28111	A	G	PASS	6949	1.0	ORF8	missense_variant	ORF8:A28111G	28111
SAMPLE_11	MN908947.3	28270	TA	T	PASS	6522	0.9	ORF8-N	intergenic_region	ORF8-N:TA28270T	28271
SAMPLE_11	MN908947.3	28280	GAT	CTA	PASS	5310	1.0	N	missense_variant	N:GAT28280CTA	28282
SAMPLE_11	MN908947.3	28881	GG	AA	PASS	1965	1.0	N	missense_variant	N:GG28881AA	28882
SAMPLE_11	MN908947.3	28883	G	C	PASS	1968	1.0	N	missense_variant	N:G28883C	28883
SAMPLE_11	MN908947.3	28977	C	T	PASS	3396	1.0	N	missense_variant	N:C28977T	28977
SAMPLE_11	MN908947.3	29770	A	G	PASS	6809	1.0	ORF10-CHR_END	intergenic_region	ORF10-CHR_END:A29770G	29770
SAMPLE_12	MN908947.3	241	C	T	PASS	899	1.0	CHR_START-orf1ab	intergenic_region	CHR_START-orf1ab:C241T	241
SAMPLE_12	MN908947.3	913	C	T	PASS	3667	1.0	orf1ab	synonymous_variant	orf1ab:C913T	913
SAMPLE_12	MN908947.3	3037	C	T	PASS	4367	1.0	orf1ab	synonymous_variant	orf1ab:C3037T	3037
SAMPLE_12	MN908947.3	3267	C	T	PASS	4327	1.0	orf1ab	missense_variant	orf1ab:C3267T	3267
SAMPLE_12	MN908947.3	5388	C	A	PASS	5601	1.0	orf1ab	missense_variant	orf1ab:C5388A	5388
SAMPLE_12	MN908947.3	5986	C	T	PASS	2031	1.0	orf1ab	synonymous_variant	orf1ab:C5986T	5986
SAMPLE_12	MN908947.3	6954	T	C	PASS	988	1.0	orf1ab	missense_variant	orf1ab:T6954C	6954
SAMPLE_12	MN908947.3	8603	T	C	PASS	3170	1.0	orf1ab	missense_variant	orf1ab:T8603C	8603
SAMPLE_12	MN908947.3	11287	GTCTGGTTTT	G	PASS	11064	0.73	orf1ab	conservative_inframe_deletion	orf1ab:GTCTGGTTTT11287G	11296
SAMPLE_12	MN908947.3	11296	T	G	PASS	7844	1.0	orf1ab	missense_variant	orf1ab:T11296G	11296
SAMPLE_12	MN908947.3	14408	C	T	PASS	3040	1.0	orf1ab	synonymous_variant	orf1ab:C14408T	14408
SAMPLE_12	MN908947.3	14676	C	T	PASS	4953	1.0	orf1ab	missense_variant	orf1ab:C14676T	14676
SAMPLE_12	MN908947.3	15279	C	T	PASS	6152	1.0	orf1ab	missense_variant	orf1ab:C15279T	15279
SAMPLE_12	MN908947.3	16176	T	C	PASS	9585	1.0	orf1ab	missense_variant	orf1ab:T16176C	16176
SAMPLE_12	MN908947.3	17615	A	G	PASS	3022	1.0	orf1ab	missense_variant	orf1ab:A17615G	17615
SAMPLE_12	MN908947.3	21764	ATACATG	A	PASS	5082	0.39	S	disruptive_inframe_deletion	S:ATACATG21764A	21770
SAMPLE_12	MN908947.3	21990	TTTA	T	PASS	2102	0.9	S	disruptive_inframe_deletion	S:TTTA21990T	21993
SAMPLE_12	MN908947.3	23063	A	T	PASS	1625	1.0	S	missense_variant	S:A23063T	23063
SAMPLE_12	MN908947.3	23271	C	A	PASS	4872	1.0	S	missense_variant	S:C23271A	23271
SAMPLE_12	MN908947.3	23403	A	G	PASS	4991	1.0	S	missense_variant	S:A23403G	23403
SAMPLE_12	MN908947.3	23604	C	A	PASS	3026	1.0	S	missense_variant	S:C23604A	23604
SAMPLE_12	MN908947.3	23709	C	T	PASS	2990	1.0	S	missense_variant	S:C23709T	23709
SAMPLE_12	MN908947.3	24506	T	G	PASS	2737	1.0	S	missense_variant	S:T24506G	24506
SAMPLE_12	MN908947.3	24914	G	C	PASS	5220	1.0	S	missense_variant	S:G24914C	24914
SAMPLE_12	MN908947.3	25437	G	T	PASS	2622	1.0	ORF3a	missense_variant	ORF3a:G25437T	25437
SAMPLE_12	MN908947.3	27972	C	T	PASS	2661	1.0	ORF8	stop_gained	ORF8:C27972T	27972
SAMPLE_12	MN908947.3	28048	G	T	PASS	2980	1.0	ORF8	missense_variant	ORF8:G28048T	28048
SAMPLE_12	MN908947.3	28111	A	G	PASS	4823	1.0	ORF8	missense_variant	ORF8:A28111G	28111
SAMPLE_12	MN908947.3	28270	TA	T	PASS	4365	0.9	ORF8-N	intergenic_region	ORF8-N:TA28270T	28271
SAMPLE_12	MN908947.3	28280	GAT	CTA	PASS	3483	1.0	N	missense_variant	N:GAT28280CTA	28282
SAMPLE_12	MN908947.3	28881	GG	AA	PASS	1834	1.0	N	missense_variant	N:GG28881AA	28882
SAMPLE_12	MN908947.3	28883	G	C	PASS	1835	1.0	N	missense_variant	N:G28883C	28883
SAMPLE_12	MN908947.3	28977	C	T	PASS	2837	1.0	N	missense_variant	N:C28977T	28977
SAMPLE_13	MN908947.3	3267	C	T	PASS	1064	1.0	orf1ab	missense_variant	orf1ab:C3267T	3267
SAMPLE_13	MN908947.3	17170	G	T	PASS	6612	0.51	orf1ab	missense_variant	orf1ab:G17170T	17170
SAMPLE_14	MN908947.3	241	C	T	PASS	136	1.0	CHR_START-orf1ab	intergenic_region	CHR_START-orf1ab:C241T	241
SAMPLE_14	MN908947.3	913	C	T	PASS	805	1.0	orf1ab	synonymous_variant	orf1ab:C913T	913
SAMPLE_14	MN908947.3	3037	C	T	PASS	805	1.0	orf1ab	synonymous_variant	orf1ab:C3037T	3037
SAMPLE_14	MN908947.3	3267	C	T	PASS	940	1.0	orf1ab	missense_variant	orf1ab:C3267T	3267
SAMPLE_14	MN908947.3	4113	C	T	PASS	3067	1.0	orf1ab	missense_variant	orf1ab:C4113T	4113
SAMPLE_14	MN908947.3	5388	C	A	PASS	1276	1.0	orf1ab	missense_variant	orf1ab:C5388A	5388
SAMPLE_14	MN908947.3	5986	C	T	PASS	608	1.0	orf1ab	synonymous_variant	orf1ab:C5986T	5986
SAMPLE_14	MN908947.3	6954	T	C	PASS	121	1.0	orf1ab	missense_variant	orf1ab:T6954C	6954
SAMPLE_14	MN908947.3	11287	GTCTGGTTTT	G	PASS	1977	0.76	orf1ab	conservative_inframe_deletion	orf1ab:GTCTGGTTTT11287G	11296
SAMPLE_14	MN908947.3	11296	T	G	PASS	2016	1.0	orf1ab	missense_variant	orf1ab:T11296G	11296
SAMPLE_14	MN908947.3	14408	C	T	PASS	709	1.0	orf1ab	synonymous_variant	orf1ab:C14408T	14408
SAMPLE_14	MN908947.3	14676	C	T	PASS	1343	1.0	orf1ab	missense_variant	orf1ab:C14676T	14676
SAMPLE_14	MN908947.3	15279	C	T	PASS	1507	1.0	orf1ab	missense_variant	orf1ab:C15279T	15279
SAMPLE_14	MN908947.3	16176	T	C	PASS	2450	1.0	orf1ab	missense_variant	orf1ab:T16176C	16176
SAMPLE_14	MN908947.3	16468	C	T	PASS	1248	1.0	orf1ab	synonymous_variant	orf1ab:C16468T	16468
SAMPLE_14	MN908947.3	17615	A	G	PASS	754	1.0	orf1ab	missense_variant	orf1ab:A17615G	17615
SAMPLE_14	MN908947.3	21764	ATACATG	A	PASS	1230	0.32	S	disruptive_inframe_deletion	S:ATACATG21764A	21770
SAMPLE_14	MN908947.3	21990	TTTA	T	PASS	740	0.92	S	disruptive_inframe_deletion	S:TTTA21990T	21993
SAMPLE_14	MN908947.3	23063	A	T	PASS	351	1.0	S	missense_variant	S:A23063T	23063
SAMPLE_14	MN908947.3	23271	C	A	PASS	1289	1.0	S	missense_variant	S:C23271A	23271
SAMPLE_14	MN908947.3	23403	A	G	PASS	1069	1.0	S	missense_variant	S:A23403G	23403
SAMPLE_14	MN908947.3	23604	C	A	PASS	551	1.0	S	missense_variant	S:C23604A	23604
SAMPLE_14	MN908947.3	23709	C	T	PASS	739	1.0	S	missense_variant	S:C23709T	23709
SAMPLE_14	MN908947.3	24506	T	G	PASS	772	1.0	S	missense_variant	S:T24506G	24506
SAMPLE_14	MN908947.3	24914	G	C	PASS	1128	1.0	S	missense_variant	S:G24914C	24914
SAMPLE_14	MN908947.3	27972	C	T	PASS	552	1.0	ORF8	stop_gained	ORF8:C27972T	27972
SAMPLE_14	MN908947.3	28048	G	T	PASS	710	1.0	ORF8	missense_variant	ORF8:G28048T	28048
SAMPLE_14	MN908947.3	28111	A	G	PASS	1440	1.0	ORF8	missense_variant	ORF8:A28111G	28111
SAMPLE_14	MN908947.3	28270	TA	T	PASS	636	0.87	ORF8-N	intergenic_region	ORF8-N:TA28270T	28271
SAMPLE_14	MN908947.3	28280	GAT	CTA	PASS	484	1.0	N	missense_variant	N:GAT28280CTA	28282
SAMPLE_14	MN908947.3	28881	GG	AA	PASS	146	0.99	N	missense_variant	N:GG28881AA	28882
SAMPLE_14	MN908947.3	28883	G	C	PASS	147	1.0	N	missense_variant	N:G28883C	28883
SAMPLE_14	MN908947.3	28977	C	T	PASS	400	1.0	N	missense_variant	N:C28977T	28977
SAMPLE_14	MN908947.3	29540	G	T	PASS	903	1.0	N-ORF10	intergenic_region	N-ORF10:G29540T	29540
SAMPLE_15	MN908947.3	241	C	T	PASS	2482	1.0	CHR_START-orf1ab	intergenic_region	CHR_START-orf1ab:C241T	241
SAMPLE_15	MN908947.3	249	T	C	PASS	2404	1.0	CHR_START-orf1ab	intergenic_region	CHR_START-orf1ab:T249C	249
SAMPLE_15	MN908947.3	913	C	T	PASS	4597	1.0	orf1ab	synonymous_variant	orf1ab:C913T	913
SAMPLE_15	MN908947.3	2143	C	T	PASS	516	1.0	orf1ab	synonymous_variant	orf1ab:C2143T	2143
SAMPLE_15	MN908947.3	3037	C	T	PASS	4468	1.0	orf1ab	synonymous_variant	orf1ab:C3037T	3037
SAMPLE_15	MN908947.3	3267	C	T	PASS	5205	1.0	orf1ab	missense_variant	orf1ab:C3267T	3267
SAMPLE_15	MN908947.3	5388	C	A	PASS	6262	1.0	orf1ab	missense_variant	orf1ab:C5388A	5388
SAMPLE_15	MN908947.3	5986	C	T	PASS	2614	1.0	orf1ab	synonymous_variant	orf1ab:C5986T	5986
SAMPLE_15	MN908947.3	6954	T	C	PASS	194	1.0	orf1ab	missense_variant	orf1ab:T6954C	6954
SAMPLE_15	MN908947.3	11287	GTCTGGTTTT	G	PASS	16445	0.64	orf1ab	conservative_inframe_deletion	orf1ab:GTCTGGTTTT11287G	11296
SAMPLE_15	MN908947.3	11296	T	G	PASS	9443	1.0	orf1ab	missense_variant	orf1ab:T11296G	11296
SAMPLE_15	MN908947.3	12718	G	A	PASS	14703	0.99	orf1ab	synonymous_variant	orf1ab:G12718A	12718
SAMPLE_15	MN908947.3	14097	C	T	PASS	4183	1.0	orf1ab	missense_variant	orf1ab:C14097T	14097
SAMPLE_15	MN908947.3	14408	C	T	PASS	4180	1.0	orf1ab	synonymous_variant	orf1ab:C14408T	14408
SAMPLE_15	MN908947.3	14676	C	T	PASS	5971	1.0	orf1ab	missense_variant	orf1ab:C14676T	14676
SAMPLE_15	MN908947.3	15279	C	T	PASS	4351	1.0	orf1ab	missense_variant	orf1ab:C15279T	15279
SAMPLE_15	MN908947.3	16176	T	C	PASS	10063	1.0	orf1ab	missense_variant	orf1ab:T16176C	16176
SAMPLE_15	MN908947.3	17615	A	G	PASS	3821	1.0	orf1ab	missense_variant	orf1ab:A17615G	17615
SAMPLE_15	MN908947.3	19079	A	G	PASS	4049	1.0	orf1ab	missense_variant	orf1ab:A19079G	19079
SAMPLE_15	MN908947.3	19854	C	T	PASS	2877	1.0	orf1ab	missense_variant	orf1ab:C19854T	19854
SAMPLE_15	MN908947.3	21764	ATACATG	A	PASS	5387	0.41	S	disruptive_inframe_deletion	S:ATACATG21764A	21770
SAMPLE_15	MN908947.3	21990	TTTA	T	PASS	2217	0.91	S	disruptive_inframe_deletion	S:TTTA21990T	21993
SAMPLE_15	MN908947.3	23063	A	T	PASS	1401	1.0	S	missense_variant	S:A23063T	23063
SAMPLE_15	MN908947.3	23271	C	A	PASS	6912	1.0	S	missense_variant	S:C23271A	23271
SAMPLE_15	MN908947.3	23323	T	C	PASS	7279	1.0	S	synonymous_variant	S:T23323C	23323
SAMPLE_15	MN908947.3	23403	A	G	PASS	7061	1.0	S	missense_variant	S:A23403G	23403
SAMPLE_15	MN908947.3	23593	G	T	PASS	3190	1.0	S	missense_variant	S:G23593T	23593
SAMPLE_15	MN908947.3	23604	C	A	PASS	3390	1.0	S	missense_variant	S:C23604A	23604
SAMPLE_15	MN908947.3	23709	C	T	PASS	3254	1.0	S	missense_variant	S:C23709T	23709
SAMPLE_15	MN908947.3	24506	T	G	PASS	2650	1.0	S	missense_variant	S:T24506G	24506
SAMPLE_15	MN908947.3	24914	G	C	PASS	7952	1.0	S	missense_variant	S:G24914C	24914
SAMPLE_15	MN908947.3	25660	G	T	PASS	3167	1.0	ORF3a	missense_variant	ORF3a:G25660T	25660
SAMPLE_15	MN908947.3	27972	C	T	PASS	2661	1.0	ORF8	stop_gained	ORF8:C27972T	27972
SAMPLE_15	MN908947.3	28048	G	T	PASS	2982	1.0	ORF8	missense_variant	ORF8:G28048T	28048
SAMPLE_15	MN908947.3	28111	A	G	PASS	6884	1.0	ORF8	missense_variant	ORF8:A28111G	28111
SAMPLE_15	MN908947.3	28270	TA	T	PASS	6061	0.87	ORF8-N	intergenic_region	ORF8-N:TA28270T	28271
SAMPLE_15	MN908947.3	28280	GAT	CTA	PASS	4462	1.0	N	missense_variant	N:GAT28280CTA	28282
SAMPLE_15	MN908947.3	28881	GG	AA	PASS	580	1.0	N	missense_variant	N:GG28881AA	28882
SAMPLE_15	MN908947.3	28883	G	C	PASS	581	1.0	N	missense_variant	N:G28883C	28883
SAMPLE_15	MN908947.3	28977	C	T	PASS	950	1.0	N	missense_variant	N:C28977T	28977
SAMPLE_16	MN908947.3	241	C	T	PASS	1787	1.0	CHR_START-orf1ab	intergenic_region	CHR_START-orf1ab:C241T	241
SAMPLE_16	MN908947.3	913	C	T	PASS	4173	1.0	orf1ab	synonymous_variant	orf1ab:C913T	913
SAMPLE_16	MN908947.3	3037	C	T	PASS	5462	1.0	orf1ab	synonymous_variant	orf1ab:C3037T	3037
SAMPLE_16	MN908947.3	3267	C	T	PASS	4739	1.0	orf1ab	missense_variant	orf1ab:C3267T	3267
SAMPLE_16	MN908947.3	5388	C	A	PASS	6968	1.0	orf1ab	missense_variant	orf1ab:C5388A	5388
SAMPLE_16	MN908947.3	5986	C	T	PASS	2672	1.0	orf1ab	synonymous_variant	orf1ab:C5986T	5986
SAMPLE_16	MN908947.3	6954	T	C	PASS	980	1.0	orf1ab	missense_variant	orf1ab:T6954C	6954
SAMPLE_16	MN908947.3	8603	T	C	PASS	3781	0.99	orf1ab	missense_variant	orf1ab:T8603C	8603
SAMPLE_16	MN908947.3	11287	GTCTGGTTTT	G	PASS	12040	0.76	orf1ab	conservative_inframe_deletion	orf1ab:GTCTGGTTTT11287G	11296
SAMPLE_16	MN908947.3	11296	T	G	PASS	8961	1.0	orf1ab	missense_variant	orf1ab:T11296G	11296
SAMPLE_16	MN908947.3	14408	C	T	PASS	3471	1.0	orf1ab	synonymous_variant	orf1ab:C14408T	14408
SAMPLE_16	MN908947.3	14490	G	A	PASS	4755	1.0	orf1ab	missense_variant	orf1ab:G14490A	14490
SAMPLE_16	MN908947.3	14676	C	T	PASS	5021	1.0	orf1ab	missense_variant	orf1ab:C14676T	14676
SAMPLE_16	MN908947.3	15279	C	T	PASS	7308	1.0	orf1ab	missense_variant	orf1ab:C15279T	15279
SAMPLE_16	MN908947.3	16176	T	C	PASS	11460	1.0	orf1ab	missense_variant	orf1ab:T16176C	16176
SAMPLE_16	MN908947.3	16866	T	G	PASS	9151	1.0	orf1ab	missense_variant	orf1ab:T16866G	16866
SAMPLE_16	MN908947.3	17615	A	G	PASS	3479	1.0	orf1ab	missense_variant	orf1ab:A17615G	17615
SAMPLE_16	MN908947.3	21764	ATACATG	A	PASS	5490	0.4	S	disruptive_inframe_deletion	S:ATACATG21764A	21770
SAMPLE_16	MN908947.3	21990	TTTA	T	PASS	2267	0.9	S	disruptive_inframe_deletion	S:TTTA21990T	21993
SAMPLE_16	MN908947.3	23063	A	T	PASS	2080	1.0	S	missense_variant	S:A23063T	23063
SAMPLE_16	MN908947.3	23271	C	A	PASS	5286	1.0	S	missense_variant	S:C23271A	23271
SAMPLE_16	MN908947.3	23403	A	G	PASS	5322	1.0	S	missense_variant	S:A23403G	23403
SAMPLE_16	MN908947.3	23604	C	A	PASS	3486	1.0	S	missense_variant	S:C23604A	23604
SAMPLE_16	MN908947.3	23709	C	T	PASS	3251	1.0	S	missense_variant	S:C23709T	23709
SAMPLE_16	MN908947.3	24506	T	G	PASS	2829	1.0	S	missense_variant	S:T24506G	24506
SAMPLE_16	MN908947.3	24914	G	C	PASS	5945	1.0	S	missense_variant	S:G24914C	24914
SAMPLE_16	MN908947.3	25437	G	T	PASS	2949	1.0	ORF3a	missense_variant	ORF3a:G25437T	25437
SAMPLE_16	MN908947.3	27972	C	T	PASS	2767	1.0	ORF8	stop_gained	ORF8:C27972T	27972
SAMPLE_16	MN908947.3	28048	G	T	PASS	2811	1.0	ORF8	missense_variant	ORF8:G28048T	28048
SAMPLE_16	MN908947.3	28111	A	G	PASS	5727	1.0	ORF8	missense_variant	ORF8:A28111G	28111
SAMPLE_16	MN908947.3	28270	TA	T	PASS	4224	0.88	ORF8-N	intergenic_region	ORF8-N:TA28270T	28271
SAMPLE_16	MN908947.3	28280	GAT	CTA	PASS	3146	1.0	N	missense_variant	N:GAT28280CTA	28282
SAMPLE_16	MN908947.3	28881	GG	AA	PASS	1298	1.0	N	missense_variant	N:GG28881AA	28882
SAMPLE_16	MN908947.3	28883	G	C	PASS	1304	1.0	N	missense_variant	N:G28883C	28883
SAMPLE_16	MN908947.3	28977	C	T	PASS	2102	1.0	N	missense_variant	N:C28977T	28977
SAMPLE_17	MN908947.3	241	C	T	PASS	1960	0.99	CHR_START-orf1ab	intergenic_region	CHR_START-orf1ab:C241T	241
SAMPLE_17	MN908947.3	913	C	T	PASS	5574	1.0	orf1ab	synonymous_variant	orf1ab:C913T	913
SAMPLE_17	MN908947.3	3037	C	T	PASS	2952	1.0	orf1ab	synonymous_variant	orf1ab:C3037T	3037
SAMPLE_17	MN908947.3	3267	C	T	PASS	4314	1.0	orf1ab	missense_variant	orf1ab:C3267T	3267
SAMPLE_17	MN908947.3	3823	T	C	PASS	620	0.6	orf1ab	synonymous_variant	orf1ab:T3823C	3823
SAMPLE_17	MN908947.3	5388	C	A	PASS	398	1.0	orf1ab	missense_variant	orf1ab:C5388A	5388
SAMPLE_17	MN908947.3	5986	C	T	PASS	1946	1.0	orf1ab	synonymous_variant	orf1ab:C5986T	5986
SAMPLE_17	MN908947.3	6418	A	G	PASS	10266	0.27	orf1ab	synonymous_variant	orf1ab:A6418G	6418
SAMPLE_17	MN908947.3	6730	C	A	PASS	6692	0.34	orf1ab	missense_variant	orf1ab:C6730A	6730
SAMPLE_17	MN908947.3	7938	C	T	PASS	7582	0.35	orf1ab	missense_variant	orf1ab:C7938T	7938
SAMPLE_17	MN908947.3	8603	T	C	PASS	731	1.0	orf1ab	missense_variant	orf1ab:T8603C	8603
SAMPLE_17	MN908947.3	11287	GTCTGGTTTT	G	PASS	6554	0.76	orf1ab	conservative_inframe_deletion	orf1ab:GTCTGGTTTT11287G	11296
SAMPLE_17	MN908947.3	11296	T	G	PASS	4665	1.0	orf1ab	missense_variant	orf1ab:T11296G	11296
SAMPLE_17	MN908947.3	14676	C	T	PASS	2628	1.0	orf1ab	missense_variant	orf1ab:C14676T	14676
SAMPLE_17	MN908947.3	15279	C	T	PASS	1014	1.0	orf1ab	missense_variant	orf1ab:C15279T	15279
SAMPLE_17	MN908947.3	16176	T	C	PASS	6161	1.0	orf1ab	missense_variant	orf1ab:T16176C	16176
SAMPLE_17	MN908947.3	17615	A	G	PASS	2275	1.0	orf1ab	missense_variant	orf1ab:A17615G	17615
SAMPLE_17	MN908947.3	20925	G	C	PASS	6419	0.49	orf1ab	missense_variant	orf1ab:G20925C	20925
SAMPLE_17	MN908947.3	20972	CTG	C	PASS	5816	0.43	orf1ab	frameshift_variant	orf1ab:CTG20972C	20974
SAMPLE_17	MN908947.3	21764	ATACATG	A	PASS	10314	0.38	S	disruptive_inframe_deletion	S:ATACATG21764A	21770
SAMPLE_17	MN908947.3	21990	TTTA	T	PASS	4971	0.91	S	disruptive_inframe_deletion	S:TTTA21990T	21993
SAMPLE_17	MN908947.3	23063	A	T	PASS	896	1.0	S	missense_variant	S:A23063T	23063
SAMPLE_17	MN908947.3	23271	C	A	PASS	21485	1.0	S	missense_variant	S:C23271A	23271
SAMPLE_17	MN908947.3	23403	A	G	PASS	22376	1.0	S	missense_variant	S:A23403G	23403
SAMPLE_17	MN908947.3	23604	C	A	PASS	4352	1.0	S	missense_variant	S:C23604A	23604
SAMPLE_17	MN908947.3	23709	C	T	PASS	4802	1.0	S	missense_variant	S:C23709T	23709
SAMPLE_17	MN908947.3	24506	T	G	PASS	4669	1.0	S	missense_variant	S:T24506G	24506
SAMPLE_17	MN908947.3	24914	G	C	PASS	7749	1.0	S	missense_variant	S:G24914C	24914
SAMPLE_17	MN908947.3	25437	G	T	PASS	5183	1.0	ORF3a	missense_variant	ORF3a:G25437T	25437
SAMPLE_17	MN908947.3	27591	T	G	PASS	48	0.25	ORF7a	synonymous_variant	ORF7a:T27591G	27591
SAMPLE_17	MN908947.3	27972	C	T	PASS	7202	1.0	ORF8	stop_gained	ORF8:C27972T	27972
SAMPLE_17	MN908947.3	28048	G	T	PASS	8040	1.0	ORF8	missense_variant	ORF8:G28048T	28048
SAMPLE_17	MN908947.3	28111	A	G	PASS	18710	1.0	ORF8	missense_variant	ORF8:A28111G	28111
SAMPLE_17	MN908947.3	28270	TA	T	PASS	23981	0.9	ORF8-N	intergenic_region	ORF8-N:TA28270T	28271
SAMPLE_17	MN908947.3	28280	GAT	CTA	PASS	19445	1.0	N	missense_variant	N:GAT28280CTA	28282
SAMPLE_17	MN908947.3	28881	GG	AA	PASS	414	1.0	N	missense_variant	N:GG28881AA	28882
SAMPLE_17	MN908947.3	28883	G	C	PASS	416	1.0	N	missense_variant	N:G28883C	28883
SAMPLE_17	MN908947.3	28977	C	T	PASS	789	1.0	N	missense_variant	N:C28977T	28977
SAMPLE_18	MN908947.3	241	C	T	PASS	1306	1.0	CHR_START-orf1ab	intergenic_region	CHR_START-orf1ab:C241T	241
SAMPLE_18	MN908947.3	913	C	T	PASS	3707	1.0	orf1ab	synonymous_variant	orf1ab:C913T	913
SAMPLE_18	MN908947.3	3037	C	T	PASS	4815	1.0	orf1ab	synonymous_variant	orf1ab:C3037T	3037
SAMPLE_18	MN908947.3	3267	C	T	PASS	3930	1.0	orf1ab	missense_variant	orf1ab:C3267T	3267
SAMPLE_18	MN908947.3	5388	C	A	PASS	6157	1.0	orf1ab	missense_variant	orf1ab:C5388A	5388
SAMPLE_18	MN908947.3	5986	C	T	PASS	2210	1.0	orf1ab	synonymous_variant	orf1ab:C5986T	5986
SAMPLE_18	MN908947.3	6677	A	G	PASS	3857	1.0	orf1ab	missense_variant	orf1ab:A6677G	6677
SAMPLE_18	MN908947.3	6954	T	C	PASS	1344	1.0	orf1ab	missense_variant	orf1ab:T6954C	6954
SAMPLE_18	MN908947.3	11287	GTCTGGTTTT	G	PASS	10339	0.78	orf1ab	conservative_inframe_deletion	orf1ab:GTCTGGTTTT11287G	11296
SAMPLE_18	MN908947.3	11296	T	G	PASS	7809	1.0	orf1ab	missense_variant	orf1ab:T11296G	11296
SAMPLE_18	MN908947.3	14408	C	T	PASS	3082	1.0	orf1ab	synonymous_variant	orf1ab:C14408T	14408
SAMPLE_18	MN908947.3	14676	C	T	PASS	4328	1.0	orf1ab	missense_variant	orf1ab:C14676T	14676
SAMPLE_18	MN908947.3	15279	C	T	PASS	7043	1.0	orf1ab	missense_variant	orf1ab:C15279T	15279
SAMPLE_18	MN908947.3	16176	T	C	PASS	10189	1.0	orf1ab	missense_variant	orf1ab:T16176C	16176
SAMPLE_18	MN908947.3	17615	A	G	PASS	3127	1.0	orf1ab	missense_variant	orf1ab:A17615G	17615
SAMPLE_18	MN908947.3	18877	C	T	PASS	10064	1.0	orf1ab	synonymous_variant	orf1ab:C18877T	18877
SAMPLE_18	MN908947.3	21764	ATACATG	A	PASS	4904	0.39	S	disruptive_inframe_deletion	S:ATACATG21764A	21770
SAMPLE_18	MN908947.3	21990	TTTA	T	PASS	1899	0.9	S	disruptive_inframe_deletion	S:TTTA21990T	21993
SAMPLE_18	MN908947.3	22458	C	T	PASS	239	1.0	S	missense_variant	S:C22458T	22458
SAMPLE_18	MN908947.3	23063	A	T	PASS	2082	1.0	S	missense_variant	S:A23063T	23063
SAMPLE_18	MN908947.3	23271	C	A	PASS	4607	1.0	S	missense_variant	S:C23271A	23271
SAMPLE_18	MN908947.3	23403	A	G	PASS	4785	1.0	S	missense_variant	S:A23403G	23403
SAMPLE_18	MN908947.3	23604	C	A	PASS	2904	1.0	S	missense_variant	S:C23604A	23604
SAMPLE_18	MN908947.3	23709	C	T	PASS	2937	1.0	S	missense_variant	S:C23709T	23709
SAMPLE_18	MN908947.3	23758	C	T	PASS	2921	1.0	S	synonymous_variant	S:C23758T	23758
SAMPLE_18	MN908947.3	24506	T	G	PASS	2600	1.0	S	missense_variant	S:T24506G	24506
SAMPLE_18	MN908947.3	24914	G	C	PASS	5431	1.0	S	missense_variant	S:G24914C	24914
SAMPLE_18	MN908947.3	26730	G	C	PASS	3984	1.0	M	missense_variant	M:G26730C	26730
SAMPLE_18	MN908947.3	27972	C	T	PASS	2358	1.0	ORF8	stop_gained	ORF8:C27972T	27972
SAMPLE_18	MN908947.3	28048	G	T	PASS	2413	1.0	ORF8	missense_variant	ORF8:G28048T	28048
SAMPLE_18	MN908947.3	28111	A	G	PASS	4422	1.0	ORF8	missense_variant	ORF8:A28111G	28111
SAMPLE_18	MN908947.3	28270	TA	T	PASS	4172	0.89	ORF8-N	intergenic_region	ORF8-N:TA28270T	28271
SAMPLE_18	MN908947.3	28280	GAT	CTA	PASS	3234	1.0	N	missense_variant	N:GAT28280CTA	28282
SAMPLE_18	MN908947.3	28881	GG	AA	PASS	1984	1.0	N	missense_variant	N:GG28881AA	28882
SAMPLE_18	MN908947.3	28883	G	C	PASS	1990	1.0	N	missense_variant	N:G28883C	28883
SAMPLE_18	MN908947.3	28977	C	T	PASS	3011	1.0	N	missense_variant	N:C28977T	28977
SAMPLE_19	MN908947.3	913	C	T	PASS	2253	1.0	orf1ab	synonymous_variant	orf1ab:C913T	913
SAMPLE_19	MN908947.3	5986	C	T	PASS	2363	1.0	orf1ab	synonymous_variant	orf1ab:C5986T	5986
SAMPLE_19	MN908947.3	14676	C	T	PASS	4087	1.0	orf1ab	missense_variant	orf1ab:C14676T	14676
SAMPLE_19	MN908947.3	19079	A	G	PASS	2945	1.0	orf1ab	missense_variant	orf1ab:A19079G	19079
SAMPLE_19	MN908947.3	27972	C	T	PASS	952	1.0	ORF8	stop_gained	ORF8:C27972T	27972
SAMPLE_19	MN908947.3	28048	G	T	PASS	1124	1.0	ORF8	missense_variant	ORF8:G28048T	28048
SAMPLE_19	MN908947.3	28111	A	G	PASS	935	1.0	ORF8	missense_variant	ORF8:A28111G	28111
SAMPLE_19	MN908947.3	28881	GG	AA	PASS	74	1.0	N	missense_variant	N:GG28881AA	28882
SAMPLE_19	MN908947.3	28883	G	C	PASS	73	1.0	N	missense_variant	N:G28883C	28883
SAMPLE_19	MN908947.3	28977	C	T	PASS	172	1.0	N	missense_variant	N:C28977T	28977
SAMPLE_20	MN908947.3	11764	T	A	PASS	1944	0.5	orf1ab	missense_variant	orf1ab:T11764A	11764
SAMPLE_20	MN908947.3	15880	TC	T	PASS	11	1.0	orf1ab	frameshift_variant	orf1ab:TC15880T	15881
SAMPLE_20	MN908947.3	15884	A	AG	PASS	11	1.0	orf1ab	frameshift_variant	orf1ab:A15884AG	15884
SAMPLE_20	MN908947.3	19854	C	T	PASS	3326	1.0	orf1ab	missense_variant	orf1ab:C19854T	19854
SAMPLE_20	MN908947.3	23271	C	A	PASS	24590	1.0	S	missense_variant	S:C23271A	23271
SAMPLE_20	MN908947.3	23403	A	G	PASS	25371	1.0	S	missense_variant	S:A23403G	23403
SAMPLE_20	MN908947.3	24506	T	G	PASS	2168	1.0	S	missense_variant	S:T24506G	24506
SAMPLE_20	MN908947.3	28111	A	G	PASS	6107	1.0	ORF8	missense_variant	ORF8:A28111G	28111
SAMPLE_20	MN908947.3	28270	TA	T	PASS	8611	0.92	ORF8-N	intergenic_region	ORF8-N:TA28270T	28271
SAMPLE_20	MN908947.3	28280	GAT	CTA	PASS	6968	1.0	N	missense_variant	N:GAT28280CTA	28282
SAMPLE_20	MN908947.3	28881	GG	AA	PASS	68	1.0	N	missense_variant	N:GG28881AA	28882
SAMPLE_20	MN908947.3	28883	G	C	PASS	68	1.0	N	missense_variant	N:G28883C	28883
SAMPLE_20	MN908947.3	28977	C	T	PASS	169	1.0	N	missense_variant	N:C28977T	28977
SAMPLE_21	MN908947.3	3267	C	T	PASS	2568	0.96	orf1ab	missense_variant	orf1ab:C3267T	3267
SAMPLE_21	MN908947.3	14548	G	T	PASS	11	1.0	orf1ab	missense_variant	orf1ab:G14548T	14548
SAMPLE_21	MN908947.3	14553	A	C	PASS	11	1.0	orf1ab	missense_variant	orf1ab:A14553C	14553
SAMPLE_21	MN908947.3	14676	C	T	PASS	6053	1.0	orf1ab	missense_variant	orf1ab:C14676T	14676
SAMPLE_21	MN908947.3	28881	GG	AA	PASS	33	1.0	N	missense_variant	N:GG28881AA	28882
SAMPLE_21	MN908947.3	28883	G	C	PASS	33	1.0	N	missense_variant	N:G28883C	28883
SAMPLE_21	MN908947.3	28977	C	T	PASS	57	1.0	N	missense_variant	N:C28977T	28977
SAMPLE_24	MN908947.3	241	C	T	PASS	728	1.0	CHR_START-orf1ab	intergenic_region	CHR_START-orf1ab:C241T	241
SAMPLE_24	MN908947.3	913	C	T	PASS	1894	1.0	orf1ab	synonymous_variant	orf1ab:C913T	913
SAMPLE_24	MN908947.3	2338	C	A	PASS	1725	1.0	orf1ab	missense_variant	orf1ab:C2338A	2338
SAMPLE_24	MN908947.3	3037	C	T	PASS	3021	1.0	orf1ab	synonymous_variant	orf1ab:C3037T	3037
SAMPLE_24	MN908947.3	3267	C	T	PASS	2139	1.0	orf1ab	missense_variant	orf1ab:C3267T	3267
SAMPLE_24	MN908947.3	5388	C	A	PASS	3562	1.0	orf1ab	missense_variant	orf1ab:C5388A	5388
SAMPLE_24	MN908947.3	5986	C	T	PASS	1470	1.0	orf1ab	synonymous_variant	orf1ab:C5986T	5986
SAMPLE_24	MN908947.3	6954	T	C	PASS	1123	1.0	orf1ab	missense_variant	orf1ab:T6954C	6954
SAMPLE_24	MN908947.3	8603	T	C	PASS	1969	0.99	orf1ab	missense_variant	orf1ab:T8603C	8603
SAMPLE_24	MN908947.3	11287	GTCTGGTTTT	G	PASS	6073	0.79	orf1ab	conservative_inframe_deletion	orf1ab:GTCTGGTTTT11287G	11296
SAMPLE_24	MN908947.3	11296	T	G	PASS	4137	1.0	orf1ab	missense_variant	orf1ab:T11296G	11296
SAMPLE_24	MN908947.3	11941	C	T	PASS	2737	0.99	orf1ab	synonymous_variant	orf1ab:C11941T	11941
SAMPLE_24	MN908947.3	14408	C	T	PASS	1948	1.0	orf1ab	synonymous_variant	orf1ab:C14408T	14408
SAMPLE_24	MN908947.3	14676	C	T	PASS	2485	1.0	orf1ab	missense_variant	orf1ab:C14676T	14676
SAMPLE_24	MN908947.3	15279	C	T	PASS	3040	1.0	orf1ab	missense_variant	orf1ab:C15279T	15279
SAMPLE_24	MN908947.3	16176	T	C	PASS	4500	1.0	orf1ab	missense_variant	orf1ab:T16176C	16176
SAMPLE_24	MN908947.3	16887	C	T	PASS	4017	1.0	orf1ab	missense_variant	orf1ab:C16887T	16887
SAMPLE_24	MN908947.3	17615	A	G	PASS	1847	1.0	orf1ab	missense_variant	orf1ab:A17615G	17615
SAMPLE_24	MN908947.3	21764	ATACATG	A	PASS	3036	0.47	S	disruptive_inframe_deletion	S:ATACATG21764A	21770
SAMPLE_24	MN908947.3	21990	TTTA	T	PASS	1149	0.9	S	disruptive_inframe_deletion	S:TTTA21990T	21993
SAMPLE_24	MN908947.3	23063	A	T	PASS	1659	1.0	S	missense_variant	S:A23063T	23063
SAMPLE_24	MN908947.3	23271	C	A	PASS	2287	1.0	S	missense_variant	S:C23271A	23271
SAMPLE_24	MN908947.3	23403	A	G	PASS	2823	1.0	S	missense_variant	S:A23403G	23403
SAMPLE_24	MN908947.3	23604	C	A	PASS	1986	1.0	S	missense_variant	S:C23604A	23604
SAMPLE_24	MN908947.3	23709	C	T	PASS	1780	1.0	S	missense_variant	S:C23709T	23709
SAMPLE_24	MN908947.3	24506	T	G	PASS	1394	1.0	S	missense_variant	S:T24506G	24506
SAMPLE_24	MN908947.3	24914	G	C	PASS	3032	1.0	S	missense_variant	S:G24914C	24914
SAMPLE_24	MN908947.3	25437	G	T	PASS	1466	1.0	ORF3a	missense_variant	ORF3a:G25437T	25437
SAMPLE_24	MN908947.3	27972	C	T	PASS	1754	1.0	ORF8	stop_gained	ORF8:C27972T	27972
SAMPLE_24	MN908947.3	28048	G	T	PASS	1330	1.0	ORF8	missense_variant	ORF8:G28048T	28048
SAMPLE_24	MN908947.3	28111	A	G	PASS	2158	1.0	ORF8	missense_variant	ORF8:A28111G	28111
SAMPLE_24	MN908947.3	28270	TA	T	PASS	2338	0.92	ORF8-N	intergenic_region	ORF8-N:TA28270T	28271
SAMPLE_24	MN908947.3	28280	GAT	CTA	PASS	1882	1.0	N	missense_variant	N:GAT28280CTA	28282
SAMPLE_24	MN908947.3	28881	GG	AA	PASS	1921	1.0	N	missense_variant	N:GG28881AA	28882
SAMPLE_24	MN908947.3	28883	G	C	PASS	1927	1.0	N	missense_variant	N:G28883C	28883
SAMPLE_24	MN908947.3	28977	C	T	PASS	2141	1.0	N	missense_variant	N:C28977T	28977
SAMPLE_25	MN908947.3	241	C	T	PASS	4679	1.0	CHR_START-orf1ab	intergenic_region	CHR_START-orf1ab:C241T	241
SAMPLE_25	MN908947.3	913	C	T	PASS	5241	1.0	orf1ab	synonymous_variant	orf1ab:C913T	913
SAMPLE_25	MN908947.3	3037	C	T	PASS	2962	1.0	orf1ab	synonymous_variant	orf1ab:C3037T	3037
SAMPLE_25	MN908947.3	3267	C	T	PASS	5490	1.0	orf1ab	missense_variant	orf1ab:C3267T	3267
SAMPLE_25	MN908947.3	4300	G	T	PASS	3343	1.0	orf1ab	synonymous_variant	orf1ab:G4300T	4300
SAMPLE_25	MN908947.3	5388	C	A	PASS	4153	1.0	orf1ab	missense_variant	orf1ab:C5388A	5388
SAMPLE_25	MN908947.3	5986	C	T	PASS	1850	1.0	orf1ab	synonymous_variant	orf1ab:C5986T	5986
SAMPLE_25	MN908947.3	6954	T	C	PASS	59	1.0	orf1ab	missense_variant	orf1ab:T6954C	6954
SAMPLE_25	MN908947.3	8092	C	T	PASS	4471	1.0	orf1ab	synonymous_variant	orf1ab:C8092T	8092
SAMPLE_25	MN908947.3	8208	C	T	PASS	5619	1.0	orf1ab	missense_variant	orf1ab:C8208T	8208
SAMPLE_25	MN908947.3	8269	T	C	PASS	6755	1.0	orf1ab	synonymous_variant	orf1ab:T8269C	8269
SAMPLE_25	MN908947.3	11287	GTCTGGTTTT	G	PASS	7192	0.7	orf1ab	conservative_inframe_deletion	orf1ab:GTCTGGTTTT11287G	11296
SAMPLE_25	MN908947.3	11296	T	G	PASS	4884	1.0	orf1ab	missense_variant	orf1ab:T11296G	11296
SAMPLE_25	MN908947.3	14408	C	T	PASS	4491	1.0	orf1ab	synonymous_variant	orf1ab:C14408T	14408
SAMPLE_25	MN908947.3	14676	C	T	PASS	3191	1.0	orf1ab	missense_variant	orf1ab:C14676T	14676
SAMPLE_25	MN908947.3	15279	C	T	PASS	1959	1.0	orf1ab	missense_variant	orf1ab:C15279T	15279
SAMPLE_25	MN908947.3	16176	T	C	PASS	7592	1.0	orf1ab	missense_variant	orf1ab:T16176C	16176
SAMPLE_25	MN908947.3	21764	ATACATG	A	PASS	3609	0.42	S	disruptive_inframe_deletion	S:ATACATG21764A	21770
SAMPLE_25	MN908947.3	21990	TTTA	T	PASS	1521	0.92	S	disruptive_inframe_deletion	S:TTTA21990T	21993
SAMPLE_25	MN908947.3	23063	A	T	PASS	547	1.0	S	missense_variant	S:A23063T	23063
SAMPLE_25	MN908947.3	23271	C	A	PASS	9408	1.0	S	missense_variant	S:C23271A	23271
SAMPLE_25	MN908947.3	23403	A	G	PASS	9897	1.0	S	missense_variant	S:A23403G	23403
SAMPLE_25	MN908947.3	23604	C	A	PASS	2360	1.0	S	missense_variant	S:C23604A	23604
SAMPLE_25	MN908947.3	23709	C	T	PASS	2456	1.0	S	missense_variant	S:C23709T	23709
SAMPLE_25	MN908947.3	24506	T	G	PASS	2382	1.0	S	missense_variant	S:T24506G	24506
SAMPLE_25	MN908947.3	24914	G	C	PASS	11163	1.0	S	missense_variant	S:G24914C	24914
SAMPLE_25	MN908947.3	27972	C	T	PASS	1681	1.0	ORF8	stop_gained	ORF8:C27972T	27972
SAMPLE_25	MN908947.3	28048	G	T	PASS	1914	1.0	ORF8	missense_variant	ORF8:G28048T	28048
SAMPLE_25	MN908947.3	28111	A	G	PASS	12584	1.0	ORF8	missense_variant	ORF8:A28111G	28111
SAMPLE_25	MN908947.3	28270	TA	T	PASS	10446	0.86	ORF8-N	intergenic_region	ORF8-N:TA28270T	28271
SAMPLE_25	MN908947.3	28280	GAT	CTA	PASS	7333	1.0	N	missense_variant	N:GAT28280CTA	28282
SAMPLE_25	MN908947.3	28881	GG	AA	PASS	284	1.0	N	missense_variant	N:GG28881AA	28882
SAMPLE_25	MN908947.3	28883	G	C	PASS	284	1.0	N	missense_variant	N:G28883C	28883
SAMPLE_25	MN908947.3	28977	C	T	PASS	607	1.0	N	missense_variant	N:C28977T	28977
SAMPLE_25	MN908947.3	29642	C	T	PASS	3981	1.0	ORF10	stop_gained	ORF10:C29642T	29642
SAMPLE_27	MN908947.3	14408	C	T	PASS	4133	1.0	orf1ab	synonymous_variant	orf1ab:C14408T	14408
SAMPLE_27	MN908947.3	24506	T	G	PASS	1396	1.0	S	missense_variant	S:T24506G	24506
SAMPLE_27	MN908947.3	28881	GG	AA	PASS	63	1.0	N	missense_variant	N:GG28881AA	28882
SAMPLE_27	MN908947.3	28883	G	C	PASS	63	1.0	N	missense_variant	N:G28883C	28883
SAMPLE_27	MN908947.3	28977	C	T	PASS	111	1.0	N	missense_variant	N:C28977T	28977
SAMPLE_28	MN908947.3	241	C	T	PASS	1017	1.0	CHR_START-orf1ab	intergenic_region	CHR_START-orf1ab:C241T	241
SAMPLE_28	MN908947.3	913	C	T	PASS	3581	1.0	orf1ab	synonymous_variant	orf1ab:C913T	913
SAMPLE_28	MN908947.3	2453	C	T	PASS	3080	1.0	orf1ab	missense_variant	orf1ab:C2453T	2453
SAMPLE_28	MN908947.3	3037	C	T	PASS	4338	1.0	orf1ab	synonymous_variant	orf1ab:C3037T	3037
SAMPLE_28	MN908947.3	3133	A	G	PASS	6773	1.0	orf1ab	synonymous_variant	orf1ab:A3133G	3133
SAMPLE_28	MN908947.3	3267	C	T	PASS	4157	1.0	orf1ab	missense_variant	orf1ab:C3267T	3267
SAMPLE_28	MN908947.3	5388	C	A	PASS	6033	1.0	orf1ab	missense_variant	orf1ab:C5388A	5388
SAMPLE_28	MN908947.3	5986	C	T	PASS	2055	1.0	orf1ab	synonymous_variant	orf1ab:C5986T	5986
SAMPLE_28	MN908947.3	6954	T	C	PASS	630	1.0	orf1ab	missense_variant	orf1ab:T6954C	6954
SAMPLE_28	MN908947.3	11287	GTCTGGTTTT	G	PASS	11098	0.75	orf1ab	conservative_inframe_deletion	orf1ab:GTCTGGTTTT11287G	11296
SAMPLE_28	MN908947.3	11296	T	G	PASS	7834	1.0	orf1ab	missense_variant	orf1ab:T11296G	11296
SAMPLE_28	MN908947.3	14183	C	T	PASS	4983	1.0	orf1ab	missense_variant	orf1ab:C14183T	14183
SAMPLE_28	MN908947.3	14408	C	T	PASS	3387	1.0	orf1ab	synonymous_variant	orf1ab:C14408T	14408
SAMPLE_28	MN908947.3	14676	C	T	PASS	4551	1.0	orf1ab	missense_variant	orf1ab:C14676T	14676
SAMPLE_28	MN908947.3	15279	C	T	PASS	6133	1.0	orf1ab	missense_variant	orf1ab:C15279T	15279
SAMPLE_28	MN908947.3	16176	T	C	PASS	9157	1.0	orf1ab	missense_variant	orf1ab:T16176C	16176
SAMPLE_28	MN908947.3	21764	ATACATG	A	PASS	5035	0.42	S	disruptive_inframe_deletion	S:ATACATG21764A	21770
SAMPLE_28	MN908947.3	21974	G	C	PASS	2403	0.98	S	missense_variant	S:G21974C	21974
SAMPLE_28	MN908947.3	21990	TTTA	T	PASS	2013	0.91	S	disruptive_inframe_deletion	S:TTTA21990T	21993
SAMPLE_28	MN908947.3	23063	A	T	PASS	1929	1.0	S	missense_variant	S:A23063T	23063
SAMPLE_28	MN908947.3	23271	C	A	PASS	4837	1.0	S	missense_variant	S:C23271A	23271
SAMPLE_28	MN908947.3	23403	A	G	PASS	5063	1.0	S	missense_variant	S:A23403G	23403
SAMPLE_28	MN908947.3	23604	C	A	PASS	3067	1.0	S	missense_variant	S:C23604A	23604
SAMPLE_28	MN908947.3	23709	C	T	PASS	2944	1.0	S	missense_variant	S:C23709T	23709
SAMPLE_28	MN908947.3	24506	T	G	PASS	2487	1.0	S	missense_variant	S:T24506G	24506
SAMPLE_28	MN908947.3	24914	G	C	PASS	5751	1.0	S	missense_variant	S:G24914C	24914
SAMPLE_28	MN908947.3	27972	C	T	PASS	2501	1.0	ORF8	stop_gained	ORF8:C27972T	27972
SAMPLE_28	MN908947.3	28048	G	T	PASS	2729	1.0	ORF8	missense_variant	ORF8:G28048T	28048
SAMPLE_28	MN908947.3	28111	A	G	PASS	4726	1.0	ORF8	missense_variant	ORF8:A28111G	28111
SAMPLE_28	MN908947.3	28270	TA	T	PASS	4621	0.88	ORF8-N	intergenic_region	ORF8-N:TA28270T	28271
SAMPLE_28	MN908947.3	28280	GAT	CTA	PASS	3594	1.0	N	missense_variant	N:GAT28280CTA	28282
SAMPLE_28	MN908947.3	28881	GG	AA	PASS	1474	1.0	N	missense_variant	N:GG28881AA	28882
SAMPLE_28	MN908947.3	28883	G	C	PASS	1477	1.0	N	missense_variant	N:G28883C	28883
SAMPLE_28	MN908947.3	28977	C	T	PASS	2386	1.0	N	missense_variant	N:C28977T	28977
SAMPLE_29	MN908947.3	177	T	A	PASS	2390	1.0	CHR_START-orf1ab	intergenic_region	CHR_START-orf1ab:T177A	177
SAMPLE_29	MN908947.3	241	C	T	PASS	1711	1.0	CHR_START-orf1ab	intergenic_region	CHR_START-orf1ab:C241T	241
SAMPLE_29	MN908947.3	913	C	T	PASS	3686	1.0	orf1ab	synonymous_variant	orf1ab:C913T	913
SAMPLE_29	MN908947.3	1063	C	T	PASS	3123	1.0	orf1ab	synonymous_variant	orf1ab:C1063T	1063
SAMPLE_29	MN908947.3	3037	C	T	PASS	4261	1.0	orf1ab	synonymous_variant	orf1ab:C3037T	3037
SAMPLE_29	MN908947.3	3267	C	T	PASS	4686	1.0	orf1ab	missense_variant	orf1ab:C3267T	3267
SAMPLE_29	MN908947.3	5388	C	A	PASS	5605	1.0	orf1ab	missense_variant	orf1ab:C5388A	5388
SAMPLE_29	MN908947.3	5986	C	T	PASS	2178	1.0	orf1ab	synonymous_variant	orf1ab:C5986T	5986
SAMPLE_29	MN908947.3	6954	T	C	PASS	601	1.0	orf1ab	missense_variant	orf1ab:T6954C	6954
SAMPLE_29	MN908947.3	11287	GTCTGGTTTT	G	PASS	12471	0.7	orf1ab	conservative_inframe_deletion	orf1ab:GTCTGGTTTT11287G	11296
SAMPLE_29	MN908947.3	11296	T	G	PASS	8307	1.0	orf1ab	missense_variant	orf1ab:T11296G	11296
SAMPLE_29	MN908947.3	14408	C	T	PASS	3454	1.0	orf1ab	synonymous_variant	orf1ab:C14408T	14408
SAMPLE_29	MN908947.3	14676	C	T	PASS	5361	1.0	orf1ab	missense_variant	orf1ab:C14676T	14676
SAMPLE_29	MN908947.3	15279	C	T	PASS	5308	1.0	orf1ab	missense_variant	orf1ab:C15279T	15279
SAMPLE_29	MN908947.3	16176	T	C	PASS	8903	1.0	orf1ab	missense_variant	orf1ab:T16176C	16176
SAMPLE_29	MN908947.3	17615	A	G	PASS	2957	1.0	orf1ab	missense_variant	orf1ab:A17615G	17615
SAMPLE_29	MN908947.3	21764	ATACATG	A	PASS	4802	0.4	S	disruptive_inframe_deletion	S:ATACATG21764A	21770
SAMPLE_29	MN908947.3	21990	TTTA	T	PASS	1985	0.9	S	disruptive_inframe_deletion	S:TTTA21990T	21993
SAMPLE_29	MN908947.3	23063	A	T	PASS	1505	1.0	S	missense_variant	S:A23063T	23063
SAMPLE_29	MN908947.3	23271	C	A	PASS	5216	1.0	S	missense_variant	S:C23271A	23271
SAMPLE_29	MN908947.3	23403	A	G	PASS	5501	1.0	S	missense_variant	S:A23403G	23403
SAMPLE_29	MN908947.3	23604	C	A	PASS	2744	1.0	S	missense_variant	S:C23604A	23604
SAMPLE_29	MN908947.3	23709	C	T	PASS	2722	1.0	S	missense_variant	S:C23709T	23709
SAMPLE_29	MN908947.3	24506	T	G	PASS	2539	1.0	S	missense_variant	S:T24506G	24506
SAMPLE_29	MN908947.3	24914	G	C	PASS	5778	1.0	S	missense_variant	S:G24914C	24914
SAMPLE_29	MN908947.3	27641	C	T	PASS	257	1.0	ORF7a	missense_variant	ORF7a:C27641T	27641
SAMPLE_29	MN908947.3	28270	TA	T	PASS	2152	0.99	ORF8-N	intergenic_region	ORF8-N:TA28270T	28271
SAMPLE_29	MN908947.3	28280	GAT	CTA	PASS	2120	1.0	N	missense_variant	N:GAT28280CTA	28282
SAMPLE_29	MN908947.3	28881	GG	AA	PASS	775	1.0	N	missense_variant	N:GG28881AA	28882
SAMPLE_29	MN908947.3	28883	G	C	PASS	781	1.0	N	missense_variant	N:G28883C	28883
SAMPLE_29	MN908947.3	28977	C	T	PASS	1278	1.0	N	missense_variant	N:C28977T	28977
SAMPLE_30	MN908947.3	241	C	T	PASS	1942	1.0	CHR_START-orf1ab	intergenic_region	CHR_START-orf1ab:C241T	241
SAMPLE_30	MN908947.3	913	C	T	PASS	3771	1.0	orf1ab	synonymous_variant	orf1ab:C913T	913
SAMPLE_30	MN908947.3	3037	C	T	PASS	5227	1.0	orf1ab	synonymous_variant	orf1ab:C3037T	3037
SAMPLE_30	MN908947.3	3267	C	T	PASS	4623	1.0	orf1ab	missense_variant	orf1ab:C3267T	3267
SAMPLE_30	MN908947.3	5388	C	A	PASS	6244	1.0	orf1ab	missense_variant	orf1ab:C5388A	5388
SAMPLE_30	MN908947.3	5986	C	T	PASS	2380	1.0	orf1ab	synonymous_variant	orf1ab:C5986T	5986
SAMPLE_30	MN908947.3	6595	T	C	PASS	4119	1.0	orf1ab	synonymous_variant	orf1ab:T6595C	6595
SAMPLE_30	MN908947.3	6954	T	C	PASS	1184	1.0	orf1ab	missense_variant	orf1ab:T6954C	6954
SAMPLE_30	MN908947.3	8327	C	T	PASS	4148	0.98	orf1ab	missense_variant	orf1ab:C8327T	8327
SAMPLE_30	MN908947.3	11287	GTCTGGTTTT	G	PASS	11513	0.75	orf1ab	conservative_inframe_deletion	orf1ab:GTCTGGTTTT11287G	11296
SAMPLE_30	MN908947.3	11296	T	G	PASS	8403	1.0	orf1ab	missense_variant	orf1ab:T11296G	11296
SAMPLE_30	MN908947.3	12162	A	G	PASS	11869	1.0	orf1ab	missense_variant	orf1ab:A12162G	12162
SAMPLE_30	MN908947.3	14408	C	T	PASS	3455	1.0	orf1ab	synonymous_variant	orf1ab:C14408T	14408
SAMPLE_30	MN908947.3	14676	C	T	PASS	5192	1.0	orf1ab	missense_variant	orf1ab:C14676T	14676
SAMPLE_30	MN908947.3	15279	C	T	PASS	6781	1.0	orf1ab	missense_variant	orf1ab:C15279T	15279
SAMPLE_30	MN908947.3	16176	T	C	PASS	10236	1.0	orf1ab	missense_variant	orf1ab:T16176C	16176
SAMPLE_30	MN908947.3	17615	A	G	PASS	3153	1.0	orf1ab	missense_variant	orf1ab:A17615G	17615
SAMPLE_30	MN908947.3	21764	ATACATG	A	PASS	5378	0.4	S	disruptive_inframe_deletion	S:ATACATG21764A	21770
SAMPLE_30	MN908947.3	21990	TTTA	T	PASS	2177	0.9	S	disruptive_inframe_deletion	S:TTTA21990T	21993
SAMPLE_30	MN908947.3	23063	A	T	PASS	1835	1.0	S	missense_variant	S:A23063T	23063
SAMPLE_30	MN908947.3	23271	C	A	PASS	5165	1.0	S	missense_variant	S:C23271A	23271
SAMPLE_30	MN908947.3	23403	A	G	PASS	5157	1.0	S	missense_variant	S:A23403G	23403
SAMPLE_30	MN908947.3	23604	C	A	PASS	3142	1.0	S	missense_variant	S:C23604A	23604
SAMPLE_30	MN908947.3	23709	C	T	PASS	3025	1.0	S	missense_variant	S:C23709T	23709
SAMPLE_30	MN908947.3	24506	T	G	PASS	2808	1.0	S	missense_variant	S:T24506G	24506
SAMPLE_30	MN908947.3	24914	G	C	PASS	5590	1.0	S	missense_variant	S:G24914C	24914
SAMPLE_30	MN908947.3	27281	G	T	PASS	2578	1.0	ORF6	missense_variant	ORF6:G27281T	27281
SAMPLE_30	MN908947.3	27972	C	T	PASS	2319	1.0	ORF8	stop_gained	ORF8:C27972T	27972
SAMPLE_30	MN908947.3	28048	G	T	PASS	2602	1.0	ORF8	missense_variant	ORF8:G28048T	28048
SAMPLE_30	MN908947.3	28111	A	G	PASS	5404	1.0	ORF8	missense_variant	ORF8:A28111G	28111
SAMPLE_30	MN908947.3	28270	TA	T	PASS	4025	0.87	ORF8-N	intergenic_region	ORF8-N:TA28270T	28271
SAMPLE_30	MN908947.3	28280	GAT	CTA	PASS	2961	1.0	N	missense_variant	N:GAT28280CTA	28282
SAMPLE_30	MN908947.3	28881	GG	AA	PASS	1066	1.0	N	missense_variant	N:GG28881AA	28882
SAMPLE_30	MN908947.3	28883	G	C	PASS	1067	1.0	N	missense_variant	N:G28883C	28883
SAMPLE_30	MN908947.3	28977	C	T	PASS	1740	1.0	N	missense_variant	N:C28977T	28977
SAMPLE_31	MN908947.3	28111	A	G	PASS	7626	1.0	ORF8	missense_variant	ORF8:A28111G	28111
SAMPLE_31	MN908947.3	28270	TA	T	PASS	6079	0.88	ORF8-N	intergenic_region	ORF8-N:TA28270T	28271
SAMPLE_31	MN908947.3	28280	GAT	CTA	PASS	4317	1.0	N	missense_variant	N:GAT28280CTA	28282
SAMPLE_31	MN908947.3	29405	G	T	PASS	633	0.34	N	stop_gained	N:G29405T	29405
SAMPLE_32	MN908947.3	241	C	T	PASS	3175	1.0	CHR_START-orf1ab	intergenic_region	CHR_START-orf1ab:C241T	241
SAMPLE_32	MN908947.3	913	C	T	PASS	5240	1.0	orf1ab	synonymous_variant	orf1ab:C913T	913
SAMPLE_32	MN908947.3	2062	C	T	PASS	757	1.0	orf1ab	synonymous_variant	orf1ab:C2062T	2062
SAMPLE_32	MN908947.3	3037	C	T	PASS	3986	1.0	orf1ab	synonymous_variant	orf1ab:C3037T	3037
SAMPLE_32	MN908947.3	3177	C	T	PASS	6513	1.0	orf1ab	missense_variant	orf1ab:C3177T	3177
SAMPLE_32	MN908947.3	3267	C	T	PASS	5277	1.0	orf1ab	missense_variant	orf1ab:C3267T	3267
SAMPLE_32	MN908947.3	5388	C	A	PASS	7017	1.0	orf1ab	missense_variant	orf1ab:C5388A	5388
SAMPLE_32	MN908947.3	5986	C	T	PASS	2164	1.0	orf1ab	synonymous_variant	orf1ab:C5986T	5986
SAMPLE_32	MN908947.3	6954	T	C	PASS	123	1.0	orf1ab	missense_variant	orf1ab:T6954C	6954
SAMPLE_32	MN908947.3	11287	GTCTGGTTTT	G	PASS	16052	0.63	orf1ab	conservative_inframe_deletion	orf1ab:GTCTGGTTTT11287G	11296
SAMPLE_32	MN908947.3	11296	T	G	PASS	9388	1.0	orf1ab	missense_variant	orf1ab:T11296G	11296
SAMPLE_32	MN908947.3	14408	C	T	PASS	4626	1.0	orf1ab	synonymous_variant	orf1ab:C14408T	14408
SAMPLE_32	MN908947.3	14676	C	T	PASS	6059	1.0	orf1ab	missense_variant	orf1ab:C14676T	14676
SAMPLE_32	MN908947.3	15279	C	T	PASS	6080	1.0	orf1ab	missense_variant	orf1ab:C15279T	15279
SAMPLE_32	MN908947.3	16176	T	C	PASS	10307	1.0	orf1ab	missense_variant	orf1ab:T16176C	16176
SAMPLE_32	MN908947.3	19572	C	T	PASS	543	1.0	orf1ab	missense_variant	orf1ab:C19572T	19572
SAMPLE_32	MN908947.3	21764	ATACATG	A	PASS	4241	0.45	S	disruptive_inframe_deletion	S:ATACATG21764A	21770
SAMPLE_32	MN908947.3	21990	TTTA	T	PASS	1605	0.9	S	disruptive_inframe_deletion	S:TTTA21990T	21993
SAMPLE_32	MN908947.3	23063	A	T	PASS	1644	1.0	S	missense_variant	S:A23063T	23063
SAMPLE_32	MN908947.3	23271	C	A	PASS	6968	1.0	S	missense_variant	S:C23271A	23271
SAMPLE_32	MN908947.3	23403	A	G	PASS	7346	1.0	S	missense_variant	S:A23403G	23403
SAMPLE_32	MN908947.3	23604	C	A	PASS	3712	1.0	S	missense_variant	S:C23604A	23604
SAMPLE_32	MN908947.3	23709	C	T	PASS	3428	1.0	S	missense_variant	S:C23709T	23709
SAMPLE_32	MN908947.3	24506	T	G	PASS	2754	1.0	S	missense_variant	S:T24506G	24506
SAMPLE_32	MN908947.3	24914	G	C	PASS	8146	1.0	S	missense_variant	S:G24914C	24914
SAMPLE_32	MN908947.3	25904	C	T	PASS	4753	1.0	ORF3a	missense_variant	ORF3a:C25904T	25904
SAMPLE_32	MN908947.3	27972	C	T	PASS	1905	1.0	ORF8	stop_gained	ORF8:C27972T	27972
SAMPLE_32	MN908947.3	28048	G	T	PASS	2028	1.0	ORF8	missense_variant	ORF8:G28048T	28048
SAMPLE_32	MN908947.3	28111	A	G	PASS	6266	1.0	ORF8	missense_variant	ORF8:A28111G	28111
SAMPLE_32	MN908947.3	28270	TA	T	PASS	5387	0.87	ORF8-N	intergenic_region	ORF8-N:TA28270T	28271
SAMPLE_32	MN908947.3	28280	GAT	CTA	PASS	3926	1.0	N	missense_variant	N:GAT28280CTA	28282
SAMPLE_32	MN908947.3	28881	GG	AA	PASS	742	1.0	N	missense_variant	N:GG28881AA	28882
SAMPLE_32	MN908947.3	28883	G	C	PASS	745	1.0	N	missense_variant	N:G28883C	28883
SAMPLE_32	MN908947.3	28977	C	T	PASS	1317	1.0	N	missense_variant	N:C28977T	28977
SAMPLE_33	MN908947.3	241	C	T	PASS	1479	1.0	CHR_START-orf1ab	intergenic_region	CHR_START-orf1ab:C241T	241
SAMPLE_33	MN908947.3	913	C	T	PASS	3322	1.0	orf1ab	synonymous_variant	orf1ab:C913T	913
SAMPLE_33	MN908947.3	3037	C	T	PASS	4190	1.0	orf1ab	synonymous_variant	orf1ab:C3037T	3037
SAMPLE_33	MN908947.3	3267	C	T	PASS	2932	1.0	orf1ab	missense_variant	orf1ab:C3267T	3267
SAMPLE_33	MN908947.3	5388	C	A	PASS	5645	1.0	orf1ab	missense_variant	orf1ab:C5388A	5388
SAMPLE_33	MN908947.3	5986	C	T	PASS	1891	1.0	orf1ab	synonymous_variant	orf1ab:C5986T	5986
SAMPLE_33	MN908947.3	6954	T	C	PASS	609	1.0	orf1ab	missense_variant	orf1ab:T6954C	6954
SAMPLE_33	MN908947.3	7728	C	T	PASS	6151	1.0	orf1ab	missense_variant	orf1ab:C7728T	7728
SAMPLE_33	MN908947.3	11287	GTCTGGTTTT	G	PASS	8666	0.79	orf1ab	conservative_inframe_deletion	orf1ab:GTCTGGTTTT11287G	11296
SAMPLE_33	MN908947.3	11296	T	G	PASS	6870	1.0	orf1ab	missense_variant	orf1ab:T11296G	11296
SAMPLE_33	MN908947.3	14408	C	T	PASS	2643	1.0	orf1ab	synonymous_variant	orf1ab:C14408T	14408
SAMPLE_33	MN908947.3	14676	C	T	PASS	3353	1.0	orf1ab	missense_variant	orf1ab:C14676T	14676
SAMPLE_33	MN908947.3	15279	C	T	PASS	5880	1.0	orf1ab	missense_variant	orf1ab:C15279T	15279
SAMPLE_33	MN908947.3	16176	T	C	PASS	9020	1.0	orf1ab	missense_variant	orf1ab:T16176C	16176
SAMPLE_33	MN908947.3	21764	ATACATG	A	PASS	3777	0.43	S	disruptive_inframe_deletion	S:ATACATG21764A	21770
SAMPLE_33	MN908947.3	21990	TTTA	T	PASS	1422	0.91	S	disruptive_inframe_deletion	S:TTTA21990T	21993
SAMPLE_33	MN908947.3	23063	A	T	PASS	2034	1.0	S	missense_variant	S:A23063T	23063
SAMPLE_33	MN908947.3	23271	C	A	PASS	4569	1.0	S	missense_variant	S:C23271A	23271
SAMPLE_33	MN908947.3	23403	A	G	PASS	4281	1.0	S	missense_variant	S:A23403G	23403
SAMPLE_33	MN908947.3	23604	C	A	PASS	2948	1.0	S	missense_variant	S:C23604A	23604
SAMPLE_33	MN908947.3	23709	C	T	PASS	2721	1.0	S	missense_variant	S:C23709T	23709
SAMPLE_33	MN908947.3	24506	T	G	PASS	2159	1.0	S	missense_variant	S:T24506G	24506
SAMPLE_33	MN908947.3	24914	G	C	PASS	4469	1.0	S	missense_variant	S:G24914C	24914
SAMPLE_33	MN908947.3	26520	G	T	PASS	3666	1.0	E-M	intergenic_region	E-M:G26520T	26520
SAMPLE_33	MN908947.3	27645	T	C	PASS	188	1.0	ORF7a	synonymous_variant	ORF7a:T27645C	27645
SAMPLE_33	MN908947.3	27972	C	T	PASS	1883	1.0	ORF8	stop_gained	ORF8:C27972T	27972
SAMPLE_33	MN908947.3	28048	G	T	PASS	1968	1.0	ORF8	missense_variant	ORF8:G28048T	28048
SAMPLE_33	MN908947.3	28111	A	G	PASS	4171	1.0	ORF8	missense_variant	ORF8:A28111G	28111
SAMPLE_33	MN908947.3	28270	TA	T	PASS	3436	0.89	ORF8-N	intergenic_region	ORF8-N:TA28270T	28271
SAMPLE_33	MN908947.3	28280	GAT	CTA	PASS	2612	1.0	N	missense_variant	N:GAT28280CTA	28282
SAMPLE_33	MN908947.3	28881	GG	AA	PASS	1543	1.0	N	missense_variant	N:GG28881AA	28882
SAMPLE_33	MN908947.3	28883	G	C	PASS	1546	1.0	N	missense_variant	N:G28883C	28883
SAMPLE_33	MN908947.3	28977	C	T	PASS	2348	1.0	N	missense_variant	N:C28977T	28977
SAMPLE_34	MN908947.3	241	C	T	PASS	4914	1.0	CHR_START-orf1ab	intergenic_region	CHR_START-orf1ab:C241T	241
SAMPLE_34	MN908947.3	913	C	T	PASS	6205	1.0	orf1ab	synonymous_variant	orf1ab:C913T	913
SAMPLE_34	MN908947.3	2800	T	C	PASS	64	1.0	orf1ab	synonymous_variant	orf1ab:T2800C	2800
SAMPLE_34	MN908947.3	3037	C	T	PASS	1989	1.0	orf1ab	synonymous_variant	orf1ab:C3037T	3037
SAMPLE_34	MN908947.3	3267	C	T	PASS	3711	1.0	orf1ab	missense_variant	orf1ab:C3267T	3267
SAMPLE_34	MN908947.3	5388	C	A	PASS	5141	1.0	orf1ab	missense_variant	orf1ab:C5388A	5388
SAMPLE_34	MN908947.3	5986	C	T	PASS	2604	1.0	orf1ab	synonymous_variant	orf1ab:C5986T	5986
SAMPLE_34	MN908947.3	6954	T	C	PASS	178	1.0	orf1ab	missense_variant	orf1ab:T6954C	6954
SAMPLE_34	MN908947.3	11287	GTCTGGTTTT	G	PASS	11908	0.71	orf1ab	conservative_inframe_deletion	orf1ab:GTCTGGTTTT11287G	11296
SAMPLE_34	MN908947.3	11296	T	G	PASS	7936	1.0	orf1ab	missense_variant	orf1ab:T11296G	11296
SAMPLE_34	MN908947.3	14408	C	T	PASS	2534	1.0	orf1ab	synonymous_variant	orf1ab:C14408T	14408
SAMPLE_34	MN908947.3	14676	C	T	PASS	1955	1.0	orf1ab	missense_variant	orf1ab:C14676T	14676
SAMPLE_34	MN908947.3	15279	C	T	PASS	1286	1.0	orf1ab	missense_variant	orf1ab:C15279T	15279
SAMPLE_34	MN908947.3	16176	T	C	PASS	7931	1.0	orf1ab	missense_variant	orf1ab:T16176C	16176
SAMPLE_34	MN908947.3	18666	A	T	PASS	10328	0.67	orf1ab	missense_variant	orf1ab:A18666T	18666
SAMPLE_34	MN908947.3	21764	ATACATG	A	PASS	3522	0.4	S	disruptive_inframe_deletion	S:ATACATG21764A	21770
SAMPLE_34	MN908947.3	21990	TTTA	T	PASS	1728	0.9	S	disruptive_inframe_deletion	S:TTTA21990T	21993
SAMPLE_34	MN908947.3	22395	AAT	A	PASS	61	0.3	S	frameshift_variant	S:AAT22395A	22397
SAMPLE_34	MN908947.3	22583	GTT	G	PASS	2135	0.27	S	frameshift_variant	S:GTT22583G	22585
SAMPLE_34	MN908947.3	23063	A	T	PASS	1445	1.0	S	missense_variant	S:A23063T	23063
SAMPLE_34	MN908947.3	23271	C	A	PASS	13149	1.0	S	missense_variant	S:C23271A	23271
SAMPLE_34	MN908947.3	23403	A	G	PASS	13819	1.0	S	missense_variant	S:A23403G	23403
SAMPLE_34	MN908947.3	23604	C	A	PASS	3314	1.0	S	missense_variant	S:C23604A	23604
SAMPLE_34	MN908947.3	23709	C	T	PASS	3532	1.0	S	missense_variant	S:C23709T	23709
SAMPLE_34	MN908947.3	24506	T	G	PASS	2624	1.0	S	missense_variant	S:T24506G	24506
SAMPLE_34	MN908947.3	24914	G	C	PASS	11617	1.0	S	missense_variant	S:G24914C	24914
SAMPLE_34	MN908947.3	25477	G	C	PASS	4083	1.0	ORF3a	missense_variant	ORF3a:G25477C	25477
SAMPLE_34	MN908947.3	26706	T	C	PASS	8772	1.0	M	synonymous_variant	M:T26706C	26706
SAMPLE_34	MN908947.3	27972	C	T	PASS	3137	1.0	ORF8	stop_gained	ORF8:C27972T	27972
SAMPLE_34	MN908947.3	28048	G	T	PASS	3339	1.0	ORF8	missense_variant	ORF8:G28048T	28048
SAMPLE_34	MN908947.3	28111	A	G	PASS	14281	1.0	ORF8	missense_variant	ORF8:A28111G	28111
SAMPLE_34	MN908947.3	28270	TA	T	PASS	12548	0.87	ORF8-N	intergenic_region	ORF8-N:TA28270T	28271
SAMPLE_34	MN908947.3	28280	GAT	CTA	PASS	9174	1.0	N	missense_variant	N:GAT28280CTA	28282
SAMPLE_34	MN908947.3	28881	GG	AA	PASS	249	1.0	N	missense_variant	N:GG28881AA	28882
SAMPLE_34	MN908947.3	28883	G	C	PASS	249	1.0	N	missense_variant	N:G28883C	28883
SAMPLE_34	MN908947.3	28977	C	T	PASS	467	1.0	N	missense_variant	N:C28977T	28977
SAMPLE_35	MN908947.3	134	T	C	PASS	2793	1.0	CHR_START-orf1ab	intergenic_region	CHR_START-orf1ab:T134C	134
SAMPLE_35	MN908947.3	241	C	T	PASS	1352	1.0	CHR_START-orf1ab	intergenic_region	CHR_START-orf1ab:C241T	241
SAMPLE_35	MN908947.3	913	C	T	PASS	3201	1.0	orf1ab	synonymous_variant	orf1ab:C913T	913
SAMPLE_35	MN908947.3	2841	C	T	PASS	2463	1.0	orf1ab	missense_variant	orf1ab:C2841T	2841
SAMPLE_35	MN908947.3	3037	C	T	PASS	1698	1.0	orf1ab	synonymous_variant	orf1ab:C3037T	3037
SAMPLE_35	MN908947.3	3267	C	T	PASS	3480	1.0	orf1ab	missense_variant	orf1ab:C3267T	3267
SAMPLE_35	MN908947.3	5388	C	A	PASS	5307	1.0	orf1ab	missense_variant	orf1ab:C5388A	5388
SAMPLE_35	MN908947.3	5826	C	T	PASS	4270	1.0	orf1ab	missense_variant	orf1ab:C5826T	5826
SAMPLE_35	MN908947.3	5986	C	T	PASS	1842	1.0	orf1ab	synonymous_variant	orf1ab:C5986T	5986
SAMPLE_35	MN908947.3	6954	T	C	PASS	777	1.0	orf1ab	missense_variant	orf1ab:T6954C	6954
SAMPLE_35	MN908947.3	11287	GTCTGGTTTT	G	PASS	8790	0.76	orf1ab	conservative_inframe_deletion	orf1ab:GTCTGGTTTT11287G	11296
SAMPLE_35	MN908947.3	11296	T	G	PASS	6514	1.0	orf1ab	missense_variant	orf1ab:T11296G	11296
SAMPLE_35	MN908947.3	13488	A	G	PASS	3113	1.0	orf1ab	missense_variant	orf1ab:A13488G	13488
SAMPLE_35	MN908947.3	14408	C	T	PASS	2677	1.0	orf1ab	synonymous_variant	orf1ab:C14408T	14408
SAMPLE_35	MN908947.3	14676	C	T	PASS	3665	1.0	orf1ab	missense_variant	orf1ab:C14676T	14676
SAMPLE_35	MN908947.3	15279	C	T	PASS	5374	1.0	orf1ab	missense_variant	orf1ab:C15279T	15279
SAMPLE_35	MN908947.3	16176	T	C	PASS	8288	1.0	orf1ab	missense_variant	orf1ab:T16176C	16176
SAMPLE_35	MN908947.3	17615	A	G	PASS	2751	1.0	orf1ab	missense_variant	orf1ab:A17615G	17615
SAMPLE_35	MN908947.3	21764	ATACATG	A	PASS	4039	0.42	S	disruptive_inframe_deletion	S:ATACATG21764A	21770
SAMPLE_35	MN908947.3	21990	TTTA	T	PASS	1585	0.9	S	disruptive_inframe_deletion	S:TTTA21990T	21993
SAMPLE_35	MN908947.3	23063	A	T	PASS	1539	1.0	S	missense_variant	S:A23063T	23063
SAMPLE_35	MN908947.3	23271	C	A	PASS	3876	1.0	S	missense_variant	S:C23271A	23271
SAMPLE_35	MN908947.3	23403	A	G	PASS	4112	1.0	S	missense_variant	S:A23403G	23403
SAMPLE_35	MN908947.3	23604	C	A	PASS	2678	1.0	S	missense_variant	S:C23604A	23604
SAMPLE_35	MN908947.3	23709	C	T	PASS	2550	1.0	S	missense_variant	S:C23709T	23709
SAMPLE_35	MN908947.3	24506	T	G	PASS	2158	1.0	S	missense_variant	S:T24506G	24506
SAMPLE_35	MN908947.3	24914	G	C	PASS	4407	1.0	S	missense_variant	S:G24914C	24914
SAMPLE_35	MN908947.3	27972	C	T	PASS	1967	1.0	ORF8	stop_gained	ORF8:C27972T	27972
SAMPLE_35	MN908947.3	28048	G	T	PASS	2157	1.0	ORF8	missense_variant	ORF8:G28048T	28048
SAMPLE_35	MN908947.3	28111	A	G	PASS	4246	1.0	ORF8	missense_variant	ORF8:A28111G	28111
SAMPLE_35	MN908947.3	28270	TA	T	PASS	3362	0.88	ORF8-N	intergenic_region	ORF8-N:TA28270T	28271
SAMPLE_35	MN908947.3	28280	GAT	CTA	PASS	2521	1.0	N	missense_variant	N:GAT28280CTA	28282
SAMPLE_35	MN908947.3	28881	GG	AA	PASS	1338	1.0	N	missense_variant	N:GG28881AA	28882
SAMPLE_35	MN908947.3	28883	G	C	PASS	1340	1.0	N	missense_variant	N:G28883C	28883
SAMPLE_35	MN908947.3	28896	C	T	PASS	1602	1.0	N	missense_variant	N:C28896T	28896
SAMPLE_35	MN908947.3	28977	C	T	PASS	1970	1.0	N	missense_variant	N:C28977T	28977
SAMPLE_35	MN908947.3	29784	C	T	PASS	3088	1.0	ORF10-CHR_END	intergenic_region	ORF10-CHR_END:C29784T	29784
SAMPLE_36	MN908947.3	241	C	T	PASS	3158	1.0	CHR_START-orf1ab	intergenic_region	CHR_START-orf1ab:C241T	241
SAMPLE_36	MN908947.3	913	C	T	PASS	4679	1.0	orf1ab	synonymous_variant	orf1ab:C913T	913
SAMPLE_36	MN908947.3	3037	C	T	PASS	2981	1.0	orf1ab	synonymous_variant	orf1ab:C3037T	3037
SAMPLE_36	MN908947.3	3267	C	T	PASS	7429	1.0	orf1ab	missense_variant	orf1ab:C3267T	3267
SAMPLE_36	MN908947.3	5388	C	A	PASS	4324	1.0	orf1ab	missense_variant	orf1ab:C5388A	5388
SAMPLE_36	MN908947.3	5986	C	T	PASS	1864	1.0	orf1ab	synonymous_variant	orf1ab:C5986T	5986
SAMPLE_36	MN908947.3	6636	C	T	PASS	2078	1.0	orf1ab	missense_variant	orf1ab:C6636T	6636
SAMPLE_36	MN908947.3	6954	T	C	PASS	191	1.0	orf1ab	missense_variant	orf1ab:T6954C	6954
SAMPLE_36	MN908947.3	11287	GTCTGGTTTT	G	PASS	20168	0.67	orf1ab	conservative_inframe_deletion	orf1ab:GTCTGGTTTT11287G	11296
SAMPLE_36	MN908947.3	11296	T	G	PASS	11912	1.0	orf1ab	missense_variant	orf1ab:T11296G	11296
SAMPLE_36	MN908947.3	14408	C	T	PASS	4522	1.0	orf1ab	synonymous_variant	orf1ab:C14408T	14408
SAMPLE_36	MN908947.3	14676	C	T	PASS	5669	1.0	orf1ab	missense_variant	orf1ab:C14676T	14676
SAMPLE_36	MN908947.3	15279	C	T	PASS	932	1.0	orf1ab	missense_variant	orf1ab:C15279T	15279
SAMPLE_36	MN908947.3	16176	T	C	PASS	8697	1.0	orf1ab	missense_variant	orf1ab:T16176C	16176
SAMPLE_36	MN908947.3	21764	ATACATG	A	PASS	10128	0.39	S	disruptive_inframe_deletion	S:ATACATG21764A	21770
SAMPLE_36	MN908947.3	21990	TTTA	T	PASS	4475	0.9	S	disruptive_inframe_deletion	S:TTTA21990T	21993
SAMPLE_36	MN908947.3	22468	G	T	PASS	133	1.0	S	synonymous_variant	S:G22468T	22468
SAMPLE_36	MN908947.3	23063	A	T	PASS	1248	1.0	S	missense_variant	S:A23063T	23063
SAMPLE_36	MN908947.3	23271	C	A	PASS	11021	1.0	S	missense_variant	S:C23271A	23271
SAMPLE_36	MN908947.3	23403	A	G	PASS	11387	1.0	S	missense_variant	S:A23403G	23403
SAMPLE_36	MN908947.3	23604	C	A	PASS	2986	1.0	S	missense_variant	S:C23604A	23604
SAMPLE_36	MN908947.3	23709	C	T	PASS	3063	1.0	S	missense_variant	S:C23709T	23709
SAMPLE_36	MN908947.3	24506	T	G	PASS	2185	1.0	S	missense_variant	S:T24506G	24506
SAMPLE_36	MN908947.3	24914	G	C	PASS	12504	1.0	S	missense_variant	S:G24914C	24914
SAMPLE_36	MN908947.3	27972	C	T	PASS	2816	1.0	ORF8	stop_gained	ORF8:C27972T	27972
SAMPLE_36	MN908947.3	28048	G	T	PASS	3014	1.0	ORF8	missense_variant	ORF8:G28048T	28048
SAMPLE_36	MN908947.3	28111	A	G	PASS	12584	1.0	ORF8	missense_variant	ORF8:A28111G	28111
SAMPLE_36	MN908947.3	28270	TA	T	PASS	13351	0.87	ORF8-N	intergenic_region	ORF8-N:TA28270T	28271
SAMPLE_36	MN908947.3	28280	GAT	CTA	PASS	9977	1.0	N	missense_variant	N:GAT28280CTA	28282
SAMPLE_36	MN908947.3	28881	GG	AA	PASS	586	1.0	N	missense_variant	N:GG28881AA	28882
SAMPLE_36	MN908947.3	28883	G	C	PASS	586	1.0	N	missense_variant	N:G28883C	28883
SAMPLE_36	MN908947.3	28977	C	T	PASS	968	1.0	N	missense_variant	N:C28977T	28977
SAMPLE_37	MN908947.3	241	C	T	PASS	1002	1.0	CHR_START-orf1ab	intergenic_region	CHR_START-orf1ab:C241T	241
SAMPLE_37	MN908947.3	913	C	T	PASS	3377	1.0	orf1ab	synonymous_variant	orf1ab:C913T	913
SAMPLE_37	MN908947.3	2470	C	T	PASS	1961	1.0	orf1ab	synonymous_variant	orf1ab:C2470T	2470
SAMPLE_37	MN908947.3	3037	C	T	PASS	4956	1.0	orf1ab	synonymous_variant	orf1ab:C3037T	3037
SAMPLE_37	MN908947.3	3267	C	T	PASS	3529	1.0	orf1ab	missense_variant	orf1ab:C3267T	3267
SAMPLE_37	MN908947.3	5388	C	A	PASS	6419	1.0	orf1ab	missense_variant	orf1ab:C5388A	5388
SAMPLE_37	MN908947.3	5986	C	T	PASS	2362	1.0	orf1ab	synonymous_variant	orf1ab:C5986T	5986
SAMPLE_37	MN908947.3	6936	C	T	PASS	540	0.99	orf1ab	missense_variant	orf1ab:C6936T	6936
SAMPLE_37	MN908947.3	6954	T	C	PASS	646	1.0	orf1ab	missense_variant	orf1ab:T6954C	6954
SAMPLE_37	MN908947.3	11287	GTCTGGTTTT	G	PASS	9502	0.79	orf1ab	conservative_inframe_deletion	orf1ab:GTCTGGTTTT11287G	11296
SAMPLE_37	MN908947.3	11296	T	G	PASS	7472	1.0	orf1ab	missense_variant	orf1ab:T11296G	11296
SAMPLE_37	MN908947.3	14408	C	T	PASS	3129	1.0	orf1ab	synonymous_variant	orf1ab:C14408T	14408
SAMPLE_37	MN908947.3	14676	C	T	PASS	4010	1.0	orf1ab	missense_variant	orf1ab:C14676T	14676
SAMPLE_37	MN908947.3	15279	C	T	PASS	6322	1.0	orf1ab	missense_variant	orf1ab:C15279T	15279
SAMPLE_37	MN908947.3	16176	T	C	PASS	9704	1.0	orf1ab	missense_variant	orf1ab:T16176C	16176
SAMPLE_37	MN908947.3	18699	T	C	PASS	9373	1.0	orf1ab	missense_variant	orf1ab:T18699C	18699
SAMPLE_37	MN908947.3	21764	ATACATG	A	PASS	4591	0.4	S	disruptive_inframe_deletion	S:ATACATG21764A	21770
SAMPLE_37	MN908947.3	21990	TTTA	T	PASS	1882	0.91	S	disruptive_inframe_deletion	S:TTTA21990T	21993
SAMPLE_37	MN908947.3	23063	A	T	PASS	2007	1.0	S	missense_variant	S:A23063T	23063
SAMPLE_37	MN908947.3	23271	C	A	PASS	4569	1.0	S	missense_variant	S:C23271A	23271
SAMPLE_37	MN908947.3	23403	A	G	PASS	4618	1.0	S	missense_variant	S:A23403G	23403
SAMPLE_37	MN908947.3	23604	C	A	PASS	3274	1.0	S	missense_variant	S:C23604A	23604
SAMPLE_37	MN908947.3	23709	C	T	PASS	3261	1.0	S	missense_variant	S:C23709T	23709
SAMPLE_37	MN908947.3	24506	T	G	PASS	2531	1.0	S	missense_variant	S:T24506G	24506
SAMPLE_37	MN908947.3	24914	G	C	PASS	5164	1.0	S	missense_variant	S:G24914C	24914
SAMPLE_37	MN908947.3	27972	C	T	PASS	2865	1.0	ORF8	stop_gained	ORF8:C27972T	27972
SAMPLE_37	MN908947.3	28048	G	T	PASS	2908	1.0	ORF8	missense_variant	ORF8:G28048T	28048
SAMPLE_37	MN908947.3	28111	A	G	PASS	4503	1.0	ORF8	missense_variant	ORF8:A28111G	28111
SAMPLE_37	MN908947.3	28270	TA	T	PASS	4105	0.89	ORF8-N	intergenic_region	ORF8-N:TA28270T	28271
SAMPLE_37	MN908947.3	28280	GAT	CTA	PASS	3225	1.0	N	missense_variant	N:GAT28280CTA	28282
SAMPLE_37	MN908947.3	28881	GG	AA	PASS	2480	1.0	N	missense_variant	N:GG28881AA	28882
SAMPLE_37	MN908947.3	28883	G	C	PASS	2483	1.0	N	missense_variant	N:G28883C	28883
SAMPLE_37	MN908947.3	28977	C	T	PASS	3662	1.0	N	missense_variant	N:C28977T	28977
SAMPLE_38	MN908947.3	241	C	T	PASS	2767	1.0	CHR_START-orf1ab	intergenic_region	CHR_START-orf1ab:C241T	241
SAMPLE_38	MN908947.3	913	C	T	PASS	4851	1.0	orf1ab	synonymous_variant	orf1ab:C913T	913
SAMPLE_38	MN908947.3	3037	C	T	PASS	4680	1.0	orf1ab	synonymous_variant	orf1ab:C3037T	3037
SAMPLE_38	MN908947.3	3267	C	T	PASS	5962	1.0	orf1ab	missense_variant	orf1ab:C3267T	3267
SAMPLE_38	MN908947.3	4964	A	G	PASS	4309	1.0	orf1ab	missense_variant	orf1ab:A4964G	4964
SAMPLE_38	MN908947.3	5388	C	A	PASS	6493	1.0	orf1ab	missense_variant	orf1ab:C5388A	5388
SAMPLE_38	MN908947.3	5986	C	T	PASS	2391	1.0	orf1ab	synonymous_variant	orf1ab:C5986T	5986
SAMPLE_38	MN908947.3	6954	T	C	PASS	299	1.0	orf1ab	missense_variant	orf1ab:T6954C	6954
SAMPLE_38	MN908947.3	7798	G	T	PASS	4477	1.0	orf1ab	missense_variant	orf1ab:G7798T	7798
SAMPLE_38	MN908947.3	11287	GTCTGGTTTT	G	PASS	18482	0.64	orf1ab	conservative_inframe_deletion	orf1ab:GTCTGGTTTT11287G	11296
SAMPLE_38	MN908947.3	11296	T	G	PASS	10839	1.0	orf1ab	missense_variant	orf1ab:T11296G	11296
SAMPLE_38	MN908947.3	12032	G	C	PASS	6964	1.0	orf1ab	missense_variant	orf1ab:G12032C	12032
SAMPLE_38	MN908947.3	12162	A	G	PASS	14295	1.0	orf1ab	missense_variant	orf1ab:A12162G	12162
SAMPLE_38	MN908947.3	14408	C	T	PASS	4591	1.0	orf1ab	synonymous_variant	orf1ab:C14408T	14408
SAMPLE_38	MN908947.3	14676	C	T	PASS	6836	1.0	orf1ab	missense_variant	orf1ab:C14676T	14676
SAMPLE_38	MN908947.3	15279	C	T	PASS	5278	1.0	orf1ab	missense_variant	orf1ab:C15279T	15279
SAMPLE_38	MN908947.3	16176	T	C	PASS	10846	1.0	orf1ab	missense_variant	orf1ab:T16176C	16176
SAMPLE_38	MN908947.3	17615	A	G	PASS	3876	1.0	orf1ab	missense_variant	orf1ab:A17615G	17615
SAMPLE_38	MN908947.3	21764	ATACATG	A	PASS	5904	0.41	S	disruptive_inframe_deletion	S:ATACATG21764A	21770
SAMPLE_38	MN908947.3	21990	TTTA	T	PASS	2456	0.9	S	disruptive_inframe_deletion	S:TTTA21990T	21993
SAMPLE_38	MN908947.3	23063	A	T	PASS	1544	0.99	S	missense_variant	S:A23063T	23063
SAMPLE_38	MN908947.3	23271	C	A	PASS	7789	1.0	S	missense_variant	S:C23271A	23271
SAMPLE_38	MN908947.3	23403	A	G	PASS	8495	1.0	S	missense_variant	S:A23403G	23403
SAMPLE_38	MN908947.3	23604	C	A	PASS	3214	1.0	S	missense_variant	S:C23604A	23604
SAMPLE_38	MN908947.3	23709	C	T	PASS	3284	1.0	S	missense_variant	S:C23709T	23709
SAMPLE_38	MN908947.3	24506	T	G	PASS	2967	1.0	S	missense_variant	S:T24506G	24506
SAMPLE_38	MN908947.3	24914	G	C	PASS	9021	1.0	S	missense_variant	S:G24914C	24914
SAMPLE_38	MN908947.3	25413	C	T	PASS	3658	1.0	ORF3a	synonymous_variant	ORF3a:C25413T	25413
SAMPLE_38	MN908947.3	27972	C	T	PASS	2725	1.0	ORF8	stop_gained	ORF8:C27972T	27972
SAMPLE_38	MN908947.3	28048	G	T	PASS	3033	1.0	ORF8	missense_variant	ORF8:G28048T	28048
SAMPLE_38	MN908947.3	28111	A	G	PASS	7696	1.0	ORF8	missense_variant	ORF8:A28111G	28111
SAMPLE_38	MN908947.3	28270	TA	T	PASS	6620	0.86	ORF8-N	intergenic_region	ORF8-N:TA28270T	28271
SAMPLE_38	MN908947.3	28280	GAT	CTA	PASS	4883	1.0	N	missense_variant	N:GAT28280CTA	28282
SAMPLE_38	MN908947.3	28881	GG	AA	PASS	694	1.0	N	missense_variant	N:GG28881AA	28882
SAMPLE_38	MN908947.3	28883	G	C	PASS	695	1.0	N	missense_variant	N:G28883C	28883
SAMPLE_38	MN908947.3	28977	C	T	PASS	1108	1.0	N	missense_variant	N:C28977T	28977
SAMPLE_40	MN908947.3	3037	C	T	PASS	1078	1.0	orf1ab	synonymous_variant	orf1ab:C3037T	3037
SAMPLE_40	MN908947.3	3267	C	T	PASS	3354	1.0	orf1ab	missense_variant	orf1ab:C3267T	3267
SAMPLE_40	MN908947.3	5388	C	A	PASS	4091	1.0	orf1ab	missense_variant	orf1ab:C5388A	5388
SAMPLE_40	MN908947.3	5986	C	T	PASS	4313	1.0	orf1ab	synonymous_variant	orf1ab:C5986T	5986
SAMPLE_40	MN908947.3	6954	T	C	PASS	357	1.0	orf1ab	missense_variant	orf1ab:T6954C	6954
SAMPLE_40	MN908947.3	8092	C	T	PASS	5388	1.0	orf1ab	synonymous_variant	orf1ab:C8092T	8092
SAMPLE_40	MN908947.3	8208	C	T	PASS	6876	1.0	orf1ab	missense_variant	orf1ab:C8208T	8208
SAMPLE_40	MN908947.3	8269	T	C	PASS	8938	1.0	orf1ab	synonymous_variant	orf1ab:T8269C	8269
SAMPLE_40	MN908947.3	12830	C	T	PASS	3906	1.0	orf1ab	stop_gained	orf1ab:C12830T	12830
SAMPLE_40	MN908947.3	14408	C	T	PASS	4704	1.0	orf1ab	synonymous_variant	orf1ab:C14408T	14408
SAMPLE_40	MN908947.3	15279	C	T	PASS	1999	1.0	orf1ab	missense_variant	orf1ab:C15279T	15279
SAMPLE_40	MN908947.3	15880	TC	T	PASS	47	0.7	orf1ab	frameshift_variant	orf1ab:TC15880T	15881
SAMPLE_40	MN908947.3	15884	A	AG	PASS	33	1.0	orf1ab	frameshift_variant	orf1ab:A15884AG	15884
SAMPLE_40	MN908947.3	16176	T	C	PASS	375	1.0	orf1ab	missense_variant	orf1ab:T16176C	16176
SAMPLE_40	MN908947.3	23063	A	T	PASS	592	1.0	S	missense_variant	S:A23063T	23063
SAMPLE_40	MN908947.3	23271	C	A	PASS	8265	1.0	S	missense_variant	S:C23271A	23271
SAMPLE_40	MN908947.3	23403	A	G	PASS	8273	1.0	S	missense_variant	S:A23403G	23403
SAMPLE_40	MN908947.3	23604	C	A	PASS	5139	1.0	S	missense_variant	S:C23604A	23604
SAMPLE_40	MN908947.3	23709	C	T	PASS	5930	1.0	S	missense_variant	S:C23709T	23709
SAMPLE_40	MN908947.3	24506	T	G	PASS	1128	1.0	S	missense_variant	S:T24506G	24506
SAMPLE_40	MN908947.3	27972	C	T	PASS	1104	1.0	ORF8	stop_gained	ORF8:C27972T	27972
SAMPLE_40	MN908947.3	28048	G	T	PASS	1232	1.0	ORF8	missense_variant	ORF8:G28048T	28048
SAMPLE_40	MN908947.3	28111	A	G	PASS	7109	1.0	ORF8	missense_variant	ORF8:A28111G	28111
SAMPLE_40	MN908947.3	28270	TA	T	PASS	8342	0.92	ORF8-N	intergenic_region	ORF8-N:TA28270T	28271
SAMPLE_40	MN908947.3	28280	GAT	CTA	PASS	6763	1.0	N	missense_variant	N:GAT28280CTA	28282
SAMPLE_40	MN908947.3	28881	GG	AA	PASS	59	1.0	N	missense_variant	N:GG28881AA	28882
SAMPLE_40	MN908947.3	28883	G	C	PASS	59	1.0	N	missense_variant	N:G28883C	28883
SAMPLE_40	MN908947.3	28977	C	T	PASS	114	1.0	N	missense_variant	N:C28977T	28977
SAMPLE_40	MN908947.3	29642	C	T	PASS	2538	1.0	ORF10	stop_gained	ORF10:C29642T	29642
SAMPLE_41	MN908947.3	241	C	T	PASS	1561	1.0	CHR_START-orf1ab	intergenic_region	CHR_START-orf1ab:C241T	241
SAMPLE_41	MN908947.3	913	C	T	PASS	4071	1.0	orf1ab	synonymous_variant	orf1ab:C913T	913
SAMPLE_41	MN908947.3	3037	C	T	PASS	6139	1.0	orf1ab	synonymous_variant	orf1ab:C3037T	3037
SAMPLE_41	MN908947.3	3267	C	T	PASS	4415	1.0	orf1ab	missense_variant	orf1ab:C3267T	3267
SAMPLE_41	MN908947.3	5388	C	A	PASS	7404	1.0	orf1ab	missense_variant	orf1ab:C5388A	5388
SAMPLE_41	MN908947.3	5986	C	T	PASS	2908	1.0	orf1ab	synonymous_variant	orf1ab:C5986T	5986
SAMPLE_41	MN908947.3	6954	T	C	PASS	1514	1.0	orf1ab	missense_variant	orf1ab:T6954C	6954
SAMPLE_41	MN908947.3	7728	C	T	PASS	8479	1.0	orf1ab	missense_variant	orf1ab:C7728T	7728
SAMPLE_41	MN908947.3	11287	GTCTGGTTTT	G	PASS	11230	0.78	orf1ab	conservative_inframe_deletion	orf1ab:GTCTGGTTTT11287G	11296
SAMPLE_41	MN908947.3	11296	T	G	PASS	8097	1.0	orf1ab	missense_variant	orf1ab:T11296G	11296
SAMPLE_41	MN908947.3	14408	C	T	PASS	3817	1.0	orf1ab	synonymous_variant	orf1ab:C14408T	14408
SAMPLE_41	MN908947.3	14676	C	T	PASS	5058	1.0	orf1ab	missense_variant	orf1ab:C14676T	14676
SAMPLE_41	MN908947.3	15279	C	T	PASS	7153	1.0	orf1ab	missense_variant	orf1ab:C15279T	15279
SAMPLE_41	MN908947.3	16176	T	C	PASS	10999	1.0	orf1ab	missense_variant	orf1ab:T16176C	16176
SAMPLE_41	MN908947.3	21764	ATACATG	A	PASS	5548	0.42	S	disruptive_inframe_deletion	S:ATACATG21764A	21770
SAMPLE_41	MN908947.3	21990	TTTA	T	PASS	2144	0.89	S	disruptive_inframe_deletion	S:TTTA21990T	21993
SAMPLE_41	MN908947.3	23063	A	T	PASS	2230	1.0	S	missense_variant	S:A23063T	23063
SAMPLE_41	MN908947.3	23271	C	A	PASS	5266	1.0	S	missense_variant	S:C23271A	23271
SAMPLE_41	MN908947.3	23403	A	G	PASS	5501	1.0	S	missense_variant	S:A23403G	23403
SAMPLE_41	MN908947.3	23604	C	A	PASS	3843	1.0	S	missense_variant	S:C23604A	23604
SAMPLE_41	MN908947.3	23709	C	T	PASS	3750	1.0	S	missense_variant	S:C23709T	23709
SAMPLE_41	MN908947.3	24506	T	G	PASS	2839	1.0	S	missense_variant	S:T24506G	24506
SAMPLE_41	MN908947.3	24914	G	C	PASS	5927	1.0	S	missense_variant	S:G24914C	24914
SAMPLE_41	MN908947.3	26520	G	T	PASS	5506	1.0	E-M	intergenic_region	E-M:G26520T	26520
SAMPLE_41	MN908947.3	27972	C	T	PASS	3364	1.0	ORF8	stop_gained	ORF8:C27972T	27972
SAMPLE_41	MN908947.3	28048	G	T	PASS	3375	1.0	ORF8	missense_variant	ORF8:G28048T	28048
SAMPLE_41	MN908947.3	28111	A	G	PASS	5302	1.0	ORF8	missense_variant	ORF8:A28111G	28111
SAMPLE_41	MN908947.3	28270	TA	T	PASS	4603	0.88	ORF8-N	intergenic_region	ORF8-N:TA28270T	28271
SAMPLE_41	MN908947.3	28280	GAT	CTA	PASS	3551	1.0	N	missense_variant	N:GAT28280CTA	28282
SAMPLE_41	MN908947.3	28881	GG	AA	PASS	1714	1.0	N	missense_variant	N:GG28881AA	28882
SAMPLE_41	MN908947.3	28883	G	C	PASS	1718	1.0	N	missense_variant	N:G28883C	28883
SAMPLE_41	MN908947.3	28977	C	T	PASS	2546	1.0	N	missense_variant	N:C28977T	28977
SAMPLE_42	MN908947.3	241	C	T	PASS	1693	1.0	CHR_START-orf1ab	intergenic_region	CHR_START-orf1ab:C241T	241
SAMPLE_42	MN908947.3	913	C	T	PASS	3476	1.0	orf1ab	synonymous_variant	orf1ab:C913T	913
SAMPLE_42	MN908947.3	3037	C	T	PASS	4546	1.0	orf1ab	synonymous_variant	orf1ab:C3037T	3037
SAMPLE_42	MN908947.3	3267	C	T	PASS	4641	1.0	orf1ab	missense_variant	orf1ab:C3267T	3267
SAMPLE_42	MN908947.3	5388	C	A	PASS	5823	1.0	orf1ab	missense_variant	orf1ab:C5388A	5388
SAMPLE_42	MN908947.3	5986	C	T	PASS	2370	1.0	orf1ab	synonymous_variant	orf1ab:C5986T	5986
SAMPLE_42	MN908947.3	6954	T	C	PASS	920	1.0	orf1ab	missense_variant	orf1ab:T6954C	6954
SAMPLE_42	MN908947.3	11287	GTCTGGTTTT	G	PASS	11790	0.69	orf1ab	conservative_inframe_deletion	orf1ab:GTCTGGTTTT11287G	11296
SAMPLE_42	MN908947.3	11296	T	G	PASS	7581	1.0	orf1ab	missense_variant	orf1ab:T11296G	11296
SAMPLE_42	MN908947.3	12970	C	T	PASS	3189	1.0	orf1ab	synonymous_variant	orf1ab:C12970T	12970
SAMPLE_42	MN908947.3	14408	C	T	PASS	3484	1.0	orf1ab	synonymous_variant	orf1ab:C14408T	14408
SAMPLE_42	MN908947.3	14676	C	T	PASS	5470	1.0	orf1ab	missense_variant	orf1ab:C14676T	14676
SAMPLE_42	MN908947.3	15279	C	T	PASS	5042	1.0	orf1ab	missense_variant	orf1ab:C15279T	15279
SAMPLE_42	MN908947.3	16176	T	C	PASS	8964	1.0	orf1ab	missense_variant	orf1ab:T16176C	16176
SAMPLE_42	MN908947.3	19366	C	T	PASS	35	0.6	orf1ab	synonymous_variant	orf1ab:C19366T	19366
SAMPLE_42	MN908947.3	21764	ATACATG	A	PASS	4602	0.42	S	disruptive_inframe_deletion	S:ATACATG21764A	21770
SAMPLE_42	MN908947.3	21990	TTTA	T	PASS	2062	0.9	S	disruptive_inframe_deletion	S:TTTA21990T	21993
SAMPLE_42	MN908947.3	23063	A	T	PASS	1455	1.0	S	missense_variant	S:A23063T	23063
SAMPLE_42	MN908947.3	23271	C	A	PASS	5009	1.0	S	missense_variant	S:C23271A	23271
SAMPLE_42	MN908947.3	23403	A	G	PASS	5125	1.0	S	missense_variant	S:A23403G	23403
SAMPLE_42	MN908947.3	23604	C	A	PASS	3115	1.0	S	missense_variant	S:C23604A	23604
SAMPLE_42	MN908947.3	23709	C	T	PASS	3093	1.0	S	missense_variant	S:C23709T	23709
SAMPLE_42	MN908947.3	24506	T	G	PASS	2609	1.0	S	missense_variant	S:T24506G	24506
SAMPLE_42	MN908947.3	24914	G	C	PASS	6075	1.0	S	missense_variant	S:G24914C	24914
SAMPLE_42	MN908947.3	25522	G	A	PASS	2250	1.0	ORF3a	missense_variant	ORF3a:G25522A	25522
SAMPLE_42	MN908947.3	26153	G	T	PASS	726	1.0	ORF3a	missense_variant	ORF3a:G26153T	26153
SAMPLE_42	MN908947.3	27972	C	T	PASS	2355	1.0	ORF8	stop_gained	ORF8:C27972T	27972
SAMPLE_42	MN908947.3	28048	G	T	PASS	2505	1.0	ORF8	missense_variant	ORF8:G28048T	28048
SAMPLE_42	MN908947.3	28111	A	G	PASS	5190	1.0	ORF8	missense_variant	ORF8:A28111G	28111
SAMPLE_42	MN908947.3	28270	TA	T	PASS	4400	0.87	ORF8-N	intergenic_region	ORF8-N:TA28270T	28271
SAMPLE_42	MN908947.3	28280	GAT	CTA	PASS	3279	1.0	N	missense_variant	N:GAT28280CTA	28282
SAMPLE_42	MN908947.3	28312	C	T	PASS	4304	1.0	N	synonymous_variant	N:C28312T	28312
SAMPLE_42	MN908947.3	28881	GG	AA	PASS	951	1.0	N	missense_variant	N:GG28881AA	28882
SAMPLE_42	MN908947.3	28883	G	C	PASS	954	1.0	N	missense_variant	N:G28883C	28883
SAMPLE_42	MN908947.3	28977	C	T	PASS	1466	1.0	N	missense_variant	N:C28977T	28977
SAMPLE_43	MN908947.3	241	C	T	PASS	1847	1.0	CHR_START-orf1ab	intergenic_region	CHR_START-orf1ab:C241T	241
SAMPLE_43	MN908947.3	913	C	T	PASS	4182	1.0	orf1ab	synonymous_variant	orf1ab:C913T	913
SAMPLE_43	MN908947.3	3037	C	T	PASS	5530	1.0	orf1ab	synonymous_variant	orf1ab:C3037T	3037
SAMPLE_43	MN908947.3	3267	C	T	PASS	4814	1.0	orf1ab	missense_variant	orf1ab:C3267T	3267
SAMPLE_43	MN908947.3	5144	C	T	PASS	725	0.27	orf1ab	synonymous_variant	orf1ab:C5144T	5144
SAMPLE_43	MN908947.3	5388	C	A	PASS	7327	1.0	orf1ab	missense_variant	orf1ab:C5388A	5388
SAMPLE_43	MN908947.3	5986	C	T	PASS	2270	1.0	orf1ab	synonymous_variant	orf1ab:C5986T	5986
SAMPLE_43	MN908947.3	6128	C	T	PASS	2228	1.0	orf1ab	missense_variant	orf1ab:C6128T	6128
SAMPLE_43	MN908947.3	6620	T	C	PASS	5193	1.0	orf1ab	synonymous_variant	orf1ab:T6620C	6620
SAMPLE_43	MN908947.3	6954	T	C	PASS	442	1.0	orf1ab	missense_variant	orf1ab:T6954C	6954
SAMPLE_43	MN908947.3	7097	A	G	PASS	2788	1.0	orf1ab	missense_variant	orf1ab:A7097G	7097
SAMPLE_43	MN908947.3	11287	GTCTGGTTTT	G	PASS	13062	0.71	orf1ab	conservative_inframe_deletion	orf1ab:GTCTGGTTTT11287G	11296
SAMPLE_43	MN908947.3	11296	T	G	PASS	9113	1.0	orf1ab	missense_variant	orf1ab:T11296G	11296
SAMPLE_43	MN908947.3	14408	C	T	PASS	4256	1.0	orf1ab	synonymous_variant	orf1ab:C14408T	14408
SAMPLE_43	MN908947.3	14676	C	T	PASS	5756	1.0	orf1ab	missense_variant	orf1ab:C14676T	14676
SAMPLE_43	MN908947.3	15279	C	T	PASS	6487	1.0	orf1ab	missense_variant	orf1ab:C15279T	15279
SAMPLE_43	MN908947.3	16176	T	C	PASS	10644	1.0	orf1ab	missense_variant	orf1ab:T16176C	16176
SAMPLE_43	MN908947.3	17615	A	G	PASS	3970	1.0	orf1ab	missense_variant	orf1ab:A17615G	17615
SAMPLE_43	MN908947.3	19079	A	G	PASS	3998	1.0	orf1ab	missense_variant	orf1ab:A19079G	19079
SAMPLE_43	MN908947.3	19854	C	T	PASS	5031	1.0	orf1ab	missense_variant	orf1ab:C19854T	19854
SAMPLE_43	MN908947.3	21764	ATACATG	A	PASS	5317	0.42	S	disruptive_inframe_deletion	S:ATACATG21764A	21770
SAMPLE_43	MN908947.3	21990	TTTA	T	PASS	2016	0.9	S	disruptive_inframe_deletion	S:TTTA21990T	21993
SAMPLE_43	MN908947.3	23063	A	T	PASS	1645	1.0	S	missense_variant	S:A23063T	23063
SAMPLE_43	MN908947.3	23271	C	A	PASS	5981	1.0	S	missense_variant	S:C23271A	23271
SAMPLE_43	MN908947.3	23403	A	G	PASS	6090	1.0	S	missense_variant	S:A23403G	23403
SAMPLE_43	MN908947.3	23604	C	A	PASS	3725	1.0	S	missense_variant	S:C23604A	23604
SAMPLE_43	MN908947.3	23709	C	T	PASS	3541	1.0	S	missense_variant	S:C23709T	23709
SAMPLE_43	MN908947.3	24506	T	G	PASS	2784	1.0	S	missense_variant	S:T24506G	24506
SAMPLE_43	MN908947.3	24914	G	C	PASS	6954	1.0	S	missense_variant	S:G24914C	24914
SAMPLE_43	MN908947.3	27972	C	T	PASS	2951	1.0	ORF8	stop_gained	ORF8:C27972T	27972
SAMPLE_43	MN908947.3	28048	G	T	PASS	3108	1.0	ORF8	missense_variant	ORF8:G28048T	28048
SAMPLE_43	MN908947.3	28111	A	G	PASS	6013	1.0	ORF8	missense_variant	ORF8:A28111G	28111
SAMPLE_43	MN908947.3	28270	TA	T	PASS	5006	0.88	ORF8-N	intergenic_region	ORF8-N:TA28270T	28271
SAMPLE_43	MN908947.3	28280	GAT	CTA	PASS	3839	1.0	N	missense_variant	N:GAT28280CTA	28282
SAMPLE_43	MN908947.3	28881	GG	AA	PASS	1111	1.0	N	missense_variant	N:GG28881AA	28882
SAMPLE_43	MN908947.3	28883	G	C	PASS	1110	1.0	N	missense_variant	N:G28883C	28883
SAMPLE_43	MN908947.3	28977	C	T	PASS	1880	1.0	N	missense_variant	N:C28977T	28977
SAMPLE_43	MN908947.3	29770	A	G	PASS	5009	1.0	ORF10-CHR_END	intergenic_region	ORF10-CHR_END:A29770G	29770
SAMPLE_44	MN908947.3	160	G	T	PASS	4016	1.0	CHR_START-orf1ab	intergenic_region	CHR_START-orf1ab:G160T	160
SAMPLE_44	MN908947.3	241	C	T	PASS	3507	1.0	CHR_START-orf1ab	intergenic_region	CHR_START-orf1ab:C241T	241
SAMPLE_44	MN908947.3	913	C	T	PASS	4552	1.0	orf1ab	synonymous_variant	orf1ab:C913T	913
SAMPLE_44	MN908947.3	3037	C	T	PASS	3479	1.0	orf1ab	synonymous_variant	orf1ab:C3037T	3037
SAMPLE_44	MN908947.3	3267	C	T	PASS	5340	1.0	orf1ab	missense_variant	orf1ab:C3267T	3267
SAMPLE_44	MN908947.3	3638	G	T	PASS	320	1.0	orf1ab	missense_variant	orf1ab:G3638T	3638
SAMPLE_44	MN908947.3	4195	T	C	PASS	5356	1.0	orf1ab	synonymous_variant	orf1ab:T4195C	4195
SAMPLE_44	MN908947.3	5388	C	A	PASS	5130	1.0	orf1ab	missense_variant	orf1ab:C5388A	5388
SAMPLE_44	MN908947.3	5986	C	T	PASS	715	1.0	orf1ab	synonymous_variant	orf1ab:C5986T	5986
SAMPLE_44	MN908947.3	6255	C	T	PASS	10728	1.0	orf1ab	missense_variant	orf1ab:C6255T	6255
SAMPLE_44	MN908947.3	6954	T	C	PASS	156	1.0	orf1ab	missense_variant	orf1ab:T6954C	6954
SAMPLE_44	MN908947.3	7194	C	A	PASS	297	1.0	orf1ab	missense_variant	orf1ab:C7194A	7194
SAMPLE_44	MN908947.3	11287	GTCTGGTTTT	G	PASS	15334	0.62	orf1ab	conservative_inframe_deletion	orf1ab:GTCTGGTTTT11287G	11296
SAMPLE_44	MN908947.3	11296	T	G	PASS	8968	1.0	orf1ab	missense_variant	orf1ab:T11296G	11296
SAMPLE_44	MN908947.3	14408	C	T	PASS	4403	1.0	orf1ab	synonymous_variant	orf1ab:C14408T	14408
SAMPLE_44	MN908947.3	14676	C	T	PASS	5519	1.0	orf1ab	missense_variant	orf1ab:C14676T	14676
SAMPLE_44	MN908947.3	15279	C	T	PASS	2142	1.0	orf1ab	missense_variant	orf1ab:C15279T	15279
SAMPLE_44	MN908947.3	16176	T	C	PASS	8597	1.0	orf1ab	missense_variant	orf1ab:T16176C	16176
SAMPLE_44	MN908947.3	21764	ATACATG	A	PASS	5855	0.4	S	disruptive_inframe_deletion	S:ATACATG21764A	21770
SAMPLE_44	MN908947.3	21990	TTTA	T	PASS	2454	0.9	S	disruptive_inframe_deletion	S:TTTA21990T	21993
SAMPLE_44	MN908947.3	23063	A	T	PASS	557	1.0	S	missense_variant	S:A23063T	23063
SAMPLE_44	MN908947.3	23271	C	A	PASS	8926	1.0	S	missense_variant	S:C23271A	23271
SAMPLE_44	MN908947.3	23403	A	G	PASS	9220	1.0	S	missense_variant	S:A23403G	23403
SAMPLE_44	MN908947.3	23604	C	A	PASS	2439	1.0	S	missense_variant	S:C23604A	23604
SAMPLE_44	MN908947.3	23709	C	T	PASS	2493	1.0	S	missense_variant	S:C23709T	23709
SAMPLE_44	MN908947.3	24136	T	C	PASS	3326	1.0	S	synonymous_variant	S:T24136C	24136
SAMPLE_44	MN908947.3	24506	T	G	PASS	2367	1.0	S	missense_variant	S:T24506G	24506
SAMPLE_44	MN908947.3	24914	G	C	PASS	10274	1.0	S	missense_variant	S:G24914C	24914
SAMPLE_44	MN908947.3	25292	C	A	PASS	12797	1.0	S	missense_variant	S:C25292A	25292
SAMPLE_44	MN908947.3	25639	T	C	PASS	934	1.0	ORF3a	synonymous_variant	ORF3a:T25639C	25639
SAMPLE_44	MN908947.3	27579	A	G	PASS	23	1.0	ORF7a	synonymous_variant	ORF7a:A27579G	27579
SAMPLE_44	MN908947.3	27972	C	T	PASS	2149	1.0	ORF8	stop_gained	ORF8:C27972T	27972
SAMPLE_44	MN908947.3	28048	G	T	PASS	2399	1.0	ORF8	missense_variant	ORF8:G28048T	28048
SAMPLE_44	MN908947.3	28111	A	G	PASS	8802	1.0	ORF8	missense_variant	ORF8:A28111G	28111
SAMPLE_44	MN908947.3	28270	TA	T	PASS	7927	0.86	ORF8-N	intergenic_region	ORF8-N:TA28270T	28271
SAMPLE_44	MN908947.3	28280	GAT	CTA	PASS	5741	1.0	N	missense_variant	N:GAT28280CTA	28282
SAMPLE_44	MN908947.3	28881	GG	AA	PASS	261	1.0	N	missense_variant	N:GG28881AA	28882
SAMPLE_44	MN908947.3	28883	G	C	PASS	263	1.0	N	missense_variant	N:G28883C	28883
SAMPLE_44	MN908947.3	28977	C	T	PASS	452	1.0	N	missense_variant	N:C28977T	28977
SAMPLE_45	MN908947.3	241	C	T	PASS	982	1.0	CHR_START-orf1ab	intergenic_region	CHR_START-orf1ab:C241T	241
SAMPLE_45	MN908947.3	913	C	T	PASS	3434	1.0	orf1ab	synonymous_variant	orf1ab:C913T	913
SAMPLE_45	MN908947.3	3037	C	T	PASS	3827	1.0	orf1ab	synonymous_variant	orf1ab:C3037T	3037
SAMPLE_45	MN908947.3	3267	C	T	PASS	3976	1.0	orf1ab	missense_variant	orf1ab:C3267T	3267
SAMPLE_45	MN908947.3	5388	C	A	PASS	5359	1.0	orf1ab	missense_variant	orf1ab:C5388A	5388
SAMPLE_45	MN908947.3	5986	C	T	PASS	2039	1.0	orf1ab	synonymous_variant	orf1ab:C5986T	5986
SAMPLE_45	MN908947.3	6954	T	C	PASS	498	1.0	orf1ab	missense_variant	orf1ab:T6954C	6954
SAMPLE_45	MN908947.3	11287	GTCTGGTTTT	G	PASS	9986	0.7	orf1ab	conservative_inframe_deletion	orf1ab:GTCTGGTTTT11287G	11296
SAMPLE_45	MN908947.3	11296	T	G	PASS	6733	1.0	orf1ab	missense_variant	orf1ab:T11296G	11296
SAMPLE_45	MN908947.3	12970	C	T	PASS	2675	1.0	orf1ab	synonymous_variant	orf1ab:C12970T	12970
SAMPLE_45	MN908947.3	14408	C	T	PASS	3057	1.0	orf1ab	synonymous_variant	orf1ab:C14408T	14408
SAMPLE_45	MN908947.3	14676	C	T	PASS	4576	1.0	orf1ab	missense_variant	orf1ab:C14676T	14676
SAMPLE_45	MN908947.3	15279	C	T	PASS	5145	1.0	orf1ab	missense_variant	orf1ab:C15279T	15279
SAMPLE_45	MN908947.3	16176	T	C	PASS	8049	1.0	orf1ab	missense_variant	orf1ab:T16176C	16176
SAMPLE_45	MN908947.3	16308	C	T	PASS	2258	1.0	orf1ab	missense_variant	orf1ab:C16308T	16308
SAMPLE_45	MN908947.3	21575	C	T	PASS	663	0.37	S	missense_variant	S:C21575T	21575
SAMPLE_45	MN908947.3	21764	ATACATG	A	PASS	3969	0.41	S	disruptive_inframe_deletion	S:ATACATG21764A	21770
SAMPLE_45	MN908947.3	21990	TTTA	T	PASS	1592	0.91	S	disruptive_inframe_deletion	S:TTTA21990T	21993
SAMPLE_45	MN908947.3	23063	A	T	PASS	1310	1.0	S	missense_variant	S:A23063T	23063
SAMPLE_45	MN908947.3	23271	C	A	PASS	4441	1.0	S	missense_variant	S:C23271A	23271
SAMPLE_45	MN908947.3	23403	A	G	PASS	4725	1.0	S	missense_variant	S:A23403G	23403
SAMPLE_45	MN908947.3	23453	C	T	PASS	8713	1.0	S	missense_variant	S:C23453T	23453
SAMPLE_45	MN908947.3	23604	C	A	PASS	254	1.0	S	missense_variant	S:C23604A	23604
SAMPLE_45	MN908947.3	23709	C	T	PASS	244	1.0	S	missense_variant	S:C23709T	23709
SAMPLE_45	MN908947.3	24506	T	G	PASS	2240	1.0	S	missense_variant	S:T24506G	24506
SAMPLE_45	MN908947.3	24914	G	C	PASS	5221	1.0	S	missense_variant	S:G24914C	24914
SAMPLE_45	MN908947.3	27972	C	T	PASS	2366	1.0	ORF8	stop_gained	ORF8:C27972T	27972
SAMPLE_45	MN908947.3	28048	G	T	PASS	2462	1.0	ORF8	missense_variant	ORF8:G28048T	28048
SAMPLE_45	MN908947.3	28111	A	G	PASS	4361	1.0	ORF8	missense_variant	ORF8:A28111G	28111
SAMPLE_45	MN908947.3	28270	TA	T	PASS	4120	0.89	ORF8-N	intergenic_region	ORF8-N:TA28270T	28271
SAMPLE_45	MN908947.3	28280	GAT	CTA	PASS	3252	1.0	N	missense_variant	N:GAT28280CTA	28282
SAMPLE_45	MN908947.3	28881	GG	AA	PASS	988	1.0	N	missense_variant	N:GG28881AA	28882
SAMPLE_45	MN908947.3	28883	G	C	PASS	995	1.0	N	missense_variant	N:G28883C	28883
SAMPLE_45	MN908947.3	28977	C	T	PASS	1777	1.0	N	missense_variant	N:C28977T	28977
SAMPLE_46	MN908947.3	241	C	T	PASS	3397	1.0	CHR_START-orf1ab	intergenic_region	CHR_START-orf1ab:C241T	241
SAMPLE_46	MN908947.3	913	C	T	PASS	3357	1.0	orf1ab	synonymous_variant	orf1ab:C913T	913
SAMPLE_46	MN908947.3	3037	C	T	PASS	2322	1.0	orf1ab	synonymous_variant	orf1ab:C3037T	3037
SAMPLE_46	MN908947.3	3267	C	T	PASS	3996	1.0	orf1ab	missense_variant	orf1ab:C3267T	3267
SAMPLE_46	MN908947.3	5388	C	A	PASS	3583	1.0	orf1ab	missense_variant	orf1ab:C5388A	5388
SAMPLE_46	MN908947.3	5986	C	T	PASS	1574	1.0	orf1ab	synonymous_variant	orf1ab:C5986T	5986
SAMPLE_46	MN908947.3	6595	T	C	PASS	4953	1.0	orf1ab	synonymous_variant	orf1ab:T6595C	6595
SAMPLE_46	MN908947.3	6954	T	C	PASS	107	1.0	orf1ab	missense_variant	orf1ab:T6954C	6954
SAMPLE_46	MN908947.3	7513	TAG	T	PASS	2617	0.29	orf1ab	frameshift_variant	orf1ab:TAG7513T	7515
SAMPLE_46	MN908947.3	11287	GTCTGGTTTT	G	PASS	18103	0.72	orf1ab	conservative_inframe_deletion	orf1ab:GTCTGGTTTT11287G	11296
SAMPLE_46	MN908947.3	11296	T	G	PASS	12803	1.0	orf1ab	missense_variant	orf1ab:T11296G	11296
SAMPLE_46	MN908947.3	12162	A	G	PASS	7124	1.0	orf1ab	missense_variant	orf1ab:A12162G	12162
SAMPLE_46	MN908947.3	14408	C	T	PASS	3015	1.0	orf1ab	synonymous_variant	orf1ab:C14408T	14408
SAMPLE_46	MN908947.3	14556	T	G	PASS	3598	0.29	orf1ab	missense_variant	orf1ab:T14556G	14556
SAMPLE_46	MN908947.3	14676	C	T	PASS	6362	1.0	orf1ab	missense_variant	orf1ab:C14676T	14676
SAMPLE_46	MN908947.3	15279	C	T	PASS	1418	1.0	orf1ab	missense_variant	orf1ab:C15279T	15279
SAMPLE_46	MN908947.3	16176	T	C	PASS	5121	1.0	orf1ab	missense_variant	orf1ab:T16176C	16176
SAMPLE_46	MN908947.3	17615	A	G	PASS	2796	1.0	orf1ab	missense_variant	orf1ab:A17615G	17615
SAMPLE_46	MN908947.3	18713	C	T	PASS	9543	0.54	orf1ab	missense_variant	orf1ab:C18713T	18713
SAMPLE_46	MN908947.3	21764	ATACATG	A	PASS	5713	0.4	S	disruptive_inframe_deletion	S:ATACATG21764A	21770
SAMPLE_46	MN908947.3	21990	TTTA	T	PASS	2579	0.91	S	disruptive_inframe_deletion	S:TTTA21990T	21993
SAMPLE_46	MN908947.3	23063	A	T	PASS	366	1.0	S	missense_variant	S:A23063T	23063
SAMPLE_46	MN908947.3	23271	C	A	PASS	6873	1.0	S	missense_variant	S:C23271A	23271
SAMPLE_46	MN908947.3	23403	A	G	PASS	6827	1.0	S	missense_variant	S:A23403G	23403
SAMPLE_46	MN908947.3	23604	C	A	PASS	2545	1.0	S	missense_variant	S:C23604A	23604
SAMPLE_46	MN908947.3	23709	C	T	PASS	2736	1.0	S	missense_variant	S:C23709T	23709
SAMPLE_46	MN908947.3	24506	T	G	PASS	1618	1.0	S	missense_variant	S:T24506G	24506
SAMPLE_46	MN908947.3	24914	G	C	PASS	11477	1.0	S	missense_variant	S:G24914C	24914
SAMPLE_46	MN908947.3	27281	G	T	PASS	2621	1.0	ORF6	missense_variant	ORF6:G27281T	27281
SAMPLE_46	MN908947.3	27972	C	T	PASS	2488	1.0	ORF8	stop_gained	ORF8:C27972T	27972
SAMPLE_46	MN908947.3	28048	G	T	PASS	2808	1.0	ORF8	missense_variant	ORF8:G28048T	28048
SAMPLE_46	MN908947.3	28111	A	G	PASS	8509	1.0	ORF8	missense_variant	ORF8:A28111G	28111
SAMPLE_46	MN908947.3	28270	TA	T	PASS	6902	0.86	ORF8-N	intergenic_region	ORF8-N:TA28270T	28271
SAMPLE_46	MN908947.3	28280	GAT	CTA	PASS	4877	1.0	N	missense_variant	N:GAT28280CTA	28282
SAMPLE_46	MN908947.3	28881	GG	AA	PASS	134	1.0	N	missense_variant	N:GG28881AA	28882
SAMPLE_46	MN908947.3	28883	G	C	PASS	134	1.0	N	missense_variant	N:G28883C	28883
SAMPLE_46	MN908947.3	28977	C	T	PASS	228	1.0	N	missense_variant	N:C28977T	28977
SAMPLE_47	MN908947.3	241	C	T	PASS	1012	1.0	CHR_START-orf1ab	intergenic_region	CHR_START-orf1ab:C241T	241
SAMPLE_47	MN908947.3	913	C	T	PASS	2766	1.0	orf1ab	synonymous_variant	orf1ab:C913T	913
SAMPLE_47	MN908947.3	3037	C	T	PASS	4254	1.0	orf1ab	synonymous_variant	orf1ab:C3037T	3037
SAMPLE_47	MN908947.3	3267	C	T	PASS	3101	1.0	orf1ab	missense_variant	orf1ab:C3267T	3267
SAMPLE_47	MN908947.3	5388	C	A	PASS	5363	1.0	orf1ab	missense_variant	orf1ab:C5388A	5388
SAMPLE_47	MN908947.3	5986	C	T	PASS	2245	1.0	orf1ab	synonymous_variant	orf1ab:C5986T	5986
SAMPLE_47	MN908947.3	6941	C	T	PASS	865	1.0	orf1ab	synonymous_variant	orf1ab:C6941T	6941
SAMPLE_47	MN908947.3	6954	T	C	PASS	1008	1.0	orf1ab	missense_variant	orf1ab:T6954C	6954
SAMPLE_47	MN908947.3	9397	A	T	PASS	5489	1.0	orf1ab	synonymous_variant	orf1ab:A9397T	9397
SAMPLE_47	MN908947.3	11287	GTCTGGTTTT	G	PASS	7956	0.78	orf1ab	conservative_inframe_deletion	orf1ab:GTCTGGTTTT11287G	11296
SAMPLE_47	MN908947.3	11296	T	G	PASS	6109	1.0	orf1ab	missense_variant	orf1ab:T11296G	11296
SAMPLE_47	MN908947.3	14408	C	T	PASS	2643	1.0	orf1ab	synonymous_variant	orf1ab:C14408T	14408
SAMPLE_47	MN908947.3	14676	C	T	PASS	3523	1.0	orf1ab	missense_variant	orf1ab:C14676T	14676
SAMPLE_47	MN908947.3	15279	C	T	PASS	5346	1.0	orf1ab	missense_variant	orf1ab:C15279T	15279
SAMPLE_47	MN908947.3	16176	T	C	PASS	8818	1.0	orf1ab	missense_variant	orf1ab:T16176C	16176
SAMPLE_47	MN908947.3	20371	C	T	PASS	802	1.0	orf1ab	synonymous_variant	orf1ab:C20371T	20371
SAMPLE_47	MN908947.3	21764	ATACATG	A	PASS	4221	0.39	S	disruptive_inframe_deletion	S:ATACATG21764A	21770
SAMPLE_47	MN908947.3	21990	TTTA	T	PASS	1730	0.9	S	disruptive_inframe_deletion	S:TTTA21990T	21993
SAMPLE_47	MN908947.3	23063	A	T	PASS	1639	1.0	S	missense_variant	S:A23063T	23063
SAMPLE_47	MN908947.3	23271	C	A	PASS	3647	1.0	S	missense_variant	S:C23271A	23271
SAMPLE_47	MN908947.3	23403	A	G	PASS	3685	1.0	S	missense_variant	S:A23403G	23403
SAMPLE_47	MN908947.3	23604	C	A	PASS	2720	1.0	S	missense_variant	S:C23604A	23604
SAMPLE_47	MN908947.3	23709	C	T	PASS	2842	1.0	S	missense_variant	S:C23709T	23709
SAMPLE_47	MN908947.3	24506	T	G	PASS	2092	1.0	S	missense_variant	S:T24506G	24506
SAMPLE_47	MN908947.3	24914	G	C	PASS	4032	1.0	S	missense_variant	S:G24914C	24914
SAMPLE_47	MN908947.3	27972	C	T	PASS	2253	1.0	ORF8	stop_gained	ORF8:C27972T	27972
SAMPLE_47	MN908947.3	28048	G	T	PASS	2453	1.0	ORF8	missense_variant	ORF8:G28048T	28048
SAMPLE_47	MN908947.3	28111	A	G	PASS	4161	1.0	ORF8	missense_variant	ORF8:A28111G	28111
SAMPLE_47	MN908947.3	28270	TA	T	PASS	3182	0.9	ORF8-N	intergenic_region	ORF8-N:TA28270T	28271
SAMPLE_47	MN908947.3	28280	GAT	CTA	PASS	2360	1.0	N	missense_variant	N:GAT28280CTA	28282
SAMPLE_47	MN908947.3	28287	G	T	PASS	3205	1.0	N	missense_variant	N:G28287T	28287
SAMPLE_47	MN908947.3	28817	G	T	PASS	1577	1.0	N	missense_variant	N:G28817T	28817
SAMPLE_47	MN908947.3	28881	GG	AA	PASS	1305	1.0	N	missense_variant	N:GG28881AA	28882
SAMPLE_47	MN908947.3	28883	G	C	PASS	1306	1.0	N	missense_variant	N:G28883C	28883
SAMPLE_47	MN908947.3	28977	C	T	PASS	2250	1.0	N	missense_variant	N:C28977T	28977
SAMPLE_48	MN908947.3	241	C	T	PASS	1257	1.0	CHR_START-orf1ab	intergenic_region	CHR_START-orf1ab:C241T	241
SAMPLE_48	MN908947.3	913	C	T	PASS	2434	1.0	orf1ab	synonymous_variant	orf1ab:C913T	913
SAMPLE_48	MN908947.3	1968	C	T	PASS	297	1.0	orf1ab	missense_variant	orf1ab:C1968T	1968
SAMPLE_48	MN908947.3	3037	C	T	PASS	2227	1.0	orf1ab	synonymous_variant	orf1ab:C3037T	3037
SAMPLE_48	MN908947.3	3267	C	T	PASS	3458	1.0	orf1ab	missense_variant	orf1ab:C3267T	3267
SAMPLE_48	MN908947.3	4964	A	G	PASS	2186	1.0	orf1ab	missense_variant	orf1ab:A4964G	4964
SAMPLE_48	MN908947.3	5388	C	A	PASS	3071	1.0	orf1ab	missense_variant	orf1ab:C5388A	5388
SAMPLE_48	MN908947.3	5986	C	T	PASS	1650	1.0	orf1ab	synonymous_variant	orf1ab:C5986T	5986
SAMPLE_48	MN908947.3	6954	T	C	PASS	362	1.0	orf1ab	missense_variant	orf1ab:T6954C	6954
SAMPLE_48	MN908947.3	11071	G	T	PASS	4974	1.0	orf1ab	missense_variant	orf1ab:G11071T	11071
SAMPLE_48	MN908947.3	11287	GTCTGGTTTT	G	PASS	7868	0.64	orf1ab	conservative_inframe_deletion	orf1ab:GTCTGGTTTT11287G	11296
SAMPLE_48	MN908947.3	11296	T	G	PASS	4859	1.0	orf1ab	missense_variant	orf1ab:T11296G	11296
SAMPLE_48	MN908947.3	12032	G	C	PASS	3498	1.0	orf1ab	missense_variant	orf1ab:G12032C	12032
SAMPLE_48	MN908947.3	12162	A	G	PASS	8624	1.0	orf1ab	missense_variant	orf1ab:A12162G	12162
SAMPLE_48	MN908947.3	13348	G	T	PASS	9333	1.0	orf1ab	synonymous_variant	orf1ab:G13348T	13348
SAMPLE_48	MN908947.3	14408	C	T	PASS	2474	1.0	orf1ab	synonymous_variant	orf1ab:C14408T	14408
SAMPLE_48	MN908947.3	14676	C	T	PASS	3691	1.0	orf1ab	missense_variant	orf1ab:C14676T	14676
SAMPLE_48	MN908947.3	15279	C	T	PASS	2354	1.0	orf1ab	missense_variant	orf1ab:C15279T	15279
SAMPLE_48	MN908947.3	16176	T	C	PASS	5944	1.0	orf1ab	missense_variant	orf1ab:T16176C	16176
SAMPLE_48	MN908947.3	17615	A	G	PASS	1907	1.0	orf1ab	missense_variant	orf1ab:A17615G	17615
SAMPLE_48	MN908947.3	20056	G	T	PASS	327	1.0	orf1ab	missense_variant	orf1ab:G20056T	20056
SAMPLE_48	MN908947.3	21764	ATACATG	A	PASS	3090	0.41	S	disruptive_inframe_deletion	S:ATACATG21764A	21770
SAMPLE_48	MN908947.3	21990	TTTA	T	PASS	1528	0.91	S	disruptive_inframe_deletion	S:TTTA21990T	21993
SAMPLE_48	MN908947.3	23063	A	T	PASS	761	1.0	S	missense_variant	S:A23063T	23063
SAMPLE_48	MN908947.3	23271	C	A	PASS	3887	1.0	S	missense_variant	S:C23271A	23271
SAMPLE_48	MN908947.3	23403	A	G	PASS	3911	1.0	S	missense_variant	S:A23403G	23403
SAMPLE_48	MN908947.3	23604	C	A	PASS	1654	1.0	S	missense_variant	S:C23604A	23604
SAMPLE_48	MN908947.3	23709	C	T	PASS	1764	1.0	S	missense_variant	S:C23709T	23709
SAMPLE_48	MN908947.3	24506	T	G	PASS	1808	1.0	S	missense_variant	S:T24506G	24506
SAMPLE_48	MN908947.3	24914	G	C	PASS	4159	1.0	S	missense_variant	S:G24914C	24914
SAMPLE_48	MN908947.3	25457	A	G	PASS	1650	1.0	ORF3a	missense_variant	ORF3a:A25457G	25457
SAMPLE_48	MN908947.3	27972	C	T	PASS	1338	1.0	ORF8	stop_gained	ORF8:C27972T	27972
SAMPLE_48	MN908947.3	28048	G	T	PASS	1395	1.0	ORF8	missense_variant	ORF8:G28048T	28048
SAMPLE_48	MN908947.3	28111	A	G	PASS	3391	1.0	ORF8	missense_variant	ORF8:A28111G	28111
SAMPLE_48	MN908947.3	28270	TA	T	PASS	2576	0.87	ORF8-N	intergenic_region	ORF8-N:TA28270T	28271
SAMPLE_48	MN908947.3	28280	GAT	CTA	PASS	1843	1.0	N	missense_variant	N:GAT28280CTA	28282
SAMPLE_48	MN908947.3	28881	GG	AA	PASS	331	1.0	N	missense_variant	N:GG28881AA	28882
SAMPLE_48	MN908947.3	28883	G	C	PASS	333	1.0	N	missense_variant	N:G28883C	28883
SAMPLE_48	MN908947.3	28977	C	T	PASS	490	1.0	N	missense_variant	N:C28977T	28977
