caller	af_bin	recall	precision	f1	tp	fp	fn
strelka	0.000000-0.200000	0.0	0.0	0.0	0	105	0
strelka	0.200000-0.400000	0.0	0.0	0.0	0	0	0
strelka	0.400000-0.600000	0.0	0.0	0.0	0	0	0
strelka	0.600000-0.800000	0.0	0.0	0.0	0	0	0
strelka	0.800000-1.000000	0.0	0.0	0.0	0	0	0
