caller	variant_type	tp	fp	fn	recall	precision	f1	recall_lower	recall_upper	precision_lower	precision_upper
mutect2	indels	1577	18	1531	0.0291693088142041	0.71875	0.05606337599024969	0.0217058224076835	0.0383576703548163	0.6007421174995636	0.8174777400154283
strelka	indels	1577	105	1523	0.0342422320862396	0.3396226415094339	0.06221198156682012	0.026102885349639	0.0440881266569628	0.2694228684239977	0.415601419243406
freebayes	indels	1577	19101	1521	0.0355104629042485	0.0029232134467818	0.005401755570560337	0.0272107979219772	0.0455120815858859	0.002231592988374	0.003764896615605
