quality	recall	precision	f1
0.0	0.957749	0.9995930000000001	0.978224
30.0	0.957693	0.9995930000000001	0.978195
