variant_type	filter	truth_tp	truth_fn	query_fp	recall	precision	f1
INDEL	ALL	7585.0	181.0	2.0	0.9766932783929951	0.999736391195466	0.9880805054386765
INDEL	PASS	7585.0	181.0	2.0	0.9766932783929951	0.999736391195466	0.9880805054386765
SNP	ALL	35155.0	773.0	14.0	0.9784847472723224	0.9996019221473457	0.9889306159190965
SNP	PASS	35155.0	773.0	14.0	0.9784847472723224	0.9996019221473457	0.9889306159190965
