cell_id,sample,x,y,area_px,area_um2,mean_em450,mean_em515,mean_em605,dominant_channel
k2d_0001,kidney_2d,4.45,2.27,33,50.74,1798.3,324.9,705.6,em450
k2d_0002,kidney_2d,10.88,5.46,24,36.9,1607.6,289.9,1170.3,em450
k2d_0003,kidney_2d,8.41,10.35,34,52.28,1761.5,316.6,738.0,em450
k2d_0004,kidney_2d,28.06,1.0,18,27.68,1882.8,459.9,699.3,em450
k2d_0005,kidney_2d,120.58,5.53,64,98.41,2368.8,777.7,1142.6,em450
k2d_0006,kidney_2d,136.85,2.58,26,39.98,1609.7,1421.9,780.2,em450
k2d_0007,kidney_2d,177.53,7.89,45,69.19,2176.0,508.1,1806.9,em450
k2d_0008,kidney_2d,174.69,11.44,16,24.6,2185.1,374.7,1480.1,em450
k2d_0009,kidney_2d,173.65,14.47,17,26.14,2005.2,1148.4,1537.3,em450
k2d_0010,kidney_2d,182.0,2.07,29,44.59,2064.8,484.7,2619.7,em605
k2d_0011,kidney_2d,221.5,4.5,40,61.5,1961.7,1343.5,709.7,em450
k2d_0012,kidney_2d,217.09,10.91,22,33.83,1770.6,1414.6,723.9,em450
k2d_0013,kidney_2d,219.41,17.59,37,56.89,1903.8,1834.6,797.4,em450
k2d_0014,kidney_2d,239.17,2.22,18,27.68,1603.1,302.0,603.4,em450
k2d_0015,kidney_2d,314.63,2.37,46,70.73,1885.0,539.0,872.8,em450
k2d_0016,kidney_2d,305.61,2.42,38,58.43,1969.1,606.0,1049.7,em450
k2d_0017,kidney_2d,334.04,18.12,92,141.46,1967.5,561.5,747.5,em450
k2d_0018,kidney_2d,340.32,10.46,50,76.88,1858.8,916.9,1863.7,em450
k2d_0019,kidney_2d,348.19,13.07,42,64.58,1919.3,653.3,1128.5,em450
k2d_0020,kidney_2d,337.5,3.0,30,46.13,1773.4,758.2,1073.9,em450
k2d_0021,kidney_2d,413.59,95.43,107,164.52,2168.2,1145.6,1254.0,em450
k2d_0022,kidney_2d,393.93,72.4,73,112.24,2192.4,574.5,1772.3,em450
k2d_0023,kidney_2d,435.1,73.97,100,153.76,2034.9,1584.1,918.0,em450
k2d_0024,kidney_2d,409.89,83.09,88,135.31,2221.3,1086.5,1178.9,em450
k2d_0025,kidney_2d,429.02,69.18,50,76.88,2204.9,1639.7,1208.4,em450
k2d_0026,kidney_2d,387.38,72.29,45,69.19,2428.2,768.1,2165.1,em450
k2d_0027,kidney_2d,442.03,37.34,38,58.43,2357.6,2079.4,979.3,em450
k2d_0028,kidney_2d,423.38,67.85,52,79.96,2148.7,1415.7,814.3,em450
k2d_0029,kidney_2d,384.23,69.12,26,39.98,2769.8,915.3,1011.5,em450
k2d_0030,kidney_2d,396.12,79.22,41,63.04,3045.7,711.6,1959.2,em450
k2d_0031,kidney_2d,400.97,80.36,33,50.74,2319.7,675.6,1846.6,em450
k2d_0032,kidney_2d,439.11,2.36,36,55.35,2153.8,378.4,580.9,em450
k2d_0033,kidney_2d,431.33,17.63,57,87.64,2056.3,1444.8,563.2,em450
k2d_0034,kidney_2d,433.85,28.88,41,63.04,2545.3,1889.4,882.4,em450
k2d_0035,kidney_2d,436.95,37.92,37,56.89,1961.5,2949.5,1420.2,em515
k2d_0036,kidney_2d,434.65,51.04,52,79.96,2335.4,2088.4,819.0,em450
k2d_0037,kidney_2d,380.0,69.9,40,61.5,2513.1,612.1,523.0,em450
k2d_0038,kidney_2d,426.12,79.0,56,86.11,2219.2,1317.2,1203.5,em450
k2d_0039,kidney_2d,428.73,85.1,48,73.8,2369.8,1555.0,1414.2,em450
k2d_0040,kidney_2d,407.97,89.75,32,49.2,1848.3,521.0,1038.4,em450
k2d_0041,kidney_2d,417.23,88.13,39,59.97,2007.3,1261.7,1106.6,em450
k2d_0042,kidney_2d,440.26,7.23,31,47.67,1878.9,396.1,626.5,em450
k2d_0043,kidney_2d,456.07,17.95,44,67.65,2007.1,443.1,806.3,em450
k2d_0044,kidney_2d,434.08,23.88,24,36.9,1717.0,1425.2,706.9,em450
k2d_0045,kidney_2d,443.43,32.57,21,32.29,1921.0,2893.0,1019.0,em515
k2d_0046,kidney_2d,445.6,40.87,30,46.13,1919.3,1832.1,696.7,em450
k2d_0047,kidney_2d,451.56,54.66,41,63.04,2161.7,1497.0,969.8,em450
k2d_0048,kidney_2d,436.7,57.65,43,66.12,1901.6,2048.1,869.9,em450
k2d_0049,kidney_2d,404.0,82.0,15,23.06,2274.9,723.5,1145.1,em450
k2d_0050,kidney_2d,452.84,24.57,44,67.65,2268.1,898.8,1775.1,em450
k2d_0051,kidney_2d,442.23,28.46,35,53.82,2216.8,2350.6,1043.3,em450
k2d_0052,kidney_2d,432.93,34.85,27,41.52,2312.6,2523.6,1790.3,em450
k2d_0053,kidney_2d,434.22,43.95,37,56.89,1984.7,1922.6,705.4,em450
k2d_0054,kidney_2d,451.86,43.16,37,56.89,1989.4,1709.8,1081.1,em450
k2d_0055,kidney_2d,454.38,47.79,24,36.9,2161.6,1898.5,991.2,em450
k2d_0056,kidney_2d,443.08,59.29,38,58.43,2005.6,1849.4,720.3,em450
k2d_0057,kidney_2d,444.29,66.93,42,64.58,2113.6,2673.6,914.8,em515
k2d_0058,kidney_2d,415.95,77.77,39,59.97,2287.8,1383.2,1203.5,em450
k2d_0059,kidney_2d,430.61,95.65,23,35.36,2102.5,1200.1,948.2,em450
k2d_0060,kidney_2d,438.93,23.07,30,46.13,2205.9,1752.1,1245.2,em450
k2d_0061,kidney_2d,449.7,33.09,33,50.74,2112.1,2164.1,851.7,em450
k2d_0062,kidney_2d,454.29,51.29,17,26.14,1720.2,2116.4,1586.1,em515
k2d_0063,kidney_2d,422.33,89.17,18,27.68,1974.1,1121.5,661.4,em450
k2d_0064,kidney_2d,432.11,91.56,27,41.52,2391.7,1508.3,895.6,em450
k2d_0065,kidney_2d,433.03,7.97,29,44.59,2058.1,1081.1,600.9,em450
k2d_0066,kidney_2d,434.83,13.28,18,27.68,1785.1,1728.0,751.2,em450
k2d_0067,kidney_2d,447.86,21.67,21,32.29,1817.2,411.0,978.4,em450
k2d_0068,kidney_2d,460.41,49.0,32,49.2,2162.8,1357.5,1847.7,em450
k2d_0069,kidney_2d,434.5,62.5,18,27.68,2102.9,2700.7,1107.6,em515
k2d_0070,kidney_2d,441.0,70.25,12,18.45,1764.8,2136.8,837.4,em515
k2d_0071,kidney_2d,418.88,71.81,26,39.98,2007.2,1705.9,1221.7,em450
k2d_0072,kidney_2d,442.1,11.8,20,30.75,1433.5,584.5,808.0,em450
k2d_0073,kidney_2d,429.04,38.35,23,35.36,1913.6,807.2,937.5,em450
k2d_0074,kidney_2d,433.54,65.46,13,19.99,1937.5,1896.9,986.3,em450
k2d_0075,kidney_2d,414.23,73.0,13,19.99,2478.3,625.9,564.0,em450
k2d_0076,kidney_2d,405.08,96.25,12,18.45,2332.2,483.2,844.7,em450
k2d_0077,kidney_2d,463.08,3.27,37,56.89,1890.8,559.6,886.3,em450
k2d_0078,kidney_2d,461.14,8.57,37,56.89,1844.8,717.4,793.4,em450
k2d_0079,kidney_2d,492.75,2.56,77,118.4,2137.5,942.5,813.6,em450
k2d_0080,kidney_2d,497.5,9.45,22,33.83,2107.0,891.0,438.5,em450
k2d_0081,kidney_2d,506.65,2.37,49,75.34,1906.7,1629.1,871.9,em450
k2d_0082,kidney_2d,191.16,2.84,19,29.21,1800.4,831.3,717.5,em450
k2d_0083,kidney_2d,350.5,4.0,38,58.43,1951.7,641.2,1431.1,em450
k2d_0084,kidney_2d,44.72,4.88,25,38.44,1747.2,397.6,730.0,em450
k2d_0085,kidney_2d,107.71,5.71,24,36.9,1734.8,300.0,842.8,em450
k2d_0086,kidney_2d,363.04,13.6,25,38.44,2212.6,604.5,551.6,em450
k2d_0087,kidney_2d,360.35,6.7,20,30.75,2097.4,811.0,810.5,em450
k2d_0088,kidney_2d,472.8,14.11,54,83.03,1970.5,539.4,1051.8,em450
k2d_0089,kidney_2d,470.48,9.52,21,32.29,2416.8,670.0,2660.0,em450
k2d_0090,kidney_2d,474.71,6.46,41,63.04,2193.3,744.7,621.2,em450
k2d_0091,kidney_2d,19.07,7.61,28,43.05,1766.6,525.1,1189.6,em450
k2d_0092,kidney_2d,35.5,9.0,26,39.98,1801.2,370.2,715.0,em450
k2d_0093,kidney_2d,191.58,14.88,52,79.96,1835.0,2192.7,681.0,em515
k2d_0094,kidney_2d,207.13,14.95,55,84.57,2188.2,1332.0,869.4,em450
k2d_0095,kidney_2d,187.62,18.95,37,56.89,2187.5,1506.2,634.7,em450
k2d_0096,kidney_2d,202.83,19.0,24,36.9,1738.1,1581.8,824.2,em450
k2d_0097,kidney_2d,188.37,9.63,30,46.13,1892.3,1295.7,635.3,em450
k2d_0098,kidney_2d,200.87,23.72,46,70.73,1838.7,2787.7,792.9,em515
k2d_0099,kidney_2d,189.45,27.16,31,47.67,1943.1,2324.6,840.1,em515
k2d_0100,kidney_2d,207.26,26.71,34,52.28,1931.2,2081.8,1186.6,em450
k2d_0101,kidney_2d,211.55,19.14,22,33.83,2299.5,1581.0,1980.5,em450
k2d_0102,kidney_2d,195.97,28.58,33,50.74,1958.1,2602.5,774.7,em515
k2d_0103,kidney_2d,208.31,33.21,29,44.59,1909.9,1674.9,920.4,em450
k2d_0104,kidney_2d,191.5,22.71,14,21.53,1698.5,3687.3,997.2,em515
k2d_0105,kidney_2d,213.07,22.6,15,23.06,2134.8,1728.9,2039.9,em450
k2d_0106,kidney_2d,227.73,11.16,55,84.57,2146.7,1289.9,515.4,em450
k2d_0107,kidney_2d,150.5,10.21,28,43.05,1904.4,1387.3,943.4,em450
k2d_0108,kidney_2d,159.66,12.55,44,67.65,1805.2,1620.4,622.9,em450
k2d_0109,kidney_2d,166.46,16.62,24,36.9,1773.5,1537.0,1137.5,em450
k2d_0110,kidney_2d,167.33,21.45,33,50.74,1892.8,1612.6,544.8,em450
k2d_0111,kidney_2d,160.2,19.5,30,46.13,1989.4,1614.1,568.5,em450
k2d_0112,kidney_2d,282.63,11.63,30,46.13,1799.2,243.8,386.2,em450
k2d_0113,kidney_2d,237.79,19.93,28,43.05,1951.8,1568.1,1103.9,em450
k2d_0114,kidney_2d,242.47,13.34,38,58.43,2239.3,455.4,476.5,em450
k2d_0115,kidney_2d,259.06,15.76,34,52.28,2034.5,383.1,796.9,em450
k2d_0116,kidney_2d,263.36,20.36,28,43.05,1701.7,737.4,468.4,em450
k2d_0117,kidney_2d,298.55,12.71,31,47.67,1806.8,472.3,452.4,em450
k2d_0118,kidney_2d,99.44,13.2,25,38.44,1718.4,353.7,1419.5,em450
k2d_0119,kidney_2d,308.56,14.72,32,49.2,2012.8,360.0,1198.4,em450
k2d_0120,kidney_2d,313.86,16.54,37,56.89,1871.9,769.4,589.5,em450
k2d_0121,kidney_2d,356.42,14.55,31,47.67,1984.9,585.9,541.5,em450
k2d_0122,kidney_2d,21.08,15.56,25,38.44,1700.3,416.7,769.4,em450
k2d_0123,kidney_2d,485.64,19.77,39,59.97,1858.5,508.0,816.9,em450
k2d_0124,kidney_2d,490.29,16.76,17,26.14,2008.2,623.9,694.7,em450
k2d_0125,kidney_2d,497.65,18.54,26,39.98,2040.0,1315.3,581.6,em450
k2d_0126,kidney_2d,502.6,15.87,15,23.06,1768.3,647.6,237.6,em450
k2d_0127,kidney_2d,37.4,17.97,30,46.13,1800.7,460.3,880.1,em450
k2d_0128,kidney_2d,227.12,21.72,25,38.44,1906.5,1546.0,775.0,em450
k2d_0129,kidney_2d,57.92,21.42,12,18.45,1799.2,399.8,828.2,em450
k2d_0130,kidney_2d,57.11,25.5,18,27.68,1913.8,586.5,568.1,em450
k2d_0131,kidney_2d,346.47,22.33,15,23.06,1502.4,441.1,977.3,em450
k2d_0132,kidney_2d,111.26,22.95,19,29.21,1759.6,285.1,589.9,em450
k2d_0133,kidney_2d,176.08,28.56,25,38.44,1980.9,1271.3,530.5,em450
k2d_0134,kidney_2d,178.14,21.93,14,21.53,1811.1,1585.9,1173.9,em450
k2d_0135,kidney_2d,282.24,23.42,33,50.74,1930.6,422.8,621.7,em450
k2d_0136,kidney_2d,464.22,24.29,45,69.19,1965.5,443.8,844.8,em450
k2d_0137,kidney_2d,31.63,24.63,30,46.13,1755.8,434.1,924.1,em450
k2d_0138,kidney_2d,27.04,28.4,25,38.44,1660.7,555.6,938.3,em450
k2d_0139,kidney_2d,252.41,43.32,44,67.65,2015.9,1650.5,966.4,em450
k2d_0140,kidney_2d,240.74,28.11,35,53.82,1836.7,2006.4,783.4,em450
k2d_0141,kidney_2d,242.69,42.45,29,44.59,2045.9,1694.9,925.4,em450
k2d_0142,kidney_2d,239.84,35.52,25,38.44,2022.3,1547.2,499.6,em450
k2d_0143,kidney_2d,247.5,39.1,20,30.75,1609.5,1656.8,655.6,em450
k2d_0144,kidney_2d,244.38,23.62,13,19.99,1546.2,1409.3,964.0,em450
k2d_0145,kidney_2d,250.5,24.78,18,27.68,1737.0,1193.8,1042.4,em450
k2d_0146,kidney_2d,311.87,25.87,39,59.97,1902.8,871.4,734.9,em450
k2d_0147,kidney_2d,355.5,25.0,16,24.6,1690.7,482.0,1044.6,em450
k2d_0148,kidney_2d,8.2,25.27,15,23.06,1538.5,552.6,1309.9,em450
k2d_0149,kidney_2d,331.57,28.83,47,72.27,1932.4,549.0,957.2,em450
k2d_0150,kidney_2d,325.58,26.42,31,47.67,1773.3,1201.0,1300.9,em450
k2d_0151,kidney_2d,373.29,28.83,59,90.72,1953.7,526.3,734.3,em450
k2d_0152,kidney_2d,381.43,31.97,30,46.13,1927.2,427.7,1489.3,em450
k2d_0153,kidney_2d,377.53,31.13,15,23.06,1875.3,405.2,711.6,em450
k2d_0154,kidney_2d,380.9,37.34,29,44.59,1706.7,776.6,1010.4,em450
k2d_0155,kidney_2d,388.09,36.29,34,52.28,2197.2,815.8,1440.7,em450
k2d_0156,kidney_2d,495.98,36.94,94,144.53,2053.5,1269.1,910.7,em450
k2d_0157,kidney_2d,503.9,35.99,80,123.01,2005.3,1170.3,520.6,em450
k2d_0158,kidney_2d,487.18,34.35,51,78.42,1888.9,418.8,774.1,em450
k2d_0159,kidney_2d,500.04,26.08,25,38.44,2225.4,1043.5,651.6,em450
k2d_0160,kidney_2d,105.88,31.37,68,104.56,1797.7,844.8,1259.8,em450
k2d_0161,kidney_2d,82.56,45.61,70,107.63,1760.6,477.5,879.4,em450
k2d_0162,kidney_2d,75.92,50.66,38,58.43,1745.1,494.6,1578.2,em450
k2d_0163,kidney_2d,103.07,53.3,57,87.64,1890.1,2020.2,3251.2,em605
k2d_0164,kidney_2d,101.0,32.75,12,18.45,1463.4,920.7,1342.6,em450
k2d_0165,kidney_2d,98.04,36.07,45,69.19,1730.6,1207.3,1839.4,em450
k2d_0166,kidney_2d,107.25,37.45,20,30.75,1870.0,1292.8,1454.0,em450
k2d_0167,kidney_2d,90.55,41.58,31,47.67,1658.5,681.9,1234.3,em450
k2d_0168,kidney_2d,100.0,42.7,30,46.13,2044.6,2787.8,2573.4,em515
k2d_0169,kidney_2d,95.31,45.84,32,49.2,2061.6,2232.7,2242.3,em450
k2d_0170,kidney_2d,68.5,47.4,30,46.13,1845.7,307.0,1509.5,em450
k2d_0171,kidney_2d,62.74,44.65,31,47.67,1815.5,365.3,991.2,em450
k2d_0172,kidney_2d,104.95,48.2,20,30.75,1724.0,2407.1,3721.8,em605
k2d_0173,kidney_2d,113.52,40.64,25,38.44,1976.4,1332.6,1202.5,em450
k2d_0174,kidney_2d,294.79,29.03,39,59.97,2036.7,253.2,294.2,em450
k2d_0175,kidney_2d,155.13,66.87,67,103.02,2192.9,822.3,759.9,em450
k2d_0176,kidney_2d,165.98,38.14,56,86.11,1819.7,1532.9,844.8,em450
k2d_0177,kidney_2d,170.62,42.78,32,49.2,1819.3,1671.6,657.4,em450
k2d_0178,kidney_2d,164.44,56.0,32,49.2,1767.1,1718.4,1052.8,em450
k2d_0179,kidney_2d,169.71,30.18,28,43.05,1909.9,1515.5,579.6,em450
k2d_0180,kidney_2d,165.15,47.26,27,41.52,1939.0,1400.0,731.0,em450
k2d_0181,kidney_2d,161.24,51.64,25,38.44,1925.1,1339.5,910.2,em450
k2d_0182,kidney_2d,175.41,44.41,17,26.14,1741.7,1668.6,802.0,em450
k2d_0183,kidney_2d,162.42,62.58,19,29.21,1938.3,1744.2,1102.1,em450
k2d_0184,kidney_2d,361.45,29.58,31,47.67,1898.0,544.5,907.3,em450
k2d_0185,kidney_2d,159.6,30.3,20,30.75,2364.3,1601.0,650.6,em450
k2d_0186,kidney_2d,305.55,30.42,31,47.67,1779.6,290.1,680.2,em450
k2d_0187,kidney_2d,35.96,31.6,25,38.44,1750.0,460.5,857.7,em450
k2d_0188,kidney_2d,234.88,30.53,17,26.14,1738.2,1550.5,962.5,em450
k2d_0189,kidney_2d,269.95,30.95,20,30.75,1717.2,1424.7,722.9,em450
k2d_0190,kidney_2d,274.33,33.47,15,23.06,1707.8,1776.1,960.8,em450
k2d_0191,kidney_2d,6.4,33.7,30,46.13,1726.6,546.0,974.3,em450
k2d_0192,kidney_2d,1.93,35.56,27,41.52,1929.6,420.0,1212.4,em450
k2d_0193,kidney_2d,127.04,42.61,75,115.32,1806.1,606.8,1086.4,em450
k2d_0194,kidney_2d,129.0,37.21,14,21.53,1963.1,362.1,764.9,em450
k2d_0195,kidney_2d,127.8,33.56,25,38.44,1678.9,304.3,456.6,em450
k2d_0196,kidney_2d,264.54,34.93,28,43.05,1884.8,1618.2,531.9,em450
k2d_0197,kidney_2d,260.51,38.39,41,63.04,1997.7,2627.7,825.4,em515
k2d_0198,kidney_2d,319.0,35.59,39,59.97,1958.8,601.2,735.5,em450
k2d_0199,kidney_2d,467.7,36.14,37,56.89,1976.6,469.9,749.3,em450
k2d_0200,kidney_2d,175.63,35.79,19,29.21,1824.0,1750.8,554.6,em450
k2d_0201,kidney_2d,185.5,37.0,24,36.9,2033.5,1229.8,1016.2,em450
k2d_0202,kidney_2d,185.0,44.0,17,26.14,1787.3,798.2,836.9,em450
k2d_0203,kidney_2d,198.15,37.27,40,61.5,1832.2,1430.0,787.4,em450
k2d_0204,kidney_2d,53.87,38.75,60,92.26,2316.6,551.7,793.1,em450
k2d_0205,kidney_2d,55.53,45.81,32,49.2,1729.5,368.7,1144.3,em450
k2d_0206,kidney_2d,310.65,37.0,26,39.98,1787.5,384.0,748.2,em450
k2d_0207,kidney_2d,284.68,42.6,47,72.27,1966.2,572.1,1623.2,em450
k2d_0208,kidney_2d,279.25,37.92,12,18.45,2094.7,462.5,436.3,em450
k2d_0209,kidney_2d,29.12,41.22,32,49.2,1712.8,492.5,1069.4,em450
k2d_0210,kidney_2d,23.68,40.18,22,33.83,1638.0,538.0,981.3,em450
k2d_0211,kidney_2d,33.4,44.3,20,30.75,1917.1,357.6,683.9,em450
k2d_0212,kidney_2d,326.33,40.8,30,46.13,1829.5,454.7,678.4,em450
k2d_0213,kidney_2d,477.22,40.67,36,55.35,2020.3,459.2,712.9,em450
k2d_0214,kidney_2d,272.44,41.66,32,49.2,1980.7,1482.9,559.8,em450
k2d_0215,kidney_2d,336.93,41.14,14,21.53,1678.6,1563.2,730.6,em450
k2d_0216,kidney_2d,360.51,42.66,71,109.17,2173.5,540.8,822.2,em450
k2d_0217,kidney_2d,354.32,45.16,19,29.21,1792.1,487.3,1108.7,em450
k2d_0218,kidney_2d,1.23,42.77,13,19.99,1782.8,361.2,1295.2,em450
k2d_0219,kidney_2d,291.15,52.15,33,50.74,1891.7,1467.9,1064.5,em450
k2d_0220,kidney_2d,294.85,47.81,26,39.98,2093.4,909.8,1105.4,em450
k2d_0221,kidney_2d,294.38,43.0,16,24.6,1818.2,855.8,1065.9,em450
k2d_0222,kidney_2d,407.77,48.9,52,79.96,1900.1,362.1,690.3,em450
k2d_0223,kidney_2d,402.6,45.44,25,38.44,1654.5,369.2,819.1,em450
k2d_0224,kidney_2d,263.82,47.32,38,58.43,2011.9,1900.2,633.3,em450
k2d_0225,kidney_2d,261.38,55.03,37,56.89,1676.5,912.9,1890.1,em605
k2d_0226,kidney_2d,12.44,47.2,25,38.44,1805.8,410.1,767.8,em450
k2d_0227,kidney_2d,341.88,48.5,16,24.6,2302.8,979.5,316.2,em450
k2d_0228,kidney_2d,426.67,47.67,18,27.68,2010.1,1122.4,1055.6,em450
k2d_0229,kidney_2d,468.69,49.45,55,84.57,1976.2,611.8,1138.8,em450
k2d_0230,kidney_2d,23.6,49.5,30,46.13,1810.8,409.9,702.7,em450
k2d_0231,kidney_2d,381.39,50.0,49,75.34,1916.4,623.3,1137.6,em450
k2d_0232,kidney_2d,480.5,50.0,48,73.8,1941.5,443.0,1284.5,em450
k2d_0233,kidney_2d,115.64,55.6,42,64.58,1831.5,1916.1,1471.7,em450
k2d_0234,kidney_2d,119.29,60.54,28,43.05,1884.5,1741.9,2037.2,em450
k2d_0235,kidney_2d,123.65,53.08,40,61.5,1737.6,995.4,890.2,em450
k2d_0236,kidney_2d,111.39,64.86,36,55.35,1760.9,1414.4,1239.6,em450
k2d_0237,kidney_2d,125.06,60.22,18,27.68,1698.2,826.3,2174.6,em605
k2d_0238,kidney_2d,116.29,64.5,14,21.53,1556.2,2712.6,3177.7,em605
k2d_0239,kidney_2d,273.3,51.27,30,46.13,2066.2,1606.3,633.4,em450
k2d_0240,kidney_2d,355.84,52.05,38,58.43,1951.7,550.5,814.5,em450
k2d_0241,kidney_2d,213.26,55.57,35,53.82,1870.4,325.9,634.9,em450
k2d_0242,kidney_2d,235.48,53.61,23,35.36,2227.0,716.1,1037.4,em450
k2d_0243,kidney_2d,280.57,53.38,21,32.29,1971.7,556.9,588.4,em450
k2d_0244,kidney_2d,244.18,54.84,45,69.19,1787.0,447.6,798.8,em450
k2d_0245,kidney_2d,333.06,54.18,17,26.14,1857.1,739.6,776.7,em450
k2d_0246,kidney_2d,336.94,55.89,18,27.68,2014.3,848.9,1341.2,em450
k2d_0247,kidney_2d,57.39,55.18,28,43.05,1759.1,502.6,1846.4,em450
k2d_0248,kidney_2d,65.78,55.13,23,35.36,1691.3,464.5,1804.3,em450
k2d_0249,kidney_2d,293.65,61.72,43,66.12,2004.7,2095.3,965.1,em450
k2d_0250,kidney_2d,300.21,65.48,42,64.58,2150.9,1447.0,1213.0,em450
k2d_0251,kidney_2d,298.31,56.04,26,39.98,2025.2,1261.9,814.1,em450
k2d_0252,kidney_2d,375.08,58.42,66,101.48,1997.2,533.5,717.8,em450
k2d_0253,kidney_2d,367.27,57.7,30,46.13,1749.7,780.1,2295.5,em605
k2d_0254,kidney_2d,426.56,58.15,52,79.96,2261.4,1839.6,855.2,em450
k2d_0255,kidney_2d,487.11,57.37,46,70.73,1882.2,449.5,1480.8,em450
k2d_0256,kidney_2d,490.12,67.88,43,66.12,1842.3,487.2,1444.8,em450
k2d_0257,kidney_2d,483.82,63.12,34,52.28,1701.4,714.6,1094.9,em450
k2d_0258,kidney_2d,494.69,73.69,36,55.35,1805.3,390.6,701.3,em450
k2d_0259,kidney_2d,18.37,57.37,30,46.13,1790.4,377.8,686.5,em450
k2d_0260,kidney_2d,50.9,58.16,31,47.67,1865.3,461.7,1674.7,em450
k2d_0261,kidney_2d,44.91,59.3,33,50.74,1819.7,360.7,1833.6,em450
k2d_0262,kidney_2d,55.96,64.19,27,41.52,1717.7,412.2,1171.1,em450
k2d_0263,kidney_2d,391.62,58.24,37,56.89,1770.2,530.5,1088.2,em450
k2d_0264,kidney_2d,411.39,59.57,49,75.34,1841.6,436.2,685.2,em450
k2d_0265,kidney_2d,457.5,60.23,26,39.98,1561.8,677.0,1219.2,em450
k2d_0266,kidney_2d,98.74,61.56,27,41.52,2000.5,1711.6,2278.6,em605
k2d_0267,kidney_2d,103.91,59.57,23,35.36,1979.5,1591.7,1377.4,em450
k2d_0268,kidney_2d,204.54,61.52,46,70.73,1744.0,327.4,794.1,em450
k2d_0269,kidney_2d,307.83,61.87,23,35.36,2112.1,636.9,519.3,em450
k2d_0270,kidney_2d,359.23,60.57,35,53.82,1881.8,320.9,1273.3,em450
k2d_0271,kidney_2d,464.67,59.88,24,36.9,1724.6,508.1,948.8,em450
k2d_0272,kidney_2d,5.96,61.6,25,38.44,1772.3,477.6,929.0,em450
k2d_0273,kidney_2d,236.61,62.66,38,58.43,1725.3,654.7,876.4,em450
k2d_0274,kidney_2d,284.03,66.29,34,52.28,1925.4,1497.0,1262.1,em450
k2d_0275,kidney_2d,284.79,60.36,14,21.53,1611.4,1273.0,1021.0,em450
k2d_0276,kidney_2d,64.86,63.68,50,76.88,1941.9,446.2,1023.3,em450
k2d_0277,kidney_2d,83.48,63.13,67,103.02,2012.1,516.8,757.2,em450
k2d_0278,kidney_2d,76.36,63.32,25,38.44,1875.3,449.1,643.2,em450
k2d_0279,kidney_2d,248.68,62.58,19,29.21,1602.3,438.7,812.5,em450
k2d_0280,kidney_2d,351.88,62.85,26,39.98,2222.8,447.5,542.4,em450
k2d_0281,kidney_2d,227.68,64.32,41,63.04,1812.2,481.2,835.9,em450
k2d_0282,kidney_2d,265.75,74.95,61,93.79,2064.8,1492.0,1673.9,em450
k2d_0283,kidney_2d,262.73,65.88,51,78.42,1780.4,445.5,1217.2,em450
k2d_0284,kidney_2d,270.48,71.0,23,35.36,2097.7,1588.7,1713.3,em450
k2d_0285,kidney_2d,268.12,80.5,26,39.98,2371.9,1738.8,1213.2,em450
k2d_0286,kidney_2d,269.04,66.46,24,36.9,2180.7,1063.2,1512.7,em450
k2d_0287,kidney_2d,277.61,73.52,33,50.74,1997.5,1968.7,1631.6,em450
k2d_0288,kidney_2d,130.15,66.0,13,19.99,2203.3,405.1,2435.7,em605
k2d_0289,kidney_2d,92.02,69.17,47,72.27,2054.9,451.9,951.0,em450
k2d_0290,kidney_2d,189.19,71.33,91,139.92,2019.1,756.9,1572.4,em450
k2d_0291,kidney_2d,182.29,80.1,52,79.96,2121.8,803.1,1077.8,em450
k2d_0292,kidney_2d,179.5,76.0,16,24.6,2187.8,781.9,1039.6,em450
k2d_0293,kidney_2d,199.94,68.22,18,27.68,1926.1,684.2,709.9,em450
k2d_0294,kidney_2d,464.56,70.24,50,76.88,1877.4,665.4,1419.3,em450
k2d_0295,kidney_2d,213.5,70.0,22,33.83,2336.8,476.4,532.1,em450
k2d_0296,kidney_2d,405.78,71.07,46,70.73,1904.6,436.5,579.0,em450
k2d_0297,kidney_2d,100.35,73.12,52,79.96,1748.4,585.1,1355.0,em450
k2d_0298,kidney_2d,116.09,83.14,35,53.82,1728.9,468.8,644.1,em450
k2d_0299,kidney_2d,121.05,71.72,43,66.12,2072.7,522.4,1604.3,em450
k2d_0300,kidney_2d,114.94,75.69,16,24.6,1739.9,623.7,1023.2,em450
k2d_0301,kidney_2d,113.62,79.38,13,19.99,1481.9,604.7,2007.5,em605
k2d_0302,kidney_2d,127.43,72.71,14,21.53,1839.1,762.1,2047.0,em605
k2d_0303,kidney_2d,371.26,72.89,27,41.52,2265.3,402.8,394.7,em450
k2d_0304,kidney_2d,508.7,74.75,40,61.5,2329.8,631.4,560.9,em450
k2d_0305,kidney_2d,3.29,75.42,52,79.96,1731.9,370.7,1255.4,em450
k2d_0306,kidney_2d,248.39,78.15,54,83.03,1759.6,431.2,702.0,em450
k2d_0307,kidney_2d,254.83,73.5,36,55.35,1767.6,651.2,586.8,em450
k2d_0308,kidney_2d,475.21,75.01,67,103.02,1833.1,673.6,1499.7,em450
k2d_0309,kidney_2d,227.5,74.5,32,49.2,1650.1,456.8,1002.5,em450
k2d_0310,kidney_2d,147.86,74.24,21,32.29,1546.9,464.2,670.4,em450
k2d_0311,kidney_2d,43.0,80.0,27,41.52,1823.7,331.7,326.9,em450
k2d_0312,kidney_2d,40.57,84.57,14,21.53,1783.5,326.6,325.9,em450
k2d_0313,kidney_2d,286.98,95.42,119,182.97,2811.7,2440.3,2266.4,em450
k2d_0314,kidney_2d,283.08,113.27,181,278.31,2670.5,1577.4,2072.1,em450
k2d_0315,kidney_2d,287.97,103.22,116,178.36,2589.3,2400.8,2839.8,em450
k2d_0316,kidney_2d,286.6,107.9,20,30.75,2994.5,2453.2,3126.2,em450
k2d_0317,kidney_2d,287.05,84.67,87,133.77,2277.0,2042.6,1763.0,em450
k2d_0318,kidney_2d,268.23,137.99,135,207.58,2422.9,1450.2,995.6,em450
k2d_0319,kidney_2d,299.64,110.63,116,178.36,2705.4,2303.4,2823.4,em450
k2d_0320,kidney_2d,296.71,92.43,89,136.85,2146.9,2377.3,2507.5,em605
k2d_0321,kidney_2d,259.17,100.96,113,173.75,2094.6,2706.9,1016.4,em515
k2d_0322,kidney_2d,283.85,79.29,48,73.8,2427.4,1493.9,983.4,em450
k2d_0323,kidney_2d,283.18,90.0,33,50.74,2496.6,2554.4,1683.5,em450
k2d_0324,kidney_2d,307.96,102.58,45,69.19,2235.4,3139.4,2038.2,em515
k2d_0325,kidney_2d,264.29,108.19,58,89.18,2072.9,3516.4,999.9,em515
k2d_0326,kidney_2d,308.35,109.12,48,73.8,2242.9,2843.2,2867.8,em605
k2d_0327,kidney_2d,314.55,102.04,67,103.02,2094.8,1896.4,1583.1,em450
k2d_0328,kidney_2d,274.62,107.7,37,56.89,2078.2,3411.5,1498.8,em515
k2d_0329,kidney_2d,285.75,121.84,32,49.2,1582.7,1559.9,1572.9,em450
k2d_0330,kidney_2d,278.49,123.42,45,69.19,1982.0,1539.9,1259.7,em450
k2d_0331,kidney_2d,288.02,127.65,63,96.87,1668.3,540.9,1004.7,em450
k2d_0332,kidney_2d,278.93,132.62,55,84.57,1834.2,459.5,703.0,em450
k2d_0333,kidney_2d,267.5,91.5,40,61.5,2659.8,2704.3,1204.5,em450
k2d_0334,kidney_2d,259.18,141.03,34,52.28,2312.4,1099.9,980.0,em450
k2d_0335,kidney_2d,255.95,90.36,42,64.58,1964.4,2343.0,762.8,em515
k2d_0336,kidney_2d,268.5,98.88,26,39.98,2446.3,3084.0,1506.7,em515
k2d_0337,kidney_2d,299.83,102.37,35,53.82,2006.1,3236.3,2126.0,em515
k2d_0338,kidney_2d,276.25,119.12,16,24.6,2151.6,556.4,1242.0,em450
k2d_0339,kidney_2d,272.52,124.42,33,50.74,1829.9,687.3,1022.4,em450
k2d_0340,kidney_2d,309.85,94.35,26,39.98,2052.5,2364.7,1884.4,em515
k2d_0341,kidney_2d,273.44,101.7,27,41.52,2160.9,2593.7,944.5,em515
k2d_0342,kidney_2d,295.37,117.0,27,41.52,2151.3,1672.6,1638.7,em450
k2d_0343,kidney_2d,261.6,150.48,25,38.44,2018.2,815.6,701.3,em450
k2d_0344,kidney_2d,266.97,152.41,32,49.2,2027.9,1160.8,499.2,em450
k2d_0345,kidney_2d,267.4,146.4,15,23.06,2135.3,1687.1,772.3,em450
k2d_0346,kidney_2d,465.39,78.5,38,58.43,2590.2,893.3,1599.9,em450
k2d_0347,kidney_2d,467.12,83.41,32,49.2,2252.0,625.9,1743.6,em450
k2d_0348,kidney_2d,471.47,85.94,32,49.2,2007.9,520.9,1617.5,em450
k2d_0349,kidney_2d,459.29,77.79,14,21.53,1817.5,444.1,291.9,em450
k2d_0350,kidney_2d,483.14,78.61,36,55.35,1947.8,337.0,1474.8,em450
k2d_0351,kidney_2d,125.86,80.46,37,56.89,1821.3,430.2,721.9,em450
k2d_0352,kidney_2d,153.92,80.54,37,56.89,1844.9,605.8,1113.9,em450
k2d_0353,kidney_2d,195.05,81.39,38,58.43,1710.4,461.8,986.3,em450
k2d_0354,kidney_2d,218.56,81.13,45,69.19,1810.3,515.3,833.6,em450
k2d_0355,kidney_2d,213.22,85.12,40,61.5,1924.6,477.8,1449.6,em450
k2d_0356,kidney_2d,8.41,83.12,69,106.09,2130.8,359.3,1381.1,em450
k2d_0357,kidney_2d,2.37,87.63,30,46.13,1825.1,392.5,797.5,em450
k2d_0358,kidney_2d,104.94,82.11,18,27.68,1956.7,673.7,1618.2,em450
k2d_0359,kidney_2d,136.39,82.82,28,43.05,1747.3,436.0,954.8,em450
k2d_0360,kidney_2d,18.16,83.16,19,29.21,1694.0,224.8,716.7,em450
k2d_0361,kidney_2d,168.4,85.87,63,96.87,1829.5,583.1,1047.7,em450
k2d_0362,kidney_2d,185.44,89.56,43,66.12,1811.0,468.2,999.1,em450
k2d_0363,kidney_2d,176.85,90.66,41,63.04,1809.7,609.2,986.7,em450
k2d_0364,kidney_2d,181.14,90.0,14,21.53,1580.1,506.8,1059.0,em450
k2d_0365,kidney_2d,387.6,85.79,80,123.01,2062.0,583.2,1449.1,em450
k2d_0366,kidney_2d,381.3,92.59,70,107.63,1933.7,830.6,823.6,em450
k2d_0367,kidney_2d,391.26,103.53,68,104.56,1925.0,460.4,981.1,em450
k2d_0368,kidney_2d,394.04,88.65,23,35.36,1988.5,943.1,1693.7,em450
k2d_0369,kidney_2d,396.38,92.68,37,56.89,2276.0,751.9,2173.5,em450
k2d_0370,kidney_2d,375.98,101.11,44,67.65,1807.1,613.5,1090.1,em450
k2d_0371,kidney_2d,380.89,107.2,44,67.65,1917.6,524.9,982.2,em450
k2d_0372,kidney_2d,378.28,86.72,29,44.59,1730.0,382.9,1199.6,em450
k2d_0373,kidney_2d,397.81,97.38,26,39.98,1695.8,437.9,886.2,em450
k2d_0374,kidney_2d,372.78,106.7,23,35.36,2031.4,601.7,1202.6,em450
k2d_0375,kidney_2d,236.94,88.69,54,83.03,1798.4,412.5,1034.5,em450
k2d_0376,kidney_2d,237.27,95.93,45,69.19,1833.1,390.5,1169.7,em450
k2d_0377,kidney_2d,229.82,86.08,40,61.5,1721.2,669.2,1309.8,em450
k2d_0378,kidney_2d,233.26,101.0,34,52.28,1626.4,746.1,1153.4,em450
k2d_0379,kidney_2d,204.07,87.29,41,63.04,1849.2,512.7,1205.7,em450
k2d_0380,kidney_2d,108.82,88.41,39,59.97,1737.8,460.3,1403.2,em450
k2d_0381,kidney_2d,92.54,87.96,24,36.9,1727.1,618.0,1495.1,em450
k2d_0382,kidney_2d,100.59,89.44,27,41.52,1641.0,637.8,1285.0,em450
k2d_0383,kidney_2d,500.37,104.99,70,107.63,1829.6,455.2,854.8,em450
k2d_0384,kidney_2d,508.46,91.86,57,87.64,2225.0,616.1,1127.4,em450
k2d_0385,kidney_2d,499.03,96.8,30,46.13,2456.1,675.7,706.1,em450
k2d_0386,kidney_2d,503.53,94.32,19,29.21,2016.1,579.5,763.2,em450
k2d_0387,kidney_2d,52.66,97.38,32,49.2,1793.0,348.6,698.4,em450
k2d_0388,kidney_2d,55.05,89.9,20,30.75,1644.5,336.5,932.4,em450
k2d_0389,kidney_2d,76.3,90.91,33,50.74,1805.1,447.3,990.3,em450
k2d_0390,kidney_2d,460.24,91.9,21,32.29,1996.4,376.8,246.3,em450
k2d_0391,kidney_2d,144.46,94.28,39,59.97,1656.8,588.7,1206.8,em450
k2d_0392,kidney_2d,245.13,92.73,15,23.06,2064.4,817.5,2066.2,em450
k2d_0393,kidney_2d,197.15,94.85,41,63.04,1799.2,596.1,1456.2,em450
k2d_0394,kidney_2d,224.12,94.88,43,66.12,1799.0,454.7,1317.1,em450
k2d_0395,kidney_2d,35.15,95.72,39,59.97,1988.5,409.6,402.6,em450
k2d_0396,kidney_2d,153.84,95.81,43,66.12,1723.1,586.1,1217.9,em450
k2d_0397,kidney_2d,109.06,97.26,34,52.28,1724.2,454.0,1091.6,em450
k2d_0398,kidney_2d,165.08,96.54,37,56.89,1798.5,526.4,1139.9,em450
k2d_0399,kidney_2d,25.73,97.47,30,46.13,1837.7,257.3,493.7,em450
k2d_0400,kidney_2d,25.13,101.96,23,35.36,1911.4,263.0,484.2,em450
k2d_0401,kidney_2d,116.85,98.59,34,52.28,1708.4,414.1,976.2,em450
k2d_0402,kidney_2d,215.99,106.88,108,166.06,2513.3,567.0,1835.6,em450
k2d_0403,kidney_2d,205.79,109.95,77,118.4,1968.7,501.9,1835.4,em450
k2d_0404,kidney_2d,213.73,99.78,37,56.89,1806.7,481.2,1120.5,em450
k2d_0405,kidney_2d,218.62,116.9,52,79.96,1813.5,434.9,1154.4,em450
k2d_0406,kidney_2d,199.59,115.47,49,75.34,1765.3,617.5,1272.0,em450
k2d_0407,kidney_2d,223.36,113.21,14,21.53,2010.0,645.0,3074.9,em605
k2d_0408,kidney_2d,137.0,101.24,41,63.04,1813.8,423.2,780.8,em450
k2d_0409,kidney_2d,184.55,109.5,60,92.26,1762.9,399.7,1510.5,em450
k2d_0410,kidney_2d,183.98,101.59,41,63.04,1741.6,660.1,1606.8,em450
k2d_0411,kidney_2d,185.63,122.17,30,46.13,2062.7,416.5,1396.6,em450
k2d_0412,kidney_2d,190.25,111.15,20,30.75,1874.8,439.3,1710.2,em450
k2d_0413,kidney_2d,248.5,101.0,34,52.28,1625.4,348.0,592.1,em450
k2d_0414,kidney_2d,85.58,101.55,31,47.67,1826.8,327.6,450.6,em450
k2d_0415,kidney_2d,358.29,102.35,49,75.34,2246.9,550.8,507.7,em450
k2d_0416,kidney_2d,128.88,103.12,43,66.12,1771.5,443.7,1355.5,em450
k2d_0417,kidney_2d,123.1,109.18,50,76.88,1771.9,469.4,1248.6,em450
k2d_0418,kidney_2d,195.66,103.04,50,76.88,1829.6,465.0,1287.5,em450
k2d_0419,kidney_2d,434.86,160.28,127,195.28,2330.5,1906.5,1052.9,em450
k2d_0420,kidney_2d,434.53,123.0,124,190.66,2140.3,1536.6,962.0,em450
k2d_0421,kidney_2d,425.21,138.58,166,255.24,2291.9,1670.2,1439.6,em450
k2d_0422,kidney_2d,469.77,164.6,81,124.55,2503.2,2794.1,3795.8,em605
k2d_0423,kidney_2d,472.83,172.73,83,127.62,2686.8,2527.2,3635.3,em605
k2d_0424,kidney_2d,409.46,129.41,56,86.11,2040.1,2591.4,933.4,em515
k2d_0425,kidney_2d,429.69,117.2,45,69.19,2134.6,2014.3,1579.2,em450
k2d_0426,kidney_2d,414.03,129.34,29,44.59,2085.4,2624.3,901.7,em515
k2d_0427,kidney_2d,418.57,129.14,58,89.18,2152.2,2131.9,1280.0,em450
k2d_0428,kidney_2d,446.97,141.37,101,155.3,2358.8,1842.4,1258.9,em450
k2d_0429,kidney_2d,441.88,158.81,43,66.12,2263.2,1676.6,1319.4,em450
k2d_0430,kidney_2d,477.79,162.24,72,110.71,2546.3,2795.4,3125.0,em605
k2d_0431,kidney_2d,443.13,126.23,47,72.27,2210.3,1892.3,1398.3,em450
k2d_0432,kidney_2d,466.22,175.96,54,83.03,2448.5,2603.9,3452.3,em605
k2d_0433,kidney_2d,426.37,106.36,84,129.16,2232.6,1527.8,1121.3,em450
k2d_0434,kidney_2d,443.69,133.0,58,89.18,2146.2,1535.1,1164.6,em450
k2d_0435,kidney_2d,440.28,114.53,47,72.27,2351.7,1520.7,950.1,em450
k2d_0436,kidney_2d,465.1,135.1,51,78.42,1936.2,480.7,911.3,em450
k2d_0437,kidney_2d,468.55,140.91,53,81.49,2200.7,693.6,1342.8,em450
k2d_0438,kidney_2d,416.38,143.75,53,81.49,2371.1,2376.2,1003.3,em450
k2d_0439,kidney_2d,430.0,151.76,49,75.34,2194.6,2061.7,762.5,em450
k2d_0440,kidney_2d,436.34,169.48,44,67.65,2506.6,1849.8,1369.6,em450
k2d_0441,kidney_2d,435.22,103.61,49,75.34,2446.2,997.9,1020.2,em450
k2d_0442,kidney_2d,433.32,112.43,28,43.05,2074.8,1125.0,1246.6,em450
k2d_0443,kidney_2d,450.22,122.96,50,76.88,1953.3,521.9,1254.5,em450
k2d_0444,kidney_2d,408.72,122.69,32,49.2,2192.4,2645.3,742.4,em515
k2d_0445,kidney_2d,428.84,132.42,19,29.21,2293.8,1769.7,957.5,em450
k2d_0446,kidney_2d,409.74,139.8,46,70.73,2343.2,1929.6,1154.7,em450
k2d_0447,kidney_2d,456.81,142.76,42,64.58,2438.0,818.8,1218.9,em450
k2d_0448,kidney_2d,418.48,149.41,27,41.52,1949.0,3008.1,1034.9,em515
k2d_0449,kidney_2d,444.05,152.43,37,56.89,2481.9,1791.7,1291.2,em450
k2d_0450,kidney_2d,457.91,180.07,43,66.12,2066.3,2132.6,1990.6,em450
k2d_0451,kidney_2d,452.94,116.8,35,53.82,1742.4,737.5,1118.6,em450
k2d_0452,kidney_2d,463.27,144.55,33,50.74,1771.9,694.6,912.8,em450
k2d_0453,kidney_2d,422.65,150.13,23,35.36,2028.5,1656.6,956.4,em450
k2d_0454,kidney_2d,456.21,150.07,14,21.53,2309.3,595.5,2056.9,em450
k2d_0455,kidney_2d,405.6,151.54,48,73.8,2001.3,2267.9,740.3,em515
k2d_0456,kidney_2d,448.27,163.63,51,78.42,2099.5,793.8,1156.1,em450
k2d_0457,kidney_2d,427.25,164.42,24,36.9,2480.2,1586.7,940.5,em450
k2d_0458,kidney_2d,427.77,129.15,13,19.99,2724.2,1698.2,1771.5,em450
k2d_0459,kidney_2d,456.89,147.44,18,27.68,2044.7,597.1,1836.0,em450
k2d_0460,kidney_2d,454.52,153.58,31,47.67,1961.6,623.6,1159.4,em450
k2d_0461,kidney_2d,437.32,175.35,34,52.28,2159.8,1533.5,832.4,em450
k2d_0462,kidney_2d,460.06,172.0,34,52.28,2195.5,2940.4,2165.1,em515
k2d_0463,kidney_2d,456.89,175.44,18,27.68,2068.1,1941.2,2316.9,em605
k2d_0464,kidney_2d,438.09,135.64,22,33.83,1912.4,870.9,706.7,em450
k2d_0465,kidney_2d,477.5,135.0,28,43.05,2216.0,596.8,1372.2,em450
k2d_0466,kidney_2d,477.91,140.09,22,33.83,2044.1,693.5,1610.7,em450
k2d_0467,kidney_2d,410.27,154.23,26,39.98,1837.7,1683.8,785.4,em450
k2d_0468,kidney_2d,455.83,157.72,18,27.68,1690.3,1890.7,3320.7,em605
k2d_0469,kidney_2d,460.68,158.64,28,43.05,2133.8,3089.9,3375.8,em605
k2d_0470,kidney_2d,424.76,170.33,33,50.74,1939.0,1928.0,788.0,em450
k2d_0471,kidney_2d,481.97,172.41,29,44.59,2295.5,2385.3,1998.7,em450
k2d_0472,kidney_2d,474.23,182.08,26,39.98,2039.5,2021.9,2164.3,em450
k2d_0473,kidney_2d,456.27,187.27,30,46.13,2242.0,1528.2,1248.8,em450
k2d_0474,kidney_2d,472.22,134.06,18,27.68,1564.5,489.3,1202.9,em450
k2d_0475,kidney_2d,482.0,142.12,17,26.14,2396.4,602.8,2101.7,em450
k2d_0476,kidney_2d,415.0,152.95,20,30.75,1847.2,2077.4,813.4,em515
k2d_0477,kidney_2d,462.18,152.73,22,33.83,2241.8,1958.6,2518.1,em605
k2d_0478,kidney_2d,458.27,165.57,30,46.13,2268.0,3386.9,2716.0,em515
k2d_0479,kidney_2d,461.5,183.71,14,21.53,2175.7,1945.6,2056.1,em450
k2d_0480,kidney_2d,483.92,146.08,13,19.99,1976.5,348.4,3492.6,em605
k2d_0481,kidney_2d,466.6,153.4,15,23.06,1879.2,2620.2,2474.8,em515
k2d_0482,kidney_2d,483.41,177.29,17,26.14,1564.4,1917.1,3111.2,em605
k2d_0483,kidney_2d,47.0,105.25,20,30.75,1527.5,386.8,1151.8,em450
k2d_0484,kidney_2d,73.11,105.89,35,53.82,1785.5,385.4,833.7,em450
k2d_0485,kidney_2d,102.28,106.74,61,93.79,1720.2,398.1,1243.2,em450
k2d_0486,kidney_2d,166.72,115.62,68,104.56,2195.1,652.4,1280.0,em450
k2d_0487,kidney_2d,157.7,105.17,23,35.36,1848.6,372.2,804.5,em450
k2d_0488,kidney_2d,159.04,109.46,26,39.98,1714.5,474.3,1225.7,em450
k2d_0489,kidney_2d,146.49,110.77,35,53.82,2206.1,1488.3,1397.4,em450
k2d_0490,kidney_2d,152.35,111.5,34,52.28,2272.9,533.2,677.9,em450
k2d_0491,kidney_2d,162.36,111.0,14,21.53,2357.6,498.3,1459.2,em450
k2d_0492,kidney_2d,138.72,111.93,29,44.59,2037.1,1676.4,919.2,em450
k2d_0493,kidney_2d,133.14,114.03,29,44.59,2195.5,1209.3,776.6,em450
k2d_0494,kidney_2d,128.38,116.62,13,19.99,1688.3,507.6,479.8,em450
k2d_0495,kidney_2d,167.89,105.79,38,58.43,1873.2,592.0,1043.4,em450
k2d_0496,kidney_2d,15.23,106.47,30,46.13,1797.0,542.6,1018.0,em450
k2d_0497,kidney_2d,340.03,107.38,34,52.28,2039.1,732.1,508.9,em450
k2d_0498,kidney_2d,335.31,106.06,16,24.6,1901.1,395.8,363.4,em450
k2d_0499,kidney_2d,418.5,117.58,78,119.93,2160.2,2547.1,799.9,em515
k2d_0500,kidney_2d,415.15,112.59,27,41.52,1523.7,3206.3,975.2,em515
k2d_0501,kidney_2d,410.18,112.68,34,52.28,1966.1,1994.9,696.0,em450
k2d_0502,kidney_2d,417.23,109.08,26,39.98,2083.6,1891.5,804.4,em450
k2d_0503,kidney_2d,410.19,105.86,21,32.29,1754.7,1727.1,1157.1,em450
k2d_0504,kidney_2d,450.73,107.27,44,67.65,2392.0,782.1,630.5,em450
k2d_0505,kidney_2d,487.84,107.12,49,75.34,2180.0,966.9,978.5,em450
k2d_0506,kidney_2d,485.62,112.21,34,52.28,2583.9,974.2,746.5,em450
k2d_0507,kidney_2d,348.08,109.94,36,55.35,1771.1,445.2,926.0,em450
k2d_0508,kidney_2d,459.59,111.83,41,63.04,1880.2,515.3,951.7,em450
k2d_0509,kidney_2d,10.21,112.45,33,50.74,1794.4,478.2,1061.3,em450
k2d_0510,kidney_2d,230.3,113.65,43,66.12,1809.0,415.6,668.5,em450
k2d_0511,kidney_2d,358.56,113.22,41,63.04,1899.5,670.9,1176.4,em450
k2d_0512,kidney_2d,250.0,116.26,47,72.27,1795.4,578.6,473.6,em450
k2d_0513,kidney_2d,495.18,114.39,28,43.05,1695.0,800.9,1418.4,em450
k2d_0514,kidney_2d,24.45,115.41,29,44.59,1875.8,453.2,616.2,em450
k2d_0515,kidney_2d,469.0,116.74,34,52.28,1884.1,498.6,850.4,em450
k2d_0516,kidney_2d,119.59,117.88,17,26.14,2026.4,441.2,345.5,em450
k2d_0517,kidney_2d,313.76,119.14,21,32.29,2137.0,726.2,899.0,em450
k2d_0518,kidney_2d,310.03,142.52,67,103.02,2224.1,2763.1,1561.7,em515
k2d_0519,kidney_2d,299.96,143.95,94,144.53,1848.6,534.3,940.2,em450
k2d_0520,kidney_2d,318.92,181.0,52,79.96,2004.3,3319.5,1170.9,em515
k2d_0521,kidney_2d,326.63,121.71,41,63.04,2053.3,1772.2,751.9,em450
k2d_0522,kidney_2d,322.43,139.27,51,78.42,2190.4,2683.7,930.5,em515
k2d_0523,kidney_2d,318.21,133.26,42,64.58,2009.3,2823.9,990.0,em515
k2d_0524,kidney_2d,312.71,135.68,34,52.28,2091.1,1959.4,769.1,em450
k2d_0525,kidney_2d,316.6,143.63,35,53.82,1988.9,2578.7,811.7,em515
k2d_0526,kidney_2d,320.97,147.92,36,55.35,2077.5,2119.2,770.8,em450
k2d_0527,kidney_2d,335.24,163.04,49,75.34,1811.0,473.5,837.9,em450
k2d_0528,kidney_2d,322.6,176.8,30,46.13,2085.3,2953.1,1004.1,em515
k2d_0529,kidney_2d,320.2,126.5,44,67.65,2101.2,2051.3,1014.6,em450
k2d_0530,kidney_2d,327.12,132.15,34,52.28,2103.0,2291.5,866.2,em450
k2d_0531,kidney_2d,322.82,153.91,33,50.74,2104.8,3332.6,1025.2,em515
k2d_0532,kidney_2d,322.23,171.5,26,39.98,2217.8,2556.3,1014.9,em515
k2d_0533,kidney_2d,329.23,126.23,22,33.83,1695.0,1726.3,743.4,em450
k2d_0534,kidney_2d,311.16,153.22,32,49.2,2291.4,2114.5,772.0,em450
k2d_0535,kidney_2d,323.17,159.31,29,44.59,1751.4,3326.8,872.7,em515
k2d_0536,kidney_2d,323.35,166.84,31,47.67,2051.4,3174.5,828.8,em515
k2d_0537,kidney_2d,312.62,180.46,26,39.98,1761.6,3229.7,808.5,em515
k2d_0538,kidney_2d,331.35,118.39,23,35.36,1916.7,1519.8,795.5,em450
k2d_0539,kidney_2d,315.82,161.0,38,58.43,2178.7,2672.8,845.8,em515
k2d_0540,kidney_2d,328.42,164.71,24,36.9,1809.8,2453.5,1389.1,em515
k2d_0541,kidney_2d,308.73,131.67,15,23.06,1817.4,1596.1,1155.1,em450
k2d_0542,kidney_2d,71.14,119.39,36,55.35,1844.9,309.5,710.4,em450
k2d_0543,kidney_2d,140.58,119.76,33,50.74,1959.6,1452.2,1766.7,em450
k2d_0544,kidney_2d,255.0,124.86,22,33.83,2071.7,577.6,542.4,em450
k2d_0545,kidney_2d,265.84,118.72,25,38.44,2126.3,1843.8,734.0,em450
k2d_0546,kidney_2d,366.79,120.37,38,58.43,1944.2,606.9,1007.2,em450
k2d_0547,kidney_2d,374.0,121.28,40,61.5,1878.5,397.8,943.4,em450
k2d_0548,kidney_2d,3.19,120.86,37,56.89,1794.3,622.4,1712.7,em450
k2d_0549,kidney_2d,239.57,121.47,47,72.27,1898.3,379.2,539.2,em450
k2d_0550,kidney_2d,17.62,120.43,21,32.29,1844.3,522.7,1095.3,em450
k2d_0551,kidney_2d,102.94,122.31,35,53.82,1785.2,305.1,435.8,em450
k2d_0552,kidney_2d,152.42,120.89,19,29.21,2087.3,503.3,1004.4,em450
k2d_0553,kidney_2d,339.21,123.5,48,73.8,1920.8,897.5,1827.2,em450
k2d_0554,kidney_2d,473.86,124.5,42,64.58,1989.0,526.9,794.1,em450
k2d_0555,kidney_2d,496.54,131.17,46,70.73,1937.2,488.6,866.2,em450
k2d_0556,kidney_2d,495.96,124.4,25,38.44,1718.5,812.2,1244.8,em450
k2d_0557,kidney_2d,62.76,126.19,42,64.58,1725.1,379.6,694.4,em450
k2d_0558,kidney_2d,65.74,130.96,23,35.36,2163.6,452.8,1517.6,em450
k2d_0559,kidney_2d,56.84,128.84,19,29.21,1583.8,412.5,692.3,em450
k2d_0560,kidney_2d,117.84,128.03,97,149.15,2189.6,1319.8,922.9,em450
k2d_0561,kidney_2d,107.1,142.27,30,46.13,2173.7,1558.7,903.9,em450
k2d_0562,kidney_2d,105.38,150.22,55,84.57,1915.5,1048.7,666.5,em450
k2d_0563,kidney_2d,111.29,141.71,21,32.29,1900.1,1288.1,633.3,em450
k2d_0564,kidney_2d,115.0,143.14,21,32.29,2360.4,1248.6,769.0,em450
k2d_0565,kidney_2d,113.69,132.54,13,19.99,2159.5,1060.4,862.2,em450
k2d_0566,kidney_2d,104.0,134.5,34,52.28,1791.6,330.9,543.3,em450
k2d_0567,kidney_2d,110.42,135.24,33,50.74,2052.1,1551.8,1223.5,em450
k2d_0568,kidney_2d,90.92,149.17,24,36.9,1877.9,508.0,1516.6,em450
k2d_0569,kidney_2d,99.45,153.25,20,30.75,1866.8,1073.3,648.4,em450
k2d_0570,kidney_2d,93.83,153.0,12,18.45,1909.5,441.0,481.7,em450
k2d_0571,kidney_2d,197.27,126.56,41,63.04,1809.6,513.0,1117.2,em450
k2d_0572,kidney_2d,385.95,126.07,42,64.58,1995.4,496.5,762.2,em450
k2d_0573,kidney_2d,11.45,126.71,31,47.67,1907.8,563.5,1152.6,em450
k2d_0574,kidney_2d,44.0,126.83,35,53.82,1789.6,290.4,880.3,em450
k2d_0575,kidney_2d,33.68,129.15,41,63.04,1884.0,456.4,1543.0,em450
k2d_0576,kidney_2d,28.5,127.67,12,18.45,1742.1,353.2,807.2,em450
k2d_0577,kidney_2d,39.23,129.38,13,19.99,1859.1,358.3,1889.2,em450
k2d_0578,kidney_2d,82.05,126.75,20,30.75,1578.2,286.6,362.5,em450
k2d_0579,kidney_2d,356.94,127.76,17,26.14,1472.5,395.2,416.0,em450
k2d_0580,kidney_2d,147.38,128.48,21,32.29,2051.0,1324.6,656.7,em450
k2d_0581,kidney_2d,151.11,136.93,45,69.19,1762.2,1277.6,1998.2,em605
k2d_0582,kidney_2d,160.19,129.07,42,64.58,1828.9,571.5,1384.2,em450
k2d_0583,kidney_2d,155.34,140.94,35,53.82,1862.5,620.3,1014.9,em450
k2d_0584,kidney_2d,146.28,138.67,18,27.68,2382.2,2718.7,960.2,em515
k2d_0585,kidney_2d,143.91,142.53,34,52.28,2068.4,3117.4,998.8,em515
k2d_0586,kidney_2d,154.33,133.67,12,18.45,1554.4,456.8,1039.6,em450
k2d_0587,kidney_2d,137.04,139.61,23,35.36,2001.6,2115.2,660.6,em450
k2d_0588,kidney_2d,155.69,131.15,13,19.99,1496.5,397.8,1181.9,em450
k2d_0589,kidney_2d,509.86,128.57,14,21.53,1863.1,659.8,562.6,em450
k2d_0590,kidney_2d,509.69,132.56,16,24.6,1900.4,385.8,770.1,em450
k2d_0591,kidney_2d,3.45,130.86,49,75.34,1772.8,519.8,1263.4,em450
k2d_0592,kidney_2d,230.78,130.67,58,89.18,1940.3,426.7,730.4,em450
k2d_0593,kidney_2d,300.31,130.41,51,78.42,1881.0,616.2,1063.7,em450
k2d_0594,kidney_2d,138.68,130.14,22,33.83,1964.3,1440.9,612.8,em450
k2d_0595,kidney_2d,456.09,130.48,33,50.74,1817.8,674.8,1373.3,em450
k2d_0596,kidney_2d,216.13,137.35,60,92.26,1898.8,540.1,1513.7,em450
k2d_0597,kidney_2d,213.73,131.76,33,50.74,1860.2,928.5,1304.6,em450
k2d_0598,kidney_2d,221.5,140.7,20,30.75,1974.2,640.5,2729.2,em605
k2d_0599,kidney_2d,349.4,133.6,50,76.88,1879.8,566.2,882.7,em450
k2d_0600,kidney_2d,250.18,138.39,51,78.42,1833.4,432.0,889.5,em450
k2d_0601,kidney_2d,254.96,133.11,27,41.52,2334.9,1432.8,1549.6,em450
k2d_0602,kidney_2d,20.08,136.08,24,36.9,2080.2,289.5,704.0,em450
k2d_0603,kidney_2d,167.54,139.31,35,53.82,1931.7,614.2,1323.3,em450
k2d_0604,kidney_2d,172.03,137.06,31,47.67,1768.7,367.7,1246.0,em450
k2d_0605,kidney_2d,83.26,137.61,31,47.67,1780.2,288.3,573.6,em450
k2d_0606,kidney_2d,337.65,139.03,79,121.47,2479.9,637.1,1769.6,em450
k2d_0607,kidney_2d,392.46,138.56,59,90.72,1852.1,512.6,1052.7,em450
k2d_0608,kidney_2d,210.85,148.85,172,264.47,2193.4,1913.5,1845.0,em450
k2d_0609,kidney_2d,209.58,156.67,33,50.74,1871.7,2539.9,1642.2,em515
k2d_0610,kidney_2d,201.22,139.45,51,78.42,1783.6,453.5,1412.9,em450
k2d_0611,kidney_2d,197.49,145.6,55,84.57,1930.6,433.4,1391.5,em450
k2d_0612,kidney_2d,191.21,139.02,42,64.58,2265.1,577.4,1235.7,em450
k2d_0613,kidney_2d,202.94,159.06,52,79.96,1809.5,919.6,1322.2,em450
k2d_0614,kidney_2d,211.37,161.37,30,46.13,2241.7,2948.1,1023.8,em515
k2d_0615,kidney_2d,361.47,140.43,49,75.34,1868.0,665.1,803.9,em450
k2d_0616,kidney_2d,509.3,145.3,74,113.78,2030.9,567.7,1200.3,em450
k2d_0617,kidney_2d,62.13,140.87,39,59.97,1737.0,318.7,736.6,em450
k2d_0618,kidney_2d,71.75,141.75,36,55.35,1793.2,391.4,711.4,em450
k2d_0619,kidney_2d,8.28,142.59,29,44.59,1793.3,462.5,1037.9,em450
k2d_0620,kidney_2d,374.11,142.74,38,58.43,1721.0,739.5,1365.5,em450
k2d_0621,kidney_2d,380.86,144.36,22,33.83,1583.9,466.2,878.0,em450
k2d_0622,kidney_2d,401.91,143.03,34,52.28,1834.9,1975.3,903.4,em450
k2d_0623,kidney_2d,398.53,147.37,19,29.21,1931.6,2034.8,1317.5,em450
k2d_0624,kidney_2d,96.63,143.63,30,46.13,1667.2,361.4,638.8,em450
k2d_0625,kidney_2d,349.43,146.53,47,72.27,1807.4,515.4,838.0,em450
k2d_0626,kidney_2d,340.94,149.32,47,72.27,1941.3,700.0,1393.0,em450
k2d_0627,kidney_2d,334.27,149.69,45,69.19,1814.3,420.4,1091.4,em450
k2d_0628,kidney_2d,16.92,146.08,24,36.9,1881.5,301.3,667.5,em450
k2d_0629,kidney_2d,286.58,147.12,52,79.96,1881.8,588.8,642.5,em450
k2d_0630,kidney_2d,243.92,163.81,119,182.97,2309.4,545.5,1668.4,em450
k2d_0631,kidney_2d,252.07,168.03,108,166.06,2094.8,527.4,1539.8,em450
k2d_0632,kidney_2d,254.69,183.51,51,78.42,2358.3,1632.9,1474.0,em450
k2d_0633,kidney_2d,236.65,151.9,51,78.42,1790.9,464.8,646.2,em450
k2d_0634,kidney_2d,230.55,148.39,44,67.65,1867.9,477.4,1004.0,em450
k2d_0635,kidney_2d,234.52,172.74,50,76.88,1848.9,759.3,1371.1,em450
k2d_0636,kidney_2d,245.57,177.64,53,81.49,1820.7,473.9,1490.6,em450
k2d_0637,kidney_2d,251.8,188.3,30,46.13,2060.4,1606.7,1570.7,em450
k2d_0638,kidney_2d,252.4,175.8,15,23.06,2061.0,802.3,2211.3,em450
k2d_0639,kidney_2d,254.15,178.7,20,30.75,1859.0,1393.2,1533.1,em450
k2d_0640,kidney_2d,225.1,146.9,20,30.75,1653.0,922.0,2420.1,em605
k2d_0641,kidney_2d,232.44,157.78,32,49.2,2091.8,461.7,1567.3,em450
k2d_0642,kidney_2d,234.42,165.45,31,47.67,1980.9,537.8,1583.5,em450
k2d_0643,kidney_2d,248.96,148.87,68,104.56,1913.4,485.7,876.2,em450
k2d_0644,kidney_2d,491.12,151.69,26,39.98,2115.7,415.2,3174.8,em605
k2d_0645,kidney_2d,80.67,149.0,42,64.58,1805.0,351.9,569.8,em450
k2d_0646,kidney_2d,358.32,153.73,85,130.7,1990.7,538.2,1541.8,em450
k2d_0647,kidney_2d,361.54,162.82,39,59.97,2014.5,496.9,1068.7,em450
k2d_0648,kidney_2d,377.1,154.33,51,78.42,1863.6,468.4,728.3,em450
k2d_0649,kidney_2d,361.0,158.5,20,30.75,2102.4,465.4,1819.5,em450
k2d_0650,kidney_2d,365.5,162.0,14,21.53,1869.9,505.4,930.1,em450
k2d_0651,kidney_2d,368.81,162.33,36,55.35,1967.4,553.4,755.4,em450
k2d_0652,kidney_2d,366.91,150.03,32,49.2,1771.4,776.0,1845.3,em450
k2d_0653,kidney_2d,371.0,150.0,15,23.06,2377.5,659.3,1614.4,em450
k2d_0654,kidney_2d,374.29,149.71,17,26.14,1915.6,682.7,1814.4,em450
k2d_0655,kidney_2d,50.03,151.08,36,55.35,1832.4,277.4,732.8,em450
k2d_0656,kidney_2d,10.0,153.5,32,49.2,1846.9,558.2,1135.9,em450
k2d_0657,kidney_2d,168.94,155.19,52,79.96,1739.4,482.9,660.7,em450
k2d_0658,kidney_2d,190.67,153.41,39,59.97,1959.1,518.7,1018.7,em450
k2d_0659,kidney_2d,20.76,153.06,17,26.14,2092.2,316.7,376.4,em450
k2d_0660,kidney_2d,152.57,155.92,37,56.89,1896.1,542.9,665.1,em450
k2d_0661,kidney_2d,389.12,158.02,49,75.34,1944.4,549.8,1020.7,em450
k2d_0662,kidney_2d,220.88,158.67,24,36.9,2018.0,3556.2,1116.7,em515
k2d_0663,kidney_2d,260.45,159.59,22,33.83,1782.3,775.4,662.5,em450
k2d_0664,kidney_2d,97.13,160.17,23,35.36,1946.5,947.5,718.1,em450
k2d_0665,kidney_2d,274.83,160.38,24,36.9,2343.7,1474.6,596.1,em450
k2d_0666,kidney_2d,136.8,171.25,44,67.65,1829.5,536.9,727.9,em450
k2d_0667,kidney_2d,124.24,162.62,42,64.58,1864.9,499.0,893.2,em450
k2d_0668,kidney_2d,131.63,164.41,41,63.04,1859.1,518.8,1077.5,em450
k2d_0669,kidney_2d,186.33,164.49,39,59.97,1952.1,404.9,741.8,em450
k2d_0670,kidney_2d,53.53,165.75,32,49.2,1839.8,255.8,689.9,em450
k2d_0671,kidney_2d,57.92,167.0,24,36.9,1891.4,427.6,669.8,em450
k2d_0672,kidney_2d,85.85,164.46,13,19.99,1930.5,300.7,979.0,em450
k2d_0673,kidney_2d,218.41,165.86,29,44.59,2237.4,2837.4,1040.2,em515
k2d_0674,kidney_2d,70.74,168.63,43,66.12,1857.5,555.2,1167.3,em450
k2d_0675,kidney_2d,76.0,170.92,36,55.35,1815.9,342.9,1227.6,em450
k2d_0676,kidney_2d,67.32,174.1,41,63.04,1830.0,537.4,1223.2,em450
k2d_0677,kidney_2d,100.67,167.44,27,41.52,2013.7,2025.9,801.1,em450
k2d_0678,kidney_2d,201.75,169.39,61,93.79,1723.8,653.2,889.9,em450
k2d_0679,kidney_2d,397.09,167.22,23,35.36,2142.7,630.1,512.3,em450
k2d_0680,kidney_2d,414.5,167.14,28,43.05,2146.4,1899.5,1089.4,em450
k2d_0681,kidney_2d,415.19,172.45,31,47.67,1989.4,1444.5,589.8,em450
k2d_0682,kidney_2d,13.34,171.64,47,72.27,1706.8,590.4,1311.0,em450
k2d_0683,kidney_2d,9.53,168.33,30,46.13,1958.3,387.5,641.5,em450
k2d_0684,kidney_2d,266.61,169.18,28,43.05,2073.4,2502.4,728.1,em515
k2d_0685,kidney_2d,353.6,168.4,15,23.06,1570.3,559.7,710.5,em450
k2d_0686,kidney_2d,107.58,169.25,12,18.45,2410.8,1272.0,404.9,em450
k2d_0687,kidney_2d,116.0,173.61,70,107.63,1838.1,409.7,789.2,em450
k2d_0688,kidney_2d,407.79,178.62,42,64.58,2008.3,2375.5,788.7,em515
k2d_0689,kidney_2d,406.57,171.86,35,53.82,2284.0,2097.5,743.6,em450
k2d_0690,kidney_2d,401.42,178.58,31,47.67,2039.6,1649.2,1115.2,em450
k2d_0691,kidney_2d,410.62,183.62,13,19.99,1503.8,1730.0,624.5,em515
k2d_0692,kidney_2d,302.0,172.05,38,58.43,2234.5,941.9,494.6,em450
k2d_0693,kidney_2d,306.83,175.12,24,36.9,1906.6,3431.7,1128.3,em515
k2d_0694,kidney_2d,304.06,179.58,33,50.74,2028.1,2012.2,627.6,em450
k2d_0695,kidney_2d,379.95,179.79,75,115.32,1992.7,336.8,901.6,em450
k2d_0696,kidney_2d,385.98,176.6,42,64.58,1751.1,431.3,618.3,em450
k2d_0697,kidney_2d,390.48,171.61,33,50.74,1657.5,444.5,711.5,em450
k2d_0698,kidney_2d,148.19,173.67,43,66.12,1837.6,642.4,1119.9,em450
k2d_0699,kidney_2d,160.54,174.07,41,63.04,1834.7,650.5,602.0,em450
k2d_0700,kidney_2d,182.2,174.48,44,67.65,1903.1,435.1,1024.0,em450
k2d_0701,kidney_2d,224.49,174.82,45,69.19,1917.1,535.4,1487.4,em450
k2d_0702,kidney_2d,229.5,180.82,44,67.65,1773.3,1208.3,1239.5,em450
k2d_0703,kidney_2d,276.35,183.29,143,219.88,2129.8,1650.6,1337.6,em450
k2d_0704,kidney_2d,276.24,196.69,55,84.57,1778.0,626.5,1155.8,em450
k2d_0705,kidney_2d,281.59,177.31,29,44.59,2354.5,1012.8,1565.2,em450
k2d_0706,kidney_2d,284.19,190.81,37,56.89,1698.2,542.5,920.0,em450
k2d_0707,kidney_2d,268.05,197.82,38,58.43,1710.2,484.7,701.1,em450
k2d_0708,kidney_2d,276.33,173.12,24,36.9,1739.1,3466.8,1029.8,em515
k2d_0709,kidney_2d,285.22,173.5,18,27.68,2375.8,268.1,326.5,em450
k2d_0710,kidney_2d,345.5,173.19,16,24.6,1461.1,860.9,1342.9,em450
k2d_0711,kidney_2d,358.2,174.34,41,63.04,1947.2,673.2,1376.1,em450
k2d_0712,kidney_2d,356.62,178.86,21,32.29,1763.2,378.2,1609.0,em450
k2d_0713,kidney_2d,338.33,182.36,36,55.35,2050.1,2972.2,1073.2,em515
k2d_0714,kidney_2d,352.95,179.95,21,32.29,1814.1,357.6,1403.8,em450
k2d_0715,kidney_2d,343.94,182.29,34,52.28,2318.2,2038.7,1810.1,em450
k2d_0716,kidney_2d,349.33,181.72,18,27.68,2109.8,506.6,1837.1,em450
k2d_0717,kidney_2d,331.41,175.52,27,41.52,2188.6,3126.0,889.9,em515
k2d_0718,kidney_2d,54.34,176.72,32,49.2,1903.4,467.5,1529.8,em450
k2d_0719,kidney_2d,47.67,178.26,27,41.52,1625.7,321.3,1314.4,em450
k2d_0720,kidney_2d,198.72,184.74,53,81.49,1840.3,739.5,804.5,em450
k2d_0721,kidney_2d,197.93,192.65,46,70.73,1876.7,563.3,864.0,em450
k2d_0722,kidney_2d,207.12,178.83,52,79.96,2376.6,957.6,1371.2,em450
k2d_0723,kidney_2d,205.09,185.3,23,35.36,2018.0,911.6,1655.2,em450
k2d_0724,kidney_2d,443.41,183.53,34,52.28,2292.2,2062.1,1133.4,em450
k2d_0725,kidney_2d,445.18,178.15,33,50.74,2088.6,1684.1,878.8,em450
k2d_0726,kidney_2d,438.27,183.65,26,39.98,2185.2,2080.5,1050.4,em450
k2d_0727,kidney_2d,174.0,178.31,13,19.99,1938.3,353.3,420.7,em450
k2d_0728,kidney_2d,264.82,178.56,34,52.28,1955.1,3697.4,1024.3,em515
k2d_0729,kidney_2d,18.0,179.5,22,33.83,1659.0,382.5,782.6,em450
k2d_0730,kidney_2d,6.16,180.62,32,49.2,1916.6,335.3,761.9,em450
k2d_0731,kidney_2d,32.18,185.18,34,52.28,1762.4,368.5,1003.4,em450
k2d_0732,kidney_2d,28.24,181.3,37,56.89,1832.6,394.3,1099.1,em450
k2d_0733,kidney_2d,24.0,187.5,26,39.98,1726.5,364.6,1034.3,em450
k2d_0734,kidney_2d,101.0,180.5,24,36.9,2052.0,2563.8,802.2,em515
k2d_0735,kidney_2d,368.5,180.35,34,52.28,2075.4,434.2,1443.9,em450
k2d_0736,kidney_2d,85.84,184.09,74,113.78,2634.4,711.0,683.1,em450
k2d_0737,kidney_2d,91.95,182.0,22,33.83,1889.0,2763.9,715.4,em515
k2d_0738,kidney_2d,135.84,184.34,38,58.43,1792.1,916.4,1087.2,em450
k2d_0739,kidney_2d,137.82,191.97,33,50.74,1776.4,777.1,962.3,em450
k2d_0740,kidney_2d,137.2,188.2,15,23.06,1666.5,832.3,979.2,em450
k2d_0741,kidney_2d,219.05,184.17,42,64.58,1706.3,494.0,1118.6,em450
k2d_0742,kidney_2d,144.96,184.4,25,38.44,2144.4,1051.0,1417.8,em450
k2d_0743,kidney_2d,321.02,190.32,40,61.5,2140.6,3195.6,1147.1,em515
k2d_0744,kidney_2d,325.78,186.12,32,49.2,2053.8,3414.8,833.5,em515
k2d_0745,kidney_2d,315.53,194.53,17,26.14,1646.8,2433.9,936.1,em515
k2d_0746,kidney_2d,178.67,193.53,51,78.42,1749.1,532.2,1072.4,em450
k2d_0747,kidney_2d,181.08,186.46,37,56.89,1770.1,569.9,1255.9,em450
k2d_0748,kidney_2d,113.0,188.18,33,50.74,1822.4,746.4,854.8,em450
k2d_0749,kidney_2d,473.36,205.55,33,50.74,1720.5,3592.5,1063.9,em515
k2d_0750,kidney_2d,473.0,194.11,56,86.11,1931.8,966.4,1579.2,em450
k2d_0751,kidney_2d,474.3,200.43,37,56.89,2780.5,2037.6,1187.5,em450
k2d_0752,kidney_2d,467.49,205.77,47,72.27,2070.7,1838.7,974.0,em450
k2d_0753,kidney_2d,473.21,219.49,57,87.64,2331.0,2107.6,900.5,em450
k2d_0754,kidney_2d,464.72,221.87,54,83.03,2245.9,1963.1,831.7,em450
k2d_0755,kidney_2d,474.39,209.96,23,35.36,2214.1,2026.7,604.4,em450
k2d_0756,kidney_2d,469.08,221.46,13,19.99,1780.6,2460.6,1301.8,em515
k2d_0757,kidney_2d,466.82,198.04,28,43.05,2225.9,1358.6,1547.3,em450
k2d_0758,kidney_2d,478.73,213.95,44,67.65,1990.0,2103.4,960.1,em450
k2d_0759,kidney_2d,467.61,188.5,28,43.05,1635.3,692.9,1162.4,em450
k2d_0760,kidney_2d,468.67,228.0,18,27.68,1974.2,1206.4,1285.9,em450
k2d_0761,kidney_2d,473.35,227.73,26,39.98,1914.5,1143.5,1120.2,em450
k2d_0762,kidney_2d,477.38,188.38,13,19.99,1508.8,306.7,1501.7,em450
k2d_0763,kidney_2d,243.52,191.35,62,95.33,1777.1,619.3,1540.9,em450
k2d_0764,kidney_2d,236.13,189.84,38,58.43,1781.5,846.4,1434.7,em450
k2d_0765,kidney_2d,291.17,188.57,23,35.36,2295.3,566.7,537.0,em450
k2d_0766,kidney_2d,418.67,190.54,70,107.63,2119.6,1793.0,881.4,em450
k2d_0767,kidney_2d,408.39,196.44,36,55.35,2432.2,278.9,426.0,em450
k2d_0768,kidney_2d,425.04,188.54,24,36.9,1924.2,1731.4,664.5,em450
k2d_0769,kidney_2d,410.15,190.85,39,59.97,1902.7,2397.2,1373.6,em515
k2d_0770,kidney_2d,428.82,193.47,34,52.28,2171.9,2254.9,831.5,em450
k2d_0771,kidney_2d,46.34,190.06,35,53.82,1831.4,459.7,1098.5,em450
k2d_0772,kidney_2d,75.85,188.62,13,19.99,2026.8,141.0,156.5,em450
k2d_0773,kidney_2d,264.5,189.0,22,33.83,1795.0,2000.9,671.2,em515
k2d_0774,kidney_2d,310.54,215.82,394,605.81,2730.5,1752.4,2818.6,em450
k2d_0775,kidney_2d,338.68,204.02,490,753.42,2691.0,1750.5,2022.4,em450
k2d_0776,kidney_2d,310.74,228.94,103,158.37,2822.3,2617.3,3850.1,em605
k2d_0777,kidney_2d,326.14,233.37,91,139.92,2834.9,1938.1,4000.1,em605
k2d_0778,kidney_2d,317.26,236.43,145,222.95,2764.6,2171.5,4020.8,em605
k2d_0779,kidney_2d,300.0,224.0,43,66.12,3002.1,635.9,2373.3,em450
k2d_0780,kidney_2d,324.43,253.01,141,216.8,2782.2,2663.2,3482.9,em605
k2d_0781,kidney_2d,329.51,222.0,156,239.87,3008.9,1858.7,3539.7,em605
k2d_0782,kidney_2d,330.46,238.84,57,87.64,2160.6,2604.6,3608.3,em605
k2d_0783,kidney_2d,321.0,208.56,45,69.19,3135.2,1056.6,2242.5,em450
k2d_0784,kidney_2d,294.05,226.43,133,204.5,2295.2,577.4,1677.7,em450
k2d_0785,kidney_2d,327.96,228.09,23,35.36,2726.8,1903.9,3812.7,em605
k2d_0786,kidney_2d,310.41,255.15,123,189.12,2296.1,2510.2,2613.6,em605
k2d_0787,kidney_2d,335.78,238.72,54,83.03,2642.0,2462.2,3069.0,em605
k2d_0788,kidney_2d,320.46,202.89,46,70.73,2372.5,2975.1,1872.3,em515
k2d_0789,kidney_2d,341.32,237.11,63,96.87,2596.4,2971.2,3877.7,em605
k2d_0790,kidney_2d,342.71,223.78,76,116.86,2505.7,2637.4,3580.9,em605
k2d_0791,kidney_2d,316.69,251.41,32,49.2,2865.0,2150.4,3947.0,em605
k2d_0792,kidney_2d,325.13,203.17,23,35.36,2285.5,1742.3,2574.3,em605
k2d_0793,kidney_2d,344.67,230.55,66,101.48,2767.2,2659.1,3268.8,em605
k2d_0794,kidney_2d,328.17,243.39,23,35.36,2488.6,2853.2,3521.3,em605
k2d_0795,kidney_2d,329.33,246.76,33,50.74,2708.8,2504.9,3565.5,em605
k2d_0796,kidney_2d,331.64,254.89,28,43.05,2141.2,3104.2,3366.0,em605
k2d_0797,kidney_2d,308.4,247.07,45,69.19,2525.5,2689.0,3908.6,em605
k2d_0798,kidney_2d,338.13,223.07,15,23.06,2543.7,2119.9,3375.9,em605
k2d_0799,kidney_2d,333.83,259.83,41,63.04,2289.8,2140.8,1348.3,em450
k2d_0800,kidney_2d,343.0,189.12,33,50.74,2525.8,2746.6,1307.4,em450
k2d_0801,kidney_2d,338.3,259.41,27,41.52,2063.9,700.1,782.2,em450
k2d_0802,kidney_2d,343.21,243.07,28,43.05,2221.4,2663.6,3537.6,em605
k2d_0803,kidney_2d,301.57,237.46,37,56.89,2363.1,2506.1,2212.4,em450
k2d_0804,kidney_2d,302.39,247.25,28,43.05,2003.4,2745.2,2939.8,em605
k2d_0805,kidney_2d,338.43,252.0,54,83.03,2532.9,1933.0,1555.5,em450
k2d_0806,kidney_2d,354.03,194.56,32,49.2,2279.2,753.7,3649.3,em605
k2d_0807,kidney_2d,349.19,222.35,26,39.98,2269.9,2161.3,4093.8,em605
k2d_0808,kidney_2d,354.54,230.5,50,76.88,2474.1,1491.7,1927.7,em450
k2d_0809,kidney_2d,309.75,239.3,20,30.75,2647.3,2565.7,3525.1,em605
k2d_0810,kidney_2d,302.0,242.26,19,29.21,2045.7,3019.1,2233.9,em515
k2d_0811,kidney_2d,310.25,201.67,24,36.9,2160.4,1667.2,1051.0,em450
k2d_0812,kidney_2d,362.5,188.12,16,24.6,1759.2,841.5,3145.3,em605
k2d_0813,kidney_2d,380.57,194.43,121,186.05,2278.0,668.8,2858.5,em605
k2d_0814,kidney_2d,382.04,205.24,25,38.44,2407.9,683.3,4095.0,em605
k2d_0815,kidney_2d,357.46,219.41,37,56.89,2057.0,742.3,3334.4,em605
k2d_0816,kidney_2d,380.24,210.72,25,38.44,2437.6,587.0,4017.4,em605
k2d_0817,kidney_2d,362.61,221.17,23,35.36,2348.8,274.3,1065.4,em450
k2d_0818,kidney_2d,369.92,213.33,12,18.45,2131.9,586.3,3604.0,em605
k2d_0819,kidney_2d,373.25,213.08,12,18.45,1813.4,811.0,3256.4,em605
k2d_0820,kidney_2d,360.07,214.21,14,21.53,2345.2,644.4,4052.5,em605
k2d_0821,kidney_2d,383.71,214.64,14,21.53,2602.8,689.8,276.3,em450
k2d_0822,kidney_2d,96.76,189.67,21,32.29,2004.9,1127.0,606.6,em450
k2d_0823,kidney_2d,172.0,190.0,23,35.36,2362.7,445.4,1035.6,em450
k2d_0824,kidney_2d,103.0,191.88,24,36.9,1788.9,1022.0,408.2,em450
k2d_0825,kidney_2d,103.5,198.0,14,21.53,1718.2,278.1,681.8,em450
k2d_0826,kidney_2d,437.97,191.21,29,44.59,2002.7,2225.6,1409.1,em515
k2d_0827,kidney_2d,218.04,195.86,71,109.17,1740.6,624.8,872.3,em450
k2d_0828,kidney_2d,150.96,198.91,55,84.57,2160.7,2582.8,843.3,em515
k2d_0829,kidney_2d,144.96,193.68,28,43.05,2015.4,3022.4,1327.5,em515
k2d_0830,kidney_2d,155.41,194.53,17,26.14,2218.6,684.0,425.5,em450
k2d_0831,kidney_2d,14.93,195.8,40,61.5,2001.2,283.7,473.4,em450
k2d_0832,kidney_2d,257.14,199.08,37,56.89,2022.6,2424.4,1598.1,em515
k2d_0833,kidney_2d,260.92,195.23,26,39.98,2238.1,1830.1,1785.5,em450
k2d_0834,kidney_2d,248.84,199.94,32,49.2,2161.6,2482.3,788.6,em515
k2d_0835,kidney_2d,509.11,200.75,53,81.49,1925.9,526.1,953.0,em450
k2d_0836,kidney_2d,22.61,200.52,44,67.65,2336.7,915.0,1232.2,em450
k2d_0837,kidney_2d,34.34,200.39,38,58.43,1821.0,363.5,1143.1,em450
k2d_0838,kidney_2d,45.76,200.57,37,56.89,1832.7,458.6,1775.1,em450
k2d_0839,kidney_2d,56.38,207.34,32,49.2,1820.8,254.2,1024.7,em450
k2d_0840,kidney_2d,51.33,203.12,24,36.9,2403.5,541.4,2018.1,em450
k2d_0841,kidney_2d,441.59,200.64,22,33.83,2182.8,1218.0,1010.3,em450
k2d_0842,kidney_2d,441.46,204.62,13,19.99,2730.6,1045.4,1092.1,em450
k2d_0843,kidney_2d,454.42,205.76,45,69.19,2194.0,2478.7,935.2,em515
k2d_0844,kidney_2d,448.46,208.44,50,76.88,2075.3,2632.3,1158.3,em515
k2d_0845,kidney_2d,461.32,210.36,47,72.27,2020.3,2877.5,761.1,em515
k2d_0846,kidney_2d,453.22,214.56,27,41.52,2358.8,2121.6,850.2,em450
k2d_0847,kidney_2d,457.59,214.27,22,33.83,1731.0,2485.5,690.7,em515
k2d_0848,kidney_2d,450.65,201.0,17,26.14,1893.4,1526.6,1170.4,em450
k2d_0849,kidney_2d,95.0,202.5,22,33.83,2119.1,268.5,622.4,em450
k2d_0850,kidney_2d,114.54,203.74,39,59.97,1875.7,452.5,698.7,em450
k2d_0851,kidney_2d,134.37,203.98,46,70.73,1866.8,788.7,1312.0,em450
k2d_0852,kidney_2d,177.56,203.82,57,87.64,2198.0,775.5,1655.2,em450
k2d_0853,kidney_2d,172.92,210.24,62,95.33,2061.8,2030.7,1444.0,em450
k2d_0854,kidney_2d,168.09,215.48,44,67.65,2483.2,2953.5,1073.9,em515
k2d_0855,kidney_2d,176.94,215.21,33,50.74,2092.5,909.2,1448.4,em450
k2d_0856,kidney_2d,169.83,221.83,29,44.59,2133.2,2685.3,947.7,em515
k2d_0857,kidney_2d,183.59,214.06,17,26.14,1538.4,505.2,768.9,em450
k2d_0858,kidney_2d,2.67,204.98,54,83.03,2037.6,454.9,1065.6,em450
k2d_0859,kidney_2d,287.0,203.93,41,63.04,1864.6,422.0,806.4,em450
k2d_0860,kidney_2d,281.61,204.74,31,47.67,2032.8,742.9,1041.7,em450
k2d_0861,kidney_2d,144.92,206.11,37,56.89,2007.6,3532.3,1329.1,em515
k2d_0862,kidney_2d,163.95,204.9,20,30.75,2004.7,1177.7,1006.4,em450
k2d_0863,kidney_2d,186.68,205.71,31,47.67,1710.9,510.5,1035.4,em450
k2d_0864,kidney_2d,213.03,207.28,40,61.5,2272.7,1048.9,1895.0,em450
k2d_0865,kidney_2d,235.79,213.5,48,73.8,1891.8,673.9,1021.9,em450
k2d_0866,kidney_2d,240.94,208.77,53,81.49,1683.6,1123.9,1457.7,em450
k2d_0867,kidney_2d,125.44,207.8,25,38.44,1597.5,506.2,869.2,em450
k2d_0868,kidney_2d,152.5,209.21,28,43.05,2102.8,3020.9,940.9,em515
k2d_0869,kidney_2d,155.12,213.67,24,36.9,2325.9,2022.5,967.2,em450
k2d_0870,kidney_2d,22.44,210.64,25,38.44,1863.1,1616.1,732.5,em450
k2d_0871,kidney_2d,26.3,210.74,23,35.36,2318.5,1946.8,677.0,em450
k2d_0872,kidney_2d,29.81,212.38,26,39.98,2171.6,1420.1,611.7,em450
k2d_0873,kidney_2d,19.73,214.5,22,33.83,1760.3,1699.8,431.0,em450
k2d_0874,kidney_2d,104.35,211.76,37,56.89,1737.6,296.0,864.9,em450
k2d_0875,kidney_2d,97.9,211.17,30,46.13,2091.9,324.5,1087.1,em450
k2d_0876,kidney_2d,220.74,211.85,46,70.73,1906.7,525.3,1347.8,em450
k2d_0877,kidney_2d,38.5,214.0,12,18.45,2291.1,1160.7,1493.2,em450
k2d_0878,kidney_2d,139.61,212.32,41,63.04,1732.8,1082.8,1387.3,em450
k2d_0879,kidney_2d,142.31,217.77,26,39.98,1733.8,1658.4,1623.9,em450
k2d_0880,kidney_2d,147.11,216.89,27,41.52,2208.6,2593.7,903.9,em515
k2d_0881,kidney_2d,267.5,211.5,12,18.45,1696.5,484.2,572.2,em450
k2d_0882,kidney_2d,238.23,236.38,56,86.11,2070.6,1118.2,1180.3,em450
k2d_0883,kidney_2d,244.07,226.47,45,69.19,2396.3,1969.0,1232.2,em450
k2d_0884,kidney_2d,238.82,231.53,17,26.14,2424.0,753.6,818.9,em450
k2d_0885,kidney_2d,243.93,236.93,15,23.06,2254.4,2832.1,1129.9,em515
k2d_0886,kidney_2d,248.71,214.19,31,47.67,2008.1,3603.9,950.9,em515
k2d_0887,kidney_2d,245.68,219.0,28,43.05,2271.4,1952.0,1188.4,em450
k2d_0888,kidney_2d,239.47,227.76,17,26.14,2085.6,1048.8,1117.9,em450
k2d_0889,kidney_2d,246.46,235.15,13,19.99,2134.4,3376.2,952.7,em515
k2d_0890,kidney_2d,285.63,216.74,46,70.73,1939.3,605.3,1170.7,em450
k2d_0891,kidney_2d,120.29,216.91,45,69.19,1823.8,580.3,1016.3,em450
k2d_0892,kidney_2d,195.99,222.33,72,110.71,2088.8,884.1,933.0,em450
k2d_0893,kidney_2d,197.09,215.84,32,49.2,1916.1,789.4,710.5,em450
k2d_0894,kidney_2d,159.5,218.29,14,21.53,1799.3,2344.4,669.9,em515
k2d_0895,kidney_2d,263.73,220.69,26,39.98,1749.7,614.1,613.5,em450
k2d_0896,kidney_2d,26.82,226.53,40,61.5,2142.9,1453.7,641.7,em450
k2d_0897,kidney_2d,21.65,227.35,23,35.36,1771.1,1598.0,708.8,em450
k2d_0898,kidney_2d,18.74,223.95,19,29.21,1939.3,1012.7,493.7,em450
k2d_0899,kidney_2d,15.27,221.27,15,23.06,1663.5,1089.8,694.2,em450
k2d_0900,kidney_2d,45.3,224.23,47,72.27,1993.0,1616.3,744.4,em450
k2d_0901,kidney_2d,39.88,229.97,34,52.28,1797.1,1469.0,593.5,em450
k2d_0902,kidney_2d,41.81,235.36,36,55.35,2171.2,1159.0,450.1,em450
k2d_0903,kidney_2d,51.83,226.37,30,46.13,1972.2,1680.6,641.8,em450
k2d_0904,kidney_2d,69.14,222.64,14,21.53,1775.0,309.4,521.4,em450
k2d_0905,kidney_2d,91.57,222.07,14,21.53,1914.6,184.4,353.4,em450
k2d_0906,kidney_2d,104.46,223.13,39,59.97,1797.0,420.1,1087.9,em450
k2d_0907,kidney_2d,183.57,223.53,47,72.27,1858.0,584.2,1070.9,em450
k2d_0908,kidney_2d,113.86,223.61,36,55.35,1669.4,389.9,1144.6,em450
k2d_0909,kidney_2d,119.5,226.0,14,21.53,1494.9,303.6,1390.6,em450
k2d_0910,kidney_2d,153.12,223.0,16,24.6,1906.4,1183.1,906.4,em450
k2d_0911,kidney_2d,131.58,224.98,43,66.12,1822.7,849.7,1064.3,em450
k2d_0912,kidney_2d,484.8,223.67,15,23.06,1870.3,922.5,820.9,em450
k2d_0913,kidney_2d,160.36,225.56,39,59.97,2067.8,2417.3,816.8,em515
k2d_0914,kidney_2d,164.91,231.56,34,52.28,2021.9,2281.7,693.1,em515
k2d_0915,kidney_2d,278.96,226.98,47,72.27,1767.8,477.0,996.7,em450
k2d_0916,kidney_2d,498.1,228.13,102,156.84,2551.8,746.8,1034.6,em450
k2d_0917,kidney_2d,257.51,248.25,91,139.92,2184.7,2544.1,1162.3,em515
k2d_0918,kidney_2d,239.02,256.43,42,64.58,1912.5,714.1,496.0,em450
k2d_0919,kidney_2d,248.08,256.27,37,56.89,2209.8,2238.7,1562.7,em450
k2d_0920,kidney_2d,254.19,254.52,27,41.52,2123.3,2219.1,1393.2,em450
k2d_0921,kidney_2d,243.6,254.73,15,23.06,1761.1,1702.0,1469.7,em450
k2d_0922,kidney_2d,263.71,255.5,24,36.9,1603.2,3157.0,749.1,em515
k2d_0923,kidney_2d,254.19,232.86,21,32.29,2305.6,711.7,678.2,em450
k2d_0924,kidney_2d,270.7,250.15,20,30.75,1820.7,2705.3,680.2,em515
k2d_0925,kidney_2d,267.31,252.81,16,24.6,1717.6,3815.5,1050.6,em515
k2d_0926,kidney_2d,253.0,240.5,16,24.6,2123.2,2090.7,998.3,em450
k2d_0927,kidney_2d,3.0,231.48,44,67.65,1829.0,423.0,896.3,em450
k2d_0928,kidney_2d,7.56,238.84,43,66.12,1840.3,566.0,1115.1,em450
k2d_0929,kidney_2d,68.31,231.08,36,55.35,1954.4,446.7,942.1,em450
k2d_0930,kidney_2d,178.66,231.48,44,67.65,1938.6,853.0,1098.3,em450
k2d_0931,kidney_2d,228.0,230.5,18,27.68,2385.8,546.1,748.0,em450
k2d_0932,kidney_2d,264.1,232.38,42,64.58,1859.8,593.5,517.3,em450
k2d_0933,kidney_2d,441.15,236.89,47,72.27,1957.6,546.2,1512.7,em450
k2d_0934,kidney_2d,438.13,231.53,30,46.13,2389.2,399.1,1190.8,em450
k2d_0935,kidney_2d,432.36,236.0,25,38.44,1775.3,418.8,1364.6,em450
k2d_0936,kidney_2d,57.16,232.86,43,66.12,2040.3,1875.4,681.2,em450
k2d_0937,kidney_2d,53.11,239.15,27,41.52,1923.3,1103.2,646.6,em450
k2d_0938,kidney_2d,146.63,233.51,43,66.12,2081.0,1982.2,950.4,em450
k2d_0939,kidney_2d,144.85,238.06,33,50.74,2048.4,2589.8,995.6,em515
k2d_0940,kidney_2d,136.59,241.53,34,52.28,1883.9,629.2,1201.8,em450
k2d_0941,kidney_2d,143.03,242.1,30,46.13,1899.7,2735.6,892.1,em515
k2d_0942,kidney_2d,148.34,246.98,44,67.65,2078.2,2842.7,887.1,em515
k2d_0943,kidney_2d,137.35,233.27,26,39.98,1733.5,599.3,841.7,em450
k2d_0944,kidney_2d,137.35,236.94,17,26.14,1718.4,761.6,1224.6,em450
k2d_0945,kidney_2d,155.95,244.73,22,33.83,1892.8,389.3,478.0,em450
k2d_0946,kidney_2d,153.77,251.27,22,33.83,1909.1,1113.7,644.2,em450
k2d_0947,kidney_2d,154.22,233.33,27,41.52,2174.0,871.5,676.5,em450
k2d_0948,kidney_2d,157.4,248.93,15,23.06,1504.2,589.1,790.1,em450
k2d_0949,kidney_2d,198.59,247.45,117,179.9,1790.0,956.7,900.4,em450
k2d_0950,kidney_2d,196.76,236.81,58,89.18,1656.2,1003.5,778.8,em450
k2d_0951,kidney_2d,203.4,236.89,35,53.82,1907.4,554.9,1158.9,em450
k2d_0952,kidney_2d,190.11,232.94,35,53.82,1811.1,1959.3,1918.7,em450
k2d_0953,kidney_2d,477.0,237.52,48,73.8,2332.4,680.6,740.0,em450
k2d_0954,kidney_2d,481.12,232.33,24,36.9,2270.7,773.1,440.3,em450
k2d_0955,kidney_2d,508.47,234.84,38,58.43,1884.6,637.9,912.6,em450
k2d_0956,kidney_2d,507.49,241.72,39,59.97,1810.0,407.3,933.6,em450
k2d_0957,kidney_2d,91.42,235.58,33,50.74,1830.6,320.4,671.4,em450
k2d_0958,kidney_2d,127.8,237.93,40,61.5,1872.6,749.5,751.4,em450
k2d_0959,kidney_2d,287.12,237.12,17,26.14,2104.4,253.3,296.8,em450
k2d_0960,kidney_2d,458.28,237.72,43,66.12,2023.8,647.3,1205.2,em450
k2d_0961,kidney_2d,30.76,239.67,21,32.29,1949.0,534.7,880.7,em450
k2d_0962,kidney_2d,109.39,244.71,38,58.43,1805.4,361.6,1002.1,em450
k2d_0963,kidney_2d,102.61,245.16,38,58.43,1794.3,562.6,1544.4,em450
k2d_0964,kidney_2d,109.16,238.53,38,58.43,1907.6,416.1,896.3,em450
k2d_0965,kidney_2d,225.09,238.69,35,53.82,1977.8,460.5,563.1,em450
k2d_0966,kidney_2d,437.02,297.28,171,262.93,2781.5,2356.1,3814.4,em605
k2d_0967,kidney_2d,437.8,289.03,94,144.53,2883.3,2998.4,3497.4,em605
k2d_0968,kidney_2d,440.7,277.55,246,378.25,2715.7,2550.0,2471.0,em450
k2d_0969,kidney_2d,435.09,284.31,81,124.55,2723.3,3190.2,3598.5,em605
k2d_0970,kidney_2d,424.94,298.81,209,321.36,2479.2,2271.0,3850.6,em605
k2d_0971,kidney_2d,435.27,319.93,177,272.16,2740.5,2301.3,3482.9,em605
k2d_0972,kidney_2d,432.7,270.45,74,113.78,2518.8,1321.7,2466.2,em450
k2d_0973,kidney_2d,418.27,285.47,167,256.78,3035.2,1818.5,3905.6,em605
k2d_0974,kidney_2d,427.07,245.33,122,187.59,2435.9,514.4,2082.1,em450
k2d_0975,kidney_2d,427.29,254.79,137,210.65,2264.1,572.6,2368.0,em450
k2d_0976,kidney_2d,428.21,314.8,71,109.17,3015.8,2028.4,3576.5,em605
k2d_0977,kidney_2d,415.68,329.39,166,255.24,3005.2,1913.6,3494.4,em605
k2d_0978,kidney_2d,411.73,275.48,96,147.61,2530.3,2707.8,2460.5,em450
k2d_0979,kidney_2d,409.72,286.8,61,93.79,2528.8,2742.5,3814.6,em605
k2d_0980,kidney_2d,409.28,313.46,68,104.56,2291.8,2459.4,2700.0,em605
k2d_0981,kidney_2d,415.14,314.84,58,89.18,2309.1,2344.1,2795.7,em605
k2d_0982,kidney_2d,404.07,314.75,44,67.65,2694.2,2309.3,2558.0,em450
k2d_0983,kidney_2d,454.56,279.96,57,87.64,2392.1,1905.9,1156.9,em450
k2d_0984,kidney_2d,441.7,305.45,84,129.16,2872.2,2165.4,3891.3,em605
k2d_0985,kidney_2d,416.1,268.8,79,121.47,2255.5,1022.9,2626.8,em605
k2d_0986,kidney_2d,401.47,302.91,55,84.57,3005.5,2024.1,3866.5,em605
k2d_0987,kidney_2d,455.02,288.08,85,130.7,2618.1,1998.3,1874.5,em450
k2d_0988,kidney_2d,419.31,240.95,64,98.41,2877.1,453.0,1654.8,em450
k2d_0989,kidney_2d,429.81,267.48,21,32.29,2998.5,671.4,2094.4,em450
k2d_0990,kidney_2d,401.84,290.13,85,130.7,2369.6,2989.7,2637.7,em515
k2d_0991,kidney_2d,402.0,297.93,41,63.04,2596.3,2167.9,3685.0,em605
k2d_0992,kidney_2d,395.25,306.48,80,123.01,2430.2,2789.1,2584.0,em515
k2d_0993,kidney_2d,402.79,319.48,33,50.74,2356.1,1809.7,3113.9,em605
k2d_0994,kidney_2d,416.96,319.46,24,36.9,2316.4,3185.1,2715.7,em515
k2d_0995,kidney_2d,417.71,321.64,14,21.53,2745.1,2292.4,2291.9,em450
k2d_0996,kidney_2d,449.32,246.44,63,96.87,1984.5,759.8,1291.7,em450
k2d_0997,kidney_2d,420.03,311.49,35,53.82,2643.0,2273.8,3839.6,em605
k2d_0998,kidney_2d,406.49,340.38,74,113.78,2960.4,1530.2,2415.9,em450
k2d_0999,kidney_2d,426.8,347.56,75,115.32,2342.8,1018.2,1983.1,em450
k2d_1000,kidney_2d,427.78,263.93,41,63.04,2538.9,633.3,2162.2,em450
k2d_1001,kidney_2d,421.45,263.57,44,67.65,2371.2,528.9,2186.3,em450
k2d_1002,kidney_2d,449.1,291.49,39,59.97,2677.3,3077.2,1918.2,em515
k2d_1003,kidney_2d,443.5,247.77,30,46.13,1964.7,716.0,1478.4,em450
k2d_1004,kidney_2d,438.17,251.71,52,79.96,2030.1,579.9,1938.4,em450
k2d_1005,kidney_2d,447.69,259.43,42,64.58,1977.0,649.0,1090.8,em450
k2d_1006,kidney_2d,425.5,283.0,14,21.53,2413.1,2414.4,2913.3,em605
k2d_1007,kidney_2d,450.12,303.07,40,61.5,2279.6,3321.8,2274.3,em515
k2d_1008,kidney_2d,430.38,308.73,26,39.98,2810.0,2823.7,3053.2,em450
k2d_1009,kidney_2d,404.73,322.47,15,23.06,2264.6,1847.6,3984.9,em605
k2d_1010,kidney_2d,404.5,325.78,32,49.2,2584.8,1811.0,3624.3,em605
k2d_1011,kidney_2d,418.96,344.27,48,73.8,2432.1,1495.6,2258.3,em450
k2d_1012,kidney_2d,407.31,347.64,45,69.19,1823.5,483.2,1366.3,em450
k2d_1013,kidney_2d,413.22,239.56,32,49.2,1866.7,389.8,2085.1,em605
k2d_1014,kidney_2d,449.97,254.91,32,49.2,2107.0,1050.2,1266.4,em450
k2d_1015,kidney_2d,408.11,292.68,19,29.21,2203.9,2499.6,3601.9,em605
k2d_1016,kidney_2d,447.67,325.0,61,93.79,2221.1,1209.3,1271.4,em450
k2d_1017,kidney_2d,407.93,327.71,14,21.53,2871.4,2417.8,3405.4,em605
k2d_1018,kidney_2d,467.31,342.15,54,83.03,1832.4,667.2,1014.6,em450
k2d_1019,kidney_2d,403.5,355.0,44,67.65,1945.3,552.5,850.4,em450
k2d_1020,kidney_2d,396.23,356.15,47,72.27,1916.7,598.5,1390.8,em450
k2d_1021,kidney_2d,409.17,241.08,24,36.9,2164.8,205.6,546.6,em450
k2d_1022,kidney_2d,409.77,297.63,35,53.82,2027.9,2765.0,3642.9,em605
k2d_1023,kidney_2d,410.53,305.53,32,49.2,2402.1,1949.9,3411.7,em605
k2d_1024,kidney_2d,451.52,307.96,27,41.52,2561.0,3033.1,2301.4,em515
k2d_1025,kidney_2d,423.0,314.0,13,19.99,2420.3,2006.1,3345.2,em605
k2d_1026,kidney_2d,447.03,313.97,30,46.13,2170.3,3297.7,2442.1,em515
k2d_1027,kidney_2d,427.19,329.89,27,41.52,2748.9,2540.8,2124.3,em450
k2d_1028,kidney_2d,427.42,334.81,26,39.98,2224.8,1995.8,3092.9,em605
k2d_1029,kidney_2d,456.23,335.7,30,46.13,2169.8,2054.5,1274.1,em450
k2d_1030,kidney_2d,424.09,338.3,33,50.74,2420.8,1917.9,2398.5,em450
k2d_1031,kidney_2d,421.54,340.92,13,19.99,1919.8,2131.5,1842.4,em515
k2d_1032,kidney_2d,422.39,353.19,31,47.67,1750.4,623.3,662.0,em450
k2d_1033,kidney_2d,443.1,314.76,21,32.29,2442.0,2213.5,2676.2,em450
k2d_1034,kidney_2d,396.0,320.45,31,47.67,2309.4,2215.9,2248.6,em450
k2d_1035,kidney_2d,446.74,319.84,19,29.21,2376.7,2725.0,2635.9,em515
k2d_1036,kidney_2d,423.79,327.57,14,21.53,2104.0,2375.4,2273.3,em515
k2d_1037,kidney_2d,437.67,330.38,21,32.29,2213.1,2462.6,2328.4,em515
k2d_1038,kidney_2d,442.35,329.32,34,52.28,2155.3,2814.2,1361.4,em515
k2d_1039,kidney_2d,459.19,331.43,21,32.29,1781.6,2794.4,844.6,em515
k2d_1040,kidney_2d,403.29,333.14,35,53.82,2509.3,2599.9,2003.4,em450
k2d_1041,kidney_2d,465.16,335.38,32,49.2,2273.0,2995.6,1553.8,em515
k2d_1042,kidney_2d,454.82,340.61,28,43.05,2159.6,1317.4,853.0,em450
k2d_1043,kidney_2d,455.55,328.28,29,44.59,2150.6,2183.1,989.2,em450
k2d_1044,kidney_2d,437.14,335.57,28,43.05,2284.6,3637.0,2621.5,em515
k2d_1045,kidney_2d,431.05,342.1,20,30.75,2322.3,2688.2,1711.0,em515
k2d_1046,kidney_2d,396.54,293.31,13,19.99,1894.7,2699.2,2640.7,em515
k2d_1047,kidney_2d,462.39,297.09,23,35.36,2335.4,723.3,1317.3,em450
k2d_1048,kidney_2d,456.86,299.23,22,33.83,2361.3,816.1,1285.4,em450
k2d_1049,kidney_2d,392.0,299.0,13,19.99,2199.7,3218.6,2618.9,em515
k2d_1050,kidney_2d,392.62,314.56,16,24.6,2203.9,1015.2,1783.7,em450
k2d_1051,kidney_2d,452.93,320.33,15,23.06,2028.7,1286.6,3279.2,em605
k2d_1052,kidney_2d,270.96,239.73,26,39.98,2198.0,464.4,931.0,em450
k2d_1053,kidney_2d,354.92,240.17,12,18.45,1909.1,319.6,263.8,em450
k2d_1054,kidney_2d,467.5,241.5,44,67.65,1946.3,608.9,989.0,em450
k2d_1055,kidney_2d,178.1,246.26,58,89.18,1766.9,735.4,712.0,em450
k2d_1056,kidney_2d,172.0,247.0,13,19.99,1679.8,655.1,362.8,em450
k2d_1057,kidney_2d,22.11,245.79,38,58.43,1879.0,279.9,604.4,em450
k2d_1058,kidney_2d,66.42,245.86,36,55.35,1895.8,437.8,1408.0,em450
k2d_1059,kidney_2d,91.84,245.76,37,56.89,1777.7,524.1,1010.2,em450
k2d_1060,kidney_2d,1.14,248.43,14,21.53,2006.4,304.3,675.9,em450
k2d_1061,kidney_2d,231.24,247.0,41,63.04,1909.5,1091.1,1663.5,em450
k2d_1062,kidney_2d,285.06,246.19,31,47.67,2080.5,904.2,579.6,em450
k2d_1063,kidney_2d,458.67,246.75,12,18.45,1608.6,567.0,787.9,em450
k2d_1064,kidney_2d,33.41,248.44,27,41.52,1649.7,350.0,480.9,em450
k2d_1065,kidney_2d,474.42,250.39,38,58.43,2028.2,681.3,1467.6,em450
k2d_1066,kidney_2d,467.63,252.97,35,53.82,2054.2,667.6,1282.6,em450
k2d_1067,kidney_2d,470.93,251.79,14,21.53,1686.8,883.0,1800.0,em450
k2d_1068,kidney_2d,219.28,251.68,40,61.5,1901.3,640.5,1397.7,em450
k2d_1069,kidney_2d,213.71,251.49,35,53.82,2260.2,579.0,1705.0,em450
k2d_1070,kidney_2d,213.22,256.78,18,27.68,1830.1,719.2,1986.9,em450
k2d_1071,kidney_2d,506.0,258.5,22,33.83,2377.1,588.0,640.1,em450
k2d_1072,kidney_2d,509.24,253.52,33,50.74,1962.3,385.9,971.9,em450
k2d_1073,kidney_2d,17.8,253.57,30,46.13,1796.6,351.3,532.6,em450
k2d_1074,kidney_2d,65.12,256.12,34,52.28,1818.1,476.1,908.1,em450
k2d_1075,kidney_2d,64.86,262.86,58,89.18,1903.2,617.3,1780.7,em450
k2d_1076,kidney_2d,71.91,254.31,35,53.82,1809.3,433.4,917.5,em450
k2d_1077,kidney_2d,77.71,254.39,38,58.43,1860.8,356.0,1617.9,em450
k2d_1078,kidney_2d,135.77,254.27,22,33.83,1921.7,559.3,703.3,em450
k2d_1079,kidney_2d,286.77,255.58,53,81.49,2287.9,1446.5,738.7,em450
k2d_1080,kidney_2d,485.04,253.4,25,38.44,1746.6,214.6,1454.3,em450
k2d_1081,kidney_2d,94.21,256.0,38,58.43,1694.8,435.8,598.4,em450
k2d_1082,kidney_2d,125.54,256.2,41,63.04,1858.1,341.5,1058.2,em450
k2d_1083,kidney_2d,127.24,263.18,34,52.28,1778.2,344.5,1472.0,em450
k2d_1084,kidney_2d,144.21,258.74,39,59.97,1895.5,3128.3,958.3,em515
k2d_1085,kidney_2d,149.62,261.02,40,61.5,2275.2,2676.7,1111.0,em515
k2d_1086,kidney_2d,140.0,263.0,29,44.59,2086.9,2308.4,777.5,em515
k2d_1087,kidney_2d,191.07,258.04,45,69.19,1854.5,1310.8,968.2,em450
k2d_1088,kidney_2d,189.81,265.31,32,49.2,1947.8,1305.2,933.1,em450
k2d_1089,kidney_2d,192.14,268.95,22,33.83,1936.4,2802.5,1127.6,em515
k2d_1090,kidney_2d,194.0,272.94,31,47.67,2208.2,1749.9,842.6,em450
k2d_1091,kidney_2d,458.8,257.89,44,67.65,2013.8,830.1,1509.3,em450
k2d_1092,kidney_2d,458.4,265.77,48,73.8,1909.1,727.0,1107.0,em450
k2d_1093,kidney_2d,37.45,258.91,33,50.74,1754.2,281.5,480.5,em450
k2d_1094,kidney_2d,113.33,259.0,48,73.8,2252.9,492.3,1110.2,em450
k2d_1095,kidney_2d,118.17,265.66,35,53.82,1644.0,440.9,1165.1,em450
k2d_1096,kidney_2d,475.95,261.28,39,59.97,1925.0,408.7,1151.6,em450
k2d_1097,kidney_2d,219.53,265.57,40,61.5,1888.0,791.2,573.5,em450
k2d_1098,kidney_2d,276.91,283.27,44,67.65,2109.2,497.9,1105.8,em450
k2d_1099,kidney_2d,277.15,290.05,55,84.57,1740.7,599.6,1286.0,em450
k2d_1100,kidney_2d,271.86,276.41,49,75.34,2277.3,488.0,1805.0,em450
k2d_1101,kidney_2d,275.93,278.43,14,21.53,1908.1,469.3,1838.1,em450
k2d_1102,kidney_2d,269.2,269.96,46,70.73,2046.3,1503.9,868.8,em450
k2d_1103,kidney_2d,266.91,264.36,22,33.83,1962.8,1777.2,522.2,em450
k2d_1104,kidney_2d,15.1,266.38,42,64.58,1811.1,343.7,510.0,em450
k2d_1105,kidney_2d,8.87,267.57,30,46.13,1890.8,1033.6,2018.8,em450
k2d_1106,kidney_2d,291.5,265.5,14,21.53,2044.6,369.2,484.9,em450
k2d_1107,kidney_2d,467.56,266.93,43,66.12,2011.1,663.3,1105.0,em450
k2d_1108,kidney_2d,83.3,267.57,40,61.5,1864.5,303.4,454.2,em450
k2d_1109,kidney_2d,89.9,268.35,40,61.5,1813.8,356.9,649.8,em450
k2d_1110,kidney_2d,234.54,267.92,39,59.97,1902.0,914.4,954.8,em450
k2d_1111,kidney_2d,321.74,276.56,68,104.56,1887.5,825.4,1409.2,em450
k2d_1112,kidney_2d,317.43,280.86,35,53.82,2140.7,1119.8,1293.7,em450
k2d_1113,kidney_2d,299.55,281.96,67,103.02,1989.1,558.5,1144.0,em450
k2d_1114,kidney_2d,309.5,283.4,48,73.8,2218.0,910.0,1349.8,em450
k2d_1115,kidney_2d,317.53,291.25,36,55.35,2126.6,790.9,1224.0,em450
k2d_1116,kidney_2d,325.0,272.18,22,33.83,2509.5,596.5,841.9,em450
k2d_1117,kidney_2d,315.75,273.68,28,43.05,2276.8,736.9,1655.1,em450
k2d_1118,kidney_2d,298.91,291.23,47,72.27,1928.1,511.4,720.3,em450
k2d_1119,kidney_2d,308.28,292.59,54,83.03,2090.8,620.0,1541.3,em450
k2d_1120,kidney_2d,295.5,297.0,40,61.5,1937.8,765.4,1316.2,em450
k2d_1121,kidney_2d,320.18,284.47,17,26.14,2952.4,587.8,726.4,em450
k2d_1122,kidney_2d,306.58,287.17,12,18.45,2326.8,934.8,2727.0,em605
k2d_1123,kidney_2d,313.42,289.74,19,29.21,1585.7,678.9,1456.9,em450
k2d_1124,kidney_2d,329.83,267.12,24,36.9,2498.9,608.6,1059.3,em450
k2d_1125,kidney_2d,315.5,268.0,30,46.13,1746.7,1443.1,1566.7,em450
k2d_1126,kidney_2d,328.2,270.33,15,23.06,2082.5,546.5,1095.3,em450
k2d_1127,kidney_2d,169.57,268.57,37,56.89,1839.4,455.2,788.5,em450
k2d_1128,kidney_2d,502.42,269.69,36,55.35,2640.2,948.1,771.2,em450
k2d_1129,kidney_2d,501.46,278.19,48,73.8,1871.8,1178.8,888.5,em450
k2d_1130,kidney_2d,502.5,273.5,12,18.45,2011.5,1037.6,938.3,em450
k2d_1131,kidney_2d,494.78,282.94,18,27.68,1643.3,1435.3,1170.6,em450
k2d_1132,kidney_2d,2.03,273.8,64,98.41,2867.0,660.4,1579.3,em450
k2d_1133,kidney_2d,7.9,277.17,71,109.17,2348.9,664.8,1595.5,em450
k2d_1134,kidney_2d,18.77,288.31,87,133.77,2014.3,897.1,1800.3,em450
k2d_1135,kidney_2d,26.51,285.7,47,72.27,2422.9,891.6,2051.6,em450
k2d_1136,kidney_2d,13.72,291.34,29,44.59,2388.0,2218.7,1154.2,em450
k2d_1137,kidney_2d,13.73,278.95,22,33.83,2387.8,795.6,2198.6,em450
k2d_1138,kidney_2d,15.25,282.0,12,18.45,2491.8,791.1,2037.0,em450
k2d_1139,kidney_2d,10.39,296.04,28,43.05,1934.4,2552.4,952.4,em515
k2d_1140,kidney_2d,19.04,297.88,24,36.9,2252.6,1457.0,690.9,em450
k2d_1141,kidney_2d,135.38,269.81,16,24.6,2077.6,1491.5,523.5,em450
k2d_1142,kidney_2d,148.99,272.42,83,127.62,2084.6,2823.2,1171.7,em515
k2d_1143,kidney_2d,160.98,282.84,45,69.19,1861.4,927.1,1322.4,em450
k2d_1144,kidney_2d,145.63,277.47,19,29.21,1902.7,2216.8,690.3,em515
k2d_1145,kidney_2d,155.17,283.57,23,35.36,1884.0,1015.4,1311.8,em450
k2d_1146,kidney_2d,192.52,282.11,62,95.33,1993.0,1494.1,1118.1,em450
k2d_1147,kidney_2d,189.55,292.89,44,67.65,2081.5,2199.5,1862.3,em450
k2d_1148,kidney_2d,194.59,294.41,39,59.97,2568.9,2560.2,1245.9,em450
k2d_1149,kidney_2d,202.38,298.85,47,72.27,2176.6,2465.4,836.2,em515
k2d_1150,kidney_2d,194.92,304.94,49,75.34,2235.4,2900.2,1178.4,em515
k2d_1151,kidney_2d,205.73,305.49,41,63.04,2134.2,2337.7,835.7,em450
k2d_1152,kidney_2d,202.56,275.32,34,52.28,2022.5,3101.6,991.6,em515
k2d_1153,kidney_2d,204.19,282.13,31,47.67,1988.7,2244.2,736.9,em515
k2d_1154,kidney_2d,198.85,284.58,26,39.98,1779.4,3492.8,1191.1,em515
k2d_1155,kidney_2d,201.61,292.39,28,43.05,2056.6,1838.4,1159.7,em450
k2d_1156,kidney_2d,184.7,273.17,23,35.36,2310.6,914.5,1245.3,em450
k2d_1157,kidney_2d,189.36,277.43,14,21.53,2273.6,1168.4,1490.8,em450
k2d_1158,kidney_2d,258.52,274.43,69,106.09,1990.6,497.2,963.0,em450
k2d_1159,kidney_2d,290.92,276.05,60,92.26,1860.2,557.4,784.1,em450
k2d_1160,kidney_2d,297.38,273.19,21,32.29,1937.7,578.4,1489.4,em450
k2d_1161,kidney_2d,285.71,280.5,14,21.53,1553.2,1006.6,3009.6,em605
k2d_1162,kidney_2d,28.23,275.81,43,66.12,1809.1,432.2,849.3,em450
k2d_1163,kidney_2d,51.21,274.95,19,29.21,2506.5,716.7,667.8,em450
k2d_1164,kidney_2d,56.67,287.1,69,106.09,1938.9,382.5,897.1,em450
k2d_1165,kidney_2d,64.19,281.36,36,55.35,1697.8,478.2,1141.6,em450
k2d_1166,kidney_2d,64.79,287.62,29,44.59,2007.1,967.6,2259.2,em605
k2d_1167,kidney_2d,175.0,278.0,45,69.19,1825.6,1483.4,1174.8,em450
k2d_1168,kidney_2d,78.27,285.11,37,56.89,2004.5,426.9,896.8,em450
k2d_1169,kidney_2d,83.22,286.92,36,55.35,1932.0,322.4,904.2,em450
k2d_1170,kidney_2d,90.5,284.2,40,61.5,1956.5,390.3,780.1,em450
k2d_1171,kidney_2d,81.74,278.04,23,35.36,1698.0,693.4,1164.0,em450
k2d_1172,kidney_2d,137.75,281.76,84,129.16,2091.1,2020.8,710.0,em450
k2d_1173,kidney_2d,144.28,288.66,29,44.59,1821.8,2128.1,876.5,em515
k2d_1174,kidney_2d,217.62,277.75,16,24.6,2197.8,239.0,301.9,em450
k2d_1175,kidney_2d,468.52,281.05,77,118.4,2629.6,712.6,865.6,em450
k2d_1176,kidney_2d,462.41,278.94,17,26.14,2070.3,572.8,881.4,em450
k2d_1177,kidney_2d,483.23,282.74,39,59.97,2269.7,1430.6,1063.8,em450
k2d_1178,kidney_2d,486.5,286.0,18,27.68,1822.9,1440.8,1768.6,em450
k2d_1179,kidney_2d,38.77,285.25,69,106.09,2013.1,470.6,646.7,em450
k2d_1180,kidney_2d,33.05,290.25,20,30.75,1571.8,436.4,710.6,em450
k2d_1181,kidney_2d,244.76,283.59,34,52.28,2018.2,684.9,1292.1,em450
k2d_1182,kidney_2d,240.71,287.24,38,58.43,1932.2,425.2,1273.6,em450
k2d_1183,kidney_2d,224.91,286.72,43,66.12,1918.5,1159.9,1029.2,em450
k2d_1184,kidney_2d,229.5,294.76,46,70.73,1856.4,1600.7,1056.7,em450
k2d_1185,kidney_2d,232.57,289.62,21,32.29,1866.7,801.8,959.4,em450
k2d_1186,kidney_2d,263.29,289.91,45,69.19,1861.2,698.0,951.8,em450
k2d_1187,kidney_2d,495.14,290.5,28,43.05,2170.7,1125.6,795.5,em450
k2d_1188,kidney_2d,500.55,292.21,38,58.43,2197.0,1225.4,769.7,em450
k2d_1189,kidney_2d,179.56,293.43,70,107.63,1741.4,1548.3,1463.2,em450
k2d_1190,kidney_2d,479.0,292.17,35,53.82,2161.7,1598.5,1296.0,em450
k2d_1191,kidney_2d,326.97,297.39,36,55.35,2025.8,449.0,745.1,em450
k2d_1192,kidney_2d,328.07,315.21,29,44.59,1982.5,1127.2,935.3,em450
k2d_1193,kidney_2d,330.19,319.51,37,56.89,1944.8,645.5,1688.2,em450
k2d_1194,kidney_2d,330.86,309.25,36,55.35,1797.9,709.2,959.5,em450
k2d_1195,kidney_2d,328.0,301.5,18,27.68,1757.0,589.8,825.1,em450
k2d_1196,kidney_2d,328.76,304.9,21,32.29,1728.2,653.2,1019.5,em450
k2d_1197,kidney_2d,328.77,292.77,22,33.83,2302.2,309.7,800.9,em450
k2d_1198,kidney_2d,118.2,294.76,25,38.44,1851.5,758.2,1011.2,em450
k2d_1199,kidney_2d,113.08,298.19,26,39.98,2154.9,1484.0,788.5,em450
k2d_1200,kidney_2d,245.58,298.98,43,66.12,1951.6,476.8,985.2,em450
k2d_1201,kidney_2d,252.65,295.86,37,56.89,1708.3,668.8,1094.0,em450
k2d_1202,kidney_2d,489.0,295.5,28,43.05,1934.5,1457.4,1053.8,em450
k2d_1203,kidney_2d,156.0,304.5,48,73.8,2302.1,1775.1,1302.2,em450
k2d_1204,kidney_2d,159.41,298.59,46,70.73,1804.3,1012.7,1015.6,em450
k2d_1205,kidney_2d,1.16,298.74,19,29.21,2032.5,341.4,340.6,em450
k2d_1206,kidney_2d,149.69,309.79,42,64.58,2128.9,2223.4,1396.2,em450
k2d_1207,kidney_2d,148.47,299.34,32,49.2,2135.7,2239.7,1199.6,em450
k2d_1208,kidney_2d,146.84,304.6,25,38.44,1844.6,2726.0,1118.6,em515
k2d_1209,kidney_2d,278.77,299.81,43,66.12,1898.7,582.3,938.4,em450
k2d_1210,kidney_2d,288.75,314.67,72,110.71,2028.8,474.7,1751.0,em450
k2d_1211,kidney_2d,291.93,326.21,61,93.79,2061.1,373.0,920.4,em450
k2d_1212,kidney_2d,288.12,306.93,40,61.5,1972.3,712.2,1737.3,em450
k2d_1213,kidney_2d,295.85,314.67,33,50.74,2377.8,463.1,1977.7,em450
k2d_1214,kidney_2d,286.18,322.36,44,67.65,2603.2,595.5,2281.5,em450
k2d_1215,kidney_2d,280.5,320.72,32,49.2,1686.6,343.4,1414.6,em450
k2d_1216,kidney_2d,297.03,307.9,30,46.13,1772.2,353.6,1057.6,em450
k2d_1217,kidney_2d,300.04,316.09,23,35.36,2263.0,518.5,1759.5,em450
k2d_1218,kidney_2d,287.33,299.5,12,18.45,1657.1,847.8,1114.2,em450
k2d_1219,kidney_2d,37.62,303.76,34,52.28,1666.9,359.2,704.4,em450
k2d_1220,kidney_2d,104.91,300.91,22,33.83,2152.7,1631.4,745.1,em450
k2d_1221,kidney_2d,474.33,302.02,54,83.03,2390.5,1659.2,687.8,em450
k2d_1222,kidney_2d,472.06,307.26,31,47.67,2186.3,1978.7,644.5,em450
k2d_1223,kidney_2d,474.45,315.16,31,47.67,1995.7,2521.7,751.6,em515
k2d_1224,kidney_2d,481.78,302.94,32,49.2,2194.2,1792.7,755.5,em450
k2d_1225,kidney_2d,478.93,312.93,28,43.05,1976.8,1576.6,569.0,em450
k2d_1226,kidney_2d,483.87,308.13,23,35.36,1875.8,1804.5,895.5,em450
k2d_1227,kidney_2d,481.33,310.67,12,18.45,2169.5,1519.7,676.5,em450
k2d_1228,kidney_2d,306.5,303.0,38,58.43,2005.3,318.8,1422.7,em450
k2d_1229,kidney_2d,183.55,304.91,58,89.18,1765.3,942.3,887.4,em450
k2d_1230,kidney_2d,214.39,303.86,36,55.35,1848.1,781.8,1036.7,em450
k2d_1231,kidney_2d,59.68,304.41,34,52.28,2043.4,386.2,823.3,em450
k2d_1232,kidney_2d,46.41,305.67,39,59.97,1847.7,419.0,639.8,em450
k2d_1233,kidney_2d,76.81,310.93,42,64.58,1918.0,469.5,1168.5,em450
k2d_1234,kidney_2d,71.69,305.9,29,44.59,1879.9,326.1,1503.2,em450
k2d_1235,kidney_2d,113.47,312.89,47,72.27,2236.7,2806.7,1092.6,em515
k2d_1236,kidney_2d,119.17,311.79,29,44.59,2214.5,1204.7,1735.5,em450
k2d_1237,kidney_2d,122.83,316.0,35,53.82,1939.0,559.1,1434.9,em450
k2d_1238,kidney_2d,109.87,305.07,15,23.06,1896.2,3380.9,1065.3,em515
k2d_1239,kidney_2d,272.06,307.75,32,49.2,2126.0,266.4,482.5,em450
k2d_1240,kidney_2d,263.53,315.82,34,52.28,1799.9,290.9,889.9,em450
k2d_1241,kidney_2d,270.79,313.69,29,44.59,2178.8,376.4,1112.6,em450
k2d_1242,kidney_2d,86.92,307.46,37,56.89,1897.3,332.4,900.1,em450
k2d_1243,kidney_2d,132.47,307.58,36,55.35,1873.7,328.5,969.8,em450
k2d_1244,kidney_2d,9.81,308.7,27,41.52,2150.3,2072.1,942.4,em450
k2d_1245,kidney_2d,11.93,315.86,28,43.05,1942.8,1162.9,1344.1,em450
k2d_1246,kidney_2d,12.11,311.72,18,27.68,2201.4,2377.2,1089.2,em450
k2d_1247,kidney_2d,508.84,311.19,32,49.2,2141.0,717.8,1081.8,em450
k2d_1248,kidney_2d,508.65,317.5,34,52.28,1953.0,408.0,461.6,em450
k2d_1249,kidney_2d,20.5,308.92,24,36.9,2064.0,1816.0,608.2,em450
k2d_1250,kidney_2d,167.58,309.87,38,58.43,1843.8,1317.7,1412.5,em450
k2d_1251,kidney_2d,308.66,311.02,44,67.65,1951.1,418.3,849.3,em450
k2d_1252,kidney_2d,104.92,312.2,25,38.44,2095.3,2977.9,875.9,em515
k2d_1253,kidney_2d,237.67,314.35,46,70.73,1852.3,788.5,974.2,em450
k2d_1254,kidney_2d,67.56,312.8,25,38.44,2480.1,355.7,715.1,em450
k2d_1255,kidney_2d,202.5,313.0,26,39.98,2104.2,2131.9,756.0,em450
k2d_1256,kidney_2d,26.35,322.81,37,56.89,1734.2,524.3,1016.2,em450
k2d_1257,kidney_2d,31.05,314.9,20,30.75,2172.7,512.8,490.6,em450
k2d_1258,kidney_2d,26.0,316.22,23,35.36,2068.9,636.3,426.6,em450
k2d_1259,kidney_2d,95.63,316.63,30,46.13,1580.2,583.0,1030.0,em450
k2d_1260,kidney_2d,166.14,321.1,63,96.87,1733.0,864.7,1169.8,em450
k2d_1261,kidney_2d,149.95,320.74,66,101.48,2193.0,1838.9,1332.1,em450
k2d_1262,kidney_2d,143.48,317.33,46,70.73,1924.5,1020.5,1312.8,em450
k2d_1263,kidney_2d,159.43,319.14,21,32.29,2186.3,1798.3,1670.1,em450
k2d_1264,kidney_2d,143.16,329.54,50,76.88,1792.6,1173.5,1198.6,em450
k2d_1265,kidney_2d,171.52,324.33,33,50.74,1819.1,814.9,707.0,em450
k2d_1266,kidney_2d,156.0,318.0,23,35.36,2010.8,3148.4,1533.8,em515
k2d_1267,kidney_2d,185.36,316.92,36,55.35,1870.4,816.1,1166.1,em450
k2d_1268,kidney_2d,73.42,319.55,31,47.67,2005.8,359.4,549.7,em450
k2d_1269,kidney_2d,310.43,326.99,97,149.15,2038.5,425.2,1463.5,em450
k2d_1270,kidney_2d,316.33,336.5,42,64.58,1981.6,625.5,1253.7,em450
k2d_1271,kidney_2d,315.27,344.41,64,98.41,1815.0,673.4,1453.8,em450
k2d_1272,kidney_2d,314.95,320.14,42,64.58,1965.1,608.7,1503.7,em450
k2d_1273,kidney_2d,325.07,325.46,28,43.05,1936.1,551.8,1394.6,em450
k2d_1274,kidney_2d,321.97,335.18,34,52.28,2189.8,690.7,2244.5,em450
k2d_1275,kidney_2d,324.0,329.47,17,26.14,2367.1,915.2,666.4,em450
k2d_1276,kidney_2d,321.54,322.85,13,19.99,1499.2,777.8,1423.9,em450
k2d_1277,kidney_2d,497.07,320.19,42,64.58,2018.3,543.0,903.1,em450
k2d_1278,kidney_2d,107.71,321.26,31,47.67,2013.1,2810.7,940.9,em515
k2d_1279,kidney_2d,133.95,320.73,37,56.89,1750.0,424.3,971.6,em450
k2d_1280,kidney_2d,204.58,320.45,31,47.67,2193.2,2197.5,855.5,em450
k2d_1281,kidney_2d,217.33,321.21,42,64.58,1946.2,857.5,929.0,em450
k2d_1282,kidney_2d,474.17,324.22,60,92.26,2707.1,1263.2,2079.0,em450
k2d_1283,kidney_2d,481.28,323.15,54,83.03,2755.4,1041.1,1402.1,em450
k2d_1284,kidney_2d,462.92,322.05,39,59.97,2063.7,1989.1,973.3,em450
k2d_1285,kidney_2d,478.79,337.09,43,66.12,1889.6,477.6,650.2,em450
k2d_1286,kidney_2d,465.21,327.11,28,43.05,2374.3,3608.5,1296.6,em515
k2d_1287,kidney_2d,467.05,319.6,20,30.75,2610.6,847.1,763.5,em450
k2d_1288,kidney_2d,476.09,329.86,22,33.83,2302.9,1208.7,1359.2,em450
k2d_1289,kidney_2d,486.23,330.46,39,59.97,2534.3,678.0,959.0,em450
k2d_1290,kidney_2d,13.97,323.87,39,59.97,1885.0,353.9,1150.3,em450
k2d_1291,kidney_2d,6.08,327.37,38,58.43,1859.6,438.4,1035.8,em450
k2d_1292,kidney_2d,79.3,332.18,40,61.5,1912.1,379.2,1033.7,em450
k2d_1293,kidney_2d,85.47,332.15,34,52.28,1822.6,494.4,1104.4,em450
k2d_1294,kidney_2d,80.56,325.34,32,49.2,1933.6,560.8,1252.7,em450
k2d_1295,kidney_2d,255.18,324.72,39,59.97,2030.0,621.1,1173.2,em450
k2d_1296,kidney_2d,267.18,324.95,40,61.5,1939.7,560.6,1253.8,em450
k2d_1297,kidney_2d,38.07,326.13,45,69.19,1891.5,417.0,642.1,em450
k2d_1298,kidney_2d,118.86,328.43,51,78.42,2024.0,1114.1,2189.5,em450
k2d_1299,kidney_2d,112.73,328.18,45,69.19,2331.1,2974.8,1235.0,em515
k2d_1300,kidney_2d,125.0,329.87,47,72.27,1889.8,613.3,1208.9,em450
k2d_1301,kidney_2d,93.2,347.98,60,92.26,2049.2,563.3,1245.3,em450
k2d_1302,kidney_2d,98.4,326.71,48,73.8,1893.8,460.4,968.3,em450
k2d_1303,kidney_2d,99.0,335.2,51,78.42,1797.8,387.5,883.8,em450
k2d_1304,kidney_2d,105.09,329.21,34,52.28,1975.4,2786.9,1517.7,em515
k2d_1305,kidney_2d,113.94,337.31,32,49.2,2277.6,2340.0,1441.1,em450
k2d_1306,kidney_2d,85.97,340.94,33,50.74,1900.3,518.8,1003.8,em450
k2d_1307,kidney_2d,93.93,340.59,27,41.52,1621.3,581.4,1597.4,em450
k2d_1308,kidney_2d,117.19,334.19,16,24.6,2495.2,1260.4,2492.9,em450
k2d_1309,kidney_2d,89.94,340.81,16,24.6,1567.1,686.0,1123.7,em450
k2d_1310,kidney_2d,93.77,354.27,26,39.98,1611.7,384.8,727.6,em450
k2d_1311,kidney_2d,105.3,336.24,33,50.74,2004.4,2651.8,1309.8,em515
k2d_1312,kidney_2d,190.35,328.52,31,47.67,2168.9,579.3,1673.5,em450
k2d_1313,kidney_2d,210.97,326.35,31,47.67,2105.2,2862.5,842.4,em515
k2d_1314,kidney_2d,201.61,331.39,31,47.67,2307.4,1192.0,1472.2,em450
k2d_1315,kidney_2d,198.41,326.12,32,49.2,1860.9,804.1,1229.8,em450
k2d_1316,kidney_2d,214.23,330.88,26,39.98,2115.9,3251.7,1046.5,em515
k2d_1317,kidney_2d,205.62,329.75,16,24.6,1722.9,3421.3,950.2,em515
k2d_1318,kidney_2d,230.81,325.93,42,64.58,1837.9,1898.0,1408.9,em450
k2d_1319,kidney_2d,364.57,326.65,40,61.5,2299.1,458.3,866.3,em450
k2d_1320,kidney_2d,60.65,330.18,34,52.28,1957.6,362.5,449.4,em450
k2d_1321,kidney_2d,62.6,326.07,15,23.06,2053.9,480.3,1253.5,em450
k2d_1322,kidney_2d,47.59,327.54,39,59.97,1890.4,451.9,613.2,em450
k2d_1323,kidney_2d,221.5,330.0,34,52.28,1744.6,691.0,945.2,em450
k2d_1324,kidney_2d,375.63,330.76,41,63.04,1911.9,385.9,916.4,em450
k2d_1325,kidney_2d,262.88,332.44,41,63.04,1818.0,586.0,1282.8,em450
k2d_1326,kidney_2d,495.58,332.19,36,55.35,1687.4,379.2,635.3,em450
k2d_1327,kidney_2d,131.73,334.07,15,23.06,1583.3,535.8,1184.1,em450
k2d_1328,kidney_2d,320.27,363.4,62,95.33,2216.4,680.8,1693.9,em450
k2d_1329,kidney_2d,279.14,344.14,76,116.86,1937.9,538.7,1492.0,em450
k2d_1330,kidney_2d,309.47,357.22,49,75.34,1855.3,661.2,2040.3,em450
k2d_1331,kidney_2d,305.42,362.51,53,81.49,2241.2,522.4,1016.6,em450
k2d_1332,kidney_2d,285.34,352.83,35,53.82,2825.4,522.7,1652.4,em450
k2d_1333,kidney_2d,278.22,335.31,51,78.42,1815.2,593.5,1219.1,em450
k2d_1334,kidney_2d,292.05,347.39,41,63.04,1877.7,403.5,1876.2,em450
k2d_1335,kidney_2d,290.36,353.28,39,59.97,2279.7,548.3,2359.6,em450
k2d_1336,kidney_2d,307.37,352.89,27,41.52,2140.5,393.2,822.1,em450
k2d_1337,kidney_2d,278.64,354.91,45,69.19,1979.8,616.6,1332.5,em450
k2d_1338,kidney_2d,299.23,350.52,48,73.8,1910.9,551.2,1566.9,em450
k2d_1339,kidney_2d,316.26,359.15,34,52.28,2487.4,765.4,1171.5,em450
k2d_1340,kidney_2d,300.07,364.76,29,44.59,1755.7,986.5,2694.0,em605
k2d_1341,kidney_2d,303.15,353.23,13,19.99,1739.4,356.5,1096.3,em450
k2d_1342,kidney_2d,321.0,368.63,19,29.21,2399.5,838.8,1851.4,em450
k2d_1343,kidney_2d,325.5,372.0,20,30.75,1846.5,612.5,474.6,em450
k2d_1344,kidney_2d,290.7,338.41,61,93.79,1875.6,421.4,1164.1,em450
k2d_1345,kidney_2d,285.8,334.44,25,38.44,2331.7,415.0,2316.1,em450
k2d_1346,kidney_2d,158.38,334.62,13,19.99,1883.2,2590.9,635.0,em515
k2d_1347,kidney_2d,169.23,348.5,52,79.96,1992.9,1783.3,1308.2,em450
k2d_1348,kidney_2d,173.4,352.66,35,53.82,2825.0,909.1,1094.9,em450
k2d_1349,kidney_2d,178.44,350.59,34,52.28,1715.3,797.1,1165.4,em450
k2d_1350,kidney_2d,164.78,339.62,32,49.2,2038.9,2103.9,638.4,em450
k2d_1351,kidney_2d,169.28,339.28,18,27.68,1857.7,1093.0,1505.3,em450
k2d_1352,kidney_2d,169.88,335.29,17,26.14,2255.4,478.1,769.7,em450
k2d_1353,kidney_2d,507.02,337.33,55,84.57,1790.2,561.3,818.5,em450
k2d_1354,kidney_2d,202.59,339.69,51,78.42,1849.0,696.4,891.7,em450
k2d_1355,kidney_2d,208.48,336.82,33,50.74,2135.9,2975.3,1188.7,em515
k2d_1356,kidney_2d,210.91,341.55,33,50.74,1937.5,3115.8,1447.6,em515
k2d_1357,kidney_2d,221.6,339.68,40,61.5,2234.4,1485.3,796.1,em450
k2d_1358,kidney_2d,216.22,339.44,27,41.52,2382.4,2802.6,1332.4,em515
k2d_1359,kidney_2d,239.97,337.85,39,59.97,1736.4,372.5,761.8,em450
k2d_1360,kidney_2d,247.78,338.5,18,27.68,1908.4,432.8,1434.9,em450
k2d_1361,kidney_2d,381.41,341.78,32,49.2,1950.0,747.0,977.7,em450
k2d_1362,kidney_2d,385.67,338.48,33,50.74,2032.5,516.1,1266.8,em450
k2d_1363,kidney_2d,383.0,346.44,27,41.52,2181.4,746.7,1829.8,em450
k2d_1364,kidney_2d,3.89,338.83,36,55.35,1687.2,387.0,1326.9,em450
k2d_1365,kidney_2d,349.67,337.47,15,23.06,1636.8,359.5,1524.5,em450
k2d_1366,kidney_2d,60.42,339.85,26,39.98,1681.9,335.2,426.1,em450
k2d_1367,kidney_2d,31.94,339.81,16,24.6,1545.5,413.6,1138.6,em450
k2d_1368,kidney_2d,186.6,340.86,35,53.82,1803.9,1142.2,1229.7,em450
k2d_1369,kidney_2d,18.06,344.42,36,55.35,1929.8,589.1,1041.4,em450
k2d_1370,kidney_2d,22.38,341.79,24,36.9,1756.3,456.8,945.0,em450
k2d_1371,kidney_2d,147.1,350.64,61,93.79,1802.8,444.1,1201.0,em450
k2d_1372,kidney_2d,155.27,342.86,37,56.89,2122.1,3042.0,1432.2,em515
k2d_1373,kidney_2d,151.91,346.39,23,35.36,2378.7,1508.3,1654.4,em450
k2d_1374,kidney_2d,159.85,345.0,20,30.75,1753.2,2933.0,751.7,em515
k2d_1375,kidney_2d,144.26,343.58,19,29.21,1564.4,796.6,1284.1,em450
k2d_1376,kidney_2d,260.49,347.47,57,87.64,1869.3,596.0,895.6,em450
k2d_1377,kidney_2d,261.94,341.97,32,49.2,1878.5,756.2,1108.8,em450
k2d_1378,kidney_2d,253.3,346.68,47,72.27,1908.2,443.1,885.1,em450
k2d_1379,kidney_2d,46.95,343.68,37,56.89,1930.6,347.2,560.2,em450
k2d_1380,kidney_2d,343.82,371.91,67,103.02,1893.9,694.9,1702.8,em450
k2d_1381,kidney_2d,358.45,356.92,66,101.48,1912.7,797.0,1230.4,em450
k2d_1382,kidney_2d,372.26,363.84,73,112.24,2058.2,1038.8,1852.6,em450
k2d_1383,kidney_2d,356.49,347.63,49,75.34,1927.0,713.2,857.3,em450
k2d_1384,kidney_2d,328.64,353.98,44,67.65,2045.8,458.3,1075.8,em450
k2d_1385,kidney_2d,366.16,357.43,44,67.65,1896.7,672.0,1012.1,em450
k2d_1386,kidney_2d,347.24,361.61,33,50.74,2244.0,722.8,1286.3,em450
k2d_1387,kidney_2d,364.53,368.05,38,58.43,2032.8,680.8,1360.9,em450
k2d_1388,kidney_2d,359.82,370.7,33,50.74,2004.0,702.4,828.6,em450
k2d_1389,kidney_2d,342.74,380.0,43,66.12,1977.4,741.7,1649.3,em450
k2d_1390,kidney_2d,335.18,355.5,34,52.28,1725.3,485.2,1668.7,em450
k2d_1391,kidney_2d,379.53,364.94,34,52.28,2111.0,515.5,1369.2,em450
k2d_1392,kidney_2d,340.83,366.17,24,36.9,1922.2,456.4,1101.0,em450
k2d_1393,kidney_2d,349.3,368.7,27,41.52,2028.1,1066.2,2293.0,em605
k2d_1394,kidney_2d,348.57,344.37,30,46.13,1781.4,588.6,1357.7,em450
k2d_1395,kidney_2d,343.77,346.97,31,47.67,1628.5,640.5,1244.4,em450
k2d_1396,kidney_2d,352.47,345.82,17,26.14,2210.9,910.4,1119.6,em450
k2d_1397,kidney_2d,337.22,349.94,32,49.2,2073.5,485.5,1211.6,em450
k2d_1398,kidney_2d,348.2,365.2,15,23.06,1902.7,1072.5,3065.9,em605
k2d_1399,kidney_2d,344.47,353.32,34,52.28,1892.9,922.2,1245.2,em450
k2d_1400,kidney_2d,350.35,358.0,23,35.36,1666.5,469.6,1141.9,em450
k2d_1401,kidney_2d,321.59,352.78,27,41.52,2105.3,573.1,1178.7,em450
k2d_1402,kidney_2d,338.38,373.62,13,19.99,1464.9,358.4,913.5,em450
k2d_1403,kidney_2d,110.25,356.97,36,55.35,1729.4,2353.2,1452.3,em515
k2d_1404,kidney_2d,106.76,344.8,41,63.04,2111.0,2267.4,947.0,em450
k2d_1405,kidney_2d,110.56,352.8,25,38.44,1849.4,3089.6,1449.0,em515
k2d_1406,kidney_2d,113.22,349.59,32,49.2,2110.7,1931.4,1445.6,em450
k2d_1407,kidney_2d,114.0,360.59,39,59.97,2745.6,632.3,1898.8,em450
k2d_1408,kidney_2d,101.65,360.64,55,84.57,1784.0,1610.3,1595.1,em450
k2d_1409,kidney_2d,114.8,368.33,51,78.42,1822.8,361.5,647.2,em450
k2d_1410,kidney_2d,105.93,357.79,14,21.53,2574.5,2425.1,1708.0,em450
k2d_1411,kidney_2d,96.98,368.39,44,67.65,1824.0,685.3,1772.3,em450
k2d_1412,kidney_2d,118.69,374.48,42,64.58,1560.1,522.9,952.2,em450
k2d_1413,kidney_2d,123.38,345.25,52,79.96,1778.7,943.2,1084.3,em450
k2d_1414,kidney_2d,497.0,343.62,21,32.29,2071.2,633.1,2098.8,em450
k2d_1415,kidney_2d,397.0,344.69,13,19.99,1567.9,304.3,1755.8,em605
k2d_1416,kidney_2d,230.7,358.41,79,121.47,2118.9,2583.8,1268.5,em515
k2d_1417,kidney_2d,245.2,357.09,35,53.82,1945.8,2184.2,1789.8,em515
k2d_1418,kidney_2d,252.07,357.44,45,69.19,1948.6,534.4,692.9,em450
k2d_1419,kidney_2d,240.42,357.5,26,39.98,1916.4,3822.7,1348.2,em515
k2d_1420,kidney_2d,237.74,352.65,34,52.28,2058.6,2812.9,1037.1,em515
k2d_1421,kidney_2d,241.56,346.84,25,38.44,1705.3,969.4,747.4,em450
k2d_1422,kidney_2d,246.04,348.8,25,38.44,2207.0,2206.4,1750.9,em450
k2d_1423,kidney_2d,227.73,363.6,15,23.06,1759.6,2082.3,691.3,em515
k2d_1424,kidney_2d,229.39,367.39,28,43.05,2354.0,1042.1,735.1,em450
k2d_1425,kidney_2d,371.85,348.62,39,59.97,2274.4,423.6,780.6,em450
k2d_1426,kidney_2d,507.19,347.62,47,72.27,2340.3,499.9,1504.1,em450
k2d_1427,kidney_2d,4.95,349.11,38,58.43,1981.8,338.7,495.4,em450
k2d_1428,kidney_2d,10.5,351.12,26,39.98,1817.3,325.6,1097.4,em450
k2d_1429,kidney_2d,35.41,347.93,27,41.52,2115.0,754.3,1723.9,em450
k2d_1430,kidney_2d,205.69,352.9,48,73.8,1832.5,922.6,1000.8,em450
k2d_1431,kidney_2d,212.57,349.57,37,56.89,1996.1,1131.9,1837.5,em450
k2d_1432,kidney_2d,217.0,349.68,19,29.21,2297.3,2451.9,983.4,em450
k2d_1433,kidney_2d,221.32,350.0,28,43.05,2055.5,3088.3,824.5,em515
k2d_1434,kidney_2d,447.44,359.61,128,196.81,2483.2,874.4,716.8,em450
k2d_1435,kidney_2d,439.42,360.22,77,118.4,2431.6,1151.7,1266.2,em450
k2d_1436,kidney_2d,435.6,352.15,40,61.5,2458.1,1216.6,896.0,em450
k2d_1437,kidney_2d,432.48,363.8,50,76.88,1988.5,520.9,1152.3,em450
k2d_1438,kidney_2d,439.63,348.37,30,46.13,2308.6,937.2,818.9,em450
k2d_1439,kidney_2d,452.0,348.79,24,36.9,2436.2,451.3,426.5,em450
k2d_1440,kidney_2d,461.47,347.87,15,23.06,1591.6,449.2,1960.5,em605
k2d_1441,kidney_2d,493.85,351.23,48,73.8,1898.5,546.0,1146.3,em450
k2d_1442,kidney_2d,499.56,352.75,32,49.2,2032.7,328.3,1642.4,em450
k2d_1443,kidney_2d,158.32,353.5,38,58.43,1960.9,3154.8,935.1,em515
k2d_1444,kidney_2d,20.95,354.11,63,96.87,1795.6,511.8,1694.5,em450
k2d_1445,kidney_2d,27.35,358.46,26,39.98,1653.0,526.0,1510.4,em450
k2d_1446,kidney_2d,77.82,354.5,34,52.28,1969.0,445.2,1150.3,em450
k2d_1447,kidney_2d,71.1,363.61,41,63.04,1861.9,395.2,1531.3,em450
k2d_1448,kidney_2d,75.57,358.57,14,21.53,1597.7,477.9,1552.9,em450
k2d_1449,kidney_2d,193.5,354.0,26,39.98,1726.2,1615.7,1251.5,em450
k2d_1450,kidney_2d,270.73,354.54,26,39.98,1729.0,479.6,1023.5,em450
k2d_1451,kidney_2d,474.96,356.19,67,103.02,1901.8,522.8,826.0,em450
k2d_1452,kidney_2d,483.11,368.05,44,67.65,1993.8,905.5,1852.5,em450
k2d_1453,kidney_2d,479.28,362.92,25,38.44,2243.2,555.3,1844.4,em450
k2d_1454,kidney_2d,487.8,365.85,20,30.75,2243.2,839.0,2573.7,em605
k2d_1455,kidney_2d,490.3,372.46,37,56.89,1677.1,589.9,1032.5,em450
k2d_1456,kidney_2d,37.23,356.44,48,73.8,1803.3,506.3,1449.1,em450
k2d_1457,kidney_2d,53.93,366.05,44,67.65,1863.9,447.1,1251.5,em450
k2d_1458,kidney_2d,55.8,357.12,41,63.04,1874.1,373.5,1397.4,em450
k2d_1459,kidney_2d,60.58,363.53,45,69.19,1830.1,396.6,1556.8,em450
k2d_1460,kidney_2d,59.72,371.34,32,49.2,2171.0,645.3,1678.6,em450
k2d_1461,kidney_2d,127.26,359.05,39,59.97,1864.9,1122.5,1325.0,em450
k2d_1462,kidney_2d,123.97,363.85,40,61.5,1677.8,371.1,1602.8,em450
k2d_1463,kidney_2d,127.36,369.64,39,59.97,2194.8,534.4,2034.4,em450
k2d_1464,kidney_2d,219.29,358.5,14,21.53,2030.5,2057.9,557.9,em450
k2d_1465,kidney_2d,506.12,359.5,24,36.9,1948.5,313.7,415.1,em450
k2d_1466,kidney_2d,189.29,361.05,41,63.04,1776.3,619.0,866.5,em450
k2d_1467,kidney_2d,88.77,363.6,43,66.12,1868.8,407.3,1520.9,em450
k2d_1468,kidney_2d,136.51,363.21,47,72.27,1828.6,559.1,918.1,em450
k2d_1469,kidney_2d,155.48,365.69,86,132.23,2122.0,1936.9,857.9,em450
k2d_1470,kidney_2d,213.54,363.15,13,19.99,2158.6,943.1,1199.8,em450
k2d_1471,kidney_2d,212.23,366.62,13,19.99,1767.8,503.4,1123.4,em450
k2d_1472,kidney_2d,286.52,366.0,40,61.5,2152.6,378.1,791.7,em450
k2d_1473,kidney_2d,275.16,366.58,45,69.19,1935.9,679.2,1154.0,em450
k2d_1474,kidney_2d,281.7,364.3,30,46.13,2051.3,396.7,1134.3,em450
k2d_1475,kidney_2d,287.32,371.0,25,38.44,2190.8,781.6,1169.5,em450
k2d_1476,kidney_2d,282.08,375.44,39,59.97,1989.9,485.7,1105.6,em450
k2d_1477,kidney_2d,290.85,365.23,13,19.99,1721.1,452.5,625.6,em450
k2d_1478,kidney_2d,293.68,363.84,19,29.21,1803.5,453.4,473.3,em450
k2d_1479,kidney_2d,500.43,368.23,82,126.08,2007.8,572.8,1187.2,em450
k2d_1480,kidney_2d,164.5,366.0,24,36.9,2242.4,2082.4,609.8,em450
k2d_1481,kidney_2d,168.37,366.0,19,29.21,1782.2,1943.8,794.0,em450
k2d_1482,kidney_2d,171.33,366.8,15,23.06,2143.1,998.0,620.5,em450
k2d_1483,kidney_2d,174.7,369.56,27,41.52,2206.9,994.8,556.6,em450
k2d_1484,kidney_2d,241.6,381.56,50,76.88,1931.0,587.6,640.6,em450
k2d_1485,kidney_2d,245.0,386.52,31,47.67,2311.5,476.6,586.0,em450
k2d_1486,kidney_2d,240.39,369.55,49,75.34,1934.8,1630.9,890.4,em450
k2d_1487,kidney_2d,244.64,375.42,33,50.74,2271.0,410.3,788.6,em450
k2d_1488,kidney_2d,247.51,366.6,35,53.82,1730.2,916.2,1551.6,em450
k2d_1489,kidney_2d,397.25,381.02,104,159.91,1787.7,608.3,1885.3,em450
k2d_1490,kidney_2d,405.36,376.53,81,124.55,1691.7,592.5,1201.0,em450
k2d_1491,kidney_2d,394.2,373.49,41,63.04,2371.9,679.6,2030.7,em450
k2d_1492,kidney_2d,399.72,366.72,43,66.12,2007.9,712.6,866.1,em450
k2d_1493,kidney_2d,401.65,392.5,46,70.73,1916.0,628.9,1929.4,em450
k2d_1494,kidney_2d,402.5,385.5,14,21.53,1920.8,454.2,2816.5,em605
k2d_1495,kidney_2d,413.5,375.5,12,18.45,1479.1,1420.8,857.3,em450
k2d_1496,kidney_2d,333.05,366.9,20,30.75,1928.5,566.9,682.5,em450
k2d_1497,kidney_2d,85.96,375.74,23,35.36,2470.6,387.0,848.7,em450
k2d_1498,kidney_2d,83.61,370.28,18,27.68,1712.1,418.6,1280.9,em450
k2d_1499,kidney_2d,312.0,371.6,57,87.64,2195.6,577.3,609.1,em450
k2d_1500,kidney_2d,314.26,381.0,43,66.12,2058.0,405.8,525.3,em450
k2d_1501,kidney_2d,314.0,376.14,14,21.53,1550.6,394.4,653.6,em450
k2d_1502,kidney_2d,444.05,369.75,20,30.75,2062.6,581.8,833.8,em450
k2d_1503,kidney_2d,25.26,374.16,50,76.88,1841.3,473.2,1454.4,em450
k2d_1504,kidney_2d,23.64,380.64,33,50.74,1698.3,357.9,1189.0,em450
k2d_1505,kidney_2d,30.86,371.21,29,44.59,1947.3,425.8,977.3,em450
k2d_1506,kidney_2d,26.0,386.0,25,38.44,2153.6,509.2,858.2,em450
k2d_1507,kidney_2d,265.2,372.07,30,46.13,1736.1,496.0,872.7,em450
k2d_1508,kidney_2d,378.55,372.95,42,64.58,2002.1,583.2,1001.4,em450
k2d_1509,kidney_2d,452.49,373.47,47,72.27,1910.9,709.0,694.8,em450
k2d_1510,kidney_2d,12.57,378.98,61,93.79,1828.5,370.9,1198.1,em450
k2d_1511,kidney_2d,14.95,385.12,41,63.04,2541.5,371.3,1067.7,em450
k2d_1512,kidney_2d,11.62,372.38,13,19.99,1509.4,459.1,1162.8,em450
k2d_1513,kidney_2d,41.05,373.42,38,58.43,1906.6,486.7,1337.2,em450
k2d_1514,kidney_2d,424.22,374.95,41,63.04,1971.5,774.5,947.4,em450
k2d_1515,kidney_2d,429.23,375.84,31,47.67,1859.3,468.5,1911.3,em450
k2d_1516,kidney_2d,220.86,376.14,36,55.35,1823.6,292.1,476.7,em450
k2d_1517,kidney_2d,216.7,380.05,40,61.5,2134.4,273.6,395.3,em450
k2d_1518,kidney_2d,228.09,384.77,22,33.83,2239.7,452.2,840.3,em450
k2d_1519,kidney_2d,227.0,375.17,12,18.45,2054.0,232.6,351.1,em450
k2d_1520,kidney_2d,222.39,383.13,23,35.36,1817.0,482.8,958.5,em450
k2d_1521,kidney_2d,169.18,376.97,33,50.74,2181.2,1563.8,1033.3,em450
k2d_1522,kidney_2d,181.28,391.82,60,92.26,2226.7,1407.8,1288.0,em450
k2d_1523,kidney_2d,163.34,377.51,41,63.04,2005.2,1976.4,1040.0,em450
k2d_1524,kidney_2d,174.44,378.85,27,41.52,1922.6,989.8,387.7,em450
k2d_1525,kidney_2d,179.44,381.32,25,38.44,2376.0,1526.5,620.4,em450
k2d_1526,kidney_2d,178.93,385.83,30,46.13,1995.3,1326.7,472.9,em450
k2d_1527,kidney_2d,182.46,397.04,24,36.9,2370.4,884.7,1447.8,em450
k2d_1528,kidney_2d,173.0,383.33,24,36.9,1848.7,1379.9,439.9,em450
k2d_1529,kidney_2d,1.92,377.08,24,36.9,1647.3,523.1,738.9,em450
k2d_1530,kidney_2d,369.31,379.42,48,73.8,1950.2,951.2,1377.1,em450
k2d_1531,kidney_2d,260.89,378.39,18,27.68,1729.9,301.0,860.2,em450
k2d_1532,kidney_2d,285.21,384.7,43,66.12,1982.7,730.0,1189.8,em450
k2d_1533,kidney_2d,283.89,391.98,57,87.64,2104.0,498.0,1005.3,em450
k2d_1534,kidney_2d,275.46,379.89,28,43.05,1611.9,509.6,1195.2,em450
k2d_1535,kidney_2d,155.13,382.34,47,72.27,2122.8,1279.7,1317.5,em450
k2d_1536,kidney_2d,353.87,380.47,15,23.06,1709.4,894.7,1142.7,em450
k2d_1537,kidney_2d,94.39,383.2,46,70.73,1880.0,450.9,1236.7,em450
k2d_1538,kidney_2d,137.4,398.35,40,61.5,1922.8,522.2,811.0,em450
k2d_1539,kidney_2d,126.1,381.76,42,64.58,1982.8,715.9,876.1,em450
k2d_1540,kidney_2d,131.02,386.51,43,66.12,1916.6,664.9,843.8,em450
k2d_1541,kidney_2d,142.57,396.16,37,56.89,2057.0,842.3,1559.5,em450
k2d_1542,kidney_2d,136.42,384.96,24,36.9,2203.2,924.0,1392.4,em450
k2d_1543,kidney_2d,139.65,389.58,26,39.98,2274.5,674.1,1731.2,em450
k2d_1544,kidney_2d,254.09,381.78,23,35.36,1928.3,213.6,525.4,em450
k2d_1545,kidney_2d,446.5,382.62,40,61.5,1946.2,823.1,566.2,em450
k2d_1546,kidney_2d,506.2,390.49,35,53.82,1637.9,506.5,929.2,em450
k2d_1547,kidney_2d,509.24,383.22,37,56.89,1930.3,750.6,1227.8,em450
k2d_1548,kidney_2d,56.59,383.0,39,59.97,1980.4,295.9,676.6,em450
k2d_1549,kidney_2d,60.93,384.9,29,44.59,1755.9,571.1,681.8,em450
k2d_1550,kidney_2d,379.97,383.64,36,55.35,1916.0,489.4,1041.1,em450
k2d_1551,kidney_2d,72.83,386.05,40,61.5,1725.0,600.0,931.7,em450
k2d_1552,kidney_2d,336.0,386.73,49,75.34,2013.3,686.3,755.9,em450
k2d_1553,kidney_2d,107.31,395.74,117,179.9,1826.0,760.7,1536.7,em450
k2d_1554,kidney_2d,95.65,401.82,55,84.57,1868.3,406.5,712.5,em450
k2d_1555,kidney_2d,106.81,410.87,85,130.7,2140.0,681.7,1792.0,em450
k2d_1556,kidney_2d,117.49,412.4,43,66.12,1685.7,532.2,955.8,em450
k2d_1557,kidney_2d,115.49,406.04,47,72.27,1850.9,738.6,944.1,em450
k2d_1558,kidney_2d,111.71,415.54,24,36.9,2562.8,1073.2,2365.2,em450
k2d_1559,kidney_2d,124.45,419.63,51,78.42,1856.5,1018.0,1155.4,em450
k2d_1560,kidney_2d,109.87,423.98,47,72.27,1868.8,766.9,1502.1,em450
k2d_1561,kidney_2d,120.79,424.79,33,50.74,1810.6,573.1,1361.0,em450
k2d_1562,kidney_2d,116.09,427.8,35,53.82,2121.7,638.5,1279.4,em450
k2d_1563,kidney_2d,116.5,433.3,40,61.5,1982.7,613.6,1212.0,em450
k2d_1564,kidney_2d,100.96,404.12,26,39.98,1678.5,459.7,502.1,em450
k2d_1565,kidney_2d,106.39,386.61,28,43.05,1659.2,955.3,1293.6,em450
k2d_1566,kidney_2d,123.14,411.86,29,44.59,1654.1,1010.0,1906.7,em605
k2d_1567,kidney_2d,93.67,394.42,33,50.74,2387.5,505.8,1511.7,em450
k2d_1568,kidney_2d,106.41,403.41,17,26.14,1991.6,938.1,3095.2,em605
k2d_1569,kidney_2d,323.64,387.36,14,21.53,1800.9,361.1,252.1,em450
k2d_1570,kidney_2d,366.66,394.95,58,89.18,2609.4,789.3,1813.0,em450
k2d_1571,kidney_2d,361.09,389.29,58,89.18,1968.2,555.8,1574.6,em450
k2d_1572,kidney_2d,372.7,393.6,43,66.12,2174.8,727.0,1356.9,em450
k2d_1573,kidney_2d,348.16,411.14,44,67.65,2066.0,495.0,1053.1,em450
k2d_1574,kidney_2d,355.13,391.47,30,46.13,1938.0,1144.3,1755.8,em450
k2d_1575,kidney_2d,354.33,397.55,42,64.58,2038.8,767.8,868.5,em450
k2d_1576,kidney_2d,353.79,405.24,34,52.28,1790.5,560.8,925.5,em450
k2d_1577,kidney_2d,346.49,405.57,35,53.82,2133.5,921.9,1818.3,em450
k2d_1578,kidney_2d,338.95,413.24,38,58.43,2048.2,583.0,1038.7,em450
k2d_1579,kidney_2d,342.75,417.62,48,73.8,1774.4,713.8,1171.7,em450
k2d_1580,kidney_2d,361.64,407.2,25,38.44,2231.9,690.1,912.0,em450
k2d_1581,kidney_2d,338.81,429.52,27,41.52,1992.7,390.8,251.3,em450
k2d_1582,kidney_2d,341.83,424.58,12,18.45,1673.1,823.9,692.9,em450
k2d_1583,kidney_2d,423.27,392.3,30,46.13,2160.1,2228.1,913.7,em450
k2d_1584,kidney_2d,413.38,386.23,13,19.99,2281.0,493.8,536.7,em450
k2d_1585,kidney_2d,421.18,386.59,22,33.83,2382.2,760.2,1625.3,em450
k2d_1586,kidney_2d,416.58,386.92,12,18.45,1731.8,522.8,617.1,em450
k2d_1587,kidney_2d,30.91,396.94,32,49.2,2202.1,614.5,1915.8,em450
k2d_1588,kidney_2d,30.77,392.27,26,39.98,2228.1,434.2,1359.2,em450
k2d_1589,kidney_2d,36.41,388.73,22,33.83,2184.7,366.9,1517.1,em450
k2d_1590,kidney_2d,202.24,392.51,108,166.06,2116.6,674.2,1179.6,em450
k2d_1591,kidney_2d,204.34,400.12,41,63.04,1919.4,696.9,1271.1,em450
k2d_1592,kidney_2d,211.68,393.41,56,86.11,2082.9,521.4,1247.4,em450
k2d_1593,kidney_2d,210.23,398.73,22,33.83,1530.5,957.1,1214.7,em450
k2d_1594,kidney_2d,193.67,398.38,42,64.58,1800.6,523.0,1047.0,em450
k2d_1595,kidney_2d,210.59,402.93,27,41.52,1824.9,1168.0,3300.7,em605
k2d_1596,kidney_2d,190.83,403.58,12,18.45,1613.5,710.7,790.7,em450
k2d_1597,kidney_2d,312.65,389.7,37,56.89,1978.1,404.8,858.2,em450
k2d_1598,kidney_2d,493.16,390.44,43,66.12,1920.1,617.5,923.6,em450
k2d_1599,kidney_2d,150.5,389.5,14,21.53,1585.1,469.1,2466.8,em605
k2d_1600,kidney_2d,230.5,391.5,36,55.35,2055.6,518.4,1048.8,em450
k2d_1601,kidney_2d,4.54,393.22,59,90.72,1941.0,493.0,761.4,em450
k2d_1602,kidney_2d,158.52,462.68,79,121.47,1986.3,2198.2,1070.0,em515
k2d_1603,kidney_2d,166.5,480.2,76,116.86,1913.5,520.3,1122.1,em450
k2d_1604,kidney_2d,154.44,412.6,50,76.88,2007.7,455.0,1005.5,em450
k2d_1605,kidney_2d,180.0,425.11,53,81.49,1965.4,742.2,1164.4,em450
k2d_1606,kidney_2d,151.42,431.21,48,73.8,2411.0,1598.3,1110.4,em450
k2d_1607,kidney_2d,161.41,439.29,51,78.42,1938.0,600.7,1854.4,em450
k2d_1608,kidney_2d,173.37,404.25,52,79.96,1728.7,765.6,1466.2,em450
k2d_1609,kidney_2d,182.64,405.95,42,64.58,2116.8,818.6,1870.1,em450
k2d_1610,kidney_2d,181.16,411.5,38,58.43,2119.6,626.5,1542.9,em450
k2d_1611,kidney_2d,192.14,415.55,51,78.42,1942.5,658.7,1059.2,em450
k2d_1612,kidney_2d,158.39,419.55,31,47.67,2016.1,708.4,1320.8,em450
k2d_1613,kidney_2d,157.7,424.72,50,76.88,1942.3,543.9,915.4,em450
k2d_1614,kidney_2d,181.33,435.09,46,70.73,1904.0,696.3,1488.5,em450
k2d_1615,kidney_2d,138.29,437.83,65,99.94,2275.8,1318.0,1510.3,em450
k2d_1616,kidney_2d,137.63,449.27,41,63.04,1922.4,687.3,782.1,em450
k2d_1617,kidney_2d,147.7,452.56,61,93.79,2160.0,1358.7,1281.3,em450
k2d_1618,kidney_2d,144.64,467.94,47,72.27,1912.4,1075.7,1226.4,em450
k2d_1619,kidney_2d,161.24,469.68,38,58.43,2000.1,1920.6,1764.8,em450
k2d_1620,kidney_2d,164.85,392.75,48,73.8,1981.9,760.5,1369.8,em450
k2d_1621,kidney_2d,171.76,399.32,25,38.44,2142.4,625.6,1215.6,em450
k2d_1622,kidney_2d,151.87,406.36,45,69.19,1997.8,484.8,910.0,em450
k2d_1623,kidney_2d,193.63,410.07,30,46.13,1835.4,587.0,1440.1,em450
k2d_1624,kidney_2d,177.85,415.38,34,52.28,2140.1,862.9,1139.7,em450
k2d_1625,kidney_2d,184.91,421.41,32,49.2,1752.8,508.2,1815.6,em450
k2d_1626,kidney_2d,176.82,429.55,33,50.74,1950.2,645.9,948.9,em450
k2d_1627,kidney_2d,188.18,431.27,40,61.5,1993.6,920.3,1219.9,em450
k2d_1628,kidney_2d,160.0,432.86,36,55.35,1987.7,645.4,1101.0,em450
k2d_1629,kidney_2d,169.29,437.59,34,52.28,2050.3,710.8,1913.1,em450
k2d_1630,kidney_2d,175.47,439.02,40,61.5,1994.7,679.0,1413.7,em450
k2d_1631,kidney_2d,155.53,440.06,36,55.35,2067.6,2182.6,1456.3,em450
k2d_1632,kidney_2d,125.48,442.24,46,70.73,1812.5,1357.8,1481.9,em450
k2d_1633,kidney_2d,133.4,443.66,47,72.27,1757.4,636.2,602.3,em450
k2d_1634,kidney_2d,142.57,447.27,30,46.13,1683.2,1107.9,1785.7,em450
k2d_1635,kidney_2d,153.58,449.47,45,69.19,2393.8,2253.8,1009.9,em450
k2d_1636,kidney_2d,185.3,449.46,46,70.73,1769.5,506.2,1276.5,em450
k2d_1637,kidney_2d,183.05,456.36,44,67.65,1800.6,437.3,802.3,em450
k2d_1638,kidney_2d,143.27,457.4,45,69.19,1928.0,830.3,885.5,em450
k2d_1639,kidney_2d,167.77,468.94,48,73.8,1849.3,477.4,1029.5,em450
k2d_1640,kidney_2d,178.58,403.53,19,29.21,1792.3,474.4,1796.4,em450
k2d_1641,kidney_2d,175.77,420.58,26,39.98,1754.4,1198.5,2045.0,em605
k2d_1642,kidney_2d,138.11,423.63,38,58.43,1861.0,435.7,999.9,em450
k2d_1643,kidney_2d,145.24,422.48,21,32.29,2329.7,630.4,1759.3,em450
k2d_1644,kidney_2d,190.11,424.03,35,53.82,2039.5,963.0,1511.4,em450
k2d_1645,kidney_2d,126.0,436.31,35,53.82,1782.4,570.9,854.3,em450
k2d_1646,kidney_2d,183.42,440.23,26,39.98,1569.0,393.2,1569.3,em450
k2d_1647,kidney_2d,142.68,442.89,19,29.21,2253.8,2080.3,1598.0,em450
k2d_1648,kidney_2d,165.21,447.25,28,43.05,2155.1,807.2,1281.5,em450
k2d_1649,kidney_2d,150.22,469.11,27,41.52,1921.9,1063.2,1884.3,em450
k2d_1650,kidney_2d,152.88,472.85,26,39.98,2070.8,1155.5,1195.7,em450
k2d_1651,kidney_2d,157.66,474.51,35,53.82,1861.2,2014.3,1045.4,em450
k2d_1652,kidney_2d,160.39,478.44,18,27.68,1749.6,2376.4,1109.1,em515
k2d_1653,kidney_2d,170.14,392.57,14,21.53,1654.4,563.3,796.1,em450
k2d_1654,kidney_2d,158.21,394.55,33,50.74,1890.5,861.8,1787.3,em450
k2d_1655,kidney_2d,171.44,395.78,18,27.68,1748.9,399.8,1032.2,em450
k2d_1656,kidney_2d,198.69,407.45,29,44.59,1756.1,930.1,1835.8,em450
k2d_1657,kidney_2d,157.62,416.23,13,19.99,1727.4,942.8,912.8,em450
k2d_1658,kidney_2d,142.14,423.0,14,21.53,1823.1,420.4,1520.0,em450
k2d_1659,kidney_2d,144.3,433.15,27,41.52,1979.3,1903.8,1213.9,em450
k2d_1660,kidney_2d,147.77,433.62,13,19.99,1719.3,2038.2,1092.3,em515
k2d_1661,kidney_2d,169.75,446.12,24,36.9,1769.7,594.2,1195.5,em450
k2d_1662,kidney_2d,161.8,452.63,35,53.82,2037.6,1841.9,915.7,em450
k2d_1663,kidney_2d,149.72,401.28,18,27.68,1633.1,466.8,1067.2,em450
k2d_1664,kidney_2d,148.14,425.18,22,33.83,2105.2,1139.0,1204.1,em450
k2d_1665,kidney_2d,148.08,439.44,25,38.44,1968.2,1561.7,775.4,em450
k2d_1666,kidney_2d,185.5,443.5,14,21.53,1503.2,311.4,2160.6,em605
k2d_1667,kidney_2d,164.38,458.52,21,32.29,1879.3,1754.2,1580.5,em450
k2d_1668,kidney_2d,159.0,483.12,17,26.14,2071.6,1603.2,1216.3,em450
k2d_1669,kidney_2d,221.98,392.42,43,66.12,1930.9,654.7,923.6,em450
k2d_1670,kidney_2d,19.21,398.77,43,66.12,1905.7,481.7,1090.9,em450
k2d_1671,kidney_2d,23.89,402.0,28,43.05,1970.0,510.3,1526.1,em450
k2d_1672,kidney_2d,16.44,392.89,18,27.68,1916.9,373.3,2082.4,em450
k2d_1673,kidney_2d,304.62,393.93,45,69.19,1950.2,462.2,792.2,em450
k2d_1674,kidney_2d,413.95,393.25,20,30.75,2219.8,333.9,382.6,em450
k2d_1675,kidney_2d,248.84,393.84,19,29.21,2050.2,238.9,242.2,em450
k2d_1676,kidney_2d,74.87,404.35,75,115.32,1960.2,400.1,919.5,em450
k2d_1677,kidney_2d,76.94,396.43,54,83.03,1783.9,486.1,1147.0,em450
k2d_1678,kidney_2d,69.03,408.68,38,58.43,1792.1,361.0,632.2,em450
k2d_1679,kidney_2d,81.88,399.83,24,36.9,2078.1,406.0,1718.8,em450
k2d_1680,kidney_2d,344.12,395.67,24,36.9,1867.7,886.2,884.9,em450
k2d_1681,kidney_2d,292.66,397.84,32,49.2,2143.9,628.8,755.0,em450
k2d_1682,kidney_2d,330.43,398.23,35,53.82,2096.8,465.8,1034.2,em450
k2d_1683,kidney_2d,216.81,417.44,36,55.35,2037.4,749.6,1503.9,em450
k2d_1684,kidney_2d,216.09,422.49,35,53.82,1969.8,807.9,2125.5,em450
k2d_1685,kidney_2d,234.2,411.18,40,61.5,1824.3,486.0,1458.1,em450
k2d_1686,kidney_2d,228.33,412.18,39,59.97,2028.8,522.7,1575.9,em450
k2d_1687,kidney_2d,221.9,416.03,39,59.97,2073.4,664.1,1617.5,em450
k2d_1688,kidney_2d,206.32,424.97,34,52.28,2189.5,777.9,1743.4,em450
k2d_1689,kidney_2d,210.34,425.76,29,44.59,2210.9,836.8,1491.9,em450
k2d_1690,kidney_2d,237.39,399.2,44,67.65,1876.5,715.0,955.0,em450
k2d_1691,kidney_2d,236.52,405.8,44,67.65,1993.3,956.9,1524.3,em450
k2d_1692,kidney_2d,213.07,424.71,14,21.53,2015.5,783.3,1814.1,em450
k2d_1693,kidney_2d,195.97,430.95,39,59.97,1963.4,545.6,1429.9,em450
k2d_1694,kidney_2d,202.53,429.67,43,66.12,1929.7,717.8,1848.5,em450
k2d_1695,kidney_2d,243.95,400.05,19,29.21,1657.5,302.8,1056.3,em450
k2d_1696,kidney_2d,484.0,405.68,47,72.27,2441.0,1837.9,854.3,em450
k2d_1697,kidney_2d,472.87,403.03,30,46.13,2155.4,2908.1,1031.1,em515
k2d_1698,kidney_2d,479.04,406.48,25,38.44,2118.1,3170.8,1093.5,em515
k2d_1699,kidney_2d,476.58,398.08,26,39.98,2270.4,1201.3,947.8,em450
k2d_1700,kidney_2d,268.12,399.88,43,66.12,2008.4,520.1,1110.4,em450
k2d_1701,kidney_2d,278.66,399.95,38,58.43,2019.3,559.5,1274.4,em450
k2d_1702,kidney_2d,282.0,401.53,15,23.06,2162.3,529.0,765.1,em450
k2d_1703,kidney_2d,284.59,408.88,32,49.2,2250.8,736.2,1423.4,em450
k2d_1704,kidney_2d,284.5,403.77,26,39.98,2073.8,405.9,925.8,em450
k2d_1705,kidney_2d,286.32,413.88,34,52.28,1790.6,411.3,972.9,em450
k2d_1706,kidney_2d,449.86,400.5,42,64.58,1913.4,962.4,498.4,em450
k2d_1707,kidney_2d,464.88,400.4,40,61.5,1919.0,918.2,870.0,em450
k2d_1708,kidney_2d,301.67,404.18,33,50.74,2261.5,2097.4,1032.6,em450
k2d_1709,kidney_2d,311.28,401.0,46,70.73,1974.0,842.2,924.0,em450
k2d_1710,kidney_2d,307.55,407.59,29,44.59,2033.5,1637.6,847.3,em450
k2d_1711,kidney_2d,423.5,400.83,36,55.35,2444.6,3042.2,944.3,em515
k2d_1712,kidney_2d,506.42,400.7,43,66.12,1935.1,450.4,865.7,em450
k2d_1713,kidney_2d,338.87,401.87,39,59.97,2054.0,807.6,1030.1,em450
k2d_1714,kidney_2d,227.0,402.5,38,58.43,1967.1,638.3,1048.7,em450
k2d_1715,kidney_2d,220.43,405.81,37,56.89,1908.2,862.3,1166.8,em450
k2d_1716,kidney_2d,319.1,403.17,29,44.59,2254.3,351.5,426.4,em450
k2d_1717,kidney_2d,376.8,403.11,44,67.65,2008.4,952.9,903.1,em450
k2d_1718,kidney_2d,392.27,403.31,45,69.19,1883.3,1234.4,1322.2,em450
k2d_1719,kidney_2d,391.68,410.75,28,43.05,2179.1,648.5,1093.8,em450
k2d_1720,kidney_2d,497.67,404.82,45,69.19,1993.1,506.6,723.2,em450
k2d_1721,kidney_2d,491.16,402.16,19,29.21,1862.6,543.3,1603.3,em450
k2d_1722,kidney_2d,411.48,411.43,42,64.58,1852.0,868.0,873.3,em450
k2d_1723,kidney_2d,416.03,405.27,30,46.13,2185.9,850.7,979.9,em450
k2d_1724,kidney_2d,41.87,406.97,39,59.97,1839.2,430.1,1349.6,em450
k2d_1725,kidney_2d,431.5,407.5,32,49.2,2165.1,2387.2,1116.0,em450
k2d_1726,kidney_2d,435.57,410.97,30,46.13,2095.5,645.1,1259.7,em450
k2d_1727,kidney_2d,440.54,412.69,35,53.82,1979.9,781.1,908.9,em450
k2d_1728,kidney_2d,53.08,409.0,39,59.97,1907.5,382.3,700.2,em450
k2d_1729,kidney_2d,259.79,424.23,39,59.97,1953.5,450.1,1225.4,em450
k2d_1730,kidney_2d,262.78,408.68,37,56.89,2127.9,578.9,1976.1,em450
k2d_1731,kidney_2d,255.33,413.74,42,64.58,2443.7,705.6,1611.7,em450
k2d_1732,kidney_2d,261.08,413.81,26,39.98,1712.5,616.4,1139.2,em450
k2d_1733,kidney_2d,263.15,417.27,26,39.98,2162.5,633.2,1105.7,em450
k2d_1734,kidney_2d,255.19,422.81,26,39.98,1734.4,596.2,1189.0,em450
k2d_1735,kidney_2d,267.78,416.44,27,41.52,1832.0,837.9,2656.6,em605
k2d_1736,kidney_2d,251.62,420.54,24,36.9,1735.5,515.1,1012.5,em450
k2d_1737,kidney_2d,330.23,409.09,43,66.12,1995.0,302.0,889.0,em450
k2d_1738,kidney_2d,470.1,410.65,31,47.67,1969.6,2685.5,850.9,em515
k2d_1739,kidney_2d,420.38,412.41,32,49.2,2282.5,2033.8,1861.1,em450
k2d_1740,kidney_2d,424.38,409.58,26,39.98,2143.9,3435.1,1081.7,em515
k2d_1741,kidney_2d,34.23,414.39,56,86.11,1800.4,406.3,1101.4,em450
k2d_1742,kidney_2d,23.71,412.5,34,52.28,1859.4,470.9,800.6,em450
k2d_1743,kidney_2d,461.93,413.59,27,41.52,2247.7,1230.5,568.8,em450
k2d_1744,kidney_2d,137.0,415.0,45,69.19,1853.4,846.5,727.0,em450
k2d_1745,kidney_2d,73.64,415.12,25,38.44,2385.7,731.2,1582.6,em450
k2d_1746,kidney_2d,68.68,416.45,22,33.83,2462.9,697.6,991.4,em450
k2d_1747,kidney_2d,241.77,418.03,71,109.17,1958.3,390.6,1296.7,em450
k2d_1748,kidney_2d,234.48,421.74,50,76.88,1825.5,419.2,955.3,em450
k2d_1749,kidney_2d,257.79,435.56,106,162.99,1972.5,633.0,1699.7,em450
k2d_1750,kidney_2d,280.44,437.37,73,112.24,2045.9,569.6,1028.0,em450
k2d_1751,kidney_2d,267.3,431.81,69,106.09,2224.9,600.8,2453.0,em450
k2d_1752,kidney_2d,273.67,429.1,48,73.8,1956.8,710.5,2042.5,em450
k2d_1753,kidney_2d,271.42,438.81,57,87.64,1777.9,526.2,1002.5,em450
k2d_1754,kidney_2d,278.91,417.95,43,66.12,1899.5,596.9,1740.0,em450
k2d_1755,kidney_2d,276.06,423.57,35,53.82,2036.4,445.8,828.6,em450
k2d_1756,kidney_2d,278.18,432.24,17,26.14,1891.1,1082.3,2566.6,em605
k2d_1757,kidney_2d,305.31,417.13,45,69.19,2279.9,2008.1,984.2,em450
k2d_1758,kidney_2d,300.04,419.92,25,38.44,2110.5,1434.7,974.7,em450
k2d_1759,kidney_2d,383.76,418.0,54,83.03,2505.8,643.0,635.2,em450
k2d_1760,kidney_2d,475.46,419.98,82,126.08,2225.3,1857.3,1079.0,em450
k2d_1761,kidney_2d,468.98,418.31,42,64.58,2116.2,2167.2,1339.0,em450
k2d_1762,kidney_2d,469.05,428.1,20,30.75,2123.5,345.8,588.0,em450
k2d_1763,kidney_2d,467.65,424.06,17,26.14,2012.9,682.8,707.4,em450
k2d_1764,kidney_2d,487.46,416.76,46,70.73,1891.0,582.9,999.9,em450
k2d_1765,kidney_2d,494.63,420.53,30,46.13,1704.8,626.4,1082.1,em450
k2d_1766,kidney_2d,357.06,417.35,17,26.14,2157.0,378.5,291.3,em450
k2d_1767,kidney_2d,431.47,419.78,64,98.41,2447.1,1108.0,1271.4,em450
k2d_1768,kidney_2d,455.38,419.62,47,72.27,1896.4,742.6,938.3,em450
k2d_1769,kidney_2d,396.76,421.02,49,75.34,1724.7,745.0,807.8,em450
k2d_1770,kidney_2d,415.42,420.84,45,69.19,1950.0,1088.5,1260.6,em450
k2d_1771,kidney_2d,292.72,420.28,18,27.68,1955.5,946.4,604.7,em450
k2d_1772,kidney_2d,7.73,422.03,30,46.13,1579.7,422.4,589.8,em450
k2d_1773,kidney_2d,45.2,429.16,44,67.65,2009.1,717.3,772.4,em450
k2d_1774,kidney_2d,43.69,422.55,49,75.34,1828.9,445.0,668.3,em450
k2d_1775,kidney_2d,50.03,431.06,31,47.67,1884.4,784.3,887.2,em450
k2d_1776,kidney_2d,85.5,423.0,34,52.28,1768.3,391.3,781.0,em450
k2d_1777,kidney_2d,442.78,421.22,23,35.36,1816.2,1327.3,1898.0,em450
k2d_1778,kidney_2d,20.65,425.5,113,173.75,1967.3,492.6,1298.7,em450
k2d_1779,kidney_2d,34.31,423.75,36,55.35,2022.6,388.4,1188.1,em450
k2d_1780,kidney_2d,30.94,428.35,34,52.28,2045.5,440.9,1272.7,em450
k2d_1781,kidney_2d,23.72,434.1,39,59.97,1903.9,488.5,1137.9,em450
k2d_1782,kidney_2d,35.45,434.26,31,47.67,2037.0,501.9,897.6,em450
k2d_1783,kidney_2d,60.12,423.88,43,66.12,1931.2,503.8,614.0,em450
k2d_1784,kidney_2d,388.72,425.59,29,44.59,2000.7,1686.5,788.2,em450
k2d_1785,kidney_2d,213.34,437.45,74,113.78,2108.8,688.2,1921.3,em450
k2d_1786,kidney_2d,206.78,439.05,37,56.89,2088.9,703.7,1760.0,em450
k2d_1787,kidney_2d,207.47,449.74,70,107.63,2386.2,765.8,1458.0,em450
k2d_1788,kidney_2d,226.3,428.23,56,86.11,1774.1,509.1,1108.9,em450
k2d_1789,kidney_2d,219.96,446.09,55,84.57,2200.6,675.4,864.6,em450
k2d_1790,kidney_2d,218.44,435.31,16,24.6,2364.8,464.9,2206.2,em450
k2d_1791,kidney_2d,201.3,444.38,37,56.89,1899.3,526.9,1028.2,em450
k2d_1792,kidney_2d,206.86,456.67,21,32.29,2445.5,1033.1,1310.5,em450
k2d_1793,kidney_2d,221.15,433.0,20,30.75,1962.0,543.4,1932.5,em450
k2d_1794,kidney_2d,214.94,443.69,16,24.6,2135.7,968.2,2000.6,em450
k2d_1795,kidney_2d,458.76,427.47,34,52.28,1779.8,711.4,815.6,em450
k2d_1796,kidney_2d,460.24,432.53,34,52.28,2028.9,864.6,713.6,em450
k2d_1797,kidney_2d,290.41,429.0,32,49.2,2105.5,570.1,704.2,em450
k2d_1798,kidney_2d,485.58,429.3,33,50.74,1781.6,732.5,1406.9,em450
k2d_1799,kidney_2d,91.59,433.09,32,49.2,1653.3,659.7,1085.8,em450
k2d_1800,kidney_2d,436.09,430.23,44,67.65,1936.7,734.8,831.2,em450
k2d_1801,kidney_2d,67.14,431.84,44,67.65,1744.4,505.7,841.0,em450
k2d_1802,kidney_2d,297.0,430.81,16,24.6,2032.5,540.4,451.4,em450
k2d_1803,kidney_2d,307.96,444.6,48,73.8,2202.7,2298.0,1393.2,em450
k2d_1804,kidney_2d,309.18,435.91,33,50.74,2163.7,1731.4,1056.3,em450
k2d_1805,kidney_2d,308.81,440.06,16,24.6,2199.2,3015.2,1454.1,em515
k2d_1806,kidney_2d,306.88,452.22,32,49.2,2342.2,1967.8,942.8,em450
k2d_1807,kidney_2d,311.86,431.05,22,33.83,2097.2,992.7,708.9,em450
k2d_1808,kidney_2d,312.73,451.4,30,46.13,1902.6,1971.0,659.5,em450
k2d_1809,kidney_2d,303.68,434.26,19,29.21,2445.5,668.2,410.3,em450
k2d_1810,kidney_2d,4.87,443.91,46,70.73,1685.0,468.3,876.3,em450
k2d_1811,kidney_2d,1.86,435.25,57,87.64,1863.5,407.1,1542.8,em450
k2d_1812,kidney_2d,313.65,482.56,218,335.2,2211.5,1338.4,1871.0,em450
k2d_1813,kidney_2d,334.52,497.16,98,150.68,2068.5,1557.7,1290.7,em450
k2d_1814,kidney_2d,328.27,480.14,105,161.45,2446.4,1327.5,1968.7,em450
k2d_1815,kidney_2d,334.04,507.58,84,129.16,2538.4,906.3,1614.6,em450
k2d_1816,kidney_2d,320.97,458.85,97,149.15,1995.6,2335.2,1501.9,em515
k2d_1817,kidney_2d,307.32,488.92,38,58.43,2400.2,1074.0,2185.9,em450
k2d_1818,kidney_2d,322.74,442.08,65,99.94,2494.8,1971.8,1059.0,em450
k2d_1819,kidney_2d,331.08,490.58,48,73.8,2024.1,1536.7,1067.8,em450
k2d_1820,kidney_2d,318.12,466.4,40,61.5,2568.9,2204.5,1639.1,em450
k2d_1821,kidney_2d,322.02,471.69,65,99.94,2347.1,1139.7,2175.4,em450
k2d_1822,kidney_2d,282.88,477.68,40,61.5,2020.6,653.1,1655.2,em450
k2d_1823,kidney_2d,287.5,493.79,72,110.71,2092.1,1464.5,1277.5,em450
k2d_1824,kidney_2d,293.95,499.49,59,90.72,2298.8,1971.6,990.3,em450
k2d_1825,kidney_2d,299.0,499.63,30,46.13,1890.7,1478.3,1523.4,em450
k2d_1826,kidney_2d,335.09,478.68,34,52.28,2510.1,2904.3,1074.4,em515
k2d_1827,kidney_2d,294.61,480.72,61,93.79,2087.0,1070.3,1447.9,em450
k2d_1828,kidney_2d,349.1,481.65,49,75.34,1868.9,568.0,1390.0,em450
k2d_1829,kidney_2d,301.69,487.95,39,59.97,2094.7,2230.3,1140.3,em450
k2d_1830,kidney_2d,333.27,502.53,15,23.06,1782.5,753.3,1480.7,em450
k2d_1831,kidney_2d,322.8,435.33,30,46.13,2137.5,1278.5,1004.7,em450
k2d_1832,kidney_2d,326.46,464.46,28,43.05,2150.7,762.5,1530.1,em450
k2d_1833,kidney_2d,278.74,480.95,39,59.97,2014.9,576.5,1038.1,em450
k2d_1834,kidney_2d,343.0,484.74,38,58.43,2194.7,2925.4,1323.3,em515
k2d_1835,kidney_2d,334.52,486.71,21,32.29,2456.5,2868.0,1155.0,em515
k2d_1836,kidney_2d,278.74,497.21,42,64.58,1964.4,417.4,956.3,em450
k2d_1837,kidney_2d,301.5,504.0,34,52.28,2100.8,502.9,811.3,em450
k2d_1838,kidney_2d,321.68,449.03,31,47.67,2404.1,2435.6,1282.3,em450
k2d_1839,kidney_2d,341.32,456.79,53,81.49,2098.0,2107.5,1226.5,em450
k2d_1840,kidney_2d,339.0,464.89,38,58.43,2088.9,2452.9,975.0,em515
k2d_1841,kidney_2d,337.97,473.33,36,55.35,2135.3,2406.1,1062.6,em515
k2d_1842,kidney_2d,303.89,475.21,38,58.43,2122.2,2064.7,865.7,em450
k2d_1843,kidney_2d,288.6,482.3,30,46.13,1646.6,549.3,869.9,em450
k2d_1844,kidney_2d,306.17,493.5,18,27.68,1742.4,944.0,1793.6,em450
k2d_1845,kidney_2d,301.29,494.54,28,43.05,2169.7,1653.5,1158.8,em450
k2d_1846,kidney_2d,284.43,499.71,21,32.29,2157.3,1327.6,2488.5,em605
k2d_1847,kidney_2d,342.35,505.13,31,47.67,2297.8,3023.3,1032.0,em515
k2d_1848,kidney_2d,276.79,509.08,86,132.23,2020.8,1543.0,1113.2,em450
k2d_1849,kidney_2d,317.96,434.91,23,35.36,2193.3,1335.8,797.2,em450
k2d_1850,kidney_2d,330.91,445.66,47,72.27,2143.3,983.9,718.5,em450
k2d_1851,kidney_2d,331.46,458.67,39,59.97,2307.1,1512.0,1559.9,em450
k2d_1852,kidney_2d,332.66,468.53,32,49.2,2138.9,2360.6,1544.3,em450
k2d_1853,kidney_2d,281.85,473.05,20,30.75,2659.0,558.0,1308.8,em450
k2d_1854,kidney_2d,338.83,487.21,24,36.9,2271.6,2620.5,867.5,em515
k2d_1855,kidney_2d,308.68,497.85,34,52.28,1901.3,373.2,795.9,em450
k2d_1856,kidney_2d,284.35,502.94,17,26.14,2336.2,2379.2,1229.5,em450
k2d_1857,kidney_2d,290.52,507.23,44,67.65,1889.3,1812.3,1301.5,em450
k2d_1858,kidney_2d,330.0,433.15,27,41.52,1951.8,506.3,385.4,em450
k2d_1859,kidney_2d,346.72,460.59,29,44.59,1717.2,876.2,1652.3,em450
k2d_1860,kidney_2d,312.03,461.97,29,44.59,2176.5,1820.9,835.9,em450
k2d_1861,kidney_2d,327.67,472.58,12,18.45,2169.0,858.8,2567.4,em605
k2d_1862,kidney_2d,297.96,475.09,23,35.36,1928.0,1057.0,990.4,em450
k2d_1863,kidney_2d,355.62,485.16,32,49.2,1767.2,898.2,1130.7,em450
k2d_1864,kidney_2d,394.08,435.8,50,76.88,1893.8,1165.9,923.6,em450
k2d_1865,kidney_2d,387.0,433.41,34,52.28,2061.0,2290.8,855.3,em515
k2d_1866,kidney_2d,417.13,436.13,39,59.97,1663.1,537.6,584.4,em450
k2d_1867,kidney_2d,13.97,437.08,36,55.35,1771.7,462.6,1258.3,em450
k2d_1868,kidney_2d,98.81,437.43,53,81.49,1908.9,429.7,952.6,em450
k2d_1869,kidney_2d,379.32,436.62,34,52.28,2082.5,2192.9,885.3,em450
k2d_1870,kidney_2d,373.62,439.48,21,32.29,2320.1,497.9,275.1,em450
k2d_1871,kidney_2d,431.56,440.48,62,95.33,2249.5,1940.5,1483.8,em450
k2d_1872,kidney_2d,494.8,437.93,40,61.5,1888.5,506.1,790.4,em450
k2d_1873,kidney_2d,505.69,437.93,42,64.58,2075.7,480.9,878.7,em450
k2d_1874,kidney_2d,235.93,450.43,44,67.65,1891.0,588.5,1140.2,em450
k2d_1875,kidney_2d,230.53,439.77,40,61.5,1608.5,513.2,992.0,em450
k2d_1876,kidney_2d,229.34,445.93,29,44.59,2176.6,1034.5,1460.8,em450
k2d_1877,kidney_2d,73.88,441.12,43,66.12,1936.6,499.6,1027.7,em450
k2d_1878,kidney_2d,240.05,440.61,41,63.04,1987.4,493.0,1005.8,em450
k2d_1879,kidney_2d,296.73,448.49,49,75.34,1894.8,442.1,972.4,em450
k2d_1880,kidney_2d,294.68,441.32,28,43.05,1586.0,518.9,1013.4,em450
k2d_1881,kidney_2d,28.36,443.1,39,59.97,1917.5,433.4,1186.2,em450
k2d_1882,kidney_2d,21.6,443.77,40,61.5,1620.2,423.5,1261.8,em450
k2d_1883,kidney_2d,192.34,442.72,32,49.2,1801.3,282.0,2284.4,em605
k2d_1884,kidney_2d,92.0,442.5,12,18.45,2019.1,346.6,361.3,em450
k2d_1885,kidney_2d,108.62,444.97,37,56.89,1711.1,738.0,990.0,em450
k2d_1886,kidney_2d,356.84,453.76,45,69.19,1822.9,1379.2,1265.2,em450
k2d_1887,kidney_2d,361.5,444.0,42,64.58,1906.5,630.5,780.5,em450
k2d_1888,kidney_2d,354.28,444.28,29,44.59,2376.2,787.9,1351.3,em450
k2d_1889,kidney_2d,352.41,449.12,17,26.14,1826.4,593.8,1676.9,em450
k2d_1890,kidney_2d,49.53,445.16,38,58.43,1965.6,414.1,1094.1,em450
k2d_1891,kidney_2d,248.04,444.17,24,36.9,1597.2,606.5,1474.4,em450
k2d_1892,kidney_2d,246.57,451.0,40,61.5,1925.3,627.6,1189.5,em450
k2d_1893,kidney_2d,383.74,445.41,27,41.52,2300.7,2417.0,664.3,em450
k2d_1894,kidney_2d,457.13,447.05,62,95.33,1879.4,1158.7,1186.6,em450
k2d_1895,kidney_2d,265.12,455.86,43,66.12,1989.5,719.1,1453.3,em450
k2d_1896,kidney_2d,270.45,461.24,38,58.43,2025.5,443.8,768.0,em450
k2d_1897,kidney_2d,279.95,464.0,38,58.43,2066.5,392.1,630.5,em450
k2d_1898,kidney_2d,263.38,446.5,32,49.2,2068.3,661.5,2454.2,em605
k2d_1899,kidney_2d,265.29,450.71,21,32.29,1597.6,898.0,1565.3,em450
k2d_1900,kidney_2d,275.0,463.12,24,36.9,1817.7,365.2,793.7,em450
k2d_1901,kidney_2d,441.82,447.96,49,75.34,1843.2,818.5,1042.7,em450
k2d_1902,kidney_2d,434.42,451.04,45,69.19,2175.2,2248.7,1300.6,em450
k2d_1903,kidney_2d,502.94,445.88,16,24.6,1977.1,477.6,605.6,em450
k2d_1904,kidney_2d,370.04,454.54,46,70.73,1836.9,941.1,799.7,em450
k2d_1905,kidney_2d,370.04,447.74,23,35.36,1844.5,660.7,838.0,em450
k2d_1906,kidney_2d,375.47,461.65,17,26.14,2348.2,580.6,1654.1,em450
k2d_1907,kidney_2d,411.26,449.9,42,64.58,1808.1,1468.8,1363.6,em450
k2d_1908,kidney_2d,55.91,451.27,45,69.19,1818.9,597.7,947.6,em450
k2d_1909,kidney_2d,115.22,450.78,32,49.2,1937.6,983.3,2128.9,em450
k2d_1910,kidney_2d,112.92,455.47,38,58.43,1953.3,453.6,730.1,em450
k2d_1911,kidney_2d,108.56,457.33,18,27.68,2075.9,501.1,1152.4,em450
k2d_1912,kidney_2d,105.24,455.47,17,26.14,1931.2,662.5,1170.3,em450
k2d_1913,kidney_2d,81.95,451.92,38,58.43,1813.0,424.1,1096.2,em450
k2d_1914,kidney_2d,76.85,456.65,46,70.73,1777.4,613.2,897.5,em450
k2d_1915,kidney_2d,508.28,454.22,67,103.02,2386.7,455.0,760.4,em450
k2d_1916,kidney_2d,425.56,452.72,32,49.2,2352.9,1725.8,849.9,em450
k2d_1917,kidney_2d,396.41,454.3,37,56.89,1965.4,859.8,681.2,em450
k2d_1918,kidney_2d,28.77,457.73,79,121.47,1884.9,378.6,1019.2,em450
k2d_1919,kidney_2d,453.0,454.5,12,18.45,1835.8,754.8,652.8,em450
k2d_1920,kidney_2d,457.2,456.93,15,23.06,1581.3,489.6,373.0,em450
k2d_1921,kidney_2d,494.84,454.84,19,29.21,1927.6,227.4,358.3,em450
k2d_1922,kidney_2d,96.0,455.83,23,35.36,1786.0,397.3,977.0,em450
k2d_1923,kidney_2d,121.03,458.62,40,61.5,1901.6,2098.7,2793.7,em605
k2d_1924,kidney_2d,242.46,458.5,48,73.8,1841.0,552.6,877.5,em450
k2d_1925,kidney_2d,474.32,466.5,40,61.5,1987.2,943.9,676.1,em450
k2d_1926,kidney_2d,472.23,457.27,26,39.98,2254.5,803.9,606.7,em450
k2d_1927,kidney_2d,471.71,461.71,24,36.9,1930.9,1030.4,1015.2,em450
k2d_1928,kidney_2d,194.33,458.76,45,69.19,1853.9,449.6,930.6,em450
k2d_1929,kidney_2d,199.6,460.07,15,23.06,1492.9,316.7,1023.5,em450
k2d_1930,kidney_2d,255.0,460.83,23,35.36,1766.0,477.7,1300.3,em450
k2d_1931,kidney_2d,250.56,457.62,16,24.6,1700.7,490.7,1340.6,em450
k2d_1932,kidney_2d,294.66,461.15,71,109.17,1987.3,530.6,1322.7,em450
k2d_1933,kidney_2d,486.72,465.28,43,66.12,2001.0,1144.6,1133.3,em450
k2d_1934,kidney_2d,487.34,458.72,32,49.2,2340.2,735.7,1272.5,em450
k2d_1935,kidney_2d,48.16,458.84,19,29.21,2434.0,495.2,523.4,em450
k2d_1936,kidney_2d,173.8,460.8,45,69.19,1900.4,534.7,1175.9,em450
k2d_1937,kidney_2d,425.27,468.26,66,101.48,2126.4,2154.9,1244.9,em450
k2d_1938,kidney_2d,437.07,461.81,42,64.58,2547.3,2219.6,967.9,em450
k2d_1939,kidney_2d,432.25,471.03,32,49.2,2281.2,2557.4,845.3,em515
k2d_1940,kidney_2d,441.64,460.5,22,33.83,1594.8,1840.5,1180.5,em515
k2d_1941,kidney_2d,430.3,460.87,23,35.36,2240.6,2685.0,1797.3,em515
k2d_1942,kidney_2d,428.06,463.56,16,24.6,2030.8,3220.9,1417.1,em515
k2d_1943,kidney_2d,2.75,461.77,40,61.5,2012.4,423.1,1172.1,em450
k2d_1944,kidney_2d,64.72,462.68,57,87.64,2014.6,524.1,871.5,em450
k2d_1945,kidney_2d,57.76,464.7,50,76.88,2063.5,531.0,1011.6,em450
k2d_1946,kidney_2d,70.42,467.47,38,58.43,1940.5,436.6,1132.0,em450
k2d_1947,kidney_2d,61.15,469.65,20,30.75,2234.8,462.6,602.8,em450
k2d_1948,kidney_2d,11.11,463.89,35,53.82,1688.8,433.3,719.0,em450
k2d_1949,kidney_2d,19.11,467.26,54,83.03,1919.9,416.1,1202.9,em450
k2d_1950,kidney_2d,9.19,469.4,42,64.58,2325.5,778.8,2026.0,em450
k2d_1951,kidney_2d,230.11,464.8,44,67.65,1945.2,421.4,664.0,em450
k2d_1952,kidney_2d,86.0,464.19,16,24.6,1652.8,454.5,670.6,em450
k2d_1953,kidney_2d,119.98,479.72,47,72.27,2874.9,659.2,1071.6,em450
k2d_1954,kidney_2d,125.76,481.2,50,76.88,1867.8,905.5,981.1,em450
k2d_1955,kidney_2d,115.96,470.92,26,39.98,2568.3,417.3,785.4,em450
k2d_1956,kidney_2d,116.86,474.77,22,33.83,2210.2,356.3,561.2,em450
k2d_1957,kidney_2d,111.46,464.35,26,39.98,2129.0,426.3,704.0,em450
k2d_1958,kidney_2d,114.0,467.69,16,24.6,2401.2,577.0,1059.7,em450
k2d_1959,kidney_2d,249.07,468.02,40,61.5,1952.7,485.3,1496.7,em450
k2d_1960,kidney_2d,370.77,473.79,48,73.8,1907.5,764.3,1134.9,em450
k2d_1961,kidney_2d,376.77,472.67,39,59.97,2306.4,774.0,1392.6,em450
k2d_1962,kidney_2d,375.89,467.58,19,29.21,2631.7,660.5,1873.9,em450
k2d_1963,kidney_2d,369.6,466.92,25,38.44,1624.6,500.5,536.5,em450
k2d_1964,kidney_2d,194.97,468.54,37,56.89,1907.1,419.0,1288.5,em450
k2d_1965,kidney_2d,200.11,471.17,36,55.35,2366.4,592.8,1644.5,em450
k2d_1966,kidney_2d,197.69,475.46,13,19.99,2228.2,711.3,1591.1,em450
k2d_1967,kidney_2d,237.9,469.64,42,64.58,1959.1,523.2,851.2,em450
k2d_1968,kidney_2d,105.0,470.0,39,59.97,1889.2,446.2,955.9,em450
k2d_1969,kidney_2d,183.25,492.47,53,81.49,1779.1,570.2,986.5,em450
k2d_1970,kidney_2d,186.7,486.3,57,87.64,1879.8,479.3,1052.8,em450
k2d_1971,kidney_2d,183.12,470.12,42,64.58,1982.0,411.7,749.5,em450
k2d_1972,kidney_2d,182.04,478.48,50,76.88,1823.0,578.1,1129.4,em450
k2d_1973,kidney_2d,193.36,490.6,25,38.44,2205.0,691.6,1204.9,em450
k2d_1974,kidney_2d,347.02,470.92,48,73.8,1952.2,596.1,1139.8,em450
k2d_1975,kidney_2d,223.09,471.52,44,67.65,1994.9,430.2,1192.3,em450
k2d_1976,kidney_2d,270.0,476.0,47,72.27,1976.4,475.0,793.3,em450
k2d_1977,kidney_2d,265.43,471.36,28,43.05,1948.9,494.9,1785.4,em450
k2d_1978,kidney_2d,467.78,473.91,54,83.03,1844.5,1300.8,1041.9,em450
k2d_1979,kidney_2d,453.92,486.47,36,55.35,1920.6,2601.6,1351.8,em515
k2d_1980,kidney_2d,443.79,485.91,67,103.02,2135.5,2697.2,1116.4,em515
k2d_1981,kidney_2d,459.44,486.42,45,69.19,1894.8,1039.2,972.2,em450
k2d_1982,kidney_2d,454.58,474.58,55,84.57,2284.0,1577.4,939.6,em450
k2d_1983,kidney_2d,454.03,480.81,32,49.2,2426.3,2698.1,1105.3,em515
k2d_1984,kidney_2d,424.73,481.1,48,73.8,2359.8,1938.9,735.0,em450
k2d_1985,kidney_2d,430.25,482.61,28,43.05,2252.5,2974.4,937.6,em515
k2d_1986,kidney_2d,432.12,487.06,34,52.28,2244.6,3082.5,1158.2,em515
k2d_1987,kidney_2d,439.45,492.0,33,50.74,2224.1,2268.8,1151.6,em450
k2d_1988,kidney_2d,432.82,493.18,34,52.28,2332.4,2637.4,1380.6,em515
k2d_1989,kidney_2d,445.12,497.96,49,75.34,2358.6,2798.8,1125.5,em515
k2d_1990,kidney_2d,435.55,502.69,65,99.94,1866.8,1418.8,1192.2,em450
k2d_1991,kidney_2d,437.18,484.79,28,43.05,2141.6,2468.4,1528.3,em515
k2d_1992,kidney_2d,451.28,492.56,43,66.12,2038.4,2373.3,1350.9,em515
k2d_1993,kidney_2d,438.47,476.35,34,52.28,2176.2,2371.0,1120.1,em450
k2d_1994,kidney_2d,443.07,478.11,27,41.52,2409.6,1760.6,1325.8,em450
k2d_1995,kidney_2d,18.0,478.0,19,29.21,2214.6,408.4,539.8,em450
k2d_1996,kidney_2d,29.48,478.09,33,50.74,1802.8,351.7,1021.2,em450
k2d_1997,kidney_2d,218.93,479.44,43,66.12,1976.1,498.5,1317.2,em450
k2d_1998,kidney_2d,230.4,479.6,48,73.8,1902.3,478.2,1102.6,em450
k2d_1999,kidney_2d,240.77,493.38,39,59.97,2478.0,1460.2,1550.1,em450
k2d_2000,kidney_2d,242.21,486.0,34,52.28,2296.9,3051.3,1430.3,em515
k2d_2001,kidney_2d,235.38,494.17,29,44.59,1982.0,2197.6,1048.7,em515
k2d_2002,kidney_2d,243.73,478.05,22,33.83,2155.2,1010.0,2038.8,em450
k2d_2003,kidney_2d,237.0,482.5,28,43.05,1533.2,1287.4,1880.9,em605
k2d_2004,kidney_2d,245.0,481.46,13,19.99,1890.4,1774.7,1580.7,em450
k2d_2005,kidney_2d,203.34,479.83,29,44.59,2265.9,440.4,1526.7,em450
k2d_2006,kidney_2d,258.64,479.95,44,67.65,2017.3,491.5,728.2,em450
k2d_2007,kidney_2d,490.67,480.24,45,69.19,1932.9,1142.1,950.6,em450
k2d_2008,kidney_2d,495.32,485.23,31,47.67,2472.7,953.7,1192.7,em450
k2d_2009,kidney_2d,81.9,481.26,31,47.67,1837.0,356.5,823.6,em450
k2d_2010,kidney_2d,99.66,482.62,32,49.2,1775.0,337.0,1320.2,em450
k2d_2011,kidney_2d,109.88,485.64,25,38.44,1585.4,383.4,1395.5,em450
k2d_2012,kidney_2d,104.54,485.58,24,36.9,1735.2,425.2,1074.4,em450
k2d_2013,kidney_2d,96.3,487.1,20,30.75,1537.3,397.5,1575.8,em450
k2d_2014,kidney_2d,114.35,490.59,17,26.14,2075.2,295.9,551.9,em450
k2d_2015,kidney_2d,161.86,500.43,49,75.34,1819.3,465.2,771.9,em450
k2d_2016,kidney_2d,155.21,498.62,34,52.28,1994.9,1668.4,895.6,em450
k2d_2017,kidney_2d,147.11,483.84,38,58.43,1953.1,887.3,1028.0,em450
k2d_2018,kidney_2d,152.36,489.3,33,50.74,1988.3,854.8,1629.5,em450
k2d_2019,kidney_2d,151.12,493.82,17,26.14,1582.3,1774.6,1383.9,em515
k2d_2020,kidney_2d,1.67,485.22,27,41.52,1800.5,610.6,553.7,em450
k2d_2021,kidney_2d,209.42,486.02,43,66.12,1932.8,469.7,1325.8,em450
k2d_2022,kidney_2d,366.43,487.33,51,78.42,2255.1,827.7,1001.6,em450
k2d_2023,kidney_2d,370.12,492.36,25,38.44,2257.1,1381.4,987.6,em450
k2d_2024,kidney_2d,370.12,497.15,26,39.98,2071.0,1112.5,905.3,em450
k2d_2025,kidney_2d,366.79,504.62,29,44.59,2028.4,1573.7,581.9,em450
k2d_2026,kidney_2d,252.98,487.39,44,67.65,1995.8,418.2,1935.3,em450
k2d_2027,kidney_2d,388.0,485.67,18,27.68,1839.6,682.6,1052.6,em450
k2d_2028,kidney_2d,132.92,487.08,24,36.9,1579.0,1408.2,1401.7,em450
k2d_2029,kidney_2d,26.59,490.16,37,56.89,1953.0,917.8,703.3,em450
k2d_2030,kidney_2d,507.38,496.1,42,64.58,2301.4,2394.9,1182.5,em450
k2d_2031,kidney_2d,507.34,489.47,32,49.2,2367.5,2238.2,1198.5,em450
k2d_2032,kidney_2d,164.11,491.8,44,67.65,1889.7,463.6,844.0,em450
k2d_2033,kidney_2d,217.55,491.65,51,78.42,2098.6,483.5,1563.3,em450
k2d_2034,kidney_2d,215.77,498.55,44,67.65,1786.3,412.1,1324.8,em450
k2d_2035,kidney_2d,207.15,500.77,26,39.98,1964.0,337.9,655.0,em450
k2d_2036,kidney_2d,211.69,504.06,48,73.8,1892.8,409.8,1151.8,em450
k2d_2037,kidney_2d,220.07,503.51,41,63.04,2116.8,641.5,1006.1,em450
k2d_2038,kidney_2d,397.84,490.91,32,49.2,1820.3,713.3,461.5,em450
k2d_2039,kidney_2d,500.22,490.67,27,41.52,2356.7,2446.3,642.8,em450
k2d_2040,kidney_2d,485.6,493.97,78,119.93,2308.1,999.9,1255.4,em450
k2d_2041,kidney_2d,348.24,495.81,98,150.68,2138.8,2533.6,1279.6,em515
k2d_2042,kidney_2d,355.38,493.53,32,49.2,2223.9,496.5,1819.7,em450
k2d_2043,kidney_2d,412.61,493.34,38,58.43,1909.7,791.2,1415.6,em450
k2d_2044,kidney_2d,424.5,493.0,34,52.28,2176.9,2795.1,798.1,em515
k2d_2045,kidney_2d,470.5,493.0,38,58.43,1913.9,1286.7,912.8,em450
k2d_2046,kidney_2d,144.21,505.25,102,156.84,2492.1,1380.4,1047.1,em450
k2d_2047,kidney_2d,144.43,497.63,30,46.13,2202.0,828.0,1341.9,em450
k2d_2048,kidney_2d,144.0,500.5,14,21.53,2352.1,1124.5,1796.9,em450
k2d_2049,kidney_2d,141.36,493.49,39,59.97,1914.9,1061.1,817.8,em450
k2d_2050,kidney_2d,153.76,508.8,50,76.88,2173.7,2190.0,777.2,em450
k2d_2051,kidney_2d,384.02,494.41,41,63.04,2019.7,851.1,837.8,em450
k2d_2052,kidney_2d,1.23,494.77,13,19.99,1736.2,483.2,1032.7,em450
k2d_2053,kidney_2d,97.59,496.0,46,70.73,2097.4,480.0,1236.2,em450
k2d_2054,kidney_2d,131.76,496.64,42,64.58,1940.4,585.8,714.3,em450
k2d_2055,kidney_2d,21.3,498.18,33,50.74,1780.3,465.8,807.5,em450
k2d_2056,kidney_2d,199.5,497.21,14,21.53,1514.6,371.4,574.2,em450
k2d_2057,kidney_2d,489.33,506.07,70,107.63,2619.6,667.5,1363.3,em450
k2d_2058,kidney_2d,496.76,499.19,37,56.89,2174.3,2833.8,1291.0,em515
k2d_2059,kidney_2d,497.07,508.73,40,61.5,1926.0,963.1,517.8,em450
k2d_2060,kidney_2d,500.67,504.53,30,46.13,1720.4,1808.1,987.3,em450
k2d_2061,kidney_2d,247.31,499.91,35,53.82,1689.3,394.9,1283.6,em450
k2d_2062,kidney_2d,405.89,500.63,46,70.73,1957.3,1097.1,1084.4,em450
k2d_2063,kidney_2d,37.41,500.68,34,52.28,1860.8,1189.6,1017.3,em450
k2d_2064,kidney_2d,460.08,501.72,39,59.97,1773.5,443.3,783.7,em450
k2d_2065,kidney_2d,187.53,502.76,51,78.42,1881.9,478.1,887.9,em450
k2d_2066,kidney_2d,234.62,502.83,29,44.59,1974.0,1369.0,886.8,em450
k2d_2067,kidney_2d,420.59,502.97,29,44.59,2389.1,827.6,644.8,em450
k2d_2068,kidney_2d,90.83,507.98,65,99.94,1841.4,359.6,1170.8,em450
k2d_2069,kidney_2d,255.28,504.47,43,66.12,1928.6,671.4,929.8,em450
k2d_2070,kidney_2d,475.59,504.49,37,56.89,1991.7,915.5,1149.8,em450
k2d_2071,kidney_2d,28.06,504.0,18,27.68,1563.9,1286.9,1172.8,em450
k2d_2072,kidney_2d,376.88,504.88,43,66.12,1978.9,1002.1,779.5,em450
k2d_2073,kidney_2d,317.26,507.15,54,83.03,1981.1,440.8,984.1,em450
k2d_2074,kidney_2d,310.16,509.23,31,47.67,1994.7,742.9,1164.4,em450
k2d_2075,kidney_2d,450.04,507.69,80,123.01,2316.6,1071.9,1233.2,em450
k2d_2076,kidney_2d,2.71,508.09,35,53.82,2160.4,595.6,1518.0,em450
k2d_2077,kidney_2d,52.61,507.86,36,55.35,1906.3,618.7,529.9,em450
k2d_2078,kidney_2d,103.28,506.39,18,27.68,1608.8,791.9,905.3,em450
k2d_2079,kidney_2d,130.79,508.5,58,89.18,1890.5,674.4,492.2,em450
k2d_2080,kidney_2d,198.83,508.56,52,79.96,1872.2,463.6,1690.8,em450
k2d_2081,kidney_2d,229.12,508.84,32,49.2,1904.6,2420.0,836.3,em515
k2d_2082,kidney_2d,244.42,508.58,33,50.74,2018.4,424.4,2174.8,em450
k2d_2083,kidney_2d,355.65,508.5,34,52.28,2267.4,2206.9,614.2,em450
k2d_2084,kidney_2d,115.97,509.92,36,55.35,2037.0,719.6,920.9,em450
k2d_2085,kidney_2d,161.92,509.75,12,18.45,1851.4,320.3,772.3,em450
k2d_2086,kidney_2d,165.23,509.77,13,19.99,1948.2,478.1,674.2,em450
k2d_2087,kidney_2d,398.19,509.81,16,24.6,1661.5,680.8,463.4,em450
k2d_2088,kidney_2d,439.5,509.89,18,27.68,2119.5,1395.7,1755.8,em450
