sample_id	depth	iter	shannon	observed_features	faith_pd	group
SRR10070130	1	1	-0.0	1.0	0.2775501706101475	Riverwater
SRR10070130	302	1	5.4645010399881935	119.0	13.18011699457314	Riverwater
SRR10070130	603	1	5.7338703067448	181.0	16.37552373322524	Riverwater
SRR10070130	904	1	5.976277374702335	242.0	22.95958798414948	Riverwater
SRR10070130	1205	1	6.093862238759448	293.0	26.42181759254182	Riverwater
SRR10070130	1507	1	6.176332574464371	326.0	28.91961523937929	Riverwater
