sample	depth	iter	faith_pd
SRR10070130	1	1	0.4976567928026143
SRR10070131	1	1	0.5942759764658931
SRR10070132	1	1	1.316715741174956
SRR10070133	1	1	1.316715741174956
SRR10070134	1	1	0.4251401254324412
SRR10070141	1	1	1.316715741174956
SRR10070149	1	1	0.5392036352410541
SRR10070150	1	1	0.7529856891475246
SRR10070151	1	1	0.4951881318748472
SRR10102392	1	1	0.4937064908444881
SRR10102393	1	1	0.5953583170763777
SRR10102394	1	1	1.225939964974418
SRR10070130	1	2	0.7757140925328332
SRR10070131	1	2	0.7757140925328332
SRR10070132	1	2	0.4238843809614061
SRR10070133	1	2	0.8148739535814711
SRR10070134	1	2	0.5942759764658931
SRR10070141	1	2	0.7283852254610137
SRR10070149	1	2	0.503559277037819
SRR10070150	1	2	0.6702512814127384
SRR10070151	1	2	0.4010363838739321
SRR10102392	1	2	0.8647129191538117
SRR10102393	1	2	0.5725631907686219
SRR10102394	1	2	0.6198239324718342
SRR10070130	1	3	0.5942759764658931
SRR10070131	1	3	0.4895450568175113
SRR10070132	1	3	0.4275851452140307
SRR10070133	1	3	1.312827893288264
SRR10070134	1	3	0.433790808412934
SRR10070141	1	3	0.4494955533288048
SRR10070149	1	3	0.7796186425709895
SRR10070150	1	3	0.503559277037819
SRR10070151	1	3	0.5799306801682813
SRR10102392	1	3	1.225939964974418
SRR10102393	1	3	0.7118026589030197
SRR10102394	1	3	0.6407908620882408
SRR10070130	1	4	0.5942759764658931
SRR10070131	1	4	0.6394039812672037
SRR10070132	1	4	0.5185686039969664
SRR10070133	1	4	0.4167297270531107
SRR10070134	1	4	0.4895450568175113
SRR10070141	1	4	0.4415810656894812
SRR10070149	1	4	0.5632798731722413
SRR10070150	1	4	0.5018733913286777
SRR10070151	1	4	0.4862303203541414
SRR10102392	1	4	1.229002889123474
SRR10102393	1	4	0.5862547445227011
SRR10102394	1	4	0.6724954580456122
SRR10070130	1	5	0.7357671333580837
SRR10070131	1	5	0.5942759764658931
SRR10070132	1	5	1.221099950373173
SRR10070133	1	5	0.5887392483360219
SRR10070134	1	5	0.4214115565351295
SRR10070141	1	5	0.4537515559873628
SRR10070149	1	5	0.4862303203541414
SRR10070150	1	5	0.565122240856168
SRR10070151	1	5	0.5820799593800476
SRR10102392	1	5	0.5953583170763777
SRR10102393	1	5	0.6189813347275557
SRR10102394	1	5	0.6682279738061605
SRR10070130	1	6	0.5572983449033546
SRR10070131	1	6	0.8334139760687576
SRR10070132	1	6	0.4095196242548154
SRR10070133	1	6	0.4494955533288048
SRR10070134	1	6	0.7757140925328332
SRR10070141	1	6	0.4415643034023962
SRR10070149	1	6	0.4386331493138895
SRR10070150	1	6	0.5454223127952118
SRR10070151	1	6	0.4437250143952296
SRR10102392	1	6	0.6730845225891371
SRR10102393	1	6	1.22832212619243
SRR10102394	1	6	0.6907234266316791
SRR10070130	1	7	0.4666302350698208
SRR10070131	1	7	0.7757140925328332
SRR10070132	1	7	0.5885665218694305
SRR10070133	1	7	0.9361063097067652
SRR10070134	1	7	0.5185686039969664
SRR10070141	1	7	0.5809643263392625
SRR10070149	1	7	0.7173318230068109
SRR10070150	1	7	0.7173318230068109
SRR10070151	1	7	0.7232207714566758
SRR10102392	1	7	1.207750197022611
SRR10102393	1	7	1.203753424674391
SRR10102394	1	7	0.5876506200862677
SRR10070130	1	8	0.4738596911632813
SRR10070131	1	8	0.5717095467027615
SRR10070132	1	8	0.4275851452140307
SRR10070133	1	8	1.243950251134773
SRR10070134	1	8	0.4167661541711167
SRR10070141	1	8	0.656178066331111
SRR10070149	1	8	0.7796186425709895
SRR10070150	1	8	0.6112553191475198
SRR10070151	1	8	0.518564308229712
SRR10102392	1	8	0.3839618682278489
SRR10102393	1	8	0.5746105057221009
SRR10102394	1	8	0.5914532763987408
SRR10070130	1	9	1.038585073416809
SRR10070131	1	9	0.4493338744317064
SRR10070132	1	9	0.4336759682590889
SRR10070133	1	9	0.4570606295354631
SRR10070134	1	9	0.5141736119751226
SRR10070141	1	9	0.4199358546803249
SRR10070149	1	9	0.4604566864947501
SRR10070150	1	9	0.4862303203541414
SRR10070151	1	9	0.5154353858075664
SRR10102392	1	9	0.6637660017632423
SRR10102393	1	9	0.7259615606196328
SRR10102394	1	9	0.981511508816491
SRR10070130	1	10	0.63673209573022
SRR10070131	1	10	0.63673209573022
SRR10070132	1	10	0.4557526906124876
SRR10070133	1	10	0.6315786557376013
SRR10070134	1	10	0.4433331938272986
SRR10070141	1	10	0.5976478355005383
SRR10070149	1	10	0.742862331272252
SRR10070150	1	10	0.6071107089435954
SRR10070151	1	10	0.5378511222531817
SRR10102392	1	10	0.7638338687293706
SRR10102393	1	10	0.5063688825872981
SRR10102394	1	10	0.6769459245177258
SRR10070130	302	1	14.2424583771161
SRR10070131	302	1	14.22231334496942
SRR10070132	302	1	12.59185146681327
SRR10070133	302	1	12.57879759754548
SRR10070134	302	1	14.8638409990366
SRR10070141	302	1	12.56250189608157
SRR10070149	302	1	21.46785313485039
SRR10070150	302	1	21.4509949932239
SRR10070151	302	1	19.91460607905622
SRR10102392	302	1	16.48025809161374
SRR10102393	302	1	15.95534131422111
SRR10102394	302	1	16.28508070978038
SRR10070130	302	2	12.60368511541588
SRR10070131	302	2	13.88067521437271
SRR10070132	302	2	12.5354316575808
SRR10070133	302	2	12.08010223303448
SRR10070134	302	2	14.6417640070736
SRR10070141	302	2	11.41549046015603
SRR10070149	302	2	22.53551933709803
SRR10070150	302	2	22.81351630120617
SRR10070151	302	2	21.03851745462032
SRR10102392	302	2	14.39735952786753
SRR10102393	302	2	16.23713705563884
SRR10102394	302	2	16.55672890650665
SRR10070130	302	3	12.94994639408883
SRR10070131	302	3	14.76652516526869
SRR10070132	302	3	11.47431980005981
SRR10070133	302	3	10.52807502597309
SRR10070134	302	3	13.01212365336468
SRR10070141	302	3	11.4293556320932
SRR10070149	302	3	20.55225159171879
SRR10070150	302	3	20.72559873314492
SRR10070151	302	3	20.63074322885189
SRR10102392	302	3	15.16446700107755
SRR10102393	302	3	16.2083334722318
SRR10102394	302	3	15.64893922761298
SRR10070130	302	4	12.54182096151383
SRR10070131	302	4	12.33100290945037
SRR10070132	302	4	13.0916930584011
SRR10070133	302	4	10.97782663528338
SRR10070134	302	4	13.58442887369962
SRR10070141	302	4	10.79603955573859
SRR10070149	302	4	21.12029231780213
SRR10070150	302	4	20.40823879071633
SRR10070151	302	4	20.28866488266723
SRR10102392	302	4	15.48489359702042
SRR10102393	302	4	16.37550302488654
SRR10102394	302	4	15.91473839320648
SRR10070130	302	5	12.20003605106678
SRR10070131	302	5	14.2349805017605
SRR10070132	302	5	11.85894149201182
SRR10070133	302	5	12.19407862448119
SRR10070134	302	5	14.53223844051672
SRR10070141	302	5	11.57179520149782
SRR10070149	302	5	19.35880441704921
SRR10070150	302	5	20.73617365746122
SRR10070151	302	5	19.36149285240618
SRR10102392	302	5	15.29185843019406
SRR10102393	302	5	16.64572441879076
SRR10102394	302	5	16.64719921797138
SRR10070130	302	6	15.14808046243721
SRR10070131	302	6	15.26642994131311
SRR10070132	302	6	12.57623195183757
SRR10070133	302	6	12.1647181972452
SRR10070134	302	6	14.15533908606817
SRR10070141	302	6	13.29189781950864
SRR10070149	302	6	20.6826175174372
SRR10070150	302	6	21.34276241316708
SRR10070151	302	6	20.3747495592859
SRR10102392	302	6	17.30402148812517
SRR10102393	302	6	15.56183174783611
SRR10102394	302	6	16.56518576554253
SRR10070130	302	7	14.77209038291069
SRR10070131	302	7	13.81411275637428
SRR10070132	302	7	12.76260461967024
SRR10070133	302	7	10.9604975723592
SRR10070134	302	7	15.0962756576054
SRR10070141	302	7	11.41150493511527
SRR10070149	302	7	21.29101830553787
SRR10070150	302	7	21.53249610734436
SRR10070151	302	7	21.13202402944106
SRR10102392	302	7	16.8267843184447
SRR10102393	302	7	15.18299382012027
SRR10102394	302	7	15.67991749758648
SRR10070130	302	8	12.81003530111593
SRR10070131	302	8	15.60815399901323
SRR10070132	302	8	14.16384335329687
SRR10070133	302	8	13.01775051183397
SRR10070134	302	8	13.4184979786528
SRR10070141	302	8	10.33401387887042
SRR10070149	302	8	20.37145902568645
SRR10070150	302	8	21.16528821031002
SRR10070151	302	8	22.6180616360447
SRR10102392	302	8	15.02281885225234
SRR10102393	302	8	15.49699168301012
SRR10102394	302	8	15.52244227353404
SRR10070130	302	9	12.16688608013998
SRR10070131	302	9	14.70529585803619
SRR10070132	302	9	11.92877324104945
SRR10070133	302	9	13.24080110613931
SRR10070134	302	9	12.87771793106434
SRR10070141	302	9	10.68823344589931
SRR10070149	302	9	21.65245548067645
SRR10070150	302	9	20.10684373899873
SRR10070151	302	9	20.10684634500439
SRR10102392	302	9	15.81578508107468
SRR10102393	302	9	15.25984922420566
SRR10102394	302	9	16.22977063376452
SRR10070130	302	10	15.94048182585639
SRR10070131	302	10	11.05010162210552
SRR10070132	302	10	13.47219956932055
SRR10070133	302	10	12.80340725085211
SRR10070134	302	10	13.49646886149944
SRR10070141	302	10	10.7884776297536
SRR10070149	302	10	22.26873649493845
SRR10070150	302	10	21.85686755281768
SRR10070151	302	10	21.52130627564653
SRR10102392	302	10	16.42275471949754
SRR10102393	302	10	15.82745918241063
SRR10102394	302	10	16.14118911386836
SRR10070130	603	1	20.75188783899318
SRR10070131	603	1	18.37969544033277
SRR10070132	603	1	16.44976732815261
SRR10070133	603	1	14.0818597521266
SRR10070134	603	1	19.8984217493648
SRR10070141	603	1	15.32129752479945
SRR10070149	603	1	27.40112004335819
SRR10070150	603	1	29.18376712155714
SRR10070151	603	1	28.73780037226693
SRR10102392	603	1	21.48123758548887
SRR10102393	603	1	21.35428748030905
SRR10102394	603	1	21.12191759428284
SRR10070130	603	2	18.67750009858973
SRR10070131	603	2	19.89199453282177
SRR10070132	603	2	17.57803976645857
SRR10070133	603	2	14.95267514454783
SRR10070134	603	2	21.05199081462631
SRR10070141	603	2	15.58101027518196
SRR10070149	603	2	28.34786131836919
SRR10070150	603	2	30.35290990140217
SRR10070151	603	2	29.38139658858836
SRR10102392	603	2	21.41842846399854
SRR10102393	603	2	20.94605917447389
SRR10102394	603	2	20.48896806515071
SRR10070130	603	3	20.36787113685983
SRR10070131	603	3	20.31658380728088
SRR10070132	603	3	15.97806796311666
SRR10070133	603	3	17.70993578755427
SRR10070134	603	3	21.13181772459998
SRR10070141	603	3	17.88908539271133
SRR10070149	603	3	27.94496775948838
SRR10070150	603	3	27.76267432848564
SRR10070151	603	3	27.83571741375889
SRR10102392	603	3	20.89772857799815
SRR10102393	603	3	20.72364874686728
SRR10102394	603	3	22.40101099507756
SRR10070130	603	4	18.09579173373506
SRR10070131	603	4	19.08194305573647
SRR10070132	603	4	16.75680306904433
SRR10070133	603	4	15.85167198842313
SRR10070134	603	4	20.95537846031032
SRR10070141	603	4	15.49686677465669
SRR10070149	603	4	27.85410921710582
SRR10070150	603	4	31.10374457453427
SRR10070151	603	4	27.85149315475272
SRR10102392	603	4	21.19582853325906
SRR10102393	603	4	20.32994644760755
SRR10102394	603	4	21.66118490205863
SRR10070130	603	5	18.34305071556809
SRR10070131	603	5	22.46989301403514
SRR10070132	603	5	17.20524880730737
SRR10070133	603	5	17.16524110664419
SRR10070134	603	5	20.59121644508267
SRR10070141	603	5	16.76962532522758
SRR10070149	603	5	28.17691226566281
SRR10070150	603	5	28.67302762653761
SRR10070151	603	5	30.12930972760806
SRR10102392	603	5	21.72524278926185
SRR10102393	603	5	21.1499761892048
SRR10102394	603	5	20.85568986883576
SRR10070130	603	6	18.9736487928551
SRR10070131	603	6	20.25965208603909
SRR10070132	603	6	16.91894650597371
SRR10070133	603	6	15.08386863084445
SRR10070134	603	6	18.92209411814721
SRR10070141	603	6	15.48974300799166
SRR10070149	603	6	28.53505324379693
SRR10070150	603	6	29.4903876814625
SRR10070151	603	6	27.7917577227303
SRR10102392	603	6	20.15499221757803
SRR10102393	603	6	21.63616120390577
SRR10102394	603	6	20.20250889094941
SRR10070130	603	7	21.48634666564798
SRR10070131	603	7	18.68950492246782
SRR10070132	603	7	14.98462827484549
SRR10070133	603	7	15.06517783865025
SRR10070134	603	7	20.16709429726953
SRR10070141	603	7	15.33554194723385
SRR10070149	603	7	27.95932607031652
SRR10070150	603	7	27.60702554968875
SRR10070151	603	7	27.96971600632429
SRR10102392	603	7	21.39622210257736
SRR10102393	603	7	21.71379215283847
SRR10102394	603	7	21.68817103595499
SRR10070130	603	8	21.24370021217194
SRR10070131	603	8	18.96982020631502
SRR10070132	603	8	15.78175874294127
SRR10070133	603	8	15.41727254729293
SRR10070134	603	8	21.00519123473623
SRR10070141	603	8	16.07782190435555
SRR10070149	603	8	27.95629116806484
SRR10070150	603	8	30.84680548056301
SRR10070151	603	8	26.22670725383412
SRR10102392	603	8	21.16347518972921
SRR10102393	603	8	22.23648536838943
SRR10102394	603	8	19.55602694302128
SRR10070130	603	9	20.04715721330592
SRR10070131	603	9	19.05450493268068
SRR10070132	603	9	16.47844216295389
SRR10070133	603	9	14.01005369096994
SRR10070134	603	9	20.27054496908747
SRR10070141	603	9	16.77660639579839
SRR10070149	603	9	28.70222044572851
SRR10070150	603	9	30.78095385802201
SRR10070151	603	9	29.74497848721624
SRR10102392	603	9	22.12464528439802
SRR10102393	603	9	21.48587253770003
SRR10102394	603	9	20.55504958293937
SRR10070130	603	10	21.00847812327111
SRR10070131	603	10	20.39608017277801
SRR10070132	603	10	15.77602663537271
SRR10070133	603	10	14.49430300466514
SRR10070134	603	10	21.62264567426935
SRR10070141	603	10	14.01566663986298
SRR10070149	603	10	28.65373629640734
SRR10070150	603	10	27.60483233000564
SRR10070151	603	10	29.24866169889695
SRR10102392	603	10	21.26205433428393
SRR10102393	603	10	20.78459723097973
SRR10102394	603	10	21.95999589764255
SRR10070130	904	1	22.12176225734624
SRR10070131	904	1	24.45560014975757
SRR10070132	904	1	19.50382243714977
SRR10070133	904	1	16.20228233745409
SRR10070134	904	1	23.75331907109402
SRR10070141	904	1	19.33793912756092
SRR10070149	904	1	34.04116345535163
SRR10070150	904	1	32.71595648213421
SRR10070151	904	1	33.77426347009076
SRR10102392	904	1	25.8781297031102
SRR10102393	904	1	24.53264987506763
SRR10102394	904	1	24.21283013664918
SRR10070130	904	2	23.92608220064474
SRR10070131	904	2	23.46919717359602
SRR10070132	904	2	19.21409343330595
SRR10070133	904	2	18.81142712688807
SRR10070134	904	2	24.16977434722878
SRR10070141	904	2	18.48986811258558
SRR10070149	904	2	33.61938768292067
SRR10070150	904	2	33.68583085895852
SRR10070151	904	2	33.44252713822679
SRR10102392	904	2	24.56879719863118
SRR10102393	904	2	22.95724786347926
SRR10102394	904	2	23.64168648351432
SRR10070130	904	3	20.59727754754696
SRR10070131	904	3	23.42125050904445
SRR10070132	904	3	19.07586566010778
SRR10070133	904	3	17.73086915893951
SRR10070134	904	3	24.53527803175213
SRR10070141	904	3	19.25220232475747
SRR10070149	904	3	34.05446342712513
SRR10070150	904	3	33.61429295008524
SRR10070151	904	3	35.26746072813188
SRR10102392	904	3	22.84148815844246
SRR10102393	904	3	23.72157557636335
SRR10102394	904	3	23.02540902797611
SRR10070130	904	4	23.7692497079149
SRR10070131	904	4	24.39602824600247
SRR10070132	904	4	19.70208854400109
SRR10070133	904	4	17.94046721025155
SRR10070134	904	4	24.72595550252351
SRR10070141	904	4	19.53109748349357
SRR10070149	904	4	33.18923823001894
SRR10070150	904	4	33.99046090927815
SRR10070151	904	4	33.57831565432762
SRR10102392	904	4	24.09047937712973
SRR10102393	904	4	24.5474797966691
SRR10102394	904	4	24.33373858945346
SRR10070130	904	5	23.92963404526899
SRR10070131	904	5	25.19090587114944
SRR10070132	904	5	17.95543467077256
SRR10070133	904	5	19.09854874460371
SRR10070134	904	5	22.67437713696708
SRR10070141	904	5	17.99263950337516
SRR10070149	904	5	35.55677816146855
SRR10070150	904	5	35.18089560970158
SRR10070151	904	5	33.47665089274815
SRR10102392	904	5	26.06238567468348
SRR10102393	904	5	25.81755056286674
SRR10102394	904	5	24.57795553140713
SRR10070130	904	6	24.06236012112038
SRR10070131	904	6	24.1493131986849
SRR10070132	904	6	17.72870248251909
SRR10070133	904	6	19.89035432451782
SRR10070134	904	6	25.22001701644102
SRR10070141	904	6	18.44424513193653
SRR10070149	904	6	33.44731451097032
SRR10070150	904	6	34.7393154541309
SRR10070151	904	6	35.68309516101818
SRR10102392	904	6	23.21544580264442
SRR10102393	904	6	25.79678366083778
SRR10102394	904	6	25.47804337150577
SRR10070130	904	7	25.41652737149568
SRR10070131	904	7	25.28722825945764
SRR10070132	904	7	18.39326609706674
SRR10070133	904	7	19.34072481202426
SRR10070134	904	7	22.99195639961247
SRR10070141	904	7	17.90286261886095
SRR10070149	904	7	34.75452239546335
SRR10070150	904	7	36.21386631586464
SRR10070151	904	7	32.20449904984387
SRR10102392	904	7	26.23043917331747
SRR10102393	904	7	24.62192670407169
SRR10102394	904	7	24.385299755959
SRR10070130	904	8	22.71791881364353
SRR10070131	904	8	24.59805615225109
SRR10070132	904	8	18.39558184569644
SRR10070133	904	8	18.37552677431419
SRR10070134	904	8	25.22648749462484
SRR10070141	904	8	18.1062122739694
SRR10070149	904	8	31.03490055982972
SRR10070150	904	8	34.05624850883066
SRR10070151	904	8	33.65951014206338
SRR10102392	904	8	23.44008651620135
SRR10102393	904	8	25.741608015828
SRR10102394	904	8	24.33903852236143
SRR10070130	904	9	23.13019034220743
SRR10070131	904	9	24.96696797726631
SRR10070132	904	9	19.94240297474141
SRR10070133	904	9	18.59000587115604
SRR10070134	904	9	22.18508384256967
SRR10070141	904	9	18.03876854653204
SRR10070149	904	9	34.01283322556667
SRR10070150	904	9	33.73277972347405
SRR10070151	904	9	34.74734613941211
SRR10102392	904	9	23.82832319731753
SRR10102393	904	9	24.44767682109752
SRR10102394	904	9	25.90007383932329
SRR10070130	904	10	23.82982095956424
SRR10070131	904	10	23.60236665739385
SRR10070132	904	10	18.77615399647868
SRR10070133	904	10	17.71383617546678
SRR10070134	904	10	22.30676066869534
SRR10070141	904	10	19.49569530333703
SRR10070149	904	10	33.61198059001257
SRR10070150	904	10	33.77658363957119
SRR10070151	904	10	32.85583809164167
SRR10102392	904	10	22.83058433854812
SRR10102393	904	10	23.29975769494135
SRR10102394	904	10	24.63505332909431
SRR10070130	1205	1	26.46532396311752
SRR10070131	1205	1	27.36198643949978
SRR10070132	1205	1	19.18118837355805
SRR10070133	1205	1	21.17424491268705
SRR10070134	1205	1	27.81241118120491
SRR10070141	1205	1	19.4366569856851
SRR10070149	1205	1	38.51644028133705
SRR10070150	1205	1	37.46350311633554
SRR10070151	1205	1	38.31558852725595
SRR10102392	1205	1	26.09020409019935
SRR10102393	1205	1	25.69763924564749
SRR10102394	1205	1	27.70019161461858
SRR10070130	1205	2	24.65732724574982
SRR10070131	1205	2	26.37841596927356
SRR10070132	1205	2	20.52871597245157
SRR10070133	1205	2	20.38596722890659
SRR10070134	1205	2	26.28543696675691
SRR10070141	1205	2	20.51273453832071
SRR10070149	1205	2	35.81033481263995
SRR10070150	1205	2	39.13815030814717
SRR10070151	1205	2	38.37460144468252
SRR10102392	1205	2	27.2736758330049
SRR10102393	1205	2	26.10298753624294
SRR10102394	1205	2	25.67974253381646
SRR10070130	1205	3	27.73562996310628
SRR10070131	1205	3	26.79696016162761
SRR10070132	1205	3	19.91471125137232
SRR10070133	1205	3	21.03288446858548
SRR10070134	1205	3	27.53096704995977
SRR10070141	1205	3	19.68534438954249
SRR10070149	1205	3	37.9799288976868
SRR10070150	1205	3	38.23911638604224
SRR10070151	1205	3	38.08684943194188
SRR10102392	1205	3	26.66487129388753
SRR10102393	1205	3	29.10345306535785
SRR10102394	1205	3	27.30049554662466
SRR10070130	1205	4	26.37769553267873
SRR10070131	1205	4	26.20088858355782
SRR10070132	1205	4	20.3175021790824
SRR10070133	1205	4	20.65721239538032
SRR10070134	1205	4	26.1763378126524
SRR10070141	1205	4	20.84466797415809
SRR10070149	1205	4	37.79291257549607
SRR10070150	1205	4	38.3521157447426
SRR10070151	1205	4	36.41323251440724
SRR10102392	1205	4	26.53620840147966
SRR10102393	1205	4	27.68923840766621
SRR10102394	1205	4	26.99332565494019
SRR10070130	1205	5	28.59107202098087
SRR10070131	1205	5	27.1466420028723
SRR10070132	1205	5	19.79345086127021
SRR10070133	1205	5	20.61921728127767
SRR10070134	1205	5	27.66083565441034
SRR10070141	1205	5	18.65203772643654
SRR10070149	1205	5	38.53424574703345
SRR10070150	1205	5	39.34839173004178
SRR10070151	1205	5	37.11575817498737
SRR10102392	1205	5	27.13419764000761
SRR10102393	1205	5	27.34227811049264
SRR10102394	1205	5	26.16439467134282
SRR10070130	1205	6	28.59715008364529
SRR10070131	1205	6	26.9234265798661
SRR10070132	1205	6	21.53041684618139
SRR10070133	1205	6	19.8541950257555
SRR10070134	1205	6	27.50848436001215
SRR10070141	1205	6	18.90206393457356
SRR10070149	1205	6	37.097594220741
SRR10070150	1205	6	38.40218194452962
SRR10070151	1205	6	37.75422389647164
SRR10102392	1205	6	27.00290339445246
SRR10102393	1205	6	27.33090940592574
SRR10102394	1205	6	27.50148903378608
SRR10070130	1205	7	27.82388777891596
SRR10070131	1205	7	26.34576221820495
SRR10070132	1205	7	21.8528205947579
SRR10070133	1205	7	19.17958707335665
SRR10070134	1205	7	27.85912915493558
SRR10070141	1205	7	20.82042282821533
SRR10070149	1205	7	39.07442231593603
SRR10070150	1205	7	38.27218583266062
SRR10070151	1205	7	40.05650892705857
SRR10102392	1205	7	26.57422173552144
SRR10102393	1205	7	26.72332985389071
SRR10102394	1205	7	27.13169393681745
SRR10070130	1205	8	27.09641886822241
SRR10070131	1205	8	26.78290392793525
SRR10070132	1205	8	20.45673623846137
SRR10070133	1205	8	21.09048338589024
SRR10070134	1205	8	26.32607023426113
SRR10070141	1205	8	21.42822973653238
SRR10070149	1205	8	38.01819144938774
SRR10070150	1205	8	37.4875525887159
SRR10070151	1205	8	38.88451223907956
SRR10102392	1205	8	27.37817936236236
SRR10102393	1205	8	26.53012499403098
SRR10102394	1205	8	27.15067718429969
SRR10070130	1205	9	26.66033277421725
SRR10070131	1205	9	26.4219576551092
SRR10070132	1205	9	21.78230069423862
SRR10070133	1205	9	20.09922747875269
SRR10070134	1205	9	27.18438542529935
SRR10070141	1205	9	19.7816967602672
SRR10070149	1205	9	38.06435074708575
SRR10070150	1205	9	40.09903613844922
SRR10070151	1205	9	37.3395223432377
SRR10102392	1205	9	27.17074095350617
SRR10102393	1205	9	26.83112636676051
SRR10102394	1205	9	25.23182712639241
SRR10070130	1205	10	26.52915076394821
SRR10070131	1205	10	27.28031973710276
SRR10070132	1205	10	20.30027661775517
SRR10070133	1205	10	20.91021614088375
SRR10070134	1205	10	26.44903694376119
SRR10070141	1205	10	18.8540491156005
SRR10070149	1205	10	35.4581933293691
SRR10070150	1205	10	38.33368370953481
SRR10070151	1205	10	38.40203900905499
SRR10102392	1205	10	27.33239109107415
SRR10102393	1205	10	27.44284178961153
SRR10102394	1205	10	24.29299156694604
SRR10070130	1507	1	29.99870708525118
SRR10070131	1507	1	27.84336439826632
SRR10070132	1507	1	21.51212728451508
SRR10070133	1507	1	21.08417857576902
SRR10070134	1507	1	30.02172811029808
SRR10070141	1507	1	20.53829502880052
SRR10070149	1507	1	38.6178226186229
SRR10070150	1507	1	41.95418042612232
SRR10070151	1507	1	40.28612957255523
SRR10102392	1507	1	29.19640181320585
SRR10102393	1507	1	29.93006493319407
SRR10102394	1507	1	29.29316650403752
SRR10070130	1507	2	30.01323538208546
SRR10070131	1507	2	27.79734022757896
SRR10070132	1507	2	21.74396757361444
SRR10070133	1507	2	20.30315647480497
SRR10070134	1507	2	30.60417476258906
SRR10070141	1507	2	22.42795614480272
SRR10070149	1507	2	40.54268794648635
SRR10070150	1507	2	42.03852120160078
SRR10070151	1507	2	39.47345883408187
SRR10102392	1507	2	28.55007158893259
SRR10102393	1507	2	29.14997061064548
SRR10102394	1507	2	28.55978437801809
SRR10070130	1507	3	31.20822437013719
SRR10070131	1507	3	28.04922297163639
SRR10070132	1507	3	22.62388860290224
SRR10070133	1507	3	21.59422081648993
SRR10070134	1507	3	31.30364052964341
SRR10070141	1507	3	21.92808313043953
SRR10070149	1507	3	39.8711535507942
SRR10070150	1507	3	42.15819925323478
SRR10070151	1507	3	40.64345983341887
SRR10102392	1507	3	29.24907263151407
SRR10102393	1507	3	29.51031158756163
SRR10102394	1507	3	27.99148668780315
SRR10070130	1507	4	30.84612412353468
SRR10070131	1507	4	29.42973199079278
SRR10070132	1507	4	22.15556519375836
SRR10070133	1507	4	19.9120114570034
SRR10070134	1507	4	28.88630738785549
SRR10070141	1507	4	23.08117587044265
SRR10070149	1507	4	38.35824266562908
SRR10070150	1507	4	42.90626847239944
SRR10070151	1507	4	42.01709701390109
SRR10102392	1507	4	27.6612522528609
SRR10102393	1507	4	28.73863698709166
SRR10102394	1507	4	28.81313721306837
SRR10070130	1507	5	29.56172156581871
SRR10070131	1507	5	31.59853336613828
SRR10070132	1507	5	23.29308910457667
SRR10070133	1507	5	20.29220171392502
SRR10070134	1507	5	31.26300039335734
SRR10070141	1507	5	21.16032944509604
SRR10070149	1507	5	41.56299589462318
SRR10070150	1507	5	41.49864512793771
SRR10070151	1507	5	41.48421867140781
SRR10102392	1507	5	28.64820433709907
SRR10102393	1507	5	26.97012163009931
SRR10102394	1507	5	28.24698467579501
SRR10070130	1507	6	27.98725405604582
SRR10070131	1507	6	29.59786978273931
SRR10070132	1507	6	21.1728357563963
SRR10070133	1507	6	22.52178733637687
SRR10070134	1507	6	30.46740405979171
SRR10070141	1507	6	21.80741261462986
SRR10070149	1507	6	39.56886819761171
SRR10070150	1507	6	40.74691248402697
SRR10070151	1507	6	40.58248936939766
SRR10102392	1507	6	29.45274871811825
SRR10102393	1507	6	28.84651987840425
SRR10102394	1507	6	28.22392237543979
SRR10070130	1507	7	26.73278098059182
SRR10070131	1507	7	30.35280661463628
SRR10070132	1507	7	22.28264086764983
SRR10070133	1507	7	21.44919050894652
SRR10070134	1507	7	33.39325209013101
SRR10070141	1507	7	22.01775850952264
SRR10070149	1507	7	41.25636054587235
SRR10070150	1507	7	43.72691155973758
SRR10070151	1507	7	43.1288309313161
SRR10102392	1507	7	28.99058327881485
SRR10102393	1507	7	29.27177943412497
SRR10102394	1507	7	29.58993201552926
SRR10070130	1507	8	28.72932329941121
SRR10070131	1507	8	26.88417991860958
SRR10070132	1507	8	21.7220418679106
SRR10070133	1507	8	21.17403594710418
SRR10070134	1507	8	31.12839807326056
SRR10070141	1507	8	22.47623528263109
SRR10070149	1507	8	40.63093775737909
SRR10070150	1507	8	41.19123488279847
SRR10070151	1507	8	40.87165885376022
SRR10102392	1507	8	27.96066680863928
SRR10102393	1507	8	28.33737030255198
SRR10102394	1507	8	28.41001533660171
SRR10070130	1507	9	29.06372223524928
SRR10070131	1507	9	29.86891497076694
SRR10070132	1507	9	22.57861769114999
SRR10070133	1507	9	21.87745830639621
SRR10070134	1507	9	31.02637360897462
SRR10070141	1507	9	21.65752803721839
SRR10070149	1507	9	39.77332316862381
SRR10070150	1507	9	37.96794785754468
SRR10070151	1507	9	40.46711453293316
SRR10102392	1507	9	27.97855311762435
SRR10102393	1507	9	28.65963477966159
SRR10102394	1507	9	27.80133830532196
SRR10070130	1507	10	30.53113760474978
SRR10070131	1507	10	28.32352657066037
SRR10070132	1507	10	22.08378166443162
SRR10070133	1507	10	22.1188847370837
SRR10070134	1507	10	30.48160116498659
SRR10070141	1507	10	22.89616883683018
SRR10070149	1507	10	39.43765981990863
SRR10070150	1507	10	43.83707048746769
SRR10070151	1507	10	42.05330638361652
SRR10102392	1507	10	28.42162607243492
SRR10102393	1507	10	28.4489514764357
SRR10102394	1507	10	28.64969628212881
SRR10070130	1808	1	31.47203359908239
SRR10070131	1808	1	30.5139557211097
SRR10070132	1808	1	22.02954788921942
SRR10070133	1808	1	21.84715739215319
SRR10070134	1808	1	32.70156062108522
SRR10070141	1808	1	23.91023448748307
SRR10070149	1808	1	44.76816068687433
SRR10070150	1808	1	44.33056204787618
SRR10070151	1808	1	45.82376054872705
SRR10102392	1808	1	30.51331501334225
SRR10102393	1808	1	30.16408276345469
SRR10102394	1808	1	30.14486260776851
SRR10070130	1808	2	31.35305178288503
SRR10070131	1808	2	32.78139826271035
SRR10070132	1808	2	23.1423787219785
SRR10070133	1808	2	22.56139392172077
SRR10070134	1808	2	34.66887856751127
SRR10070141	1808	2	23.51746163424806
SRR10070149	1808	2	42.68128832963241
SRR10070150	1808	2	44.30143804994175
SRR10070151	1808	2	42.29334773783982
SRR10102392	1808	2	30.54836967343376
SRR10102393	1808	2	31.50389078615796
SRR10102394	1808	2	30.05139258064988
SRR10070130	1808	3	29.67032332910151
SRR10070131	1808	3	29.49348235074176
SRR10070132	1808	3	22.26141751292753
SRR10070133	1808	3	22.15366014530279
SRR10070134	1808	3	31.84312911275127
SRR10070141	1808	3	23.59217379511969
SRR10070149	1808	3	44.60763497424249
SRR10070150	1808	3	43.09516811547673
SRR10070151	1808	3	42.57627971346157
SRR10102392	1808	3	30.24007788375075
SRR10102393	1808	3	30.83736805416998
SRR10102394	1808	3	29.77870217305327
SRR10070130	1808	4	31.53436300126217
SRR10070131	1808	4	31.22554490021527
SRR10070132	1808	4	22.64753401327624
SRR10070133	1808	4	23.75375531845639
SRR10070134	1808	4	31.38714675943143
SRR10070141	1808	4	23.11363890369574
SRR10070149	1808	4	45.65993108091254
SRR10070150	1808	4	43.766088640221
SRR10070151	1808	4	44.55659522180396
SRR10102392	1808	4	30.40349993500956
SRR10102393	1808	4	28.77700017066214
SRR10102394	1808	4	30.63535344664372
SRR10070130	1808	5	32.87153159082196
SRR10070131	1808	5	33.44582143868136
SRR10070132	1808	5	22.74487371894468
SRR10070133	1808	5	21.24265310632183
SRR10070134	1808	5	32.57524627583378
SRR10070141	1808	5	21.18078224751369
SRR10070149	1808	5	44.58373489737239
SRR10070150	1808	5	46.56564582914446
SRR10070151	1808	5	43.32778154689804
SRR10102392	1808	5	31.75657223197993
SRR10102393	1808	5	30.54305553743844
SRR10102394	1808	5	29.65227938787744
SRR10070130	1808	6	30.28841061642791
SRR10070131	1808	6	31.18674381082717
SRR10070132	1808	6	23.28591736742035
SRR10070133	1808	6	22.89406026622578
SRR10070134	1808	6	29.13755781454916
SRR10070141	1808	6	21.73680661891285
SRR10070149	1808	6	42.54164666457265
SRR10070150	1808	6	42.06913622091502
SRR10070151	1808	6	43.24077666199842
SRR10102392	1808	6	29.81025980715767
SRR10102393	1808	6	30.19760487885356
SRR10102394	1808	6	29.51063050482882
SRR10070130	1808	7	33.5975258057974
SRR10070131	1808	7	30.66256624294876
SRR10070132	1808	7	23.57048782858623
SRR10070133	1808	7	23.02222399913349
SRR10070134	1808	7	31.63652509979373
SRR10070141	1808	7	23.30897097699615
SRR10070149	1808	7	44.0700190537886
SRR10070150	1808	7	43.43506673893062
SRR10070151	1808	7	44.67344512655428
SRR10102392	1808	7	31.70345052530289
SRR10102393	1808	7	30.55434528541653
SRR10102394	1808	7	30.39594699332717
SRR10070130	1808	8	30.61837905535534
SRR10070131	1808	8	33.99900083403149
SRR10070132	1808	8	22.85739421830065
SRR10070133	1808	8	21.0696047041162
SRR10070134	1808	8	33.84502872452043
SRR10070141	1808	8	23.12302225940053
SRR10070149	1808	8	43.70477592635475
SRR10070150	1808	8	44.24354947207665
SRR10070151	1808	8	44.24828536604266
SRR10102392	1808	8	30.72898158694748
SRR10102393	1808	8	27.80662417470051
SRR10102394	1808	8	31.91679258929041
SRR10070130	1808	9	32.39780603428866
SRR10070131	1808	9	30.33497276940101
SRR10070132	1808	9	21.95817461617535
SRR10070133	1808	9	22.78189185038686
SRR10070134	1808	9	33.70023008035283
SRR10070141	1808	9	23.70661371890711
SRR10070149	1808	9	42.70658093772416
SRR10070150	1808	9	41.79772126990151
SRR10070151	1808	9	42.93226899228522
SRR10102392	1808	9	30.86664738406206
SRR10102393	1808	9	30.06590536804541
SRR10102394	1808	9	29.24942250309972
SRR10070130	1808	10	32.25136079279491
SRR10070131	1808	10	31.64818053053621
SRR10070132	1808	10	22.70736248726046
SRR10070133	1808	10	22.34207015406163
SRR10070134	1808	10	32.74306642518319
SRR10070141	1808	10	22.41205890650539
SRR10070149	1808	10	44.25906443850918
SRR10070150	1808	10	45.48997331927773
SRR10070151	1808	10	44.61782154101932
SRR10102392	1808	10	30.14538785628853
SRR10102393	1808	10	29.71421050630965
SRR10102394	1808	10	29.70437616191524
SRR10070130	2109	1	33.20694458820238
SRR10070131	2109	1	33.94299813197944
SRR10070132	2109	1	23.62424552457212
SRR10070133	2109	1	23.37499733544504
SRR10070134	2109	1	35.05077717254318
SRR10070141	2109	1	24.92696863816823
SRR10070149	2109	1	46.99250979499695
SRR10070150	2109	1	45.78841647304618
SRR10070151	2109	1	45.44583574744727
SRR10102392	2109	1	32.22513093119672
SRR10102393	2109	1	31.34679778291482
SRR10102394	2109	1	32.01170927056461
SRR10070130	2109	2	33.93527951427279
SRR10070131	2109	2	31.579021112372
SRR10070132	2109	2	24.36610362071217
SRR10070133	2109	2	22.98513687080585
SRR10070134	2109	2	36.05048199675784
SRR10070141	2109	2	24.38250933367985
SRR10070149	2109	2	44.38432654465073
SRR10070150	2109	2	47.32917372021843
SRR10070151	2109	2	44.99038168599407
SRR10102392	2109	2	31.67703357167937
SRR10102393	2109	2	32.04744011542488
SRR10102394	2109	2	31.08364385253255
SRR10070130	2109	3	32.3952340578765
SRR10070131	2109	3	34.8773575284342
SRR10070132	2109	3	23.56955767437955
SRR10070133	2109	3	23.79713432226579
SRR10070134	2109	3	31.95007742073922
SRR10070141	2109	3	24.02205438010965
SRR10070149	2109	3	44.28772705996822
SRR10070150	2109	3	47.00316863159468
SRR10070151	2109	3	46.11180110275331
SRR10102392	2109	3	31.31123222224043
SRR10102393	2109	3	31.18145306298823
SRR10102394	2109	3	30.83286338785053
SRR10070130	2109	4	32.77854758737303
SRR10070131	2109	4	34.61887470991324
SRR10070132	2109	4	23.75939222085126
SRR10070133	2109	4	22.20452033246596
SRR10070134	2109	4	34.34318421162013
SRR10070141	2109	4	24.5625120195383
SRR10070149	2109	4	45.55333496858511
SRR10070150	2109	4	47.56848593955078
SRR10070151	2109	4	47.02206494953911
SRR10102392	2109	4	32.17117255408569
SRR10102393	2109	4	30.92909225514988
SRR10102394	2109	4	30.32320473447699
SRR10070130	2109	5	33.40465738872044
SRR10070131	2109	5	32.28556709305984
SRR10070132	2109	5	24.07238893906018
SRR10070133	2109	5	23.12328052579982
SRR10070134	2109	5	33.11768764196695
SRR10070141	2109	5	23.61762900500751
SRR10070149	2109	5	45.84524372356022
SRR10070150	2109	5	44.92601161729912
SRR10070151	2109	5	45.20134402733638
SRR10102392	2109	5	31.39787412316609
SRR10102393	2109	5	31.47176668165544
SRR10102394	2109	5	31.75874753620708
SRR10070130	2109	6	31.51167517186655
SRR10070131	2109	6	33.17169032430534
SRR10070132	2109	6	24.268179723606
SRR10070133	2109	6	22.92259531882877
SRR10070134	2109	6	36.107103813325
SRR10070141	2109	6	25.22080655481654
SRR10070149	2109	6	45.81341564271646
SRR10070150	2109	6	46.08945758304775
SRR10070151	2109	6	46.20308140297123
SRR10102392	2109	6	32.10645130219946
SRR10102393	2109	6	32.67536772779334
SRR10102394	2109	6	31.24520864820137
SRR10070130	2109	7	34.94225019056758
SRR10070131	2109	7	32.49287652950506
SRR10070132	2109	7	23.79878812867688
SRR10070133	2109	7	21.93268358641673
SRR10070134	2109	7	34.47981686168004
SRR10070141	2109	7	23.62462606656952
SRR10070149	2109	7	45.95755487764404
SRR10070150	2109	7	44.17544274590411
SRR10070151	2109	7	44.28260947926064
SRR10102392	2109	7	31.22211563631626
SRR10102393	2109	7	33.06454703375798
SRR10102394	2109	7	30.07715394745326
SRR10070130	2109	8	33.52620668134367
SRR10070131	2109	8	34.5663192707444
SRR10070132	2109	8	22.87791804641619
SRR10070133	2109	8	22.32306964694189
SRR10070134	2109	8	34.83197764940331
SRR10070141	2109	8	24.44910067127207
SRR10070149	2109	8	45.67113316293076
SRR10070150	2109	8	44.42117233913927
SRR10070151	2109	8	46.75091721024643
SRR10102392	2109	8	31.30395895248747
SRR10102393	2109	8	31.41358144839387
SRR10102394	2109	8	30.55158784671523
SRR10070130	2109	9	33.85736656789186
SRR10070131	2109	9	32.70636685370147
SRR10070132	2109	9	23.98845720302914
SRR10070133	2109	9	23.43165537327286
SRR10070134	2109	9	36.05318830129198
SRR10070141	2109	9	23.24605221382462
SRR10070149	2109	9	46.13773826917975
SRR10070150	2109	9	45.9583316956584
SRR10070151	2109	9	45.87149027587593
SRR10102392	2109	9	32.84177940316791
SRR10102393	2109	9	32.3588521439148
SRR10102394	2109	9	31.43200732146184
SRR10070130	2109	10	32.77968702666602
SRR10070131	2109	10	33.11294791396531
SRR10070132	2109	10	25.00854713423647
SRR10070133	2109	10	24.43211684654663
SRR10070134	2109	10	35.10086152282957
SRR10070141	2109	10	22.24769026024749
SRR10070149	2109	10	44.05761208949646
SRR10070150	2109	10	43.54383573262764
SRR10070151	2109	10	44.77814841166595
SRR10102392	2109	10	30.70036769115665
SRR10102393	2109	10	32.6817027629641
SRR10102394	2109	10	30.80403933740971
SRR10070130	2410	1	33.97411561812066
SRR10070131	2410	1	35.60891414358748
SRR10070132	2410	1	24.41599285084247
SRR10070133	2410	1	24.24525549445309
SRR10070134	2410	1	33.88811059409944
SRR10070141	2410	1	24.39502404788311
SRR10070149	2410	1	46.99779365678405
SRR10070150	2410	1	47.0484490482922
SRR10070151	2410	1	48.03937639418587
SRR10102392	2410	1	34.31739313417606
SRR10102393	2410	1	31.82491516420837
SRR10102394	2410	1	31.75420014878257
SRR10070130	2410	2	34.49648550375822
SRR10070131	2410	2	36.23857766243501
SRR10070132	2410	2	24.57395564055838
SRR10070133	2410	2	22.38920729108596
SRR10070134	2410	2	36.8185567773489
SRR10070141	2410	2	23.63438509572136
SRR10070149	2410	2	46.62681165118228
SRR10070150	2410	2	48.76120114651862
SRR10070151	2410	2	46.06069981624485
SRR10102392	2410	2	31.25599364114043
SRR10102393	2410	2	32.00120297231157
SRR10102394	2410	2	32.35297556452919
SRR10070130	2410	3	33.09417560407456
SRR10070131	2410	3	34.78153986058263
SRR10070132	2410	3	24.6302950090741
SRR10070133	2410	3	24.49133808079961
SRR10070134	2410	3	35.82796153889708
SRR10070141	2410	3	23.90583704720297
SRR10070149	2410	3	48.06997001721962
SRR10070150	2410	3	49.9988062583873
SRR10070151	2410	3	48.02444089975426
SRR10102392	2410	3	33.25498895706124
SRR10102393	2410	3	32.60315588608994
SRR10102394	2410	3	32.54410069096438
SRR10070130	2410	4	33.77870741930764
SRR10070131	2410	4	36.03984345218034
SRR10070132	2410	4	24.81981942805002
SRR10070133	2410	4	23.02111122022621
SRR10070134	2410	4	36.09313008213801
SRR10070141	2410	4	26.23364438190578
SRR10070149	2410	4	48.55692348715472
SRR10070150	2410	4	46.94075276443696
SRR10070151	2410	4	48.4658878727987
SRR10102392	2410	4	32.89013765068196
SRR10102393	2410	4	31.68132113711288
SRR10102394	2410	4	32.63966414568011
SRR10070130	2410	5	36.1587067702862
SRR10070131	2410	5	36.43524599961927
SRR10070132	2410	5	24.67747141662821
SRR10070133	2410	5	24.20700627070718
SRR10070134	2410	5	36.87004088051923
SRR10070141	2410	5	24.22050331086024
SRR10070149	2410	5	46.3433962793228
SRR10070150	2410	5	48.12627176788794
SRR10070151	2410	5	48.30563914533999
SRR10102392	2410	5	34.92162535209241
SRR10102393	2410	5	31.89451260968725
SRR10102394	2410	5	33.22690010741931
SRR10070130	2410	6	32.18516095239671
SRR10070131	2410	6	34.48003770353152
SRR10070132	2410	6	24.60614046299425
SRR10070133	2410	6	23.78555253941648
SRR10070134	2410	6	36.68699395496361
SRR10070141	2410	6	24.6368049013077
SRR10070149	2410	6	46.67087618590066
SRR10070150	2410	6	46.6731477649605
SRR10070151	2410	6	49.22912456898991
SRR10102392	2410	6	33.94458474787072
SRR10102393	2410	6	30.79822563366553
SRR10102394	2410	6	32.86832369338558
SRR10070130	2410	7	34.84750604728652
SRR10070131	2410	7	35.10463706066288
SRR10070132	2410	7	23.51492493801651
SRR10070133	2410	7	23.07549283426127
SRR10070134	2410	7	34.94880360034416
SRR10070141	2410	7	25.65960710188176
SRR10070149	2410	7	46.26508026500417
SRR10070150	2410	7	49.35115245417549
SRR10070151	2410	7	46.62097391951098
SRR10102392	2410	7	32.6887901504169
SRR10102393	2410	7	31.76991718189122
SRR10102394	2410	7	31.7593586170136
SRR10070130	2410	8	33.31601372737161
SRR10070131	2410	8	35.33559322625509
SRR10070132	2410	8	24.69439432891107
SRR10070133	2410	8	25.09571600362415
SRR10070134	2410	8	33.27976420784621
SRR10070141	2410	8	24.61584898207177
SRR10070149	2410	8	45.96187892295276
SRR10070150	2410	8	47.96311609037655
SRR10070151	2410	8	45.62532187624787
SRR10102392	2410	8	35.02092336101519
SRR10102393	2410	8	33.36668430431384
SRR10102394	2410	8	31.95612741559255
SRR10070130	2410	9	35.63301752276104
SRR10070131	2410	9	35.3926425390784
SRR10070132	2410	9	23.98775606943238
SRR10070133	2410	9	24.75533397569864
SRR10070134	2410	9	35.67308932868592
SRR10070141	2410	9	25.79082061954347
SRR10070149	2410	9	45.83428318173225
SRR10070150	2410	9	46.97832733743391
SRR10070151	2410	9	47.77224560594443
SRR10102392	2410	9	32.53294899260761
SRR10102393	2410	9	33.06007981610011
SRR10102394	2410	9	31.29132502183382
SRR10070130	2410	10	33.13264522501512
SRR10070131	2410	10	35.77976588052922
SRR10070132	2410	10	24.06870973527724
SRR10070133	2410	10	23.74457772589682
SRR10070134	2410	10	36.40600461030766
SRR10070141	2410	10	25.95983983592011
SRR10070149	2410	10	46.59328117921354
SRR10070150	2410	10	48.22742757271765
SRR10070151	2410	10	47.86719568381733
SRR10102392	2410	10	30.90656449523113
SRR10102393	2410	10	33.70501499012287
SRR10102394	2410	10	33.1976249873368
SRR10070130	2711	1	37.11316498066728
SRR10070131	2711	1	34.64231813725634
SRR10070132	2711	1	23.75128885860906
SRR10070133	2711	1	24.12048858015988
SRR10070134	2711	1	36.8507238451348
SRR10070141	2711	1	26.47159159113907
SRR10070149	2711	1	47.84702137611041
SRR10070150	2711	1	47.97577398499129
SRR10070151	2711	1	47.79657732998951
SRR10102392	2711	1	35.4139508160218
SRR10102393	2711	1	33.23366331007547
SRR10102394	2711	1	32.09704574504787
SRR10070130	2711	2	35.19989748193253
SRR10070131	2711	2	34.87073925939855
SRR10070132	2711	2	24.28560812535589
SRR10070133	2711	2	25.23042253450687
SRR10070134	2711	2	38.78272348051804
SRR10070141	2711	2	25.290262970359
SRR10070149	2711	2	49.68234031919817
SRR10070150	2711	2	48.63495195651021
SRR10070151	2711	2	50.58748696460277
SRR10102392	2711	2	33.75526010034398
SRR10102393	2711	2	32.78090338637479
SRR10102394	2711	2	34.13745348985535
SRR10070130	2711	3	35.69107568431841
SRR10070131	2711	3	38.77006448959174
SRR10070132	2711	3	25.42198305756926
SRR10070133	2711	3	24.05991997710271
SRR10070134	2711	3	36.44109025614737
SRR10070141	2711	3	25.57107582490114
SRR10070149	2711	3	47.6833264873865
SRR10070150	2711	3	48.47652941559101
SRR10070151	2711	3	50.31607284968835
SRR10102392	2711	3	33.60303347283443
SRR10102393	2711	3	33.42454311538715
SRR10102394	2711	3	32.5193605715357
SRR10070130	2711	4	36.80513407925904
SRR10070131	2711	4	36.20945910737476
SRR10070132	2711	4	25.50586079633215
SRR10070133	2711	4	24.40036113154321
SRR10070134	2711	4	36.73725658871888
SRR10070141	2711	4	25.89764200024443
SRR10070149	2711	4	50.66060805282393
SRR10070150	2711	4	51.05753386734933
SRR10070151	2711	4	47.28695921781279
SRR10102392	2711	4	33.47232138230969
SRR10102393	2711	4	32.00440359293379
SRR10102394	2711	4	33.14025161130193
SRR10070130	2711	5	35.04336462387725
SRR10070131	2711	5	35.99120705683347
SRR10070132	2711	5	24.72246423886234
SRR10070133	2711	5	24.5893784435208
SRR10070134	2711	5	38.30383996722588
SRR10070141	2711	5	24.57863996801752
SRR10070149	2711	5	48.85984129210686
SRR10070150	2711	5	47.85421490289473
SRR10070151	2711	5	48.44713274732141
SRR10102392	2711	5	32.54267243491505
SRR10102393	2711	5	33.0572491427468
SRR10102394	2711	5	33.22115961114718
SRR10070130	2711	6	35.81466712409257
SRR10070131	2711	6	34.34177537598968
SRR10070132	2711	6	24.94416872298169
SRR10070133	2711	6	24.83668822589394
SRR10070134	2711	6	36.60640948098929
SRR10070141	2711	6	26.04949192772894
SRR10070149	2711	6	47.04338185126129
SRR10070150	2711	6	48.7639415861469
SRR10070151	2711	6	49.45052295752448
SRR10102392	2711	6	32.81355391129514
SRR10102393	2711	6	34.5827141548504
SRR10102394	2711	6	33.13666151294245
SRR10070130	2711	7	36.42209903899111
SRR10070131	2711	7	35.52435720583168
SRR10070132	2711	7	25.03233943649108
SRR10070133	2711	7	24.06671395862844
SRR10070134	2711	7	37.24346775734264
SRR10070141	2711	7	26.75039826662776
SRR10070149	2711	7	47.80391055310793
SRR10070150	2711	7	51.34606114270596
SRR10070151	2711	7	47.29069903763121
SRR10102392	2711	7	33.57924357253489
SRR10102393	2711	7	32.3744653266895
SRR10102394	2711	7	33.63039830528987
SRR10070130	2711	8	38.00389158579245
SRR10070131	2711	8	36.32082371286082
SRR10070132	2711	8	24.19504723353332
SRR10070133	2711	8	25.87698155575496
SRR10070134	2711	8	37.28449744581557
SRR10070141	2711	8	25.9312371831383
SRR10070149	2711	8	49.50999502090936
SRR10070150	2711	8	48.78010122435994
SRR10070151	2711	8	47.51841274740452
SRR10102392	2711	8	33.86073767640254
SRR10102393	2711	8	33.99208667450515
SRR10102394	2711	8	33.43320973221448
SRR10070130	2711	9	35.09064572212691
SRR10070131	2711	9	35.17018197296536
SRR10070132	2711	9	25.06507901733282
SRR10070133	2711	9	24.88145402522015
SRR10070134	2711	9	35.26552308744828
SRR10070141	2711	9	25.82266438062517
SRR10070149	2711	9	47.66858435969517
SRR10070150	2711	9	47.94018344134852
SRR10070151	2711	9	49.32949799188777
SRR10102392	2711	9	33.9146614086756
SRR10102393	2711	9	32.80430151408649
SRR10102394	2711	9	33.72188634740081
SRR10070130	2711	10	35.31646091252534
SRR10070131	2711	10	35.52986562408397
SRR10070132	2711	10	24.8621194577369
SRR10070133	2711	10	24.65027475623134
SRR10070134	2711	10	38.19107941502872
SRR10070141	2711	10	24.55756170839283
SRR10070149	2711	10	47.89986074891744
SRR10070150	2711	10	49.75894594854854
SRR10070151	2711	10	49.62150887082245
SRR10102392	2711	10	33.46270132437572
SRR10102393	2711	10	33.61989723242729
SRR10102394	2711	10	34.38193009416399
SRR10070130	3013	1	35.64992239722446
SRR10070131	3013	1	36.15153377795001
SRR10070132	3013	1	24.83410145931285
SRR10070133	3013	1	24.44840995609011
SRR10070134	3013	1	37.23981136750261
SRR10070141	3013	1	26.18934308937435
SRR10070149	3013	1	50.29387703992726
SRR10070150	3013	1	50.58605687915424
SRR10070151	3013	1	51.34322702631247
SRR10102392	3013	1	34.56448076515793
SRR10102393	3013	1	34.59689225600697
SRR10102394	3013	1	33.82244310650595
SRR10070130	3013	2	36.92828803451426
SRR10070131	3013	2	37.89572533155211
SRR10070132	3013	2	23.97566010190075
SRR10070133	3013	2	25.28353239253665
SRR10070134	3013	2	38.26121449067664
SRR10070141	3013	2	26.46384814760967
SRR10070149	3013	2	50.09435384348551
SRR10070150	3013	2	50.77616748808502
SRR10070151	3013	2	51.28043680396123
SRR10102392	3013	2	34.79478762613614
SRR10102393	3013	2	34.36896016433713
SRR10102394	3013	2	33.26024344663258
SRR10070130	3013	3	36.57033691879541
SRR10070131	3013	3	37.73710411735095
SRR10070132	3013	3	24.36294075117631
SRR10070133	3013	3	25.74492699428556
SRR10070134	3013	3	36.81043992737608
SRR10070141	3013	3	25.98391948143354
SRR10070149	3013	3	48.74366984015145
SRR10070150	3013	3	49.54720047856659
SRR10070151	3013	3	49.36047260602214
SRR10102392	3013	3	34.5331072403909
SRR10102393	3013	3	34.44473246385025
SRR10102394	3013	3	34.08119108683621
SRR10070130	3013	4	38.60291722668627
SRR10070131	3013	4	38.18142292748627
SRR10070132	3013	4	24.42818860370795
SRR10070133	3013	4	24.84699149207288
SRR10070134	3013	4	38.16083927023765
SRR10070141	3013	4	27.49116704602862
SRR10070149	3013	4	49.20756955984106
SRR10070150	3013	4	50.18168142646847
SRR10070151	3013	4	50.85387421892072
SRR10102392	3013	4	35.38387408899262
SRR10102393	3013	4	33.88467306383628
SRR10102394	3013	4	34.21585541779206
SRR10070130	3013	5	39.98149319513496
SRR10070131	3013	5	36.90690185572575
SRR10070132	3013	5	25.41526608962043
SRR10070133	3013	5	25.02197547211154
SRR10070134	3013	5	36.3727642026812
SRR10070141	3013	5	26.427020997567
SRR10070149	3013	5	50.89224813113938
SRR10070150	3013	5	50.50159286080456
SRR10070151	3013	5	48.43330090853861
SRR10102392	3013	5	33.89431676750628
SRR10102393	3013	5	34.58896187073508
SRR10102394	3013	5	34.04711823155316
SRR10070130	3013	6	34.94235792075821
SRR10070131	3013	6	36.66450523300151
SRR10070132	3013	6	25.29753842929202
SRR10070133	3013	6	24.61406426570353
SRR10070134	3013	6	36.67115416086909
SRR10070141	3013	6	24.69678500277373
SRR10070149	3013	6	48.82346379719842
SRR10070150	3013	6	50.38563504873471
SRR10070151	3013	6	49.8536440280791
SRR10102392	3013	6	34.58353044452591
SRR10102393	3013	6	33.38360766838471
SRR10102394	3013	6	34.85504711458738
SRR10070130	3013	7	37.4745986812976
SRR10070131	3013	7	36.72240758009779
SRR10070132	3013	7	24.20638189042634
SRR10070133	3013	7	24.34309850741122
SRR10070134	3013	7	38.13590131490314
SRR10070141	3013	7	26.06659042864879
SRR10070149	3013	7	50.94319738673146
SRR10070150	3013	7	49.21996657323044
SRR10070151	3013	7	48.41815016008265
SRR10102392	3013	7	35.47541389638244
SRR10102393	3013	7	34.77068210306897
SRR10102394	3013	7	33.76381717475323
SRR10070130	3013	8	35.86824212873447
SRR10070131	3013	8	34.9616129803479
SRR10070132	3013	8	25.0233507633138
SRR10070133	3013	8	24.73607240834679
SRR10070134	3013	8	37.97132923364254
SRR10070141	3013	8	24.8165907222147
SRR10070149	3013	8	49.67038898000537
SRR10070150	3013	8	51.54972615758018
SRR10070151	3013	8	49.92351422276922
SRR10102392	3013	8	34.47228414177273
SRR10102393	3013	8	35.1650968754304
SRR10102394	3013	8	35.26903375384854
SRR10070130	3013	9	37.45655009118316
SRR10070131	3013	9	37.97218789421107
SRR10070132	3013	9	26.18023616041345
SRR10070133	3013	9	25.34108735604997
SRR10070134	3013	9	38.5185637075251
SRR10070141	3013	9	26.16554423311319
SRR10070149	3013	9	50.12634415025153
SRR10070150	3013	9	51.91433735191858
SRR10070151	3013	9	51.50336788747078
SRR10102392	3013	9	33.60920028420778
SRR10102393	3013	9	33.87178185700979
SRR10102394	3013	9	33.37421614920238
SRR10070130	3013	10	35.60627104792374
SRR10070131	3013	10	37.82981008904006
SRR10070132	3013	10	24.85490681679923
SRR10070133	3013	10	25.01312681484928
SRR10070134	3013	10	39.10618694724356
SRR10070141	3013	10	25.73463227035361
SRR10070149	3013	10	49.33400755424551
SRR10070150	3013	10	50.20675671533312
SRR10070151	3013	10	50.05257368135262
SRR10102392	3013	10	33.68841394556911
SRR10102393	3013	10	34.43996536051958
SRR10102394	3013	10	34.43655172157508
SRR10070130	3314	1	39.1621553575261
SRR10070131	3314	1	39.5494058661634
SRR10070132	3314	1	25.54133502290935
SRR10070133	3314	1	26.45365015039051
SRR10070134	3314	1	37.55822489894702
SRR10070141	3314	1	26.618622324106
SRR10070149	3314	1	49.94198522606058
SRR10070150	3314	1	51.34945844139969
SRR10070151	3314	1	54.35080599115764
SRR10102392	3314	1	35.87831627920144
SRR10102393	3314	1	34.82611247153906
SRR10102394	3314	1	35.12372450952173
SRR10070130	3314	2	40.68065906115257
SRR10070131	3314	2	38.38304663381344
SRR10070132	3314	2	25.33110643873975
SRR10070133	3314	2	26.91947153912921
SRR10070134	3314	2	38.27847909759312
SRR10070141	3314	2	26.55903941087294
SRR10070149	3314	2	49.27420226506669
SRR10070150	3314	2	52.74441101803005
SRR10070151	3314	2	52.21001860120096
SRR10102392	3314	2	34.807911422971
SRR10102393	3314	2	35.27390179951315
SRR10102394	3314	2	35.48588756412275
SRR10070130	3314	3	37.7392703691269
SRR10070131	3314	3	39.63688629476936
SRR10070132	3314	3	25.84193568497145
SRR10070133	3314	3	25.02072420820911
SRR10070134	3314	3	39.83573698048389
SRR10070141	3314	3	26.08995980226739
SRR10070149	3314	3	49.71877383142171
SRR10070150	3314	3	53.28333918353923
SRR10070151	3314	3	50.28873537849351
SRR10102392	3314	3	35.16454813834616
SRR10102393	3314	3	35.86453161067565
SRR10102394	3314	3	35.31642012286498
SRR10070130	3314	4	36.98184352248509
SRR10070131	3314	4	38.3199751452632
SRR10070132	3314	4	25.43319500344225
SRR10070133	3314	4	25.4727900843183
SRR10070134	3314	4	39.45620749216514
SRR10070141	3314	4	26.91521125861446
SRR10070149	3314	4	52.54444313154442
SRR10070150	3314	4	50.84140017172928
SRR10070151	3314	4	52.69099298914632
SRR10102392	3314	4	34.41592123302378
SRR10102393	3314	4	35.11698754633333
SRR10102394	3314	4	34.14968408109469
SRR10070130	3314	5	36.43615823942496
SRR10070131	3314	5	38.22453304833598
SRR10070132	3314	5	25.77490908508932
SRR10070133	3314	5	25.57302149010778
SRR10070134	3314	5	39.34658644981391
SRR10070141	3314	5	26.95476799386736
SRR10070149	3314	5	51.24495965063343
SRR10070150	3314	5	50.10728600046055
SRR10070151	3314	5	52.4156601438938
SRR10102392	3314	5	34.74026527713031
SRR10102393	3314	5	34.89204944533489
SRR10102394	3314	5	35.03194477446279
SRR10070130	3314	6	38.33434500573585
SRR10070131	3314	6	41.19082381273314
SRR10070132	3314	6	25.81247738091778
SRR10070133	3314	6	24.98166344594291
SRR10070134	3314	6	39.98947544275586
SRR10070141	3314	6	27.01916459154804
SRR10070149	3314	6	48.88780482709031
SRR10070150	3314	6	52.14911742946972
SRR10070151	3314	6	51.79327081999975
SRR10102392	3314	6	35.03997865843239
SRR10102393	3314	6	34.23904893661064
SRR10102394	3314	6	34.0456483538153
SRR10070130	3314	7	36.78370840860398
SRR10070131	3314	7	38.34754470628515
SRR10070132	3314	7	25.96922940914223
SRR10070133	3314	7	25.85843209627948
SRR10070134	3314	7	39.58574265319082
SRR10070141	3314	7	25.40165614199875
SRR10070149	3314	7	48.99771275183559
SRR10070150	3314	7	51.21154490246249
SRR10070151	3314	7	52.58679039833645
SRR10102392	3314	7	34.98513537137271
SRR10102393	3314	7	34.67130591254212
SRR10102394	3314	7	34.62180256993707
SRR10070130	3314	8	37.99128699345546
SRR10070131	3314	8	39.30810855846867
SRR10070132	3314	8	26.68129947894953
SRR10070133	3314	8	26.4985508576227
SRR10070134	3314	8	40.68772699594761
SRR10070141	3314	8	25.929543567921
SRR10070149	3314	8	51.53732534189119
SRR10070150	3314	8	50.97132500241337
SRR10070151	3314	8	53.51056072449991
SRR10102392	3314	8	34.68708965149694
SRR10102393	3314	8	34.39831440511407
SRR10102394	3314	8	34.58861636410004
SRR10070130	3314	9	38.28970285154037
SRR10070131	3314	9	38.23908884291129
SRR10070132	3314	9	25.56117081135894
SRR10070133	3314	9	25.17030087386683
SRR10070134	3314	9	39.26458922725875
SRR10070141	3314	9	24.66275221246044
SRR10070149	3314	9	51.57074280709831
SRR10070150	3314	9	50.68834254771765
SRR10070151	3314	9	51.63771250544517
SRR10102392	3314	9	35.3163471771072
SRR10102393	3314	9	35.26104800997394
SRR10102394	3314	9	34.94600357332975
SRR10070130	3314	10	37.99791317658464
SRR10070131	3314	10	38.8273486618853
SRR10070132	3314	10	26.22028796866076
SRR10070133	3314	10	26.38927402125988
SRR10070134	3314	10	38.53318775437202
SRR10070141	3314	10	26.1886609051054
SRR10070149	3314	10	50.82037241218244
SRR10070150	3314	10	52.78750279751433
SRR10070151	3314	10	52.71541535786179
SRR10102392	3314	10	35.89420020003692
SRR10102393	3314	10	34.46423981162157
SRR10102394	3314	10	36.37607613821098
SRR10070130	3615	1	40.26239125665165
SRR10070131	3615	1	38.78390032837594
SRR10070132	3615	1	26.61227684643514
SRR10070133	3615	1	25.39317433626922
SRR10070134	3615	1	39.4874627113192
SRR10070141	3615	1	26.00063931326518
SRR10070149	3615	1	50.97822175022082
SRR10070150	3615	1	52.56368565859088
SRR10070151	3615	1	52.44441105961863
SRR10102392	3615	1	34.37709315509504
SRR10102393	3615	1	34.35582070974544
SRR10102394	3615	1	34.79932570366452
SRR10070130	3615	2	40.18575049980209
SRR10070131	3615	2	39.94819669123656
SRR10070132	3615	2	25.62532083808028
SRR10070133	3615	2	26.80445386620555
SRR10070134	3615	2	41.1251287857688
SRR10070141	3615	2	27.12388885251668
SRR10070149	3615	2	50.01006116254253
SRR10070150	3615	2	52.94608199489075
SRR10070151	3615	2	51.6446741338269
SRR10102392	3615	2	36.79438750101591
SRR10102393	3615	2	35.65631463087015
SRR10102394	3615	2	35.82727446258055
SRR10070130	3615	3	40.057515275836
SRR10070131	3615	3	39.42557641529622
SRR10070132	3615	3	26.11640410271812
SRR10070133	3615	3	24.93777775062539
SRR10070134	3615	3	39.64188106582522
SRR10070141	3615	3	26.51278722997784
SRR10070149	3615	3	51.87263011345961
SRR10070150	3615	3	53.80361662619167
SRR10070151	3615	3	53.11263266320231
SRR10102392	3615	3	36.54014586973232
SRR10102393	3615	3	34.75605188687567
SRR10102394	3615	3	35.32154136886646
SRR10070130	3615	4	37.41783363670223
SRR10070131	3615	4	39.72445519745869
SRR10070132	3615	4	25.57013689873148
SRR10070133	3615	4	25.13283695199248
SRR10070134	3615	4	42.38004151121358
SRR10070141	3615	4	27.47280698026667
SRR10070149	3615	4	52.51928060685502
SRR10070150	3615	4	51.97947891877763
SRR10070151	3615	4	54.39204310015442
SRR10102392	3615	4	35.48800851182862
SRR10102393	3615	4	34.96444087170823
SRR10102394	3615	4	35.4127913167624
SRR10070130	3615	5	38.22004043801992
SRR10070131	3615	5	38.70840187646503
SRR10070132	3615	5	26.16078684544934
SRR10070133	3615	5	26.02734732957621
SRR10070134	3615	5	42.73405779608895
SRR10070141	3615	5	27.40090847070151
SRR10070149	3615	5	52.91960725382328
SRR10070150	3615	5	51.47463012122244
SRR10070151	3615	5	53.38471032869709
SRR10102392	3615	5	36.38524963575966
SRR10102393	3615	5	35.50077507095092
SRR10102394	3615	5	34.84673687698974
SRR10070130	3615	6	38.2265587907429
SRR10070131	3615	6	41.47699848904678
SRR10070132	3615	6	25.45275460776354
SRR10070133	3615	6	25.96964722616103
SRR10070134	3615	6	41.54322802224715
SRR10070141	3615	6	26.0910320743671
SRR10070149	3615	6	53.69704212038878
SRR10070150	3615	6	53.14946736235429
SRR10070151	3615	6	52.78459033288618
SRR10102392	3615	6	35.64137738749442
SRR10102393	3615	6	34.15115651783002
SRR10102394	3615	6	33.55900356181106
SRR10070130	3615	7	35.82358521934039
SRR10070131	3615	7	40.48050804722858
SRR10070132	3615	7	25.82521330583412
SRR10070133	3615	7	26.3202122719615
SRR10070134	3615	7	39.00147352741835
SRR10070141	3615	7	27.44498186692599
SRR10070149	3615	7	51.22232252895004
SRR10070150	3615	7	52.5294829607464
SRR10070151	3615	7	53.96291138047528
SRR10102392	3615	7	36.33614065557553
SRR10102393	3615	7	35.47119482355368
SRR10102394	3615	7	34.30724814098459
SRR10070130	3615	8	40.35898182068758
SRR10070131	3615	8	39.9960115479343
SRR10070132	3615	8	25.19827923995914
SRR10070133	3615	8	25.88515438511569
SRR10070134	3615	8	38.97493483544622
SRR10070141	3615	8	26.68984113274278
SRR10070149	3615	8	52.68319618983865
SRR10070150	3615	8	52.97332324716297
SRR10070151	3615	8	52.49592814979107
SRR10102392	3615	8	35.07479108054317
SRR10102393	3615	8	36.45674297020815
SRR10102394	3615	8	35.08124948046436
SRR10070130	3615	9	38.44275926425608
SRR10070131	3615	9	38.58551455866797
SRR10070132	3615	9	26.43921886219331
SRR10070133	3615	9	26.58124165004556
SRR10070134	3615	9	39.80157097388487
SRR10070141	3615	9	27.92337371234321
SRR10070149	3615	9	50.49680745398552
SRR10070150	3615	9	53.11182027537532
SRR10070151	3615	9	51.2287906857808
SRR10102392	3615	9	36.7601913125528
SRR10102393	3615	9	36.79411618813693
SRR10102394	3615	9	34.63327740493391
SRR10070130	3615	10	40.05059858857921
SRR10070131	3615	10	39.48816493972489
SRR10070132	3615	10	25.47348521133077
SRR10070133	3615	10	25.4327631617339
SRR10070134	3615	10	39.2972058741496
SRR10070141	3615	10	26.825658992542
SRR10070149	3615	10	51.27044305912902
SRR10070150	3615	10	53.04426852537343
SRR10070151	3615	10	52.43604994931694
SRR10102392	3615	10	34.74801709262037
SRR10102393	3615	10	35.14180098186898
SRR10102394	3615	10	34.58792633401357
SRR10070130	3916	1	40.99529720119959
SRR10070131	3916	1	41.29128580152552
SRR10070132	3916	1	26.36069121619797
SRR10070133	3916	1	26.63361526259141
SRR10070134	3916	1	39.46890366199631
SRR10070141	3916	1	26.64798450990013
SRR10070149	3916	1	52.39741850475065
SRR10070150	3916	1	53.33615099037902
SRR10070151	3916	1	54.55622750197619
SRR10102392	3916	1	36.83381477279877
SRR10102393	3916	1	36.23048981216461
SRR10102394	3916	1	35.19467823601963
SRR10070130	3916	2	39.70089623003711
SRR10070131	3916	2	41.23860812033772
SRR10070132	3916	2	26.72025108617073
SRR10070133	3916	2	26.55426942747151
SRR10070134	3916	2	42.20727095712554
SRR10070141	3916	2	27.02818108635102
SRR10070149	3916	2	53.00388436558723
SRR10070150	3916	2	53.93017495048132
SRR10070151	3916	2	54.17137382742656
SRR10102392	3916	2	37.26649163871148
SRR10102393	3916	2	36.88328764437426
SRR10102394	3916	2	37.38606249445348
SRR10070130	3916	3	39.20694688740331
SRR10070131	3916	3	38.53720723765809
SRR10070132	3916	3	26.2223841565486
SRR10070133	3916	3	25.28710526587019
SRR10070134	3916	3	40.55297425073243
SRR10070141	3916	3	26.68467731324436
SRR10070149	3916	3	54.16045635247706
SRR10070150	3916	3	54.35000560253876
SRR10070151	3916	3	53.96251949998949
SRR10102392	3916	3	35.68075056539293
SRR10102393	3916	3	35.98993427657209
SRR10102394	3916	3	35.86078658002729
SRR10070130	3916	4	39.3954280394448
SRR10070131	3916	4	41.23105393924315
SRR10070132	3916	4	26.36764894473881
SRR10070133	3916	4	26.20315728853761
SRR10070134	3916	4	40.23409369535652
SRR10070141	3916	4	26.45358469619912
SRR10070149	3916	4	52.76463316108887
SRR10070150	3916	4	52.87345633424249
SRR10070151	3916	4	52.99177662879951
SRR10102392	3916	4	35.64201825818753
SRR10102393	3916	4	35.67550347791795
SRR10102394	3916	4	34.80300866419221
SRR10070130	3916	5	39.83533434732225
SRR10070131	3916	5	41.42742402208859
SRR10070132	3916	5	26.46433686938716
SRR10070133	3916	5	25.20249215068348
SRR10070134	3916	5	41.48254946820053
SRR10070141	3916	5	27.51454236152147
SRR10070149	3916	5	50.95624912238076
SRR10070150	3916	5	52.48362433952785
SRR10070151	3916	5	54.09478426193047
SRR10102392	3916	5	35.86522784335643
SRR10102393	3916	5	35.32684094303686
SRR10102394	3916	5	37.08481656712021
SRR10070130	3916	6	38.25160728224104
SRR10070131	3916	6	40.9501262258194
SRR10070132	3916	6	24.79452802572162
SRR10070133	3916	6	26.2743262296734
SRR10070134	3916	6	41.37610154351666
SRR10070141	3916	6	28.03004328725776
SRR10070149	3916	6	51.87661677699305
SRR10070150	3916	6	53.7749049462434
SRR10070151	3916	6	54.44913752222798
SRR10102392	3916	6	37.08934561432067
SRR10102393	3916	6	35.92839196599702
SRR10102394	3916	6	35.06439606097086
SRR10070130	3916	7	39.74251192566178
SRR10070131	3916	7	41.03518045126086
SRR10070132	3916	7	26.93369750066639
SRR10070133	3916	7	27.12083412817153
SRR10070134	3916	7	42.13871277131655
SRR10070141	3916	7	25.73517462994612
SRR10070149	3916	7	52.78770958176892
SRR10070150	3916	7	53.97175805410493
SRR10070151	3916	7	52.97139999217021
SRR10102392	3916	7	33.99394567495962
SRR10102393	3916	7	35.85634105269352
SRR10102394	3916	7	35.29564958907236
SRR10070130	3916	8	40.80767838317091
SRR10070131	3916	8	39.43998662713933
SRR10070132	3916	8	26.80173053970943
SRR10070133	3916	8	27.04775103526098
SRR10070134	3916	8	41.5777324841898
SRR10070141	3916	8	27.85018273475643
SRR10070149	3916	8	52.98255945024059
SRR10070150	3916	8	54.38927928473927
SRR10070151	3916	8	53.66991296476562
SRR10102392	3916	8	38.14170380589162
SRR10102393	3916	8	36.22477091079395
SRR10102394	3916	8	35.01527756319176
SRR10070130	3916	9	40.71480759356675
SRR10070131	3916	9	41.85134572294702
SRR10070132	3916	9	26.08172522487874
SRR10070133	3916	9	25.24351339430732
SRR10070134	3916	9	42.10872281135803
SRR10070141	3916	9	26.80381185399385
SRR10070149	3916	9	52.24122346739352
SRR10070150	3916	9	52.78461475129232
SRR10070151	3916	9	51.31832939030845
SRR10102392	3916	9	37.85374683522583
SRR10102393	3916	9	35.19872560152291
SRR10102394	3916	9	35.55595843826301
SRR10070130	3916	10	41.17800296062369
SRR10070131	3916	10	42.31525294133473
SRR10070132	3916	10	26.19182498070596
SRR10070133	3916	10	25.79305734930384
SRR10070134	3916	10	40.15274439188192
SRR10070141	3916	10	27.15529210459577
SRR10070149	3916	10	52.73813393923202
SRR10070150	3916	10	55.47759105122793
SRR10070151	3916	10	53.41888586846345
SRR10102392	3916	10	36.16169426376673
SRR10102393	3916	10	35.62856016619666
SRR10102394	3916	10	35.65208655829402
SRR10070130	4217	1	40.22611282446571
SRR10070131	4217	1	40.11797425328982
SRR10070132	4217	1	27.07325774614751
SRR10070133	4217	1	26.47158899779616
SRR10070134	4217	1	41.50863180170624
SRR10070141	4217	1	28.89492979496931
SRR10070149	4217	1	53.64958405885582
SRR10070150	4217	1	52.56701205448596
SRR10070151	4217	1	53.92294710229446
SRR10102392	4217	1	36.43482200216425
SRR10102393	4217	1	35.20717336831295
SRR10102394	4217	1	37.64617965776144
SRR10070130	4217	2	41.15084690261658
SRR10070131	4217	2	42.62559115512452
SRR10070132	4217	2	26.86434652005837
SRR10070133	4217	2	26.30810011903819
SRR10070134	4217	2	43.58583250894537
SRR10070141	4217	2	27.4773600287177
SRR10070149	4217	2	53.19414873647929
SRR10070150	4217	2	55.55369966383372
SRR10070151	4217	2	55.33460314363014
SRR10102392	4217	2	36.57305566863825
SRR10102393	4217	2	35.89600837493369
SRR10102394	4217	2	35.59904717478899
SRR10070130	4217	3	41.96986839217402
SRR10070131	4217	3	44.4402059139999
SRR10070132	4217	3	26.32270268742738
SRR10070133	4217	3	25.32884307821358
SRR10070134	4217	3	42.17473682352895
SRR10070141	4217	3	27.40324453682067
SRR10070149	4217	3	54.3742527432793
SRR10070150	4217	3	52.5471842441471
SRR10070151	4217	3	53.14128794232239
SRR10102392	4217	3	35.80999409466375
SRR10102393	4217	3	36.91204325755174
SRR10102394	4217	3	35.9031968736715
SRR10070130	4217	4	39.277109858686
SRR10070131	4217	4	41.57571896582601
SRR10070132	4217	4	27.21635931378282
SRR10070133	4217	4	26.37185061724776
SRR10070134	4217	4	42.52471772217158
SRR10070141	4217	4	28.17875688597966
SRR10070149	4217	4	52.27896557951524
SRR10070150	4217	4	54.64899178476526
SRR10070151	4217	4	54.47217884260048
SRR10102392	4217	4	36.59984113962722
SRR10102393	4217	4	37.16603827996224
SRR10102394	4217	4	38.29691502717677
SRR10070130	4217	5	40.48537351825519
SRR10070131	4217	5	40.94090653248158
SRR10070132	4217	5	25.91944755076723
SRR10070133	4217	5	25.55771723823903
SRR10070134	4217	5	41.47070558098717
SRR10070141	4217	5	26.92353327617516
SRR10070149	4217	5	54.48423619355135
SRR10070150	4217	5	55.11264762392104
SRR10070151	4217	5	54.23010989304442
SRR10102392	4217	5	36.53431274177017
SRR10102393	4217	5	35.62331140199014
SRR10102394	4217	5	35.84634748715423
SRR10070130	4217	6	40.39783227260267
SRR10070131	4217	6	42.27510653330479
SRR10070132	4217	6	27.77648652979555
SRR10070133	4217	6	26.48075761576936
SRR10070134	4217	6	41.49959173099725
SRR10070141	4217	6	28.22594468171231
SRR10070149	4217	6	53.46775507865991
SRR10070150	4217	6	54.01000604679073
SRR10070151	4217	6	54.61855732546081
SRR10102392	4217	6	38.76472986521647
SRR10102393	4217	6	36.66781247410417
SRR10102394	4217	6	36.74139806932783
SRR10070130	4217	7	40.46612992080608
SRR10070131	4217	7	42.08162820770623
SRR10070132	4217	7	25.76132996307738
SRR10070133	4217	7	26.8957034802534
SRR10070134	4217	7	42.2695124756074
SRR10070141	4217	7	26.36155522513374
SRR10070149	4217	7	52.23994779003399
SRR10070150	4217	7	54.21205475374322
SRR10070151	4217	7	52.47707459592048
SRR10102392	4217	7	35.91757976464216
SRR10102393	4217	7	36.43714938246725
SRR10102394	4217	7	37.80897485028188
SRR10070130	4217	8	43.562326739661
SRR10070131	4217	8	43.12327406142361
SRR10070132	4217	8	26.42594032731891
SRR10070133	4217	8	25.53563088658448
SRR10070134	4217	8	40.11541738347255
SRR10070141	4217	8	28.05284229211501
SRR10070149	4217	8	54.44409683842326
SRR10070150	4217	8	54.73171356122928
SRR10070151	4217	8	53.69321821018787
SRR10102392	4217	8	36.04270322791008
SRR10102393	4217	8	36.53532343507777
SRR10102394	4217	8	35.5253364740644
SRR10070130	4217	9	40.53215064443557
SRR10070131	4217	9	42.77782143925297
SRR10070132	4217	9	25.95306581453352
SRR10070133	4217	9	26.81638347577717
SRR10070134	4217	9	40.14736237286717
SRR10070141	4217	9	26.74598938413219
SRR10070149	4217	9	54.70208693071949
SRR10070150	4217	9	53.77663787768206
SRR10070151	4217	9	55.00821867557137
SRR10102392	4217	9	37.44259180652399
SRR10102393	4217	9	37.25350403849227
SRR10102394	4217	9	35.86855993656626
SRR10070130	4217	10	38.40250404053149
SRR10070131	4217	10	40.97090562776795
SRR10070132	4217	10	27.37524354474598
SRR10070133	4217	10	26.94377791337613
SRR10070134	4217	10	39.77801123825684
SRR10070141	4217	10	26.92405810129246
SRR10070149	4217	10	55.32509922173994
SRR10070150	4217	10	54.25382957358554
SRR10070151	4217	10	55.48579347699473
SRR10102392	4217	10	36.16506637121159
SRR10102393	4217	10	35.68798447123146
SRR10102394	4217	10	36.86556557450053
SRR10070130	4519	1	42.41771054661239
SRR10070131	4519	1	41.60521071363503
SRR10070132	4519	1	26.92251630320836
SRR10070133	4519	1	26.44326464870436
SRR10070134	4519	1	44.3428397797432
SRR10070141	4519	1	28.18226046210249
SRR10070149	4519	1	53.51403392826837
SRR10070150	4519	1	53.21198094028617
SRR10070151	4519	1	56.75953598298903
SRR10102392	4519	1	38.42822090692864
SRR10102393	4519	1	37.0834441121291
SRR10102394	4519	1	36.65429405161581
SRR10070130	4519	2	42.0369879382782
SRR10070131	4519	2	41.85964142139812
SRR10070132	4519	2	26.38712088691123
SRR10070133	4519	2	26.42084968261353
SRR10070134	4519	2	43.76670532923755
SRR10070141	4519	2	27.84180482835182
SRR10070149	4519	2	55.42662281285167
SRR10070150	4519	2	54.66926074202596
SRR10070151	4519	2	55.72159823267282
SRR10102392	4519	2	37.16901573222172
SRR10102393	4519	2	36.74002276277386
SRR10102394	4519	2	36.24006993612963
SRR10070130	4519	3	41.94823918534894
SRR10070131	4519	3	42.15778613087259
SRR10070132	4519	3	27.11335711473062
SRR10070133	4519	3	26.68608694111514
SRR10070134	4519	3	42.50056954922727
SRR10070141	4519	3	27.2033215891519
SRR10070149	4519	3	55.57233150784791
SRR10070150	4519	3	54.01481026916623
SRR10070151	4519	3	53.04295101563254
SRR10102392	4519	3	36.43006611391754
SRR10102393	4519	3	36.48628426150552
SRR10102394	4519	3	36.76738839317508
SRR10070130	4519	4	41.88495809056705
SRR10070131	4519	4	42.28704913855411
SRR10070132	4519	4	27.20183943766912
SRR10070133	4519	4	26.45004625190925
SRR10070134	4519	4	44.28296372119667
SRR10070141	4519	4	28.40446865537298
SRR10070149	4519	4	54.61275997608353
SRR10070150	4519	4	53.9460925301907
SRR10070151	4519	4	53.98674512749215
SRR10102392	4519	4	38.07909069189978
SRR10102393	4519	4	36.54243176748531
SRR10102394	4519	4	37.20975891487092
SRR10070130	4519	5	41.29667192277481
SRR10070131	4519	5	42.03626827998313
SRR10070132	4519	5	27.16597285587615
SRR10070133	4519	5	26.74390969714322
SRR10070134	4519	5	43.44641242742765
SRR10070141	4519	5	26.76673182718592
SRR10070149	4519	5	56.57496725399194
SRR10070150	4519	5	53.97143056289991
SRR10070151	4519	5	54.4536361152715
SRR10102392	4519	5	36.36738659415067
SRR10102393	4519	5	38.17515087411225
SRR10102394	4519	5	36.2883412194879
SRR10070130	4519	6	41.43770606521274
SRR10070131	4519	6	41.12728965252867
SRR10070132	4519	6	26.75699940203217
SRR10070133	4519	6	26.51183797204438
SRR10070134	4519	6	43.12471851723728
SRR10070141	4519	6	28.04795296869365
SRR10070149	4519	6	55.58732113886892
SRR10070150	4519	6	54.51748158043899
SRR10070151	4519	6	54.34202433767825
SRR10102392	4519	6	37.13808399637303
SRR10102393	4519	6	37.08120924771553
SRR10102394	4519	6	38.13606795083568
SRR10070130	4519	7	39.88109513172158
SRR10070131	4519	7	42.94773198240559
SRR10070132	4519	7	26.38592734582473
SRR10070133	4519	7	26.76256979041563
SRR10070134	4519	7	43.41743749699306
SRR10070141	4519	7	28.57039428948307
SRR10070149	4519	7	54.70141427058887
SRR10070150	4519	7	56.11478000199595
SRR10070151	4519	7	53.62498211846955
SRR10102392	4519	7	38.16856674000108
SRR10102393	4519	7	37.97462475255843
SRR10102394	4519	7	36.73230724388428
SRR10070130	4519	8	39.68608400060789
SRR10070131	4519	8	43.32581105244586
SRR10070132	4519	8	26.0600434359105
SRR10070133	4519	8	26.90235282831888
SRR10070134	4519	8	43.26549255937223
SRR10070141	4519	8	28.21541396183253
SRR10070149	4519	8	54.77048145197752
SRR10070150	4519	8	53.98628788917843
SRR10070151	4519	8	54.46226250886678
SRR10102392	4519	8	36.99679884219456
SRR10102393	4519	8	35.91546263099227
SRR10102394	4519	8	37.5714585493304
SRR10070130	4519	9	40.65558754078253
SRR10070131	4519	9	40.95419399145996
SRR10070132	4519	9	27.06809775783492
SRR10070133	4519	9	26.85983821392004
SRR10070134	4519	9	43.05032194624899
SRR10070141	4519	9	28.46080657772045
SRR10070149	4519	9	54.08464982855679
SRR10070150	4519	9	55.62605200262366
SRR10070151	4519	9	53.58663216157744
SRR10102392	4519	9	36.79606985977201
SRR10102393	4519	9	37.91549211500105
SRR10102394	4519	9	36.80907867765156
SRR10070130	4519	10	41.4426459117805
SRR10070131	4519	10	44.05083912363671
SRR10070132	4519	10	25.88562122813297
SRR10070133	4519	10	26.94419217534073
SRR10070134	4519	10	42.69160027647481
SRR10070141	4519	10	27.45628292253212
SRR10070149	4519	10	55.29522985828853
SRR10070150	4519	10	55.38837425555904
SRR10070151	4519	10	55.5532616979627
SRR10102392	4519	10	35.89092118629347
SRR10102393	4519	10	37.01814195953318
SRR10102394	4519	10	37.09589915282969
SRR10070130	4820	1	40.62193316192693
SRR10070131	4820	1	42.98488004983408
SRR10070132	4820	1	27.50265072794443
SRR10070133	4820	1	26.78167211894105
SRR10070134	4820	1	43.6092456077786
SRR10070141	4820	1	27.26984359666469
SRR10070149	4820	1	56.54937355837169
SRR10070150	4820	1	55.66402313044212
SRR10070151	4820	1	55.894669220691
SRR10102392	4820	1	37.10506429153275
SRR10102393	4820	1	37.8200833013272
SRR10102394	4820	1	36.76656270271002
SRR10070130	4820	2	42.77948438969897
SRR10070131	4820	2	41.99753171838429
SRR10070132	4820	2	26.83201916710405
SRR10070133	4820	2	26.81338140902402
SRR10070134	4820	2	43.28008824338308
SRR10070141	4820	2	27.99983971830563
SRR10070149	4820	2	54.00038103577486
SRR10070150	4820	2	56.97826583707899
SRR10070151	4820	2	55.02663394734829
SRR10102392	4820	2	37.61063640814992
SRR10102393	4820	2	37.05137415659793
SRR10102394	4820	2	37.64157101936615
SRR10070130	4820	3	43.46591932272278
SRR10070131	4820	3	43.8572184302736
SRR10070132	4820	3	27.22658547300537
SRR10070133	4820	3	26.51169237213502
SRR10070134	4820	3	43.49633134271325
SRR10070141	4820	3	28.0827017021609
SRR10070149	4820	3	54.92084573327482
SRR10070150	4820	3	56.53432063088871
SRR10070151	4820	3	55.78674220989601
SRR10102392	4820	3	38.56054353516227
SRR10102393	4820	3	38.07035614954784
SRR10102394	4820	3	37.4337955141995
SRR10070130	4820	4	41.81664438923142
SRR10070131	4820	4	42.85505089506756
SRR10070132	4820	4	27.28745215452088
SRR10070133	4820	4	26.44890782699137
SRR10070134	4820	4	43.76399518017841
SRR10070141	4820	4	27.29431491398377
SRR10070149	4820	4	54.66959982671504
SRR10070150	4820	4	56.43397744663816
SRR10070151	4820	4	55.72983554885388
SRR10102392	4820	4	36.84753824696644
SRR10102393	4820	4	37.30764362058751
SRR10102394	4820	4	37.40132215601369
SRR10070130	4820	5	40.6976542250686
SRR10070131	4820	5	45.85047035876092
SRR10070132	4820	5	27.09610555188422
SRR10070133	4820	5	27.16679294117526
SRR10070134	4820	5	42.77252873974859
SRR10070141	4820	5	27.80255661830247
SRR10070149	4820	5	57.95120879421746
SRR10070150	4820	5	56.52646017979139
SRR10070151	4820	5	56.18719385122794
SRR10102392	4820	5	37.37322448474885
SRR10102393	4820	5	36.89022060581831
SRR10102394	4820	5	36.91082349560418
SRR10070130	4820	6	43.56932262635235
SRR10070131	4820	6	43.61177973814171
SRR10070132	4820	6	27.13832818989621
SRR10070133	4820	6	26.18340027441791
SRR10070134	4820	6	45.78815502657506
SRR10070141	4820	6	28.79899383640658
SRR10070149	4820	6	54.69194428118223
SRR10070150	4820	6	55.52408947774734
SRR10070151	4820	6	55.75042374030611
SRR10102392	4820	6	37.40415233466583
SRR10102393	4820	6	36.95388863751832
SRR10102394	4820	6	36.83666075873934
SRR10070130	4820	7	40.89339579857112
SRR10070131	4820	7	44.29007199801276
SRR10070132	4820	7	26.49160564795291
SRR10070133	4820	7	27.10148046289599
SRR10070134	4820	7	43.94344595064214
SRR10070141	4820	7	28.52557612380526
SRR10070149	4820	7	53.94599706278596
SRR10070150	4820	7	56.42785409175499
SRR10070151	4820	7	56.09993115648311
SRR10102392	4820	7	38.43218856558023
SRR10102393	4820	7	38.7279623806166
SRR10102394	4820	7	36.67965040435376
SRR10070130	4820	8	40.82217003650375
SRR10070131	4820	8	44.50155739291942
SRR10070132	4820	8	27.01189879018792
SRR10070133	4820	8	26.80798048551114
SRR10070134	4820	8	44.16809500673119
SRR10070141	4820	8	28.20762395648157
SRR10070149	4820	8	56.34906818202496
SRR10070150	4820	8	55.91776328760372
SRR10070151	4820	8	55.42588575211261
SRR10102392	4820	8	37.1970475867676
SRR10102393	4820	8	36.77318870217123
SRR10102394	4820	8	36.40486738386537
SRR10070130	4820	9	41.7079090696117
SRR10070131	4820	9	43.35893412000276
SRR10070132	4820	9	26.77127497068298
SRR10070133	4820	9	26.94074803449985
SRR10070134	4820	9	43.55138084893768
SRR10070141	4820	9	27.81528560371763
SRR10070149	4820	9	54.81191382366053
SRR10070150	4820	9	56.06665869226875
SRR10070151	4820	9	56.7657977948387
SRR10102392	4820	9	37.99824910521338
SRR10102393	4820	9	37.6577186227896
SRR10102394	4820	9	37.09539304706207
SRR10070130	4820	10	41.0520249025572
SRR10070131	4820	10	43.93170884556569
SRR10070132	4820	10	27.54453090820634
SRR10070133	4820	10	25.70493447074851
SRR10070134	4820	10	41.43284545878629
SRR10070141	4820	10	28.74776658173581
SRR10070149	4820	10	53.88618162942889
SRR10070150	4820	10	56.25723152249425
SRR10070151	4820	10	55.76104424281074
SRR10102392	4820	10	37.18111424824021
SRR10102393	4820	10	38.62593962937274
SRR10102394	4820	10	36.97258558609264
SRR10070130	5121	1	43.23702523240575
SRR10070131	5121	1	42.92987773386756
SRR10070132	5121	1	27.3999625047522
SRR10070133	5121	1	27.5304078962179
SRR10070134	5121	1	44.21187247580356
SRR10070141	5121	1	26.8169149915756
SRR10070149	5121	1	55.23965865675144
SRR10070150	5121	1	56.69625425047161
SRR10070151	5121	1	56.43195733890176
SRR10102392	5121	1	38.60348960302941
SRR10102393	5121	1	38.86189953372988
SRR10102394	5121	1	38.14390982731899
SRR10070130	5121	2	43.67411033064683
SRR10070131	5121	2	42.4316376012049
SRR10070132	5121	2	27.04152340640708
SRR10070133	5121	2	27.02447801773717
SRR10070134	5121	2	42.24592456374506
SRR10070141	5121	2	27.99954826189581
SRR10070149	5121	2	54.21005830105094
SRR10070150	5121	2	54.99580935861875
SRR10070151	5121	2	57.31293753468173
SRR10102392	5121	2	39.23563496622302
SRR10102393	5121	2	37.3060567897561
SRR10102394	5121	2	37.39167581855863
SRR10070130	5121	3	42.53385110296446
SRR10070131	5121	3	42.7609180461871
SRR10070132	5121	3	27.20546323074663
SRR10070133	5121	3	26.1811359251402
SRR10070134	5121	3	44.68796220321052
SRR10070141	5121	3	28.21300854486001
SRR10070149	5121	3	54.39486035728507
SRR10070150	5121	3	56.57053832742152
SRR10070151	5121	3	56.67283471375939
SRR10102392	5121	3	36.95253407686051
SRR10102393	5121	3	38.32479942197828
SRR10102394	5121	3	37.12302559250568
SRR10070130	5121	4	42.72599844807976
SRR10070131	5121	4	43.49703509586254
SRR10070132	5121	4	26.99919910559409
SRR10070133	5121	4	27.34054972489285
SRR10070134	5121	4	43.96656809799405
SRR10070141	5121	4	27.80504244104602
SRR10070149	5121	4	55.55697922537407
SRR10070150	5121	4	57.61892384158903
SRR10070151	5121	4	57.34687162969016
SRR10102392	5121	4	38.03214301048854
SRR10102393	5121	4	37.35135600204524
SRR10102394	5121	4	37.6435439101987
SRR10070130	5121	5	42.25213219226301
SRR10070131	5121	5	43.57142712765704
SRR10070132	5121	5	26.53356116132502
SRR10070133	5121	5	26.9903077823707
SRR10070134	5121	5	45.4168615863897
SRR10070141	5121	5	28.47427322126688
SRR10070149	5121	5	55.08007271500435
SRR10070150	5121	5	55.11238502773074
SRR10070151	5121	5	57.11949773341271
SRR10102392	5121	5	38.57755425255686
SRR10102393	5121	5	37.08499116681239
SRR10102394	5121	5	37.86313837699768
SRR10070130	5121	6	43.07903040488552
SRR10070131	5121	6	44.02909394305063
SRR10070132	5121	6	26.6160432564762
SRR10070133	5121	6	27.61732458236078
SRR10070134	5121	6	44.22202633802517
SRR10070141	5121	6	28.74119851487126
SRR10070149	5121	6	54.0868374242009
SRR10070150	5121	6	55.63985364705622
SRR10070151	5121	6	56.48024625128848
SRR10102392	5121	6	38.84798407564406
SRR10102393	5121	6	37.4786021885803
SRR10102394	5121	6	37.5599470574552
SRR10070130	5121	7	41.22249387521285
SRR10070131	5121	7	43.04089837827588
SRR10070132	5121	7	26.93563481677838
SRR10070133	5121	7	27.5825401179741
SRR10070134	5121	7	44.14510554796487
SRR10070141	5121	7	28.51000815211365
SRR10070149	5121	7	56.77116227374938
SRR10070150	5121	7	55.77292979046197
SRR10070151	5121	7	56.24782170176942
SRR10102392	5121	7	38.33295229620785
SRR10102393	5121	7	37.75157740140704
SRR10102394	5121	7	37.1355982109784
SRR10070130	5121	8	43.29707763624801
SRR10070131	5121	8	44.79360633681387
SRR10070132	5121	8	26.45219152281335
SRR10070133	5121	8	26.65732904341136
SRR10070134	5121	8	45.24336454168579
SRR10070141	5121	8	29.23496865729324
SRR10070149	5121	8	54.67897777823189
SRR10070150	5121	8	56.68437917145985
SRR10070151	5121	8	56.86951873572441
SRR10102392	5121	8	37.43725251175837
SRR10102393	5121	8	37.36031403039745
SRR10102394	5121	8	38.00952050923457
SRR10070130	5121	9	43.06483707303282
SRR10070131	5121	9	45.68971762175622
SRR10070132	5121	9	26.83900268121206
SRR10070133	5121	9	26.69219705448658
SRR10070134	5121	9	43.62416183317522
SRR10070141	5121	9	29.03512434631739
SRR10070149	5121	9	55.69849658022295
SRR10070150	5121	9	55.35664533217547
SRR10070151	5121	9	56.30353041955532
SRR10102392	5121	9	37.71914242366751
SRR10102393	5121	9	36.64008731440441
SRR10102394	5121	9	37.91013692835676
SRR10070130	5121	10	44.15068142309192
SRR10070131	5121	10	44.11185026276266
SRR10070132	5121	10	27.00817418931555
SRR10070133	5121	10	27.56356187510116
SRR10070134	5121	10	44.22119732456244
SRR10070141	5121	10	28.41693708743081
SRR10070149	5121	10	55.71699551164097
SRR10070150	5121	10	57.9803040598166
SRR10070151	5121	10	56.67444123917044
SRR10102392	5121	10	37.96559473265606
SRR10102393	5121	10	37.46400550703673
SRR10102394	5121	10	36.82497199949187
SRR10070130	5422	1	43.89560712346792
SRR10070131	5422	1	44.06582653564465
SRR10070132	5422	1	27.09708815483188
SRR10070133	5422	1	27.59467793490321
SRR10070134	5422	1	44.78844375642601
SRR10070141	5422	1	29.17487298372943
SRR10070149	5422	1	55.21513037509628
SRR10070150	5422	1	56.79453781624395
SRR10070151	5422	1	56.11997724590331
SRR10102392	5422	1	38.03572455562923
SRR10102393	5422	1	37.3471536877127
SRR10102394	5422	1	37.09835388810539
SRR10070130	5422	2	44.63326259251074
SRR10070131	5422	2	44.66799233205568
SRR10070132	5422	2	27.15255796071416
SRR10070133	5422	2	27.22835017412022
SRR10070134	5422	2	43.26040364092454
SRR10070141	5422	2	28.99363441959225
SRR10070149	5422	2	55.84571052920566
SRR10070150	5422	2	56.9143280964466
SRR10070151	5422	2	57.25379514661749
SRR10102392	5422	2	37.50851547621208
SRR10102393	5422	2	37.64620055323977
SRR10102394	5422	2	37.67027707487421
SRR10070130	5422	3	44.23975159998945
SRR10070131	5422	3	43.03294153579624
SRR10070132	5422	3	27.17307155760508
SRR10070133	5422	3	27.33284588503799
SRR10070134	5422	3	44.87711228611234
SRR10070141	5422	3	28.17110187020094
SRR10070149	5422	3	54.89232267114348
SRR10070150	5422	3	55.99696181986096
SRR10070151	5422	3	56.84867475599771
SRR10102392	5422	3	38.01172890915597
SRR10102393	5422	3	37.08994786559963
SRR10102394	5422	3	37.6102355749948
SRR10070130	5422	4	43.15242783580049
SRR10070131	5422	4	45.23362387637113
SRR10070132	5422	4	26.81843009201261
SRR10070133	5422	4	26.6515619960966
SRR10070134	5422	4	45.42066489082496
SRR10070141	5422	4	28.63765815617262
SRR10070149	5422	4	55.31015060948004
SRR10070150	5422	4	55.38968415989704
SRR10070151	5422	4	57.06682708668185
SRR10102392	5422	4	38.88017350896451
SRR10102393	5422	4	37.91770290962078
SRR10102394	5422	4	37.09848054729566
SRR10070130	5422	5	42.93168588620337
SRR10070131	5422	5	45.16422584701299
SRR10070132	5422	5	26.81372372469328
SRR10070133	5422	5	27.44887669019429
SRR10070134	5422	5	44.84886213597473
SRR10070141	5422	5	27.6772313662933
SRR10070149	5422	5	54.50903809185854
SRR10070150	5422	5	56.67121534043857
SRR10070151	5422	5	56.80341322020081
SRR10102392	5422	5	37.7167486634234
SRR10102393	5422	5	37.64057592982671
SRR10102394	5422	5	37.23560044330122
SRR10070130	5422	6	43.65404083810928
SRR10070131	5422	6	43.38272899721877
SRR10070132	5422	6	27.44763438293161
SRR10070133	5422	6	28.09903964255508
SRR10070134	5422	6	45.29561610047327
SRR10070141	5422	6	28.1747601510414
SRR10070149	5422	6	55.80355499638267
SRR10070150	5422	6	57.72920865009711
SRR10070151	5422	6	57.200366061878
SRR10102392	5422	6	39.08063071952829
SRR10102393	5422	6	37.74635099447225
SRR10102394	5422	6	37.63994946375212
SRR10070130	5422	7	43.06948606012273
SRR10070131	5422	7	44.75874067210032
SRR10070132	5422	7	27.47554124595048
SRR10070133	5422	7	26.97193163970976
SRR10070134	5422	7	44.37568618446473
SRR10070141	5422	7	28.65393217145997
SRR10070149	5422	7	57.10661641277875
SRR10070150	5422	7	57.0223658611573
SRR10070151	5422	7	57.1136521391627
SRR10102392	5422	7	39.10133272865448
SRR10102393	5422	7	39.15124134571338
SRR10102394	5422	7	37.7383366196643
SRR10070130	5422	8	44.17811962803434
SRR10070131	5422	8	43.78782328638391
SRR10070132	5422	8	26.48465670616869
SRR10070133	5422	8	27.56955865378556
SRR10070134	5422	8	44.53696463471809
SRR10070141	5422	8	27.4563318407593
SRR10070149	5422	8	55.88209025156137
SRR10070150	5422	8	57.25989954932736
SRR10070151	5422	8	56.64933660833145
SRR10102392	5422	8	38.36966619540879
SRR10102393	5422	8	37.3478756007716
SRR10102394	5422	8	37.80917930959872
SRR10070130	5422	9	45.15696435474187
SRR10070131	5422	9	43.94696716327801
SRR10070132	5422	9	26.64006260589675
SRR10070133	5422	9	27.27010063958635
SRR10070134	5422	9	44.30188020524146
SRR10070141	5422	9	28.84037288448975
SRR10070149	5422	9	56.33603905579901
SRR10070150	5422	9	57.05924250928388
SRR10070151	5422	9	56.76569136464077
SRR10102392	5422	9	38.27841826714864
SRR10102393	5422	9	38.60977352236164
SRR10102394	5422	9	38.82826896888939
SRR10070130	5422	10	43.8891664252803
SRR10070131	5422	10	45.11633194304288
SRR10070132	5422	10	26.75250521732648
SRR10070133	5422	10	27.3466770542602
SRR10070134	5422	10	45.1250036519444
SRR10070141	5422	10	27.52078464833074
SRR10070149	5422	10	56.56660585832574
SRR10070150	5422	10	58.70013959597704
SRR10070151	5422	10	53.68804179426726
SRR10102392	5422	10	37.55609587773723
SRR10102393	5422	10	38.54946680342579
SRR10102394	5422	10	37.3399226029339
SRR10070130	5723	1	44.4283709721871
SRR10070131	5723	1	44.7052067000204
SRR10070132	5723	1	26.0948307381203
SRR10070133	5723	1	27.59097394545708
SRR10070134	5723	1	44.61414665588242
SRR10070141	5723	1	28.95631743927164
SRR10070149	5723	1	56.70858141510744
SRR10070150	5723	1	56.4688706218048
SRR10070151	5723	1	57.36365327511768
SRR10102392	5723	1	39.9923441709666
SRR10102393	5723	1	38.65276069431138
SRR10102394	5723	1	37.80793485473194
SRR10070130	5723	2	44.21813038506152
SRR10070131	5723	2	46.01012913655335
SRR10070132	5723	2	26.77977780107911
SRR10070133	5723	2	27.84657098145144
SRR10070134	5723	2	46.46758566277067
SRR10070141	5723	2	28.1998165466787
SRR10070149	5723	2	55.03250413457887
SRR10070150	5723	2	57.96443412853139
SRR10070151	5723	2	57.5614061407872
SRR10102392	5723	2	38.34107907421667
SRR10102393	5723	2	38.05747282040586
SRR10102394	5723	2	38.20603413404702
SRR10070130	5723	3	44.10028273698265
SRR10070131	5723	3	45.23678453012091
SRR10070132	5723	3	26.82715806919893
SRR10070133	5723	3	27.65671165227468
SRR10070134	5723	3	44.98919612692499
SRR10070141	5723	3	29.34338545878764
SRR10070149	5723	3	56.29523439195761
SRR10070150	5723	3	57.22883790116563
SRR10070151	5723	3	57.30854335533662
SRR10102392	5723	3	39.20440264985449
SRR10102393	5723	3	37.35346544070794
SRR10102394	5723	3	38.00190302317756
SRR10070130	5723	4	45.52234294024627
SRR10070131	5723	4	43.90565870642715
SRR10070132	5723	4	27.23430177366984
SRR10070133	5723	4	27.5392955228456
SRR10070134	5723	4	46.95416986400345
SRR10070141	5723	4	28.92526779046376
SRR10070149	5723	4	56.7849915705761
SRR10070150	5723	4	57.31221385372056
SRR10070151	5723	4	58.04871120721907
SRR10102392	5723	4	38.49833760216533
SRR10102393	5723	4	38.78318986799374
SRR10102394	5723	4	38.07424771011652
SRR10070130	5723	5	43.90990023832511
SRR10070131	5723	5	43.51862614519409
SRR10070132	5723	5	27.93326887751621
SRR10070133	5723	5	27.69484937859961
SRR10070134	5723	5	45.1625685229438
SRR10070141	5723	5	29.02255295872394
SRR10070149	5723	5	56.87264297197582
SRR10070150	5723	5	58.89408510657405
SRR10070151	5723	5	57.09946412261171
SRR10102392	5723	5	39.29368781319732
SRR10102393	5723	5	39.53932205450984
SRR10102394	5723	5	37.26477239274026
SRR10070130	5723	6	43.70057820280162
SRR10070131	5723	6	45.60511475055082
SRR10070132	5723	6	27.4445270182418
SRR10070133	5723	6	27.2850275415814
SRR10070134	5723	6	45.79966585913718
SRR10070141	5723	6	28.52307064148121
SRR10070149	5723	6	55.90499119943018
SRR10070150	5723	6	58.51840491668966
SRR10070151	5723	6	59.52673662758023
SRR10102392	5723	6	39.05465691506746
SRR10102393	5723	6	38.84910364593391
SRR10102394	5723	6	39.40100326370709
SRR10070130	5723	7	43.93773835336866
SRR10070131	5723	7	45.07858565241037
SRR10070132	5723	7	27.33699312998081
SRR10070133	5723	7	27.54310918088922
SRR10070134	5723	7	46.60005502378846
SRR10070141	5723	7	28.11396880001054
SRR10070149	5723	7	55.57779073962972
SRR10070150	5723	7	59.1034786823618
SRR10070151	5723	7	57.85844305646134
SRR10102392	5723	7	38.93137630730198
SRR10102393	5723	7	38.01765896751346
SRR10102394	5723	7	38.23661533099884
SRR10070130	5723	8	42.4797570315654
SRR10070131	5723	8	43.71677181320577
SRR10070132	5723	8	27.15718259173436
SRR10070133	5723	8	27.29102115081092
SRR10070134	5723	8	43.8549401949012
SRR10070141	5723	8	28.54102564145917
SRR10070149	5723	8	56.77700888461092
SRR10070150	5723	8	57.44185971564875
SRR10070151	5723	8	56.97833225737999
SRR10102392	5723	8	38.6169976192847
SRR10102393	5723	8	38.62794433665509
SRR10102394	5723	8	38.50118911171641
SRR10070130	5723	9	42.74472799709748
SRR10070131	5723	9	45.28305484736897
SRR10070132	5723	9	26.95269990723451
SRR10070133	5723	9	27.5644827808711
SRR10070134	5723	9	46.03926934107748
SRR10070141	5723	9	28.4775095496291
SRR10070149	5723	9	56.97365661829529
SRR10070150	5723	9	57.95603630758281
SRR10070151	5723	9	55.99730909180111
SRR10102392	5723	9	37.82931529057923
SRR10102393	5723	9	38.56281361817057
SRR10102394	5723	9	38.01464147264804
SRR10070130	5723	10	43.7706221349942
SRR10070131	5723	10	45.41629098229083
SRR10070132	5723	10	27.57278660879402
SRR10070133	5723	10	26.82928159091686
SRR10070134	5723	10	45.2492353098021
SRR10070141	5723	10	29.03771927470445
SRR10070149	5723	10	55.55642211307434
SRR10070150	5723	10	56.94450548556214
SRR10070151	5723	10	55.65403091660215
SRR10102392	5723	10	38.43261509462867
SRR10102393	5723	10	37.83655745915278
SRR10102394	5723	10	37.78053435197613
SRR10070130	6025	1	42.62952213725398
SRR10070131	6025	1	46.13036722895194
SRR10070132	6025	1	27.11947996949
SRR10070133	6025	1	27.41648941370098
SRR10070134	6025	1	44.89741864058737
SRR10070141	6025	1	28.56877108675356
SRR10070149	6025	1	55.46951969433935
SRR10070150	6025	1	59.99011833296637
SRR10070151	6025	1	58.19942277995715
SRR10102392	6025	1	39.32504456269965
SRR10102393	6025	1	37.50654287040259
SRR10102394	6025	1	39.12069992200767
SRR10070130	6025	2	45.73480142198371
SRR10070131	6025	2	46.89889548914334
SRR10070132	6025	2	26.81393321573713
SRR10070133	6025	2	27.69378885387705
SRR10070134	6025	2	45.29309353450989
SRR10070141	6025	2	29.21735781642702
SRR10070149	6025	2	56.43779999806009
SRR10070150	6025	2	58.72778414848982
SRR10070151	6025	2	57.98612517399224
SRR10102392	6025	2	39.08111056125963
SRR10102393	6025	2	37.67531661076362
SRR10102394	6025	2	38.61587314815684
SRR10070130	6025	3	43.99174815893042
SRR10070131	6025	3	46.18715064898925
SRR10070132	6025	3	27.10982750805718
SRR10070133	6025	3	27.33624844639602
SRR10070134	6025	3	46.44705368770554
SRR10070141	6025	3	28.58015442530207
SRR10070149	6025	3	58.3363222142017
SRR10070150	6025	3	57.70375032168383
SRR10070151	6025	3	57.12313366839661
SRR10102392	6025	3	38.15406678664866
SRR10102393	6025	3	39.35334041664232
SRR10102394	6025	3	37.70571283635258
SRR10070130	6025	4	43.15016626653807
SRR10070131	6025	4	46.49161160580418
SRR10070132	6025	4	27.00444096221459
SRR10070133	6025	4	27.4962295086767
SRR10070134	6025	4	45.60437102114697
SRR10070141	6025	4	28.00622469356797
SRR10070149	6025	4	58.02604908366346
SRR10070150	6025	4	57.72616217898921
SRR10070151	6025	4	58.12809406458133
SRR10102392	6025	4	39.89164270326496
SRR10102393	6025	4	39.67363310425681
SRR10102394	6025	4	38.62861534249556
SRR10070130	6025	5	44.00765069053006
SRR10070131	6025	5	45.99591881945937
SRR10070132	6025	5	26.34405178982005
SRR10070133	6025	5	27.85191511777137
SRR10070134	6025	5	44.03143412366829
SRR10070141	6025	5	28.85386321608658
SRR10070149	6025	5	57.14820921939917
SRR10070150	6025	5	56.85014498374368
SRR10070151	6025	5	55.94488143998492
SRR10102392	6025	5	39.35005547147031
SRR10102393	6025	5	38.22592660357627
SRR10102394	6025	5	38.0993742493183
SRR10070130	6025	6	44.01692030320969
SRR10070131	6025	6	45.23698703153028
SRR10070132	6025	6	27.76748989204808
SRR10070133	6025	6	27.57517806660634
SRR10070134	6025	6	44.17726676940237
SRR10070141	6025	6	28.99281836611137
SRR10070149	6025	6	58.57188539045526
SRR10070150	6025	6	57.41889476858382
SRR10070151	6025	6	57.89180012721674
SRR10102392	6025	6	37.63291397128418
SRR10102393	6025	6	38.64502405754343
SRR10102394	6025	6	38.62174667617121
SRR10070130	6025	7	43.68298483100814
SRR10070131	6025	7	44.58630009520188
SRR10070132	6025	7	27.2124964625706
SRR10070133	6025	7	27.77470518446219
SRR10070134	6025	7	45.69679711303954
SRR10070141	6025	7	28.53956548965177
SRR10070149	6025	7	56.18020934552787
SRR10070150	6025	7	58.01644344039449
SRR10070151	6025	7	58.39429624687594
SRR10102392	6025	7	38.48660272563345
SRR10102393	6025	7	37.25756037146107
SRR10102394	6025	7	38.42416468784153
SRR10070130	6025	8	43.11130104625335
SRR10070131	6025	8	45.215170073282
SRR10070132	6025	8	26.99367459020149
SRR10070133	6025	8	26.97451010862766
SRR10070134	6025	8	45.34917037289668
SRR10070141	6025	8	28.9087768099525
SRR10070149	6025	8	56.5977684126368
SRR10070150	6025	8	58.15177585943407
SRR10070151	6025	8	57.61156148036697
SRR10102392	6025	8	38.5032852412201
SRR10102393	6025	8	39.48116486543572
SRR10102394	6025	8	38.20800408440692
SRR10070130	6025	9	43.88174798857163
SRR10070131	6025	9	45.99417601285928
SRR10070132	6025	9	27.47295307921748
SRR10070133	6025	9	27.61791735956123
SRR10070134	6025	9	46.47975863810394
SRR10070141	6025	9	29.05359394064375
SRR10070149	6025	9	58.27521285583391
SRR10070150	6025	9	57.10500582837412
SRR10070151	6025	9	55.70862738693105
SRR10102392	6025	9	37.83661026175179
SRR10102393	6025	9	38.88622895102714
SRR10102394	6025	9	38.29554659797905
SRR10070130	6025	10	45.26826262391136
SRR10070131	6025	10	43.89624149466921
SRR10070132	6025	10	27.43011978505969
SRR10070133	6025	10	27.30342588454537
SRR10070134	6025	10	46.03951901047447
SRR10070141	6025	10	28.97500518075867
SRR10070149	6025	10	56.78041554098508
SRR10070150	6025	10	58.23838816548837
SRR10070151	6025	10	58.59783709688038
SRR10102392	6025	10	38.37295138976567
SRR10102393	6025	10	37.94709718184989
SRR10102394	6025	10	38.19087355848687
SRR10070130	6326	1	45.72141776903816
SRR10070131	6326	1	46.30869571513819
SRR10070132	6326	1	27.26994151930707
SRR10070133	6326	1	27.14146039968384
SRR10070134	6326	1	45.98073653554852
SRR10070141	6326	1	28.86677633115862
SRR10070149	6326	1	58.78425222432107
SRR10070150	6326	1	59.25117677924255
SRR10070151	6326	1	59.67656265948133
SRR10102392	6326	1	38.41178549646305
SRR10102393	6326	1	40.36935098908831
SRR10102394	6326	1	38.93483450629527
SRR10070130	6326	2	45.80134099847861
SRR10070131	6326	2	44.79236273828359
SRR10070132	6326	2	27.47340314572656
SRR10070133	6326	2	27.62190567773687
SRR10070134	6326	2	46.771912168918
SRR10070141	6326	2	28.63244091296891
SRR10070149	6326	2	58.03792856278153
SRR10070150	6326	2	57.94034265184129
SRR10070151	6326	2	58.02451777563058
SRR10102392	6326	2	39.61307528119225
SRR10102393	6326	2	37.73502772012705
SRR10102394	6326	2	39.31528185202995
SRR10070130	6326	3	43.75429105748522
SRR10070131	6326	3	47.06797795237924
SRR10070132	6326	3	26.85321921419975
SRR10070133	6326	3	27.03542833691299
SRR10070134	6326	3	46.41443350777404
SRR10070141	6326	3	29.48491713233746
SRR10070149	6326	3	56.80643220994855
SRR10070150	6326	3	57.42685160817948
SRR10070151	6326	3	57.8802363899801
SRR10102392	6326	3	39.06348304363701
SRR10102393	6326	3	39.66610665964807
SRR10102394	6326	3	39.46478522056022
SRR10070130	6326	4	45.98384855816086
SRR10070131	6326	4	45.74921672257315
SRR10070132	6326	4	27.40715768602248
SRR10070133	6326	4	28.05003653107011
SRR10070134	6326	4	46.29162503627168
SRR10070141	6326	4	29.07373486695781
SRR10070149	6326	4	56.76936561598553
SRR10070150	6326	4	59.14295364085712
SRR10070151	6326	4	57.97053860329635
SRR10102392	6326	4	37.19911730876204
SRR10102393	6326	4	39.19223778906971
SRR10102394	6326	4	37.82979219870056
SRR10070130	6326	5	44.3080672913575
SRR10070131	6326	5	45.49954778208931
SRR10070132	6326	5	27.10116354651561
SRR10070133	6326	5	27.65143459343139
SRR10070134	6326	5	47.98514388549351
SRR10070141	6326	5	29.29145849527062
SRR10070149	6326	5	56.60767305390798
SRR10070150	6326	5	57.77458065085838
SRR10070151	6326	5	58.92821576151856
SRR10102392	6326	5	39.72442977495778
SRR10102393	6326	5	38.91539382968114
SRR10102394	6326	5	38.20717637092854
SRR10070130	6326	6	44.22396414898991
SRR10070131	6326	6	45.6174494776442
SRR10070132	6326	6	27.17999726702842
SRR10070133	6326	6	28.10810334701702
SRR10070134	6326	6	46.01669290973865
SRR10070141	6326	6	28.71328238202952
SRR10070149	6326	6	57.22164511364881
SRR10070150	6326	6	59.25284882581483
SRR10070151	6326	6	57.76826295331526
SRR10102392	6326	6	38.96032570074325
SRR10102393	6326	6	39.4941847819685
SRR10102394	6326	6	38.79509921447437
SRR10070130	6326	7	43.84847298226389
SRR10070131	6326	7	47.0664868632732
SRR10070132	6326	7	27.67895732314949
SRR10070133	6326	7	27.6110141916553
SRR10070134	6326	7	45.93565484870382
SRR10070141	6326	7	29.1935556001517
SRR10070149	6326	7	56.90362446042129
SRR10070150	6326	7	57.9268730983993
SRR10070151	6326	7	58.55349079385459
SRR10102392	6326	7	39.10161544528783
SRR10102393	6326	7	37.49214821170702
SRR10102394	6326	7	38.40948225051667
SRR10070130	6326	8	45.41472092943456
SRR10070131	6326	8	45.43833748050562
SRR10070132	6326	8	27.47004473197428
SRR10070133	6326	8	26.64826373968097
SRR10070134	6326	8	45.98606326230545
SRR10070141	6326	8	29.81598673928898
SRR10070149	6326	8	57.7560577468108
SRR10070150	6326	8	58.09762269810465
SRR10070151	6326	8	58.01824569522704
SRR10102392	6326	8	38.5973487175945
SRR10102393	6326	8	38.38342499774977
SRR10102394	6326	8	38.54272154396508
SRR10070130	6326	9	45.12780345138489
SRR10070131	6326	9	45.1642199723173
SRR10070132	6326	9	27.56472113897475
SRR10070133	6326	9	27.26823509435701
SRR10070134	6326	9	46.32380150553678
SRR10070141	6326	9	28.52304077816891
SRR10070149	6326	9	57.07416145059742
SRR10070150	6326	9	57.7187273364833
SRR10070151	6326	9	58.09774101845657
SRR10102392	6326	9	40.36305594668517
SRR10102393	6326	9	38.40730548709197
SRR10102394	6326	9	38.02045181550863
SRR10070130	6326	10	45.72409564626841
SRR10070131	6326	10	44.69237696043191
SRR10070132	6326	10	27.61498887989133
SRR10070133	6326	10	27.51883621284803
SRR10070134	6326	10	46.37211728637185
SRR10070141	6326	10	28.20738883274251
SRR10070149	6326	10	57.92138771342615
SRR10070150	6326	10	57.63823823977895
SRR10070151	6326	10	57.53879502378842
SRR10102392	6326	10	38.72831859262625
SRR10102393	6326	10	38.40820975693674
SRR10102394	6326	10	38.96062320082827
SRR10070130	6627	1	45.17088996216822
SRR10070131	6627	1	45.55292714705742
SRR10070132	6627	1	27.6261250724216
SRR10070133	6627	1	27.4525417643325
SRR10070134	6627	1	47.91571117678556
SRR10070141	6627	1	29.32197375471953
SRR10070149	6627	1	57.0688516982773
SRR10070150	6627	1	58.1398211200156
SRR10070151	6627	1	58.7763464343928
SRR10102392	6627	1	39.31996643583259
SRR10102393	6627	1	39.85001992643352
SRR10102394	6627	1	38.78818303973473
SRR10070130	6627	2	43.95792752550884
SRR10070131	6627	2	45.90429381767476
SRR10070132	6627	2	27.53710387083273
SRR10070133	6627	2	28.05337338084833
SRR10070134	6627	2	45.70907002241071
SRR10070141	6627	2	28.98710755666168
SRR10070149	6627	2	57.49173940634945
SRR10070150	6627	2	59.18841115493706
SRR10070151	6627	2	59.13351948629666
SRR10102392	6627	2	38.73556123126468
SRR10102393	6627	2	39.65839035832536
SRR10102394	6627	2	38.37033594406014
SRR10070130	6627	3	44.94705772056763
SRR10070131	6627	3	45.64384829736742
SRR10070132	6627	3	27.29455706459852
SRR10070133	6627	3	28.12228184221791
SRR10070134	6627	3	45.36614139477772
SRR10070141	6627	3	29.46638071642186
SRR10070149	6627	3	58.44482764992849
SRR10070150	6627	3	58.69266994139922
SRR10070151	6627	3	58.22430797585943
SRR10102392	6627	3	39.68602991437186
SRR10102393	6627	3	39.26977780527686
SRR10102394	6627	3	38.29674953769467
SRR10070130	6627	4	46.03586966028386
SRR10070131	6627	4	44.74114925740947
SRR10070132	6627	4	27.57392647414687
SRR10070133	6627	4	27.77651496108884
SRR10070134	6627	4	46.82992083657226
SRR10070141	6627	4	29.25688241750096
SRR10070149	6627	4	55.4090677727085
SRR10070150	6627	4	57.51491621311894
SRR10070151	6627	4	58.22452937514158
SRR10102392	6627	4	37.9292790809183
SRR10102393	6627	4	38.82362702805192
SRR10102394	6627	4	39.13718289768249
SRR10070130	6627	5	46.14958784776805
SRR10070131	6627	5	48.08375714277326
SRR10070132	6627	5	27.37181260175574
SRR10070133	6627	5	27.75026299472566
SRR10070134	6627	5	47.61439098922734
SRR10070141	6627	5	28.37417929930718
SRR10070149	6627	5	56.94061196975683
SRR10070150	6627	5	59.17937367012502
SRR10070151	6627	5	59.14955202062297
SRR10102392	6627	5	39.43796992821161
SRR10102393	6627	5	38.14798451241705
SRR10102394	6627	5	38.58736342142492
SRR10070130	6627	6	44.9336359472442
SRR10070131	6627	6	48.41832593967482
SRR10070132	6627	6	27.63546782394094
SRR10070133	6627	6	27.82249734083321
SRR10070134	6627	6	47.03316089098602
SRR10070141	6627	6	29.04032606143358
SRR10070149	6627	6	57.91618912266893
SRR10070150	6627	6	59.88459703199965
SRR10070151	6627	6	58.16741583687657
SRR10102392	6627	6	38.19875317153739
SRR10102393	6627	6	39.18804125390362
SRR10102394	6627	6	38.7284754933316
SRR10070130	6627	7	45.43398147641854
SRR10070131	6627	7	46.17889332646084
SRR10070132	6627	7	27.35711137607145
SRR10070133	6627	7	27.2634597565561
SRR10070134	6627	7	46.23197700623134
SRR10070141	6627	7	28.15528741778197
SRR10070149	6627	7	57.25755548767982
SRR10070150	6627	7	59.22083611020722
SRR10070151	6627	7	57.64242552362817
SRR10102392	6627	7	39.53734874417532
SRR10102393	6627	7	38.13494341889533
SRR10102394	6627	7	39.36460537381888
SRR10070130	6627	8	46.17183219811034
SRR10070131	6627	8	46.74140487285366
SRR10070132	6627	8	27.38247053982736
SRR10070133	6627	8	27.90052044035294
SRR10070134	6627	8	47.05196980666925
SRR10070141	6627	8	29.31675864652704
SRR10070149	6627	8	57.71002668914032
SRR10070150	6627	8	59.02441763786617
SRR10070151	6627	8	56.92664219618295
SRR10102392	6627	8	39.87747535073067
SRR10102393	6627	8	38.32540348555315
SRR10102394	6627	8	38.97382648603756
SRR10070130	6627	9	44.84001380365513
SRR10070131	6627	9	47.85869993788633
SRR10070132	6627	9	27.8967484490146
SRR10070133	6627	9	28.51304682180656
SRR10070134	6627	9	46.31735689880378
SRR10070141	6627	9	28.49762216429909
SRR10070149	6627	9	57.11340537366796
SRR10070150	6627	9	58.32755637873785
SRR10070151	6627	9	58.32541533744499
SRR10102392	6627	9	38.90674753472829
SRR10102393	6627	9	37.78745094108063
SRR10102394	6627	9	38.90973505628563
SRR10070130	6627	10	44.32651783134039
SRR10070131	6627	10	45.81872240613058
SRR10070132	6627	10	27.33645247256075
SRR10070133	6627	10	27.40262608568915
SRR10070134	6627	10	45.95815707651745
SRR10070141	6627	10	28.82481834097937
SRR10070149	6627	10	58.77598213545643
SRR10070150	6627	10	58.50310912823804
SRR10070151	6627	10	59.68581330489314
SRR10102392	6627	10	40.29856919000057
SRR10102393	6627	10	38.69373383177924
SRR10102394	6627	10	38.4836395772837
SRR10070130	6928	1	45.69433710583907
SRR10070131	6928	1	45.04790529174799
SRR10070132	6928	1	27.83955464122268
SRR10070133	6928	1	28.12986315909561
SRR10070134	6928	1	46.58474028692656
SRR10070141	6928	1	28.21786250184877
SRR10070149	6928	1	58.13541998135504
SRR10070150	6928	1	59.12905511550024
SRR10070151	6928	1	59.91072956133136
SRR10102392	6928	1	38.63456680502184
SRR10102393	6928	1	38.82824507017876
SRR10102394	6928	1	39.62505885059298
SRR10070130	6928	2	45.22397499527394
SRR10070131	6928	2	46.59913663037523
SRR10070132	6928	2	27.13865296677258
SRR10070133	6928	2	27.97647330369372
SRR10070134	6928	2	48.65544892406452
SRR10070141	6928	2	30.37321601629459
SRR10070149	6928	2	60.80057282448872
SRR10070150	6928	2	59.24434187445701
SRR10070151	6928	2	58.2550401651562
SRR10102392	6928	2	38.64701568709709
SRR10102393	6928	2	39.37232565923834
SRR10102394	6928	2	38.46743088153235
SRR10070130	6928	3	46.44944697049631
SRR10070131	6928	3	47.66647282411505
SRR10070132	6928	3	27.72297621966722
SRR10070133	6928	3	27.70881929744995
SRR10070134	6928	3	46.54335131380945
SRR10070141	6928	3	28.90962479320106
SRR10070149	6928	3	57.14170687594778
SRR10070150	6928	3	58.7577216362337
SRR10070151	6928	3	59.21663379826657
SRR10102392	6928	3	39.17749114490927
SRR10102393	6928	3	39.05352548192963
SRR10102394	6928	3	38.64141170791955
SRR10070130	6928	4	44.51999792896383
SRR10070131	6928	4	45.80889595704826
SRR10070132	6928	4	27.41291217041717
SRR10070133	6928	4	28.06026128738919
SRR10070134	6928	4	47.89170709848329
SRR10070141	6928	4	28.99463692401106
SRR10070149	6928	4	56.86627819723216
SRR10070150	6928	4	59.4426063576132
SRR10070151	6928	4	59.28336539073453
SRR10102392	6928	4	39.04761299714924
SRR10102393	6928	4	38.21442121106558
SRR10102394	6928	4	39.96933042853877
SRR10070130	6928	5	44.93432346357549
SRR10070131	6928	5	48.41116371486502
SRR10070132	6928	5	27.82194166333797
SRR10070133	6928	5	28.08433806106368
SRR10070134	6928	5	47.59604239939972
SRR10070141	6928	5	28.82810967558398
SRR10070149	6928	5	58.75948464825749
SRR10070150	6928	5	59.91596651440624
SRR10070151	6928	5	58.73788149551214
SRR10102392	6928	5	40.58129301452094
SRR10102393	6928	5	38.93563245649083
SRR10102394	6928	5	39.52041358770022
SRR10070130	6928	6	44.19346846589748
SRR10070131	6928	6	46.46459983450855
SRR10070132	6928	6	27.05678207109614
SRR10070133	6928	6	27.82153027034272
SRR10070134	6928	6	46.60836196409218
SRR10070141	6928	6	29.88393805382999
SRR10070149	6928	6	58.19800891895319
SRR10070150	6928	6	59.62411913283297
SRR10070151	6928	6	57.89659078784236
SRR10102392	6928	6	39.28782306970795
SRR10102393	6928	6	38.71532995719444
SRR10102394	6928	6	39.02634258592195
SRR10070130	6928	7	45.0602047730558
SRR10070131	6928	7	46.72328275780243
SRR10070132	6928	7	27.34357088765993
SRR10070133	6928	7	28.05030963488414
SRR10070134	6928	7	45.79350971497976
SRR10070141	6928	7	29.32347873289627
SRR10070149	6928	7	55.93993349197905
SRR10070150	6928	7	60.04675240466985
SRR10070151	6928	7	57.60818250806475
SRR10102392	6928	7	39.02776483798912
SRR10102393	6928	7	37.70587524969974
SRR10102394	6928	7	38.98078952329157
SRR10070130	6928	8	45.81419004672497
SRR10070131	6928	8	45.75774058314089
SRR10070132	6928	8	27.46994235832518
SRR10070133	6928	8	27.64581211455098
SRR10070134	6928	8	47.53793260635046
SRR10070141	6928	8	29.02716638733036
SRR10070149	6928	8	57.58995373897854
SRR10070150	6928	8	57.78589064777508
SRR10070151	6928	8	58.25121989825578
SRR10102392	6928	8	38.69014185525622
SRR10102393	6928	8	38.54029693394079
SRR10102394	6928	8	38.37384218484537
SRR10070130	6928	9	45.03539665621318
SRR10070131	6928	9	45.51488948130692
SRR10070132	6928	9	27.65725140138388
SRR10070133	6928	9	26.95727419181791
SRR10070134	6928	9	47.74272186422033
SRR10070141	6928	9	29.67637479642378
SRR10070149	6928	9	57.76210632931678
SRR10070150	6928	9	59.82670524385907
SRR10070151	6928	9	58.02201904882394
SRR10102392	6928	9	39.06577111325493
SRR10102393	6928	9	38.89953174744713
SRR10102394	6928	9	40.05831227725304
SRR10070130	6928	10	45.29903144868278
SRR10070131	6928	10	45.73480930062075
SRR10070132	6928	10	27.4528052762761
SRR10070133	6928	10	27.73880244984914
SRR10070134	6928	10	47.71761264157766
SRR10070141	6928	10	29.21764045903445
SRR10070149	6928	10	57.85354510978684
SRR10070150	6928	10	58.01372233660355
SRR10070151	6928	10	57.81351283509589
SRR10102392	6928	10	39.69543722063525
SRR10102393	6928	10	38.56010388915654
SRR10102394	6928	10	39.04200785618971
SRR10070130	7229	1	46.03490269153681
SRR10070131	7229	1	46.03849988803091
SRR10070132	7229	1	27.82106225082102
SRR10070133	7229	1	28.1837935769747
SRR10070134	7229	1	48.7032212944694
SRR10070141	7229	1	29.90071385914554
SRR10070149	7229	1	58.45897022690041
SRR10070150	7229	1	60.28338637717086
SRR10070151	7229	1	58.33615140128823
SRR10102392	7229	1	38.72077022575425
SRR10102393	7229	1	39.24097671897509
SRR10102394	7229	1	40.17550953383691
SRR10070130	7229	2	46.53487925225586
SRR10070131	7229	2	48.06070575124524
SRR10070132	7229	2	27.54219632708279
SRR10070133	7229	2	28.22906298800514
SRR10070134	7229	2	46.4067889215952
SRR10070141	7229	2	29.53704212793003
SRR10070149	7229	2	57.34246821398705
SRR10070150	7229	2	60.0983217613599
SRR10070151	7229	2	57.94514934290502
SRR10102392	7229	2	39.19000231031378
SRR10102393	7229	2	39.25576683162359
SRR10102394	7229	2	39.64390139299127
SRR10070130	7229	3	45.01690134662615
SRR10070131	7229	3	47.06163603042872
SRR10070132	7229	3	27.03726160759381
SRR10070133	7229	3	27.18820873177182
SRR10070134	7229	3	45.85868356244217
SRR10070141	7229	3	29.17365934164765
SRR10070149	7229	3	58.24369331024671
SRR10070150	7229	3	59.8875527797512
SRR10070151	7229	3	59.4046405226267
SRR10102392	7229	3	39.27670795078306
SRR10102393	7229	3	39.16682793353327
SRR10102394	7229	3	38.62905785780991
SRR10070130	7229	4	46.74646964011536
SRR10070131	7229	4	47.03626077595133
SRR10070132	7229	4	27.17920323903947
SRR10070133	7229	4	28.23159538107868
SRR10070134	7229	4	48.13940245044941
SRR10070141	7229	4	29.14884681477185
SRR10070149	7229	4	57.34649717074797
SRR10070150	7229	4	60.66456063239031
SRR10070151	7229	4	59.3556547367031
SRR10102392	7229	4	39.21834069488379
SRR10102393	7229	4	39.12339365801802
SRR10102394	7229	4	40.16922592214456
SRR10070130	7229	5	45.65081735832333
SRR10070131	7229	5	46.59278702362734
SRR10070132	7229	5	27.26667198719959
SRR10070133	7229	5	28.31128969241424
SRR10070134	7229	5	46.02047721588941
SRR10070141	7229	5	30.2170807364301
SRR10070149	7229	5	57.47846392989047
SRR10070150	7229	5	60.49725660833187
SRR10070151	7229	5	59.41333036954808
SRR10102392	7229	5	39.12083376467155
SRR10102393	7229	5	39.21676478634581
SRR10102394	7229	5	38.68118013450228
SRR10070130	7229	6	45.50552779927225
SRR10070131	7229	6	49.2213231946392
SRR10070132	7229	6	27.93439515733783
SRR10070133	7229	6	27.82185907365542
SRR10070134	7229	6	48.3714802272026
SRR10070141	7229	6	29.02638521581049
SRR10070149	7229	6	58.75213488218021
SRR10070150	7229	6	58.42458400887097
SRR10070151	7229	6	59.98947074243048
SRR10102392	7229	6	40.04402304401751
SRR10102393	7229	6	38.73253612096296
SRR10102394	7229	6	39.79396879546935
SRR10070130	7229	7	45.19866870819449
SRR10070131	7229	7	47.34044502672802
SRR10070132	7229	7	27.1098709189069
SRR10070133	7229	7	27.61638521833499
SRR10070134	7229	7	46.98053916482891
SRR10070141	7229	7	29.20302915411402
SRR10070149	7229	7	57.99943847965348
SRR10070150	7229	7	60.59765437566679
SRR10070151	7229	7	61.32413185445166
SRR10102392	7229	7	39.27171245149108
SRR10102393	7229	7	40.40498650238705
SRR10102394	7229	7	39.06411056511023
SRR10070130	7229	8	47.02487945566935
SRR10070131	7229	8	46.6330151017097
SRR10070132	7229	8	27.68375007152369
SRR10070133	7229	8	27.74741385564008
SRR10070134	7229	8	47.98304498764862
SRR10070141	7229	8	29.50730433280313
SRR10070149	7229	8	57.26011400789602
SRR10070150	7229	8	59.13347463179402
SRR10070151	7229	8	58.74349527112842
SRR10102392	7229	8	38.65663759533059
SRR10102393	7229	8	40.0410684442182
SRR10102394	7229	8	38.28684894397072
SRR10070130	7229	9	46.11766922076076
SRR10070131	7229	9	47.93783530923603
SRR10070132	7229	9	27.72503257910292
SRR10070133	7229	9	27.74833174150465
SRR10070134	7229	9	47.16212424033137
SRR10070141	7229	9	29.37968383555513
SRR10070149	7229	9	59.98112220740262
SRR10070150	7229	9	58.79560621893542
SRR10070151	7229	9	58.08301315328861
SRR10102392	7229	9	40.02122296918334
SRR10102393	7229	9	39.44462319574028
SRR10102394	7229	9	40.17358479161682
SRR10070130	7229	10	45.81500055974994
SRR10070131	7229	10	46.76594060701986
SRR10070132	7229	10	27.65987490245295
SRR10070133	7229	10	27.68189446506593
SRR10070134	7229	10	46.9069719516032
SRR10070141	7229	10	28.69055172274332
SRR10070149	7229	10	58.03791556240873
SRR10070150	7229	10	59.50927888692843
SRR10070151	7229	10	60.11510752345021
SRR10102392	7229	10	38.6222810336274
SRR10102393	7229	10	38.87696968296775
SRR10102394	7229	10	39.43870591242477
SRR10070130	7531	1	44.93967232057189
SRR10070131	7531	1	47.23529524032774
SRR10070132	7531	1	27.970920217516
SRR10070133	7531	1	27.68932245814402
SRR10070134	7531	1	47.82470263493168
SRR10070141	7531	1	29.70037108463209
SRR10070149	7531	1	58.87717891272627
SRR10070150	7531	1	61.07971840648673
SRR10070151	7531	1	58.84259181515946
SRR10102392	7531	1	39.54721356955213
SRR10102393	7531	1	39.99830062038028
SRR10102394	7531	1	39.86143377491081
SRR10070130	7531	2	45.25700561490915
SRR10070131	7531	2	47.86187061592431
SRR10070132	7531	2	27.18674724112647
SRR10070133	7531	2	27.75699594543127
SRR10070134	7531	2	47.83393082522723
SRR10070141	7531	2	30.21131774260636
SRR10070149	7531	2	58.57804209233466
SRR10070150	7531	2	58.83765444243109
SRR10070151	7531	2	58.1818888659386
SRR10102392	7531	2	39.81213827375654
SRR10102393	7531	2	39.84089116198592
SRR10102394	7531	2	39.43498660291323
SRR10070130	7531	3	45.87217127299098
SRR10070131	7531	3	47.64256608122893
SRR10070132	7531	3	27.69572023832742
SRR10070133	7531	3	27.38062207226201
SRR10070134	7531	3	46.82693949485169
SRR10070141	7531	3	30.17096741592605
SRR10070149	7531	3	56.68193153846655
SRR10070150	7531	3	59.65089094741378
SRR10070151	7531	3	60.04647443623804
SRR10102392	7531	3	39.51188845397437
SRR10102393	7531	3	39.98136801550337
SRR10102394	7531	3	39.548474306092
SRR10070130	7531	4	45.86932217630487
SRR10070131	7531	4	48.7911956207365
SRR10070132	7531	4	26.94116879497285
SRR10070133	7531	4	28.22717259581
SRR10070134	7531	4	48.28703573085285
SRR10070141	7531	4	29.03747407242389
SRR10070149	7531	4	59.11782211411041
SRR10070150	7531	4	60.93142593568296
SRR10070151	7531	4	58.61176039667632
SRR10102392	7531	4	40.5368570756203
SRR10102393	7531	4	40.58041741634702
SRR10102394	7531	4	38.81211179951934
SRR10070130	7531	5	47.28893313559414
SRR10070131	7531	5	47.55023266930753
SRR10070132	7531	5	27.31941317738536
SRR10070133	7531	5	27.72353152872217
SRR10070134	7531	5	48.35416028049533
SRR10070141	7531	5	29.81796871878409
SRR10070149	7531	5	60.14474072221774
SRR10070150	7531	5	61.1561428600936
SRR10070151	7531	5	60.24917796534086
SRR10102392	7531	5	39.21321506986416
SRR10102393	7531	5	40.68356565474875
SRR10102394	7531	5	40.30636737142601
SRR10070130	7531	6	44.61586691807069
SRR10070131	7531	6	45.7983616410223
SRR10070132	7531	6	28.02759717038284
SRR10070133	7531	6	28.39946616521355
SRR10070134	7531	6	47.53470413057436
SRR10070141	7531	6	30.07558344264476
SRR10070149	7531	6	57.49251801521616
SRR10070150	7531	6	59.47459239682068
SRR10070151	7531	6	60.33740693648384
SRR10102392	7531	6	41.04319247616876
SRR10102393	7531	6	40.15286603368688
SRR10102394	7531	6	38.93940420902591
SRR10070130	7531	7	46.37436109694826
SRR10070131	7531	7	48.40769556215655
SRR10070132	7531	7	27.20810981099352
SRR10070133	7531	7	27.71995195131452
SRR10070134	7531	7	47.32508240504313
SRR10070141	7531	7	30.23633666419398
SRR10070149	7531	7	60.09785397073589
SRR10070150	7531	7	59.03069992959974
SRR10070151	7531	7	58.89444476326191
SRR10102392	7531	7	40.66896618996043
SRR10102393	7531	7	40.38223279292553
SRR10102394	7531	7	40.48045684599266
SRR10070130	7531	8	46.4682091753969
SRR10070131	7531	8	46.45304294270388
SRR10070132	7531	8	27.83900015038821
SRR10070133	7531	8	28.02346284148095
SRR10070134	7531	8	47.59680361747078
SRR10070141	7531	8	29.59336445769674
SRR10070149	7531	8	58.98255292961578
SRR10070150	7531	8	59.81097428190306
SRR10070151	7531	8	60.41536494376642
SRR10102392	7531	8	40.33512617663515
SRR10102393	7531	8	40.88296236170212
SRR10102394	7531	8	38.47969607402121
SRR10070130	7531	9	43.70433765468362
SRR10070131	7531	9	48.20568097971464
SRR10070132	7531	9	27.7606180785938
SRR10070133	7531	9	27.15136066480087
SRR10070134	7531	9	47.91810353610466
SRR10070141	7531	9	28.95412922955212
SRR10070149	7531	9	58.48490174352079
SRR10070150	7531	9	58.61337143442424
SRR10070151	7531	9	58.7265019304987
SRR10102392	7531	9	39.32636537583478
SRR10102393	7531	9	40.58067369558167
SRR10102394	7531	9	39.55560106743611
SRR10070130	7531	10	45.8379966810899
SRR10070131	7531	10	45.98520509550519
SRR10070132	7531	10	27.4176166937178
SRR10070133	7531	10	27.58776906553239
SRR10070134	7531	10	48.59198620088334
SRR10070141	7531	10	29.63782289971229
SRR10070149	7531	10	60.8567688183077
SRR10070150	7531	10	60.29365396611877
SRR10070151	7531	10	58.91317086979567
SRR10102392	7531	10	39.18498925836679
SRR10102393	7531	10	39.27772156421219
SRR10102394	7531	10	40.64925837229049
SRR10070130	7832	1	47.7754890953069
SRR10070131	7832	1	48.85047995783094
SRR10070132	7832	1	26.9741626692789
SRR10070133	7832	1	28.04678706173464
SRR10070134	7832	1	47.33254720233882
SRR10070141	7832	1	28.9892022428868
SRR10070149	7832	1	59.66407710200752
SRR10070150	7832	1	58.5317529703096
SRR10070151	7832	1	59.87522908259825
SRR10102392	7832	1	40.59908646207908
SRR10102393	7832	1	40.14059599048317
SRR10102394	7832	1	38.76769904148154
SRR10070130	7832	2	46.10589421976064
SRR10070131	7832	2	47.63782802280662
SRR10070132	7832	2	27.81099629257377
SRR10070133	7832	2	27.74229647663342
SRR10070134	7832	2	48.60650536343247
SRR10070141	7832	2	29.66277300143351
SRR10070149	7832	2	60.55028612302006
SRR10070150	7832	2	60.39768219351799
SRR10070151	7832	2	59.09364079006168
SRR10102392	7832	2	39.47325036826058
SRR10102393	7832	2	39.60349230941514
SRR10102394	7832	2	40.6605661554951
SRR10070130	7832	3	45.97575658455187
SRR10070131	7832	3	47.82472850016345
SRR10070132	7832	3	27.92360369843813
SRR10070133	7832	3	27.44037121371977
SRR10070134	7832	3	47.534977258067
SRR10070141	7832	3	28.8347658964507
SRR10070149	7832	3	58.40791953146555
SRR10070150	7832	3	60.4685351906345
SRR10070151	7832	3	60.0690148563861
SRR10102392	7832	3	40.44694634510677
SRR10102393	7832	3	40.54169587878613
SRR10102394	7832	3	38.77933376251844
SRR10070130	7832	4	44.91375480825157
SRR10070131	7832	4	47.14151835561219
SRR10070132	7832	4	27.67444241228085
SRR10070133	7832	4	27.95471310936754
SRR10070134	7832	4	48.16278202238359
SRR10070141	7832	4	29.36688998505327
SRR10070149	7832	4	58.7570472824969
SRR10070150	7832	4	60.27303434815966
SRR10070151	7832	4	59.69805663203852
SRR10102392	7832	4	40.94159160343082
SRR10102393	7832	4	40.87603790948726
SRR10102394	7832	4	40.93656762133274
SRR10070130	7832	5	45.64794813937451
SRR10070131	7832	5	48.70691637964969
SRR10070132	7832	5	27.4306401264171
SRR10070133	7832	5	27.78964598558403
SRR10070134	7832	5	48.06042935821853
SRR10070141	7832	5	29.48533446057781
SRR10070149	7832	5	59.14806748646426
SRR10070150	7832	5	59.74696104656341
SRR10070151	7832	5	60.18180400914574
SRR10102392	7832	5	39.66289017704653
SRR10102393	7832	5	39.97810838825997
SRR10102394	7832	5	39.01765001689463
SRR10070130	7832	6	45.47286312128813
SRR10070131	7832	6	47.23198049819728
SRR10070132	7832	6	27.12561257585334
SRR10070133	7832	6	28.35981616575762
SRR10070134	7832	6	49.00181182322026
SRR10070141	7832	6	29.46863002861
SRR10070149	7832	6	59.20894440781288
SRR10070150	7832	6	59.7062732793157
SRR10070151	7832	6	60.7774663044632
SRR10102392	7832	6	40.40972553761362
SRR10102393	7832	6	39.08792097804602
SRR10102394	7832	6	40.39874765944894
SRR10070130	7832	7	46.21138867445802
SRR10070131	7832	7	47.90329028064085
SRR10070132	7832	7	27.85675139580425
SRR10070133	7832	7	28.01512399356143
SRR10070134	7832	7	48.4790428839439
SRR10070141	7832	7	29.1887438058729
SRR10070149	7832	7	58.0410151414562
SRR10070150	7832	7	61.0402103932377
SRR10070151	7832	7	59.11345622541667
SRR10102392	7832	7	40.53129560768512
SRR10102393	7832	7	38.91940952522878
SRR10102394	7832	7	38.81263320254254
SRR10070130	7832	8	44.54774002300521
SRR10070131	7832	8	47.68276026795305
SRR10070132	7832	8	28.02827400603714
SRR10070133	7832	8	28.37489867921718
SRR10070134	7832	8	48.81872501798122
SRR10070141	7832	8	29.56844388601224
SRR10070149	7832	8	60.28585524642241
SRR10070150	7832	8	59.18232795429665
SRR10070151	7832	8	60.41033075526285
SRR10102392	7832	8	39.16338921990371
SRR10102393	7832	8	39.62824733428059
SRR10102394	7832	8	38.87662600607757
SRR10070130	7832	9	47.99528205241806
SRR10070131	7832	9	45.804496886102
SRR10070132	7832	9	27.68580788915428
SRR10070133	7832	9	28.27204244852797
SRR10070134	7832	9	46.63531665719719
SRR10070141	7832	9	29.49445109739698
SRR10070149	7832	9	59.02897434310653
SRR10070150	7832	9	60.02147694375144
SRR10070151	7832	9	59.68898724626346
SRR10102392	7832	9	39.34406457921695
SRR10102393	7832	9	39.57192106830277
SRR10102394	7832	9	38.92203434274686
SRR10070130	7832	10	46.49385756379648
SRR10070131	7832	10	47.41439799670745
SRR10070132	7832	10	27.10173741850453
SRR10070133	7832	10	27.60547358048651
SRR10070134	7832	10	47.6684626095365
SRR10070141	7832	10	29.3911558246074
SRR10070149	7832	10	59.55106918226691
SRR10070150	7832	10	59.20300121536256
SRR10070151	7832	10	59.22289078801456
SRR10102392	7832	10	38.69735718510773
SRR10102393	7832	10	39.51701329618997
SRR10102394	7832	10	40.11018723912957
SRR10070130	8133	1	46.3213716068961
SRR10070131	8133	1	47.86823051885638
SRR10070132	8133	1	27.59211893759076
SRR10070133	8133	1	28.52721070882424
SRR10070134	8133	1	47.37293587798388
SRR10070141	8133	1	30.16211940866857
SRR10070149	8133	1	59.25016410607808
SRR10070150	8133	1	61.14798343123523
SRR10070151	8133	1	59.60137127844901
SRR10102392	8133	1	39.65109664860906
SRR10102393	8133	1	39.3453302775096
SRR10102394	8133	1	39.13008555570632
SRR10070130	8133	2	46.15783776245375
SRR10070131	8133	2	49.12543182644446
SRR10070132	8133	2	27.91736956949037
SRR10070133	8133	2	28.32597149395754
SRR10070134	8133	2	47.17710488489882
SRR10070141	8133	2	29.43989529304168
SRR10070149	8133	2	59.70667399310951
SRR10070150	8133	2	60.47596489184191
SRR10070151	8133	2	59.47585729136762
SRR10102392	8133	2	39.62153102425318
SRR10102393	8133	2	39.52422740047325
SRR10102394	8133	2	39.73360992329432
SRR10070130	8133	3	47.55324034670882
SRR10070131	8133	3	48.22819807150695
SRR10070132	8133	3	27.7277435609591
SRR10070133	8133	3	27.95448430580458
SRR10070134	8133	3	49.34594333989111
SRR10070141	8133	3	29.42970768049333
SRR10070149	8133	3	57.86350213149889
SRR10070150	8133	3	61.28728250084687
SRR10070151	8133	3	59.10513109988367
SRR10102392	8133	3	40.10743066188172
SRR10102393	8133	3	39.59223121247574
SRR10102394	8133	3	40.59109324313529
SRR10070130	8133	4	47.03127029052387
SRR10070131	8133	4	47.183083719145
SRR10070132	8133	4	27.75412573858787
SRR10070133	8133	4	27.84771402494541
SRR10070134	8133	4	48.32461092902238
SRR10070141	8133	4	29.46170665510784
SRR10070149	8133	4	60.40804757488403
SRR10070150	8133	4	59.03134795831284
SRR10070151	8133	4	60.60273697262425
SRR10102392	8133	4	39.69279596588566
SRR10102393	8133	4	40.3920003308732
SRR10102394	8133	4	39.880246271141
SRR10070130	8133	5	45.86981323219074
SRR10070131	8133	5	48.15850621906375
SRR10070132	8133	5	27.47752139053462
SRR10070133	8133	5	28.11709943763591
SRR10070134	8133	5	47.33582569291269
SRR10070141	8133	5	29.89433275299469
SRR10070149	8133	5	60.1877771154544
SRR10070150	8133	5	59.53239357213631
SRR10070151	8133	5	58.62683492168492
SRR10102392	8133	5	39.68708245386831
SRR10102393	8133	5	40.62271917082256
SRR10102394	8133	5	39.14857420105157
SRR10070130	8133	6	45.33463353538947
SRR10070131	8133	6	48.8004007682617
SRR10070132	8133	6	27.68054680347134
SRR10070133	8133	6	28.32104141105962
SRR10070134	8133	6	48.40436634159997
SRR10070141	8133	6	30.51024455595843
SRR10070149	8133	6	59.16598510858459
SRR10070150	8133	6	59.26211778458798
SRR10070151	8133	6	60.02958858330938
SRR10102392	8133	6	40.42925423402932
SRR10102393	8133	6	39.73149605555901
SRR10102394	8133	6	39.2901423413448
SRR10070130	8133	7	46.73869553767997
SRR10070131	8133	7	48.34696178936782
SRR10070132	8133	7	27.62642938231741
SRR10070133	8133	7	28.014278703176
SRR10070134	8133	7	48.3272978056759
SRR10070141	8133	7	29.361770561683
SRR10070149	8133	7	60.67771701476046
SRR10070150	8133	7	61.15086808507936
SRR10070151	8133	7	59.99670137387982
SRR10102392	8133	7	39.25627100791195
SRR10102393	8133	7	39.19107444990441
SRR10102394	8133	7	38.92440435213746
SRR10070130	8133	8	45.73057015478208
SRR10070131	8133	8	48.74626890340644
SRR10070132	8133	8	28.03712244593921
SRR10070133	8133	8	28.29834473739058
SRR10070134	8133	8	48.49834526223419
SRR10070141	8133	8	29.57154961981214
SRR10070149	8133	8	58.67937870669408
SRR10070150	8133	8	60.4283641831042
SRR10070151	8133	8	60.64786899997213
SRR10102392	8133	8	39.04239902161056
SRR10102393	8133	8	39.81008298803839
SRR10102394	8133	8	39.31091922962001
SRR10070130	8133	9	45.39989723468013
SRR10070131	8133	9	49.39130805750397
SRR10070132	8133	9	27.48975776014421
SRR10070133	8133	9	28.38523306015306
SRR10070134	8133	9	47.56519997840103
SRR10070141	8133	9	29.93104375387395
SRR10070149	8133	9	58.3654631855113
SRR10070150	8133	9	61.11740792910574
SRR10070151	8133	9	61.02496680947514
SRR10102392	8133	9	40.6639110568093
SRR10102393	8133	9	39.29245717024553
SRR10102394	8133	9	38.91194059948811
SRR10070130	8133	10	47.37917068522253
SRR10070131	8133	10	49.12172116851679
SRR10070132	8133	10	28.08393492252948
SRR10070133	8133	10	27.62731746625994
SRR10070134	8133	10	47.39771844794118
SRR10070141	8133	10	29.20630059112365
SRR10070149	8133	10	58.88776514272182
SRR10070150	8133	10	60.88486772386243
SRR10070151	8133	10	59.22857318078909
SRR10102392	8133	10	40.16758104979534
SRR10102393	8133	10	40.87624014396659
SRR10102394	8133	10	40.23841336461263
SRR10070130	8434	1	47.19320777220572
SRR10070131	8434	1	48.06042543120495
SRR10070132	8434	1	27.81595125963362
SRR10070133	8434	1	28.22773126899305
SRR10070134	8434	1	50.44212445143997
SRR10070141	8434	1	29.82523801411356
SRR10070149	8434	1	58.97456464546138
SRR10070150	8434	1	61.05472191778825
SRR10070151	8434	1	59.71857525019358
SRR10102392	8434	1	39.69242967483435
SRR10102393	8434	1	39.32239527534907
SRR10102394	8434	1	39.94097882279207
SRR10070130	8434	2	46.61723729365446
SRR10070131	8434	2	48.29179114150647
SRR10070132	8434	2	26.9636079853532
SRR10070133	8434	2	27.9968048902742
SRR10070134	8434	2	49.23504791809753
SRR10070141	8434	2	30.07807139060806
SRR10070149	8434	2	59.0723456725859
SRR10070150	8434	2	61.56945985002668
SRR10070151	8434	2	59.94226067476247
SRR10102392	8434	2	39.48780414929049
SRR10102393	8434	2	41.16774035416412
SRR10102394	8434	2	39.8572765347994
SRR10070130	8434	3	47.40000979746385
SRR10070131	8434	3	47.48277098804422
SRR10070132	8434	3	27.19785653911102
SRR10070133	8434	3	28.27622080889889
SRR10070134	8434	3	48.6384632767633
SRR10070141	8434	3	29.91372067419083
SRR10070149	8434	3	60.32365087284428
SRR10070150	8434	3	60.69051052059636
SRR10070151	8434	3	59.07117357313093
SRR10102392	8434	3	39.54334171355006
SRR10102393	8434	3	40.88093295486739
SRR10102394	8434	3	39.31975143641131
SRR10070130	8434	4	46.39133319573422
SRR10070131	8434	4	47.71324410203546
SRR10070132	8434	4	27.9438191633163
SRR10070133	8434	4	28.11424937325792
SRR10070134	8434	4	48.79778027983325
SRR10070141	8434	4	30.12247686496909
SRR10070149	8434	4	60.09310591422717
SRR10070150	8434	4	60.53638799808348
SRR10070151	8434	4	59.6088003547658
SRR10102392	8434	4	39.47883323440791
SRR10102393	8434	4	39.48373144771281
SRR10102394	8434	4	39.63176447844842
SRR10070130	8434	5	46.54789231739859
SRR10070131	8434	5	47.50143088858231
SRR10070132	8434	5	26.89407056169156
SRR10070133	8434	5	28.37150177965552
SRR10070134	8434	5	48.89349604103953
SRR10070141	8434	5	30.11313327594622
SRR10070149	8434	5	59.11288779080371
SRR10070150	8434	5	61.62799956963151
SRR10070151	8434	5	60.72881155232464
SRR10102392	8434	5	41.04185508192484
SRR10102393	8434	5	41.26757614643073
SRR10102394	8434	5	40.15875596347767
SRR10070130	8434	6	46.48830006787254
SRR10070131	8434	6	47.7063668595782
SRR10070132	8434	6	28.08612738998058
SRR10070133	8434	6	28.60656584059367
SRR10070134	8434	6	48.31652607631415
SRR10070141	8434	6	29.84536903761541
SRR10070149	8434	6	60.27902591589812
SRR10070150	8434	6	60.80461973088104
SRR10070151	8434	6	59.50044324385749
SRR10102392	8434	6	39.80247753486499
SRR10102393	8434	6	40.36445516827156
SRR10102394	8434	6	39.69399647877705
SRR10070130	8434	7	47.9683740666048
SRR10070131	8434	7	48.58074946491888
SRR10070132	8434	7	27.68487654807549
SRR10070133	8434	7	28.13236164569414
SRR10070134	8434	7	47.36168496264055
SRR10070141	8434	7	30.74336775724738
SRR10070149	8434	7	58.66002508826079
SRR10070150	8434	7	59.71940666767173
SRR10070151	8434	7	59.53097612823192
SRR10102392	8434	7	41.01551512216294
SRR10102393	8434	7	40.14064816908331
SRR10102394	8434	7	40.61781330405532
SRR10070130	8434	8	46.31085839711283
SRR10070131	8434	8	49.3630807749267
SRR10070132	8434	8	28.10637446663034
SRR10070133	8434	8	28.42091683618392
SRR10070134	8434	8	48.54400727044129
SRR10070141	8434	8	29.30434356041016
SRR10070149	8434	8	60.93081752931312
SRR10070150	8434	8	59.47044975956667
SRR10070151	8434	8	61.10443830910054
SRR10102392	8434	8	41.12532523536355
SRR10102393	8434	8	39.72857215388206
SRR10102394	8434	8	39.30085942933036
SRR10070130	8434	9	47.22192269576899
SRR10070131	8434	9	47.71984413252692
SRR10070132	8434	9	28.02990164894302
SRR10070133	8434	9	28.70983524305065
SRR10070134	8434	9	48.34442870526589
SRR10070141	8434	9	30.00160425280086
SRR10070149	8434	9	60.11935846036967
SRR10070150	8434	9	61.37433333451756
SRR10070151	8434	9	60.93273132085716
SRR10102392	8434	9	40.9999889429996
SRR10102393	8434	9	39.78945134673584
SRR10102394	8434	9	39.69192640409045
SRR10070130	8434	10	45.83949390677443
SRR10070131	8434	10	50.713760573166
SRR10070132	8434	10	27.90876021637964
SRR10070133	8434	10	28.38136569527589
SRR10070134	8434	10	47.39836853681958
SRR10070141	8434	10	30.0809194866576
SRR10070149	8434	10	58.74457134769769
SRR10070150	8434	10	59.8546033878044
SRR10070151	8434	10	60.34991493460202
SRR10102392	8434	10	40.05842844673337
SRR10102393	8434	10	41.11832443849064
SRR10102394	8434	10	40.18334719697273
SRR10070130	8735	1	47.03982827325387
SRR10070131	8735	1	49.3052186857273
SRR10070132	8735	1	27.99530136067923
SRR10070133	8735	1	28.45034864708461
SRR10070134	8735	1	49.2884467506147
SRR10070141	8735	1	29.89099774906744
SRR10070149	8735	1	58.76974923444077
SRR10070150	8735	1	60.25928731806443
SRR10070151	8735	1	59.34178806510588
SRR10102392	8735	1	39.72359093417739
SRR10102393	8735	1	41.33290280240442
SRR10102394	8735	1	39.38239707172955
SRR10070130	8735	2	45.99513150061971
SRR10070131	8735	2	48.58269810049138
SRR10070132	8735	2	27.64982011338147
SRR10070133	8735	2	28.35611818649366
SRR10070134	8735	2	48.49031864532737
SRR10070141	8735	2	29.68882000215924
SRR10070149	8735	2	58.57257129898043
SRR10070150	8735	2	61.28343034251596
SRR10070151	8735	2	60.57508425610406
SRR10102392	8735	2	39.10907745269494
SRR10102393	8735	2	39.36629872926618
SRR10102394	8735	2	40.13935251624813
SRR10070130	8735	3	46.13188731064576
SRR10070131	8735	3	47.33513321111009
SRR10070132	8735	3	27.51836938347119
SRR10070133	8735	3	28.27483966253245
SRR10070134	8735	3	49.19899843843341
SRR10070141	8735	3	29.56540159394127
SRR10070149	8735	3	59.42695706178081
SRR10070150	8735	3	60.83015029878133
SRR10070151	8735	3	59.53888094853209
SRR10102392	8735	3	41.06392176821615
SRR10102393	8735	3	41.45429258377719
SRR10102394	8735	3	39.47959519065574
SRR10070130	8735	4	45.79878271885858
SRR10070131	8735	4	49.07634075559129
SRR10070132	8735	4	28.12206813210073
SRR10070133	8735	4	28.15040203404767
SRR10070134	8735	4	48.44623349037033
SRR10070141	8735	4	29.90265972902041
SRR10070149	8735	4	60.57317923789819
SRR10070150	8735	4	61.78309380013355
SRR10070151	8735	4	60.43061677437888
SRR10102392	8735	4	40.77167362432125
SRR10102393	8735	4	40.63482402858414
SRR10102394	8735	4	39.53871504005871
SRR10070130	8735	5	46.20660640932368
SRR10070131	8735	5	46.97335639238167
SRR10070132	8735	5	27.90178300748962
SRR10070133	8735	5	28.54213441750513
SRR10070134	8735	5	49.31756636039901
SRR10070141	8735	5	29.80326797209774
SRR10070149	8735	5	58.75779434734568
SRR10070150	8735	5	61.29197263026737
SRR10070151	8735	5	60.68238720719958
SRR10102392	8735	5	40.52989325629738
SRR10102393	8735	5	39.86816300730634
SRR10102394	8735	5	39.2919131623721
SRR10070130	8735	6	48.14082836849515
SRR10070131	8735	6	48.26211952439687
SRR10070132	8735	6	27.81734405306322
SRR10070133	8735	6	27.98857213895567
SRR10070134	8735	6	47.71815729887501
SRR10070141	8735	6	29.87217022253066
SRR10070149	8735	6	59.87058150229274
SRR10070150	8735	6	59.75079259427852
SRR10070151	8735	6	61.71849151052693
SRR10102392	8735	6	39.72017122482401
SRR10102393	8735	6	39.555929693754
SRR10102394	8735	6	41.20324842521133
SRR10070130	8735	7	47.90001376582933
SRR10070131	8735	7	49.03663339353326
SRR10070132	8735	7	27.83097327576401
SRR10070133	8735	7	28.21639255484804
SRR10070134	8735	7	49.59159371410988
SRR10070141	8735	7	29.84106637055851
SRR10070149	8735	7	59.29298231995642
SRR10070150	8735	7	60.76325678445995
SRR10070151	8735	7	59.63101606964413
SRR10102392	8735	7	41.58330786692451
SRR10102393	8735	7	40.04540827841939
SRR10102394	8735	7	39.81618595244021
SRR10070130	8735	8	48.17648334055693
SRR10070131	8735	8	49.03069618857613
SRR10070132	8735	8	27.69699573151459
SRR10070133	8735	8	28.05730876892833
SRR10070134	8735	8	48.4853975566737
SRR10070141	8735	8	29.70165730815114
SRR10070149	8735	8	58.69195473800508
SRR10070150	8735	8	60.83139837742655
SRR10070151	8735	8	60.93582022404112
SRR10102392	8735	8	40.01332109828485
SRR10102393	8735	8	39.8784233922857
SRR10102394	8735	8	39.18352543255763
SRR10070130	8735	9	45.9508013402617
SRR10070131	8735	9	48.92391675254933
SRR10070132	8735	9	28.00111769656509
SRR10070133	8735	9	27.92950913413678
SRR10070134	8735	9	48.36783801414999
SRR10070141	8735	9	30.58577516449125
SRR10070149	8735	9	58.98970094928374
SRR10070150	8735	9	60.48836857167769
SRR10070151	8735	9	59.97145431506355
SRR10102392	8735	9	41.03501758438647
SRR10102393	8735	9	40.94018193208588
SRR10102394	8735	9	39.73767746395555
SRR10070130	8735	10	47.36560216188492
SRR10070131	8735	10	49.10286944623603
SRR10070132	8735	10	27.8360863201743
SRR10070133	8735	10	27.97596078838844
SRR10070134	8735	10	48.33834054894432
SRR10070141	8735	10	29.93198377834144
SRR10070149	8735	10	58.53688735185756
SRR10070150	8735	10	60.88334327349441
SRR10070151	8735	10	61.43671400018783
SRR10102392	8735	10	40.62793082071727
SRR10102393	8735	10	39.42604654384889
SRR10102394	8735	10	39.56983411762896
SRR10070130	9037	1	47.4740843738991
SRR10070131	9037	1	48.59828005035202
SRR10070132	9037	1	27.16021473956797
SRR10070133	9037	1	28.05736978533586
SRR10070134	9037	1	48.77433061603078
SRR10070141	9037	1	29.80857614743497
SRR10070149	9037	1	59.08290989715259
SRR10070150	9037	1	60.92512870374472
SRR10070151	9037	1	61.86259098428085
SRR10102392	9037	1	39.96220280445414
SRR10102393	9037	1	41.12066322971424
SRR10102394	9037	1	39.17620622897444
SRR10070130	9037	2	47.27803285331157
SRR10070131	9037	2	48.1855977582887
SRR10070132	9037	2	27.99475505884188
SRR10070133	9037	2	28.24268524853871
SRR10070134	9037	2	49.38158322898408
SRR10070141	9037	2	30.00163587088568
SRR10070149	9037	2	60.95587596641005
SRR10070150	9037	2	61.40140978443782
SRR10070151	9037	2	59.92900461377276
SRR10102392	9037	2	41.40630638499851
SRR10102393	9037	2	40.64925029955299
SRR10102394	9037	2	40.54201354819018
SRR10070130	9037	3	47.54666092511314
SRR10070131	9037	3	48.30491414552014
SRR10070132	9037	3	28.04967262112918
SRR10070133	9037	3	28.43523959774071
SRR10070134	9037	3	49.42715306231922
SRR10070141	9037	3	30.5095775607738
SRR10070149	9037	3	60.21088849518408
SRR10070150	9037	3	60.28862765604978
SRR10070151	9037	3	58.77351774696444
SRR10102392	9037	3	41.06974709640034
SRR10102393	9037	3	40.67192613472536
SRR10102394	9037	3	39.48183973051863
SRR10070130	9037	4	46.64691407519565
SRR10070131	9037	4	48.99540408341234
SRR10070132	9037	4	27.48844657034767
SRR10070133	9037	4	28.16784057986241
SRR10070134	9037	4	48.25110629727079
SRR10070141	9037	4	30.58727178927593
SRR10070149	9037	4	61.27618521567047
SRR10070150	9037	4	59.68221621604161
SRR10070151	9037	4	60.97008312697445
SRR10102392	9037	4	41.57097318826577
SRR10102393	9037	4	41.26370126353915
SRR10102394	9037	4	39.78653176727732
SRR10070130	9037	5	48.78549107576762
SRR10070131	9037	5	48.00622394196505
SRR10070132	9037	5	28.00767178129907
SRR10070133	9037	5	28.19934081065028
SRR10070134	9037	5	48.41349564937295
SRR10070141	9037	5	30.16288882738644
SRR10070149	9037	5	59.67256184802128
SRR10070150	9037	5	60.66693630542731
SRR10070151	9037	5	61.45540961950022
SRR10102392	9037	5	41.34745673422495
SRR10102393	9037	5	40.14047909110642
SRR10102394	9037	5	39.361397667914
SRR10070130	9037	6	48.02664283107417
SRR10070131	9037	6	49.54239585529373
SRR10070132	9037	6	27.9106167469305
SRR10070133	9037	6	28.27437771130261
SRR10070134	9037	6	48.65967811990324
SRR10070141	9037	6	29.87399221584986
SRR10070149	9037	6	61.19859824344037
SRR10070150	9037	6	59.96798364741254
SRR10070151	9037	6	60.74504070364898
SRR10102392	9037	6	40.04894882143708
SRR10102393	9037	6	39.55058880521888
SRR10102394	9037	6	41.12449370461666
SRR10070130	9037	7	48.01826723409277
SRR10070131	9037	7	48.67181692237178
SRR10070132	9037	7	27.88796021085735
SRR10070133	9037	7	28.49500564337826
SRR10070134	9037	7	48.62551855436111
SRR10070141	9037	7	30.44115952433289
SRR10070149	9037	7	59.47174733701827
SRR10070150	9037	7	60.09746514298833
SRR10070151	9037	7	60.55184976314902
SRR10102392	9037	7	41.43319702176363
SRR10102393	9037	7	41.3792571469623
SRR10102394	9037	7	40.55056360044067
SRR10070130	9037	8	47.53106016950615
SRR10070131	9037	8	48.43984891493983
SRR10070132	9037	8	27.66680370056573
SRR10070133	9037	8	28.25940506763886
SRR10070134	9037	8	49.81537216682276
SRR10070141	9037	8	29.99440356937902
SRR10070149	9037	8	61.74158115328051
SRR10070150	9037	8	60.39719492826389
SRR10070151	9037	8	60.25530802316182
SRR10102392	9037	8	40.97938230106052
SRR10102393	9037	8	39.56953168401485
SRR10102394	9037	8	39.19633031582833
SRR10070130	9037	9	47.44204103994584
SRR10070131	9037	9	47.99067287992013
SRR10070132	9037	9	27.89481107035103
SRR10070133	9037	9	28.23837634577798
SRR10070134	9037	9	49.50687044267973
SRR10070141	9037	9	30.31206361379208
SRR10070149	9037	9	60.01298505374884
SRR10070150	9037	9	60.29466746093097
SRR10070151	9037	9	60.51974081469517
SRR10102392	9037	9	40.70622949809188
SRR10102393	9037	9	39.73476756746001
SRR10102394	9037	9	39.67901996549231
SRR10070130	9037	10	47.26567529117589
SRR10070131	9037	10	47.94425417218273
SRR10070132	9037	10	27.98329063813584
SRR10070133	9037	10	28.46160926815841
SRR10070134	9037	10	47.98616274724364
SRR10070141	9037	10	30.53648746712918
SRR10070149	9037	10	60.0044670090343
SRR10070150	9037	10	61.50668015325204
SRR10070151	9037	10	61.69810935187438
SRR10102392	9037	10	40.012454089855
SRR10102393	9037	10	40.55917524390481
SRR10102394	9037	10	39.85412057004527
SRR10070130	9338	1	46.90163288724422
SRR10070131	9338	1	50.09109852011469
SRR10070132	9338	1	27.9875367157584
SRR10070133	9338	1	28.40489952744716
SRR10070134	9338	1	49.33641606478432
SRR10070141	9338	1	30.13567469449555
SRR10070149	9338	1	57.92797217054631
SRR10070150	9338	1	60.80762185351195
SRR10070151	9338	1	60.48052145298017
SRR10102392	9338	1	40.00529750347579
SRR10102393	9338	1	40.54819594170748
SRR10102394	9338	1	39.3396046895223
SRR10070130	9338	2	47.3821983416112
SRR10070131	9338	2	48.76367749120271
SRR10070132	9338	2	27.8206900376318
SRR10070133	9338	2	27.86893348065113
SRR10070134	9338	2	49.25521329641229
SRR10070141	9338	2	30.50449315319339
SRR10070149	9338	2	61.79666440306322
SRR10070150	9338	2	60.83222734723817
SRR10070151	9338	2	60.40440024951972
SRR10102392	9338	2	40.86061927505303
SRR10102393	9338	2	40.23683697112928
SRR10102394	9338	2	39.99789227868583
SRR10070130	9338	3	48.09011681839858
SRR10070131	9338	3	49.2224080999768
SRR10070132	9338	3	27.94702454080256
SRR10070133	9338	3	28.62481844443736
SRR10070134	9338	3	49.63019960896206
SRR10070141	9338	3	30.46181733220789
SRR10070149	9338	3	60.85112505794105
SRR10070150	9338	3	61.5045871250402
SRR10070151	9338	3	61.73525808523644
SRR10102392	9338	3	41.11361501766022
SRR10102393	9338	3	40.58921841438484
SRR10102394	9338	3	39.40679667651672
SRR10070130	9338	4	46.84690015139817
SRR10070131	9338	4	49.8961829837321
SRR10070132	9338	4	27.99475505884188
SRR10070133	9338	4	28.46894229186486
SRR10070134	9338	4	48.5842200600943
SRR10070141	9338	4	30.36189170271144
SRR10070149	9338	4	60.86151537516598
SRR10070150	9338	4	61.63923155288786
SRR10070151	9338	4	60.93345895945107
SRR10102392	9338	4	39.36055883799685
SRR10102393	9338	4	39.84322798761193
SRR10102394	9338	4	40.17346845689963
SRR10070130	9338	5	47.16880204145377
SRR10070131	9338	5	48.90214333648843
SRR10070132	9338	5	27.97506539040628
SRR10070133	9338	5	28.10666553508398
SRR10070134	9338	5	49.56473508175633
SRR10070141	9338	5	30.36578771967119
SRR10070149	9338	5	59.02382713515275
SRR10070150	9338	5	60.36012546431729
SRR10070151	9338	5	60.68610171366766
SRR10102392	9338	5	40.15665503560101
SRR10102393	9338	5	40.45091818983997
SRR10102394	9338	5	40.17492969403179
SRR10070130	9338	6	46.98269831915542
SRR10070131	9338	6	49.24803284747667
SRR10070132	9338	6	27.62320898362818
SRR10070133	9338	6	28.51607603597122
SRR10070134	9338	6	49.4742665305945
SRR10070141	9338	6	29.64535025805317
SRR10070149	9338	6	60.13415613345884
SRR10070150	9338	6	60.94303409694128
SRR10070151	9338	6	59.85648531593893
SRR10102392	9338	6	40.42120860392694
SRR10102393	9338	6	40.03226104579748
SRR10102394	9338	6	41.16244027836839
SRR10070130	9338	7	47.19384109236108
SRR10070131	9338	7	49.73148165808325
SRR10070132	9338	7	28.10193306656005
SRR10070133	9338	7	28.48196531680903
SRR10070134	9338	7	49.02614236695842
SRR10070141	9338	7	29.451618472447
SRR10070149	9338	7	59.74998029017437
SRR10070150	9338	7	61.87880581932132
SRR10070151	9338	7	60.74197086921348
SRR10102392	9338	7	41.4263779597527
SRR10102393	9338	7	39.77019628696356
SRR10102394	9338	7	39.79448139341337
SRR10070130	9338	8	47.67492944462844
SRR10070131	9338	8	48.88400053451115
SRR10070132	9338	8	28.06118095800783
SRR10070133	9338	8	28.19342490711037
SRR10070134	9338	8	50.07769943880147
SRR10070141	9338	8	30.40210723697169
SRR10070149	9338	8	59.18106261215017
SRR10070150	9338	8	61.60254866059275
SRR10070151	9338	8	61.80300380023088
SRR10102392	9338	8	39.94068472118494
SRR10102393	9338	8	39.92864208580909
SRR10102394	9338	8	40.0969899489453
SRR10070130	9338	9	46.44152139156288
SRR10070131	9338	9	49.23541257096713
SRR10070132	9338	9	27.78325548052239
SRR10070133	9338	9	28.40137298387022
SRR10070134	9338	9	48.56925586370993
SRR10070141	9338	9	30.75169890419841
SRR10070149	9338	9	58.73415079589441
SRR10070150	9338	9	61.58056737202683
SRR10070151	9338	9	60.1057184705725
SRR10102392	9338	9	41.09286051386044
SRR10102393	9338	9	40.59141600802048
SRR10102394	9338	9	39.40046838360961
SRR10070130	9338	10	46.49592628735849
SRR10070131	9338	10	48.54758261866767
SRR10070132	9338	10	27.84168270737435
SRR10070133	9338	10	28.39081162971004
SRR10070134	9338	10	48.49269613376125
SRR10070141	9338	10	30.36553853611315
SRR10070149	9338	10	60.20473341807817
SRR10070150	9338	10	60.38941884979732
SRR10070151	9338	10	60.02532649646434
SRR10102392	9338	10	41.29293992894608
SRR10102393	9338	10	40.01951926539984
SRR10102394	9338	10	41.45712709520382
SRR10070130	9639	1	48.28245220214152
SRR10070131	9639	1	48.2094728281585
SRR10070132	9639	1	28.05512058996978
SRR10070133	9639	1	28.40864690248426
SRR10070134	9639	1	49.50380774944233
SRR10070141	9639	1	30.26844744373734
SRR10070149	9639	1	60.11278085455842
SRR10070150	9639	1	61.47231605057578
SRR10070151	9639	1	60.39165241551526
SRR10102392	9639	1	41.15467499300252
SRR10102393	9639	1	39.17548598906257
SRR10102394	9639	1	39.56594676612549
SRR10070130	9639	2	48.71265736975754
SRR10070131	9639	2	49.5044914425271
SRR10070132	9639	2	27.9106167469305
SRR10070133	9639	2	28.21131550020097
SRR10070134	9639	2	49.27063011411835
SRR10070141	9639	2	29.7564514522241
SRR10070149	9639	2	58.2729973635143
SRR10070150	9639	2	61.48054538288849
SRR10070151	9639	2	61.3089586040963
SRR10102392	9639	2	41.24944939459092
SRR10102393	9639	2	40.79620092058187
SRR10102394	9639	2	41.4612400533598
SRR10070130	9639	3	47.46757019924413
SRR10070131	9639	3	49.42106822576524
SRR10070132	9639	3	27.97506539040628
SRR10070133	9639	3	28.37808650289101
SRR10070134	9639	3	50.70370065336835
SRR10070141	9639	3	29.81630939462424
SRR10070149	9639	3	59.03179765468079
SRR10070150	9639	3	61.55881662798328
SRR10070151	9639	3	61.78609952008488
SRR10102392	9639	3	41.15567580570602
SRR10102393	9639	3	41.21426540533648
SRR10102394	9639	3	39.85008763490128
SRR10070130	9639	4	47.69677223019102
SRR10070131	9639	4	49.09460754478726
SRR10070132	9639	4	28.01700423919978
SRR10070133	9639	4	28.34230255585763
SRR10070134	9639	4	49.70647645920901
SRR10070141	9639	4	30.11908483499503
SRR10070149	9639	4	59.58955994444393
SRR10070150	9639	4	60.39658140693664
SRR10070151	9639	4	59.77545171146456
SRR10102392	9639	4	41.68408306609905
SRR10102393	9639	4	40.77271049114978
SRR10102394	9639	4	40.17540802569914
SRR10070130	9639	5	47.26918753736358
SRR10070131	9639	5	49.25514154591531
SRR10070132	9639	5	27.9106167469305
SRR10070133	9639	5	28.44999385618032
SRR10070134	9639	5	48.84329988013275
SRR10070141	9639	5	30.15269744490127
SRR10070149	9639	5	59.93259203760981
SRR10070150	9639	5	62.08555062828798
SRR10070151	9639	5	60.34873394276659
SRR10102392	9639	5	40.27915632825999
SRR10102393	9639	5	41.21704743212303
SRR10102394	9639	5	40.08146825019166
SRR10070130	9639	6	47.81731498926235
SRR10070131	9639	6	49.5027475755769
SRR10070132	9639	6	27.7289502229033
SRR10070133	9639	6	27.55511930866087
SRR10070134	9639	6	50.55747037551258
SRR10070141	9639	6	31.01597431075721
SRR10070149	9639	6	59.32667300796324
SRR10070150	9639	6	61.97787483116956
SRR10070151	9639	6	60.6065249044532
SRR10102392	9639	6	41.51629430473661
SRR10102393	9639	6	40.23305131606267
SRR10102394	9639	6	41.19845956870941
SRR10070130	9639	7	46.60676175649539
SRR10070131	9639	7	49.36632499208023
SRR10070132	9639	7	27.77415736899282
SRR10070133	9639	7	28.59983458573598
SRR10070134	9639	7	50.21026507113018
SRR10070141	9639	7	30.25903168805025
SRR10070149	9639	7	61.56226234503861
SRR10070150	9639	7	61.82321406002738
SRR10070151	9639	7	61.94157442338328
SRR10102392	9639	7	39.66682745747748
SRR10102393	9639	7	39.75809336354225
SRR10102394	9639	7	39.60919407502751
SRR10070130	9639	8	48.33725744942463
SRR10070131	9639	8	49.33750517215137
SRR10070132	9639	8	28.00767178129907
SRR10070133	9639	8	27.79578411467852
SRR10070134	9639	8	49.16665224577799
SRR10070141	9639	8	29.71769093356057
SRR10070149	9639	8	60.92336459753874
SRR10070150	9639	8	62.01009673821248
SRR10070151	9639	8	61.09614154171704
SRR10102392	9639	8	40.82662639863702
SRR10102393	9639	8	40.84390985074901
SRR10102394	9639	8	39.68514025405429
SRR10070130	9639	9	46.63518393357701
SRR10070131	9639	9	48.35218336490118
SRR10070132	9639	9	27.48749245644701
SRR10070133	9639	9	28.22625258953669
SRR10070134	9639	9	50.90213021838807
SRR10070141	9639	9	29.7482851556859
SRR10070149	9639	9	59.44543141445919
SRR10070150	9639	9	61.07060766837218
SRR10070151	9639	9	59.39998448260393
SRR10102392	9639	9	40.23006127254177
SRR10102393	9639	9	41.97501186538932
SRR10102394	9639	9	41.36972169269234
SRR10070130	9639	10	47.79539987722926
SRR10070131	9639	10	49.89563935771352
SRR10070132	9639	10	27.79013462081363
SRR10070133	9639	10	28.74824939147687
SRR10070134	9639	10	49.50018648378187
SRR10070141	9639	10	29.708092637914
SRR10070149	9639	10	59.35529390506874
SRR10070150	9639	10	61.9179467008379
SRR10070151	9639	10	60.93448031701769
SRR10102392	9639	10	41.26646875182166
SRR10102393	9639	10	41.28504236466826
SRR10102394	9639	10	40.15756572240991
SRR10070130	9940	1	48.49486716893531
SRR10070131	9940	1	48.05896620519943
SRR10070132	9940	1	27.34257697395203
SRR10070133	9940	1	27.81708661408654
SRR10070134	9940	1	49.27893186914632
SRR10070141	9940	1	30.10135452265014
SRR10070149	9940	1	60.46862845581798
SRR10070150	9940	1	60.60208478085101
SRR10070151	9940	1	62.1124880592888
SRR10102392	9940	1	41.06492205282544
SRR10102393	9940	1	40.12631528707193
SRR10102394	9940	1	40.29117678209222
SRR10070130	9940	2	47.37878282846233
SRR10070131	9940	2	48.95511141248673
SRR10070132	9940	2	27.83016691106754
SRR10070133	9940	2	28.18556872849032
SRR10070134	9940	2	48.84517969443707
SRR10070141	9940	2	30.08702243220263
SRR10070149	9940	2	60.57636257288699
SRR10070150	9940	2	60.59082453167642
SRR10070151	9940	2	61.46166407620308
SRR10102392	9940	2	40.38158543005698
SRR10102393	9940	2	40.27815963852829
SRR10102394	9940	2	40.00931728474349
SRR10070130	9940	3	49.37284510835443
SRR10070131	9940	3	49.5578160531089
SRR10070132	9940	3	27.89489765680777
SRR10070133	9940	3	28.13566226470763
SRR10070134	9940	3	49.50675389983139
SRR10070141	9940	3	30.44971243810802
SRR10070149	9940	3	61.33959563505326
SRR10070150	9940	3	60.85957963698876
SRR10070151	9940	3	62.43235940971316
SRR10102392	9940	3	41.88563123907639
SRR10102393	9940	3	41.52056191466358
SRR10102394	9940	3	40.94518883962545
SRR10070130	9940	4	48.44569940511429
SRR10070131	9940	4	49.67052534039051
SRR10070132	9940	4	27.78330367367166
SRR10070133	9940	4	28.67789495742668
SRR10070134	9940	4	49.08537862338009
SRR10070141	9940	4	29.83055756836172
SRR10070149	9940	4	60.965148188241
SRR10070150	9940	4	59.83084460442069
SRR10070151	9940	4	61.76291770196767
SRR10102392	9940	4	41.50734625086615
SRR10102393	9940	4	41.57756987055836
SRR10102394	9940	4	39.44406908798898
SRR10070130	9940	5	47.55227974467137
SRR10070131	9940	5	50.33087770207216
SRR10070132	9940	5	28.12206813210073
SRR10070133	9940	5	28.46581476433111
SRR10070134	9940	5	49.84048628829234
SRR10070141	9940	5	29.95662969561147
SRR10070149	9940	5	60.3457074166318
SRR10070150	9940	5	61.80583104599479
SRR10070151	9940	5	60.74786534522218
SRR10102392	9940	5	40.01545473366848
SRR10102393	9940	5	40.6142375409832
SRR10102394	9940	5	41.10651680448453
SRR10070130	9940	6	47.85505522631951
SRR10070131	9940	6	50.01123591604185
SRR10070132	9940	6	27.8682012738396
SRR10070133	9940	6	28.32431301583894
SRR10070134	9940	6	49.64569109578513
SRR10070141	9940	6	30.36665168737023
SRR10070149	9940	6	60.27729844593417
SRR10070150	9940	6	62.79501218458155
SRR10070151	9940	6	62.06128698592472
SRR10102392	9940	6	40.45642628882662
SRR10102393	9940	6	40.56097054178201
SRR10102394	9940	6	40.92153200821713
SRR10070130	9940	7	47.56799140408219
SRR10070131	9940	7	50.88821809106412
SRR10070132	9940	7	28.0791791020384
SRR10070133	9940	7	28.14087738049587
SRR10070134	9940	7	50.32101698797593
SRR10070141	9940	7	30.55196546915892
SRR10070149	9940	7	60.44392614909754
SRR10070150	9940	7	61.74368870962055
SRR10070151	9940	7	61.88597160022029
SRR10102392	9940	7	41.06681238892114
SRR10102393	9940	7	41.60138031868336
SRR10102394	9940	7	40.3982756062785
SRR10070130	9940	8	46.80906737587917
SRR10070131	9940	8	49.97491230033268
SRR10070132	9940	8	28.04559531441341
SRR10070133	9940	8	28.77560155936995
SRR10070134	9940	8	49.00442506137829
SRR10070141	9940	8	29.66991440399512
SRR10070149	9940	8	61.77087465665831
SRR10070150	9940	8	60.11653916539958
SRR10070151	9940	8	61.13830696144542
SRR10102392	9940	8	40.93014197253493
SRR10102393	9940	8	40.09852972952026
SRR10102394	9940	8	40.11073628141548
SRR10070130	9940	9	47.23693664501338
SRR10070131	9940	9	49.97181636301947
SRR10070132	9940	9	27.75945113162892
SRR10070133	9940	9	28.16230464120766
SRR10070134	9940	9	50.89850569091518
SRR10070141	9940	9	30.50698757121662
SRR10070149	9940	9	60.60968678996317
SRR10070150	9940	9	61.26842099151668
SRR10070151	9940	9	61.64780083871579
SRR10102392	9940	9	41.31338975123228
SRR10102393	9940	9	40.37674961954555
SRR10102394	9940	9	39.82685891113022
SRR10070130	9940	10	46.83233843681315
SRR10070131	9940	10	49.33992196525577
SRR10070132	9940	10	27.98238463822203
SRR10070133	9940	10	28.64450931263755
SRR10070134	9940	10	51.04664908492494
SRR10070141	9940	10	29.9533696070613
SRR10070149	9940	10	60.98687536691391
SRR10070150	9940	10	61.83174151272497
SRR10070151	9940	10	59.87813142679752
SRR10102392	9940	10	40.56624161842631
SRR10102393	9940	10	40.17881072848316
SRR10102394	9940	10	39.98413272997367
SRR10070130	10241	1	48.27939243657441
SRR10070131	10241	1	50.2029375674532
SRR10070132	10241	1	27.46368207770554
SRR10070133	10241	1	28.6044763927945
SRR10070134	10241	1	49.49481219562599
SRR10070141	10241	1	30.03883095062839
SRR10070149	10241	1	61.30153093037964
SRR10070150	10241	1	61.75258242703258
SRR10070151	10241	1	61.30121440638442
SRR10102392	10241	1	41.21417439887892
SRR10102393	10241	1	41.95205841696081
SRR10102394	10241	1	39.92303686536281
SRR10070130	10241	2	47.39410950726277
SRR10070131	10241	2	49.42772841256603
SRR10070132	10241	2	27.9106167469305
SRR10070133	10241	2	28.35271475696375
SRR10070134	10241	2	49.55009446039888
SRR10070141	10241	2	29.74367364555571
SRR10070149	10241	2	59.79397676269153
SRR10070150	10241	2	62.02486855896534
SRR10070151	10241	2	61.57657204081317
SRR10102392	10241	2	41.50628063088172
SRR10102393	10241	2	40.39278496440254
SRR10102394	10241	2	40.43039165125455
SRR10070130	10241	3	47.32209629462123
SRR10070131	10241	3	49.63143971794307
SRR10070132	10241	3	28.04753771034452
SRR10070133	10241	3	28.32370910294154
SRR10070134	10241	3	48.2673383679646
SRR10070141	10241	3	30.13044109155386
SRR10070149	10241	3	60.46867626993068
SRR10070150	10241	3	62.26883971579943
SRR10070151	10241	3	61.76474096471468
SRR10102392	10241	3	41.19366418285648
SRR10102393	10241	3	40.29261982609838
SRR10102394	10241	3	40.39095237064417
SRR10070130	10241	4	48.93846373678104
SRR10070131	10241	4	49.95143096522365
SRR10070132	10241	4	28.0960231226069
SRR10070133	10241	4	28.72698076337135
SRR10070134	10241	4	50.64433187955738
SRR10070141	10241	4	30.62220301115396
SRR10070149	10241	4	61.00262642424513
SRR10070150	10241	4	62.55395170941937
SRR10070151	10241	4	61.10301016160764
SRR10102392	10241	4	41.37672774935356
SRR10102393	10241	4	40.45455430752116
SRR10102394	10241	4	40.95622049791529
SRR10070130	10241	5	48.99419174984943
SRR10070131	10241	5	50.29031937875781
SRR10070132	10241	5	27.78398847562643
SRR10070133	10241	5	28.4814762530722
SRR10070134	10241	5	49.04310646362651
SRR10070141	10241	5	30.28424889833628
SRR10070149	10241	5	61.82072482704832
SRR10070150	10241	5	59.76369064609165
SRR10070151	10241	5	62.02014647076849
SRR10102392	10241	5	40.06510502367286
SRR10102393	10241	5	40.66187544586347
SRR10102394	10241	5	39.33861291668381
SRR10070130	10241	6	48.25477663586545
SRR10070131	10241	6	49.28667555908952
SRR10070132	10241	6	28.10406998807015
SRR10070133	10241	6	28.65256142917219
SRR10070134	10241	6	49.91978945771018
SRR10070141	10241	6	29.99749669421197
SRR10070149	10241	6	59.4770098214489
SRR10070150	10241	6	61.9574865534597
SRR10070151	10241	6	61.40974345951366
SRR10102392	10241	6	40.445215678925
SRR10102393	10241	6	40.79800781766631
SRR10102394	10241	6	39.70560367274218
SRR10070130	10241	7	47.2680047403337
SRR10070131	10241	7	50.57530848220696
SRR10070132	10241	7	27.77147824998396
SRR10070133	10241	7	28.37246306820903
SRR10070134	10241	7	49.47333689823193
SRR10070141	10241	7	29.62889274875564
SRR10070149	10241	7	60.57748090945837
SRR10070150	10241	7	62.04106368722849
SRR10070151	10241	7	61.22129052998062
SRR10102392	10241	7	40.32022654558363
SRR10102393	10241	7	40.58669962546757
SRR10102394	10241	7	40.12933574443919
SRR10070130	10241	8	47.92071501349709
SRR10070131	10241	8	50.3764011567636
SRR10070132	10241	8	27.86654307210269
SRR10070133	10241	8	28.41702817542849
SRR10070134	10241	8	50.65657904978039
SRR10070141	10241	8	30.18229521131225
SRR10070149	10241	8	60.21683762099435
SRR10070150	10241	8	62.50506660112271
SRR10070151	10241	8	60.27874589957023
SRR10102392	10241	8	39.76380165432801
SRR10102393	10241	8	40.12223891943081
SRR10102394	10241	8	40.78878411230178
SRR10070130	10241	9	46.53499105828976
SRR10070131	10241	9	51.23906006988025
SRR10070132	10241	9	28.10637446663034
SRR10070133	10241	9	28.48862969909113
SRR10070134	10241	9	51.29295746541181
SRR10070141	10241	9	29.88719670010824
SRR10070149	10241	9	60.33168673020869
SRR10070150	10241	9	60.64002109739112
SRR10070151	10241	9	62.0146324997886
SRR10102392	10241	9	41.5241666372271
SRR10102393	10241	9	40.68551786918162
SRR10102394	10241	9	40.1212311819277
SRR10070130	10241	10	47.79888442280028
SRR10070131	10241	10	49.95630154819485
SRR10070132	10241	10	27.92968333181496
SRR10070133	10241	10	28.16419582712582
SRR10070134	10241	10	50.63725444039918
SRR10070141	10241	10	29.93807583212255
SRR10070149	10241	10	58.97722691978293
SRR10070150	10241	10	62.08755212024426
SRR10070151	10241	10	60.24693366288238
SRR10102392	10241	10	41.23215674469034
SRR10102393	10241	10	40.07766475309597
SRR10102394	10241	10	41.79006971643181
SRR10070130	10543	1	49.09578477646714
SRR10070131	10543	1	50.62187401985065
SRR10070132	10543	1	28.12206813210073
SRR10070133	10543	1	28.26742607745009
SRR10070134	10543	1	51.04900064195853
SRR10070141	10543	1	30.5929202511332
SRR10070149	10543	1	60.31545852068768
SRR10070150	10543	1	62.50889020410347
SRR10070151	10543	1	60.86414325901797
SRR10102392	10543	1	41.53951270499373
SRR10102393	10543	1	40.11302860818866
SRR10102394	10543	1	40.30097047069145
SRR10070130	10543	2	48.39674443325769
SRR10070131	10543	2	50.69803553969481
SRR10070132	10543	2	27.97675691481131
SRR10070133	10543	2	28.59785039092544
SRR10070134	10543	2	50.59858028524761
SRR10070141	10543	2	30.20854349579935
SRR10070149	10543	2	59.57043369945325
SRR10070150	10543	2	61.74800962951278
SRR10070151	10543	2	62.28309183401439
SRR10102392	10543	2	40.64094716005938
SRR10102393	10543	2	41.22768329456318
SRR10102394	10543	2	40.35011474488314
SRR10070130	10543	3	47.72752894763322
SRR10070131	10543	3	49.58489909618431
SRR10070132	10543	3	28.04825792164924
SRR10070133	10543	3	28.20270029251846
SRR10070134	10543	3	50.29971099347469
SRR10070141	10543	3	30.55376582720982
SRR10070149	10543	3	59.4091150851323
SRR10070150	10543	3	62.29910700450264
SRR10070151	10543	3	61.44047387563757
SRR10102392	10543	3	40.47375240472017
SRR10102393	10543	3	40.70763765762788
SRR10102394	10543	3	40.99645825107485
SRR10070130	10543	4	48.53085634375729
SRR10070131	10543	4	51.05195371367521
SRR10070132	10543	4	27.9106167469305
SRR10070133	10543	4	28.55668059619514
SRR10070134	10543	4	50.18296064122357
SRR10070141	10543	4	30.45042218158818
SRR10070149	10543	4	60.03191858575293
SRR10070150	10543	4	61.46274286814129
SRR10070151	10543	4	61.91884139333984
SRR10102392	10543	4	41.73680564865804
SRR10102393	10543	4	40.76105151364201
SRR10102394	10543	4	41.51149590864308
SRR10070130	10543	5	47.18224118217626
SRR10070131	10543	5	51.68568380620774
SRR10070132	10543	5	28.07894123026793
SRR10070133	10543	5	28.02220446710154
SRR10070134	10543	5	49.24460560213806
SRR10070141	10543	5	30.46284263099746
SRR10070149	10543	5	60.24642284812842
SRR10070150	10543	5	60.64062167626089
SRR10070151	10543	5	60.85864920647017
SRR10102392	10543	5	39.74531240568609
SRR10102393	10543	5	40.61218663822005
SRR10102394	10543	5	40.05566128761642
SRR10070130	10543	6	48.66077419810607
SRR10070131	10543	6	49.45173197927817
SRR10070132	10543	6	28.11024270841303
SRR10070133	10543	6	28.35128044161264
SRR10070134	10543	6	49.81077460715227
SRR10070141	10543	6	30.32613926201089
SRR10070149	10543	6	59.76849079166272
SRR10070150	10543	6	62.08071203457989
SRR10070151	10543	6	62.03008738394838
SRR10102392	10543	6	40.10745321037212
SRR10102393	10543	6	40.60092274652061
SRR10102394	10543	6	41.1237169857335
SRR10070130	10543	7	49.44802138587247
SRR10070131	10543	7	49.38323444003741
SRR10070132	10543	7	28.12206813210073
SRR10070133	10543	7	28.53394060748867
SRR10070134	10543	7	50.07216523348519
SRR10070141	10543	7	30.48581684903382
SRR10070149	10543	7	59.31395322218621
SRR10070150	10543	7	61.09590534870397
SRR10070151	10543	7	61.29466915138686
SRR10102392	10543	7	40.00390058924677
SRR10102393	10543	7	41.80829346527405
SRR10102394	10543	7	40.27195807272465
SRR10070130	10543	8	46.58358532216783
SRR10070131	10543	8	49.82922346941095
SRR10070132	10543	8	27.81194671412381
SRR10070133	10543	8	28.50152489731008
SRR10070134	10543	8	50.99322641955698
SRR10070141	10543	8	30.29013172462664
SRR10070149	10543	8	60.78100391029463
SRR10070150	10543	8	62.20195837798976
SRR10070151	10543	8	59.76080843679168
SRR10102392	10543	8	40.84943983085216
SRR10102393	10543	8	41.68200811923673
SRR10102394	10543	8	40.50598557821596
SRR10070130	10543	9	48.0342552453436
SRR10070131	10543	9	49.24241315150079
SRR10070132	10543	9	27.8360863251743
SRR10070133	10543	9	28.25722254846495
SRR10070134	10543	9	48.944001196469
SRR10070141	10543	9	30.76755507215939
SRR10070149	10543	9	60.31146652116161
SRR10070150	10543	9	61.97585572772058
SRR10070151	10543	9	61.34354627953386
SRR10102392	10543	9	41.71298621753818
SRR10102393	10543	9	41.88033009175643
SRR10102394	10543	9	40.59252615369858
SRR10070130	10543	10	47.50203080867345
SRR10070131	10543	10	49.86584548419124
SRR10070132	10543	10	27.65011402947279
SRR10070133	10543	10	27.99959368911252
SRR10070134	10543	10	51.30608451160283
SRR10070141	10543	10	29.92204967771751
SRR10070149	10543	10	61.21648494443932
SRR10070150	10543	10	62.16642314561999
SRR10070151	10543	10	62.26236034122079
SRR10102392	10543	10	41.64543706596707
SRR10102393	10543	10	41.55140759505994
SRR10102394	10543	10	40.59138590079042
SRR10070130	10844	1	48.02425840008799
SRR10070131	10844	1	50.12890445459989
SRR10070132	10844	1	28.12206813210073
SRR10070133	10844	1	28.28770057740896
SRR10070134	10844	1	51.23867086281557
SRR10070141	10844	1	30.97357527185313
SRR10070149	10844	1	62.01289387575783
SRR10070150	10844	1	61.24040552449166
SRR10070151	10844	1	62.1651977356024
SRR10102392	10844	1	41.16770150557974
SRR10102393	10844	1	40.38676283659505
SRR10102394	10844	1	40.45490747088568
SRR10070130	10844	2	49.23941755369561
SRR10070131	10844	2	50.99859803945206
SRR10070132	10844	2	28.11024270841303
SRR10070133	10844	2	27.84897673591783
SRR10070134	10844	2	51.27121326006485
SRR10070141	10844	2	30.44199550618271
SRR10070149	10844	2	60.85387286523768
SRR10070150	10844	2	62.27817779464395
SRR10070151	10844	2	60.37647300772741
SRR10102392	10844	2	41.88004705811494
SRR10102393	10844	2	42.18888374097957
SRR10102394	10844	2	40.73384873910927
SRR10070130	10844	3	47.29122959336648
SRR10070131	10844	3	49.94455718503931
SRR10070132	10844	3	27.9163430960049
SRR10070133	10844	3	28.63529781395808
SRR10070134	10844	3	49.47063644898387
SRR10070141	10844	3	30.48777700938138
SRR10070149	10844	3	62.31821933303554
SRR10070150	10844	3	62.39737237109787
SRR10070151	10844	3	61.44200072936048
SRR10102392	10844	3	41.69008618697858
SRR10102393	10844	3	41.16089135682062
SRR10102394	10844	3	41.18730514464777
SRR10070130	10844	4	49.39646023073855
SRR10070131	10844	4	49.9449935676441
SRR10070132	10844	4	28.12206812710073
SRR10070133	10844	4	28.29356671882593
SRR10070134	10844	4	50.24511960805861
SRR10070141	10844	4	30.88563591946809
SRR10070149	10844	4	60.53150457160389
SRR10070150	10844	4	62.52166848936447
SRR10070151	10844	4	61.23903671700519
SRR10102392	10844	4	41.41255855111513
SRR10102393	10844	4	40.67686402163571
SRR10102394	10844	4	39.99488584032883
SRR10070130	10844	5	48.55756864338444
SRR10070131	10844	5	50.93731485971738
SRR10070132	10844	5	27.64931751258122
SRR10070133	10844	5	28.65637366257035
SRR10070134	10844	5	51.03095815099559
SRR10070141	10844	5	30.38317730526689
SRR10070149	10844	5	60.2610463107094
SRR10070150	10844	5	61.13665742356798
SRR10070151	10844	5	62.35892864030447
SRR10102392	10844	5	41.91064611739236
SRR10102393	10844	5	40.11325596518216
SRR10102394	10844	5	40.2492103944277
SRR10070130	10844	6	48.32257821047236
SRR10070131	10844	6	50.36257458932475
SRR10070132	10844	6	27.82232474797788
SRR10070133	10844	6	28.61027116175991
SRR10070134	10844	6	50.79173376592119
SRR10070141	10844	6	30.59178376843994
SRR10070149	10844	6	60.54239935158245
SRR10070150	10844	6	62.29081324911076
SRR10070151	10844	6	61.36017309491415
SRR10102392	10844	6	40.06909027798797
SRR10102393	10844	6	40.53990508435614
SRR10102394	10844	6	40.40114628898086
SRR10070130	10844	7	48.22146634431715
SRR10070131	10844	7	51.08025948490007
SRR10070132	10844	7	28.12206813210073
SRR10070133	10844	7	28.7982600062842
SRR10070134	10844	7	50.40012283292351
SRR10070141	10844	7	30.58226711310648
SRR10070149	10844	7	62.13120924836552
SRR10070150	10844	7	62.34897256485998
SRR10070151	10844	7	62.11089655314939
SRR10102392	10844	7	40.40237320556177
SRR10102393	10844	7	41.72032696632171
SRR10102394	10844	7	40.15934140798542
SRR10070130	10844	8	49.3183946783332
SRR10070131	10844	8	50.00620335747399
SRR10070132	10844	8	27.88796021085735
SRR10070133	10844	8	28.61420330537841
SRR10070134	10844	8	50.11424841397002
SRR10070141	10844	8	29.21246022044893
SRR10070149	10844	8	60.10916035592398
SRR10070150	10844	8	60.36229128012199
SRR10070151	10844	8	60.56308206549394
SRR10102392	10844	8	41.33378141505762
SRR10102393	10844	8	40.43910993738882
SRR10102394	10844	8	40.1535347120174
SRR10070130	10844	9	48.57513628240831
SRR10070131	10844	9	51.13242034576599
SRR10070132	10844	9	27.76147917920175
SRR10070133	10844	9	28.57744513759868
SRR10070134	10844	9	49.99101050197967
SRR10070141	10844	9	30.17618718628865
SRR10070149	10844	9	60.13334530851285
SRR10070150	10844	9	61.2660636984975
SRR10070151	10844	9	61.4715199214711
SRR10102392	10844	9	41.38116211467543
SRR10102393	10844	9	40.38920890115642
SRR10102394	10844	9	40.63345606873864
SRR10070130	10844	10	48.90110223879025
SRR10070131	10844	10	48.45856968476662
SRR10070132	10844	10	27.77183925296562
SRR10070133	10844	10	28.3479155612762
SRR10070134	10844	10	50.1050219428191
SRR10070141	10844	10	30.50539150682943
SRR10070149	10844	10	60.80701188769604
SRR10070150	10844	10	62.34185693157946
SRR10070151	10844	10	61.64001031708599
SRR10102392	10844	10	41.50267535857682
SRR10102393	10844	10	41.54682606883076
SRR10102394	10844	10	40.51018073925999
SRR10070130	11145	1	48.69397301410933
SRR10070131	11145	1	49.04643148721085
SRR10070132	11145	1	28.12206813210073
SRR10070133	11145	1	28.1794930536465
SRR10070134	11145	1	50.68065195365844
SRR10070141	11145	1	30.5448206591267
SRR10070149	11145	1	60.35854094144039
SRR10070150	11145	1	62.35598814531211
SRR10070151	11145	1	61.19204914038564
SRR10102392	11145	1	39.90548078080752
SRR10102393	11145	1	42.06202368169271
SRR10102394	11145	1	41.36980962128376
SRR10070130	11145	2	48.33692889622566
SRR10070131	11145	2	50.96683040340091
SRR10070132	11145	2	28.12206813210073
SRR10070133	11145	2	28.74716276691654
SRR10070134	11145	2	49.86807730993087
SRR10070141	11145	2	30.26028702752746
SRR10070149	11145	2	61.71908706929821
SRR10070150	11145	2	62.13824101174354
SRR10070151	11145	2	61.68471294243034
SRR10102392	11145	2	41.7221364019159
SRR10102393	11145	2	40.7205905378164
SRR10102394	11145	2	40.01341332766945
SRR10070130	11145	3	50.00100284586351
SRR10070131	11145	3	50.50597267650794
SRR10070132	11145	3	28.12206813210073
SRR10070133	11145	3	28.55464783909158
SRR10070134	11145	3	50.35999037957956
SRR10070141	11145	3	30.34760852200061
SRR10070149	11145	3	60.16347050731152
SRR10070150	11145	3	62.40329767918424
SRR10070151	11145	3	60.98105659231197
SRR10102392	11145	3	41.37621734350564
SRR10102393	11145	3	41.71799526028977
SRR10102394	11145	3	41.54436758553256
SRR10070130	11145	4	48.92965362816138
SRR10070131	11145	4	48.80000371797539
SRR10070132	11145	4	27.9106167469305
SRR10070133	11145	4	28.29138330421889
SRR10070134	11145	4	49.07220628595022
SRR10070141	11145	4	30.34766239451909
SRR10070149	11145	4	60.64899142149677
SRR10070150	11145	4	61.31565979876758
SRR10070151	11145	4	62.25522960164356
SRR10102392	11145	4	41.14229780295986
SRR10102393	11145	4	40.47365931232449
SRR10102394	11145	4	40.26633924691355
SRR10070130	11145	5	47.36467921422126
SRR10070131	11145	5	49.68020341486583
SRR10070132	11145	5	27.93314135954287
SRR10070133	11145	5	28.35778678232483
SRR10070134	11145	5	50.96701634267698
SRR10070141	11145	5	30.53686474309564
SRR10070149	11145	5	60.83254339979322
SRR10070150	11145	5	62.32093893338312
SRR10070151	11145	5	61.38819489742853
SRR10102392	11145	5	41.90302428356225
SRR10102393	11145	5	41.95651746528402
SRR10102394	11145	5	39.70706215830772
SRR10070130	11145	6	48.8579661612716
SRR10070131	11145	6	50.28621022951894
SRR10070132	11145	6	28.02748694508195
SRR10070133	11145	6	28.67774320392903
SRR10070134	11145	6	50.36752114318562
SRR10070141	11145	6	30.40408055597307
SRR10070149	11145	6	61.54214737137378
SRR10070150	11145	6	63.12964523207616
SRR10070151	11145	6	61.39995332984389
SRR10102392	11145	6	41.73543765303202
SRR10102393	11145	6	40.59193771022768
SRR10102394	11145	6	40.24793293345919
SRR10070130	11145	7	48.26489327192338
SRR10070131	11145	7	49.94336873669885
SRR10070132	11145	7	27.97906139337149
SRR10070133	11145	7	28.53285321824383
SRR10070134	11145	7	50.54683323609218
SRR10070141	11145	7	30.38800815359651
SRR10070149	11145	7	59.23015629899171
SRR10070150	11145	7	62.05093033681155
SRR10070151	11145	7	61.25821914234091
SRR10102392	11145	7	40.06825477931869
SRR10102393	11145	7	40.87201256815409
SRR10102394	11145	7	41.89426351586231
SRR10070130	11145	8	47.85809487499783
SRR10070131	11145	8	49.07412515921644
SRR10070132	11145	8	27.69318497059438
SRR10070133	11145	8	28.6757711995498
SRR10070134	11145	8	50.69441972131958
SRR10070141	11145	8	30.20234098734296
SRR10070149	11145	8	60.16089963096066
SRR10070150	11145	8	61.08776308238722
SRR10070151	11145	8	61.87600610326177
SRR10102392	11145	8	41.92322861053263
SRR10102393	11145	8	40.45890866054152
SRR10102394	11145	8	41.73571129383976
SRR10070130	11145	9	48.65120683778939
SRR10070131	11145	9	51.31836790129662
SRR10070132	11145	9	28.10193306656005
SRR10070133	11145	9	28.44171017322718
SRR10070134	11145	9	50.91900488857543
SRR10070141	11145	9	30.03414335620551
SRR10070149	11145	9	61.47923034236604
SRR10070150	11145	9	62.59991684089207
SRR10070151	11145	9	60.86177595234142
SRR10102392	11145	9	41.81934422209562
SRR10102393	11145	9	41.31815942952604
SRR10102394	11145	9	41.65414199194398
SRR10070130	11145	10	49.77023193157076
SRR10070131	11145	10	48.87989162189565
SRR10070132	11145	10	28.12206813210073
SRR10070133	11145	10	28.225993712149
SRR10070134	11145	10	50.87275380201078
SRR10070141	11145	10	30.47599070875771
SRR10070149	11145	10	60.28064304913698
SRR10070150	11145	10	62.9788477240593
SRR10070151	11145	10	61.16251372272626
SRR10102392	11145	10	41.63062807576448
SRR10102393	11145	10	41.68724621259547
SRR10102394	11145	10	40.27557954369927
SRR10070130	11446	1	49.41228903018318
SRR10070131	11446	1	50.59535268202782
SRR10070132	11446	1	28.12206813210073
SRR10070133	11446	1	28.73882994223865
SRR10070134	11446	1	51.08946671675534
SRR10070141	11446	1	30.52804595419059
SRR10070149	11446	1	60.39595963207275
SRR10070150	11446	1	62.54004782197276
SRR10070151	11446	1	61.86421494086292
SRR10102392	11446	1	40.15121040494824
SRR10102393	11446	1	40.05569883604855
SRR10102394	11446	1	41.46635537809247
SRR10070130	11446	2	49.6451042044351
SRR10070131	11446	2	50.35821740880387
SRR10070132	11446	2	28.00767178129907
SRR10070133	11446	2	28.53206263702613
SRR10070134	11446	2	49.71530478395744
SRR10070141	11446	2	30.48868372327622
SRR10070149	11446	2	60.95208304351981
SRR10070150	11446	2	62.70448405671024
SRR10070151	11446	2	61.25591988036887
SRR10102392	11446	2	40.70809904996283
SRR10102393	11446	2	40.62375348507427
SRR10102394	11446	2	40.16084271159717
SRR10070130	11446	3	49.72164671752501
SRR10070131	11446	3	51.08634386902915
SRR10070132	11446	3	27.77762808540287
SRR10070133	11446	3	28.85007010911962
SRR10070134	11446	3	50.35301368030954
SRR10070141	11446	3	30.28636588257008
SRR10070149	11446	3	61.94349904701535
SRR10070150	11446	3	61.9821374860124
SRR10070151	11446	3	61.3256152970904
SRR10102392	11446	3	41.9081911283135
SRR10102393	11446	3	41.68461729124019
SRR10102394	11446	3	41.33163126992524
SRR10070130	11446	4	49.19418235345764
SRR10070131	11446	4	49.81264773268737
SRR10070132	11446	4	28.12206813210073
SRR10070133	11446	4	28.57640213996662
SRR10070134	11446	4	50.00690670903214
SRR10070141	11446	4	30.49405120273082
SRR10070149	11446	4	61.34411310585298
SRR10070150	11446	4	62.73387581282733
SRR10070151	11446	4	61.97885194730729
SRR10102392	11446	4	41.72019819206201
SRR10102393	11446	4	41.90214054636265
SRR10102394	11446	4	41.45773287971034
SRR10070130	11446	5	49.2752311093608
SRR10070131	11446	5	51.23618361995803
SRR10070132	11446	5	28.12206813210073
SRR10070133	11446	5	28.66394676930521
SRR10070134	11446	5	51.0989897934187
SRR10070141	11446	5	30.62629179267174
SRR10070149	11446	5	59.27058449367475
SRR10070150	11446	5	62.2702576715648
SRR10070151	11446	5	61.67419370535875
SRR10102392	11446	5	41.47513604558047
SRR10102393	11446	5	40.84905781743676
SRR10102394	11446	5	41.83563762452328
SRR10070130	11446	6	48.85549829639181
SRR10070131	11446	6	49.75851723047451
SRR10070132	11446	6	27.8242609014866
SRR10070133	11446	6	28.66292602445357
SRR10070134	11446	6	51.09542598618207
SRR10070141	11446	6	30.99085759960077
SRR10070149	11446	6	59.66713216202188
SRR10070150	11446	6	61.65548294080166
SRR10070151	11446	6	61.70924858120974
SRR10102392	11446	6	41.44527817941257
SRR10102393	11446	6	40.39758934816265
SRR10102394	11446	6	40.73898782897966
SRR10070130	11446	7	48.6962887828988
SRR10070131	11446	7	51.29815847016636
SRR10070132	11446	7	28.12206813210073
SRR10070133	11446	7	28.58710053405272
SRR10070134	11446	7	51.34152522334874
SRR10070141	11446	7	29.8752539500207
SRR10070149	11446	7	61.75876238991916
SRR10070150	11446	7	62.77673374545267
SRR10070151	11446	7	62.30267290489442
SRR10102392	11446	7	41.80256369447441
SRR10102393	11446	7	42.13432242833692
SRR10102394	11446	7	40.03579120878959
SRR10070130	11446	8	48.186119851759
SRR10070131	11446	8	50.34283562163122
SRR10070132	11446	8	27.9106167469305
SRR10070133	11446	8	28.6828637094459
SRR10070134	11446	8	50.12577598035315
SRR10070141	11446	8	30.40091192216574
SRR10070149	11446	8	60.17879049532079
SRR10070150	11446	8	63.05609100327106
SRR10070151	11446	8	61.91321000265552
SRR10102392	11446	8	41.43482921980176
SRR10102393	11446	8	40.53056643925328
SRR10102394	11446	8	41.67809395367155
SRR10070130	11446	9	48.98746425699329
SRR10070131	11446	9	51.36729730403069
SRR10070132	11446	9	28.07341088244143
SRR10070133	11446	9	28.7328352643399
SRR10070134	11446	9	50.73917047059884
SRR10070141	11446	9	30.8040980467477
SRR10070149	11446	9	61.00463226894209
SRR10070150	11446	9	62.55600159632733
SRR10070151	11446	9	61.72981789097784
SRR10102392	11446	9	41.41908798713074
SRR10102393	11446	9	40.63238190562782
SRR10102394	11446	9	41.75151884864561
SRR10070130	11446	10	48.23090918066825
SRR10070131	11446	10	51.08965130956257
SRR10070132	11446	10	28.12206813210073
SRR10070133	11446	10	28.7615505268728
SRR10070134	11446	10	50.11190843549002
SRR10070141	11446	10	30.5295025898368
SRR10070149	11446	10	61.84973050788123
SRR10070150	11446	10	61.07534330138449
SRR10070151	11446	10	62.81001550873285
SRR10102392	11446	10	41.55111138122685
SRR10102393	11446	10	40.94361174199104
SRR10102394	11446	10	41.63485850106454
SRR10070130	11747	1	48.3184771031097
SRR10070131	11747	1	51.51364825787257
SRR10070132	11747	1	27.83628789644139
SRR10070133	11747	1	28.5355141005061
SRR10070134	11747	1	49.88901990168265
SRR10070141	11747	1	30.64926637482791
SRR10070149	11747	1	60.78659612345933
SRR10070150	11747	1	61.0595261905457
SRR10070151	11747	1	61.24648282670771
SRR10102392	11747	1	41.8179844035578
SRR10102393	11747	1	41.2017856581667
SRR10102394	11747	1	40.91563334950727
SRR10070130	11747	2	47.76049218647801
SRR10070131	11747	2	51.05822944954044
SRR10070132	11747	2	28.12206813210073
SRR10070133	11747	2	28.54705849475598
SRR10070134	11747	2	50.66751558773538
SRR10070141	11747	2	31.03569777065621
SRR10070149	11747	2	61.00724126485017
SRR10070150	11747	2	61.72851846656275
SRR10070151	11747	2	61.50780392005376
SRR10102392	11747	2	41.44934792205981
SRR10102393	11747	2	41.95107211851346
SRR10102394	11747	2	40.11778463763662
SRR10070130	11747	3	49.96831715311983
SRR10070131	11747	3	50.64487438777823
SRR10070132	11747	3	27.83077176689553
SRR10070133	11747	3	28.53242505356787
SRR10070134	11747	3	51.06750478434162
SRR10070141	11747	3	30.7954348049845
SRR10070149	11747	3	62.27940150890803
SRR10070150	11747	3	61.39505056045463
SRR10070151	11747	3	61.26319618373073
SRR10102392	11747	3	41.78895616902011
SRR10102393	11747	3	41.75816946873637
SRR10102394	11747	3	40.36795830216365
SRR10070130	11747	4	49.1219120684327
SRR10070131	11747	4	50.05218148153169
SRR10070132	11747	4	27.79590626323047
SRR10070133	11747	4	28.6386233837683
SRR10070134	11747	4	51.28363974647686
SRR10070141	11747	4	30.30432117829992
SRR10070149	11747	4	62.38266345302983
SRR10070150	11747	4	62.47026769220095
SRR10070151	11747	4	62.19834969564803
SRR10102392	11747	4	40.62637207226236
SRR10102393	11747	4	40.9871899411279
SRR10102394	11747	4	40.63827136642842
SRR10070130	11747	5	48.49012329203087
SRR10070131	11747	5	50.8251066448249
SRR10070132	11747	5	27.77183925296562
SRR10070133	11747	5	28.40320517093542
SRR10070134	11747	5	49.97321121008635
SRR10070141	11747	5	30.35365118850104
SRR10070149	11747	5	60.42248825896252
SRR10070150	11747	5	62.74940478186353
SRR10070151	11747	5	62.66281058925921
SRR10102392	11747	5	41.73958995711286
SRR10102393	11747	5	41.92091412270621
SRR10102394	11747	5	40.48096666326651
SRR10070130	11747	6	49.39524342191545
SRR10070131	11747	6	50.54002642820363
SRR10070132	11747	6	28.12206813210073
SRR10070133	11747	6	28.75300381185845
SRR10070134	11747	6	51.08139691596636
SRR10070141	11747	6	30.28212655947505
SRR10070149	11747	6	62.04866879293544
SRR10070150	11747	6	62.6568732306301
SRR10070151	11747	6	62.6426593226404
SRR10102392	11747	6	40.59348496833687
SRR10102393	11747	6	40.05577976902215
SRR10102394	11747	6	41.54140706521201
SRR10070130	11747	7	47.74997587095295
SRR10070131	11747	7	50.07209953882767
SRR10070132	11747	7	27.74528282014224
SRR10070133	11747	7	28.71872306940516
SRR10070134	11747	7	51.86707829037256
SRR10070141	11747	7	31.10953927931337
SRR10070149	11747	7	62.09275449140404
SRR10070150	11747	7	62.29981178968423
SRR10070151	11747	7	62.57312760442501
SRR10102392	11747	7	41.89563164881403
SRR10102393	11747	7	40.67108202741439
SRR10102394	11747	7	41.54212284615726
SRR10070130	11747	8	49.14805171447598
SRR10070131	11747	8	51.92431997015717
SRR10070132	11747	8	27.9106167469305
SRR10070133	11747	8	28.48126691149107
SRR10070134	11747	8	50.55752528813203
SRR10070141	11747	8	30.36791788519093
SRR10070149	11747	8	59.51472678365841
SRR10070150	11747	8	62.7753661133624
SRR10070151	11747	8	62.36364712532166
SRR10102392	11747	8	41.52140325166259
SRR10102393	11747	8	41.90050928036742
SRR10102394	11747	8	40.57192711162141
SRR10070130	11747	9	48.92623100847857
SRR10070131	11747	9	51.41621006060996
SRR10070132	11747	9	27.9106167469305
SRR10070133	11747	9	27.65961138281759
SRR10070134	11747	9	51.69601564131325
SRR10070141	11747	9	30.60572264024018
SRR10070149	11747	9	61.39953582737072
SRR10070150	11747	9	62.83910742424892
SRR10070151	11747	9	61.60928621242299
SRR10102392	11747	9	41.74694210392139
SRR10102393	11747	9	41.70824964973685
SRR10102394	11747	9	41.80352259799034
SRR10070130	11747	10	48.56660502590965
SRR10070131	11747	10	51.23908742031546
SRR10070132	11747	10	27.74528282014224
SRR10070133	11747	10	28.33517973282042
SRR10070134	11747	10	51.29277726085645
SRR10070141	11747	10	30.22593931242665
SRR10070149	11747	10	60.54047153476587
SRR10070150	11747	10	62.96836245061679
SRR10070151	11747	10	61.03664414847988
SRR10102392	11747	10	40.37631226480453
SRR10102393	11747	10	42.18833192563658
SRR10102394	11747	10	41.95217165659657
SRR10070130	12049	1	49.51568001111283
SRR10070131	12049	1	50.86450878444844
SRR10070132	12049	1	28.12206813210073
SRR10070133	12049	1	28.27529062360313
SRR10070134	12049	1	50.98085549401899
SRR10070141	12049	1	30.87765039387944
SRR10070149	12049	1	60.79951670505429
SRR10070150	12049	1	61.81524688875506
SRR10070151	12049	1	62.46830604228443
SRR10102392	12049	1	42.02391060807847
SRR10102393	12049	1	42.31500540704086
SRR10102394	12049	1	41.01416693875446
SRR10070130	12049	2	50.15465467059543
SRR10070131	12049	2	51.22171416086146
SRR10070132	12049	2	28.12206813210073
SRR10070133	12049	2	28.88277919071153
SRR10070134	12049	2	50.63924916283612
SRR10070141	12049	2	30.64679078986019
SRR10070149	12049	2	60.53819450206085
SRR10070150	12049	2	62.84446182693456
SRR10070151	12049	2	61.52750791039112
SRR10102392	12049	2	40.79759495459596
SRR10102393	12049	2	42.11213889525464
SRR10102394	12049	2	40.32396444682033
SRR10070130	12049	3	49.1667832910866
SRR10070131	12049	3	51.45061703448102
SRR10070132	12049	3	28.12206813210073
SRR10070133	12049	3	28.42842139711163
SRR10070134	12049	3	50.92902932833877
SRR10070141	12049	3	30.56753840647491
SRR10070149	12049	3	62.19685298289701
SRR10070150	12049	3	61.91274440344866
SRR10070151	12049	3	61.88632655760856
SRR10102392	12049	3	40.42666851010856
SRR10102393	12049	3	42.18557033456651
SRR10102394	12049	3	41.71634297762287
SRR10070130	12049	4	49.67488197735067
SRR10070131	12049	4	50.15154387049493
SRR10070132	12049	4	27.98907947057309
SRR10070133	12049	4	28.54404836256175
SRR10070134	12049	4	51.2969184660098
SRR10070141	12049	4	30.16729460487631
SRR10070149	12049	4	61.17509653156465
SRR10070150	12049	4	62.78654361925987
SRR10070151	12049	4	62.552124237637
SRR10102392	12049	4	41.54655494286383
SRR10102393	12049	4	41.7887094756944
SRR10102394	12049	4	40.62954899085818
SRR10070130	12049	5	47.86232991886935
SRR10070131	12049	5	50.38541507612018
SRR10070132	12049	5	27.81603555991173
SRR10070133	12049	5	28.5885526256114
SRR10070134	12049	5	51.03447780572228
SRR10070141	12049	5	31.0163439814358
SRR10070149	12049	5	62.67264656144841
SRR10070150	12049	5	61.7100606387713
SRR10070151	12049	5	62.53084814199612
SRR10102392	12049	5	40.16584174560256
SRR10102393	12049	5	40.52115599875778
SRR10102394	12049	5	40.72114953681827
SRR10070130	12049	6	48.34307102238076
SRR10070131	12049	6	51.61483848721607
SRR10070132	12049	6	28.12206813210073
SRR10070133	12049	6	28.70799059680902
SRR10070134	12049	6	51.50543822123867
SRR10070141	12049	6	29.51927621585566
SRR10070149	12049	6	61.13071297205465
SRR10070150	12049	6	62.58569305379604
SRR10070151	12049	6	61.57447435770538
SRR10102392	12049	6	41.00306526430515
SRR10102393	12049	6	41.13131873622721
SRR10102394	12049	6	40.46354432581806
SRR10070130	12049	7	49.74086801404618
SRR10070131	12049	7	51.01977537822334
SRR10070132	12049	7	27.90876021637964
SRR10070133	12049	7	28.62472209821586
SRR10070134	12049	7	50.94178443128826
SRR10070141	12049	7	30.71158018236821
SRR10070149	12049	7	60.49871870336686
SRR10070150	12049	7	62.81978752049017
SRR10070151	12049	7	62.86557350069879
SRR10102392	12049	7	40.44875741088594
SRR10102393	12049	7	41.93527043693369
SRR10102394	12049	7	41.74012609144202
SRR10070130	12049	8	47.91160154118693
SRR10070131	12049	8	51.57960403171946
SRR10070132	12049	8	28.12206813210073
SRR10070133	12049	8	28.76051313679092
SRR10070134	12049	8	50.50944388979723
SRR10070141	12049	8	30.7261694414911
SRR10070149	12049	8	61.41445203519968
SRR10070150	12049	8	62.97864524108098
SRR10070151	12049	8	62.78516920549129
SRR10102392	12049	8	40.12838244309989
SRR10102393	12049	8	40.98297496679911
SRR10102394	12049	8	41.39890566448091
SRR10070130	12049	9	48.10071249892625
SRR10070131	12049	9	48.40062332139705
SRR10070132	12049	9	28.04753771034452
SRR10070133	12049	9	28.43715668788538
SRR10070134	12049	9	50.84514737832096
SRR10070141	12049	9	30.5557428132168
SRR10070149	12049	9	61.1331563505795
SRR10070150	12049	9	61.65165380399427
SRR10070151	12049	9	61.21086677012784
SRR10102392	12049	9	42.15982092624287
SRR10102393	12049	9	41.94420212693716
SRR10102394	12049	9	40.44656215041996
SRR10070130	12049	10	48.5818154106817
SRR10070131	12049	10	49.2990081071482
SRR10070132	12049	10	27.65509168693247
SRR10070133	12049	10	28.61893542114883
SRR10070134	12049	10	51.02480313540224
SRR10070141	12049	10	30.05536282319429
SRR10070149	12049	10	62.7178132263158
SRR10070150	12049	10	63.26645823751894
SRR10070151	12049	10	61.11917546760197
SRR10102392	12049	10	40.65815411438695
SRR10102393	12049	10	40.4615294553173
SRR10102394	12049	10	41.90811562785168
SRR10070130	12350	1	48.67814444098177
SRR10070131	12350	1	51.34070378562792
SRR10070132	12350	1	28.12206813210073
SRR10070133	12350	1	28.83005772443036
SRR10070134	12350	1	52.07181948944193
SRR10070141	12350	1	31.23782116559067
SRR10070149	12350	1	60.16998514921007
SRR10070150	12350	1	62.39870463374522
SRR10070151	12350	1	62.63365460270456
SRR10102392	12350	1	41.58058477950856
SRR10102393	12350	1	41.81328773725038
SRR10102394	12350	1	41.72954780180814
SRR10070130	12350	2	49.20132755473745
SRR10070131	12350	2	51.68914674887998
SRR10070132	12350	2	27.9106167469305
SRR10070133	12350	2	28.71026369449692
SRR10070134	12350	2	48.953204504871
SRR10070141	12350	2	30.7726299894295
SRR10070149	12350	2	60.91162574185723
SRR10070150	12350	2	62.03251827343926
SRR10070151	12350	2	62.63684249098996
SRR10102392	12350	2	40.60765246474043
SRR10102393	12350	2	42.31898242920479
SRR10102394	12350	2	40.6779559472657
SRR10070130	12350	3	49.64903324684826
SRR10070131	12350	3	50.27251665549355
SRR10070132	12350	3	28.12206813210073
SRR10070133	12350	3	28.45839707872258
SRR10070134	12350	3	51.35944505989911
SRR10070141	12350	3	30.49429157486958
SRR10070149	12350	3	60.71281778995011
SRR10070150	12350	3	62.96483952999686
SRR10070151	12350	3	62.95032288527261
SRR10102392	12350	3	41.77026829284589
SRR10102393	12350	3	42.19682471476794
SRR10102394	12350	3	40.65382626131652
SRR10070130	12350	4	48.62028736547935
SRR10070131	12350	4	51.30427126720559
SRR10070132	12350	4	27.88400695041907
SRR10070133	12350	4	28.75355246212451
SRR10070134	12350	4	50.43829320484229
SRR10070141	12350	4	30.36428220632735
SRR10070149	12350	4	62.39213387834317
SRR10070150	12350	4	62.77008998066746
SRR10070151	12350	4	61.65942982958642
SRR10102392	12350	4	41.83021486346836
SRR10102393	12350	4	40.9288160878587
SRR10102394	12350	4	41.52273091269533
SRR10070130	12350	5	49.84127804072624
SRR10070131	12350	5	51.19533310148049
SRR10070132	12350	5	27.98329063813584
SRR10070133	12350	5	28.80474503366755
SRR10070134	12350	5	51.09977486048481
SRR10070141	12350	5	30.67324985058008
SRR10070149	12350	5	61.02785176147308
SRR10070150	12350	5	63.17619400352557
SRR10070151	12350	5	62.29870172397587
SRR10102392	12350	5	41.46981366666611
SRR10102393	12350	5	40.99491345402834
SRR10102394	12350	5	40.40578570127489
SRR10070130	12350	6	48.79414188448108
SRR10070131	12350	6	51.13942023318609
SRR10070132	12350	6	28.0791791020384
SRR10070133	12350	6	28.86773280541543
SRR10070134	12350	6	50.34865512115444
SRR10070141	12350	6	30.84164319374452
SRR10070149	12350	6	60.52392847434699
SRR10070150	12350	6	63.0425781442372
SRR10070151	12350	6	61.28369489417064
SRR10102392	12350	6	40.46098253385143
SRR10102393	12350	6	42.44042144948819
SRR10102394	12350	6	40.84798411388415
SRR10070130	12350	7	49.65991956758199
SRR10070131	12350	7	51.81455491995807
SRR10070132	12350	7	27.98329063813584
SRR10070133	12350	7	28.73881307482267
SRR10070134	12350	7	49.90053722001509
SRR10070141	12350	7	30.64598834229475
SRR10070149	12350	7	61.15065295102848
SRR10070150	12350	7	63.05829446994327
SRR10070151	12350	7	61.76990349504187
SRR10102392	12350	7	40.5403554535397
SRR10102393	12350	7	41.296565779311
SRR10102394	12350	7	41.72973496332654
SRR10070130	12350	8	50.08448206792954
SRR10070131	12350	8	51.76348253924989
SRR10070132	12350	8	28.12206813210073
SRR10070133	12350	8	28.82354579288991
SRR10070134	12350	8	50.86867511259486
SRR10070141	12350	8	30.40182169352391
SRR10070149	12350	8	60.31433840671396
SRR10070150	12350	8	62.5339321742414
SRR10070151	12350	8	61.72181680384327
SRR10102392	12350	8	41.70462079145799
SRR10102393	12350	8	41.83398782624232
SRR10102394	12350	8	42.14512790382955
SRR10070130	12350	9	49.78787698338984
SRR10070131	12350	9	50.48190589589872
SRR10070132	12350	9	28.12206813210073
SRR10070133	12350	9	28.6426712815232
SRR10070134	12350	9	50.92195333639868
SRR10070141	12350	9	30.38661256805847
SRR10070149	12350	9	61.81890998389289
SRR10070150	12350	9	62.6967111445729
SRR10070151	12350	9	62.51259980581231
SRR10102392	12350	9	41.39247966070952
SRR10102393	12350	9	40.63402750361218
SRR10102394	12350	9	40.12399474261103
SRR10070130	12350	10	49.45526831897249
SRR10070131	12350	10	51.1822233261182
SRR10070132	12350	10	28.12206813210073
SRR10070133	12350	10	28.76881689354787
SRR10070134	12350	10	50.72265641072658
SRR10070141	12350	10	30.38331432768808
SRR10070149	12350	10	61.07205996678983
SRR10070150	12350	10	61.82808000257904
SRR10070151	12350	10	62.17344710713606
SRR10102392	12350	10	40.73691522654124
SRR10102393	12350	10	41.33944461476133
SRR10102394	12350	10	41.79408549381415
SRR10070130	12651	1	49.80720425174936
SRR10070131	12651	1	50.94333449483711
SRR10070132	12651	1	28.002356561659
SRR10070133	12651	1	28.36568651476434
SRR10070134	12651	1	51.72195672681891
SRR10070141	12651	1	30.66231737851127
SRR10070149	12651	1	62.42762358176118
SRR10070150	12651	1	63.36216902497542
SRR10070151	12651	1	61.34678437060329
SRR10102392	12651	1	41.43026087303742
SRR10102393	12651	1	41.96797057694003
SRR10102394	12651	1	41.57817320365214
SRR10070130	12651	2	47.24295796929659
SRR10070131	12651	2	52.10410773923144
SRR10070132	12651	2	28.12206813210073
SRR10070133	12651	2	28.63921809258057
SRR10070134	12651	2	50.49590096101596
SRR10070141	12651	2	31.36567192670851
SRR10070149	12651	2	62.39425805424987
SRR10070150	12651	2	62.58903450862265
SRR10070151	12651	2	62.91883808956598
SRR10102392	12651	2	41.3499714602819
SRR10102393	12651	2	41.80038240456677
SRR10102394	12651	2	40.45052568934288
SRR10070130	12651	3	49.31016491547476
SRR10070131	12651	3	51.0015955219943
SRR10070132	12651	3	27.74522945645419
SRR10070133	12651	3	28.46599867549272
SRR10070134	12651	3	50.9127181025664
SRR10070141	12651	3	30.42661436100224
SRR10070149	12651	3	61.62473746019824
SRR10070150	12651	3	62.77696536369019
SRR10070151	12651	3	61.93142941582598
SRR10102392	12651	3	41.7495841675889
SRR10102393	12651	3	41.78726688858073
SRR10102394	12651	3	41.75279290289838
SRR10070130	12651	4	48.1830181644311
SRR10070131	12651	4	50.74168893691269
SRR10070132	12651	4	28.00767178129907
SRR10070133	12651	4	28.74236961458116
SRR10070134	12651	4	51.01385307324129
SRR10070141	12651	4	30.41893683036523
SRR10070149	12651	4	60.7606753395494
SRR10070150	12651	4	61.73183987780328
SRR10070151	12651	4	61.44486452891397
SRR10102392	12651	4	41.58355723965047
SRR10102393	12651	4	41.79044779249768
SRR10102394	12651	4	41.96434242659945
SRR10070130	12651	5	49.32091274829037
SRR10070131	12651	5	52.28883417843241
SRR10070132	12651	5	28.12206813210073
SRR10070133	12651	5	28.33130656149038
SRR10070134	12651	5	51.08856038830598
SRR10070141	12651	5	30.80686572212808
SRR10070149	12651	5	61.22803390498475
SRR10070150	12651	5	61.71128684576816
SRR10070151	12651	5	61.79110476853219
SRR10102392	12651	5	41.48176692604154
SRR10102393	12651	5	42.24698571864346
SRR10102394	12651	5	41.64837839503527
SRR10070130	12651	6	50.3772464135909
SRR10070131	12651	6	50.86357216589879
SRR10070132	12651	6	27.97108132654252
SRR10070133	12651	6	28.17888727312575
SRR10070134	12651	6	50.99621596214504
SRR10070141	12651	6	31.02046372515111
SRR10070149	12651	6	60.99969404979913
SRR10070150	12651	6	62.8823596007536
SRR10070151	12651	6	61.86456067719433
SRR10102392	12651	6	40.4648594087626
SRR10102393	12651	6	42.03896716930404
SRR10102394	12651	6	42.00899142973
SRR10070130	12651	7	49.41231066232085
SRR10070131	12651	7	51.92235912517981
SRR10070132	12651	7	27.98329063813584
SRR10070133	12651	7	28.54802190524085
SRR10070134	12651	7	51.30771001667618
SRR10070141	12651	7	30.89082131198581
SRR10070149	12651	7	61.26335754754086
SRR10070150	12651	7	63.26891363934121
SRR10070151	12651	7	62.65683201479376
SRR10102392	12651	7	40.72425579653761
SRR10102393	12651	7	41.5509445491894
SRR10102394	12651	7	41.7766365846991
SRR10070130	12651	8	48.92755418593096
SRR10070131	12651	8	51.51731289328082
SRR10070132	12651	8	27.98329063813584
SRR10070133	12651	8	28.69643334337628
SRR10070134	12651	8	52.13267604553737
SRR10070141	12651	8	30.857540596903
SRR10070149	12651	8	61.0657424807648
SRR10070150	12651	8	62.13452773718138
SRR10070151	12651	8	61.96937193771146
SRR10102392	12651	8	41.92578750463295
SRR10102393	12651	8	41.10964236062788
SRR10102394	12651	8	41.80875934932496
SRR10070130	12651	9	49.36774554146823
SRR10070131	12651	9	52.23535662904506
SRR10070132	12651	9	28.12206813210073
SRR10070133	12651	9	28.59998602638962
SRR10070134	12651	9	50.4587652282665
SRR10070141	12651	9	30.88165547624312
SRR10070149	12651	9	60.52365207409328
SRR10070150	12651	9	62.30875670370723
SRR10070151	12651	9	62.45731268113379
SRR10102392	12651	9	41.77000334915798
SRR10102393	12651	9	42.17245883439379
SRR10102394	12651	9	41.89238565254711
SRR10070130	12651	10	47.70805790121224
SRR10070131	12651	10	50.68290937994828
SRR10070132	12651	10	28.10406998807015
SRR10070133	12651	10	28.47472779342692
SRR10070134	12651	10	51.53185160702699
SRR10070141	12651	10	30.65120602779292
SRR10070149	12651	10	62.19128741792811
SRR10070150	12651	10	62.36661429564078
SRR10070151	12651	10	61.46320929844636
SRR10102392	12651	10	41.85439367754598
SRR10102393	12651	10	42.0902233569947
SRR10102394	12651	10	40.48913756842607
SRR10070130	12952	1	49.58687254696535
SRR10070131	12952	1	51.42084431274922
SRR10070132	12952	1	28.12206813210073
SRR10070133	12952	1	28.7097270725517
SRR10070134	12952	1	51.61148944572793
SRR10070141	12952	1	30.649895031879
SRR10070149	12952	1	60.28482223690089
SRR10070150	12952	1	63.07954872357057
SRR10070151	12952	1	61.97758093429261
SRR10102392	12952	1	40.5309566096809
SRR10102393	12952	1	41.70574768292658
SRR10102394	12952	1	40.64083856487647
SRR10070130	12952	2	49.61710827744212
SRR10070131	12952	2	51.1456650400675
SRR10070132	12952	2	28.12206813210073
SRR10070133	12952	2	28.36781092145148
SRR10070134	12952	2	52.41867006076272
SRR10070141	12952	2	30.85187498085054
SRR10070149	12952	2	61.32070944996963
SRR10070150	12952	2	61.51200344620596
SRR10070151	12952	2	62.05595018744012
SRR10102392	12952	2	41.91191673258995
SRR10102393	12952	2	40.84112540787974
SRR10102394	12952	2	41.92364815661212
SRR10070130	12952	3	49.98401588032505
SRR10070131	12952	3	51.70076508144044
SRR10070132	12952	3	28.04753771034452
SRR10070133	12952	3	28.80616458899472
SRR10070134	12952	3	51.79534058678885
SRR10070141	12952	3	31.08013155084996
SRR10070149	12952	3	61.06663795367655
SRR10070150	12952	3	61.78552097549516
SRR10070151	12952	3	61.77662631271191
SRR10102392	12952	3	42.04873774780528
SRR10102393	12952	3	41.88703824066857
SRR10102394	12952	3	40.49526594036965
SRR10070130	12952	4	49.35353034582459
SRR10070131	12952	4	52.05897097934152
SRR10070132	12952	4	28.12206813210073
SRR10070133	12952	4	28.59518686814592
SRR10070134	12952	4	51.84727144828533
SRR10070141	12952	4	30.31086508330851
SRR10070149	12952	4	60.78440069881452
SRR10070150	12952	4	62.53650611584285
SRR10070151	12952	4	61.8538504305798
SRR10102392	12952	4	41.85607604032086
SRR10102393	12952	4	40.47379548181389
SRR10102394	12952	4	41.75736247530082
SRR10070130	12952	5	49.21101220795651
SRR10070131	12952	5	50.96515476218207
SRR10070132	12952	5	27.8360863251743
SRR10070133	12952	5	28.78443152205326
SRR10070134	12952	5	50.87403877166101
SRR10070141	12952	5	30.36062891368716
SRR10070149	12952	5	61.27754463968159
SRR10070150	12952	5	63.04698515611086
SRR10070151	12952	5	61.72348337877479
SRR10102392	12952	5	41.95850702498575
SRR10102393	12952	5	40.95198223197108
SRR10102394	12952	5	41.90775585268733
SRR10070130	12952	6	48.17722259754337
SRR10070131	12952	6	51.2214629913528
SRR10070132	12952	6	28.12206813210073
SRR10070133	12952	6	28.66418747724272
SRR10070134	12952	6	51.85853617848372
SRR10070141	12952	6	30.42534596187835
SRR10070149	12952	6	61.84770042371534
SRR10070150	12952	6	62.90861262967211
SRR10070151	12952	6	62.78750370426819
SRR10102392	12952	6	41.75856235205831
SRR10102393	12952	6	42.15611999677433
SRR10102394	12952	6	40.26242177122273
SRR10070130	12952	7	49.81804061806905
SRR10070131	12952	7	50.76990060163899
SRR10070132	12952	7	28.12206813210073
SRR10070133	12952	7	28.65737317403446
SRR10070134	12952	7	52.36781688307268
SRR10070141	12952	7	30.89349738968378
SRR10070149	12952	7	60.39336913922763
SRR10070150	12952	7	62.9284670171499
SRR10070151	12952	7	62.27426573330998
SRR10102392	12952	7	41.90081075198813
SRR10102393	12952	7	42.03230155270967
SRR10102394	12952	7	41.78689532974609
SRR10070130	12952	8	49.18237105631529
SRR10070131	12952	8	50.93895537038944
SRR10070132	12952	8	28.04753771034452
SRR10070133	12952	8	28.69366681919101
SRR10070134	12952	8	51.25830086825341
SRR10070141	12952	8	30.5052746917491
SRR10070149	12952	8	62.32014080500516
SRR10070150	12952	8	62.80095663728401
SRR10070151	12952	8	62.15856862021141
SRR10102392	12952	8	40.45295432719304
SRR10102393	12952	8	42.36052172455184
SRR10102394	12952	8	40.49239653025514
SRR10070130	12952	9	49.36445797386358
SRR10070131	12952	9	50.88443344151267
SRR10070132	12952	9	27.9106167469305
SRR10070133	12952	9	28.64401752232824
SRR10070134	12952	9	50.51553226976331
SRR10070141	12952	9	30.24712690396899
SRR10070149	12952	9	60.6606932838128
SRR10070150	12952	9	63.10136143646653
SRR10070151	12952	9	61.34271550446065
SRR10102392	12952	9	41.81701968376738
SRR10102393	12952	9	42.39134351327287
SRR10102394	12952	9	42.11253955568181
SRR10070130	12952	10	49.66439959729459
SRR10070131	12952	10	52.63506351962799
SRR10070132	12952	10	28.02748694508195
SRR10070133	12952	10	28.5069193606487
SRR10070134	12952	10	51.08941828209559
SRR10070141	12952	10	30.60659118381062
SRR10070149	12952	10	61.02516199837851
SRR10070150	12952	10	63.15940460956041
SRR10070151	12952	10	62.06568603345777
SRR10102392	12952	10	40.47516648574832
SRR10102393	12952	10	42.31862864426288
SRR10102394	12952	10	40.29353980375696
SRR10070130	13253	1	48.89342779267015
SRR10070131	13253	1	51.08848960267282
SRR10070132	13253	1	27.9106167469305
SRR10070133	13253	1	28.88533541780215
SRR10070134	13253	1	52.09097340540504
SRR10070141	13253	1	31.16687237744992
SRR10070149	13253	1	61.54656350617018
SRR10070150	13253	1	62.63111168479504
SRR10070151	13253	1	61.76182677751782
SRR10102392	13253	1	41.95155175690986
SRR10102393	13253	1	41.06911866708615
SRR10102394	13253	1	40.4793181072769
SRR10070130	13253	2	48.89603773586231
SRR10070131	13253	2	51.63432781536018
SRR10070132	13253	2	28.12206813210073
SRR10070133	13253	2	28.68974704170718
SRR10070134	13253	2	51.93969085282057
SRR10070141	13253	2	30.81054303323691
SRR10070149	13253	2	62.4160356259481
SRR10070150	13253	2	63.33773073933975
SRR10070151	13253	2	62.72478753512947
SRR10102392	13253	2	41.76435988465538
SRR10102393	13253	2	41.99839599360916
SRR10102394	13253	2	41.70803686624625
SRR10070130	13253	3	49.24932229130776
SRR10070131	13253	3	51.8480551020336
SRR10070132	13253	3	28.12206813210073
SRR10070133	13253	3	28.92743332188003
SRR10070134	13253	3	50.60222306261909
SRR10070141	13253	3	30.32917398115461
SRR10070149	13253	3	61.70206654750223
SRR10070150	13253	3	63.09879125361768
SRR10070151	13253	3	63.17921980655043
SRR10102392	13253	3	41.98299880631944
SRR10102393	13253	3	41.17585209536973
SRR10102394	13253	3	41.93309003537515
SRR10070130	13253	4	49.16083061351939
SRR10070131	13253	4	51.37873336208497
SRR10070132	13253	4	28.04753771034452
SRR10070133	13253	4	28.77657713501141
SRR10070134	13253	4	50.38930629735589
SRR10070141	13253	4	29.96105005389041
SRR10070149	13253	4	61.05475742245625
SRR10070150	13253	4	63.40024817713385
SRR10070151	13253	4	61.90769493713398
SRR10102392	13253	4	40.46477534139942
SRR10102393	13253	4	41.16294925282216
SRR10102394	13253	4	41.66415719680018
SRR10070130	13253	5	49.76535789339241
SRR10070131	13253	5	51.70945169426503
SRR10070132	13253	5	28.12206813210073
SRR10070133	13253	5	28.54292301850992
SRR10070134	13253	5	51.23241583075601
SRR10070141	13253	5	31.22542295919465
SRR10070149	13253	5	60.65956130207928
SRR10070150	13253	5	62.88505253693285
SRR10070151	13253	5	61.03185262852013
SRR10102392	13253	5	41.48661571933771
SRR10102393	13253	5	41.45073099441453
SRR10102394	13253	5	40.33835077745273
SRR10070130	13253	6	48.99941838685924
SRR10070131	13253	6	51.31291408340225
SRR10070132	13253	6	27.98329063813584
SRR10070133	13253	6	28.7467540626462
SRR10070134	13253	6	51.62127209944299
SRR10070141	13253	6	30.96120299917607
SRR10070149	13253	6	62.10771515363302
SRR10070150	13253	6	63.34134854183051
SRR10070151	13253	6	62.00368181797339
SRR10102392	13253	6	40.94910092032372
SRR10102393	13253	6	41.92820774559003
SRR10102394	13253	6	40.85124215182953
SRR10070130	13253	7	50.64661506384274
SRR10070131	13253	7	50.63401523658187
SRR10070132	13253	7	28.12206813210073
SRR10070133	13253	7	28.57374997513156
SRR10070134	13253	7	51.9191753940412
SRR10070141	13253	7	30.3116085421081
SRR10070149	13253	7	61.05276130003335
SRR10070150	13253	7	61.63183516516097
SRR10070151	13253	7	62.96727833839955
SRR10102392	13253	7	41.90358752103495
SRR10102393	13253	7	41.97791449082955
SRR10102394	13253	7	41.40541190600138
SRR10070130	13253	8	48.48199574110467
SRR10070131	13253	8	51.7893226855143
SRR10070132	13253	8	27.98329063813584
SRR10070133	13253	8	28.60666531341749
SRR10070134	13253	8	51.00946383278123
SRR10070141	13253	8	30.85647754528401
SRR10070149	13253	8	60.17648387818771
SRR10070150	13253	8	63.09796799982854
SRR10070151	13253	8	61.95110080076964
SRR10102392	13253	8	41.98201270032418
SRR10102393	13253	8	42.21510767703244
SRR10102394	13253	8	41.72769523720734
SRR10070130	13253	9	48.2732002292307
SRR10070131	13253	9	51.61259026172553
SRR10070132	13253	9	28.04753771034452
SRR10070133	13253	9	28.59782451244429
SRR10070134	13253	9	52.11935799905088
SRR10070141	13253	9	30.52396683482295
SRR10070149	13253	9	61.0241029135912
SRR10070150	13253	9	62.97200001744763
SRR10070151	13253	9	62.94239131220972
SRR10102392	13253	9	41.83014613696118
SRR10102393	13253	9	42.58679748931267
SRR10102394	13253	9	40.84089933435568
SRR10070130	13253	10	50.64274642901262
SRR10070131	13253	10	49.83679455391284
SRR10070132	13253	10	27.98329063813584
SRR10070133	13253	10	28.51829246535216
SRR10070134	13253	10	50.76007187080571
SRR10070141	13253	10	30.40312542836967
SRR10070149	13253	10	62.92801772389517
SRR10070150	13253	10	63.27146297835834
SRR10070151	13253	10	62.07909300452693
SRR10102392	13253	10	41.78827198337977
SRR10102393	13253	10	41.69226845938744
SRR10102394	13253	10	41.54906123751064
SRR10070130	13555	1	49.51329975094799
SRR10070131	13555	1	50.54220378697717
SRR10070132	13555	1	28.12206813210073
SRR10070133	13555	1	28.7073405476988
SRR10070134	13555	1	51.47522228937477
SRR10070141	13555	1	30.58939905424564
SRR10070149	13555	1	62.46928931963345
SRR10070150	13555	1	61.52726755013543
SRR10070151	13555	1	62.01388696418847
SRR10102392	13555	1	41.87218412696237
SRR10102393	13555	1	41.07178743520005
SRR10102394	13555	1	41.92340953767054
SRR10070130	13555	2	48.46492283577479
SRR10070131	13555	2	51.96757422782607
SRR10070132	13555	2	28.12206813210073
SRR10070133	13555	2	28.72244402548416
SRR10070134	13555	2	52.86493014508503
SRR10070141	13555	2	30.96294080816063
SRR10070149	13555	2	61.14835269390898
SRR10070150	13555	2	63.36401839526206
SRR10070151	13555	2	63.116422792304
SRR10102392	13555	2	41.95168783225634
SRR10102393	13555	2	42.72737764906643
SRR10102394	13555	2	40.52216594632949
SRR10070130	13555	3	48.80786630811779
SRR10070131	13555	3	51.66930668444486
SRR10070132	13555	3	28.04051280842545
SRR10070133	13555	3	28.78594744944612
SRR10070134	13555	3	51.90695779212881
SRR10070141	13555	3	30.96874988237478
SRR10070149	13555	3	62.80227080012838
SRR10070150	13555	3	63.19545887930275
SRR10070151	13555	3	61.58281966344917
SRR10102392	13555	3	41.68242604033085
SRR10102393	13555	3	41.72672900590889
SRR10102394	13555	3	41.7614053514808
SRR10070130	13555	4	50.39159452247681
SRR10070131	13555	4	51.06169068978853
SRR10070132	13555	4	28.12206813210073
SRR10070133	13555	4	28.57984278821865
SRR10070134	13555	4	51.47663094009382
SRR10070141	13555	4	31.11639024819221
SRR10070149	13555	4	61.54183595204789
SRR10070150	13555	4	62.11292576728592
SRR10070151	13555	4	62.28902072007899
SRR10102392	13555	4	42.16994010229219
SRR10102393	13555	4	42.30111537359713
SRR10102394	13555	4	40.72994198164903
SRR10070130	13555	5	49.31659009519174
SRR10070131	13555	5	52.37848992923161
SRR10070132	13555	5	28.12206813210073
SRR10070133	13555	5	28.83554624176942
SRR10070134	13555	5	52.07897491142921
SRR10070141	13555	5	31.22867059322215
SRR10070149	13555	5	62.49822435857202
SRR10070150	13555	5	62.9870344587076
SRR10070151	13555	5	62.99708708375222
SRR10102392	13555	5	41.83430366755167
SRR10102393	13555	5	40.74752527578919
SRR10102394	13555	5	42.32792827268936
SRR10070130	13555	6	49.16537509803556
SRR10070131	13555	6	52.46665080057797
SRR10070132	13555	6	27.9106167469305
SRR10070133	13555	6	28.81701099108211
SRR10070134	13555	6	52.85947176268575
SRR10070141	13555	6	31.14931211590084
SRR10070149	13555	6	61.80553932283966
SRR10070150	13555	6	62.90597773991266
SRR10070151	13555	6	62.99286281555193
SRR10102392	13555	6	41.92349795255554
SRR10102393	13555	6	42.21756600611211
SRR10102394	13555	6	40.83119740199989
SRR10070130	13555	7	49.88697661316391
SRR10070131	13555	7	51.58194873561965
SRR10070132	13555	7	28.06997028255286
SRR10070133	13555	7	28.87288721831183
SRR10070134	13555	7	51.176156963912
SRR10070141	13555	7	30.12286087563343
SRR10070149	13555	7	61.03341319206823
SRR10070150	13555	7	62.77505609377243
SRR10070151	13555	7	62.16761159908608
SRR10102392	13555	7	42.04422364259935
SRR10102393	13555	7	41.35701828763074
SRR10102394	13555	7	41.71144529250687
SRR10070130	13555	8	48.84818045029797
SRR10070131	13555	8	51.53536843809186
SRR10070132	13555	8	28.12206813210073
SRR10070133	13555	8	28.47226576512227
SRR10070134	13555	8	52.39258344429426
SRR10070141	13555	8	31.29302413849001
SRR10070149	13555	8	61.01715745546095
SRR10070150	13555	8	63.53660531091143
SRR10070151	13555	8	61.60748713927039
SRR10102392	13555	8	41.90159525186037
SRR10102393	13555	8	42.70853607820405
SRR10102394	13555	8	40.75756476747695
SRR10070130	13555	9	49.66980776758989
SRR10070131	13555	9	50.62235727685991
SRR10070132	13555	9	27.9106167469305
SRR10070133	13555	9	28.49343994655085
SRR10070134	13555	9	52.27648288201201
SRR10070141	13555	9	31.09611990210454
SRR10070149	13555	9	61.50314085631111
SRR10070150	13555	9	62.68724520240188
SRR10070151	13555	9	62.01856912574395
SRR10102392	13555	9	41.74331683387744
SRR10102393	13555	9	41.05009424959506
SRR10102394	13555	9	40.63637736215959
SRR10070130	13555	10	50.52675340267849
SRR10070131	13555	10	52.27135115749447
SRR10070132	13555	10	28.12206813210073
SRR10070133	13555	10	28.67749649757067
SRR10070134	13555	10	51.96121061025093
SRR10070141	13555	10	31.0250868237934
SRR10070149	13555	10	62.67945277520051
SRR10070150	13555	10	63.04400301757707
SRR10070151	13555	10	61.90508789543207
SRR10102392	13555	10	41.32266386903577
SRR10102393	13555	10	42.21858610799607
SRR10102394	13555	10	42.05150799129844
SRR10070130	13856	1	49.96817188182163
SRR10070131	13856	1	51.52105833830768
SRR10070132	13856	1	27.98329063813584
SRR10070133	13856	1	28.73564481100666
SRR10070134	13856	1	52.36961813323197
SRR10070141	13856	1	30.83799521736882
SRR10070149	13856	1	62.63175611311868
SRR10070150	13856	1	63.29750970137515
SRR10070151	13856	1	63.02178981131068
SRR10102392	13856	1	42.13394341573554
SRR10102393	13856	1	42.28776309830793
SRR10102394	13856	1	41.924167442161
SRR10070130	13856	2	48.8497646116373
SRR10070131	13856	2	51.9593928228563
SRR10070132	13856	2	28.12206813210073
SRR10070133	13856	2	28.71676066625981
SRR10070134	13856	2	52.05330390280351
SRR10070141	13856	2	31.06157732656067
SRR10070149	13856	2	62.63114261408622
SRR10070150	13856	2	62.96631406458874
SRR10070151	13856	2	62.19254679956486
SRR10102392	13856	2	42.07130020288574
SRR10102393	13856	2	42.3626596404475
SRR10102394	13856	2	40.23488179376231
SRR10070130	13856	3	49.18213333732696
SRR10070131	13856	3	51.35305035887522
SRR10070132	13856	3	28.12206813210073
SRR10070133	13856	3	28.86393589893023
SRR10070134	13856	3	52.35136181884334
SRR10070141	13856	3	30.42134145234673
SRR10070149	13856	3	62.64825282436512
SRR10070150	13856	3	62.95381609330043
SRR10070151	13856	3	63.26794533668558
SRR10102392	13856	3	40.80409103519034
SRR10102393	13856	3	41.19934153963901
SRR10102394	13856	3	40.9173088637436
SRR10070130	13856	4	49.50928061871793
SRR10070131	13856	4	51.26049545375504
SRR10070132	13856	4	28.09226849564734
SRR10070133	13856	4	28.6931285230561
SRR10070134	13856	4	50.61836319150007
SRR10070141	13856	4	30.59518178157362
SRR10070149	13856	4	62.31410986341373
SRR10070150	13856	4	63.74322594011993
SRR10070151	13856	4	61.8451637857674
SRR10102392	13856	4	42.23420869707913
SRR10102393	13856	4	41.60043514534544
SRR10102394	13856	4	40.54810650673696
SRR10070130	13856	5	50.10542884428993
SRR10070131	13856	5	51.61473324204781
SRR10070132	13856	5	28.12206813210073
SRR10070133	13856	5	28.36595890503284
SRR10070134	13856	5	51.44656004406872
SRR10070141	13856	5	31.07362970204054
SRR10070149	13856	5	62.96982722360116
SRR10070150	13856	5	62.91632012886085
SRR10070151	13856	5	61.42672630290286
SRR10102392	13856	5	41.6211025733429
SRR10102393	13856	5	41.194044041163
SRR10102394	13856	5	41.89911374964505
SRR10070130	13856	6	48.62295325062727
SRR10070131	13856	6	50.66045723869809
SRR10070132	13856	6	28.12206813210073
SRR10070133	13856	6	28.97780518400721
SRR10070134	13856	6	52.06622899045953
SRR10070141	13856	6	30.81278505869051
SRR10070149	13856	6	61.53121333680197
SRR10070150	13856	6	63.12588455372111
SRR10070151	13856	6	62.8236030331722
SRR10102392	13856	6	40.54171643083667
SRR10102393	13856	6	42.24601088054416
SRR10102394	13856	6	40.37006967033724
SRR10070130	13856	7	49.23277906225081
SRR10070131	13856	7	52.92740533084362
SRR10070132	13856	7	28.12206813210073
SRR10070133	13856	7	28.75300381185845
SRR10070134	13856	7	51.957899372274
SRR10070141	13856	7	30.65450754907875
SRR10070149	13856	7	62.51029002331483
SRR10070150	13856	7	63.27723641683075
SRR10070151	13856	7	63.33771002689147
SRR10102392	13856	7	41.70239702549738
SRR10102393	13856	7	42.30102810437039
SRR10102394	13856	7	41.96722368701236
SRR10070130	13856	8	50.16520331632474
SRR10070131	13856	8	51.70400677615411
SRR10070132	13856	8	28.12206813210073
SRR10070133	13856	8	28.74919740122303
SRR10070134	13856	8	52.20419276820505
SRR10070141	13856	8	31.05602767778402
SRR10070149	13856	8	63.08108051903832
SRR10070150	13856	8	63.01289889952137
SRR10070151	13856	8	63.06602019187525
SRR10102392	13856	8	41.80713614772979
SRR10102393	13856	8	41.57947209697399
SRR10102394	13856	8	41.96798551887839
SRR10070130	13856	9	50.17352758533807
SRR10070131	13856	9	51.92102158558758
SRR10070132	13856	9	28.12206813210073
SRR10070133	13856	9	28.85322081685184
SRR10070134	13856	9	52.09234714933323
SRR10070141	13856	9	30.85411061061388
SRR10070149	13856	9	60.53530064997916
SRR10070150	13856	9	63.09938609911326
SRR10070151	13856	9	62.14293096574365
SRR10102392	13856	9	40.80792168420597
SRR10102393	13856	9	42.56474018955421
SRR10102394	13856	9	40.93426992107062
SRR10070130	13856	10	50.1275109025036
SRR10070131	13856	10	52.79326586201091
SRR10070132	13856	10	28.12206813210073
SRR10070133	13856	10	28.40542155380719
SRR10070134	13856	10	52.01871493790882
SRR10070141	13856	10	30.78483830962995
SRR10070149	13856	10	62.58967093673131
SRR10070150	13856	10	62.19415367069268
SRR10070151	13856	10	62.74572348327026
SRR10102392	13856	10	41.66969484345029
SRR10102393	13856	10	42.04314920880783
SRR10102394	13856	10	40.92301225409843
SRR10070130	14157	1	48.56065688010553
SRR10070131	14157	1	51.12361655840449
SRR10070132	14157	1	28.12206813210073
SRR10070133	14157	1	28.78291041257218
SRR10070134	14157	1	52.2379045829387
SRR10070141	14157	1	31.26009739615916
SRR10070149	14157	1	62.2020082272735
SRR10070150	14157	1	63.33509703525781
SRR10070151	14157	1	63.01801286493092
SRR10102392	14157	1	42.17532148401929
SRR10102393	14157	1	42.19191642440794
SRR10102394	14157	1	42.13437564906419
SRR10070130	14157	2	49.06963547865293
SRR10070131	14157	2	51.4278183113121
SRR10070132	14157	2	28.12206813210073
SRR10070133	14157	2	28.87832646903009
SRR10070134	14157	2	51.84474911681968
SRR10070141	14157	2	30.81628416719117
SRR10070149	14157	2	61.30562904805117
SRR10070150	14157	2	63.57326629818386
SRR10070151	14157	2	62.14208673428514
SRR10102392	14157	2	41.75329829349048
SRR10102393	14157	2	41.92061569931177
SRR10102394	14157	2	41.03103706184415
SRR10070130	14157	3	49.72836024820692
SRR10070131	14157	3	51.90166163285257
SRR10070132	14157	3	27.9106167469305
SRR10070133	14157	3	28.70280870696197
SRR10070134	14157	3	51.54896856240589
SRR10070141	14157	3	31.01443502208059
SRR10070149	14157	3	62.03481376023559
SRR10070150	14157	3	63.20327369592241
SRR10070151	14157	3	62.35127307668112
SRR10102392	14157	3	40.97730674574833
SRR10102393	14157	3	42.29777046303443
SRR10102394	14157	3	42.17071737736337
SRR10070130	14157	4	50.2782794732496
SRR10070131	14157	4	52.24309860300492
SRR10070132	14157	4	27.9106167469305
SRR10070133	14157	4	28.85145274426215
SRR10070134	14157	4	52.06276937935972
SRR10070141	14157	4	30.63429080497207
SRR10070149	14157	4	62.59756500708465
SRR10070150	14157	4	63.65254365772098
SRR10070151	14157	4	61.55953380693346
SRR10102392	14157	4	41.94849436404637
SRR10102393	14157	4	42.2962518568379
SRR10102394	14157	4	40.83841896270402
SRR10070130	14157	5	49.55424416043936
SRR10070131	14157	5	51.33680487863366
SRR10070132	14157	5	28.12206813210073
SRR10070133	14157	5	28.64553874398009
SRR10070134	14157	5	51.72620987477007
SRR10070141	14157	5	30.69366992876827
SRR10070149	14157	5	61.52682038807842
SRR10070150	14157	5	61.54756553724732
SRR10070151	14157	5	62.96297326112507
SRR10102392	14157	5	41.06372357368687
SRR10102393	14157	5	42.4914657182429
SRR10102394	14157	5	40.82760039652007
SRR10070130	14157	6	48.60584353312857
SRR10070131	14157	6	52.61019044630464
SRR10070132	14157	6	28.12206813210073
SRR10070133	14157	6	28.71499058032659
SRR10070134	14157	6	51.75677753536033
SRR10070141	14157	6	31.3741321479327
SRR10070149	14157	6	60.92509087982188
SRR10070150	14157	6	63.26988580986465
SRR10070151	14157	6	63.04967460850715
SRR10102392	14157	6	41.78621481116685
SRR10102393	14157	6	42.62756685038276
SRR10102394	14157	6	40.76948425595995
SRR10070130	14157	7	50.0211928076472
SRR10070131	14157	7	51.43577120788036
SRR10070132	14157	7	28.12206813210073
SRR10070133	14157	7	28.60275473205731
SRR10070134	14157	7	51.73697374012921
SRR10070141	14157	7	31.15625790035194
SRR10070149	14157	7	62.65465137854625
SRR10070150	14157	7	63.20237139002256
SRR10070151	14157	7	61.94150650417533
SRR10102392	14157	7	40.51772902769719
SRR10102393	14157	7	41.33318980606217
SRR10102394	14157	7	42.11637764054105
SRR10070130	14157	8	50.22079543752603
SRR10070131	14157	8	51.06559029589619
SRR10070132	14157	8	27.98907947057309
SRR10070133	14157	8	28.72890993329244
SRR10070134	14157	8	51.59847146785823
SRR10070141	14157	8	30.59759618297313
SRR10070149	14157	8	61.52298328458863
SRR10070150	14157	8	63.37389913098855
SRR10070151	14157	8	62.42933116319602
SRR10102392	14157	8	42.03127500656845
SRR10102393	14157	8	42.26147906143397
SRR10102394	14157	8	41.7939800919429
SRR10070130	14157	9	50.04497295671149
SRR10070131	14157	9	51.29007580820104
SRR10070132	14157	9	28.12206813210073
SRR10070133	14157	9	28.80088733037601
SRR10070134	14157	9	51.74452725262731
SRR10070141	14157	9	30.43161276290562
SRR10070149	14157	9	62.83064988422854
SRR10070150	14157	9	63.43717672107709
SRR10070151	14157	9	63.17081476033449
SRR10102392	14157	9	41.92913541323358
SRR10102393	14157	9	42.15082562467953
SRR10102394	14157	9	40.59505143146602
SRR10070130	14157	10	49.69044037651524
SRR10070131	14157	10	51.52039313094812
SRR10070132	14157	10	28.04051280842545
SRR10070133	14157	10	28.87495890764878
SRR10070134	14157	10	52.6076165885187
SRR10070141	14157	10	30.71543324267333
SRR10070149	14157	10	62.68875688014958
SRR10070150	14157	10	62.20153770399014
SRR10070151	14157	10	62.83133680861904
SRR10102392	14157	10	40.7352651161315
SRR10102393	14157	10	42.52798464113094
SRR10102394	14157	10	40.74923062934781
SRR10070130	14458	1	49.79824506570142
SRR10070131	14458	1	52.40538533202492
SRR10070132	14458	1	28.12206813210073
SRR10070133	14458	1	28.7008456449595
SRR10070134	14458	1	52.91602389243565
SRR10070141	14458	1	31.01612466077569
SRR10070149	14458	1	61.60256264157191
SRR10070150	14458	1	63.62617050659571
SRR10070151	14458	1	62.862219355118
SRR10102392	14458	1	40.71195808342757
SRR10102393	14458	1	42.75903241300202
SRR10102394	14458	1	40.49648040373224
SRR10070130	14458	2	50.05559911805687
SRR10070131	14458	2	51.33715443773186
SRR10070132	14458	2	28.12206813210073
SRR10070133	14458	2	28.958235612698
SRR10070134	14458	2	52.22639658041071
SRR10070141	14458	2	31.34873256174689
SRR10070149	14458	2	61.18670273809415
SRR10070150	14458	2	63.12306631097887
SRR10070151	14458	2	63.34789728825081
SRR10102392	14458	2	41.95086020275924
SRR10102393	14458	2	42.40951610514394
SRR10102394	14458	2	40.71567464296466
SRR10070130	14458	3	49.77150428146384
SRR10070131	14458	3	52.8438649220821
SRR10070132	14458	3	28.12206813210073
SRR10070133	14458	3	28.76198831531698
SRR10070134	14458	3	52.54399025987257
SRR10070141	14458	3	31.25115730514591
SRR10070149	14458	3	61.36915097143793
SRR10070150	14458	3	63.43593297644367
SRR10070151	14458	3	62.07986270637022
SRR10102392	14458	3	42.24508890942494
SRR10102393	14458	3	42.12212974588566
SRR10102394	14458	3	41.93592053562398
SRR10070130	14458	4	49.58323071402384
SRR10070131	14458	4	51.41281354475865
SRR10070132	14458	4	28.002356561659
SRR10070133	14458	4	28.71431800232399
SRR10070134	14458	4	51.19765582388842
SRR10070141	14458	4	30.86104614188736
SRR10070149	14458	4	62.78111542240071
SRR10070150	14458	4	63.47866355011899
SRR10070151	14458	4	63.16184865397756
SRR10102392	14458	4	41.60808142959579
SRR10102393	14458	4	40.82967066636735
SRR10102394	14458	4	42.01477543744479
SRR10070130	14458	5	50.75642184479651
SRR10070131	14458	5	51.95294256813241
SRR10070132	14458	5	28.12206813210073
SRR10070133	14458	5	28.76230948899059
SRR10070134	14458	5	52.75024112926103
SRR10070141	14458	5	30.97082334356464
SRR10070149	14458	5	60.72264408067281
SRR10070150	14458	5	63.52703943403756
SRR10070151	14458	5	62.26075448460991
SRR10102392	14458	5	40.96979888811457
SRR10102393	14458	5	42.4446930333979
SRR10102394	14458	5	42.25277355980002
SRR10070130	14458	6	49.23842956791892
SRR10070131	14458	6	51.72283405595554
SRR10070132	14458	6	28.12206813210073
SRR10070133	14458	6	28.76727932311953
SRR10070134	14458	6	52.47127632351931
SRR10070141	14458	6	30.6358192230578
SRR10070149	14458	6	61.28190151918971
SRR10070150	14458	6	63.35799575081172
SRR10070151	14458	6	62.8920337455183
SRR10102392	14458	6	41.89545121985581
SRR10102393	14458	6	42.6725820366183
SRR10102394	14458	6	41.92169803536611
SRR10070130	14458	7	49.34900860021136
SRR10070131	14458	7	52.15685241450188
SRR10070132	14458	7	28.12206813210073
SRR10070133	14458	7	28.72318509097569
SRR10070134	14458	7	52.15815553673757
SRR10070141	14458	7	30.4660795276306
SRR10070149	14458	7	62.51940192997291
SRR10070150	14458	7	63.97986583249251
SRR10070151	14458	7	61.69479241863382
SRR10102392	14458	7	40.96015399576142
SRR10102393	14458	7	42.08950945466005
SRR10102394	14458	7	42.03211875390731
SRR10070130	14458	8	49.21132531011364
SRR10070131	14458	8	52.22715146784544
SRR10070132	14458	8	28.12206813210073
SRR10070133	14458	8	28.52523421112007
SRR10070134	14458	8	52.43740357391437
SRR10070141	14458	8	31.03583140240715
SRR10070149	14458	8	61.04333901853262
SRR10070150	14458	8	63.96695106975241
SRR10070151	14458	8	63.09552131417549
SRR10102392	14458	8	41.88061425507042
SRR10102393	14458	8	41.84885500109016
SRR10102394	14458	8	42.018096274035
SRR10070130	14458	9	50.77056289692537
SRR10070131	14458	9	52.45066189226686
SRR10070132	14458	9	28.12206813210073
SRR10070133	14458	9	28.6358841013094
SRR10070134	14458	9	52.0447926961045
SRR10070141	14458	9	30.73124026035731
SRR10070149	14458	9	61.1622648559657
SRR10070150	14458	9	63.8213627977642
SRR10070151	14458	9	63.05684673617016
SRR10102392	14458	9	40.96708390394204
SRR10102393	14458	9	42.53188035096414
SRR10102394	14458	9	41.85687582000033
SRR10070130	14458	10	49.35136263625247
SRR10070131	14458	10	52.23852461743163
SRR10070132	14458	10	28.12206813210073
SRR10070133	14458	10	28.59361811244648
SRR10070134	14458	10	52.05374884158796
SRR10070141	14458	10	30.71186813811733
SRR10070149	14458	10	61.21237284845273
SRR10070150	14458	10	63.2877093554937
SRR10070151	14458	10	61.77324301609301
SRR10102392	14458	10	42.10619942275777
SRR10102393	14458	10	42.81539466191393
SRR10102394	14458	10	42.14540494246974
SRR10070130	14759	1	50.38175710019539
SRR10070131	14759	1	52.78165068822192
SRR10070132	14759	1	28.12206813210073
SRR10070133	14759	1	28.85721669199303
SRR10070134	14759	1	52.16896168287379
SRR10070141	14759	1	30.25169793481672
SRR10070149	14759	1	63.03205825976053
SRR10070150	14759	1	63.39600539565284
SRR10070151	14759	1	61.99107980561664
SRR10102392	14759	1	41.94744425260567
SRR10102393	14759	1	42.15521760340719
SRR10102394	14759	1	41.97204535165099
SRR10070130	14759	2	50.62861721385968
SRR10070131	14759	2	51.10248084716606
SRR10070132	14759	2	27.98329063813584
SRR10070133	14759	2	28.96019399553655
SRR10070134	14759	2	52.57426884916974
SRR10070141	14759	2	30.58623061329911
SRR10070149	14759	2	62.5857037359586
SRR10070150	14759	2	62.36762622989448
SRR10070151	14759	2	63.18505089207444
SRR10102392	14759	2	42.24910242504412
SRR10102393	14759	2	42.43654603710067
SRR10102394	14759	2	40.21353142445685
SRR10070130	14759	3	49.02333883984384
SRR10070131	14759	3	51.84124554659584
SRR10070132	14759	3	27.9106167469305
SRR10070133	14759	3	28.68287698243412
SRR10070134	14759	3	51.53695375704902
SRR10070141	14759	3	31.13801747089093
SRR10070149	14759	3	60.92392412495401
SRR10070150	14759	3	63.76405553336344
SRR10070151	14759	3	62.74816664475009
SRR10102392	14759	3	40.58062701566245
SRR10102393	14759	3	40.72006104110698
SRR10102394	14759	3	41.06146524290313
SRR10070130	14759	4	50.15439069024074
SRR10070131	14759	4	50.67166766509986
SRR10070132	14759	4	28.10193306656005
SRR10070133	14759	4	28.71888842821239
SRR10070134	14759	4	52.49255617956391
SRR10070141	14759	4	31.14080338285038
SRR10070149	14759	4	62.32720971937819
SRR10070150	14759	4	63.54577477594116
SRR10070151	14759	4	62.18022110882557
SRR10102392	14759	4	42.0902785303522
SRR10102393	14759	4	41.3671624469391
SRR10102394	14759	4	40.80571880626612
SRR10070130	14759	5	48.09276695413531
SRR10070131	14759	5	52.65068788110755
SRR10070132	14759	5	28.12206813210073
SRR10070133	14759	5	28.65692926599192
SRR10070134	14759	5	51.37733532849123
SRR10070141	14759	5	31.3741321479327
SRR10070149	14759	5	62.46227774050494
SRR10070150	14759	5	63.88837665968892
SRR10070151	14759	5	62.18661710304551
SRR10102392	14759	5	41.99251631156513
SRR10102393	14759	5	41.56121946079029
SRR10102394	14759	5	42.15011699861721
SRR10070130	14759	6	49.71327537752361
SRR10070131	14759	6	51.78706263629385
SRR10070132	14759	6	28.12206813210073
SRR10070133	14759	6	28.70051193358855
SRR10070134	14759	6	51.70060710607551
SRR10070141	14759	6	31.3741321479327
SRR10070149	14759	6	61.57061186760836
SRR10070150	14759	6	63.44603029321145
SRR10070151	14759	6	63.00833883555136
SRR10102392	14759	6	42.1103232832681
SRR10102393	14759	6	41.42133485243479
SRR10102394	14759	6	42.03746165791161
SRR10070130	14759	7	50.21662259945413
SRR10070131	14759	7	51.65590915027178
SRR10070132	14759	7	28.12206813210073
SRR10070133	14759	7	28.83882662546831
SRR10070134	14759	7	51.70305462210561
SRR10070141	14759	7	30.92862287682443
SRR10070149	14759	7	62.35566443918799
SRR10070150	14759	7	61.73135807572255
SRR10070151	14759	7	61.65306334314639
SRR10102392	14759	7	41.81241543605548
SRR10102393	14759	7	42.28340586773894
SRR10102394	14759	7	41.86451587176636
SRR10070130	14759	8	50.76190889994742
SRR10070131	14759	8	51.85657027244925
SRR10070132	14759	8	28.12206813210073
SRR10070133	14759	8	28.7022920187202
SRR10070134	14759	8	51.71253802258622
SRR10070141	14759	8	31.00748470885521
SRR10070149	14759	8	62.69013164975035
SRR10070150	14759	8	63.52821757095372
SRR10070151	14759	8	61.80048103095737
SRR10102392	14759	8	42.2479899885118
SRR10102393	14759	8	42.18093095118011
SRR10102394	14759	8	40.71970523454844
SRR10070130	14759	9	50.41757045891264
SRR10070131	14759	9	51.11273072944969
SRR10070132	14759	9	28.12206813210073
SRR10070133	14759	9	28.8561309885526
SRR10070134	14759	9	52.47452747560224
SRR10070141	14759	9	31.03287761227892
SRR10070149	14759	9	61.58834513826587
SRR10070150	14759	9	61.82937113675263
SRR10070151	14759	9	61.7719719720331
SRR10102392	14759	9	42.14437004200155
SRR10102393	14759	9	42.70534423865557
SRR10102394	14759	9	42.34107418395212
SRR10070130	14759	10	49.28569761492207
SRR10070131	14759	10	50.99859592015051
SRR10070132	14759	10	28.12206813210073
SRR10070133	14759	10	28.80109609574318
SRR10070134	14759	10	52.40683014774014
SRR10070141	14759	10	31.05821531784682
SRR10070149	14759	10	63.03383525014913
SRR10070150	14759	10	63.65674133815759
SRR10070151	14759	10	62.1658764097863
SRR10102392	14759	10	41.98239819708956
SRR10102393	14759	10	41.01768857389634
SRR10102394	14759	10	42.05654682803654
SRR10070130	15061	1	50.18549138954969
SRR10070131	15061	1	52.01337908913597
SRR10070132	15061	1	28.12206813210073
SRR10070133	15061	1	28.60425445500188
SRR10070134	15061	1	52.54909325995381
SRR10070141	15061	1	30.81619931955555
SRR10070149	15061	1	62.59803403963741
SRR10070150	15061	1	63.86923187670146
SRR10070151	15061	1	63.22272643701394
SRR10102392	15061	1	42.11898970263862
SRR10102393	15061	1	42.32292375588499
SRR10102394	15061	1	40.86747052826334
SRR10070130	15061	2	49.82985417795253
SRR10070131	15061	2	52.3601042870222
SRR10070132	15061	2	28.12206813210073
SRR10070133	15061	2	28.47195244056663
SRR10070134	15061	2	52.85066862945441
SRR10070141	15061	2	30.95966371049946
SRR10070149	15061	2	63.19645752132346
SRR10070150	15061	2	63.74576447347027
SRR10070151	15061	2	62.4066318317618
SRR10102392	15061	2	41.1572958156814
SRR10102393	15061	2	42.70383337563906
SRR10102394	15061	2	42.06594754444311
SRR10070130	15061	3	50.18448991592291
SRR10070131	15061	3	52.87710999501502
SRR10070132	15061	3	28.12206813210073
SRR10070133	15061	3	28.66848551947063
SRR10070134	15061	3	52.21768997295058
SRR10070141	15061	3	30.95966371049946
SRR10070149	15061	3	60.5699300046748
SRR10070150	15061	3	63.2267083837403
SRR10070151	15061	3	62.42826522466017
SRR10102392	15061	3	42.26435880290076
SRR10102393	15061	3	41.48079344477689
SRR10102394	15061	3	41.95999930009932
SRR10070130	15061	4	50.59959935739283
SRR10070131	15061	4	51.96941316750257
SRR10070132	15061	4	27.9106167469305
SRR10070133	15061	4	28.6448003714195
SRR10070134	15061	4	52.74953667904397
SRR10070141	15061	4	30.8528495436787
SRR10070149	15061	4	61.62516214120854
SRR10070150	15061	4	63.56407847066728
SRR10070151	15061	4	63.02216608986029
SRR10102392	15061	4	41.96839594065077
SRR10102393	15061	4	42.68063832445129
SRR10102394	15061	4	42.32729304432502
SRR10070130	15061	5	50.27357314782807
SRR10070131	15061	5	52.59918898168573
SRR10070132	15061	5	28.12206813210073
SRR10070133	15061	5	28.78078215435866
SRR10070134	15061	5	52.15878055454121
SRR10070141	15061	5	30.89177676750188
SRR10070149	15061	5	63.01258467386072
SRR10070150	15061	5	62.60470575345521
SRR10070151	15061	5	63.25217323958643
SRR10102392	15061	5	42.21977322698663
SRR10102393	15061	5	42.89049552180741
SRR10102394	15061	5	42.22164031958893
SRR10070130	15061	6	50.4284414735927
SRR10070131	15061	6	51.54119406418997
SRR10070132	15061	6	27.9106167469305
SRR10070133	15061	6	28.6154779643451
SRR10070134	15061	6	52.73369854585394
SRR10070141	15061	6	30.78891559836416
SRR10070149	15061	6	61.39942914378189
SRR10070150	15061	6	64.05837569440911
SRR10070151	15061	6	62.72909078793131
SRR10102392	15061	6	40.8756642009583
SRR10102393	15061	6	42.07730556233059
SRR10102394	15061	6	41.94313972667665
SRR10070130	15061	7	48.9903977773748
SRR10070131	15061	7	52.62646419570896
SRR10070132	15061	7	28.12206813210073
SRR10070133	15061	7	28.3718433821796
SRR10070134	15061	7	50.96579821656804
SRR10070141	15061	7	30.70534030121713
SRR10070149	15061	7	61.21113554031189
SRR10070150	15061	7	62.76610475036404
SRR10070151	15061	7	61.845527775524
SRR10102392	15061	7	42.01120663548792
SRR10102393	15061	7	42.10182699267691
SRR10102394	15061	7	41.79128502778703
SRR10070130	15061	8	51.05327519026021
SRR10070131	15061	8	52.31312192233964
SRR10070132	15061	8	28.12206813210073
SRR10070133	15061	8	28.49045929864407
SRR10070134	15061	8	52.32176317738362
SRR10070141	15061	8	30.85219114826834
SRR10070149	15061	8	62.75481049802922
SRR10070150	15061	8	61.86186956511785
SRR10070151	15061	8	63.18813215378892
SRR10102392	15061	8	42.20750098961811
SRR10102393	15061	8	41.55787153324997
SRR10102394	15061	8	41.87674457698229
SRR10070130	15061	9	50.21784060920596
SRR10070131	15061	9	51.77483026981228
SRR10070132	15061	9	28.12206813210073
SRR10070133	15061	9	28.72558760449649
SRR10070134	15061	9	51.84793391068716
SRR10070141	15061	9	30.92320384383283
SRR10070149	15061	9	62.72517138418909
SRR10070150	15061	9	63.27887174565542
SRR10070151	15061	9	62.3737428734558
SRR10102392	15061	9	41.84078910042277
SRR10102393	15061	9	41.14300988427669
SRR10102394	15061	9	40.99296043826838
SRR10070130	15061	10	50.11637371027729
SRR10070131	15061	10	52.38852362420525
SRR10070132	15061	10	27.98907947057309
SRR10070133	15061	10	28.90795059855334
SRR10070134	15061	10	51.96056541729367
SRR10070141	15061	10	31.11969237455128
SRR10070149	15061	10	61.63613401997436
SRR10070150	15061	10	63.3310691653386
SRR10070151	15061	10	63.02482133974662
SRR10102392	15061	10	42.19322175197858
SRR10102393	15061	10	42.46647109024988
SRR10102394	15061	10	40.67197354909964
SRR10070130	15362	1	49.77909683862949
SRR10070131	15362	1	52.66286483769869
SRR10070132	15362	1	28.12206813210073
SRR10070133	15362	1	28.76536244262128
SRR10070134	15362	1	52.31125737479761
SRR10070141	15362	1	30.85394944821218
SRR10070149	15362	1	61.31976562217169
SRR10070150	15362	1	63.45211892169868
SRR10070151	15362	1	62.69043504446276
SRR10102392	15362	1	42.12789825168423
SRR10102393	15362	1	41.65497875017957
SRR10102394	15362	1	42.10938280928755
SRR10070130	15362	2	49.55803471670494
SRR10070131	15362	2	52.29864878347346
SRR10070132	15362	2	28.12206813210073
SRR10070133	15362	2	28.86868871449731
SRR10070134	15362	2	52.42061969078966
SRR10070141	15362	2	30.29701472719973
SRR10070149	15362	2	62.75418809537371
SRR10070150	15362	2	63.2121308454192
SRR10070151	15362	2	63.25650106649376
SRR10102392	15362	2	41.73093442418466
SRR10102393	15362	2	41.69166843916109
SRR10102394	15362	2	41.03724791950306
SRR10070130	15362	3	50.0998666002917
SRR10070131	15362	3	51.8968027505358
SRR10070132	15362	3	27.9106167469305
SRR10070133	15362	3	28.61027150233755
SRR10070134	15362	3	51.82613080628684
SRR10070141	15362	3	30.94929037254968
SRR10070149	15362	3	61.18809537313359
SRR10070150	15362	3	63.49088902128126
SRR10070151	15362	3	63.28224923076449
SRR10102392	15362	3	41.66647586213183
SRR10102393	15362	3	41.52769152911443
SRR10102394	15362	3	42.09765690720169
SRR10070130	15362	4	49.31003682756109
SRR10070131	15362	4	51.41107793198095
SRR10070132	15362	4	28.002356561659
SRR10070133	15362	4	28.82600699293557
SRR10070134	15362	4	52.23499550319856
SRR10070141	15362	4	31.3741321479327
SRR10070149	15362	4	63.27039248080398
SRR10070150	15362	4	63.78376000061359
SRR10070151	15362	4	61.89475703447348
SRR10102392	15362	4	42.16699610707443
SRR10102393	15362	4	41.37099133453396
SRR10102394	15362	4	41.19107598441412
SRR10070130	15362	5	49.77842301385395
SRR10070131	15362	5	51.65720410832648
SRR10070132	15362	5	28.12206813210073
SRR10070133	15362	5	28.780127385572
SRR10070134	15362	5	52.54029836947208
SRR10070141	15362	5	31.25308561168573
SRR10070149	15362	5	61.4014125419984
SRR10070150	15362	5	63.7032119264066
SRR10070151	15362	5	63.2914208898227
SRR10102392	15362	5	42.23994995838004
SRR10102393	15362	5	42.41106340473576
SRR10102394	15362	5	42.06121072839819
SRR10070130	15362	6	50.99358899803599
SRR10070131	15362	6	52.675530176188
SRR10070132	15362	6	28.12206813210073
SRR10070133	15362	6	28.90213053467922
SRR10070134	15362	6	52.09589501473107
SRR10070141	15362	6	30.91986765951811
SRR10070149	15362	6	61.83882461038019
SRR10070150	15362	6	63.83527832585356
SRR10070151	15362	6	63.20588451564653
SRR10102392	15362	6	42.115922460657
SRR10102393	15362	6	42.51517931183522
SRR10102394	15362	6	42.08694149602889
SRR10070130	15362	7	50.902447987058
SRR10070131	15362	7	51.59329292432167
SRR10070132	15362	7	28.12206813210073
SRR10070133	15362	7	28.33134521420472
SRR10070134	15362	7	52.43191508570342
SRR10070141	15362	7	30.257363170683
SRR10070149	15362	7	62.82227915097314
SRR10070150	15362	7	63.28904910807586
SRR10070151	15362	7	62.7324866342777
SRR10102392	15362	7	41.24635479585125
SRR10102393	15362	7	41.35086441580282
SRR10102394	15362	7	40.82057205519744
SRR10070130	15362	8	49.69381663454825
SRR10070131	15362	8	52.00955814069252
SRR10070132	15362	8	28.12206813210073
SRR10070133	15362	8	28.814697190926
SRR10070134	15362	8	51.5526732239336
SRR10070141	15362	8	30.86129896622936
SRR10070149	15362	8	62.65228538648513
SRR10070150	15362	8	63.33926845776126
SRR10070151	15362	8	63.32774852892155
SRR10102392	15362	8	42.03943557006412
SRR10102393	15362	8	42.61454602723758
SRR10102394	15362	8	40.74327833720243
SRR10070130	15362	9	50.43515989192078
SRR10070131	15362	9	52.55822583271281
SRR10070132	15362	9	28.12206813210073
SRR10070133	15362	9	28.6021681788787
SRR10070134	15362	9	53.04399076619632
SRR10070141	15362	9	31.08510411652174
SRR10070149	15362	9	61.57594206069768
SRR10070150	15362	9	61.86700436188345
SRR10070151	15362	9	62.79736986051667
SRR10102392	15362	9	42.12473711423802
SRR10102393	15362	9	41.31957340927288
SRR10102394	15362	9	42.08907870149354
SRR10070130	15362	10	50.70365892398071
SRR10070131	15362	10	52.5514540642289
SRR10070132	15362	10	28.12206813210073
SRR10070133	15362	10	28.82602157202667
SRR10070134	15362	10	51.6633958087058
SRR10070141	15362	10	30.78423332882886
SRR10070149	15362	10	62.96008740170214
SRR10070150	15362	10	63.42604143799841
SRR10070151	15362	10	63.18905674661173
SRR10102392	15362	10	42.1424090100729
SRR10102393	15362	10	41.49163628322375
SRR10102394	15362	10	42.06682752215644
SRR10070130	15663	1	50.54030175372725
SRR10070131	15663	1	51.64286569327593
SRR10070132	15663	1	28.12206813210073
SRR10070133	15663	1	28.85775102736546
SRR10070134	15663	1	52.07860773352783
SRR10070141	15663	1	31.0633731331393
SRR10070149	15663	1	62.47825467088546
SRR10070150	15663	1	62.18011169975478
SRR10070151	15663	1	62.51270730542253
SRR10102392	15663	1	40.91746890704816
SRR10102393	15663	1	41.55077613002442
SRR10102394	15663	1	42.11670282265046
SRR10070130	15663	2	50.33542689409356
SRR10070131	15663	2	51.01086076271373
SRR10070132	15663	2	28.12206813210073
SRR10070133	15663	2	28.61298310609893
SRR10070134	15663	2	52.31548926371404
SRR10070141	15663	2	31.17801870306795
SRR10070149	15663	2	61.44880908452627
SRR10070150	15663	2	63.53768596828871
SRR10070151	15663	2	63.30379058501094
SRR10102392	15663	2	42.09547197851205
SRR10102393	15663	2	42.57910344713546
SRR10102394	15663	2	40.87500779798945
SRR10070130	15663	3	50.02708506525033
SRR10070131	15663	3	51.98287722981998
SRR10070132	15663	3	28.12206813210073
SRR10070133	15663	3	28.8908654101415
SRR10070134	15663	3	52.2970963889536
SRR10070141	15663	3	30.98454325267886
SRR10070149	15663	3	63.01955745697187
SRR10070150	15663	3	63.76754768823121
SRR10070151	15663	3	62.04158718101782
SRR10102392	15663	3	41.01774344765102
SRR10102393	15663	3	41.60167397102282
SRR10102394	15663	3	41.93343154028624
SRR10070130	15663	4	50.9005591802486
SRR10070131	15663	4	52.36723499502619
SRR10070132	15663	4	28.12206813210073
SRR10070133	15663	4	28.67940036795821
SRR10070134	15663	4	52.36528627106202
SRR10070141	15663	4	31.18060621194383
SRR10070149	15663	4	62.88028863820654
SRR10070150	15663	4	62.81184163248948
SRR10070151	15663	4	62.99685031233938
SRR10102392	15663	4	41.75199627712582
SRR10102393	15663	4	42.36605531296883
SRR10102394	15663	4	41.09374892585551
SRR10070130	15663	5	50.86582722618714
SRR10070131	15663	5	52.91655219570607
SRR10070132	15663	5	28.12206813210073
SRR10070133	15663	5	28.73709730936573
SRR10070134	15663	5	52.26462985464369
SRR10070141	15663	5	30.75304282823419
SRR10070149	15663	5	62.56157658502757
SRR10070150	15663	5	63.95071188060655
SRR10070151	15663	5	62.43765238010216
SRR10102392	15663	5	40.93867340460277
SRR10102393	15663	5	41.25677686055376
SRR10102394	15663	5	42.28819303496494
SRR10070130	15663	6	49.97932921622526
SRR10070131	15663	6	52.26074903216682
SRR10070132	15663	6	28.12206813210073
SRR10070133	15663	6	28.75120752274417
SRR10070134	15663	6	52.267635320165
SRR10070141	15663	6	30.63045873452871
SRR10070149	15663	6	62.75693737673289
SRR10070150	15663	6	63.78942699096933
SRR10070151	15663	6	62.98936058171195
SRR10102392	15663	6	40.94857179946828
SRR10102393	15663	6	42.25513742240216
SRR10102394	15663	6	41.01933331721462
SRR10070130	15663	7	50.15898195701552
SRR10070131	15663	7	52.99169173865447
SRR10070132	15663	7	28.12206813210073
SRR10070133	15663	7	28.63217934867034
SRR10070134	15663	7	51.10701820688342
SRR10070141	15663	7	30.76031712809419
SRR10070149	15663	7	62.91146433636021
SRR10070150	15663	7	63.93573204424309
SRR10070151	15663	7	62.96407093489644
SRR10102392	15663	7	42.02689222022743
SRR10102393	15663	7	42.25281254608363
SRR10102394	15663	7	42.10370772450916
SRR10070130	15663	8	50.4685696507234
SRR10070131	15663	8	52.86910931347306
SRR10070132	15663	8	27.9106167469305
SRR10070133	15663	8	28.90795059855334
SRR10070134	15663	8	52.20632248697692
SRR10070141	15663	8	31.12580915069049
SRR10070149	15663	8	62.75770728166983
SRR10070150	15663	8	63.37025156579177
SRR10070151	15663	8	62.94535401275603
SRR10102392	15663	8	42.14972062664319
SRR10102393	15663	8	42.70612013979061
SRR10102394	15663	8	42.28945072649395
SRR10070130	15663	9	49.42776288617422
SRR10070131	15663	9	52.17962712428623
SRR10070132	15663	9	28.12206813210073
SRR10070133	15663	9	28.64610455951783
SRR10070134	15663	9	53.02982278259464
SRR10070141	15663	9	30.80732567061403
SRR10070149	15663	9	61.71536857573499
SRR10070150	15663	9	63.77338443081795
SRR10070151	15663	9	61.89873429653817
SRR10102392	15663	9	42.24151510684602
SRR10102393	15663	9	42.68886531694501
SRR10102394	15663	9	41.96911906617688
SRR10070130	15663	10	49.49167680026279
SRR10070131	15663	10	52.3867670327111
SRR10070132	15663	10	28.12206813210073
SRR10070133	15663	10	28.66136609104724
SRR10070134	15663	10	52.24601724877024
SRR10070141	15663	10	30.40600866027018
SRR10070149	15663	10	61.26400945606002
SRR10070150	15663	10	63.69923783196574
SRR10070151	15663	10	62.12557701654967
SRR10102392	15663	10	42.04872946782834
SRR10102393	15663	10	42.55776293461732
SRR10102394	15663	10	42.1986947382298
SRR10070130	15964	1	50.61204152980731
SRR10070131	15964	1	51.75466555413796
SRR10070132	15964	1	28.12206813210073
SRR10070133	15964	1	28.56876395029134
SRR10070134	15964	1	52.53281105067466
SRR10070141	15964	1	31.17010266979998
SRR10070149	15964	1	62.53329049345632
SRR10070150	15964	1	63.35491573057348
SRR10070151	15964	1	63.21832871995396
SRR10102392	15964	1	42.25916730633909
SRR10102393	15964	1	42.35273630595837
SRR10102394	15964	1	42.12411794651054
SRR10070130	15964	2	49.7560634524343
SRR10070131	15964	2	53.39713150655496
SRR10070132	15964	2	28.12206813210073
SRR10070133	15964	2	28.68799734608508
SRR10070134	15964	2	53.16867336648048
SRR10070141	15964	2	30.43339810421532
SRR10070149	15964	2	63.03139055756327
SRR10070150	15964	2	63.35237731704216
SRR10070151	15964	2	62.47460843160742
SRR10102392	15964	2	42.1333607272056
SRR10102393	15964	2	42.25428130418241
SRR10102394	15964	2	40.75075685585264
SRR10070130	15964	3	50.4051980747097
SRR10070131	15964	3	52.96067363625844
SRR10070132	15964	3	27.98329063813584
SRR10070133	15964	3	28.85620751830176
SRR10070134	15964	3	51.81796699382711
SRR10070141	15964	3	31.3741321479327
SRR10070149	15964	3	60.86242547856245
SRR10070150	15964	3	63.94580408275204
SRR10070151	15964	3	62.90490421070248
SRR10102392	15964	3	42.27231934314325
SRR10102393	15964	3	42.64616140383234
SRR10102394	15964	3	41.9896128134824
SRR10070130	15964	4	51.54065191634697
SRR10070131	15964	4	52.01995553176009
SRR10070132	15964	4	28.12206813210073
SRR10070133	15964	4	28.81119399666796
SRR10070134	15964	4	52.33215946181342
SRR10070141	15964	4	31.13801747089093
SRR10070149	15964	4	62.54775793004377
SRR10070150	15964	4	63.59618222685367
SRR10070151	15964	4	63.27904228620572
SRR10102392	15964	4	42.36512316550791
SRR10102393	15964	4	42.3457943579829
SRR10102394	15964	4	41.12279868676207
SRR10070130	15964	5	50.05859688771447
SRR10070131	15964	5	52.49162099815322
SRR10070132	15964	5	28.12206813210073
SRR10070133	15964	5	28.7277908251203
SRR10070134	15964	5	52.78907189629744
SRR10070141	15964	5	30.90595993638932
SRR10070149	15964	5	61.81967890487584
SRR10070150	15964	5	63.74238953049491
SRR10070151	15964	5	63.28152105111742
SRR10102392	15964	5	41.96807616680022
SRR10102393	15964	5	42.45745972694662
SRR10102394	15964	5	42.291924213207
SRR10070130	15964	6	49.68273354714173
SRR10070131	15964	6	51.84901900980958
SRR10070132	15964	6	28.12206813210073
SRR10070133	15964	6	28.8908654101415
SRR10070134	15964	6	52.08095509825388
SRR10070141	15964	6	30.99761244928306
SRR10070149	15964	6	61.60303587783419
SRR10070150	15964	6	63.96520213051667
SRR10070151	15964	6	62.34860695139606
SRR10102392	15964	6	42.20487000860006
SRR10102393	15964	6	42.34904334279779
SRR10102394	15964	6	42.2490804349327
SRR10070130	15964	7	51.26492083264282
SRR10070131	15964	7	52.23474347187792
SRR10070132	15964	7	28.12206813210073
SRR10070133	15964	7	28.51439721027177
SRR10070134	15964	7	52.67753757885546
SRR10070141	15964	7	31.32325178024092
SRR10070149	15964	7	62.31738994308105
SRR10070150	15964	7	63.47500324141431
SRR10070151	15964	7	62.36872515723932
SRR10102392	15964	7	42.21391468481012
SRR10102393	15964	7	40.99329630924574
SRR10102394	15964	7	41.06685533948122
SRR10070130	15964	8	50.94999380065826
SRR10070131	15964	8	52.98774423167686
SRR10070132	15964	8	27.98329063813584
SRR10070133	15964	8	28.88024716321389
SRR10070134	15964	8	51.4602075102263
SRR10070141	15964	8	30.8239351047094
SRR10070149	15964	8	61.17958808332042
SRR10070150	15964	8	63.5336505056634
SRR10070151	15964	8	63.43491765252086
SRR10102392	15964	8	42.03505373675589
SRR10102393	15964	8	42.68173838095449
SRR10102394	15964	8	42.25669043804152
SRR10070130	15964	9	50.84903720275177
SRR10070131	15964	9	52.92726216781517
SRR10070132	15964	9	28.12206813210073
SRR10070133	15964	9	28.86834102722243
SRR10070134	15964	9	52.03684072416851
SRR10070141	15964	9	30.89501888264864
SRR10070149	15964	9	63.05612179534796
SRR10070150	15964	9	63.44695863473306
SRR10070151	15964	9	63.10768108277803
SRR10102392	15964	9	42.35706317550354
SRR10102393	15964	9	42.65071111147351
SRR10102394	15964	9	42.17771564205982
SRR10070130	15964	10	50.66087581624988
SRR10070131	15964	10	52.24701471104851
SRR10070132	15964	10	28.12206813210073
SRR10070133	15964	10	28.8908654101415
SRR10070134	15964	10	52.47911966810076
SRR10070141	15964	10	31.21295533009766
SRR10070149	15964	10	61.90433455821779
SRR10070150	15964	10	63.79904933742336
SRR10070151	15964	10	63.51215440756172
SRR10102392	15964	10	41.15092035555138
SRR10102393	15964	10	42.58015219021539
SRR10102394	15964	10	42.38412094030986
SRR10070130	16265	1	50.45288648335391
SRR10070131	16265	1	52.42515075465417
SRR10070132	16265	1	28.12206813210073
SRR10070133	16265	1	28.97030374795316
SRR10070134	16265	1	53.05915650101134
SRR10070141	16265	1	31.0583883588559
SRR10070149	16265	1	62.67464418830066
SRR10070150	16265	1	64.18133722369515
SRR10070151	16265	1	63.18480563506838
SRR10102392	16265	1	42.24934966269463
SRR10102393	16265	1	42.5755199512752
SRR10102394	16265	1	42.08114325734421
SRR10070130	16265	2	50.06720582645033
SRR10070131	16265	2	52.61603826569368
SRR10070132	16265	2	27.98329063813584
SRR10070133	16265	2	28.84874182332437
SRR10070134	16265	2	52.14071003038899
SRR10070141	16265	2	31.12580915069049
SRR10070149	16265	2	61.73873130620058
SRR10070150	16265	2	63.59146223272394
SRR10070151	16265	2	62.11463093593007
SRR10102392	16265	2	42.1586288380492
SRR10102393	16265	2	42.21205680860957
SRR10102394	16265	2	41.02912381059605
SRR10070130	16265	3	49.80401690373787
SRR10070131	16265	3	52.73438998305009
SRR10070132	16265	3	28.12206813210073
SRR10070133	16265	3	28.54106429841968
SRR10070134	16265	3	52.99763153936699
SRR10070141	16265	3	30.76653445751031
SRR10070149	16265	3	62.82854376202165
SRR10070150	16265	3	63.56097123388861
SRR10070151	16265	3	63.4431628261063
SRR10102392	16265	3	42.12191924918837
SRR10102393	16265	3	42.34959480746708
SRR10102394	16265	3	41.06695455479435
SRR10070130	16265	4	50.68861312140611
SRR10070131	16265	4	52.06833071952801
SRR10070132	16265	4	28.12206813210073
SRR10070133	16265	4	28.60987829742392
SRR10070134	16265	4	52.47946032079994
SRR10070141	16265	4	30.95197188196545
SRR10070149	16265	4	61.42831418421412
SRR10070150	16265	4	62.63376656228639
SRR10070151	16265	4	62.0097903279832
SRR10102392	16265	4	42.36784534526961
SRR10102393	16265	4	42.68731871956206
SRR10102394	16265	4	41.2225546032737
SRR10070130	16265	5	50.80806639680647
SRR10070131	16265	5	51.88108955017282
SRR10070132	16265	5	28.12206813210073
SRR10070133	16265	5	28.85503358781456
SRR10070134	16265	5	52.19803777559911
SRR10070141	16265	5	31.17220690277379
SRR10070149	16265	5	62.9698665482312
SRR10070150	16265	5	63.91393792122913
SRR10070151	16265	5	63.02410468901037
SRR10102392	16265	5	42.19841153241426
SRR10102393	16265	5	42.13196790083382
SRR10102394	16265	5	42.21002429993457
SRR10070130	16265	6	50.08958408802997
SRR10070131	16265	6	53.43731060276252
SRR10070132	16265	6	28.12206813210073
SRR10070133	16265	6	28.95055064108341
SRR10070134	16265	6	52.00924013362854
SRR10070141	16265	6	30.64724851377162
SRR10070149	16265	6	61.58991596363206
SRR10070150	16265	6	63.66511200567435
SRR10070151	16265	6	63.40407561382861
SRR10102392	16265	6	42.1450895216764
SRR10102393	16265	6	42.47907056842851
SRR10102394	16265	6	42.2161070291499
SRR10070130	16265	7	50.22006024706185
SRR10070131	16265	7	52.39040932328543
SRR10070132	16265	7	28.12206813210073
SRR10070133	16265	7	28.56978749705038
SRR10070134	16265	7	51.17562895040495
SRR10070141	16265	7	31.26527706062263
SRR10070149	16265	7	62.95809410422516
SRR10070150	16265	7	63.90754981303335
SRR10070151	16265	7	63.3678701078077
SRR10102392	16265	7	42.17413022705446
SRR10102393	16265	7	41.58769448972247
SRR10102394	16265	7	41.10391459010647
SRR10070130	16265	8	50.46743395310722
SRR10070131	16265	8	52.64558074907048
SRR10070132	16265	8	28.12206813210073
SRR10070133	16265	8	28.90944871414571
SRR10070134	16265	8	52.60644362364403
SRR10070141	16265	8	31.07183335436349
SRR10070149	16265	8	61.48340781445457
SRR10070150	16265	8	62.0704220952755
SRR10070151	16265	8	63.25188934557481
SRR10102392	16265	8	41.93383921137834
SRR10102393	16265	8	42.79836386392641
SRR10102394	16265	8	40.85968055369093
SRR10070130	16265	9	50.9201915815251
SRR10070131	16265	9	52.15867475860514
SRR10070132	16265	9	28.12206813210073
SRR10070133	16265	9	28.91309396565078
SRR10070134	16265	9	52.67892461864749
SRR10070141	16265	9	31.02344343450585
SRR10070149	16265	9	61.58084485612049
SRR10070150	16265	9	63.63261065417737
SRR10070151	16265	9	63.38067306251727
SRR10102392	16265	9	42.15386225787787
SRR10102393	16265	9	42.55247439581959
SRR10102394	16265	9	40.95872443579363
SRR10070130	16265	10	49.78883042739255
SRR10070131	16265	10	53.3800434281269
SRR10070132	16265	10	28.12206813210073
SRR10070133	16265	10	28.78556663629026
SRR10070134	16265	10	51.52109540363775
SRR10070141	16265	10	30.96280847018426
SRR10070149	16265	10	61.47437000301147
SRR10070150	16265	10	62.4140254134122
SRR10070151	16265	10	62.87385867697408
SRR10102392	16265	10	42.25029544856371
SRR10102393	16265	10	42.4528731480144
SRR10102394	16265	10	41.96363745702185
SRR10070130	16567	1	51.22536279756583
SRR10070131	16567	1	52.656666785092
SRR10070132	16567	1	27.9106167469305
SRR10070133	16567	1	28.87479082230596
SRR10070134	16567	1	52.43298826546996
SRR10070141	16567	1	30.57188979048135
SRR10070149	16567	1	61.35868748700899
SRR10070150	16567	1	63.70441364446732
SRR10070151	16567	1	63.31429460806063
SRR10102392	16567	1	42.22919082720616
SRR10102393	16567	1	42.81030957456615
SRR10102394	16567	1	42.01118719055883
SRR10070130	16567	2	49.86365160737314
SRR10070131	16567	2	52.10302999426717
SRR10070132	16567	2	28.12206813210073
SRR10070133	16567	2	28.66033868984557
SRR10070134	16567	2	52.12417856543784
SRR10070141	16567	2	30.97861414676374
SRR10070149	16567	2	63.03711400871692
SRR10070150	16567	2	63.48148456206514
SRR10070151	16567	2	62.10159668313681
SRR10102392	16567	2	41.89345989688152
SRR10102393	16567	2	42.57547850102365
SRR10102394	16567	2	41.8528038667537
SRR10070130	16567	3	49.22765059287907
SRR10070131	16567	3	52.42075412913441
SRR10070132	16567	3	28.12206813210073
SRR10070133	16567	3	28.7344260129673
SRR10070134	16567	3	52.54228143240659
SRR10070141	16567	3	30.70858880557676
SRR10070149	16567	3	62.04783731378576
SRR10070150	16567	3	62.13040903479526
SRR10070151	16567	3	63.00621086590213
SRR10102392	16567	3	42.27214531610812
SRR10102393	16567	3	42.29306459111005
SRR10102394	16567	3	41.12762831876985
SRR10070130	16567	4	50.88061873110259
SRR10070131	16567	4	52.65062449469345
SRR10070132	16567	4	28.12206813210073
SRR10070133	16567	4	28.78317896501279
SRR10070134	16567	4	52.44448823795297
SRR10070141	16567	4	31.01187326287692
SRR10070149	16567	4	61.92937032697684
SRR10070150	16567	4	63.80218242763631
SRR10070151	16567	4	62.65555175928861
SRR10102392	16567	4	42.11832430978969
SRR10102393	16567	4	42.36073121047288
SRR10102394	16567	4	42.15815425840771
SRR10070130	16567	5	50.94574781105741
SRR10070131	16567	5	52.46252884382497
SRR10070132	16567	5	28.12206813210073
SRR10070133	16567	5	28.56981446434982
SRR10070134	16567	5	52.10962551628946
SRR10070141	16567	5	31.18799682235187
SRR10070149	16567	5	63.05313832012171
SRR10070150	16567	5	63.67952731934332
SRR10070151	16567	5	63.46111512208128
SRR10102392	16567	5	42.08962744425955
SRR10102393	16567	5	42.50349546868305
SRR10102394	16567	5	41.10571866472823
SRR10070130	16567	6	50.37574424566829
SRR10070131	16567	6	52.50583531674562
SRR10070132	16567	6	28.12206813210073
SRR10070133	16567	6	28.77982629501379
SRR10070134	16567	6	52.68963971066832
SRR10070141	16567	6	31.11264167254632
SRR10070149	16567	6	61.81631124128188
SRR10070150	16567	6	63.6851895148501
SRR10070151	16567	6	61.95682537764774
SRR10102392	16567	6	42.02915178493569
SRR10102393	16567	6	42.50315232585363
SRR10102394	16567	6	42.32065051039314
SRR10070130	16567	7	50.23382099609139
SRR10070131	16567	7	53.22329215228881
SRR10070132	16567	7	27.9106167469305
SRR10070133	16567	7	28.8519973644626
SRR10070134	16567	7	52.49572792642627
SRR10070141	16567	7	31.13087663700646
SRR10070149	16567	7	62.47120949979587
SRR10070150	16567	7	63.91125987914239
SRR10070151	16567	7	62.42241620125363
SRR10102392	16567	7	42.04707123215174
SRR10102393	16567	7	41.58295289172584
SRR10102394	16567	7	40.78581864645464
SRR10070130	16567	8	50.3597336560906
SRR10070131	16567	8	52.04818047272626
SRR10070132	16567	8	28.12206813210073
SRR10070133	16567	8	28.96885385962561
SRR10070134	16567	8	52.51003242815335
SRR10070141	16567	8	31.23372712632483
SRR10070149	16567	8	63.21754740288317
SRR10070150	16567	8	64.11741595316995
SRR10070151	16567	8	63.45302879274353
SRR10102392	16567	8	42.31892697998985
SRR10102393	16567	8	42.75375560458567
SRR10102394	16567	8	40.67085752185314
SRR10070130	16567	9	50.26316223821173
SRR10070131	16567	9	52.91083619804591
SRR10070132	16567	9	27.9106167469305
SRR10070133	16567	9	28.93296942491322
SRR10070134	16567	9	52.79835347666399
SRR10070141	16567	9	30.88824329164544
SRR10070149	16567	9	62.87401741140928
SRR10070150	16567	9	63.96536297731058
SRR10070151	16567	9	63.39101684536555
SRR10102392	16567	9	42.32811186844334
SRR10102393	16567	9	42.6870477037498
SRR10102394	16567	9	41.09546595977379
SRR10070130	16567	10	50.71730099647073
SRR10070131	16567	10	52.35694867066685
SRR10070132	16567	10	28.12206813210073
SRR10070133	16567	10	28.84563268038803
SRR10070134	16567	10	52.93954585653598
SRR10070141	16567	10	30.82008691824814
SRR10070149	16567	10	62.65487383531002
SRR10070150	16567	10	63.60555893936391
SRR10070151	16567	10	62.54752593930582
SRR10102392	16567	10	42.16280725421236
SRR10102393	16567	10	42.85108985050398
SRR10102394	16567	10	42.2409811433368
SRR10070130	16868	1	50.43023278139418
SRR10070131	16868	1	53.13104329564603
SRR10070132	16868	1	28.10406998807015
SRR10070133	16868	1	28.64898323394609
SRR10070134	16868	1	52.92051077469225
SRR10070141	16868	1	31.03295479615992
SRR10070149	16868	1	62.04650176855215
SRR10070150	16868	1	63.79636168475098
SRR10070151	16868	1	63.47619213592362
SRR10102392	16868	1	42.1641414604135
SRR10102393	16868	1	42.34566647627449
SRR10102394	16868	1	42.00495889844834
SRR10070130	16868	2	49.57171713470718
SRR10070131	16868	2	52.50109139133929
SRR10070132	16868	2	28.12206813210073
SRR10070133	16868	2	28.78952829299853
SRR10070134	16868	2	52.1255048016597
SRR10070141	16868	2	31.16987943474868
SRR10070149	16868	2	60.90979918170904
SRR10070150	16868	2	63.84185376928036
SRR10070151	16868	2	62.78043095208235
SRR10102392	16868	2	42.02849069282385
SRR10102393	16868	2	42.65738021476373
SRR10102394	16868	2	40.76463414849955
SRR10070130	16868	3	49.36552040740043
SRR10070131	16868	3	52.37422901138417
SRR10070132	16868	3	28.12206813210073
SRR10070133	16868	3	28.55217934787391
SRR10070134	16868	3	52.70198457434214
SRR10070141	16868	3	31.07751708751386
SRR10070149	16868	3	62.07935524688509
SRR10070150	16868	3	63.85015228799272
SRR10070151	16868	3	62.2118126385507
SRR10102392	16868	3	41.95767099466027
SRR10102393	16868	3	42.54016560075755
SRR10102394	16868	3	42.17211176364437
SRR10070130	16868	4	49.96886048042342
SRR10070131	16868	4	51.9125859935557
SRR10070132	16868	4	28.12206813210073
SRR10070133	16868	4	28.92193186881379
SRR10070134	16868	4	51.70168989305229
SRR10070141	16868	4	31.1522194956786
SRR10070149	16868	4	61.50865211306672
SRR10070150	16868	4	63.80961994392994
SRR10070151	16868	4	63.36497844294878
SRR10102392	16868	4	41.23767325348889
SRR10102393	16868	4	41.56304330737272
SRR10102394	16868	4	41.81849468804899
SRR10070130	16868	5	50.7633348442044
SRR10070131	16868	5	52.30249806798748
SRR10070132	16868	5	28.12206813210073
SRR10070133	16868	5	28.63380640738071
SRR10070134	16868	5	52.73926615733424
SRR10070141	16868	5	31.31842372467583
SRR10070149	16868	5	61.53885325803713
SRR10070150	16868	5	62.27546023142487
SRR10070151	16868	5	63.47856768685855
SRR10102392	16868	5	42.39433564756037
SRR10102393	16868	5	42.39980973860308
SRR10102394	16868	5	42.29392902636534
SRR10070130	16868	6	50.13228467355617
SRR10070131	16868	6	51.96950380754082
SRR10070132	16868	6	28.12206813210073
SRR10070133	16868	6	28.94046420246481
SRR10070134	16868	6	52.78679977113246
SRR10070141	16868	6	30.16409039398497
SRR10070149	16868	6	62.83678622569123
SRR10070150	16868	6	63.73362223729327
SRR10070151	16868	6	63.47348816889679
SRR10102392	16868	6	42.17700820332245
SRR10102393	16868	6	42.43968937374361
SRR10102394	16868	6	42.00670098261557
SRR10070130	16868	7	51.0183928599547
SRR10070131	16868	7	51.81995101024728
SRR10070132	16868	7	28.12206813210073
SRR10070133	16868	7	28.99388119872777
SRR10070134	16868	7	52.38846812571753
SRR10070141	16868	7	30.88353233033633
SRR10070149	16868	7	61.69700451593086
SRR10070150	16868	7	63.79313953113008
SRR10070151	16868	7	63.10363909461997
SRR10102392	16868	7	41.88016384309142
SRR10102393	16868	7	42.71034170794942
SRR10102394	16868	7	41.3337479861417
SRR10070130	16868	8	50.14848453579832
SRR10070131	16868	8	52.70365418898033
SRR10070132	16868	8	28.12206813210073
SRR10070133	16868	8	28.65535818009659
SRR10070134	16868	8	52.89086968520891
SRR10070141	16868	8	31.34873256174689
SRR10070149	16868	8	61.68456500374884
SRR10070150	16868	8	63.72171747756039
SRR10070151	16868	8	62.23634773480116
SRR10102392	16868	8	40.9710735095721
SRR10102393	16868	8	42.62283451795756
SRR10102394	16868	8	41.28227910622593
SRR10070130	16868	9	50.48198271471426
SRR10070131	16868	9	53.60042032997809
SRR10070132	16868	9	28.12206813210073
SRR10070133	16868	9	28.94034850857459
SRR10070134	16868	9	52.90875018015854
SRR10070141	16868	9	31.26621417229837
SRR10070149	16868	9	61.52133762153397
SRR10070150	16868	9	63.62024687355582
SRR10070151	16868	9	62.49751317302107
SRR10102392	16868	9	42.20657879438223
SRR10102393	16868	9	42.7311787255742
SRR10102394	16868	9	41.0651716335292
SRR10070130	16868	10	51.79781648078459
SRR10070131	16868	10	52.78653501675218
SRR10070132	16868	10	28.12206813210073
SRR10070133	16868	10	29.03435915444164
SRR10070134	16868	10	51.97867247857263
SRR10070141	16868	10	30.7871009070143
SRR10070149	16868	10	61.26845687513411
SRR10070150	16868	10	64.06467217779687
SRR10070151	16868	10	62.47418965072834
SRR10102392	16868	10	41.24272344677446
SRR10102393	16868	10	41.63580355091773
SRR10102394	16868	10	42.25858131384933
SRR10070130	17169	1	50.7844008729062
SRR10070131	17169	1	52.4406923279421
SRR10070132	17169	1	28.12206813210073
SRR10070133	17169	1	28.23225927289363
SRR10070134	17169	1	52.47389086046908
SRR10070141	17169	1	30.9955534004859
SRR10070149	17169	1	62.23885343040747
SRR10070150	17169	1	63.82688875411834
SRR10070151	17169	1	62.34286333392608
SRR10102392	17169	1	42.28285555999589
SRR10102393	17169	1	42.84536117743638
SRR10102394	17169	1	41.23694093714228
SRR10070130	17169	2	50.39685309173788
SRR10070131	17169	2	52.3624050053453
SRR10070132	17169	2	28.12206813210073
SRR10070133	17169	2	28.61582904324053
SRR10070134	17169	2	52.33534815240869
SRR10070141	17169	2	31.12244901131692
SRR10070149	17169	2	61.35764296913691
SRR10070150	17169	2	63.6437620979322
SRR10070151	17169	2	63.04644820885264
SRR10102392	17169	2	42.1072174834247
SRR10102393	17169	2	42.63574681762916
SRR10102394	17169	2	42.33557227477065
SRR10070130	17169	3	49.63370722225064
SRR10070131	17169	3	52.37869717207145
SRR10070132	17169	3	28.12206813210073
SRR10070133	17169	3	28.65432326092743
SRR10070134	17169	3	52.74602743235149
SRR10070141	17169	3	31.23372712632483
SRR10070149	17169	3	61.76736122034782
SRR10070150	17169	3	64.04324024847557
SRR10070151	17169	3	62.6249194283445
SRR10102392	17169	3	42.07179302098214
SRR10102393	17169	3	42.59183563883354
SRR10102394	17169	3	42.06576306479617
SRR10070130	17169	4	50.09951330887535
SRR10070131	17169	4	53.10255101989829
SRR10070132	17169	4	27.9106167469305
SRR10070133	17169	4	28.8998167345231
SRR10070134	17169	4	52.52251545270449
SRR10070141	17169	4	31.05691265460997
SRR10070149	17169	4	62.63743653348933
SRR10070150	17169	4	64.08941147902937
SRR10070151	17169	4	63.14724895445052
SRR10102392	17169	4	42.38440764588156
SRR10102393	17169	4	42.83964760320318
SRR10102394	17169	4	41.33798568162825
SRR10070130	17169	5	50.54749279719665
SRR10070131	17169	5	52.22608494733202
SRR10070132	17169	5	28.12206813210073
SRR10070133	17169	5	28.84563268038803
SRR10070134	17169	5	53.49076455836526
SRR10070141	17169	5	31.04588216816848
SRR10070149	17169	5	63.09421386304598
SRR10070150	17169	5	64.12913600047887
SRR10070151	17169	5	63.59276612776552
SRR10102392	17169	5	42.19702826926217
SRR10102393	17169	5	42.82096339656218
SRR10102394	17169	5	42.26129140592175
SRR10070130	17169	6	51.0159540362086
SRR10070131	17169	6	52.0679124606167
SRR10070132	17169	6	28.12206813210073
SRR10070133	17169	6	28.75157862550709
SRR10070134	17169	6	53.02754781645378
SRR10070141	17169	6	31.05672746297865
SRR10070149	17169	6	63.04878587058341
SRR10070150	17169	6	63.59369617183528
SRR10070151	17169	6	62.30901914926468
SRR10102392	17169	6	42.49560130658183
SRR10102393	17169	6	41.48722646861519
SRR10102394	17169	6	41.06428823425314
SRR10070130	17169	7	50.66246702835434
SRR10070131	17169	7	52.66364680261682
SRR10070132	17169	7	28.12206813210073
SRR10070133	17169	7	28.86617197483896
SRR10070134	17169	7	52.48221738970325
SRR10070141	17169	7	31.0675816861338
SRR10070149	17169	7	61.67841896150794
SRR10070150	17169	7	64.00362348708984
SRR10070151	17169	7	63.40135384297111
SRR10102392	17169	7	41.03039205355279
SRR10102393	17169	7	42.54326283736795
SRR10102394	17169	7	42.3615278189791
SRR10070130	17169	8	51.19397678667097
SRR10070131	17169	8	52.89798099730616
SRR10070132	17169	8	28.12206813210073
SRR10070133	17169	8	28.79534164296821
SRR10070134	17169	8	51.23346323146594
SRR10070141	17169	8	31.07183335436349
SRR10070149	17169	8	63.50992002620768
SRR10070150	17169	8	63.94701434206756
SRR10070151	17169	8	63.354588953152
SRR10102392	17169	8	42.47475762871757
SRR10102393	17169	8	42.74499890892704
SRR10102394	17169	8	42.22267201662989
SRR10070130	17169	9	50.54826180702203
SRR10070131	17169	9	52.48538233225457
SRR10070132	17169	9	28.12206813210073
SRR10070133	17169	9	28.92193186881379
SRR10070134	17169	9	53.77931475837539
SRR10070141	17169	9	31.3741321479327
SRR10070149	17169	9	63.10655081647855
SRR10070150	17169	9	63.43582520501644
SRR10070151	17169	9	63.17983230003257
SRR10102392	17169	9	42.11896665217207
SRR10102393	17169	9	42.73503081749143
SRR10102394	17169	9	41.00021933733021
SRR10070130	17169	10	50.37512629452531
SRR10070131	17169	10	51.68277044069028
SRR10070132	17169	10	28.12206813210073
SRR10070133	17169	10	28.95637070495753
SRR10070134	17169	10	52.56614477757594
SRR10070141	17169	10	31.3741321479327
SRR10070149	17169	10	62.64381435876998
SRR10070150	17169	10	64.0769284566208
SRR10070151	17169	10	63.21250361576207
SRR10102392	17169	10	42.48233298058474
SRR10102393	17169	10	42.68569869592844
SRR10102394	17169	10	42.32977714630301
SRR10070130	17470	1	50.82178917452821
SRR10070131	17470	1	52.13948227898437
SRR10070132	17470	1	28.12206813210073
SRR10070133	17470	1	28.82718034559408
SRR10070134	17470	1	52.40018006976795
SRR10070141	17470	1	31.03939005633658
SRR10070149	17470	1	62.93280636882696
SRR10070150	17470	1	63.51297365962364
SRR10070151	17470	1	62.66423526498951
SRR10102392	17470	1	42.26503428007641
SRR10102393	17470	1	42.44206759394787
SRR10102394	17470	1	41.20019707306859
SRR10070130	17470	2	51.34600802707956
SRR10070131	17470	2	52.17137308331056
SRR10070132	17470	2	28.12206813210073
SRR10070133	17470	2	28.95637070495753
SRR10070134	17470	2	52.83138377680215
SRR10070141	17470	2	30.93459302460616
SRR10070149	17470	2	62.94058932622129
SRR10070150	17470	2	64.04240401945844
SRR10070151	17470	2	62.84992140105108
SRR10102392	17470	2	42.04998679154525
SRR10102393	17470	2	41.59152738882181
SRR10102394	17470	2	41.01624949511832
SRR10070130	17470	3	50.14547240462403
SRR10070131	17470	3	52.91956518178801
SRR10070132	17470	3	27.98329063813584
SRR10070133	17470	3	28.84394341932968
SRR10070134	17470	3	52.94548420747045
SRR10070141	17470	3	31.09532880649864
SRR10070149	17470	3	63.22301924499038
SRR10070150	17470	3	63.8707443667921
SRR10070151	17470	3	63.21209922192732
SRR10102392	17470	3	42.14402478710841
SRR10102393	17470	3	40.96391629549992
SRR10102394	17470	3	40.95668925684517
SRR10070130	17470	4	50.50953028369823
SRR10070131	17470	4	53.05252759720202
SRR10070132	17470	4	28.12206813210073
SRR10070133	17470	4	28.8908654101415
SRR10070134	17470	4	52.07790390068887
SRR10070141	17470	4	30.31306782452231
SRR10070149	17470	4	62.88160823917423
SRR10070150	17470	4	63.45912288376099
SRR10070151	17470	4	63.7400170273449
SRR10102392	17470	4	42.25320107103177
SRR10102393	17470	4	42.31084281535649
SRR10102394	17470	4	41.41899983249242
SRR10070130	17470	5	50.85726018895041
SRR10070131	17470	5	53.08550743243303
SRR10070132	17470	5	28.12206813210073
SRR10070133	17470	5	28.92944119374626
SRR10070134	17470	5	53.14955172591009
SRR10070141	17470	5	30.60587956843739
SRR10070149	17470	5	62.84452936451117
SRR10070150	17470	5	62.40245802906424
SRR10070151	17470	5	62.49225196176202
SRR10102392	17470	5	42.21405217922145
SRR10102393	17470	5	42.06544079659577
SRR10102394	17470	5	41.43623512333947
SRR10070130	17470	6	49.72802612283965
SRR10070131	17470	6	52.57688215353038
SRR10070132	17470	6	28.12206813210073
SRR10070133	17470	6	28.68265815001099
SRR10070134	17470	6	52.30827797532978
SRR10070141	17470	6	31.03228042641496
SRR10070149	17470	6	62.85930589053014
SRR10070150	17470	6	63.81065243025507
SRR10070151	17470	6	63.31808862973227
SRR10102392	17470	6	40.91686717372366
SRR10102393	17470	6	42.60374476538218
SRR10102394	17470	6	41.24567692403441
SRR10070130	17470	7	50.36343637197405
SRR10070131	17470	7	53.06595470326345
SRR10070132	17470	7	28.12206813210073
SRR10070133	17470	7	28.96885385962561
SRR10070134	17470	7	52.18278213834745
SRR10070141	17470	7	30.93142833275562
SRR10070149	17470	7	63.11997846830922
SRR10070150	17470	7	63.79945304263219
SRR10070151	17470	7	63.37716556851041
SRR10102392	17470	7	42.08412626173665
SRR10102393	17470	7	42.45112649978197
SRR10102394	17470	7	41.18056232833993
SRR10070130	17470	8	51.10479567967946
SRR10070131	17470	8	53.15341793270413
SRR10070132	17470	8	28.12206813210073
SRR10070133	17470	8	28.81946413573356
SRR10070134	17470	8	52.73142105939675
SRR10070141	17470	8	30.78646724299381
SRR10070149	17470	8	62.84941340182262
SRR10070150	17470	8	64.13756976575667
SRR10070151	17470	8	63.19819862834397
SRR10102392	17470	8	42.14469351843555
SRR10102393	17470	8	42.63533931672642
SRR10102394	17470	8	42.19177917148551
SRR10070130	17470	9	49.65831966077225
SRR10070131	17470	9	53.21159599222807
SRR10070132	17470	9	28.12206813210073
SRR10070133	17470	9	28.82181224359558
SRR10070134	17470	9	52.27230012877617
SRR10070141	17470	9	31.3741321479327
SRR10070149	17470	9	63.09527672748368
SRR10070150	17470	9	63.43567839389863
SRR10070151	17470	9	62.51421729092377
SRR10102392	17470	9	42.21270479590136
SRR10102393	17470	9	42.67144827134845
SRR10102394	17470	9	41.15747491446895
SRR10070130	17470	10	50.54683564877025
SRR10070131	17470	10	52.54456794240024
SRR10070132	17470	10	28.12206813210073
SRR10070133	17470	10	28.91820812125117
SRR10070134	17470	10	52.69521015667599
SRR10070141	17470	10	31.3741321479327
SRR10070149	17470	10	63.2443303806096
SRR10070150	17470	10	62.38596548364711
SRR10070151	17470	10	63.3166026874807
SRR10102392	17470	10	42.07833262762718
SRR10102393	17470	10	42.40154764956745
SRR10102394	17470	10	40.9072587858151
SRR10070130	17771	1	50.81981724238842
SRR10070131	17771	1	52.09033564992347
SRR10070132	17771	1	28.12206813210073
SRR10070133	17771	1	28.52370058843413
SRR10070134	17771	1	53.10842049324176
SRR10070141	17771	1	31.23372712632483
SRR10070149	17771	1	63.02987267792061
SRR10070150	17771	1	63.81994871464394
SRR10070151	17771	1	63.01051060190765
SRR10102392	17771	1	42.29717960241102
SRR10102393	17771	1	42.60723836974299
SRR10102394	17771	1	42.35822366773716
SRR10070130	17771	2	49.77854105085966
SRR10070131	17771	2	52.62120070939637
SRR10070132	17771	2	28.12206813210073
SRR10070133	17771	2	28.82401809949546
SRR10070134	17771	2	52.48557865187514
SRR10070141	17771	2	31.36567192670851
SRR10070149	17771	2	61.61875149308185
SRR10070150	17771	2	62.69016879256656
SRR10070151	17771	2	62.97516408118641
SRR10102392	17771	2	42.14334815353939
SRR10102393	17771	2	42.47721841888332
SRR10102394	17771	2	42.04515235442302
SRR10070130	17771	3	50.02645622149105
SRR10070131	17771	3	52.64772580141653
SRR10070132	17771	3	28.12206813210073
SRR10070133	17771	3	28.85374894707822
SRR10070134	17771	3	52.80323910110615
SRR10070141	17771	3	31.26009739615916
SRR10070149	17771	3	61.1666345701525
SRR10070150	17771	3	63.70924204130854
SRR10070151	17771	3	63.29751118014788
SRR10102392	17771	3	42.13485113598973
SRR10102393	17771	3	42.57934540449579
SRR10102394	17771	3	42.37992663451224
SRR10070130	17771	4	51.10159877925878
SRR10070131	17771	4	52.91901380946835
SRR10070132	17771	4	28.12206813210073
SRR10070133	17771	4	28.94046420246481
SRR10070134	17771	4	52.75975497001643
SRR10070141	17771	4	30.74016340909367
SRR10070149	17771	4	61.65357644415631
SRR10070150	17771	4	64.10164934904151
SRR10070151	17771	4	63.34310596167452
SRR10102392	17771	4	41.18829552979305
SRR10102393	17771	4	42.84828411308055
SRR10102394	17771	4	42.15271427705517
SRR10070130	17771	5	51.28041541850082
SRR10070131	17771	5	51.74462512055641
SRR10070132	17771	5	28.12206813210073
SRR10070133	17771	5	28.99388119872777
SRR10070134	17771	5	53.35704641592753
SRR10070141	17771	5	31.3209854838795
SRR10070149	17771	5	61.78213292176076
SRR10070150	17771	5	63.4983337585158
SRR10070151	17771	5	62.5358215685026
SRR10102392	17771	5	42.47052071967597
SRR10102393	17771	5	42.25096861504077
SRR10102394	17771	5	41.09430508073059
SRR10070130	17771	6	50.23803995673206
SRR10070131	17771	6	52.3232200863618
SRR10070132	17771	6	28.12206813210073
SRR10070133	17771	6	28.67910133948217
SRR10070134	17771	6	53.2827658161963
SRR10070141	17771	6	31.024691288302
SRR10070149	17771	6	61.9549560850981
SRR10070150	17771	6	63.86858681468129
SRR10070151	17771	6	62.24084669337709
SRR10102392	17771	6	41.99221660589195
SRR10102393	17771	6	42.79199824643378
SRR10102394	17771	6	41.30473354402568
SRR10070130	17771	7	51.38468183968344
SRR10070131	17771	7	52.05763592579974
SRR10070132	17771	7	28.12206813210073
SRR10070133	17771	7	28.7890004661622
SRR10070134	17771	7	52.92109048569452
SRR10070141	17771	7	31.04343628387216
SRR10070149	17771	7	63.23460659864644
SRR10070150	17771	7	63.91454719537705
SRR10070151	17771	7	63.27997813584054
SRR10102392	17771	7	42.3879184112695
SRR10102393	17771	7	42.81979680397725
SRR10102394	17771	7	42.41184665125549
SRR10070130	17771	8	50.95862664497224
SRR10070131	17771	8	53.11753825542029
SRR10070132	17771	8	28.12206813210073
SRR10070133	17771	8	28.86497328901211
SRR10070134	17771	8	52.19907102092159
SRR10070141	17771	8	30.76528289256459
SRR10070149	17771	8	62.20611588415048
SRR10070150	17771	8	63.98985741457858
SRR10070151	17771	8	62.73255894577713
SRR10102392	17771	8	42.24835136984326
SRR10102393	17771	8	42.82305722083035
SRR10102394	17771	8	42.32033333428769
SRR10070130	17771	9	49.78181123657971
SRR10070131	17771	9	53.1988865962681
SRR10070132	17771	9	28.12206813210073
SRR10070133	17771	9	28.42656106471442
SRR10070134	17771	9	52.55168443095756
SRR10070141	17771	9	31.26877246325677
SRR10070149	17771	9	62.85874877477472
SRR10070150	17771	9	63.73090096686923
SRR10070151	17771	9	63.33747930008208
SRR10102392	17771	9	42.44218969435163
SRR10102393	17771	9	42.70895094258528
SRR10102394	17771	9	42.23485801989086
SRR10070130	17771	10	50.80415460520432
SRR10070131	17771	10	52.78791664145744
SRR10070132	17771	10	28.12206813210073
SRR10070133	17771	10	28.81323788795738
SRR10070134	17771	10	53.00551987323454
SRR10070141	17771	10	31.07183335436349
SRR10070149	17771	10	61.9327011930494
SRR10070150	17771	10	64.13343537204747
SRR10070151	17771	10	63.30615169042252
SRR10102392	17771	10	41.8824629016323
SRR10102393	17771	10	42.59586457242196
SRR10102394	17771	10	42.08643012775794
SRR10070130	18073	1	49.89258839399213
SRR10070131	18073	1	53.45050947637861
SRR10070132	18073	1	28.12206813210073
SRR10070133	18073	1	28.66000030438774
SRR10070134	18073	1	52.24604032267083
SRR10070141	18073	1	31.16218714055339
SRR10070149	18073	1	62.98992468069473
SRR10070150	18073	1	63.9911247916865
SRR10070151	18073	1	63.57282991616067
SRR10102392	18073	1	42.35297512854301
SRR10102393	18073	1	42.39985066801248
SRR10102394	18073	1	42.36838212984367
SRR10070130	18073	2	51.04252607187605
SRR10070131	18073	2	52.57594432392722
SRR10070132	18073	2	28.12206813210073
SRR10070133	18073	2	28.92557712031887
SRR10070134	18073	2	52.24894352088339
SRR10070141	18073	2	30.8652879641748
SRR10070149	18073	2	62.14566432908469
SRR10070150	18073	2	63.81623238157317
SRR10070151	18073	2	63.31237101579442
SRR10102392	18073	2	42.1918604987193
SRR10102393	18073	2	41.4237987494382
SRR10102394	18073	2	40.90666178686304
SRR10070130	18073	3	51.11278876947006
SRR10070131	18073	3	52.65545377491132
SRR10070132	18073	3	28.12206813210073
SRR10070133	18073	3	28.79115535170889
SRR10070134	18073	3	52.97944686540733
SRR10070141	18073	3	31.11446242680615
SRR10070149	18073	3	63.23471927225756
SRR10070150	18073	3	64.21039656847552
SRR10070151	18073	3	62.38019938159956
SRR10102392	18073	3	42.17200531470441
SRR10102393	18073	3	41.70938509909256
SRR10102394	18073	3	42.40861602340819
SRR10070130	18073	4	51.04063387307928
SRR10070131	18073	4	53.67686699278748
SRR10070132	18073	4	28.12206813210073
SRR10070133	18073	4	28.86469928820044
SRR10070134	18073	4	52.53267995042684
SRR10070141	18073	4	30.63708619115716
SRR10070149	18073	4	63.40847284303453
SRR10070150	18073	4	62.79243478954729
SRR10070151	18073	4	63.30429338343916
SRR10102392	18073	4	41.86731680806699
SRR10102393	18073	4	42.8722060654306
SRR10102394	18073	4	42.24273563039242
SRR10070130	18073	5	50.79715922504671
SRR10070131	18073	5	53.06323632377523
SRR10070132	18073	5	28.12206813210073
SRR10070133	18073	5	28.89718746315806
SRR10070134	18073	5	53.17856331525022
SRR10070141	18073	5	30.92325019103208
SRR10070149	18073	5	61.57503895256389
SRR10070150	18073	5	64.02889008293126
SRR10070151	18073	5	62.77518111174096
SRR10102392	18073	5	42.51349782243343
SRR10102393	18073	5	41.70491769338207
SRR10102394	18073	5	42.30566775183758
SRR10070130	18073	6	51.38347819012232
SRR10070131	18073	6	52.19390292807116
SRR10070132	18073	6	28.12206813210073
SRR10070133	18073	6	28.86535137488865
SRR10070134	18073	6	53.24771586462572
SRR10070141	18073	6	31.26621417229837
SRR10070149	18073	6	62.98412488939646
SRR10070150	18073	6	63.92723068339357
SRR10070151	18073	6	63.15668802206746
SRR10102392	18073	6	42.15179558189558
SRR10102393	18073	6	42.84431340030211
SRR10102394	18073	6	41.00661385050854
SRR10070130	18073	7	50.34999969147856
SRR10070131	18073	7	52.58668011925535
SRR10070132	18073	7	28.12206813210073
SRR10070133	18073	7	28.89386867008302
SRR10070134	18073	7	53.36333741200391
SRR10070141	18073	7	30.78423332882886
SRR10070149	18073	7	63.31234806254792
SRR10070150	18073	7	64.33458251291722
SRR10070151	18073	7	63.27913694351562
SRR10102392	18073	7	41.97569649000504
SRR10102393	18073	7	41.66808955414972
SRR10102394	18073	7	41.36122092420925
SRR10070130	18073	8	49.81318311586053
SRR10070131	18073	8	52.6741526618925
SRR10070132	18073	8	28.12206813210073
SRR10070133	18073	8	28.74338683432326
SRR10070134	18073	8	52.56284347786574
SRR10070141	18073	8	31.24593544652527
SRR10070149	18073	8	63.11702107489395
SRR10070150	18073	8	64.28499570861999
SRR10070151	18073	8	63.5226579642399
SRR10102392	18073	8	42.21396600394361
SRR10102393	18073	8	41.77016075930378
SRR10102394	18073	8	42.4731341909232
SRR10070130	18073	9	49.20237220934478
SRR10070131	18073	9	52.77291432350386
SRR10070132	18073	9	28.12206813210073
SRR10070133	18073	9	28.92944119374626
SRR10070134	18073	9	52.01421119988552
SRR10070141	18073	9	31.2147288238055
SRR10070149	18073	9	63.2460060948826
SRR10070150	18073	9	63.75894978068966
SRR10070151	18073	9	62.55860616142975
SRR10102392	18073	9	42.31180383995958
SRR10102393	18073	9	42.49052105283423
SRR10102394	18073	9	41.18398197848229
SRR10070130	18073	10	49.84694340516699
SRR10070131	18073	10	52.74114652929348
SRR10070132	18073	10	28.12206813210073
SRR10070133	18073	10	28.8908654101415
SRR10070134	18073	10	53.33978828464495
SRR10070141	18073	10	31.02095298667172
SRR10070149	18073	10	63.29967831811222
SRR10070150	18073	10	64.07388310286876
SRR10070151	18073	10	62.43459205944193
SRR10102392	18073	10	42.09371964339951
SRR10102393	18073	10	42.57925603467098
SRR10102394	18073	10	40.92247218244815
SRR10070130	18374	1	50.341919916037
SRR10070131	18374	1	53.63095251821424
SRR10070132	18374	1	28.12206813210073
SRR10070133	18374	1	28.95637070495753
SRR10070134	18374	1	52.57443637597489
SRR10070141	18374	1	31.22887108934885
SRR10070149	18374	1	62.99848360490581
SRR10070150	18374	1	64.36904612090977
SRR10070151	18374	1	63.33388654507809
SRR10102392	18374	1	42.07336007510164
SRR10102393	18374	1	42.8254156600212
SRR10102394	18374	1	41.27387394699837
SRR10070130	18374	2	50.60310007523061
SRR10070131	18374	2	52.44087961211663
SRR10070132	18374	2	28.12206813210073
SRR10070133	18374	2	28.89273031788197
SRR10070134	18374	2	53.05883676025416
SRR10070141	18374	2	30.56384063599473
SRR10070149	18374	2	63.24956964273292
SRR10070150	18374	2	63.64801273851611
SRR10070151	18374	2	63.42020564990339
SRR10102392	18374	2	42.41748893793404
SRR10102393	18374	2	41.91472011801606
SRR10102394	18374	2	41.12929697139414
SRR10070130	18374	3	51.10412423695907
SRR10070131	18374	3	52.77882172873575
SRR10070132	18374	3	28.12206813210073
SRR10070133	18374	3	28.84394341932968
SRR10070134	18374	3	53.62781300806085
SRR10070141	18374	3	31.07183335436349
SRR10070149	18374	3	61.7709218367615
SRR10070150	18374	3	64.16563135974997
SRR10070151	18374	3	63.10324974950746
SRR10102392	18374	3	42.06593763912652
SRR10102393	18374	3	42.71394289544613
SRR10102394	18374	3	42.48113186228654
SRR10070130	18374	4	50.12739763344405
SRR10070131	18374	4	53.12477629202982
SRR10070132	18374	4	28.12206813210073
SRR10070133	18374	4	28.92171281311779
SRR10070134	18374	4	52.67919602603399
SRR10070141	18374	4	31.02464485255843
SRR10070149	18374	4	63.07368801723641
SRR10070150	18374	4	64.13878146612973
SRR10070151	18374	4	63.49951843345879
SRR10102392	18374	4	42.21983712074981
SRR10102393	18374	4	42.70311409832859
SRR10102394	18374	4	40.95364183877474
SRR10070130	18374	5	50.66717754536899
SRR10070131	18374	5	53.81308462473317
SRR10070132	18374	5	28.12206813210073
SRR10070133	18374	5	28.85038745442764
SRR10070134	18374	5	53.27694636392179
SRR10070141	18374	5	30.83146700909203
SRR10070149	18374	5	61.35996364154574
SRR10070150	18374	5	64.37463698577902
SRR10070151	18374	5	63.63591341137176
SRR10102392	18374	5	42.10580595696077
SRR10102393	18374	5	42.77961295434451
SRR10102394	18374	5	42.35128525565012
SRR10070130	18374	6	49.43786390561257
SRR10070131	18374	6	52.51634692415469
SRR10070132	18374	6	28.12206813210073
SRR10070133	18374	6	28.78594744944612
SRR10070134	18374	6	53.23750727586321
SRR10070141	18374	6	30.90124012471841
SRR10070149	18374	6	61.73895469624841
SRR10070150	18374	6	64.12248354051098
SRR10070151	18374	6	62.68221365506862
SRR10102392	18374	6	42.38202219430089
SRR10102393	18374	6	42.66864955150593
SRR10102394	18374	6	42.43132541807933
SRR10070130	18374	7	50.18156447280325
SRR10070131	18374	7	52.90119995853377
SRR10070132	18374	7	28.12206813210073
SRR10070133	18374	7	28.70170690297267
SRR10070134	18374	7	52.1370888612165
SRR10070141	18374	7	31.31842372467583
SRR10070149	18374	7	62.76242550580928
SRR10070150	18374	7	63.73979067646854
SRR10070151	18374	7	63.01953403826454
SRR10102392	18374	7	42.34541604153784
SRR10102393	18374	7	41.71463561241334
SRR10102394	18374	7	42.54466223939885
SRR10070130	18374	8	51.36296924303294
SRR10070131	18374	8	53.45734883954603
SRR10070132	18374	8	28.12206813210073
SRR10070133	18374	8	28.98743716362982
SRR10070134	18374	8	53.37266793398064
SRR10070141	18374	8	31.18932923761969
SRR10070149	18374	8	62.7331589628331
SRR10070150	18374	8	62.43388310820409
SRR10070151	18374	8	62.38836927185532
SRR10102392	18374	8	42.44861114162924
SRR10102393	18374	8	42.26029163876607
SRR10102394	18374	8	41.17446969743697
SRR10070130	18374	9	49.94519695227041
SRR10070131	18374	9	52.71044923942872
SRR10070132	18374	9	28.12206813210073
SRR10070133	18374	9	28.8732927067136
SRR10070134	18374	9	52.59641937148168
SRR10070141	18374	9	31.10681084817117
SRR10070149	18374	9	63.2637783888756
SRR10070150	18374	9	62.8059707686289
SRR10070151	18374	9	62.83092102231559
SRR10102392	18374	9	42.39295677873158
SRR10102393	18374	9	42.29381328457905
SRR10102394	18374	9	42.33787928477615
SRR10070130	18374	10	50.73714630216817
SRR10070131	18374	10	53.18873910233582
SRR10070132	18374	10	28.12206813210073
SRR10070133	18374	10	28.74563980444693
SRR10070134	18374	10	53.22990398928865
SRR10070141	18374	10	31.31842372467583
SRR10070149	18374	10	63.38637667536091
SRR10070150	18374	10	64.18234599679545
SRR10070151	18374	10	63.38864935479468
SRR10102392	18374	10	42.19032318714167
SRR10102393	18374	10	41.13073989257041
SRR10102394	18374	10	42.10835622649394
SRR10070130	18675	1	49.86277222483439
SRR10070131	18675	1	52.7192915062731
SRR10070132	18675	1	28.12206813210073
SRR10070133	18675	1	28.58013584319169
SRR10070134	18675	1	52.97076280660592
SRR10070141	18675	1	31.26621417229837
SRR10070149	18675	1	63.35037346349264
SRR10070150	18675	1	64.08156652792674
SRR10070151	18675	1	63.37556696315529
SRR10102392	18675	1	42.16991271436998
SRR10102393	18675	1	42.66187131326355
SRR10102394	18675	1	41.24153755444206
SRR10070130	18675	2	49.79825315664169
SRR10070131	18675	2	52.79292699474233
SRR10070132	18675	2	28.12206813210073
SRR10070133	18675	2	28.88423630517094
SRR10070134	18675	2	52.44167615662169
SRR10070141	18675	2	31.25427067553466
SRR10070149	18675	2	61.94932816960208
SRR10070150	18675	2	62.64975064186581
SRR10070151	18675	2	62.45638389068878
SRR10102392	18675	2	42.30477536828108
SRR10102393	18675	2	42.77931299209532
SRR10102394	18675	2	41.1485148737171
SRR10070130	18675	3	50.40364515333324
SRR10070131	18675	3	53.15887270026487
SRR10070132	18675	3	28.12206813210073
SRR10070133	18675	3	28.8908654101415
SRR10070134	18675	3	53.31827128602653
SRR10070141	18675	3	31.3741321479327
SRR10070149	18675	3	62.7108682093879
SRR10070150	18675	3	62.84898574193209
SRR10070151	18675	3	63.58815459475263
SRR10102392	18675	3	42.19022151568637
SRR10102393	18675	3	42.53879153236564
SRR10102394	18675	3	41.32415798588414
SRR10070130	18675	4	50.60314318123971
SRR10070131	18675	4	52.60786737638172
SRR10070132	18675	4	28.12206813210073
SRR10070133	18675	4	28.80893588174252
SRR10070134	18675	4	53.11028445091092
SRR10070141	18675	4	31.04558869445538
SRR10070149	18675	4	61.95542734957711
SRR10070150	18675	4	63.94163462985846
SRR10070151	18675	4	63.51469981412624
SRR10102392	18675	4	42.19675514030242
SRR10102393	18675	4	42.47105632039669
SRR10102394	18675	4	41.24785691595395
SRR10070130	18675	5	51.20572457516815
SRR10070131	18675	5	52.71725317872694
SRR10070132	18675	5	28.12206813210073
SRR10070133	18675	5	28.69060535223011
SRR10070134	18675	5	53.23810985700449
SRR10070141	18675	5	31.01383706514685
SRR10070149	18675	5	63.2178233788843
SRR10070150	18675	5	63.87323602074593
SRR10070151	18675	5	63.42670582059181
SRR10102392	18675	5	42.3559415975745
SRR10102393	18675	5	42.50112549254622
SRR10102394	18675	5	42.01452024564141
SRR10070130	18675	6	51.11390042395335
SRR10070131	18675	6	53.80455970387311
SRR10070132	18675	6	28.12206813210073
SRR10070133	18675	6	28.8908654101415
SRR10070134	18675	6	51.78260399824234
SRR10070141	18675	6	31.26621417229837
SRR10070149	18675	6	63.17113261136392
SRR10070150	18675	6	63.86581311126195
SRR10070151	18675	6	63.06722707532568
SRR10102392	18675	6	42.24718695771732
SRR10102393	18675	6	42.55219847310152
SRR10102394	18675	6	41.8916247121896
SRR10070130	18675	7	50.2267563875834
SRR10070131	18675	7	52.64215906402307
SRR10070132	18675	7	28.12206813210073
SRR10070133	18675	7	28.72333653251879
SRR10070134	18675	7	53.4600358480039
SRR10070141	18675	7	31.25427067553466
SRR10070149	18675	7	63.21580386304703
SRR10070150	18675	7	63.8588458507714
SRR10070151	18675	7	63.45074766511199
SRR10102392	18675	7	42.30922713908218
SRR10102393	18675	7	42.72266746392651
SRR10102394	18675	7	42.21476261377899
SRR10070130	18675	8	51.25720668149428
SRR10070131	18675	8	52.57529713349994
SRR10070132	18675	8	28.12206813210073
SRR10070133	18675	8	28.96148486055792
SRR10070134	18675	8	53.77161152634523
SRR10070141	18675	8	31.05988985759979
SRR10070149	18675	8	61.46608902377488
SRR10070150	18675	8	64.24706405373126
SRR10070151	18675	8	63.40307448616473
SRR10102392	18675	8	42.29426411897727
SRR10102393	18675	8	42.98122580579299
SRR10102394	18675	8	41.12355583594992
SRR10070130	18675	9	50.47600782931802
SRR10070131	18675	9	52.53446846281502
SRR10070132	18675	9	28.12206813210073
SRR10070133	18675	9	28.79534164296821
SRR10070134	18675	9	53.67859002264198
SRR10070141	18675	9	30.96391537872916
SRR10070149	18675	9	63.16660198780874
SRR10070150	18675	9	64.06776337320753
SRR10070151	18675	9	62.29648674464075
SRR10102392	18675	9	42.43787290199391
SRR10102393	18675	9	42.76709991353501
SRR10102394	18675	9	42.48539512374191
SRR10070130	18675	10	50.91507136733969
SRR10070131	18675	10	53.1894693575996
SRR10070132	18675	10	27.9106167469305
SRR10070133	18675	10	28.80625285532455
SRR10070134	18675	10	52.7285926589133
SRR10070141	18675	10	30.81216363323694
SRR10070149	18675	10	63.0922560277715
SRR10070150	18675	10	63.87842313032433
SRR10070151	18675	10	62.64129858649798
SRR10102392	18675	10	42.19642912652196
SRR10102393	18675	10	41.64626465700508
SRR10102394	18675	10	41.09520027998595
SRR10070130	18976	1	50.77883188397511
SRR10070131	18976	1	53.27908075333896
SRR10070132	18976	1	28.12206813210073
SRR10070133	18976	1	28.73170727916781
SRR10070134	18976	1	53.09330112742494
SRR10070141	18976	1	31.03104214125977
SRR10070149	18976	1	61.86655109273561
SRR10070150	18976	1	64.10225650028985
SRR10070151	18976	1	62.35551674151323
SRR10102392	18976	1	42.06814869444789
SRR10102393	18976	1	42.70055447912833
SRR10102394	18976	1	40.86183000754325
SRR10070130	18976	2	50.88142697882275
SRR10070131	18976	2	52.93411932899249
SRR10070132	18976	2	28.12206813210073
SRR10070133	18976	2	28.88906912102722
SRR10070134	18976	2	52.47295848721162
SRR10070141	18976	2	31.19731767621784
SRR10070149	18976	2	62.06608267783599
SRR10070150	18976	2	64.37343288535328
SRR10070151	18976	2	62.3404117392969
SRR10102392	18976	2	42.40051776703179
SRR10102393	18976	2	42.89477233109001
SRR10102394	18976	2	42.22667452823004
SRR10070130	18976	3	51.10618396238552
SRR10070131	18976	3	53.08972633166923
SRR10070132	18976	3	28.12206813210073
SRR10070133	18976	3	28.6283144464647
SRR10070134	18976	3	52.41707901881644
SRR10070141	18976	3	31.0204396200723
SRR10070149	18976	3	61.60090276310512
SRR10070150	18976	3	62.52590524563407
SRR10070151	18976	3	63.35734729724468
SRR10102392	18976	3	42.22606574357339
SRR10102393	18976	3	42.81298143798423
SRR10102394	18976	3	40.98247079088112
SRR10070130	18976	4	49.88522732142258
SRR10070131	18976	4	52.47969953828943
SRR10070132	18976	4	27.9106167469305
SRR10070133	18976	4	28.958235612698
SRR10070134	18976	4	53.15132762297038
SRR10070141	18976	4	31.3741321479327
SRR10070149	18976	4	63.23613263250735
SRR10070150	18976	4	63.99110480451913
SRR10070151	18976	4	63.39983061524209
SRR10102392	18976	4	42.25577337687567
SRR10102393	18976	4	41.53805317937459
SRR10102394	18976	4	42.3856138236784
SRR10070130	18976	5	49.73124698067092
SRR10070131	18976	5	52.62257949765404
SRR10070132	18976	5	28.12206813210073
SRR10070133	18976	5	28.89285515263795
SRR10070134	18976	5	53.12388996117813
SRR10070141	18976	5	31.07739614468961
SRR10070149	18976	5	63.26859518970889
SRR10070150	18976	5	63.98125073640215
SRR10070151	18976	5	62.17663691452697
SRR10102392	18976	5	41.05121363744117
SRR10102393	18976	5	42.84190865370262
SRR10102394	18976	5	42.295061564209
SRR10070130	18976	6	50.20085758534958
SRR10070131	18976	6	53.25619646324979
SRR10070132	18976	6	28.12206813210073
SRR10070133	18976	6	28.92171281311779
SRR10070134	18976	6	52.62125452677022
SRR10070141	18976	6	31.07183335436349
SRR10070149	18976	6	61.11908014167272
SRR10070150	18976	6	63.81479094929949
SRR10070151	18976	6	62.73988715546547
SRR10102392	18976	6	42.40399825082133
SRR10102393	18976	6	42.58355166958583
SRR10102394	18976	6	41.3184589281642
SRR10070130	18976	7	50.84662755818114
SRR10070131	18976	7	52.73754717387117
SRR10070132	18976	7	28.12206813210073
SRR10070133	18976	7	28.79128925237923
SRR10070134	18976	7	52.67122243883074
SRR10070141	18976	7	31.26621417229837
SRR10070149	18976	7	63.12521333634208
SRR10070150	18976	7	64.2958194444231
SRR10070151	18976	7	63.30354449036062
SRR10102392	18976	7	42.26888933717125
SRR10102393	18976	7	41.84978467688715
SRR10102394	18976	7	42.37431962324991
SRR10070130	18976	8	51.40549488639346
SRR10070131	18976	8	52.8532697423616
SRR10070132	18976	8	28.12206813210073
SRR10070133	18976	8	28.63557686697359
SRR10070134	18976	8	52.6498502169259
SRR10070141	18976	8	31.3741321479327
SRR10070149	18976	8	61.94100407908842
SRR10070150	18976	8	64.09717001068013
SRR10070151	18976	8	63.60392987273043
SRR10102392	18976	8	42.24428319019928
SRR10102393	18976	8	41.51343143321515
SRR10102394	18976	8	41.07993391356656
SRR10070130	18976	9	50.15542896238162
SRR10070131	18976	9	52.32734946550551
SRR10070132	18976	9	28.12206813210073
SRR10070133	18976	9	28.91811995306531
SRR10070134	18976	9	52.39637986294419
SRR10070141	18976	9	31.3741321479327
SRR10070149	18976	9	63.09035958517058
SRR10070150	18976	9	64.16787935847373
SRR10070151	18976	9	63.06812703817373
SRR10102392	18976	9	42.36834632398064
SRR10102393	18976	9	42.68321939520476
SRR10102394	18976	9	41.02523108503887
SRR10070130	18976	10	50.04498890584342
SRR10070131	18976	10	52.72021927158114
SRR10070132	18976	10	28.12206813210073
SRR10070133	18976	10	28.8908654101415
SRR10070134	18976	10	53.63957153741251
SRR10070141	18976	10	31.26621417229837
SRR10070149	18976	10	60.86215302328059
SRR10070150	18976	10	64.1911813615701
SRR10070151	18976	10	62.62391277040697
SRR10102392	18976	10	42.36766493551405
SRR10102393	18976	10	42.6110164943145
SRR10102394	18976	10	42.38435171488306
SRR10070130	19277	1	51.59714812068967
SRR10070131	19277	1	53.74452889914718
SRR10070132	19277	1	28.12206813210073
SRR10070133	19277	1	28.94046420246481
SRR10070134	19277	1	53.20765495525558
SRR10070141	19277	1	30.96473119681542
SRR10070149	19277	1	63.22880911631795
SRR10070150	19277	1	63.97268752399668
SRR10070151	19277	1	63.63637191671979
SRR10102392	19277	1	41.19145288654702
SRR10102393	19277	1	42.76140554177632
SRR10102394	19277	1	41.37669710538109
SRR10070130	19277	2	50.14229764550811
SRR10070131	19277	2	53.05314903002328
SRR10070132	19277	2	28.12206813210073
SRR10070133	19277	2	28.94046420246481
SRR10070134	19277	2	53.39261752604514
SRR10070141	19277	2	31.04665771027868
SRR10070149	19277	2	62.0627380756399
SRR10070150	19277	2	63.59387743236574
SRR10070151	19277	2	62.660908180162
SRR10102392	19277	2	42.43908954170156
SRR10102393	19277	2	42.67544075017732
SRR10102394	19277	2	41.28828878934608
SRR10070130	19277	3	51.06964859180984
SRR10070131	19277	3	52.89390594375073
SRR10070132	19277	3	28.12206813210073
SRR10070133	19277	3	28.8908654101415
SRR10070134	19277	3	53.33026697647626
SRR10070141	19277	3	31.3741321479327
SRR10070149	19277	3	63.0904627758224
SRR10070150	19277	3	64.5665032970773
SRR10070151	19277	3	62.56828113969637
SRR10102392	19277	3	42.35233327639141
SRR10102393	19277	3	42.94901000798497
SRR10102394	19277	3	42.10068475748047
SRR10070130	19277	4	51.34894395449776
SRR10070131	19277	4	52.84272462981386
SRR10070132	19277	4	28.12206813210073
SRR10070133	19277	4	28.95055064108341
SRR10070134	19277	4	53.29906516168103
SRR10070141	19277	4	31.3741321479327
SRR10070149	19277	4	63.25999563608485
SRR10070150	19277	4	62.84676465852957
SRR10070151	19277	4	63.37745691962882
SRR10102392	19277	4	42.2948973653649
SRR10102393	19277	4	42.76128713761513
SRR10102394	19277	4	42.28256492982252
SRR10070130	19277	5	50.65274976770279
SRR10070131	19277	5	52.19861783014131
SRR10070132	19277	5	28.12206813210073
SRR10070133	19277	5	28.95637070495753
SRR10070134	19277	5	53.15062721351156
SRR10070141	19277	5	30.73068813380747
SRR10070149	19277	5	63.29459818803871
SRR10070150	19277	5	64.29969891621568
SRR10070151	19277	5	63.28954598238462
SRR10102392	19277	5	42.16183523167707
SRR10102393	19277	5	42.75397076454762
SRR10102394	19277	5	42.1082284819881
SRR10070130	19277	6	50.93073796520587
SRR10070131	19277	6	53.15304904232816
SRR10070132	19277	6	28.12206813210073
SRR10070133	19277	6	28.9997012626019
SRR10070134	19277	6	52.6922162777774
SRR10070141	19277	6	31.26621417229837
SRR10070149	19277	6	63.44535488986576
SRR10070150	19277	6	64.31368696829844
SRR10070151	19277	6	63.48460471328119
SRR10102392	19277	6	42.33572195549347
SRR10102393	19277	6	41.4175351538864
SRR10102394	19277	6	42.36341267710306
SRR10070130	19277	7	51.1995560166613
SRR10070131	19277	7	52.44995843755533
SRR10070132	19277	7	28.12206813210073
SRR10070133	19277	7	28.81850910667448
SRR10070134	19277	7	52.2695155452332
SRR10070141	19277	7	31.24593544652527
SRR10070149	19277	7	61.92459517806832
SRR10070150	19277	7	63.94277102658361
SRR10070151	19277	7	62.52884544966032
SRR10102392	19277	7	42.29669775206568
SRR10102393	19277	7	42.79159060933684
SRR10102394	19277	7	42.39489839717499
SRR10070130	19277	8	51.0797174991587
SRR10070131	19277	8	53.34507502197145
SRR10070132	19277	8	28.12206813210073
SRR10070133	19277	8	29.03435915444164
SRR10070134	19277	8	53.37255849187963
SRR10070141	19277	8	30.95966371049946
SRR10070149	19277	8	62.04389163948076
SRR10070150	19277	8	63.73348494789519
SRR10070151	19277	8	63.74627054724943
SRR10102392	19277	8	42.19955019114271
SRR10102393	19277	8	42.92502321858707
SRR10102394	19277	8	42.54957096501817
SRR10070130	19277	9	50.93881739156898
SRR10070131	19277	9	51.64792294900149
SRR10070132	19277	9	28.12206813210073
SRR10070133	19277	9	29.03435915444164
SRR10070134	19277	9	52.8291800960874
SRR10070141	19277	9	31.3741321479327
SRR10070149	19277	9	62.01007667548555
SRR10070150	19277	9	63.70903474542268
SRR10070151	19277	9	63.25432260858477
SRR10102392	19277	9	42.43236131055012
SRR10102393	19277	9	42.66291631371652
SRR10102394	19277	9	42.1154435820841
SRR10070130	19277	10	50.52951012580087
SRR10070131	19277	10	53.10916021181028
SRR10070132	19277	10	28.12206813210073
SRR10070133	19277	10	28.88906912102722
SRR10070134	19277	10	52.85023961490136
SRR10070141	19277	10	31.31479155901673
SRR10070149	19277	10	61.62292010188394
SRR10070150	19277	10	63.98278689793039
SRR10070151	19277	10	63.62191763041882
SRR10102392	19277	10	42.12562475618758
SRR10102393	19277	10	42.98113180077571
SRR10102394	19277	10	41.27512409680282
SRR10070130	19579	1	51.25383203213681
SRR10070131	19579	1	53.1944174723663
SRR10070132	19579	1	28.12206813210073
SRR10070133	19579	1	28.95637070495753
SRR10070134	19579	1	52.96673436897443
SRR10070141	19579	1	31.362188651169
SRR10070149	19579	1	61.67289417764704
SRR10070150	19579	1	63.8173175667979
SRR10070151	19579	1	62.57554852285644
SRR10102392	19579	1	42.36092225366004
SRR10102393	19579	1	42.73799104613069
SRR10102394	19579	1	42.45452507017399
SRR10070130	19579	2	51.35740154418291
SRR10070131	19579	2	53.49572328431734
SRR10070132	19579	2	28.12206813210073
SRR10070133	19579	2	28.87791425215439
SRR10070134	19579	2	53.61923538290755
SRR10070141	19579	2	31.32325178024092
SRR10070149	19579	2	63.10991701835001
SRR10070150	19579	2	63.88698599867479
SRR10070151	19579	2	63.59105375925072
SRR10102392	19579	2	42.21141219660492
SRR10102393	19579	2	41.63243696847872
SRR10102394	19579	2	42.13935608721437
SRR10070130	19579	3	51.43179831507262
SRR10070131	19579	3	53.52087848077282
SRR10070132	19579	3	28.12206813210073
SRR10070133	19579	3	28.86393589893023
SRR10070134	19579	3	53.31726909740701
SRR10070141	19579	3	31.13801747089093
SRR10070149	19579	3	63.26046129912424
SRR10070150	19579	3	63.90840033017866
SRR10070151	19579	3	62.67516559185562
SRR10102392	19579	3	42.34876048643925
SRR10102393	19579	3	41.76725230038226
SRR10102394	19579	3	42.41951868207759
SRR10070130	19579	4	51.00744138363632
SRR10070131	19579	4	53.21050444505172
SRR10070132	19579	4	28.12206813210073
SRR10070133	19579	4	28.87658596635914
SRR10070134	19579	4	53.33892224788731
SRR10070141	19579	4	31.2584189762718
SRR10070149	19579	4	61.97169888593788
SRR10070150	19579	4	62.63377284498844
SRR10070151	19579	4	62.32794733996965
SRR10102392	19579	4	42.26543789459244
SRR10102393	19579	4	42.7087751978245
SRR10102394	19579	4	42.39372206388726
SRR10070130	19579	5	51.12956685932823
SRR10070131	19579	5	53.36227203335936
SRR10070132	19579	5	28.12206813210073
SRR10070133	19579	5	28.95637070495753
SRR10070134	19579	5	53.529465909975
SRR10070141	19579	5	31.07183335436349
SRR10070149	19579	5	63.13177877410481
SRR10070150	19579	5	64.13992696110927
SRR10070151	19579	5	62.73198637620768
SRR10102392	19579	5	42.51977319663122
SRR10102393	19579	5	41.7980593819805
SRR10102394	19579	5	40.9239673606516
SRR10070130	19579	6	51.56935593945792
SRR10070131	19579	6	52.46149009135763
SRR10070132	19579	6	28.12206813210073
SRR10070133	19579	6	28.86535137488865
SRR10070134	19579	6	53.61569062356472
SRR10070141	19579	6	31.3741321479327
SRR10070149	19579	6	63.47127567607384
SRR10070150	19579	6	64.21677922615618
SRR10070151	19579	6	63.19839869414678
SRR10102392	19579	6	42.43008688450642
SRR10102393	19579	6	42.67730943029684
SRR10102394	19579	6	42.42526696159258
SRR10070130	19579	7	51.02863137790821
SRR10070131	19579	7	53.35982374557858
SRR10070132	19579	7	28.12206813210073
SRR10070133	19579	7	28.98593904803745
SRR10070134	19579	7	52.51001733680365
SRR10070141	19579	7	31.3741321479327
SRR10070149	19579	7	63.30574048442362
SRR10070150	19579	7	64.37561879418625
SRR10070151	19579	7	63.60599528404534
SRR10102392	19579	7	42.20244647920914
SRR10102393	19579	7	42.61457650123114
SRR10102394	19579	7	42.34170972616045
SRR10070130	19579	8	51.08671977062597
SRR10070131	19579	8	52.1421019404346
SRR10070132	19579	8	28.12206813210073
SRR10070133	19579	8	28.85145274426215
SRR10070134	19579	8	52.90292308966036
SRR10070141	19579	8	30.84988062695562
SRR10070149	19579	8	63.3202996701205
SRR10070150	19579	8	64.33438364527956
SRR10070151	19579	8	63.3117251269181
SRR10102392	19579	8	41.12096136159944
SRR10102393	19579	8	42.98412896934834
SRR10102394	19579	8	42.43843353866708
SRR10070130	19579	9	50.05693895305273
SRR10070131	19579	9	52.17276508292627
SRR10070132	19579	9	28.12206813210073
SRR10070133	19579	9	28.74707583843157
SRR10070134	19579	9	52.46963960670743
SRR10070141	19579	9	31.2147288238055
SRR10070149	19579	9	62.86451823255334
SRR10070150	19579	9	64.3831606779231
SRR10070151	19579	9	63.58425464677966
SRR10102392	19579	9	42.27803732911679
SRR10102393	19579	9	41.55345698455292
SRR10102394	19579	9	42.53227678187756
SRR10070130	19579	10	51.19610970353482
SRR10070131	19579	10	52.97173774102906
SRR10070132	19579	10	28.12206813210073
SRR10070133	19579	10	29.03435915444164
SRR10070134	19579	10	53.48410861267809
SRR10070141	19579	10	31.26009739615916
SRR10070149	19579	10	63.13584909591299
SRR10070150	19579	10	64.28000829259821
SRR10070151	19579	10	63.59342604862867
SRR10102392	19579	10	41.04540669472625
SRR10102393	19579	10	42.89322843435158
SRR10102394	19579	10	42.24745772048704
SRR10070130	19880	1	50.46549603244177
SRR10070131	19880	1	53.07795018308308
SRR10070132	19880	1	28.12206813210073
SRR10070133	19880	1	28.74238556493084
SRR10070134	19880	1	52.6540824227663
SRR10070141	19880	1	31.26621417229837
SRR10070149	19880	1	63.12965802431273
SRR10070150	19880	1	62.93140853848852
SRR10070151	19880	1	62.20750703125482
SRR10102392	19880	1	42.27319141963228
SRR10102393	19880	1	42.95606915440227
SRR10102394	19880	1	42.32692359030706
SRR10070130	19880	2	50.81930999948177
SRR10070131	19880	2	53.42988898129767
SRR10070132	19880	2	28.12206813210073
SRR10070133	19880	2	28.75300381185845
SRR10070134	19880	2	53.64373830766723
SRR10070141	19880	2	31.3741321479327
SRR10070149	19880	2	63.34424824981545
SRR10070150	19880	2	64.02589813510843
SRR10070151	19880	2	62.45434078432842
SRR10102392	19880	2	42.40972489989214
SRR10102393	19880	2	42.85798699441303
SRR10102394	19880	2	41.22312449759562
SRR10070130	19880	3	50.31893836990456
SRR10070131	19880	3	53.48270264566156
SRR10070132	19880	3	27.9106167469305
SRR10070133	19880	3	28.78895070938764
SRR10070134	19880	3	53.65330451302874
SRR10070141	19880	3	31.24593544652527
SRR10070149	19880	3	61.93991285834063
SRR10070150	19880	3	64.12539848569389
SRR10070151	19880	3	62.90578530797025
SRR10102392	19880	3	42.47541928404674
SRR10102393	19880	3	42.68954167420102
SRR10102394	19880	3	42.12859870472091
SRR10070130	19880	4	51.61700450133178
SRR10070131	19880	4	53.46071439440458
SRR10070132	19880	4	28.12206813210073
SRR10070133	19880	4	28.95457441584325
SRR10070134	19880	4	53.34852968962969
SRR10070141	19880	4	31.07183335436349
SRR10070149	19880	4	63.41140986621907
SRR10070150	19880	4	64.4112751967723
SRR10070151	19880	4	62.57350862501291
SRR10102392	19880	4	42.43133254487039
SRR10102393	19880	4	41.3742987386411
SRR10102394	19880	4	42.27788307903563
SRR10070130	19880	5	50.22579487011655
SRR10070131	19880	5	52.83466214027916
SRR10070132	19880	5	28.12206813210073
SRR10070133	19880	5	28.89273031788197
SRR10070134	19880	5	52.90936668073186
SRR10070141	19880	5	31.21405306732123
SRR10070149	19880	5	63.31509352373245
SRR10070150	19880	5	64.37506986323699
SRR10070151	19880	5	63.78251137070578
SRR10102392	19880	5	42.3696331114959
SRR10102393	19880	5	42.83991041422771
SRR10102394	19880	5	42.32808780672713
SRR10070130	19880	6	49.70079463658737
SRR10070131	19880	6	52.79630213004753
SRR10070132	19880	6	28.12206813210073
SRR10070133	19880	6	28.92193186881379
SRR10070134	19880	6	53.41278797124734
SRR10070141	19880	6	31.23809284617966
SRR10070149	19880	6	63.53830517970191
SRR10070150	19880	6	64.17325313250143
SRR10070151	19880	6	63.40500581879749
SRR10102392	19880	6	41.2582550516512
SRR10102393	19880	6	42.74273119576875
SRR10102394	19880	6	41.17637562522664
SRR10070130	19880	7	50.84077260730675
SRR10070131	19880	7	53.82797313389812
SRR10070132	19880	7	28.12206813210073
SRR10070133	19880	7	28.95637070495753
SRR10070134	19880	7	52.99962527803604
SRR10070141	19880	7	31.26621417229837
SRR10070149	19880	7	63.17148954181768
SRR10070150	19880	7	63.99476004281036
SRR10070151	19880	7	63.62053817055529
SRR10102392	19880	7	42.32428207293125
SRR10102393	19880	7	42.77221716793204
SRR10102394	19880	7	40.96527746694854
SRR10070130	19880	8	51.14197191693346
SRR10070131	19880	8	53.22673654964517
SRR10070132	19880	8	28.12206813210073
SRR10070133	19880	8	28.90563679839723
SRR10070134	19880	8	52.89445295147471
SRR10070141	19880	8	31.07183335436349
SRR10070149	19880	8	63.43029685110951
SRR10070150	19880	8	64.4440207327234
SRR10070151	19880	8	63.54231091855435
SRR10102392	19880	8	42.09778466609279
SRR10102393	19880	8	42.67173307200952
SRR10102394	19880	8	42.3717470938886
SRR10070130	19880	9	50.41922686510486
SRR10070131	19880	9	53.28329910781678
SRR10070132	19880	9	28.12206813210073
SRR10070133	19880	9	28.88342324497536
SRR10070134	19880	9	52.90411639467682
SRR10070141	19880	9	31.11446242680615
SRR10070149	19880	9	61.91588500493378
SRR10070150	19880	9	63.69187087107406
SRR10070151	19880	9	63.47869120287011
SRR10102392	19880	9	41.2981370211099
SRR10102393	19880	9	42.91634456799302
SRR10102394	19880	9	42.31834141260698
SRR10070130	19880	10	50.69492279745886
SRR10070131	19880	10	52.72690947865098
SRR10070132	19880	10	28.12206813210073
SRR10070133	19880	10	28.98161709975569
SRR10070134	19880	10	52.96709868201177
SRR10070141	19880	10	31.2584189762718
SRR10070149	19880	10	63.28948602548035
SRR10070150	19880	10	64.37015306176453
SRR10070151	19880	10	63.54008531708492
SRR10102392	19880	10	42.36674236060783
SRR10102393	19880	10	43.04015164889212
SRR10102394	19880	10	42.19204870393374
SRR10070130	20181	1	50.70935996802411
SRR10070131	20181	1	52.94525065560226
SRR10070132	20181	1	28.12206813210073
SRR10070133	20181	1	28.90322404090433
SRR10070134	20181	1	53.11814085036497
SRR10070141	20181	1	31.32325178024092
SRR10070149	20181	1	63.09983677432467
SRR10070150	20181	1	64.20196154726398
SRR10070151	20181	1	62.58888556258854
SRR10102392	20181	1	42.55376443380221
SRR10102393	20181	1	42.80341772825274
SRR10102394	20181	1	42.25711407945125
SRR10070130	20181	2	50.70392864367001
SRR10070131	20181	2	53.00093683112857
SRR10070132	20181	2	27.9106167469305
SRR10070133	20181	2	28.79992580267028
SRR10070134	20181	2	53.14337220763436
SRR10070141	20181	2	31.13801747089093
SRR10070149	20181	2	62.14158433691199
SRR10070150	20181	2	63.84043285553882
SRR10070151	20181	2	62.68857242036712
SRR10102392	20181	2	42.51330699198731
SRR10102393	20181	2	42.61292142756221
SRR10102394	20181	2	41.31227294066559
SRR10070130	20181	3	51.25127290665642
SRR10070131	20181	3	52.87292523867413
SRR10070132	20181	3	28.12206813210073
SRR10070133	20181	3	28.63334859890651
SRR10070134	20181	3	52.89555777071968
SRR10070141	20181	3	31.30978350242441
SRR10070149	20181	3	63.35906990574148
SRR10070150	20181	3	64.03668452067029
SRR10070151	20181	3	62.79969951882489
SRR10102392	20181	3	42.22337997610894
SRR10102393	20181	3	42.87020485624608
SRR10102394	20181	3	41.04173242408662
SRR10070130	20181	4	51.13811096812846
SRR10070131	20181	4	53.09666998547256
SRR10070132	20181	4	28.12206813210073
SRR10070133	20181	4	28.5272855740554
SRR10070134	20181	4	53.52936735067393
SRR10070141	20181	4	30.64651069377511
SRR10070149	20181	4	63.12612460230883
SRR10070150	20181	4	64.2664624650015
SRR10070151	20181	4	63.23126693138622
SRR10102392	20181	4	42.34215222716303
SRR10102393	20181	4	42.92180786348696
SRR10102394	20181	4	42.47326927296451
SRR10070130	20181	5	51.32529158162772
SRR10070131	20181	5	53.17432771390507
SRR10070132	20181	5	28.12206813210073
SRR10070133	20181	5	28.96885385962561
SRR10070134	20181	5	53.01721335963232
SRR10070141	20181	5	31.3741321479327
SRR10070149	20181	5	63.09469953194787
SRR10070150	20181	5	64.16913608632007
SRR10070151	20181	5	63.27319610361111
SRR10102392	20181	5	42.34714142532751
SRR10102393	20181	5	42.90121715233478
SRR10102394	20181	5	42.28719154037169
SRR10070130	20181	6	51.38345039326344
SRR10070131	20181	6	53.43147535418135
SRR10070132	20181	6	28.12206813210073
SRR10070133	20181	6	28.71368556916021
SRR10070134	20181	6	53.64331545428475
SRR10070141	20181	6	30.95966371049946
SRR10070149	20181	6	61.91450796872669
SRR10070150	20181	6	64.50436535775498
SRR10070151	20181	6	63.50008004378869
SRR10102392	20181	6	42.29869959523633
SRR10102393	20181	6	42.63697641701376
SRR10102394	20181	6	41.2159313550474
SRR10070130	20181	7	51.08792642357405
SRR10070131	20181	7	53.17530805257472
SRR10070132	20181	7	28.12206813210073
SRR10070133	20181	7	28.90727390177666
SRR10070134	20181	7	53.64857017695074
SRR10070141	20181	7	30.75717644527396
SRR10070149	20181	7	63.26745023988473
SRR10070150	20181	7	64.3478033939303
SRR10070151	20181	7	62.67611538641616
SRR10102392	20181	7	42.42306377852067
SRR10102393	20181	7	42.85831351028693
SRR10102394	20181	7	42.53596207559674
SRR10070130	20181	8	51.56400628945208
SRR10070131	20181	8	53.64410877963159
SRR10070132	20181	8	28.12206813210073
SRR10070133	20181	8	28.93085666970468
SRR10070134	20181	8	53.21983181328149
SRR10070141	20181	8	31.24593544652527
SRR10070149	20181	8	63.17642061519723
SRR10070150	20181	8	64.43590531761714
SRR10070151	20181	8	63.74060007591142
SRR10102392	20181	8	42.48002178894087
SRR10102393	20181	8	42.89419467070198
SRR10102394	20181	8	41.03320854659763
SRR10070130	20181	9	50.75333320355982
SRR10070131	20181	9	53.25782647253579
SRR10070132	20181	9	27.9106167469305
SRR10070133	20181	9	28.95637070495753
SRR10070134	20181	9	52.89133958259811
SRR10070141	20181	9	31.3741321479327
SRR10070149	20181	9	61.95498374887102
SRR10070150	20181	9	62.7968921715669
SRR10070151	20181	9	62.51670480949215
SRR10102392	20181	9	42.50853351675757
SRR10102393	20181	9	41.44392776265684
SRR10102394	20181	9	42.27431528865925
SRR10070130	20181	10	51.20168705325461
SRR10070131	20181	10	53.41013739062106
SRR10070132	20181	10	28.12206813210073
SRR10070133	20181	10	28.85145274426215
SRR10070134	20181	10	53.06217733874099
SRR10070141	20181	10	31.02095298667172
SRR10070149	20181	10	63.28216585123146
SRR10070150	20181	10	63.99530997716777
SRR10070151	20181	10	63.30881410753456
SRR10102392	20181	10	42.44295705468245
SRR10102393	20181	10	42.75422523448301
SRR10102394	20181	10	41.34514879006531
SRR10070130	20482	1	51.29045497168104
SRR10070131	20482	1	53.1384303352176
SRR10070132	20482	1	28.12206813210073
SRR10070133	20482	1	28.84244530373731
SRR10070134	20482	1	53.24116366226224
SRR10070141	20482	1	31.3741321479327
SRR10070149	20482	1	62.17242386147551
SRR10070150	20482	1	64.40733376775717
SRR10070151	20482	1	62.31728492559155
SRR10102392	20482	1	42.36670267009028
SRR10102393	20482	1	42.99239071106355
SRR10102394	20482	1	41.34668387346539
SRR10070130	20482	2	51.35137285349429
SRR10070131	20482	2	53.16853110675221
SRR10070132	20482	2	28.12206813210073
SRR10070133	20482	2	28.79008147987084
SRR10070134	20482	2	53.21629965231852
SRR10070141	20482	2	31.09532880649864
SRR10070149	20482	2	63.38933428635055
SRR10070150	20482	2	63.94606643240506
SRR10070151	20482	2	63.76959722079437
SRR10102392	20482	2	42.39008900322803
SRR10102393	20482	2	41.43528521495825
SRR10102394	20482	2	41.27890918254491
SRR10070130	20482	3	51.00097898597716
SRR10070131	20482	3	52.86584522950216
SRR10070132	20482	3	28.12206813210073
SRR10070133	20482	3	28.99108241513489
SRR10070134	20482	3	52.94027568200841
SRR10070141	20482	3	30.96391537872916
SRR10070149	20482	3	63.10891577814181
SRR10070150	20482	3	64.10164342047483
SRR10070151	20482	3	63.57574338825761
SRR10102392	20482	3	41.1984812359777
SRR10102393	20482	3	41.24914858476203
SRR10102394	20482	3	42.34156975594448
SRR10070130	20482	4	51.40680574880331
SRR10070131	20482	4	52.72761094124508
SRR10070132	20482	4	28.12206813210073
SRR10070133	20482	4	29.03435915444164
SRR10070134	20482	4	53.41634147169994
SRR10070141	20482	4	31.0675816861338
SRR10070149	20482	4	61.9297149216494
SRR10070150	20482	4	64.1752344138904
SRR10070151	20482	4	63.43171310551806
SRR10102392	20482	4	42.21106488907682
SRR10102393	20482	4	42.67225507423219
SRR10102394	20482	4	42.41454657658102
SRR10070130	20482	5	49.94862178776059
SRR10070131	20482	5	53.56690281995427
SRR10070132	20482	5	28.12206813210073
SRR10070133	20482	5	28.81474186839786
SRR10070134	20482	5	52.9623579960699
SRR10070141	20482	5	31.26621417229837
SRR10070149	20482	5	63.16603942904907
SRR10070150	20482	5	64.43669050963791
SRR10070151	20482	5	63.65151477743161
SRR10102392	20482	5	42.50647844073797
SRR10102393	20482	5	41.54623560860573
SRR10102394	20482	5	42.48261290941952
SRR10070130	20482	6	51.52731997582708
SRR10070131	20482	6	53.42930307270485
SRR10070132	20482	6	28.12206813210073
SRR10070133	20482	6	28.83391742657297
SRR10070134	20482	6	53.37031159222015
SRR10070141	20482	6	31.3741321479327
SRR10070149	20482	6	61.83572932557735
SRR10070150	20482	6	64.24803589513601
SRR10070151	20482	6	62.6367030723322
SRR10102392	20482	6	42.25762781678322
SRR10102393	20482	6	42.86944093215217
SRR10102394	20482	6	42.43744996378883
SRR10070130	20482	7	50.48933098481614
SRR10070131	20482	7	53.36782921926093
SRR10070132	20482	7	28.12206813210073
SRR10070133	20482	7	28.84558927137414
SRR10070134	20482	7	53.58235156743781
SRR10070141	20482	7	31.11446242680615
SRR10070149	20482	7	63.20012880840505
SRR10070150	20482	7	63.94868291560396
SRR10070151	20482	7	63.70110798847271
SRR10102392	20482	7	42.43049832652174
SRR10102393	20482	7	42.63837474617114
SRR10102394	20482	7	42.45601134597889
SRR10070130	20482	8	51.08348270138492
SRR10070131	20482	8	53.00860740031568
SRR10070132	20482	8	28.12206813210073
SRR10070133	20482	8	29.03435915444164
SRR10070134	20482	8	52.82039854691585
SRR10070141	20482	8	31.3741321479327
SRR10070149	20482	8	61.9937101700781
SRR10070150	20482	8	64.36215229794459
SRR10070151	20482	8	63.29153791964155
SRR10102392	20482	8	42.13417689864107
SRR10102393	20482	8	42.97133606389913
SRR10102394	20482	8	40.67329262782235
SRR10070130	20482	9	50.57229640490953
SRR10070131	20482	9	53.58072991924909
SRR10070132	20482	9	28.12206813210073
SRR10070133	20482	9	28.79992580267028
SRR10070134	20482	9	52.87377312663362
SRR10070141	20482	9	30.87582604546993
SRR10070149	20482	9	63.38874727037331
SRR10070150	20482	9	62.81776833040478
SRR10070151	20482	9	63.55799084830319
SRR10102392	20482	9	42.25671557357266
SRR10102393	20482	9	42.47422477635493
SRR10102394	20482	9	42.45661567281564
SRR10070130	20482	10	51.20161742408647
SRR10070131	20482	10	53.03589940002632
SRR10070132	20482	10	28.12206813210073
SRR10070133	20482	10	28.95637070495753
SRR10070134	20482	10	52.97265764412932
SRR10070141	20482	10	30.95966371049946
SRR10070149	20482	10	63.34622250686806
SRR10070150	20482	10	63.94564380294599
SRR10070151	20482	10	63.37823137510669
SRR10102392	20482	10	42.41617552363166
SRR10102393	20482	10	42.81601555521549
SRR10102394	20482	10	41.28996138660807
SRR10070130	20783	1	51.13654509239838
SRR10070131	20783	1	52.84928810441266
SRR10070132	20783	1	28.12206813210073
SRR10070133	20783	1	28.77468943331509
SRR10070134	20783	1	53.78644081626879
SRR10070141	20783	1	31.0675816861338
SRR10070149	20783	1	63.32566779703188
SRR10070150	20783	1	64.22377310897991
SRR10070151	20783	1	62.67476494317044
SRR10102392	20783	1	42.39036496807672
SRR10102393	20783	1	41.61411301323034
SRR10102394	20783	1	41.13042787941744
SRR10070130	20783	2	50.98452838842764
SRR10070131	20783	2	52.78951122520004
SRR10070132	20783	2	28.12206813210073
SRR10070133	20783	2	28.8908654101415
SRR10070134	20783	2	53.6587328522337
SRR10070141	20783	2	31.0204396200723
SRR10070149	20783	2	63.32903536481017
SRR10070150	20783	2	64.28803311632782
SRR10070151	20783	2	62.93821040038121
SRR10102392	20783	2	42.33941630166807
SRR10102393	20783	2	42.88872111272003
SRR10102394	20783	2	42.4404829334431
SRR10070130	20783	3	50.93083439528829
SRR10070131	20783	3	53.29907109263461
SRR10070132	20783	3	28.12206813210073
SRR10070133	20783	3	28.88024716321389
SRR10070134	20783	3	53.29582372224878
SRR10070141	20783	3	30.9081783620066
SRR10070149	20783	3	61.66046581839623
SRR10070150	20783	3	64.63140332810417
SRR10070151	20783	3	63.62899269791782
SRR10102392	20783	3	42.43328909146182
SRR10102393	20783	3	41.56634169570111
SRR10102394	20783	3	42.23916403799883
SRR10070130	20783	4	51.04318567901749
SRR10070131	20783	4	52.68585714748124
SRR10070132	20783	4	28.12206813210073
SRR10070133	20783	4	28.72380226092663
SRR10070134	20783	4	53.7431654140389
SRR10070141	20783	4	30.64219274133285
SRR10070149	20783	4	61.66861159146934
SRR10070150	20783	4	63.8094527808293
SRR10070151	20783	4	63.59392623927666
SRR10102392	20783	4	42.19587601350324
SRR10102393	20783	4	42.9033814700954
SRR10102394	20783	4	41.45324221628474
SRR10070130	20783	5	51.58890119224794
SRR10070131	20783	5	53.7255232891728
SRR10070132	20783	5	28.12206813210073
SRR10070133	20783	5	28.83099226134256
SRR10070134	20783	5	53.8070544518156
SRR10070141	20783	5	30.99032572371727
SRR10070149	20783	5	61.88215704125764
SRR10070150	20783	5	62.63711020741454
SRR10070151	20783	5	62.55660235030918
SRR10102392	20783	5	42.44406277951636
SRR10102393	20783	5	42.71749597861262
SRR10102394	20783	5	41.21078853277369
SRR10070130	20783	6	50.93101931106889
SRR10070131	20783	6	53.33479706758146
SRR10070132	20783	6	28.12206813210073
SRR10070133	20783	6	28.45807204301839
SRR10070134	20783	6	53.67726487333177
SRR10070141	20783	6	31.3741321479327
SRR10070149	20783	6	63.28841101054268
SRR10070150	20783	6	64.29574553081602
SRR10070151	20783	6	62.65589122246254
SRR10102392	20783	6	41.20431343010725
SRR10102393	20783	6	42.79598452892903
SRR10102394	20783	6	41.3773119099402
SRR10070130	20783	7	51.12679810013629
SRR10070131	20783	7	53.31958887191347
SRR10070132	20783	7	28.12206813210073
SRR10070133	20783	7	28.66165233511596
SRR10070134	20783	7	53.33479469001648
SRR10070141	20783	7	31.11446242680615
SRR10070149	20783	7	62.08802742047406
SRR10070150	20783	7	64.03485328070656
SRR10070151	20783	7	63.27473005488977
SRR10102392	20783	7	42.46615722004056
SRR10102393	20783	7	42.66042768149575
SRR10102394	20783	7	40.99936658204759
SRR10070130	20783	8	50.80891728803523
SRR10070131	20783	8	53.51013446708324
SRR10070132	20783	8	28.12206813210073
SRR10070133	20783	8	28.95637070495753
SRR10070134	20783	8	53.58403386377951
SRR10070141	20783	8	31.27214327821349
SRR10070149	20783	8	63.23611234759147
SRR10070150	20783	8	64.59864368087568
SRR10070151	20783	8	62.792977856578
SRR10102392	20783	8	42.40319738184765
SRR10102393	20783	8	42.91028500719053
SRR10102394	20783	8	41.23739590160187
SRR10070130	20783	9	51.39106483331528
SRR10070131	20783	9	53.51606522290835
SRR10070132	20783	9	28.12206813210073
SRR10070133	20783	9	28.90213053467922
SRR10070134	20783	9	53.354818509633
SRR10070141	20783	9	31.3741321479327
SRR10070149	20783	9	63.40945240554566
SRR10070150	20783	9	64.41591574782342
SRR10070151	20783	9	63.74981692954999
SRR10102392	20783	9	42.37066088683635
SRR10102393	20783	9	42.37293594863083
SRR10102394	20783	9	41.11010795356346
SRR10070130	20783	10	50.44660066061299
SRR10070131	20783	10	53.99964633165716
SRR10070132	20783	10	28.12206813210073
SRR10070133	20783	10	29.03435915444164
SRR10070134	20783	10	52.96033119833199
SRR10070141	20783	10	31.1061350916869
SRR10070149	20783	10	63.41073551578733
SRR10070150	20783	10	64.4661315024814
SRR10070151	20783	10	62.83191086972005
SRR10102392	20783	10	42.47594037537898
SRR10102393	20783	10	42.74358886426264
SRR10102394	20783	10	42.40718852067
SRR10070130	21085	1	51.12566631409106
SRR10070131	21085	1	52.87820256146573
SRR10070132	21085	1	28.12206813210073
SRR10070133	21085	1	28.85485939999229
SRR10070134	21085	1	53.34896579155214
SRR10070141	21085	1	30.96391537872916
SRR10070149	21085	1	61.67737771921962
SRR10070150	21085	1	64.11435894639999
SRR10070151	21085	1	62.65564017124817
SRR10102392	21085	1	42.40661020981931
SRR10102393	21085	1	41.75059912817612
SRR10102394	21085	1	42.45188435436791
SRR10070130	21085	2	51.41367003132593
SRR10070131	21085	2	53.44975687202149
SRR10070132	21085	2	28.12206813210073
SRR10070133	21085	2	29.02853909056752
SRR10070134	21085	2	53.6865140918385
SRR10070141	21085	2	30.76528289256459
SRR10070149	21085	2	61.98307088066063
SRR10070150	21085	2	62.96657121514862
SRR10070151	21085	2	62.68192221002064
SRR10102392	21085	2	42.44953310848065
SRR10102393	21085	2	42.79199764793676
SRR10102394	21085	2	42.27138563574045
SRR10070130	21085	3	51.28096841466139
SRR10070131	21085	3	53.7425826811788
SRR10070132	21085	3	28.12206813210073
SRR10070133	21085	3	28.90944871414571
SRR10070134	21085	3	53.3269727450957
SRR10070141	21085	3	31.07364804571336
SRR10070149	21085	3	63.24721268827964
SRR10070150	21085	3	64.19013154292315
SRR10070151	21085	3	63.5766251930977
SRR10102392	21085	3	42.45370394197955
SRR10102393	21085	3	42.73809697715395
SRR10102394	21085	3	42.1127398691802
SRR10070130	21085	4	50.99281742756263
SRR10070131	21085	4	53.63010511523075
SRR10070132	21085	4	28.12206813210073
SRR10070133	21085	4	28.95637070495753
SRR10070134	21085	4	52.37295336475786
SRR10070141	21085	4	31.3741321479327
SRR10070149	21085	4	61.94368723027009
SRR10070150	21085	4	64.60367491813213
SRR10070151	21085	4	63.32657577293094
SRR10102392	21085	4	42.3499965353097
SRR10102393	21085	4	42.56491631593614
SRR10102394	21085	4	41.22793412094109
SRR10070130	21085	5	50.56033929534713
SRR10070131	21085	5	53.38758325742311
SRR10070132	21085	5	28.12206813210073
SRR10070133	21085	5	28.89027288291721
SRR10070134	21085	5	53.59172725599826
SRR10070141	21085	5	31.24593544652527
SRR10070149	21085	5	62.01694178280592
SRR10070150	21085	5	63.96719020385023
SRR10070151	21085	5	63.46005995384879
SRR10102392	21085	5	42.35414469704695
SRR10102393	21085	5	41.61025191980235
SRR10102394	21085	5	42.32635174064996
SRR10070130	21085	6	50.94165567919379
SRR10070131	21085	6	53.02914530924379
SRR10070132	21085	6	28.12206813210073
SRR10070133	21085	6	29.03435915444164
SRR10070134	21085	6	53.1129733088634
SRR10070141	21085	6	31.3741321479327
SRR10070149	21085	6	63.30615884174188
SRR10070150	21085	6	64.29029783904389
SRR10070151	21085	6	62.73297937167339
SRR10102392	21085	6	41.08074320000454
SRR10102393	21085	6	42.76119467631863
SRR10102394	21085	6	42.55716369722723
SRR10070130	21085	7	50.85518494071668
SRR10070131	21085	7	53.59472113901034
SRR10070132	21085	7	28.12206813210073
SRR10070133	21085	7	28.96303379575149
SRR10070134	21085	7	52.99341193446067
SRR10070141	21085	7	31.26621417229837
SRR10070149	21085	7	63.4762975583173
SRR10070150	21085	7	63.94525238855698
SRR10070151	21085	7	63.76860001739215
SRR10102392	21085	7	42.17359862741866
SRR10102393	21085	7	42.97451779406335
SRR10102394	21085	7	42.30681817364167
SRR10070130	21085	8	51.18113712459569
SRR10070131	21085	8	52.54113791826746
SRR10070132	21085	8	28.12206813210073
SRR10070133	21085	8	28.79731989469617
SRR10070134	21085	8	52.81214406345141
SRR10070141	21085	8	31.1061350916869
SRR10070149	21085	8	63.30986536005798
SRR10070150	21085	8	64.17263683863523
SRR10070151	21085	8	63.50370708222722
SRR10102392	21085	8	42.34246678688186
SRR10102393	21085	8	42.85338277459893
SRR10102394	21085	8	42.2755598210693
SRR10070130	21085	9	51.56374618512461
SRR10070131	21085	9	53.98261907440813
SRR10070132	21085	9	28.12206813210073
SRR10070133	21085	9	28.95637070495753
SRR10070134	21085	9	52.97706787304954
SRR10070141	21085	9	31.23372712632483
SRR10070149	21085	9	63.23908446428532
SRR10070150	21085	9	64.2513426176256
SRR10070151	21085	9	63.6829915451653
SRR10102392	21085	9	42.0621553347257
SRR10102393	21085	9	41.5205959502776
SRR10102394	21085	9	42.32230475395551
SRR10070130	21085	10	51.19288621791767
SRR10070131	21085	10	53.67249837774055
SRR10070132	21085	10	28.12206813210073
SRR10070133	21085	10	28.84802939643751
SRR10070134	21085	10	53.5607524010444
SRR10070141	21085	10	31.26621417229837
SRR10070149	21085	10	63.49686583262223
SRR10070150	21085	10	63.93128452772351
SRR10070151	21085	10	63.63254839867694
SRR10102392	21085	10	42.26693958029934
SRR10102393	21085	10	43.06654841612841
SRR10102394	21085	10	42.44210999682179
SRR10070130	21386	1	51.49399096861128
SRR10070131	21386	1	52.98974629581427
SRR10070132	21386	1	28.12206813210073
SRR10070133	21386	1	28.83991706223345
SRR10070134	21386	1	53.96639786722119
SRR10070141	21386	1	31.3741321479327
SRR10070149	21386	1	63.3851517846545
SRR10070150	21386	1	64.19660834922063
SRR10070151	21386	1	62.72201876170806
SRR10102392	21386	1	42.47591415580094
SRR10102393	21386	1	42.74243662632009
SRR10102394	21386	1	42.37594936731836
SRR10070130	21386	2	50.85327528470202
SRR10070131	21386	2	53.84403647110069
SRR10070132	21386	2	28.12206813210073
SRR10070133	21386	2	28.87791425215439
SRR10070134	21386	2	53.51631234063831
SRR10070141	21386	2	31.32325178024092
SRR10070149	21386	2	63.10758530165475
SRR10070150	21386	2	64.04228005111054
SRR10070151	21386	2	63.73726082114844
SRR10102392	21386	2	42.44554744227641
SRR10102393	21386	2	42.96229791883317
SRR10102394	21386	2	42.55990075450023
SRR10070130	21386	3	50.57509848447644
SRR10070131	21386	3	53.48832779588036
SRR10070132	21386	3	28.12206813210073
SRR10070133	21386	3	29.00884511918879
SRR10070134	21386	3	52.96329948391401
SRR10070141	21386	3	31.21405306732123
SRR10070149	21386	3	63.44271713450717
SRR10070150	21386	3	63.23486660765322
SRR10070151	21386	3	62.47540424325497
SRR10102392	21386	3	42.38979117278793
SRR10102393	21386	3	42.91794525735828
SRR10102394	21386	3	42.37887017512328
SRR10070130	21386	4	51.52551777957826
SRR10070131	21386	4	53.33780963852971
SRR10070132	21386	4	28.12206813210073
SRR10070133	21386	4	28.90322404090433
SRR10070134	21386	4	53.40508822296727
SRR10070141	21386	4	31.3741321479327
SRR10070149	21386	4	63.29138404739496
SRR10070150	21386	4	64.09545794439458
SRR10070151	21386	4	63.68801252216321
SRR10102392	21386	4	42.32551525591801
SRR10102393	21386	4	41.85448816695069
SRR10102394	21386	4	42.35343704491022
SRR10070130	21386	5	50.44911146867787
SRR10070131	21386	5	53.46110955312241
SRR10070132	21386	5	28.12206813210073
SRR10070133	21386	5	28.79911618381045
SRR10070134	21386	5	52.83905970419626
SRR10070141	21386	5	31.32325178024092
SRR10070149	21386	5	63.1953759453288
SRR10070150	21386	5	64.04722798843704
SRR10070151	21386	5	62.82685487145899
SRR10102392	21386	5	42.32001655283938
SRR10102393	21386	5	42.91669873855945
SRR10102394	21386	5	41.30647219428431
SRR10070130	21386	6	51.02236048918105
SRR10070131	21386	6	53.36467248783649
SRR10070132	21386	6	28.12206813210073
SRR10070133	21386	6	28.95637070495753
SRR10070134	21386	6	53.28835508489048
SRR10070141	21386	6	31.3741321479327
SRR10070149	21386	6	63.21716462351439
SRR10070150	21386	6	64.16556018202522
SRR10070151	21386	6	62.63541536898345
SRR10102392	21386	6	42.32535505991401
SRR10102393	21386	6	42.72582513208558
SRR10102394	21386	6	41.23644615805468
SRR10070130	21386	7	51.14957225862416
SRR10070131	21386	7	53.37800965074773
SRR10070132	21386	7	28.12206813210073
SRR10070133	21386	7	28.92557712031887
SRR10070134	21386	7	53.20310958299554
SRR10070141	21386	7	31.2824605671372
SRR10070149	21386	7	63.20589303809384
SRR10070150	21386	7	64.14996994864032
SRR10070151	21386	7	63.23108298655821
SRR10102392	21386	7	41.30825394225975
SRR10102393	21386	7	42.73581444248494
SRR10102394	21386	7	42.55699174900293
SRR10070130	21386	8	51.36903752594604
SRR10070131	21386	8	53.94771470747281
SRR10070132	21386	8	28.12206813210073
SRR10070133	21386	8	28.93429049957662
SRR10070134	21386	8	52.96639186921403
SRR10070141	21386	8	31.26621417229837
SRR10070149	21386	8	63.29584001542235
SRR10070150	21386	8	63.80544867119018
SRR10070151	21386	8	63.50264688421965
SRR10102392	21386	8	42.38859610809568
SRR10102393	21386	8	41.90562434025859
SRR10102394	21386	8	42.47232541211634
SRR10070130	21386	9	51.18505941220326
SRR10070131	21386	9	53.85359262151967
SRR10070132	21386	9	28.12206813210073
SRR10070133	21386	9	28.83554624176942
SRR10070134	21386	9	53.20750470055834
SRR10070141	21386	9	30.96391537872916
SRR10070149	21386	9	63.49443419874
SRR10070150	21386	9	64.09702810797569
SRR10070151	21386	9	63.52229870417148
SRR10102392	21386	9	42.44953310848065
SRR10102393	21386	9	43.07200104460868
SRR10102394	21386	9	42.23340547565245
SRR10070130	21386	10	51.97832575506293
SRR10070131	21386	10	52.72595185514871
SRR10070132	21386	10	28.12206813210073
SRR10070133	21386	10	28.95637070495753
SRR10070134	21386	10	53.18615169709995
SRR10070141	21386	10	31.3741321479327
SRR10070149	21386	10	62.18215348236554
SRR10070150	21386	10	63.88509240381375
SRR10070151	21386	10	63.58399013928238
SRR10102392	21386	10	42.30976811968573
SRR10102393	21386	10	42.61776921192134
SRR10102394	21386	10	42.26557353374302
SRR10070130	21687	1	51.20628115911494
SRR10070131	21687	1	53.01941446815829
SRR10070132	21687	1	28.12206813210073
SRR10070133	21687	1	28.8908654101415
SRR10070134	21687	1	53.73825038641684
SRR10070141	21687	1	31.3741321479327
SRR10070149	21687	1	63.23687079120713
SRR10070150	21687	1	63.06750429964584
SRR10070151	21687	1	63.59283627893996
SRR10102392	21687	1	42.39691319488772
SRR10102393	21687	1	42.76184388305929
SRR10102394	21687	1	42.53697432987024
SRR10070130	21687	2	51.00519108521519
SRR10070131	21687	2	53.42559104704622
SRR10070132	21687	2	28.12206813210073
SRR10070133	21687	2	28.96303379575149
SRR10070134	21687	2	53.99416565770264
SRR10070141	21687	2	30.95966371049946
SRR10070149	21687	2	61.76643619782703
SRR10070150	21687	2	63.99928424328522
SRR10070151	21687	2	63.67782523936002
SRR10102392	21687	2	42.34206189713292
SRR10102393	21687	2	42.91254655350868
SRR10102394	21687	2	42.32260651178292
SRR10070130	21687	3	50.93505621870987
SRR10070131	21687	3	53.5634908328668
SRR10070132	21687	3	28.12206813210073
SRR10070133	21687	3	28.96885385962561
SRR10070134	21687	3	52.93854828957583
SRR10070141	21687	3	31.3741321479327
SRR10070149	21687	3	63.4127061178645
SRR10070150	21687	3	64.1624359649881
SRR10070151	21687	3	63.59784871559932
SRR10102392	21687	3	42.13776756157019
SRR10102393	21687	3	42.78464181980879
SRR10102394	21687	3	42.49905417803308
SRR10070130	21687	4	51.24820659069922
SRR10070131	21687	4	53.76627261262831
SRR10070132	21687	4	28.12206813210073
SRR10070133	21687	4	28.96192312837696
SRR10070134	21687	4	53.77005453826163
SRR10070141	21687	4	31.3741321479327
SRR10070149	21687	4	63.13985427168363
SRR10070150	21687	4	64.4048817420362
SRR10070151	21687	4	63.53177397812938
SRR10102392	21687	4	42.27065551570709
SRR10102393	21687	4	42.80577553085109
SRR10102394	21687	4	42.51941397229895
SRR10070130	21687	5	51.43383571661655
SRR10070131	21687	5	53.08518761448537
SRR10070132	21687	5	28.12206813210073
SRR10070133	21687	5	28.80453075345033
SRR10070134	21687	5	53.1071985054337
SRR10070141	21687	5	31.18543226663105
SRR10070149	21687	5	62.06487461229266
SRR10070150	21687	5	64.10923782242298
SRR10070151	21687	5	63.63315870622274
SRR10102392	21687	5	42.44953310848065
SRR10102393	21687	5	41.50124573158044
SRR10102394	21687	5	42.43794609445246
SRR10070130	21687	6	50.52836737670702
SRR10070131	21687	6	53.37390736618162
SRR10070132	21687	6	28.12206813210073
SRR10070133	21687	6	28.90580631062506
SRR10070134	21687	6	53.08525496424173
SRR10070141	21687	6	30.96391537872916
SRR10070149	21687	6	63.43301033114249
SRR10070150	21687	6	64.10831773044617
SRR10070151	21687	6	63.70713356729938
SRR10102392	21687	6	42.36229504944488
SRR10102393	21687	6	42.85115735917289
SRR10102394	21687	6	42.39780200495949
SRR10070130	21687	7	50.5227132735961
SRR10070131	21687	7	53.68890026097871
SRR10070132	21687	7	28.12206813210073
SRR10070133	21687	7	28.70616271084773
SRR10070134	21687	7	54.13318872571438
SRR10070141	21687	7	31.3741321479327
SRR10070149	21687	7	62.02330414836466
SRR10070150	21687	7	64.23415247661018
SRR10070151	21687	7	63.63397057969224
SRR10102392	21687	7	42.17603677683361
SRR10102393	21687	7	41.65948637269256
SRR10102394	21687	7	42.44807828347763
SRR10070130	21687	8	51.07058017206264
SRR10070131	21687	8	54.08169098245182
SRR10070132	21687	8	28.12206813210073
SRR10070133	21687	8	28.95637070495753
SRR10070134	21687	8	53.38641255520964
SRR10070141	21687	8	31.2147288238055
SRR10070149	21687	8	63.41113961653019
SRR10070150	21687	8	64.20992536884569
SRR10070151	21687	8	63.59984192205124
SRR10102392	21687	8	42.4719399588342
SRR10102393	21687	8	42.78021810033308
SRR10102394	21687	8	41.04071698549308
SRR10070130	21687	9	50.55220672459229
SRR10070131	21687	9	53.57688136364656
SRR10070132	21687	9	28.12206813210073
SRR10070133	21687	9	28.71300343079971
SRR10070134	21687	9	53.40006767577472
SRR10070141	21687	9	31.07183335436349
SRR10070149	21687	9	61.92115256727844
SRR10070150	21687	9	64.13741406630561
SRR10070151	21687	9	63.73210634364739
SRR10102392	21687	9	42.37610169579126
SRR10102393	21687	9	42.64625582324291
SRR10102394	21687	9	42.48044899142912
SRR10070130	21687	10	50.57285616868304
SRR10070131	21687	10	53.38366682071226
SRR10070132	21687	10	28.12206813210073
SRR10070133	21687	10	28.8122844334331
SRR10070134	21687	10	53.18658788656335
SRR10070141	21687	10	31.0675816861338
SRR10070149	21687	10	62.06760803927027
SRR10070150	21687	10	64.52800727293783
SRR10070151	21687	10	63.02104412961161
SRR10102392	21687	10	42.42800689532153
SRR10102393	21687	10	42.74905334968869
SRR10102394	21687	10	42.43915306825875
SRR10070130	21988	1	50.95805822104115
SRR10070131	21988	1	52.94259747791997
SRR10070132	21988	1	28.12206813210073
SRR10070133	21988	1	28.88024716321389
SRR10070134	21988	1	53.4337535453564
SRR10070141	21988	1	31.3741321479327
SRR10070149	21988	1	63.48545888942022
SRR10070150	21988	1	64.26108006744602
SRR10070151	21988	1	63.49204541264444
SRR10102392	21988	1	42.39036342766919
SRR10102393	21988	1	42.84061493803684
SRR10102394	21988	1	42.3674180325084
SRR10070130	21988	2	51.3634946730989
SRR10070131	21988	2	53.63116899087537
SRR10070132	21988	2	28.12206813210073
SRR10070133	21988	2	28.85145274426215
SRR10070134	21988	2	53.61948102034256
SRR10070141	21988	2	31.3741321479327
SRR10070149	21988	2	63.46086259165013
SRR10070150	21988	2	64.2306771389658
SRR10070151	21988	2	63.65335969288243
SRR10102392	21988	2	42.40149801513031
SRR10102393	21988	2	43.00892663489154
SRR10102394	21988	2	42.29477161438769
SRR10070130	21988	3	51.30882610490192
SRR10070131	21988	3	53.85525116709385
SRR10070132	21988	3	28.12206813210073
SRR10070133	21988	3	28.87658596635914
SRR10070134	21988	3	53.0792029612685
SRR10070141	21988	3	31.15050100063747
SRR10070149	21988	3	63.42650829234326
SRR10070150	21988	3	64.48192455313244
SRR10070151	21988	3	62.71390023988894
SRR10102392	21988	3	42.34127113744468
SRR10102393	21988	3	43.01286212853093
SRR10102394	21988	3	41.30828920113493
SRR10070130	21988	4	51.71014889032347
SRR10070131	21988	4	52.90592844337436
SRR10070132	21988	4	28.12206813210073
SRR10070133	21988	4	28.88251920293444
SRR10070134	21988	4	53.59716345316021
SRR10070141	21988	4	31.2147288238055
SRR10070149	21988	4	61.81686089844163
SRR10070150	21988	4	64.40054866299572
SRR10070151	21988	4	63.59606742380528
SRR10102392	21988	4	42.44677210357595
SRR10102393	21988	4	42.86206118992347
SRR10102394	21988	4	42.43246238867506
SRR10070130	21988	5	50.95724882144248
SRR10070131	21988	5	52.56061068639611
SRR10070132	21988	5	28.12206813210073
SRR10070133	21988	5	28.96885385962561
SRR10070134	21988	5	53.74575809363615
SRR10070141	21988	5	31.3741321479327
SRR10070149	21988	5	63.46320025089363
SRR10070150	21988	5	64.26882414935233
SRR10070151	21988	5	63.4512897946242
SRR10102392	21988	5	42.33938386277147
SRR10102393	21988	5	42.6954879233795
SRR10102394	21988	5	42.23955123315319
SRR10070130	21988	6	50.17214642133451
SRR10070131	21988	6	54.024442727569
SRR10070132	21988	6	28.12206813210073
SRR10070133	21988	6	29.03435915444164
SRR10070134	21988	6	54.12918330231076
SRR10070141	21988	6	31.3741321479327
SRR10070149	21988	6	63.33875774292682
SRR10070150	21988	6	64.16008352286138
SRR10070151	21988	6	62.96154036813637
SRR10102392	21988	6	42.25584050160684
SRR10102393	21988	6	41.61330805867852
SRR10102394	21988	6	42.40750019209454
SRR10070130	21988	7	51.33195861227693
SRR10070131	21988	7	53.26911682822013
SRR10070132	21988	7	28.12206813210073
SRR10070133	21988	7	28.86084693778424
SRR10070134	21988	7	53.03268930371013
SRR10070141	21988	7	31.32325178024092
SRR10070149	21988	7	63.12106747031498
SRR10070150	21988	7	63.95711850533097
SRR10070151	21988	7	63.36921954980461
SRR10102392	21988	7	42.35625667204
SRR10102393	21988	7	42.5472520541524
SRR10102394	21988	7	42.56876176446308
SRR10070130	21988	8	51.29508921384815
SRR10070131	21988	8	53.92015278030041
SRR10070132	21988	8	28.12206813210073
SRR10070133	21988	8	29.03435915444164
SRR10070134	21988	8	53.45621258293741
SRR10070141	21988	8	31.26009739615916
SRR10070149	21988	8	63.15663482914965
SRR10070150	21988	8	64.47617270536557
SRR10070151	21988	8	63.79279083500837
SRR10102392	21988	8	42.52564027791346
SRR10102393	21988	8	43.03875363254856
SRR10102394	21988	8	42.4159054002048
SRR10070130	21988	9	51.61948039586543
SRR10070131	21988	9	53.22621794862426
SRR10070132	21988	9	28.12206813210073
SRR10070133	21988	9	28.86363480837202
SRR10070134	21988	9	52.67122597297169
SRR10070141	21988	9	31.07183335436349
SRR10070149	21988	9	63.19045352728272
SRR10070150	21988	9	64.45821647423276
SRR10070151	21988	9	63.74488372097944
SRR10102392	21988	9	42.46144786823272
SRR10102393	21988	9	42.81221773557964
SRR10102394	21988	9	42.56724716946115
SRR10070130	21988	10	51.22510789515338
SRR10070131	21988	10	53.25558553218355
SRR10070132	21988	10	28.12206813210073
SRR10070133	21988	10	28.95637070495753
SRR10070134	21988	10	53.75776101506654
SRR10070141	21988	10	31.3741321479327
SRR10070149	21988	10	63.27634617922302
SRR10070150	21988	10	63.91794359668115
SRR10070151	21988	10	63.23096291776848
SRR10102392	21988	10	42.30413451683559
SRR10102393	21988	10	42.78618356349695
SRR10102394	21988	10	42.39423584335237
SRR10070130	22289	1	51.29164318316744
SRR10070131	22289	1	53.39212532321917
SRR10070132	22289	1	28.12206813210073
SRR10070133	22289	1	28.94341954697041
SRR10070134	22289	1	54.15726178794029
SRR10070141	22289	1	30.96391537872916
SRR10070149	22289	1	61.7850679870724
SRR10070150	22289	1	63.7569233426064
SRR10070151	22289	1	63.51822663516027
SRR10102392	22289	1	42.31394423181042
SRR10102393	22289	1	42.89252242129233
SRR10102394	22289	1	41.25518369186783
SRR10070130	22289	2	51.98302438207428
SRR10070131	22289	2	53.38034032355266
SRR10070132	22289	2	28.12206813210073
SRR10070133	22289	2	28.77468943331509
SRR10070134	22289	2	54.08360166746172
SRR10070141	22289	2	30.93938498472636
SRR10070149	22289	2	63.20136991832691
SRR10070150	22289	2	64.0774560035947
SRR10070151	22289	2	63.32858105246079
SRR10102392	22289	2	42.39281262908914
SRR10102393	22289	2	42.962960559845
SRR10102394	22289	2	41.3385891554841
SRR10070130	22289	3	51.23406827026175
SRR10070131	22289	3	53.73161379865694
SRR10070132	22289	3	28.12206813210073
SRR10070133	22289	3	28.92357772085825
SRR10070134	22289	3	52.99031534893898
SRR10070141	22289	3	31.07183335436349
SRR10070149	22289	3	62.06087542339519
SRR10070150	22289	3	64.02006177402058
SRR10070151	22289	3	63.67367055381869
SRR10102392	22289	3	42.53707974331185
SRR10102393	22289	3	42.68621987882008
SRR10102394	22289	3	41.20635815572684
SRR10070130	22289	4	50.539453640622
SRR10070131	22289	4	53.42057513785182
SRR10070132	22289	4	28.12206813210073
SRR10070133	22289	4	28.99108241513489
SRR10070134	22289	4	52.98371587384955
SRR10070141	22289	4	31.3741321479327
SRR10070149	22289	4	63.104886604505
SRR10070150	22289	4	64.25771949587346
SRR10070151	22289	4	63.33152381922219
SRR10102392	22289	4	42.35823129807222
SRR10102393	22289	4	42.87116694889779
SRR10102394	22289	4	41.30183825225328
SRR10070130	22289	5	51.75287322693151
SRR10070131	22289	5	53.45755564970528
SRR10070132	22289	5	28.12206813210073
SRR10070133	22289	5	28.9614589595458
SRR10070134	22289	5	54.02338976045482
SRR10070141	22289	5	31.19918498204862
SRR10070149	22289	5	63.07077146790397
SRR10070150	22289	5	64.51232519847538
SRR10070151	22289	5	63.66005524340547
SRR10102392	22289	5	42.4388073349531
SRR10102393	22289	5	43.03731842149797
SRR10102394	22289	5	42.40055691906816
SRR10070130	22289	6	51.41730479424707
SRR10070131	22289	6	53.26056592003645
SRR10070132	22289	6	28.12206813210073
SRR10070133	22289	6	28.95457441584325
SRR10070134	22289	6	53.89452211051004
SRR10070141	22289	6	31.07183335436349
SRR10070149	22289	6	63.22781682366912
SRR10070150	22289	6	64.36885578092725
SRR10070151	22289	6	62.78081954316698
SRR10102392	22289	6	41.39174379521717
SRR10102393	22289	6	42.87825110762437
SRR10102394	22289	6	42.44276083460642
SRR10070130	22289	7	51.51254510990231
SRR10070131	22289	7	53.34854231014373
SRR10070132	22289	7	28.12206813210073
SRR10070133	22289	7	28.90944871414571
SRR10070134	22289	7	53.36454721182566
SRR10070141	22289	7	31.05525472399512
SRR10070149	22289	7	63.52502452467733
SRR10070150	22289	7	64.06099367835395
SRR10070151	22289	7	63.7573760977025
SRR10102392	22289	7	42.38343503929647
SRR10102393	22289	7	42.94999799653824
SRR10102394	22289	7	42.41236336088838
SRR10070130	22289	8	51.3076638032752
SRR10070131	22289	8	53.5007476045422
SRR10070132	22289	8	28.12206813210073
SRR10070133	22289	8	28.78507458905819
SRR10070134	22289	8	53.31170952883306
SRR10070141	22289	8	31.3741321479327
SRR10070149	22289	8	61.9314806951939
SRR10070150	22289	8	64.25287831361481
SRR10070151	22289	8	63.51095588755216
SRR10102392	22289	8	42.41983651110634
SRR10102393	22289	8	41.73465702366023
SRR10102394	22289	8	42.51341461613408
SRR10070130	22289	9	51.22966464485619
SRR10070131	22289	9	53.45483422560716
SRR10070132	22289	9	28.12206813210073
SRR10070133	22289	9	28.94341954697041
SRR10070134	22289	9	53.12753738608333
SRR10070141	22289	9	31.3741321479327
SRR10070149	22289	9	62.09826116923185
SRR10070150	22289	9	64.08267539990902
SRR10070151	22289	9	63.63386313486945
SRR10102392	22289	9	42.40520378005273
SRR10102393	22289	9	43.00619613784303
SRR10102394	22289	9	42.43232087607249
SRR10070130	22289	10	50.86429211874018
SRR10070131	22289	10	53.95786425145546
SRR10070132	22289	10	28.12206813210073
SRR10070133	22289	10	29.03435915444164
SRR10070134	22289	10	53.45317364511181
SRR10070141	22289	10	31.21533380460659
SRR10070149	22289	10	63.21229220253581
SRR10070150	22289	10	64.30999329704628
SRR10070151	22289	10	62.78919995097785
SRR10102392	22289	10	42.42003189571984
SRR10102393	22289	10	42.74322107769487
SRR10102394	22289	10	42.22269116426692
SRR10070130	22591	1	51.20151356833633
SRR10070131	22591	1	53.66418420698817
SRR10070132	22591	1	28.12206813210073
SRR10070133	22591	1	28.8908654101415
SRR10070134	22591	1	53.01531555309653
SRR10070141	22591	1	31.3741321479327
SRR10070149	22591	1	63.62512042538429
SRR10070150	22591	1	63.98194717233969
SRR10070151	22591	1	62.87855155368558
SRR10102392	22591	1	42.16873159761123
SRR10102393	22591	1	42.89992253154573
SRR10102394	22591	1	42.38486103936663
SRR10070130	22591	2	50.89290561729688
SRR10070131	22591	2	53.98619166615148
SRR10070132	22591	2	28.12206813210073
SRR10070133	22591	2	28.96885385962561
SRR10070134	22591	2	53.65277503125122
SRR10070141	22591	2	31.0675816861338
SRR10070149	22591	2	62.00070602508794
SRR10070150	22591	2	64.15282389475571
SRR10070151	22591	2	63.67721832869105
SRR10102392	22591	2	42.35935017045559
SRR10102393	22591	2	41.66075642777667
SRR10102394	22591	2	42.60606686994065
SRR10070130	22591	3	50.52024363016489
SRR10070131	22591	3	53.65411532189223
SRR10070132	22591	3	28.12206813210073
SRR10070133	22591	3	28.94046420246481
SRR10070134	22591	3	53.42892365992022
SRR10070141	22591	3	30.89076721441894
SRR10070149	22591	3	63.53726759811097
SRR10070150	22591	3	64.42390874734105
SRR10070151	22591	3	63.78106220308792
SRR10102392	22591	3	42.41420004875251
SRR10102393	22591	3	41.59731849990727
SRR10102394	22591	3	42.5852965383288
SRR10070130	22591	4	51.029133527017
SRR10070131	22591	4	52.99149711268466
SRR10070132	22591	4	28.12206813210073
SRR10070133	22591	4	28.95637070495753
SRR10070134	22591	4	53.97889978947801
SRR10070141	22591	4	31.21405306732123
SRR10070149	22591	4	63.35429712992327
SRR10070150	22591	4	63.86631168036678
SRR10070151	22591	4	63.69372080777061
SRR10102392	22591	4	42.37574729588665
SRR10102393	22591	4	42.93339873917218
SRR10102394	22591	4	42.51137293598368
SRR10070130	22591	5	50.84460540472778
SRR10070131	22591	5	53.94588839309493
SRR10070132	22591	5	28.12206813210073
SRR10070133	22591	5	28.81759321099265
SRR10070134	22591	5	53.49083640700263
SRR10070141	22591	5	31.3741321479327
SRR10070149	22591	5	63.48896792789156
SRR10070150	22591	5	64.2459294644168
SRR10070151	22591	5	63.36921268886177
SRR10102392	22591	5	42.35028917747401
SRR10102393	22591	5	43.08768561013791
SRR10102394	22591	5	42.49315754943159
SRR10070130	22591	6	51.07311476575098
SRR10070131	22591	6	53.13079705555195
SRR10070132	22591	6	28.12206813210073
SRR10070133	22591	6	28.84394341932968
SRR10070134	22591	6	53.30302780618187
SRR10070141	22591	6	31.3741321479327
SRR10070149	22591	6	63.32685283621248
SRR10070150	22591	6	64.35471196193787
SRR10070151	22591	6	62.32767992907425
SRR10102392	22591	6	42.55765907164125
SRR10102393	22591	6	42.98348364755449
SRR10102394	22591	6	42.52962540010554
SRR10070130	22591	7	51.86318173533193
SRR10070131	22591	7	53.56287470533507
SRR10070132	22591	7	28.12206813210073
SRR10070133	22591	7	28.75871684767664
SRR10070134	22591	7	53.6476035782589
SRR10070141	22591	7	31.0675816861338
SRR10070149	22591	7	63.59217842460775
SRR10070150	22591	7	64.18014026707806
SRR10070151	22591	7	63.65057218714027
SRR10102392	22591	7	42.32479806043991
SRR10102393	22591	7	42.66268753269625
SRR10102394	22591	7	42.47359071976604
SRR10070130	22591	8	51.44499584874836
SRR10070131	22591	8	53.68657107815591
SRR10070132	22591	8	28.12206813210073
SRR10070133	22591	8	29.03435915444164
SRR10070134	22591	8	53.42918807823894
SRR10070141	22591	8	31.24593544652527
SRR10070149	22591	8	63.38844489995676
SRR10070150	22591	8	64.61279662385311
SRR10070151	22591	8	62.57873577565297
SRR10102392	22591	8	42.35139563996899
SRR10102393	22591	8	43.048017771652
SRR10102394	22591	8	42.4955066148155
SRR10070130	22591	9	50.79103552451244
SRR10070131	22591	9	54.4140601296638
SRR10070132	22591	9	28.12206813210073
SRR10070133	22591	9	29.00884511918879
SRR10070134	22591	9	52.72072081609976
SRR10070141	22591	9	31.03104214125977
SRR10070149	22591	9	61.98942806447457
SRR10070150	22591	9	64.24341383561689
SRR10070151	22591	9	63.7258677283312
SRR10102392	22591	9	42.46474117619648
SRR10102393	22591	9	42.86245995647103
SRR10102394	22591	9	41.41899982749241
SRR10070130	22591	10	50.98403620434812
SRR10070131	22591	10	53.46413400176305
SRR10070132	22591	10	28.12206813210073
SRR10070133	22591	10	29.03435915444164
SRR10070134	22591	10	53.78440872502735
SRR10070141	22591	10	31.07183335436349
SRR10070149	22591	10	61.98530658348754
SRR10070150	22591	10	64.37580117694868
SRR10070151	22591	10	63.59209829987488
SRR10102392	22591	10	42.43454657387771
SRR10102393	22591	10	42.83384462408659
SRR10102394	22591	10	42.19343530423573
SRR10070130	22892	1	51.25633599498076
SRR10070131	22892	1	53.59149955284294
SRR10070132	22892	1	28.12206813210073
SRR10070133	22892	1	29.03435915444164
SRR10070134	22892	1	53.26596337742406
SRR10070141	22892	1	31.05464974319404
SRR10070149	22892	1	63.4092064047378
SRR10070150	22892	1	64.1823394887133
SRR10070151	22892	1	63.57757233664855
SRR10102392	22892	1	42.36488237531587
SRR10102393	22892	1	42.92095460612264
SRR10102394	22892	1	42.33151018260612
SRR10070130	22892	2	51.64432831311245
SRR10070131	22892	2	52.91868233985366
SRR10070132	22892	2	28.12206813210073
SRR10070133	22892	2	29.03435915444164
SRR10070134	22892	2	52.52207841000514
SRR10070141	22892	2	31.3741321479327
SRR10070149	22892	2	62.86215115876104
SRR10070150	22892	2	64.17253343349279
SRR10070151	22892	2	63.44202163883707
SRR10102392	22892	2	42.48873414026305
SRR10102393	22892	2	42.85969306677517
SRR10102394	22892	2	42.50741632702867
SRR10070130	22892	3	51.66106986435017
SRR10070131	22892	3	53.65932820771904
SRR10070132	22892	3	28.12206813210073
SRR10070133	22892	3	28.79156815679183
SRR10070134	22892	3	54.11195528231663
SRR10070141	22892	3	31.2147288238055
SRR10070149	22892	3	63.31350081439296
SRR10070150	22892	3	63.96060553351253
SRR10070151	22892	3	62.86904648480227
SRR10102392	22892	3	42.55768097264195
SRR10102393	22892	3	42.9707873990753
SRR10102394	22892	3	42.42956523773825
SRR10070130	22892	4	51.38074479421608
SRR10070131	22892	4	53.78204183536785
SRR10070132	22892	4	28.12206813210073
SRR10070133	22892	4	29.03435915444164
SRR10070134	22892	4	53.24234986780084
SRR10070141	22892	4	31.29262451728647
SRR10070149	22892	4	61.97887804362403
SRR10070150	22892	4	64.05270849757784
SRR10070151	22892	4	63.70217423116078
SRR10102392	22892	4	42.51623885167494
SRR10102393	22892	4	41.84479479733794
SRR10102394	22892	4	42.42583255646384
SRR10070130	22892	5	51.27667260420396
SRR10070131	22892	5	53.02093412847253
SRR10070132	22892	5	28.12206813210073
SRR10070133	22892	5	28.96885385962561
SRR10070134	22892	5	53.53595792284217
SRR10070141	22892	5	31.24593544652527
SRR10070149	22892	5	62.0991691600269
SRR10070150	22892	5	64.2526005866921
SRR10070151	22892	5	63.6449380196641
SRR10102392	22892	5	42.4071941970367
SRR10102393	22892	5	42.95983760021564
SRR10102394	22892	5	41.30014522689963
SRR10070130	22892	6	51.07906532047894
SRR10070131	22892	6	53.89576502300653
SRR10070132	22892	6	28.12206813210073
SRR10070133	22892	6	28.99108241513489
SRR10070134	22892	6	53.76985591744789
SRR10070141	22892	6	30.99032572371727
SRR10070149	22892	6	63.35884678820434
SRR10070150	22892	6	64.01514252485316
SRR10070151	22892	6	63.67157240699266
SRR10102392	22892	6	42.45923292750224
SRR10102393	22892	6	42.85255365053953
SRR10102394	22892	6	41.31477537288087
SRR10070130	22892	7	51.53529501176206
SRR10070131	22892	7	53.57721836737095
SRR10070132	22892	7	28.12206813210073
SRR10070133	22892	7	28.96303379575149
SRR10070134	22892	7	53.64996205360382
SRR10070141	22892	7	31.26621417229837
SRR10070149	22892	7	63.47601194844746
SRR10070150	22892	7	63.13736739844163
SRR10070151	22892	7	63.51800030724367
SRR10102392	22892	7	42.51279975214705
SRR10102393	22892	7	42.65889766449047
SRR10102394	22892	7	42.49767435751487
SRR10070130	22892	8	51.40769207251266
SRR10070131	22892	8	53.4931552864283
SRR10070132	22892	8	28.12206813210073
SRR10070133	22892	8	28.86119813080184
SRR10070134	22892	8	53.28618888490349
SRR10070141	22892	8	31.26621417229837
SRR10070149	22892	8	61.86755165309005
SRR10070150	22892	8	64.33798803966329
SRR10070151	22892	8	63.78414260269604
SRR10102392	22892	8	42.41403226912805
SRR10102393	22892	8	42.85538975624305
SRR10102394	22892	8	42.42748832972354
SRR10070130	22892	9	51.78346019150456
SRR10070131	22892	9	53.44856911700543
SRR10070132	22892	9	28.12206813210073
SRR10070133	22892	9	28.94046420246481
SRR10070134	22892	9	53.64546723498956
SRR10070141	22892	9	31.3741321479327
SRR10070149	22892	9	63.49171177335369
SRR10070150	22892	9	64.38453652425504
SRR10070151	22892	9	63.63808813591842
SRR10102392	22892	9	42.46468174757167
SRR10102393	22892	9	42.97893642737708
SRR10102394	22892	9	41.3824860584246
SRR10070130	22892	10	50.68011534231602
SRR10070131	22892	10	53.08514691099037
SRR10070132	22892	10	28.12206813210073
SRR10070133	22892	10	29.03435915444164
SRR10070134	22892	10	53.45001916713416
SRR10070141	22892	10	31.3741321479327
SRR10070149	22892	10	61.97621371901765
SRR10070150	22892	10	64.04828044850576
SRR10070151	22892	10	63.58502058614507
SRR10102392	22892	10	42.36333712350309
SRR10102393	22892	10	43.02797606374885
SRR10102394	22892	10	41.28638907814968
SRR10070130	23193	1	50.5023337649717
SRR10070131	23193	1	53.71403153980246
SRR10070132	23193	1	28.12206813210073
SRR10070133	23193	1	28.8908654101415
SRR10070134	23193	1	52.99233382364451
SRR10070141	23193	1	31.27955096091393
SRR10070149	23193	1	63.36848724484729
SRR10070150	23193	1	64.45607324568391
SRR10070151	23193	1	63.65984372060156
SRR10102392	23193	1	42.38621802579583
SRR10102393	23193	1	42.84355051871326
SRR10102394	23193	1	42.5385586716198
SRR10070130	23193	2	51.43137040183196
SRR10070131	23193	2	53.26547702926535
SRR10070132	23193	2	28.12206813210073
SRR10070133	23193	2	28.78952157909409
SRR10070134	23193	2	53.10328685018215
SRR10070141	23193	2	31.26621417229837
SRR10070149	23193	2	63.3984710168122
SRR10070150	23193	2	64.3737935500203
SRR10070151	23193	2	62.86364940156451
SRR10102392	23193	2	42.47526830920681
SRR10102393	23193	2	43.01933580972192
SRR10102394	23193	2	42.48325522177846
SRR10070130	23193	3	51.4035637127771
SRR10070131	23193	3	53.92479528452593
SRR10070132	23193	3	28.12206813210073
SRR10070133	23193	3	28.83850472669475
SRR10070134	23193	3	54.06457212642177
SRR10070141	23193	3	31.26621417229837
SRR10070149	23193	3	62.18933269825935
SRR10070150	23193	3	64.59172536882528
SRR10070151	23193	3	63.80103235132522
SRR10102392	23193	3	42.48847047748707
SRR10102393	23193	3	42.87764755785403
SRR10102394	23193	3	41.33112988867435
SRR10070130	23193	4	51.14995749998604
SRR10070131	23193	4	53.61364562030274
SRR10070132	23193	4	28.12206813210073
SRR10070133	23193	4	28.86393589893023
SRR10070134	23193	4	54.42627060288544
SRR10070141	23193	4	31.3741321479327
SRR10070149	23193	4	62.14629005246967
SRR10070150	23193	4	63.81827036601447
SRR10070151	23193	4	63.67895229961824
SRR10102392	23193	4	42.35172894024141
SRR10102393	23193	4	42.98051624998267
SRR10102394	23193	4	42.46023846012174
SRR10070130	23193	5	51.36011767381689
SRR10070131	23193	5	53.6340066308876
SRR10070132	23193	5	28.12206813210073
SRR10070133	23193	5	28.95637070495753
SRR10070134	23193	5	53.53102774227602
SRR10070141	23193	5	31.32699008187121
SRR10070149	23193	5	61.99760406688147
SRR10070150	23193	5	64.3302121667175
SRR10070151	23193	5	63.56369630141524
SRR10102392	23193	5	42.30998134971448
SRR10102393	23193	5	42.81213495441541
SRR10102394	23193	5	41.31471759653289
SRR10070130	23193	6	51.22866539818584
SRR10070131	23193	6	53.23533003544637
SRR10070132	23193	6	28.12206813210073
SRR10070133	23193	6	29.00884511918879
SRR10070134	23193	6	53.52182089022699
SRR10070141	23193	6	31.07183335436349
SRR10070149	23193	6	63.32744978219556
SRR10070150	23193	6	64.3365898632428
SRR10070151	23193	6	63.76926357018051
SRR10102392	23193	6	42.31228976496347
SRR10102393	23193	6	42.94715323948118
SRR10102394	23193	6	42.44014748548722
SRR10070130	23193	7	50.24752837761882
SRR10070131	23193	7	52.90306306458884
SRR10070132	23193	7	28.12206813210073
SRR10070133	23193	7	28.98593904803745
SRR10070134	23193	7	53.76799681925661
SRR10070141	23193	7	31.3741321479327
SRR10070149	23193	7	62.06793422720807
SRR10070150	23193	7	64.34973733995997
SRR10070151	23193	7	63.78495871890437
SRR10102392	23193	7	42.51170690680586
SRR10102393	23193	7	42.7060908745968
SRR10102394	23193	7	42.43900746889046
SRR10070130	23193	8	51.64155113806594
SRR10070131	23193	8	53.9330639700717
SRR10070132	23193	8	28.12206813210073
SRR10070133	23193	8	28.83812335545555
SRR10070134	23193	8	53.66282553945536
SRR10070141	23193	8	30.63708619115716
SRR10070149	23193	8	61.76061406570658
SRR10070150	23193	8	64.3693860113966
SRR10070151	23193	8	62.90108605716479
SRR10102392	23193	8	42.29680414626888
SRR10102393	23193	8	41.69379161133491
SRR10102394	23193	8	42.36886134991296
SRR10070130	23193	9	51.4527022377962
SRR10070131	23193	9	53.35512422841486
SRR10070132	23193	9	28.12206813210073
SRR10070133	23193	9	28.8908654101415
SRR10070134	23193	9	53.82914191547782
SRR10070141	23193	9	31.24593544652527
SRR10070149	23193	9	63.51947090812313
SRR10070150	23193	9	64.60082599329598
SRR10070151	23193	9	63.15863206771424
SRR10102392	23193	9	42.46856053473159
SRR10102393	23193	9	43.02925421446499
SRR10102394	23193	9	41.46854474618667
SRR10070130	23193	10	50.320027952136
SRR10070131	23193	10	53.50642124028148
SRR10070132	23193	10	28.12206813210073
SRR10070133	23193	10	28.92944119374626
SRR10070134	23193	10	53.63619255649718
SRR10070141	23193	10	31.3741321479327
SRR10070149	23193	10	62.17430885580539
SRR10070150	23193	10	63.8467911844591
SRR10070151	23193	10	63.85020096342301
SRR10102392	23193	10	42.37013305371359
SRR10102393	23193	10	42.95569074721944
SRR10102394	23193	10	41.29521527364489
SRR10070130	23494	1	51.50134598189732
SRR10070131	23494	1	53.38950230861989
SRR10070133	23494	1	28.74437058825164
SRR10070134	23494	1	53.45497173019397
SRR10070141	23494	1	30.95966371049946
SRR10070149	23494	1	62.21398442288341
SRR10070150	23494	1	64.15567342489794
SRR10070151	23494	1	63.63535578418624
SRR10102392	23494	1	42.32546980723711
SRR10102393	23494	1	42.83843963160117
SRR10102394	23494	1	42.4679961139591
SRR10070130	23494	2	51.15882122475421
SRR10070131	23494	2	53.83242035493803
SRR10070133	23494	2	29.02696425436183
SRR10070134	23494	2	53.83788173665976
SRR10070141	23494	2	30.96222200145786
SRR10070149	23494	2	63.22719454709726
SRR10070150	23494	2	64.29755633075678
SRR10070151	23494	2	63.80794799337264
SRR10102392	23494	2	42.38706612467497
SRR10102393	23494	2	42.9715939113864
SRR10102394	23494	2	42.54437565154149
SRR10070130	23494	3	51.87636588122221
SRR10070131	23494	3	53.19774956872769
SRR10070133	23494	3	28.95637070495753
SRR10070134	23494	3	53.66412769633792
SRR10070141	23494	3	31.3741321479327
SRR10070149	23494	3	63.50594709419811
SRR10070150	23494	3	64.21674391366378
SRR10070151	23494	3	63.47742962020671
SRR10102392	23494	3	42.31311206144012
SRR10102393	23494	3	42.78351809368538
SRR10102394	23494	3	42.54409707188238
SRR10070130	23494	4	51.04842289753266
SRR10070131	23494	4	53.17942227890227
SRR10070133	23494	4	29.03435915444164
SRR10070134	23494	4	53.9799703718663
SRR10070141	23494	4	31.31842372467583
SRR10070149	23494	4	61.76866543144279
SRR10070150	23494	4	64.32317836020218
SRR10070151	23494	4	63.72450814824652
SRR10102392	23494	4	42.43079935872659
SRR10102393	23494	4	41.95024653381487
SRR10102394	23494	4	42.4164485523092
SRR10070130	23494	5	51.34562082747126
SRR10070131	23494	5	53.4433579766329
SRR10070133	23494	5	28.90600217900369
SRR10070134	23494	5	53.31992143535627
SRR10070141	23494	5	31.3741321479327
SRR10070149	23494	5	62.10022330449134
SRR10070150	23494	5	64.59196965892755
SRR10070151	23494	5	63.48757059741867
SRR10102392	23494	5	41.15106162926971
SRR10102393	23494	5	42.95717905797002
SRR10102394	23494	5	41.41557512306245
SRR10070130	23494	6	51.77127833569771
SRR10070131	23494	6	53.59117858729649
SRR10070133	23494	6	28.94341954697041
SRR10070134	23494	6	53.44577590995794
SRR10070141	23494	6	31.26621417229837
SRR10070149	23494	6	61.77853080050259
SRR10070150	23494	6	64.3088068348701
SRR10070151	23494	6	63.8059188971306
SRR10102392	23494	6	42.5045019269149
SRR10102393	23494	6	43.02565953761156
SRR10102394	23494	6	42.4755898550116
SRR10070130	23494	7	50.12656005500582
SRR10070131	23494	7	53.19431799960654
SRR10070133	23494	7	28.83332517240206
SRR10070134	23494	7	53.59664960936516
SRR10070141	23494	7	31.01187326287692
SRR10070149	23494	7	62.1038186026592
SRR10070150	23494	7	64.68069459982053
SRR10070151	23494	7	63.62157833259653
SRR10102392	23494	7	42.44953310848065
SRR10102393	23494	7	42.7411860419431
SRR10102394	23494	7	42.35396838411322
SRR10070130	23494	8	51.56032356326698
SRR10070131	23494	8	53.60025531113713
SRR10070133	23494	8	28.8908654101415
SRR10070134	23494	8	53.68815004911035
SRR10070141	23494	8	31.3741321479327
SRR10070149	23494	8	63.53880370945836
SRR10070150	23494	8	64.347765895257
SRR10070151	23494	8	63.80452025830846
SRR10102392	23494	8	42.26854453839334
SRR10102393	23494	8	43.08720410916081
SRR10102394	23494	8	41.31827883273002
SRR10070130	23494	9	51.52678882427971
SRR10070131	23494	9	53.69939019216307
SRR10070133	23494	9	29.03435915444164
SRR10070134	23494	9	53.5387128112289
SRR10070141	23494	9	31.3209854838795
SRR10070149	23494	9	63.517312117762
SRR10070150	23494	9	64.20584077733645
SRR10070151	23494	9	63.51277526838926
SRR10102392	23494	9	42.36124329684965
SRR10102393	23494	9	41.64761565215827
SRR10102394	23494	9	41.40490632354851
SRR10070130	23494	10	50.6450031562021
SRR10070131	23494	10	53.11202836655644
SRR10070133	23494	10	29.03435915444164
SRR10070134	23494	10	53.53898099096124
SRR10070141	23494	10	30.96391537872916
SRR10070149	23494	10	63.12560696541617
SRR10070150	23494	10	64.43820467423484
SRR10070151	23494	10	63.67694080363248
SRR10102392	23494	10	42.39247515410968
SRR10102393	23494	10	42.67977600821111
SRR10102394	23494	10	42.47275155912718
SRR10070130	23795	1	51.73896140423129
SRR10070131	23795	1	54.25657563004846
SRR10070133	23795	1	29.03435915444164
SRR10070134	23795	1	54.07176821054647
SRR10070141	23795	1	30.98467821546564
SRR10070149	23795	1	63.44027287584895
SRR10070150	23795	1	64.48497013282571
SRR10070151	23795	1	62.86164463623528
SRR10102392	23795	1	42.49158291445777
SRR10102393	23795	1	43.00499600577105
SRR10102394	23795	1	42.29126117392077
SRR10070130	23795	2	51.40942089578714
SRR10070131	23795	2	53.94047162612172
SRR10070133	23795	2	28.97384349132075
SRR10070134	23795	2	53.60242079672036
SRR10070141	23795	2	31.3741321479327
SRR10070149	23795	2	63.34287168309378
SRR10070150	23795	2	64.17777638598182
SRR10070151	23795	2	63.63849498902098
SRR10102392	23795	2	42.55768097864195
SRR10102393	23795	2	42.96798489239815
SRR10102394	23795	2	42.46607615708127
SRR10070130	23795	3	51.28191771375834
SRR10070131	23795	3	53.08440075881425
SRR10070133	23795	3	28.96885385962561
SRR10070134	23795	3	54.12234295488782
SRR10070141	23795	3	31.26621417229837
SRR10070149	23795	3	62.11579220348209
SRR10070150	23795	3	64.66523084272467
SRR10070151	23795	3	63.86201621834289
SRR10102392	23795	3	42.44953310848065
SRR10102393	23795	3	41.7776457376015
SRR10102394	23795	3	41.40685353278752
SRR10070130	23795	4	51.53793982828613
SRR10070131	23795	4	53.76137085834372
SRR10070133	23795	4	28.95457441584325
SRR10070134	23795	4	53.5366544979136
SRR10070141	23795	4	31.3741321479327
SRR10070149	23795	4	63.53098609487932
SRR10070150	23795	4	64.30725778029137
SRR10070151	23795	4	63.60047259423983
SRR10102392	23795	4	42.32488059762837
SRR10102393	23795	4	42.88154979489561
SRR10102394	23795	4	41.35320020899744
SRR10070130	23795	5	51.19925014470471
SRR10070131	23795	5	53.97399880319346
SRR10070133	23795	5	29.03435915444164
SRR10070134	23795	5	53.51794536945404
SRR10070141	23795	5	31.3741321479327
SRR10070149	23795	5	62.26371656802654
SRR10070150	23795	5	64.27920034173712
SRR10070151	23795	5	63.78934126217019
SRR10102392	23795	5	42.48791898248449
SRR10102393	23795	5	42.93457334625352
SRR10102394	23795	5	42.31331894153482
SRR10070130	23795	6	51.60818701893548
SRR10070131	23795	6	53.68778250425446
SRR10070133	23795	6	28.90563679839723
SRR10070134	23795	6	53.1730180397617
SRR10070141	23795	6	31.3741321479327
SRR10070149	23795	6	62.07795954846948
SRR10070150	23795	6	64.4328525380215
SRR10070151	23795	6	62.91106988033381
SRR10102392	23795	6	42.33810599913552
SRR10102393	23795	6	41.81939053346222
SRR10102394	23795	6	41.3213862352037
SRR10070130	23795	7	51.11993304661824
SRR10070131	23795	7	53.76700526895205
SRR10070133	23795	7	28.99108241513489
SRR10070134	23795	7	53.45842868576626
SRR10070141	23795	7	31.10681084817117
SRR10070149	23795	7	63.18848047349888
SRR10070150	23795	7	64.35732725821974
SRR10070151	23795	7	62.85226984564316
SRR10102392	23795	7	42.43017079353304
SRR10102393	23795	7	43.00706584341761
SRR10102394	23795	7	42.38164998162171
SRR10070130	23795	8	50.04213304834087
SRR10070131	23795	8	53.73804038368609
SRR10070133	23795	8	28.98743716362982
SRR10070134	23795	8	54.05070550062563
SRR10070141	23795	8	31.0675816861338
SRR10070149	23795	8	63.39282588825727
SRR10070150	23795	8	64.4817261180824
SRR10070151	23795	8	63.62562340111572
SRR10102392	23795	8	42.51613445134565
SRR10102393	23795	8	42.85727941282734
SRR10102394	23795	8	42.60606686494067
SRR10070130	23795	9	51.53658052458315
SRR10070131	23795	9	53.6100251894756
SRR10070133	23795	9	28.91570719557241
SRR10070134	23795	9	53.50702395596642
SRR10070141	23795	9	31.26621417229837
SRR10070149	23795	9	63.10745789427596
SRR10070150	23795	9	64.31857695705094
SRR10070151	23795	9	63.61399658592519
SRR10102392	23795	9	42.27193082354935
SRR10102393	23795	9	43.00270880488616
SRR10102394	23795	9	42.36178600079945
SRR10070130	23795	10	51.22527457943193
SRR10070131	23795	10	53.81443180504337
SRR10070133	23795	10	28.9997012626019
SRR10070134	23795	10	53.46641990040543
SRR10070141	23795	10	31.26621417229837
SRR10070149	23795	10	63.05885586890798
SRR10070150	23795	10	64.42457168521196
SRR10070151	23795	10	63.82960183288191
SRR10102392	23795	10	42.53800406420335
SRR10102393	23795	10	43.02073787801716
SRR10102394	23795	10	42.49253917941457
SRR10070130	24097	1	51.93661181505416
SRR10070131	24097	1	53.18903206113472
SRR10070133	24097	1	28.92944119374626
SRR10070134	24097	1	53.56391061136135
SRR10070141	24097	1	31.2147288238055
SRR10070149	24097	1	63.57261763957495
SRR10070150	24097	1	64.41732637491616
SRR10070151	24097	1	63.86201621834289
SRR10102392	24097	1	42.40512237811193
SRR10102393	24097	1	41.84613789242511
SRR10102394	24097	1	42.47191284494107
SRR10070130	24097	2	51.87398381443461
SRR10070131	24097	2	53.33310712256552
SRR10070133	24097	2	28.94341954697041
SRR10070134	24097	2	53.56754453802579
SRR10070141	24097	2	31.3741321479327
SRR10070149	24097	2	63.61039814704263
SRR10070150	24097	2	64.55623590778396
SRR10070151	24097	2	63.72073338236761
SRR10102392	24097	2	42.55233413140952
SRR10102393	24097	2	42.80586008696766
SRR10102394	24097	2	42.57306415438284
SRR10070130	24097	3	51.70573952963584
SRR10070131	24097	3	53.76743650681663
SRR10070133	24097	3	28.94341954697041
SRR10070134	24097	3	52.68154055502729
SRR10070141	24097	3	31.3741321479327
SRR10070149	24097	3	63.49415162836367
SRR10070150	24097	3	63.18651822566013
SRR10070151	24097	3	63.64967886926707
SRR10102392	24097	3	42.41996273046091
SRR10102393	24097	3	42.99440106001499
SRR10102394	24097	3	41.46854474618667
SRR10070130	24097	4	51.85732876060177
SRR10070131	24097	4	53.11480954125486
SRR10070133	24097	4	29.00884511918879
SRR10070134	24097	4	53.01429929163176
SRR10070141	24097	4	31.3741321479327
SRR10070149	24097	4	63.59951140524053
SRR10070150	24097	4	64.33198987397321
SRR10070151	24097	4	63.68412981855904
SRR10102392	24097	4	42.53347612471983
SRR10102393	24097	4	42.99784664806727
SRR10102394	24097	4	41.40007222573841
SRR10070130	24097	5	51.54214838944142
SRR10070131	24097	5	53.47905064643464
SRR10070133	24097	5	28.76216516751914
SRR10070134	24097	5	53.43983144666419
SRR10070141	24097	5	31.3741321479327
SRR10070149	24097	5	63.37636705223998
SRR10070150	24097	5	64.38310340787119
SRR10070151	24097	5	63.64823270907739
SRR10102392	24097	5	42.28206644310708
SRR10102393	24097	5	43.08379312839879
SRR10102394	24097	5	42.520681305226
SRR10070130	24097	6	51.20633950042064
SRR10070131	24097	6	54.09386561428761
SRR10070133	24097	6	29.00884511918879
SRR10070134	24097	6	53.82120337946441
SRR10070141	24097	6	31.24593544652527
SRR10070149	24097	6	63.6510189080348
SRR10070150	24097	6	64.22026187060237
SRR10070151	24097	6	63.77210418190908
SRR10102392	24097	6	42.37720631141998
SRR10102393	24097	6	41.53485668855663
SRR10102394	24097	6	42.14938240721455
SRR10070130	24097	7	51.78525859646145
SRR10070131	24097	7	53.50815129839086
SRR10070133	24097	7	29.03435915444164
SRR10070134	24097	7	53.49406022517209
SRR10070141	24097	7	31.11446242680615
SRR10070149	24097	7	63.5312865951767
SRR10070150	24097	7	63.80385447743305
SRR10070151	24097	7	63.75734449047696
SRR10102392	24097	7	42.38058627010174
SRR10102393	24097	7	42.93153321041542
SRR10102394	24097	7	41.40756984919066
SRR10070130	24097	8	51.10618244478366
SRR10070131	24097	8	53.62136443961855
SRR10070133	24097	8	28.90795059855334
SRR10070134	24097	8	53.75117447544801
SRR10070141	24097	8	31.26621417229837
SRR10070149	24097	8	63.46635216325807
SRR10070150	24097	8	64.19231914340475
SRR10070151	24097	8	62.72750914379948
SRR10102392	24097	8	42.50297602565691
SRR10102393	24097	8	42.98979138731894
SRR10102394	24097	8	42.53444005027047
SRR10070130	24097	9	51.47305017179576
SRR10070131	24097	9	53.04715568364111
SRR10070133	24097	9	29.03435915444164
SRR10070134	24097	9	53.50020389819703
SRR10070141	24097	9	31.3741321479327
SRR10070149	24097	9	63.17544449089621
SRR10070150	24097	9	64.43656920962803
SRR10070151	24097	9	63.78106219808792
SRR10102392	24097	9	42.25388573095986
SRR10102393	24097	9	43.0745536750002
SRR10102394	24097	9	42.50608545019856
SRR10070130	24097	10	51.61231440847747
SRR10070131	24097	10	53.80682844970337
SRR10070133	24097	10	28.95637070495753
SRR10070134	24097	10	53.59158849616411
SRR10070141	24097	10	31.3741321479327
SRR10070149	24097	10	63.52276368256133
SRR10070150	24097	10	64.61673322856035
SRR10070151	24097	10	62.8382851724523
SRR10102392	24097	10	42.51248841101035
SRR10102393	24097	10	42.9525316578504
SRR10102394	24097	10	42.60606686994065
SRR10070130	24398	1	51.2481704451796
SRR10070131	24398	1	53.96127319556743
SRR10070133	24398	1	28.8908654101415
SRR10070134	24398	1	53.44775269200778
SRR10070141	24398	1	31.3741321479327
SRR10070149	24398	1	63.55660026545802
SRR10070150	24398	1	64.10387117620394
SRR10070151	24398	1	63.63324667103689
SRR10102392	24398	1	42.45492578224942
SRR10102393	24398	1	42.92126352721762
SRR10102394	24398	1	42.38902494534484
SRR10070130	24398	2	51.86351732402807
SRR10070131	24398	2	54.01697338360444
SRR10070133	24398	2	28.77636659260038
SRR10070134	24398	2	53.67686237468024
SRR10070141	24398	2	31.3741321479327
SRR10070149	24398	2	63.63070452937091
SRR10070150	24398	2	64.62520652934745
SRR10070151	24398	2	63.7680153701116
SRR10102392	24398	2	42.33014965974577
SRR10102393	24398	2	42.9532564733811
SRR10102394	24398	2	42.52626370908326
SRR10070130	24398	3	51.41863473671945
SRR10070131	24398	3	53.9457643660737
SRR10070133	24398	3	28.95637070495753
SRR10070134	24398	3	53.70684098811809
SRR10070141	24398	3	31.07183335436349
SRR10070149	24398	3	63.39315498948263
SRR10070150	24398	3	64.02222906676889
SRR10070151	24398	3	63.79391766081785
SRR10102392	24398	3	42.55768097864195
SRR10102393	24398	3	43.02925421446499
SRR10102394	24398	3	42.58169939557775
SRR10070130	24398	4	51.66791488213472
SRR10070131	24398	4	53.83127176435867
SRR10070133	24398	4	28.8908654101415
SRR10070134	24398	4	53.84319678116346
SRR10070141	24398	4	31.26009739615916
SRR10070149	24398	4	63.35814353535238
SRR10070150	24398	4	64.5460830739043
SRR10070151	24398	4	63.83896301114101
SRR10102392	24398	4	42.48873414026305
SRR10102393	24398	4	41.65804297765658
SRR10102394	24398	4	42.57832904755701
SRR10070130	24398	5	51.44282931409663
SRR10070131	24398	5	53.30442242074849
SRR10070133	24398	5	29.03435915444164
SRR10070134	24398	5	53.67943892691812
SRR10070141	24398	5	31.3741321479327
SRR10070149	24398	5	63.52034389765168
SRR10070150	24398	5	64.53203268367633
SRR10070151	24398	5	62.96917446722497
SRR10102392	24398	5	42.48389516604796
SRR10102393	24398	5	42.69622579365906
SRR10102394	24398	5	42.55520459487666
SRR10070130	24398	6	51.57240542866747
SRR10070131	24398	6	53.9327201732746
SRR10070133	24398	6	29.02853909056752
SRR10070134	24398	6	53.11288695835224
SRR10070141	24398	6	31.3741321479327
SRR10070149	24398	6	63.59520571657622
SRR10070150	24398	6	64.52958073858008
SRR10070151	24398	6	62.77355354697906
SRR10102392	24398	6	42.3760035105209
SRR10102393	24398	6	42.81755585262501
SRR10102394	24398	6	42.54349439628054
SRR10070130	24398	7	51.71307570503671
SRR10070131	24398	7	53.18921003362247
SRR10070133	24398	7	28.94333982437276
SRR10070134	24398	7	53.99529340307089
SRR10070141	24398	7	31.3741321479327
SRR10070149	24398	7	61.99404934458726
SRR10070150	24398	7	64.44354390604258
SRR10070151	24398	7	63.39709946978368
SRR10102392	24398	7	42.53842526321962
SRR10102393	24398	7	42.96506776309629
SRR10102394	24398	7	42.52308433691724
SRR10070130	24398	8	51.53726466156188
SRR10070131	24398	8	53.6478899996748
SRR10070133	24398	8	28.8908654101415
SRR10070134	24398	8	53.85447891054082
SRR10070141	24398	8	31.0675816861338
SRR10070149	24398	8	62.00131155960553
SRR10070150	24398	8	64.4069548130019
SRR10070151	24398	8	62.85186561078986
SRR10102392	24398	8	42.25982324671783
SRR10102393	24398	8	43.10478797831389
SRR10102394	24398	8	42.34686094000569
SRR10070130	24398	9	51.62418385378663
SRR10070131	24398	9	53.2492521867585
SRR10070133	24398	9	29.03435915444164
SRR10070134	24398	9	53.48820384381573
SRR10070141	24398	9	31.3741321479327
SRR10070149	24398	9	63.39102080001901
SRR10070150	24398	9	64.50239409524784
SRR10070151	24398	9	63.71961450632762
SRR10102392	24398	9	42.33291941122003
SRR10102393	24398	9	41.81354440129302
SRR10102394	24398	9	42.59537753872205
SRR10070130	24398	10	51.73350794176338
SRR10070131	24398	10	53.83688817219426
SRR10070133	24398	10	28.95637070495753
SRR10070134	24398	10	53.88948295641792
SRR10070141	24398	10	31.23372712632483
SRR10070149	24398	10	62.18860264566898
SRR10070150	24398	10	64.05721026643135
SRR10070151	24398	10	63.82436450440537
SRR10102392	24398	10	42.48740807102725
SRR10102393	24398	10	41.6544201258564
SRR10102394	24398	10	42.57306415438284
SRR10070130	24699	1	51.07985277595697
SRR10070131	24699	1	54.21313157525927
SRR10070133	24699	1	28.95637070495753
SRR10070134	24699	1	53.86358096115617
SRR10070141	24699	1	31.3741321479327
SRR10070149	24699	1	62.02197869777159
SRR10070150	24699	1	64.70964099904359
SRR10070151	24699	1	63.66121511403572
SRR10102392	24699	1	42.47133246037841
SRR10102393	24699	1	42.9286460984492
SRR10102394	24699	1	41.20052649001229
SRR10070130	24699	2	50.54633281129178
SRR10070131	24699	2	53.79091950821082
SRR10070133	24699	2	28.8654310974863
SRR10070134	24699	2	52.79597743994425
SRR10070141	24699	2	31.3741321479327
SRR10070149	24699	2	62.10989507219925
SRR10070150	24699	2	63.90216811997652
SRR10070151	24699	2	63.61851306746934
SRR10102392	24699	2	42.25411784075983
SRR10102393	24699	2	42.94065545520802
SRR10102394	24699	2	41.25472486987348
SRR10070130	24699	3	51.3785693161725
SRR10070131	24699	3	53.69481759507532
SRR10070133	24699	3	28.95637070495753
SRR10070134	24699	3	53.82685470101883
SRR10070141	24699	3	31.3741321479327
SRR10070149	24699	3	62.25197642717681
SRR10070150	24699	3	64.16277357349009
SRR10070151	24699	3	62.9984109574939
SRR10102392	24699	3	42.40463040801548
SRR10102393	24699	3	42.99854221530196
SRR10102394	24699	3	42.58952467180421
SRR10070130	24699	4	51.43505411939823
SRR10070131	24699	4	53.48836576811362
SRR10070133	24699	4	28.8908654101415
SRR10070134	24699	4	54.08474902980709
SRR10070141	24699	4	31.3741321479327
SRR10070149	24699	4	63.4203324237867
SRR10070150	24699	4	64.54681957572427
SRR10070151	24699	4	63.6684712545025
SRR10102392	24699	4	42.54497693185547
SRR10102393	24699	4	42.99070712327894
SRR10102394	24699	4	42.38875807020447
SRR10070130	24699	5	51.85401909243772
SRR10070131	24699	5	53.70415905642647
SRR10070133	24699	5	29.03435915444164
SRR10070134	24699	5	54.17441844855067
SRR10070141	24699	5	31.24593544652527
SRR10070149	24699	5	62.0762003201729
SRR10070150	24699	5	64.41034266603947
SRR10070151	24699	5	62.84212007429552
SRR10102392	24699	5	42.55768097864195
SRR10102393	24699	5	43.0035732155368
SRR10102394	24699	5	41.23786520984955
SRR10070130	24699	6	51.06687831838623
SRR10070131	24699	6	53.84677839943532
SRR10070133	24699	6	29.03435915444164
SRR10070134	24699	6	53.42415782074558
SRR10070141	24699	6	31.3741321479327
SRR10070149	24699	6	63.54839930941517
SRR10070150	24699	6	64.38411933808663
SRR10070151	24699	6	63.4492948122624
SRR10102392	24699	6	42.44953310848065
SRR10102393	24699	6	42.81111926524837
SRR10102394	24699	6	42.30793704688183
SRR10070130	24699	7	51.39112823526034
SRR10070131	24699	7	54.21632116555318
SRR10070133	24699	7	28.94046420246481
SRR10070134	24699	7	53.71680889107267
SRR10070141	24699	7	31.32699008187121
SRR10070149	24699	7	63.46195968836832
SRR10070150	24699	7	64.3579228966946
SRR10070151	24699	7	63.72747673581575
SRR10102392	24699	7	42.44246951976523
SRR10102393	24699	7	42.85084237749626
SRR10102394	24699	7	42.48131435913597
SRR10070130	24699	8	51.80002771135877
SRR10070131	24699	8	53.530761884772
SRR10070133	24699	8	28.95457441584325
SRR10070134	24699	8	53.75738199864045
SRR10070141	24699	8	31.3741321479327
SRR10070149	24699	8	63.28260889012893
SRR10070150	24699	8	64.4485698833114
SRR10070151	24699	8	63.77424301682141
SRR10102392	24699	8	42.34828147278019
SRR10102393	24699	8	41.87534000477693
SRR10102394	24699	8	42.56170279383291
SRR10070130	24699	9	51.40073839038028
SRR10070131	24699	9	53.80147998500818
SRR10070133	24699	9	29.03435915444164
SRR10070134	24699	9	53.36201815263229
SRR10070141	24699	9	31.3741321479327
SRR10070149	24699	9	63.42728986094301
SRR10070150	24699	9	64.54182564066559
SRR10070151	24699	9	62.8593020189855
SRR10102392	24699	9	42.48426090573624
SRR10102393	24699	9	42.99593392140169
SRR10102394	24699	9	42.45893281199603
SRR10070130	24699	10	51.5219455549389
SRR10070131	24699	10	53.60287378797856
SRR10070133	24699	10	28.95637070495753
SRR10070134	24699	10	54.1762971849808
SRR10070141	24699	10	31.3741321479327
SRR10070149	24699	10	63.50272670239496
SRR10070150	24699	10	64.00649630715907
SRR10070151	24699	10	63.60007802033898
SRR10102392	24699	10	42.30465399622769
SRR10102393	24699	10	43.10567807473059
SRR10102394	24699	10	41.41768247112269
SRR10070130	25000	1	51.39116273220395
SRR10070131	25000	1	53.95871129399368
SRR10070133	25000	1	29.03435915444164
SRR10070134	25000	1	53.77279573101892
SRR10070141	25000	1	31.26621417229837
SRR10070149	25000	1	62.17502087985336
SRR10070150	25000	1	64.46437744162813
SRR10070151	25000	1	63.2852597968663
SRR10102392	25000	1	42.53347612471983
SRR10102393	25000	1	42.5852172052669
SRR10102394	25000	1	42.43669512265116
SRR10070130	25000	2	51.17067121908318
SRR10070131	25000	2	54.11815591436082
SRR10070133	25000	2	29.03435915444164
SRR10070134	25000	2	53.77816609982727
SRR10070141	25000	2	31.07183335436349
SRR10070149	25000	2	63.36880466984871
SRR10070150	25000	2	64.22469086451292
SRR10070151	25000	2	63.62849412298051
SRR10102392	25000	2	42.45033696038111
SRR10102393	25000	2	42.95812576354298
SRR10102394	25000	2	42.46976175033121
SRR10070130	25000	3	51.8121581548429
SRR10070131	25000	3	53.72939601587334
SRR10070133	25000	3	29.03435915444164
SRR10070134	25000	3	53.13496662420571
SRR10070141	25000	3	31.3741321479327
SRR10070149	25000	3	63.40577989236618
SRR10070150	25000	3	64.65788126988173
SRR10070151	25000	3	63.74353505087306
SRR10102392	25000	3	42.55768097364196
SRR10102393	25000	3	43.07877005726847
SRR10102394	25000	3	42.52229225672415
SRR10070130	25000	4	50.41802107839732
SRR10070131	25000	4	53.33369975559376
SRR10070133	25000	4	28.95637070495753
SRR10070134	25000	4	53.89561957043817
SRR10070141	25000	4	31.3741321479327
SRR10070149	25000	4	63.49855546632016
SRR10070150	25000	4	64.54057333729997
SRR10070151	25000	4	62.92459734602825
SRR10102392	25000	4	42.55768097864195
SRR10102393	25000	4	42.76626124568222
SRR10102394	25000	4	42.57359364851941
SRR10070130	25000	5	50.76290357652577
SRR10070131	25000	5	53.58765691340426
SRR10070133	25000	5	29.03435915444164
SRR10070134	25000	5	53.71416766495542
SRR10070141	25000	5	31.3741321479327
SRR10070149	25000	5	63.3010727897315
SRR10070150	25000	5	64.52112532298037
SRR10070151	25000	5	63.65563361286286
SRR10102392	25000	5	42.31993578360267
SRR10102393	25000	5	42.91691441028316
SRR10102394	25000	5	42.5443756565415
SRR10070130	25000	6	51.76971899315361
SRR10070131	25000	6	53.8794938786907
SRR10070133	25000	6	28.96192312837696
SRR10070134	25000	6	53.8947347155468
SRR10070141	25000	6	31.3741321479327
SRR10070149	25000	6	63.42523325505021
SRR10070150	25000	6	64.33098536468879
SRR10070151	25000	6	63.82269825656068
SRR10102392	25000	6	42.55765907164125
SRR10102393	25000	6	42.71362862884936
SRR10102394	25000	6	42.54869668001994
SRR10070130	25000	7	51.56825361336348
SRR10070131	25000	7	53.66989121113633
SRR10070133	25000	7	28.96885385962561
SRR10070134	25000	7	53.81238358796435
SRR10070141	25000	7	31.17227629514144
SRR10070149	25000	7	63.59371175688857
SRR10070150	25000	7	64.35264414427637
SRR10070151	25000	7	63.48920926682872
SRR10102392	25000	7	42.37537278593369
SRR10102393	25000	7	42.65116971451156
SRR10102394	25000	7	41.40142927821362
SRR10070130	25000	8	51.36727944813435
SRR10070131	25000	8	53.40859814059434
SRR10070133	25000	8	28.95637070495753
SRR10070134	25000	8	53.24915432624272
SRR10070141	25000	8	31.3741321479327
SRR10070149	25000	8	63.60366501358503
SRR10070150	25000	8	64.59555224259924
SRR10070151	25000	8	63.76250523595481
SRR10102392	25000	8	42.42003189571984
SRR10102393	25000	8	41.86583940006611
SRR10102394	25000	8	42.49182052947213
SRR10070130	25000	9	50.78804691978256
SRR10070131	25000	9	53.24650173715398
SRR10070133	25000	9	28.91729049085878
SRR10070134	25000	9	54.04386000303532
SRR10070141	25000	9	31.26621417229837
SRR10070149	25000	9	63.34463702866042
SRR10070150	25000	9	64.35544076574695
SRR10070151	25000	9	63.6478856323297
SRR10102392	25000	9	42.32355658637091
SRR10102393	25000	9	42.90063713767383
SRR10102394	25000	9	42.60606686994065
SRR10070130	25000	10	51.71794876263123
SRR10070131	25000	10	52.76353766325823
SRR10070133	25000	10	28.83554624176942
SRR10070134	25000	10	53.93149524022926
SRR10070141	25000	10	31.3741321479327
SRR10070149	25000	10	63.56581682597453
SRR10070150	25000	10	64.35704320105559
SRR10070151	25000	10	62.83050760288134
SRR10102392	25000	10	42.43104327886097
SRR10102393	25000	10	42.98888846356359
SRR10102394	25000	10	42.60606686994065
SRR10070130	25301	1	50.74001756373439
SRR10070131	25301	1	53.56842580403524
SRR10070133	25301	1	28.84394341932968
SRR10070134	25301	1	53.86991611132712
SRR10070141	25301	1	31.3741321479327
SRR10070149	25301	1	63.46885254935768
SRR10070150	25301	1	64.29511266744652
SRR10070151	25301	1	62.78876845239655
SRR10102392	25301	1	42.53644277268752
SRR10102393	25301	1	42.76168269347337
SRR10102394	25301	1	42.50896607422835
SRR10070130	25301	2	51.17549839470423
SRR10070131	25301	2	53.79371923023347
SRR10070133	25301	2	28.8908654101415
SRR10070134	25301	2	53.05103277496417
SRR10070141	25301	2	31.3741321479327
SRR10070149	25301	2	63.54094134808684
SRR10070150	25301	2	64.46466252133087
SRR10070151	25301	2	62.8035642493992
SRR10102392	25301	2	42.34350147829242
SRR10102393	25301	2	41.60489348098577
SRR10102394	25301	2	42.40996706231596
SRR10070130	25301	3	50.80801288032792
SRR10070131	25301	3	52.97812975611508
SRR10070133	25301	3	29.02853909056752
SRR10070134	25301	3	53.68244697705133
SRR10070141	25301	3	31.26009739615916
SRR10070149	25301	3	63.51526327223683
SRR10070150	25301	3	64.58839106391952
SRR10070151	25301	3	63.60692357979816
SRR10102392	25301	3	42.33783499789276
SRR10102393	25301	3	43.0026494660653
SRR10102394	25301	3	41.31227545931108
SRR10070130	25301	4	51.28203811314414
SRR10070131	25301	4	53.63168033272592
SRR10070133	25301	4	28.95294735713289
SRR10070134	25301	4	54.38548210267079
SRR10070141	25301	4	31.26621417229837
SRR10070149	25301	4	63.48918077200937
SRR10070150	25301	4	64.56342573808342
SRR10070151	25301	4	63.78106220308792
SRR10102392	25301	4	42.55768097864195
SRR10102393	25301	4	42.98296602253619
SRR10102394	25301	4	41.30572311966318
SRR10070130	25301	5	51.40960205922722
SRR10070131	25301	5	53.09625123972284
SRR10070133	25301	5	29.03435915444164
SRR10070134	25301	5	53.89937745905229
SRR10070141	25301	5	31.3741321479327
SRR10070149	25301	5	63.59402442888523
SRR10070150	25301	5	64.32050584210623
SRR10070151	25301	5	63.86201621834289
SRR10102392	25301	5	42.43185395186739
SRR10102393	25301	5	43.05123071299683
SRR10102394	25301	5	41.26658725076925
SRR10070130	25301	6	51.74732374847633
SRR10070131	25301	6	53.22601781332258
SRR10070133	25301	6	29.03435915444164
SRR10070134	25301	6	53.85873318012198
SRR10070141	25301	6	31.23372712632483
SRR10070149	25301	6	63.44268309396858
SRR10070150	25301	6	64.18475963612855
SRR10070151	25301	6	63.69067424591731
SRR10102392	25301	6	42.54985303079441
SRR10102393	25301	6	42.7143486293318
SRR10102394	25301	6	42.52357306554547
SRR10070130	25301	7	51.79689666464342
SRR10070131	25301	7	53.71269723062486
SRR10070133	25301	7	28.95637070495753
SRR10070134	25301	7	53.46174944882848
SRR10070141	25301	7	31.3741321479327
SRR10070149	25301	7	62.16050291623401
SRR10070150	25301	7	64.53100181761965
SRR10070151	25301	7	63.85382568147134
SRR10102392	25301	7	42.5375073731105
SRR10102393	25301	7	43.0035732155368
SRR10102394	25301	7	42.60606686994065
SRR10070130	25301	8	51.20924327598892
SRR10070131	25301	8	54.19113403831338
SRR10070133	25301	8	28.94046420246481
SRR10070134	25301	8	54.13947397612827
SRR10070141	25301	8	31.07183335436349
SRR10070149	25301	8	63.63078597213307
SRR10070150	25301	8	64.65863571008504
SRR10070151	25301	8	63.62349431662813
SRR10102392	25301	8	42.55768097864195
SRR10102393	25301	8	43.12207016066465
SRR10102394	25301	8	42.43394873328139
SRR10070130	25301	9	51.42220555356591
SRR10070131	25301	9	53.42131391831997
SRR10070133	25301	9	28.95637070495753
SRR10070134	25301	9	53.54098594857842
SRR10070141	25301	9	31.07183335436349
SRR10070149	25301	9	63.39242513409981
SRR10070150	25301	9	64.37612220890549
SRR10070151	25301	9	62.9014786636467
SRR10102392	25301	9	42.52209067062206
SRR10102393	25301	9	42.9714197183313
SRR10102394	25301	9	41.43862261950149
SRR10070130	25301	10	51.90475499447892
SRR10070131	25301	10	54.02852176781947
SRR10070133	25301	10	28.95055064108341
SRR10070134	25301	10	53.82750684724029
SRR10070141	25301	10	31.3741321479327
SRR10070149	25301	10	63.31431240287775
SRR10070150	25301	10	64.62193838385701
SRR10070151	25301	10	62.9984109524939
SRR10102392	25301	10	42.39161734548249
SRR10102393	25301	10	42.9151511863799
SRR10102394	25301	10	42.54753061420849
SRR10070130	25603	1	50.89718397710929
SRR10070131	25603	1	54.21870915278184
SRR10070133	25603	1	28.95637070495753
SRR10070134	25603	1	53.09553460185867
SRR10070141	25603	1	31.3741321479327
SRR10070149	25603	1	63.60358586886132
SRR10070150	25603	1	64.33653630753815
SRR10070151	25603	1	62.90261212797709
SRR10102392	25603	1	42.50062301427098
SRR10102393	25603	1	42.99274893592169
SRR10102394	25603	1	41.29230855174467
SRR10070130	25603	2	51.50703678343091
SRR10070131	25603	2	53.871448622717
SRR10070133	25603	2	28.96885385962561
SRR10070134	25603	2	53.43247554788596
SRR10070141	25603	2	31.3741321479327
SRR10070149	25603	2	63.52182663210834
SRR10070150	25603	2	64.51869720564991
SRR10070151	25603	2	62.80171554114892
SRR10102392	25603	2	42.54836055749759
SRR10102393	25603	2	42.84456506578069
SRR10102394	25603	2	42.55309724681643
SRR10070130	25603	3	51.89096011225591
SRR10070131	25603	3	53.91753159137645
SRR10070133	25603	3	28.95637070495753
SRR10070134	25603	3	53.62233115974686
SRR10070141	25603	3	31.3741321479327
SRR10070149	25603	3	63.45852814314122
SRR10070150	25603	3	64.34824338340968
SRR10070151	25603	3	63.78106219808792
SRR10102392	25603	3	42.36171283838191
SRR10102393	25603	3	43.02925420946499
SRR10102394	25603	3	42.55520459487666
SRR10070130	25603	4	51.58580597855728
SRR10070131	25603	4	54.06974830304596
SRR10070133	25603	4	29.03435915444164
SRR10070134	25603	4	53.42864255698392
SRR10070141	25603	4	31.3741321479327
SRR10070149	25603	4	63.20283046588587
SRR10070150	25603	4	64.57394882252396
SRR10070151	25603	4	63.70257527798635
SRR10102392	25603	4	42.34356532359227
SRR10102393	25603	4	43.06801638469848
SRR10102394	25603	4	42.38079653241665
SRR10070130	25603	5	51.41034498364427
SRR10070131	25603	5	53.94634269109439
SRR10070133	25603	5	29.03435915444164
SRR10070134	25603	5	53.73898154699466
SRR10070141	25603	5	31.21405306732123
SRR10070149	25603	5	63.48797058537888
SRR10070150	25603	5	64.4006442145428
SRR10070151	25603	5	63.50865148647098
SRR10102392	25603	5	42.47112181151017
SRR10102393	25603	5	42.94473501547988
SRR10102394	25603	5	42.60606686994065
SRR10070130	25603	6	51.8137219027103
SRR10070131	25603	6	54.16999422097211
SRR10070133	25603	6	28.95457441584325
SRR10070134	25603	6	53.95488936758786
SRR10070141	25603	6	31.24593544652527
SRR10070149	25603	6	63.6629993280133
SRR10070150	25603	6	64.47982684681028
SRR10070151	25603	6	63.55952073748444
SRR10102392	25603	6	42.55768097864195
SRR10102393	25603	6	41.85909428968965
SRR10102394	25603	6	41.29069993518863
SRR10070130	25603	7	51.53439877628806
SRR10070131	25603	7	53.76888858247752
SRR10070133	25603	7	29.03435915444164
SRR10070134	25603	7	54.1358288448978
SRR10070141	25603	7	31.3741321479327
SRR10070149	25603	7	63.33500715603287
SRR10070150	25603	7	64.34433451429777
SRR10070151	25603	7	63.86201621834289
SRR10102392	25603	7	42.53247723841771
SRR10102393	25603	7	43.02081973149258
SRR10102394	25603	7	42.60606686994065
SRR10070130	25603	8	51.34115648857085
SRR10070131	25603	8	53.31940367026458
SRR10070133	25603	8	28.96885385962561
SRR10070134	25603	8	53.85753667556902
SRR10070141	25603	8	31.3741321479327
SRR10070149	25603	8	62.21613965534776
SRR10070150	25603	8	64.64880523551795
SRR10070151	25603	8	63.70699877860125
SRR10102392	25603	8	42.49848770929232
SRR10102393	25603	8	42.96081133522031
SRR10102394	25603	8	42.54319193064799
SRR10070130	25603	9	51.68450023238073
SRR10070131	25603	9	54.16339691850332
SRR10070133	25603	9	29.00145021910897
SRR10070134	25603	9	54.15602144452034
SRR10070141	25603	9	31.27955096091393
SRR10070149	25603	9	63.08014636618612
SRR10070150	25603	9	62.97599362833264
SRR10070151	25603	9	63.51136567011817
SRR10102392	25603	9	42.44953310848065
SRR10102393	25603	9	42.90182825699386
SRR10102394	25603	9	42.49261176855868
SRR10070130	25603	10	51.73497684270962
SRR10070131	25603	10	53.38136275841013
SRR10070133	25603	10	28.92193186881379
SRR10070134	25603	10	54.08147404789095
SRR10070141	25603	10	31.07183335436349
SRR10070149	25603	10	63.37363156282509
SRR10070150	25603	10	64.4448734849675
SRR10070151	25603	10	63.48711702842367
SRR10102392	25603	10	42.43375036792561
SRR10102393	25603	10	43.12207016066465
SRR10102394	25603	10	42.41820681923634
SRR10070130	25904	1	51.62336777981948
SRR10070131	25904	1	54.28299618989311
SRR10070133	25904	1	28.95637070495753
SRR10070134	25904	1	54.05743811289894
SRR10070141	25904	1	31.07183335436349
SRR10070149	25904	1	63.50782508965057
SRR10070150	25904	1	64.30924126710579
SRR10070151	25904	1	63.70430501606416
SRR10102392	25904	1	42.53247723341772
SRR10102393	25904	1	43.09135816150162
SRR10102394	25904	1	42.49874087611898
SRR10070130	25904	2	51.72427746005813
SRR10070131	25904	2	53.53789506992528
SRR10070133	25904	2	29.03435915444164
SRR10070134	25904	2	53.62946766200817
SRR10070141	25904	2	31.07183335436349
SRR10070149	25904	2	63.49789398632419
SRR10070150	25904	2	64.27737815119866
SRR10070151	25904	2	63.82028227355432
SRR10102392	25904	2	42.36385389589556
SRR10102393	25904	2	43.08739366006854
SRR10102394	25904	2	41.40685353278752
SRR10070130	25904	3	51.61191123135034
SRR10070131	25904	3	53.59301030252116
SRR10070133	25904	3	29.03435915444164
SRR10070134	25904	3	54.1172858045598
SRR10070141	25904	3	31.3741321479327
SRR10070149	25904	3	63.31060410095665
SRR10070150	25904	3	63.92663282046982
SRR10070151	25904	3	62.90117729715065
SRR10102392	25904	3	42.48873414026305
SRR10102393	25904	3	41.717359214648
SRR10102394	25904	3	42.53373278551368
SRR10070130	25904	4	51.46578341996184
SRR10070131	25904	4	53.63046972000363
SRR10070133	25904	4	28.79992580267028
SRR10070134	25904	4	53.80184280049036
SRR10070141	25904	4	31.3741321479327
SRR10070149	25904	4	63.39256739758121
SRR10070150	25904	4	64.7689294043912
SRR10070151	25904	4	63.70148537609015
SRR10102392	25904	4	42.34905748555168
SRR10102393	25904	4	42.81044068016993
SRR10102394	25904	4	41.29971672631439
SRR10070130	25904	5	52.10402877446721
SRR10070131	25904	5	54.20070186245338
SRR10070133	25904	5	28.92944119374626
SRR10070134	25904	5	53.92551433816425
SRR10070141	25904	5	31.3741321479327
SRR10070149	25904	5	63.62690208272242
SRR10070150	25904	5	64.65493930674114
SRR10070151	25904	5	63.78094442430984
SRR10102392	25904	5	42.39247515410968
SRR10102393	25904	5	41.86072357531456
SRR10102394	25904	5	42.48249110243848
SRR10070130	25904	6	51.55965917481928
SRR10070131	25904	6	53.15310301463089
SRR10070133	25904	6	28.95457441584325
SRR10070134	25904	6	54.17448343856823
SRR10070141	25904	6	31.2147288238055
SRR10070149	25904	6	62.10703901018427
SRR10070150	25904	6	64.59565090639353
SRR10070151	25904	6	62.77607167754424
SRR10102392	25904	6	42.44418625624822
SRR10102393	25904	6	42.84562060614186
SRR10102394	25904	6	41.40685352778752
SRR10070130	25904	7	51.24454066896698
SRR10070131	25904	7	54.24102187330917
SRR10070133	25904	7	28.92944119374626
SRR10070134	25904	7	53.78383340276651
SRR10070141	25904	7	31.3741321479327
SRR10070149	25904	7	63.39996495112131
SRR10070150	25904	7	64.28728207405493
SRR10070151	25904	7	63.72980299647998
SRR10102392	25904	7	42.41444041938372
SRR10102393	25904	7	42.82642061260346
SRR10102394	25904	7	42.60606686994065
SRR10070130	25904	8	51.97360611515006
SRR10070131	25904	8	53.85166273580015
SRR10070133	25904	8	28.95637070495753
SRR10070134	25904	8	53.82972137825311
SRR10070141	25904	8	31.3741321479327
SRR10070149	25904	8	63.51683688747862
SRR10070150	25904	8	64.24104877980966
SRR10070151	25904	8	63.69605775478517
SRR10102392	25904	8	42.48791897748449
SRR10102393	25904	8	42.76289725685429
SRR10102394	25904	8	42.5640385694765
SRR10070130	25904	9	50.64759207259281
SRR10070131	25904	9	53.80636687922868
SRR10070133	25904	9	29.03435915444164
SRR10070134	25904	9	53.91904218749137
SRR10070141	25904	9	31.32325178024092
SRR10070149	25904	9	63.48336044677699
SRR10070150	25904	9	64.6286581272243
SRR10070151	25904	9	63.56542455856789
SRR10102392	25904	9	42.46436666590013
SRR10102393	25904	9	43.00939829563659
SRR10102394	25904	9	42.50435761049955
SRR10070130	25904	10	51.49948429694166
SRR10070131	25904	10	54.03275595024671
SRR10070133	25904	10	29.03435915444164
SRR10070134	25904	10	53.94937652876581
SRR10070141	25904	10	31.3741321479327
SRR10070149	25904	10	63.48489234447765
SRR10070150	25904	10	64.35041867866947
SRR10070151	25904	10	63.58824652256545
SRR10102392	25904	10	42.43452496008679
SRR10102393	25904	10	42.98186340483895
SRR10102394	25904	10	42.56992295514424
SRR10070130	26205	1	51.61759932322435
SRR10070131	26205	1	53.89049219189535
SRR10070133	26205	1	28.95294735713289
SRR10070134	26205	1	54.21655066385035
SRR10070141	26205	1	31.26621417229837
SRR10070149	26205	1	63.48217864127064
SRR10070150	26205	1	64.39636272711635
SRR10070151	26205	1	63.64034357164156
SRR10102392	26205	1	42.51594703385338
SRR10102393	26205	1	42.98801003416817
SRR10102394	26205	1	42.60606686994065
SRR10070130	26205	2	50.42515316623149
SRR10070131	26205	2	53.89562025119874
SRR10070133	26205	2	28.95637070495753
SRR10070134	26205	2	54.0347461727539
SRR10070141	26205	2	31.3741321479327
SRR10070149	26205	2	63.37705880813586
SRR10070150	26205	2	64.34884554631844
SRR10070151	26205	2	63.61551895816911
SRR10102392	26205	2	42.55768097864195
SRR10102393	26205	2	43.07124907765474
SRR10102394	26205	2	42.55309724681643
SRR10070130	26205	3	51.82044535915013
SRR10070131	26205	3	54.25479935830421
SRR10070133	26205	3	28.95637070495753
SRR10070134	26205	3	53.56961393623256
SRR10070141	26205	3	31.07183335436349
SRR10070149	26205	3	63.47387609482097
SRR10070150	26205	3	64.61431914120749
SRR10070151	26205	3	63.85414903108131
SRR10102392	26205	3	42.39735185014867
SRR10102393	26205	3	42.80030836686429
SRR10102394	26205	3	42.52021549492706
SRR10070130	26205	4	51.7138433579251
SRR10070131	26205	4	53.59561105782249
SRR10070133	26205	4	28.8654310974863
SRR10070134	26205	4	53.68768151591526
SRR10070141	26205	4	31.3741321479327
SRR10070149	26205	4	63.4265725895791
SRR10070150	26205	4	64.73919662199751
SRR10070151	26205	4	63.83687599059295
SRR10102392	26205	4	42.34785631226107
SRR10102393	26205	4	43.0200310982466
SRR10102394	26205	4	42.30263248681656
SRR10070130	26205	5	51.54425421374737
SRR10070131	26205	5	54.21171305164657
SRR10070133	26205	5	28.95637070495753
SRR10070134	26205	5	53.64121423228391
SRR10070141	26205	5	31.3741321479327
SRR10070149	26205	5	63.44151788301241
SRR10070150	26205	5	64.29583966098562
SRR10070151	26205	5	63.68603987873752
SRR10102392	26205	5	42.23901379594311
SRR10102393	26205	5	42.83877501226899
SRR10102394	26205	5	41.44648207947248
SRR10070130	26205	6	51.23357000764916
SRR10070131	26205	6	53.98207109061393
SRR10070133	26205	6	28.95637070495753
SRR10070134	26205	6	53.8136824653297
SRR10070141	26205	6	31.3741321479327
SRR10070149	26205	6	63.60943628453815
SRR10070150	26205	6	64.55759679044553
SRR10070151	26205	6	63.57630884889614
SRR10102392	26205	6	42.45759819561347
SRR10102393	26205	6	42.9601708681782
SRR10102394	26205	6	42.33519360913994
SRR10070130	26205	7	51.84509662974272
SRR10070131	26205	7	53.70518508053708
SRR10070133	26205	7	29.03435915444164
SRR10070134	26205	7	53.74923163039831
SRR10070141	26205	7	31.3741321479327
SRR10070149	26205	7	63.50329679601992
SRR10070150	26205	7	64.53787693679169
SRR10070151	26205	7	63.86201621834289
SRR10102392	26205	7	42.36703930408545
SRR10102393	26205	7	42.99513794421156
SRR10102394	26205	7	41.43607152476544
SRR10070130	26205	8	51.70482815610132
SRR10070131	26205	8	53.76197064614373
SRR10070133	26205	8	28.96885385962561
SRR10070134	26205	8	53.42974324847324
SRR10070141	26205	8	31.26621417229837
SRR10070149	26205	8	63.65133556236678
SRR10070150	26205	8	64.46656157293313
SRR10070151	26205	8	63.78106220308792
SRR10102392	26205	8	42.4558564929451
SRR10102393	26205	8	42.89805518647713
SRR10102394	26205	8	41.41822267174357
SRR10070130	26205	9	51.78184216311899
SRR10070131	26205	9	54.23252428837804
SRR10070133	26205	9	28.80928552748994
SRR10070134	26205	9	53.54313312988139
SRR10070141	26205	9	31.3741321479327
SRR10070149	26205	9	63.55635983848179
SRR10070150	26205	9	64.19536940399394
SRR10070151	26205	9	62.79544314821352
SRR10102392	26205	9	42.42675758452818
SRR10102393	26205	9	43.08554117657992
SRR10102394	26205	9	42.34957899748913
SRR10070130	26205	10	52.04068524674038
SRR10070131	26205	10	53.66202877821829
SRR10070133	26205	10	28.85721669199303
SRR10070134	26205	10	53.80681402471708
SRR10070141	26205	10	31.3741321479327
SRR10070149	26205	10	63.64312444292295
SRR10070150	26205	10	64.54933096033477
SRR10070151	26205	10	63.86201621834289
SRR10102392	26205	10	42.48563648966804
SRR10102393	26205	10	41.60692215877418
SRR10102394	26205	10	42.55533997006346
SRR10070130	26506	1	50.57896142829667
SRR10070131	26506	1	53.64165736513294
SRR10070133	26506	1	29.03435915444164
SRR10070134	26506	1	53.51421470035901
SRR10070141	26506	1	31.3741321479327
SRR10070149	26506	1	62.09079939897343
SRR10070150	26506	1	64.06994488167533
SRR10070151	26506	1	62.65637971703064
SRR10102392	26506	1	42.55768097864195
SRR10102393	26506	1	43.06709995280768
SRR10102394	26506	1	41.46854474618667
SRR10070130	26506	2	51.57374743786768
SRR10070131	26506	2	53.82144862885803
SRR10070133	26506	2	29.03435915444164
SRR10070134	26506	2	53.82858172772433
SRR10070141	26506	2	30.96391537872916
SRR10070149	26506	2	63.36995319552777
SRR10070150	26506	2	64.46974406671319
SRR10070151	26506	2	63.67721957932327
SRR10102392	26506	2	42.50062302427098
SRR10102393	26506	2	42.96741782557157
SRR10102394	26506	2	42.35386618764239
SRR10070130	26506	3	51.09221795452887
SRR10070131	26506	3	54.43168603035944
SRR10070133	26506	3	28.89649755615859
SRR10070134	26506	3	53.97823023607361
SRR10070141	26506	3	31.26621417229837
SRR10070149	26506	3	62.3348933940491
SRR10070150	26506	3	64.5811530744071
SRR10070151	26506	3	63.50283641982925
SRR10102392	26506	3	42.32407981073335
SRR10102393	26506	3	43.0399122531764
SRR10102394	26506	3	42.50823174174509
SRR10070130	26506	4	51.8847420445539
SRR10070131	26506	4	54.01901225187087
SRR10070133	26506	4	28.98593904803745
SRR10070134	26506	4	53.96448655056628
SRR10070141	26506	4	31.3741321479327
SRR10070149	26506	4	62.09825695843607
SRR10070150	26506	4	64.5463742907213
SRR10070151	26506	4	63.604613736366
SRR10102392	26506	4	42.5122998349528
SRR10102393	26506	4	43.04393530703898
SRR10102394	26506	4	42.60606686994065
SRR10070130	26506	5	51.22268039493468
SRR10070131	26506	5	54.22695336326919
SRR10070133	26506	5	29.02853909056752
SRR10070134	26506	5	54.41309592275512
SRR10070141	26506	5	31.3741321479327
SRR10070149	26506	5	63.58116937407458
SRR10070150	26506	5	64.48251976510346
SRR10070151	26506	5	63.79206496276993
SRR10102392	26506	5	42.47541928404674
SRR10102393	26506	5	43.08465776566233
SRR10102394	26506	5	41.46854474118667
SRR10070130	26506	6	51.75851719330642
SRR10070131	26506	6	53.82252573668691
SRR10070133	26506	6	28.95637070495753
SRR10070134	26506	6	52.9334651289845
SRR10070141	26506	6	31.3741321479327
SRR10070149	26506	6	62.1540319414547
SRR10070150	26506	6	63.19028951339262
SRR10070151	26506	6	62.95667701270533
SRR10102392	26506	6	42.34729471822932
SRR10102393	26506	6	42.95268952471021
SRR10102394	26506	6	42.60606686994065
SRR10070130	26506	7	51.33785541664817
SRR10070131	26506	7	53.79754627571416
SRR10070133	26506	7	28.96885385962561
SRR10070134	26506	7	53.96748387321583
SRR10070141	26506	7	31.3741321479327
SRR10070149	26506	7	63.52569138423705
SRR10070150	26506	7	64.48138094193962
SRR10070151	26506	7	63.79092771640389
SRR10102392	26506	7	42.32390094500007
SRR10102393	26506	7	43.05134463004585
SRR10102394	26506	7	42.57479763626684
SRR10070130	26506	8	51.87545637104306
SRR10070131	26506	8	53.94761829195988
SRR10070133	26506	8	29.03435915444164
SRR10070134	26506	8	53.91903200447902
SRR10070141	26506	8	30.96391537872916
SRR10070149	26506	8	63.41035108737123
SRR10070150	26506	8	64.09744405293566
SRR10070151	26506	8	63.83278987053883
SRR10102392	26506	8	42.36552685019412
SRR10102393	26506	8	43.01218230809833
SRR10102394	26506	8	42.51838819905748
SRR10070130	26506	9	51.70816650363383
SRR10070131	26506	9	53.95298272208513
SRR10070133	26506	9	28.99108241513489
SRR10070134	26506	9	54.24863244702916
SRR10070141	26506	9	31.23372712632483
SRR10070149	26506	9	63.51982907057094
SRR10070150	26506	9	64.56591812399984
SRR10070151	26506	9	63.81487845685434
SRR10102392	26506	9	42.28477760949023
SRR10102393	26506	9	43.06476971038434
SRR10102394	26506	9	42.48739648135012
SRR10070130	26506	10	51.59278157031621
SRR10070131	26506	10	53.6412062788111
SRR10070133	26506	10	28.95637070495753
SRR10070134	26506	10	53.9914585344119
SRR10070141	26506	10	31.13801747089093
SRR10070149	26506	10	63.56609901205802
SRR10070150	26506	10	64.07224611304537
SRR10070151	26506	10	63.74492893843081
SRR10102392	26506	10	42.4096828207533
SRR10102393	26506	10	43.06698150650415
SRR10102394	26506	10	42.40822974897089
SRR10070130	26807	1	51.53568374746362
SRR10070131	26807	1	53.88426244993087
SRR10070133	26807	1	28.8908654101415
SRR10070134	26807	1	53.66292417478862
SRR10070141	26807	1	31.3741321479327
SRR10070149	26807	1	63.54078977965104
SRR10070150	26807	1	64.236551250638
SRR10070151	26807	1	62.51958654364672
SRR10102392	26807	1	42.40207784084335
SRR10102393	26807	1	43.04793800376292
SRR10102394	26807	1	42.5051354788207
SRR10070130	26807	2	52.00192440119098
SRR10070131	26807	2	53.80256630747662
SRR10070133	26807	2	28.96885385962561
SRR10070134	26807	2	54.0944277520453
SRR10070141	26807	2	31.26621417229837
SRR10070149	26807	2	63.4389994371711
SRR10070150	26807	2	64.39267335257449
SRR10070151	26807	2	63.81519927512955
SRR10102392	26807	2	42.54164668472215
SRR10102393	26807	2	43.07872977081503
SRR10102394	26807	2	42.49554392196803
SRR10070130	26807	3	51.85107781254453
SRR10070131	26807	3	53.66240940285126
SRR10070133	26807	3	28.95637070495753
SRR10070134	26807	3	52.89320319028094
SRR10070141	26807	3	31.3741321479327
SRR10070149	26807	3	63.51740444104353
SRR10070150	26807	3	64.42359008844778
SRR10070151	26807	3	63.71757427531515
SRR10102392	26807	3	42.43167618089208
SRR10102393	26807	3	41.83150602234467
SRR10102394	26807	3	42.46877950025596
SRR10070130	26807	4	51.88863141466389
SRR10070131	26807	4	54.43227622366592
SRR10070133	26807	4	28.95457441584325
SRR10070134	26807	4	53.51908216430786
SRR10070141	26807	4	31.24593544652527
SRR10070149	26807	4	63.51000026244145
SRR10070150	26807	4	64.17686890782625
SRR10070151	26807	4	63.86201621834289
SRR10102392	26807	4	42.50062302427098
SRR10102393	26807	4	42.95624289542253
SRR10102394	26807	4	41.37218420803185
SRR10070130	26807	5	51.27482701332316
SRR10070131	26807	5	54.11452735820988
SRR10070133	26807	5	28.8908654101415
SRR10070134	26807	5	53.69891504869894
SRR10070141	26807	5	31.26621417229837
SRR10070149	26807	5	62.26329733596354
SRR10070150	26807	5	64.38680948195814
SRR10070151	26807	5	63.65717310747232
SRR10102392	26807	5	42.43601504081592
SRR10102393	26807	5	42.92153625746074
SRR10102394	26807	5	42.45654539567983
SRR10070130	26807	6	51.87875008273516
SRR10070131	26807	6	53.92614162130243
SRR10070133	26807	6	28.88024716321389
SRR10070134	26807	6	53.88319089883919
SRR10070141	26807	6	31.07183335436349
SRR10070149	26807	6	62.07961804783262
SRR10070150	26807	6	64.47605744047166
SRR10070151	26807	6	63.79356977458333
SRR10102392	26807	6	42.44953310348065
SRR10102393	26807	6	43.02655950348641
SRR10102394	26807	6	42.57306415438284
SRR10070130	26807	7	51.1022012547033
SRR10070131	26807	7	54.33652668446505
SRR10070133	26807	7	28.94341954697041
SRR10070134	26807	7	53.10619127783914
SRR10070141	26807	7	31.3741321479327
SRR10070149	26807	7	63.40689463612789
SRR10070150	26807	7	64.55772964488551
SRR10070151	26807	7	63.69853992816162
SRR10102392	26807	7	42.55768097864195
SRR10102393	26807	7	43.12207016066465
SRR10102394	26807	7	42.47459648517765
SRR10070130	26807	8	51.8803055907378
SRR10070131	26807	8	53.89605211687356
SRR10070133	26807	8	28.88393467889285
SRR10070134	26807	8	54.00180256986365
SRR10070141	26807	8	31.3741321479327
SRR10070149	26807	8	63.63076976665462
SRR10070150	26807	8	64.55861902674496
SRR10070151	26807	8	63.58942205439315
SRR10102392	26807	8	42.29611630932625
SRR10102393	26807	8	42.9590501129621
SRR10102394	26807	8	42.51137294098368
SRR10070130	26807	9	50.76042936598078
SRR10070131	26807	9	53.51413374265738
SRR10070133	26807	9	28.96885385962561
SRR10070134	26807	9	53.35156350737418
SRR10070141	26807	9	31.3741321479327
SRR10070149	26807	9	63.43552518906358
SRR10070150	26807	9	64.2648500489986
SRR10070151	26807	9	63.74235252371399
SRR10102392	26807	9	42.34223263696619
SRR10102393	26807	9	43.07980110400173
SRR10102394	26807	9	41.39992760996903
SRR10070130	26807	10	51.36165122023321
SRR10070131	26807	10	54.2090170751346
SRR10070133	26807	10	28.87791425215439
SRR10070134	26807	10	54.59579563347375
SRR10070141	26807	10	31.26621417229837
SRR10070149	26807	10	63.56312407590735
SRR10070150	26807	10	63.89511586441494
SRR10070151	26807	10	63.6217919221158
SRR10102392	26807	10	42.53368949072167
SRR10102393	26807	10	41.94567168966686
SRR10102394	26807	10	42.59014056287338
SRR10070130	27109	1	50.63838024548142
SRR10070131	27109	1	54.32676015379572
SRR10070133	27109	1	29.03435915444164
SRR10070134	27109	1	53.67248178089829
SRR10070141	27109	1	31.3741321479327
SRR10070149	27109	1	63.31870789990926
SRR10070150	27109	1	64.22398001672536
SRR10070151	27109	1	63.59761664572392
SRR10102392	27109	1	42.43165427889137
SRR10102393	27109	1	42.99239658933881
SRR10102394	27109	1	42.60024988501896
SRR10070130	27109	2	51.43025222694389
SRR10070131	27109	2	53.78453444603115
SRR10070133	27109	2	28.89540711939345
SRR10070134	27109	2	53.92635476760198
SRR10070141	27109	2	31.3741321479327
SRR10070149	27109	2	63.64123768151903
SRR10070150	27109	2	64.67214616359979
SRR10070151	27109	2	63.73487784793942
SRR10102392	27109	2	42.50117451927356
SRR10102393	27109	2	42.90777104264063
SRR10102394	27109	2	42.5292685426735
SRR10070130	27109	3	51.94650311772237
SRR10070131	27109	3	53.56654076837206
SRR10070133	27109	3	29.03435915444164
SRR10070134	27109	3	54.1027571417191
SRR10070141	27109	3	31.3741321479327
SRR10070149	27109	3	63.57044256084764
SRR10070150	27109	3	64.65814657015562
SRR10070151	27109	3	63.74331349399973
SRR10102392	27109	3	42.44953310848065
SRR10102393	27109	3	42.99222389675494
SRR10102394	27109	3	42.55599775388469
SRR10070130	27109	4	51.54158546500365
SRR10070131	27109	4	54.05896205849908
SRR10070133	27109	4	29.03435915444164
SRR10070134	27109	4	53.821895007682
SRR10070141	27109	4	31.07183335436349
SRR10070149	27109	4	63.49222965762305
SRR10070150	27109	4	64.18721061823726
SRR10070151	27109	4	63.86201621834289
SRR10102392	27109	4	42.47269984634325
SRR10102393	27109	4	42.89436518340309
SRR10102394	27109	4	42.52000818217858
SRR10070130	27109	5	51.3661256073404
SRR10070131	27109	5	53.53803837381627
SRR10070133	27109	5	28.83463751284764
SRR10070134	27109	5	53.73558863115357
SRR10070141	27109	5	31.3741321479327
SRR10070149	27109	5	63.58438631219024
SRR10070150	27109	5	64.58086996264592
SRR10070151	27109	5	63.73113772142779
SRR10102392	27109	5	42.44295705468245
SRR10102393	27109	5	42.85046818023485
SRR10102394	27109	5	41.46854474618667
SRR10070130	27109	6	50.98070605475912
SRR10070131	27109	6	54.27248196884952
SRR10070133	27109	6	29.03435915444164
SRR10070134	27109	6	53.5750906207586
SRR10070141	27109	6	31.3741321479327
SRR10070149	27109	6	63.54136440951542
SRR10070150	27109	6	64.53676485568121
SRR10070151	27109	6	63.75384020861339
SRR10102392	27109	6	42.55768097864195
SRR10102393	27109	6	42.87027989978028
SRR10102394	27109	6	42.57306415438284
SRR10070130	27109	7	51.88590526806768
SRR10070131	27109	7	54.0252183120661
SRR10070133	27109	7	28.90322404090433
SRR10070134	27109	7	53.88028276377338
SRR10070141	27109	7	31.26621417229837
SRR10070149	27109	7	63.6629993280133
SRR10070150	27109	7	64.34224701411858
SRR10070151	27109	7	63.77204251927424
SRR10102392	27109	7	42.54269444403901
SRR10102393	27109	7	42.92033658011874
SRR10102394	27109	7	42.60024988001897
SRR10070130	27109	8	51.55530369006554
SRR10070131	27109	8	53.85115676931654
SRR10070133	27109	8	29.03435915444164
SRR10070134	27109	8	53.93918639563816
SRR10070141	27109	8	31.3741321479327
SRR10070149	27109	8	63.6629993280133
SRR10070150	27109	8	64.66396243376494
SRR10070151	27109	8	62.9984109574939
SRR10102392	27109	8	42.55768097864195
SRR10102393	27109	8	42.97104245386954
SRR10102394	27109	8	42.54288289546599
SRR10070130	27109	9	51.95509888422201
SRR10070131	27109	9	53.9144582585452
SRR10070133	27109	9	29.03435915444164
SRR10070134	27109	9	53.55027754718652
SRR10070141	27109	9	31.3741321479327
SRR10070149	27109	9	62.29939458125442
SRR10070150	27109	9	64.6331406863286
SRR10070151	27109	9	63.81875004699795
SRR10102392	27109	9	42.50062302427098
SRR10102393	27109	9	42.88467650043835
SRR10102394	27109	9	41.38174876141932
SRR10070130	27109	10	51.22512238984586
SRR10070131	27109	10	54.60176073840901
SRR10070133	27109	10	28.98362524788134
SRR10070134	27109	10	54.24824463441379
SRR10070141	27109	10	31.3741321479327
SRR10070149	27109	10	63.36746261120128
SRR10070150	27109	10	64.33390006115496
SRR10070151	27109	10	63.7608559393334
SRR10102392	27109	10	42.55768097864195
SRR10102393	27109	10	41.74807121381103
SRR10102394	27109	10	42.60606686994065
SRR10070130	27410	1	51.71854722224633
SRR10070131	27410	1	54.0171845543567
SRR10070133	27410	1	28.87658596635914
SRR10070134	27410	1	54.34430376442941
SRR10070141	27410	1	31.21405306732123
SRR10070149	27410	1	62.29939458125442
SRR10070150	27410	1	64.51871795610481
SRR10070151	27410	1	62.90747135002267
SRR10102392	27410	1	42.46709183961936
SRR10102393	27410	1	43.09135816150162
SRR10102394	27410	1	41.424812810521
SRR10070130	27410	2	51.81009000975285
SRR10070131	27410	2	54.25632452499324
SRR10070133	27410	2	29.03435915444164
SRR10070134	27410	2	54.1422393307717
SRR10070141	27410	2	31.3741321479327
SRR10070149	27410	2	63.45619173280129
SRR10070150	27410	2	64.56731455075163
SRR10070151	27410	2	63.86201621834289
SRR10102392	27410	2	42.52674974241957
SRR10102393	27410	2	42.91469882018801
SRR10102394	27410	2	42.57359364851941
SRR10070130	27410	3	51.72340370091376
SRR10070131	27410	3	53.59979284734194
SRR10070133	27410	3	28.87495890764878
SRR10070134	27410	3	53.63687867394508
SRR10070141	27410	3	31.3741321479327
SRR10070149	27410	3	63.55134651043618
SRR10070150	27410	3	64.29022826226264
SRR10070151	27410	3	63.7826305596168
SRR10102392	27410	3	42.40854662770137
SRR10102393	27410	3	43.00230591054943
SRR10102394	27410	3	41.29783866102446
SRR10070130	27410	4	51.42117706575198
SRR10070131	27410	4	53.8849757587266
SRR10070133	27410	4	28.8908654101415
SRR10070134	27410	4	53.71647260078788
SRR10070141	27410	4	31.07183335436349
SRR10070149	27410	4	63.41941835244351
SRR10070150	27410	4	64.41775840842001
SRR10070151	27410	4	63.68805198147994
SRR10102392	27410	4	42.52953212635323
SRR10102393	27410	4	43.10565616772989
SRR10102394	27410	4	42.53010814115037
SRR10070130	27410	5	51.71476553815994
SRR10070131	27410	5	54.40047500177369
SRR10070133	27410	5	28.84580832707015
SRR10070134	27410	5	54.16886550878155
SRR10070141	27410	5	31.3741321479327
SRR10070149	27410	5	63.51308186237866
SRR10070150	27410	5	64.39009311487733
SRR10070151	27410	5	63.83829850573193
SRR10102392	27410	5	42.24310869336912
SRR10102393	27410	5	41.86655279084168
SRR10102394	27410	5	42.39989125392965
SRR10070130	27410	6	51.59898395806197
SRR10070131	27410	6	54.25082256784865
SRR10070133	27410	6	28.96885385962561
SRR10070134	27410	6	53.92508141378504
SRR10070141	27410	6	31.3741321479327
SRR10070149	27410	6	63.62750051521861
SRR10070150	27410	6	64.40316891735255
SRR10070151	27410	6	63.86201621834289
SRR10102392	27410	6	42.42003189571984
SRR10102393	27410	6	42.98591382461537
SRR10102394	27410	6	42.53182215839256
SRR10070130	27410	7	51.99863454307886
SRR10070131	27410	7	54.15347878158416
SRR10070133	27410	7	29.03435915444164
SRR10070134	27410	7	53.86342481188802
SRR10070141	27410	7	31.3741321479327
SRR10070149	27410	7	63.60594137364232
SRR10070150	27410	7	64.25613520760629
SRR10070151	27410	7	63.76836434993994
SRR10102392	27410	7	42.26854454339333
SRR10102393	27410	7	43.09094577093425
SRR10102394	27410	7	42.52021549492706
SRR10070130	27410	8	51.81439546034197
SRR10070131	27410	8	53.89504966554568
SRR10070133	27410	8	29.03435915444164
SRR10070134	27410	8	53.4371482647581
SRR10070141	27410	8	31.3741321479327
SRR10070149	27410	8	63.45064091266539
SRR10070150	27410	8	64.52196826164567
SRR10070151	27410	8	63.86201621834289
SRR10102392	27410	8	42.55768097864195
SRR10102393	27410	8	43.02479694873843
SRR10102394	27410	8	42.57359364851941
SRR10070130	27410	9	51.82022474769149
SRR10070131	27410	9	54.15710224514098
SRR10070133	27410	9	28.92193186881379
SRR10070134	27410	9	53.50326974018578
SRR10070141	27410	9	31.24593544652527
SRR10070149	27410	9	62.28612577521413
SRR10070150	27410	9	64.58951683017034
SRR10070151	27410	9	63.73363894466411
SRR10102392	27410	9	42.47603009347656
SRR10102393	27410	9	43.05308113523576
SRR10102394	27410	9	42.4211090852237
SRR10070130	27410	10	51.45745540648466
SRR10070131	27410	10	53.29669622262211
SRR10070133	27410	10	28.87791425215439
SRR10070134	27410	10	53.69825029154634
SRR10070141	27410	10	31.3741321479327
SRR10070149	27410	10	63.60594137364232
SRR10070150	27410	10	64.13565281238243
SRR10070151	27410	10	63.86201621834289
SRR10102392	27410	10	42.42263607607886
SRR10102393	27410	10	42.81026625689056
SRR10102394	27410	10	42.60606686994065
SRR10070130	27711	1	51.30010020888988
SRR10070131	27711	1	54.30429583623967
SRR10070133	27711	1	29.03435915444164
SRR10070134	27711	1	54.12583783110946
SRR10070141	27711	1	31.3741321479327
SRR10070149	27711	1	63.56896412037599
SRR10070150	27711	1	64.47713058739737
SRR10070151	27711	1	63.69094167252292
SRR10102392	27711	1	42.39247515410968
SRR10102393	27711	1	43.1047879733139
SRR10102394	27711	1	42.60024988501896
SRR10070130	27711	2	51.74189196648774
SRR10070131	27711	2	53.86922461765548
SRR10070133	27711	2	28.88251920293444
SRR10070134	27711	2	53.69932411619094
SRR10070141	27711	2	31.36327792477756
SRR10070149	27711	2	63.62953425037841
SRR10070150	27711	2	64.30698158762374
SRR10070151	27711	2	62.88064210231637
SRR10102392	27711	2	42.55768097864195
SRR10102393	27711	2	42.97893746730929
SRR10102394	27711	2	42.60606686994065
SRR10070130	27711	3	50.45457553648276
SRR10070131	27711	3	54.27810346475074
SRR10070133	27711	3	29.03435915444164
SRR10070134	27711	3	53.76108373471396
SRR10070141	27711	3	31.26621417229837
SRR10070149	27711	3	63.3719297244882
SRR10070150	27711	3	64.55847727246419
SRR10070151	27711	3	63.68969654406641
SRR10102392	27711	3	42.55768097864195
SRR10102393	27711	3	43.0113360276148
SRR10102394	27711	3	42.39869734681776
SRR10070130	27711	4	51.44297402614735
SRR10070131	27711	4	53.5904425075298
SRR10070133	27711	4	28.95637070495753
SRR10070134	27711	4	53.71986925622075
SRR10070141	27711	4	31.26621417229837
SRR10070149	27711	4	63.61341779285276
SRR10070150	27711	4	64.65493931174115
SRR10070151	27711	4	63.86201621834289
SRR10102392	27711	4	42.43280073427447
SRR10102393	27711	4	43.06141967416558
SRR10102394	27711	4	42.56876176446308
SRR10070130	27711	5	51.68963094967874
SRR10070131	27711	5	53.98048881208727
SRR10070133	27711	5	28.95637070495753
SRR10070134	27711	5	53.68226379298465
SRR10070141	27711	5	31.3741321479327
SRR10070149	27711	5	63.49855546632016
SRR10070150	27711	5	64.45197813231334
SRR10070151	27711	5	63.86201621834289
SRR10102392	27711	5	42.53247723841771
SRR10102393	27711	5	42.93198100253877
SRR10102394	27711	5	42.60606686994065
SRR10070130	27711	6	51.21308445470174
SRR10070131	27711	6	54.27040202891416
SRR10070133	27711	6	29.03435915444164
SRR10070134	27711	6	53.09572798046031
SRR10070141	27711	6	31.3741321479327
SRR10070149	27711	6	62.12429084793835
SRR10070150	27711	6	64.27278734017
SRR10070151	27711	6	63.86201621834289
SRR10102392	27711	6	42.55768097864195
SRR10102393	27711	6	43.09135816150162
SRR10102394	27711	6	42.5443756565415
SRR10070130	27711	7	51.43022578272615
SRR10070131	27711	7	54.20230344857172
SRR10070133	27711	7	29.03435915444164
SRR10070134	27711	7	54.16452864996841
SRR10070141	27711	7	31.07183335436349
SRR10070149	27711	7	63.64589695983732
SRR10070150	27711	7	64.41275074130812
SRR10070151	27711	7	63.73968095412819
SRR10102392	27711	7	42.46353040003881
SRR10102393	27711	7	43.02925421446499
SRR10102394	27711	7	42.55309724681643
SRR10070130	27711	8	51.73492734080758
SRR10070131	27711	8	53.83925797575835
SRR10070133	27711	8	28.95637070495753
SRR10070134	27711	8	53.94144375875344
SRR10070141	27711	8	30.96391537872916
SRR10070149	27711	8	63.57688702494192
SRR10070150	27711	8	64.45489785559312
SRR10070151	27711	8	63.78106220308792
SRR10102392	27711	8	42.44953310848065
SRR10102393	27711	8	43.08959693924341
SRR10102394	27711	8	42.51257121413578
SRR10070130	27711	9	51.52889928377811
SRR10070131	27711	9	53.98702853754125
SRR10070133	27711	9	28.98362524788134
SRR10070134	27711	9	54.26644548765365
SRR10070141	27711	9	31.3741321479327
SRR10070149	27711	9	63.51180514730799
SRR10070150	27711	9	64.76533888042741
SRR10070151	27711	9	63.74148848150026
SRR10102392	27711	9	42.53247723841771
SRR10102393	27711	9	41.94695582773355
SRR10102394	27711	9	42.58607788048317
SRR10070130	27711	10	52.02317013036917
SRR10070131	27711	10	54.53398763190106
SRR10070133	27711	10	28.87710463329456
SRR10070134	27711	10	53.04316695253113
SRR10070141	27711	10	31.3741321479327
SRR10070149	27711	10	63.5387956088146
SRR10070150	27711	10	64.57968139527202
SRR10070151	27711	10	63.77107661087167
SRR10102392	27711	10	42.51175824107334
SRR10102393	27711	10	43.01916312795881
SRR10102394	27711	10	42.53670376436418
SRR10070130	28012	1	52.02310103799794
SRR10070131	28012	1	53.60793494188309
SRR10070133	28012	1	29.03435915444164
SRR10070134	28012	1	53.56292331187035
SRR10070141	28012	1	31.3741321479327
SRR10070149	28012	1	63.58733818286264
SRR10070150	28012	1	64.50802614540402
SRR10070151	28012	1	63.73806970063698
SRR10102392	28012	1	42.4772589720945
SRR10102393	28012	1	43.00230591054943
SRR10102394	28012	1	42.51190243512026
SRR10070130	28012	2	50.72776457544062
SRR10070131	28012	2	53.22103773133919
SRR10070133	28012	2	29.03435915444164
SRR10070134	28012	2	53.71673699424463
SRR10070141	28012	2	31.3741321479327
SRR10070149	28012	2	63.59803814605975
SRR10070150	28012	2	64.29121121456683
SRR10070151	28012	2	63.8620162133429
SRR10102392	28012	2	42.48563648966804
SRR10102393	28012	2	41.85159257679997
SRR10102394	28012	2	42.60606686994065
SRR10070130	28012	3	51.65545834943298
SRR10070131	28012	3	53.96966393235704
SRR10070133	28012	3	28.95637070495753
SRR10070134	28012	3	53.89962449858757
SRR10070141	28012	3	31.26621417229837
SRR10070149	28012	3	63.5392353110044
SRR10070150	28012	3	64.24095835042954
SRR10070151	28012	3	62.9984109574939
SRR10102392	28012	3	42.47704166473552
SRR10102393	28012	3	42.91566885120052
SRR10102394	28012	3	42.57359364851941
SRR10070130	28012	4	51.9579659126943
SRR10070131	28012	4	53.79689704614774
SRR10070133	28012	4	29.03435915444164
SRR10070134	28012	4	53.83951619625896
SRR10070141	28012	4	31.3741321479327
SRR10070149	28012	4	63.32967765573698
SRR10070150	28012	4	64.62317510229144
SRR10070151	28012	4	63.86201621834289
SRR10102392	28012	4	42.53247723841771
SRR10102393	28012	4	42.99095976524924
SRR10102394	28012	4	42.55309724681643
SRR10070130	28012	5	51.70058054510974
SRR10070131	28012	5	53.82134603243524
SRR10070133	28012	5	28.95637070495753
SRR10070134	28012	5	53.99814510709587
SRR10070141	28012	5	31.3741321479327
SRR10070149	28012	5	63.42321131450289
SRR10070150	28012	5	64.57475316426553
SRR10070151	28012	5	63.62416683379661
SRR10102392	28012	5	42.42003189571984
SRR10102393	28012	5	42.97840928376469
SRR10102394	28012	5	42.60606686994065
SRR10070130	28012	6	51.94403001670251
SRR10070131	28012	6	54.39761812914124
SRR10070133	28012	6	28.8654310974863
SRR10070134	28012	6	54.45649061618487
SRR10070141	28012	6	31.3741321479327
SRR10070149	28012	6	63.62690208272242
SRR10070150	28012	6	64.68738248264253
SRR10070151	28012	6	62.83375800293972
SRR10102392	28012	6	42.54164668472215
SRR10102393	28012	6	43.12207016066465
SRR10102394	28012	6	42.56534907631208
SRR10070130	28012	7	51.53887318893793
SRR10070131	28012	7	54.15271654107691
SRR10070133	28012	7	28.95637070495753
SRR10070134	28012	7	53.34810349166957
SRR10070141	28012	7	31.3741321479327
SRR10070149	28012	7	63.59140326992774
SRR10070150	28012	7	64.34982940899043
SRR10070151	28012	7	63.72903320063006
SRR10102392	28012	7	42.39581386811763
SRR10102393	28012	7	42.96360129546311
SRR10102394	28012	7	42.53553898669411
SRR10070130	28012	8	52.02326099392484
SRR10070131	28012	8	54.13307244958317
SRR10070133	28012	8	28.98743716362982
SRR10070134	28012	8	53.83824621935236
SRR10070141	28012	8	31.3741321479327
SRR10070149	28012	8	63.6629993280133
SRR10070150	28012	8	64.07251633093529
SRR10070151	28012	8	62.87341401619007
SRR10102392	28012	8	42.55768097864195
SRR10102393	28012	8	43.02020650819692
SRR10102394	28012	8	42.58901115171243
SRR10070130	28012	9	51.81479799950142
SRR10070131	28012	9	53.99296834645996
SRR10070133	28012	9	29.03435915444164
SRR10070134	28012	9	53.97473863155803
SRR10070141	28012	9	30.9081783620066
SRR10070149	28012	9	63.6629993230133
SRR10070150	28012	9	64.60404993099928
SRR10070151	28012	9	63.82028227355432
SRR10102392	28012	9	42.44953310848065
SRR10102393	28012	9	42.99854221530196
SRR10102394	28012	9	42.60606686994065
SRR10070130	28012	10	52.12744882334481
SRR10070131	28012	10	54.37208031233362
SRR10070133	28012	10	28.95637070495753
SRR10070134	28012	10	54.18044421062677
SRR10070141	28012	10	31.3741321479327
SRR10070149	28012	10	62.3348933940491
SRR10070150	28012	10	64.67094988440931
SRR10070151	28012	10	63.75275091324102
SRR10102392	28012	10	42.44953310348065
SRR10102393	28012	10	43.01659565672095
SRR10102394	28012	10	42.43489537238707
SRR10070130	28313	1	52.06219714511643
SRR10070131	28313	1	54.33812231062645
SRR10070133	28313	1	29.03435915444164
SRR10070134	28313	1	54.11624330983357
SRR10070141	28313	1	31.3741321479327
SRR10070149	28313	1	63.50854566020126
SRR10070150	28313	1	64.66358570447028
SRR10070151	28313	1	63.86201621834289
SRR10102392	28313	1	42.39247515410968
SRR10102393	28313	1	43.05846875809881
SRR10102394	28313	1	42.59827709281449
SRR10070130	28313	2	51.72988632488521
SRR10070131	28313	2	54.48463325656101
SRR10070133	28313	2	28.8908654101415
SRR10070134	28313	2	54.20210015161184
SRR10070141	28313	2	31.3741321479327
SRR10070149	28313	2	63.47364401482331
SRR10070150	28313	2	64.64090595983856
SRR10070151	28313	2	63.85305819716405
SRR10102392	28313	2	42.55768097864195
SRR10102393	28313	2	42.96524042133179
SRR10102394	28313	2	41.39103694110746
SRR10070130	28313	3	51.48813056463383
SRR10070131	28313	3	54.41372252883351
SRR10070133	28313	3	29.03435915444164
SRR10070134	28313	3	54.20766081482735
SRR10070141	28313	3	31.3741321479327
SRR10070149	28313	3	63.6629993280133
SRR10070150	28313	3	64.38597079897134
SRR10070151	28313	3	62.96599657703293
SRR10102392	28313	3	42.48458873035118
SRR10102393	28313	3	43.02925421446499
SRR10102394	28313	3	42.60606686994065
SRR10070130	28313	4	51.74573940998641
SRR10070131	28313	4	53.55150096991182
SRR10070133	28313	4	28.8908654101415
SRR10070134	28313	4	54.06565826842887
SRR10070141	28313	4	31.3741321479327
SRR10070149	28313	4	63.41943195034104
SRR10070150	28313	4	64.69423207635828
SRR10070151	28313	4	63.79391766081785
SRR10102392	28313	4	42.55768097864195
SRR10102393	28313	4	43.07803873435411
SRR10102394	28313	4	42.60606686994065
SRR10070130	28313	5	51.81318254634505
SRR10070131	28313	5	53.76899362997716
SRR10070133	28313	5	28.94046420246481
SRR10070134	28313	5	54.2508530408014
SRR10070141	28313	5	31.3741321479327
SRR10070149	28313	5	63.51412661166096
SRR10070150	28313	5	64.39320021980518
SRR10070151	28313	5	63.85435607340288
SRR10102392	28313	5	42.55768097864195
SRR10102393	28313	5	43.10478797831389
SRR10102394	28313	5	42.57346688247849
SRR10070130	28313	6	51.52098596624676
SRR10070131	28313	6	53.9809762582843
SRR10070133	28313	6	28.96885385962561
SRR10070134	28313	6	53.46830561969855
SRR10070141	28313	6	31.3741321479327
SRR10070149	28313	6	62.1678590064606
SRR10070150	28313	6	64.48437277199537
SRR10070151	28313	6	63.79123597078246
SRR10102392	28313	6	42.43231627703496
SRR10102393	28313	6	43.07599899635467
SRR10102394	28313	6	42.60606686994065
SRR10070130	28313	7	51.53364474668745
SRR10070131	28313	7	54.27887011714242
SRR10070133	28313	7	29.03435915444164
SRR10070134	28313	7	54.23044096628302
SRR10070141	28313	7	31.3741321479327
SRR10070149	28313	7	63.36789385557341
SRR10070150	28313	7	64.56791595539966
SRR10070151	28313	7	63.78106220308792
SRR10102392	28313	7	42.37926020086594
SRR10102393	28313	7	41.87380142693227
SRR10102394	28313	7	42.58169939557775
SRR10070130	28313	8	50.93871463700896
SRR10070131	28313	8	53.4157355066992
SRR10070133	28313	8	28.87209418828026
SRR10070134	28313	8	53.80391472967218
SRR10070141	28313	8	31.3741321479327
SRR10070149	28313	8	63.50272670239496
SRR10070150	28313	8	64.53923297319398
SRR10070151	28313	8	63.82804650683057
SRR10102392	28313	8	42.53298391142592
SRR10102393	28313	8	42.99054959937867
SRR10102394	28313	8	42.60606686994065
SRR10070130	28313	9	51.55429697751645
SRR10070131	28313	9	54.37084021686658
SRR10070133	28313	9	29.03435915444164
SRR10070134	28313	9	54.35173972786156
SRR10070141	28313	9	31.3741321479327
SRR10070149	28313	9	63.50974126011419
SRR10070150	28313	9	64.6373153035583
SRR10070151	28313	9	62.96599657703293
SRR10102392	28313	9	42.54497693685546
SRR10102393	28313	9	43.10567807473059
SRR10102394	28313	9	42.43753308513767
SRR10070130	28313	10	51.6636443033767
SRR10070131	28313	10	54.1214926359264
SRR10070133	28313	10	29.03435915444164
SRR10070134	28313	10	54.29761792442621
SRR10070141	28313	10	31.3741321479327
SRR10070149	28313	10	63.58883900546634
SRR10070150	28313	10	64.7335658587499
SRR10070151	28313	10	63.49626726526868
SRR10102392	28313	10	42.5263782594978
SRR10102393	28313	10	42.98949807635446
SRR10102394	28313	10	42.60606686994065
SRR10070130	28615	1	52.04925305027972
SRR10070131	28615	1	54.22547694969884
SRR10070133	28615	1	29.03435915444164
SRR10070134	28615	1	54.31156902762921
SRR10070141	28615	1	31.3741321479327
SRR10070149	28615	1	63.46414226831102
SRR10070150	28615	1	64.45059587312699
SRR10070151	28615	1	63.72980299647998
SRR10102392	28615	1	42.4049670583088
SRR10102393	28615	1	42.99854221530196
SRR10102394	28615	1	42.53839482962719
SRR10070130	28615	2	51.75448415711979
SRR10070131	28615	2	53.89278491364874
SRR10070133	28615	2	28.96885385962561
SRR10070134	28615	2	54.3776650358024
SRR10070141	28615	2	31.3741321479327
SRR10070149	28615	2	63.58883900546634
SRR10070150	28615	2	64.34421171807293
SRR10070151	28615	2	62.92754687145454
SRR10102392	28615	2	42.39247515410968
SRR10102393	28615	2	42.87752434131627
SRR10102394	28615	2	42.53426069244374
SRR10070130	28615	3	51.83559962459366
SRR10070131	28615	3	53.70969911270287
SRR10070133	28615	3	29.03435915444164
SRR10070134	28615	3	53.89947331559704
SRR10070141	28615	3	31.3741321479327
SRR10070149	28615	3	63.40270384286696
SRR10070150	28615	3	64.17432263931096
SRR10070151	28615	3	63.78511143479489
SRR10102392	28615	3	42.44953310848065
SRR10102393	28615	3	43.02925421446499
SRR10102394	28615	3	42.23836963148421
SRR10070130	28615	4	50.89924968853119
SRR10070131	28615	4	53.71564899152348
SRR10070133	28615	4	28.87845087409961
SRR10070134	28615	4	53.98388453331171
SRR10070141	28615	4	31.3741321479327
SRR10070149	28615	4	63.3572837272979
SRR10070150	28615	4	64.58612861363054
SRR10070151	28615	4	62.87333813942031
SRR10102392	28615	4	42.51647857131168
SRR10102393	28615	4	43.09365510099384
SRR10102394	28615	4	41.41768247112269
SRR10070130	28615	5	51.09545517857885
SRR10070131	28615	5	54.04474656347501
SRR10070133	28615	5	28.87658596635914
SRR10070134	28615	5	53.90490345999475
SRR10070141	28615	5	31.3741321479327
SRR10070149	28615	5	63.49194250607098
SRR10070150	28615	5	64.40030702297183
SRR10070151	28615	5	63.77204251927424
SRR10102392	28615	5	42.54568795321241
SRR10102393	28615	5	42.94652345715959
SRR10102394	28615	5	42.4423631137666
SRR10070130	28615	6	51.80496869858001
SRR10070131	28615	6	54.25782973900399
SRR10070133	28615	6	28.94046420246481
SRR10070134	28615	6	54.2145593571742
SRR10070141	28615	6	31.3741321479327
SRR10070149	28615	6	63.64589695983732
SRR10070150	28615	6	64.42903036689222
SRR10070151	28615	6	63.6947797542448
SRR10102392	28615	6	42.55768097864195
SRR10102393	28615	6	42.95755385308355
SRR10102394	28615	6	42.5640385694765
SRR10070130	28615	7	51.65866711996021
SRR10070131	28615	7	54.00975633104427
SRR10070133	28615	7	29.03435915444164
SRR10070134	28615	7	54.261675265068
SRR10070141	28615	7	31.21405306732123
SRR10070149	28615	7	63.24699937589752
SRR10070150	28615	7	64.46208033682615
SRR10070151	28615	7	63.78106220308792
SRR10102392	28615	7	42.37542662721099
SRR10102393	28615	7	42.97165972120066
SRR10102394	28615	7	42.54506619241653
SRR10070130	28615	8	51.26485009287251
SRR10070131	28615	8	53.78181263822101
SRR10070133	28615	8	29.01845265194892
SRR10070134	28615	8	54.12773399267206
SRR10070141	28615	8	31.3741321479327
SRR10070149	28615	8	63.60060674955303
SRR10070150	28615	8	64.48023644579183
SRR10070151	28615	8	63.81353726852786
SRR10102392	28615	8	42.39243695812031
SRR10102393	28615	8	42.99854221530196
SRR10102394	28615	8	42.57832904755701
SRR10070130	28615	9	51.30018092336952
SRR10070131	28615	9	53.75709320932139
SRR10070133	28615	9	29.03435915444164
SRR10070134	28615	9	53.65876043364865
SRR10070141	28615	9	31.23372712632483
SRR10070149	28615	9	62.19875269175678
SRR10070150	28615	9	64.58505431581125
SRR10070151	28615	9	63.86201621834289
SRR10102392	28615	9	42.52048421298817
SRR10102393	28615	9	43.00485685965915
SRR10102394	28615	9	42.56777666359772
SRR10070130	28615	10	51.95593742471645
SRR10070131	28615	10	54.21530526520539
SRR10070133	28615	10	28.87710463329456
SRR10070134	28615	10	54.21488546315561
SRR10070141	28615	10	30.96391537872916
SRR10070149	28615	10	63.5387956088146
SRR10070150	28615	10	64.4590001750721
SRR10070151	28615	10	62.9984109574939
SRR10102392	28615	10	42.44953310848065
SRR10102393	28615	10	42.94339906177421
SRR10102394	28615	10	41.46854474618667
SRR10070130	28916	1	51.56436934885095
SRR10070131	28916	1	54.2235585602369
SRR10070133	28916	1	28.95637070495753
SRR10070134	28916	1	53.81435046919844
SRR10070141	28916	1	30.80791196500724
SRR10070149	28916	1	63.49225825422609
SRR10070150	28916	1	64.53331741132382
SRR10070151	28916	1	63.68245940689339
SRR10102392	28916	1	42.53769198418447
SRR10102393	28916	1	42.7752956981312
SRR10102394	28916	1	42.60024988501896
SRR10070130	28916	2	51.78073553256216
SRR10070131	28916	2	53.5857279578884
SRR10070133	28916	2	28.8908654101415
SRR10070134	28916	2	53.91395828549611
SRR10070141	28916	2	31.3741321479327
SRR10070149	28916	2	63.57688702494192
SRR10070150	28916	2	64.45540331788197
SRR10070151	28916	2	63.75252550129188
SRR10102392	28916	2	42.44953310848065
SRR10102393	28916	2	43.00295280732031
SRR10102394	28916	2	42.55309724681643
SRR10070130	28916	3	52.12744882334481
SRR10070131	28916	3	54.22204690751581
SRR10070133	28916	3	29.03435915444164
SRR10070134	28916	3	53.79451142685468
SRR10070141	28916	3	31.3741321479327
SRR10070149	28916	3	63.59076781549657
SRR10070150	28916	3	64.52588970139459
SRR10070151	28916	3	63.86201621834289
SRR10102392	28916	3	42.47272773945436
SRR10102393	28916	3	43.02925421446499
SRR10102394	28916	3	42.53575904890527
SRR10070130	28916	4	51.70899471692508
SRR10070131	28916	4	53.83288309490511
SRR10070133	28916	4	28.8908654101415
SRR10070134	28916	4	53.88445061092948
SRR10070141	28916	4	31.3741321479327
SRR10070149	28916	4	63.52475154006088
SRR10070150	28916	4	64.48153375526726
SRR10070151	28916	4	63.78106220308792
SRR10102392	28916	4	42.3392573040721
SRR10102393	28916	4	43.12207016066465
SRR10102394	28916	4	42.60606686994065
SRR10070130	28916	5	51.37138321220521
SRR10070131	28916	5	54.01539347355337
SRR10070133	28916	5	29.03435915444164
SRR10070134	28916	5	53.48172235823454
SRR10070141	28916	5	31.0675816861338
SRR10070149	28916	5	63.63610556234772
SRR10070150	28916	5	64.55886357761756
SRR10070151	28916	5	63.73932825829935
SRR10102392	28916	5	42.5263782594978
SRR10102393	28916	5	42.92922277699041
SRR10102394	28916	5	42.520535265121
SRR10070130	28916	6	51.86301314578849
SRR10070131	28916	6	53.86300892197971
SRR10070133	28916	6	29.03435915444164
SRR10070134	28916	6	54.31402702916976
SRR10070141	28916	6	31.3741321479327
SRR10070149	28916	6	63.59585356318558
SRR10070150	28916	6	64.31200838573113
SRR10070151	28916	6	63.78106220308792
SRR10102392	28916	6	42.51977319663122
SRR10102393	28916	6	43.06920683776777
SRR10102394	28916	6	42.5904239382558
SRR10070130	28916	7	51.73016837988506
SRR10070131	28916	7	54.29401658289337
SRR10070133	28916	7	28.8908654101415
SRR10070134	28916	7	54.18652941196085
SRR10070141	28916	7	31.3741321479327
SRR10070149	28916	7	63.5387956088146
SRR10070150	28916	7	64.76678168745548
SRR10070151	28916	7	63.86201621834289
SRR10102392	28916	7	42.50062302427098
SRR10102393	28916	7	42.95324861419444
SRR10102394	28916	7	42.5640385694765
SRR10070130	28916	8	51.69259610265259
SRR10070131	28916	8	54.15204291313037
SRR10070133	28916	8	28.91309396565078
SRR10070134	28916	8	53.94564483719626
SRR10070141	28916	8	31.3741321479327
SRR10070149	28916	8	63.62690208272242
SRR10070150	28916	8	64.7689294043912
SRR10070151	28916	8	63.75734449047696
SRR10102392	28916	8	42.49158291445777
SRR10102393	28916	8	42.75696797701467
SRR10102394	28916	8	42.60606686994065
SRR10070130	28916	9	51.79316020006201
SRR10070131	28916	9	54.31450137215628
SRR10070133	28916	9	28.8654310974863
SRR10070134	28916	9	53.78711587816229
SRR10070141	28916	9	31.07183335436349
SRR10070149	28916	9	63.60373653381538
SRR10070150	28916	9	64.64830200945687
SRR10070151	28916	9	63.51998497787964
SRR10102392	28916	9	42.44953310848065
SRR10102393	28916	9	43.08180118687388
SRR10102394	28916	9	41.34013992084878
SRR10070130	28916	10	51.32974656524714
SRR10070131	28916	10	54.29679020447859
SRR10070133	28916	10	28.8654310974863
SRR10070134	28916	10	53.62589074565086
SRR10070141	28916	10	31.3741321479327
SRR10070149	28916	10	63.56984412835145
SRR10070150	28916	10	64.41761158826368
SRR10070151	28916	10	63.86201621834289
SRR10102392	28916	10	42.54164668472215
SRR10102393	28916	10	42.86407131105599
SRR10102394	28916	10	42.59104030616214
SRR10070130	29217	1	51.66988454915229
SRR10070131	29217	1	54.37398017291182
SRR10070133	29217	1	28.95637070495753
SRR10070134	29217	1	54.5480794674051
SRR10070141	29217	1	31.3741321479327
SRR10070149	29217	1	63.57340199758465
SRR10070150	29217	1	64.56281082658637
SRR10070151	29217	1	63.68382854274467
SRR10102392	29217	1	42.55768097864195
SRR10102393	29217	1	43.03736086152431
SRR10102394	29217	1	41.35832589681016
SRR10070130	29217	2	51.43641406394998
SRR10070131	29217	2	54.48512285004452
SRR10070133	29217	2	29.03435915444164
SRR10070134	29217	2	53.67363263599435
SRR10070141	29217	2	31.3741321479327
SRR10070149	29217	2	63.65705316678786
SRR10070150	29217	2	64.41496588028804
SRR10070151	29217	2	63.83687599059295
SRR10102392	29217	2	42.55768097864195
SRR10102393	29217	2	43.00028375778285
SRR10102394	29217	2	42.60606686994065
SRR10070130	29217	3	51.54434333629432
SRR10070131	29217	3	54.42972512531176
SRR10070133	29217	3	28.95055064108341
SRR10070134	29217	3	53.72018531412228
SRR10070141	29217	3	31.26621417229837
SRR10070149	29217	3	63.48149510917419
SRR10070150	29217	3	64.7401826318337
SRR10070151	29217	3	63.5110269517008
SRR10102392	29217	3	42.47541928404674
SRR10102393	29217	3	43.11420403790477
SRR10102394	29217	3	42.52017423174909
SRR10070130	29217	4	50.885563700624
SRR10070131	29217	4	53.88490937638179
SRR10070133	29217	4	29.03435915444164
SRR10070134	29217	4	54.53907923963022
SRR10070141	29217	4	31.3741321479327
SRR10070149	29217	4	63.57825188503767
SRR10070150	29217	4	64.59261387431019
SRR10070151	29217	4	63.86201621834289
SRR10102392	29217	4	42.36727140888544
SRR10102393	29217	4	43.11136513246971
SRR10102394	29217	4	42.5443756565415
SRR10070130	29217	5	52.12830821487699
SRR10070131	29217	5	54.14146752853028
SRR10070133	29217	5	29.03435915444164
SRR10070134	29217	5	54.10137419231216
SRR10070141	29217	5	31.3741321479327
SRR10070149	29217	5	63.6418298834672
SRR10070150	29217	5	64.45197813231334
SRR10070151	29217	5	63.78106220308792
SRR10102392	29217	5	42.55768097864195
SRR10102393	29217	5	43.10478797831389
SRR10102394	29217	5	42.3935260493563
SRR10070130	29217	6	51.78470759530438
SRR10070131	29217	6	54.23586625441871
SRR10070133	29217	6	29.01845265194892
SRR10070134	29217	6	54.24693088707146
SRR10070141	29217	6	31.3741321479327
SRR10070149	29217	6	63.6473773231467
SRR10070150	29217	6	62.9087117968111
SRR10070151	29217	6	63.69012259561669
SRR10102392	29217	6	42.54094860443577
SRR10102393	29217	6	43.02479694873843
SRR10102394	29217	6	42.37501643634966
SRR10070130	29217	7	51.7610392651299
SRR10070131	29217	7	54.16491083742202
SRR10070133	29217	7	28.96885385962561
SRR10070134	29217	7	54.15368766148327
SRR10070141	29217	7	31.3741321479327
SRR10070149	29217	7	63.40531550292211
SRR10070150	29217	7	64.41667701415554
SRR10070151	29217	7	62.96298366492955
SRR10102392	29217	7	42.55768097864195
SRR10102393	29217	7	43.06294310183081
SRR10102394	29217	7	42.60606686994065
SRR10070130	29217	8	51.80285807982544
SRR10070131	29217	8	54.45305586233938
SRR10070133	29217	8	29.03435915444164
SRR10070134	29217	8	53.60543729344955
SRR10070141	29217	8	31.3741321479327
SRR10070149	29217	8	63.55451570675063
SRR10070150	29217	8	64.44180865185172
SRR10070151	29217	8	63.78485498098998
SRR10102392	29217	8	42.35508861285486
SRR10102393	29217	8	43.05435909048471
SRR10102394	29217	8	42.60606686994065
SRR10070130	29217	9	51.71591310976771
SRR10070131	29217	9	54.0459824540964
SRR10070133	29217	9	28.90563679839723
SRR10070134	29217	9	54.40502658769589
SRR10070141	29217	9	31.3741321479327
SRR10070149	29217	9	63.46736560985732
SRR10070150	29217	9	64.33271021786913
SRR10070151	29217	9	63.86201621834289
SRR10102392	29217	9	42.44953310848065
SRR10102393	29217	9	42.81735402774003
SRR10102394	29217	9	42.49402072469457
SRR10070130	29217	10	52.10428735118006
SRR10070131	29217	10	54.41372252883351
SRR10070133	29217	10	28.96885385962561
SRR10070134	29217	10	54.26527834897031
SRR10070141	29217	10	31.3741321479327
SRR10070149	29217	10	63.50974126011419
SRR10070150	29217	10	64.7158211033775
SRR10070151	29217	10	63.75275091324102
SRR10102392	29217	10	42.44953310848065
SRR10102393	29217	10	42.97917990535435
SRR10102394	29217	10	42.60606686994065
SRR10070130	29518	1	51.8883097349153
SRR10070131	29518	1	54.16002506331623
SRR10070133	29518	1	29.03435915444164
SRR10070134	29518	1	54.13817773249792
SRR10070141	29518	1	31.3741321479327
SRR10070149	29518	1	63.56641857677305
SRR10070150	29518	1	64.7689294043912
SRR10070151	29518	1	62.93031240496886
SRR10102392	29518	1	42.3904737785618
SRR10102393	29518	1	43.12207016066465
SRR10102394	29518	1	42.58189127444853
SRR10070130	29518	2	52.02701347511719
SRR10070131	29518	2	54.49784607893869
SRR10070133	29518	2	28.83592245697402
SRR10070134	29518	2	53.96745658654143
SRR10070141	29518	2	31.26621417229837
SRR10070149	29518	2	63.6629993280133
SRR10070150	29518	2	64.68738248264253
SRR10070151	29518	2	63.82914826888692
SRR10102392	29518	2	42.55768097864195
SRR10102393	29518	2	42.98832483400408
SRR10102394	29518	2	41.38086607530352
SRR10070130	29518	3	50.8633432133833
SRR10070131	29518	3	54.22171403176234
SRR10070133	29518	3	29.03435915444164
SRR10070134	29518	3	53.91962535682581
SRR10070141	29518	3	31.24593544652527
SRR10070149	29518	3	63.62750051521861
SRR10070150	29518	3	64.39727644501089
SRR10070151	29518	3	62.9984109574939
SRR10102392	29518	3	42.44953310848065
SRR10102393	29518	3	43.0998610898089
SRR10102394	29518	3	42.46106710508099
SRR10070130	29518	4	51.7567652032489
SRR10070131	29518	4	54.63139552831611
SRR10070133	29518	4	28.97612381182729
SRR10070134	29518	4	53.35433690835823
SRR10070141	29518	4	31.3741321479327
SRR10070149	29518	4	63.59951140524053
SRR10070150	29518	4	64.54161386443138
SRR10070151	29518	4	63.79391766581785
SRR10102392	29518	4	42.42432936825641
SRR10102393	29518	4	43.09870610848817
SRR10102394	29518	4	42.44085847368337
SRR10070130	29518	5	52.05313666541586
SRR10070131	29518	5	54.46848172111398
SRR10070133	29518	5	29.03435915444164
SRR10070134	29518	5	54.24318145439941
SRR10070141	29518	5	31.3741321479327
SRR10070149	29518	5	63.64199100158584
SRR10070150	29518	5	64.48844052590266
SRR10070151	29518	5	63.76766741204296
SRR10102392	29518	5	42.29128440082856
SRR10102393	29518	5	42.95966586805817
SRR10102394	29518	5	42.42984350028201
SRR10070130	29518	6	51.92480585542033
SRR10070131	29518	6	54.2744335567016
SRR10070133	29518	6	29.00884511918879
SRR10070134	29518	6	53.94045274824351
SRR10070141	29518	6	31.3741321479327
SRR10070149	29518	6	63.54084045884365
SRR10070150	29518	6	64.59281345940963
SRR10070151	29518	6	63.75432651173424
SRR10102392	29518	6	42.55768097864195
SRR10102393	29518	6	42.88769348685687
SRR10102394	29518	6	42.47479502975109
SRR10070130	29518	7	51.79904683044999
SRR10070131	29518	7	54.04284618714216
SRR10070133	29518	7	28.91309396565078
SRR10070134	29518	7	53.90315338319959
SRR10070141	29518	7	31.3741321479327
SRR10070149	29518	7	63.35197700492272
SRR10070150	29518	7	64.72381658777431
SRR10070151	29518	7	63.81075701173496
SRR10102392	29518	7	42.54094860443577
SRR10102393	29518	7	42.91558891660471
SRR10102394	29518	7	42.5283413626217
SRR10070130	29518	8	51.89516994478879
SRR10070131	29518	8	53.71671133715629
SRR10070133	29518	8	29.03435915444164
SRR10070134	29518	8	53.98732117420746
SRR10070141	29518	8	31.21533380460659
SRR10070149	29518	8	63.6629993280133
SRR10070150	29518	8	64.41390902427793
SRR10070151	29518	8	63.80802670074157
SRR10102392	29518	8	42.39247515410968
SRR10102393	29518	8	42.99854221530196
SRR10102394	29518	8	42.52521175602084
SRR10070130	29518	9	51.66592748665828
SRR10070131	29518	9	54.09422972984814
SRR10070133	29518	9	29.03435915444164
SRR10070134	29518	9	53.80481801932088
SRR10070141	29518	9	31.3741321479327
SRR10070149	29518	9	63.51339910216915
SRR10070150	29518	9	64.46098359739244
SRR10070151	29518	9	62.9984109574939
SRR10102392	29518	9	42.40409523827687
SRR10102393	29518	9	43.04835453533384
SRR10102394	29518	9	42.60606686994065
SRR10070130	29518	10	51.78752792072008
SRR10070131	29518	10	54.2324737668989
SRR10070133	29518	10	28.95637070495753
SRR10070134	29518	10	54.07566221340419
SRR10070141	29518	10	31.07183335436349
SRR10070149	29518	10	62.29879614875823
SRR10070150	29518	10	64.42452549021527
SRR10070151	29518	10	63.65453507434678
SRR10102392	29518	10	42.462204330803
SRR10102393	29518	10	43.04651148521158
SRR10102394	29518	10	41.34527817486889
SRR10070130	29819	1	52.07766196916457
SRR10070131	29819	1	54.09443906594728
SRR10070133	29819	1	28.95637070495753
SRR10070134	29819	1	54.19232531873024
SRR10070141	29819	1	31.3741321479327
SRR10070149	29819	1	63.58079604503864
SRR10070150	29819	1	64.45122513100341
SRR10070151	29819	1	63.79105592575025
SRR10102392	29819	1	42.28510962226279
SRR10102393	29819	1	43.01321992054519
SRR10102394	29819	1	42.47512840644556
SRR10070130	29819	2	51.98063441605881
SRR10070131	29819	2	54.1727856900446
SRR10070133	29819	2	28.90876165513067
SRR10070134	29819	2	54.08181940045068
SRR10070141	29819	2	31.3741321479327
SRR10070149	29819	2	63.53505293258632
SRR10070150	29819	2	64.67366295605734
SRR10070151	29819	2	63.86201621834289
SRR10102392	29819	2	42.54164668472215
SRR10102393	29819	2	41.96817665078495
SRR10102394	29819	2	42.60606686994065
SRR10070130	29819	3	51.89161889538626
SRR10070131	29819	3	54.20980459334291
SRR10070133	29819	3	28.95637070495753
SRR10070134	29819	3	54.16651656923676
SRR10070141	29819	3	31.0675816861338
SRR10070149	29819	3	63.6473773231467
SRR10070150	29819	3	64.60178648046985
SRR10070151	29819	3	63.86201621834289
SRR10102392	29819	3	42.55768097864195
SRR10102393	29819	3	43.12207016066465
SRR10102394	29819	3	41.43554203062887
SRR10070130	29819	4	51.54995271288315
SRR10070131	29819	4	54.53692983637646
SRR10070133	29819	4	28.95637070495753
SRR10070134	29819	4	53.80680057258326
SRR10070141	29819	4	31.07183335436349
SRR10070149	29819	4	62.21452625167727
SRR10070150	29819	4	64.65361455078073
SRR10070151	29819	4	63.68722227296202
SRR10102392	29819	4	42.55768097864195
SRR10102393	29819	4	42.97893747230929
SRR10102394	29819	4	42.60606686994065
SRR10070130	29819	5	52.05026148136351
SRR10070131	29819	5	54.02679775236377
SRR10070133	29819	5	29.03435915444164
SRR10070134	29819	5	54.07181586393148
SRR10070141	29819	5	31.3741321479327
SRR10070149	29819	5	61.96330654297196
SRR10070150	29819	5	64.43526655360893
SRR10070151	29819	5	63.72980299647998
SRR10102392	29819	5	42.44953310848065
SRR10102393	29819	5	43.09094577093425
SRR10102394	29819	5	42.58560810275008
SRR10070130	29819	6	51.9648229893541
SRR10070131	29819	6	53.59706061963436
SRR10070133	29819	6	29.03435915444164
SRR10070134	29819	6	54.58297805352237
SRR10070141	29819	6	31.3741321479327
SRR10070149	29819	6	63.45268330574321
SRR10070150	29819	6	64.55886357761756
SRR10070151	29819	6	63.86201621834289
SRR10102392	29819	6	42.44953310848065
SRR10102393	29819	6	42.9981298247346
SRR10102394	29819	6	42.58670455999304
SRR10070130	29819	7	51.83047524378161
SRR10070131	29819	7	53.96926688322189
SRR10070133	29819	7	28.98362524788134
SRR10070134	29819	7	54.08318582664237
SRR10070141	29819	7	31.3741321479327
SRR10070149	29819	7	63.55451570675063
SRR10070150	29819	7	64.32849647216335
SRR10070151	29819	7	63.76673007824679
SRR10102392	29819	7	42.43167618589207
SRR10102393	29819	7	43.10567807473059
SRR10102394	29819	7	42.58535302839805
SRR10070130	29819	8	51.7821718445466
SRR10070131	29819	8	53.73018683679605
SRR10070133	29819	8	29.03435915444164
SRR10070134	29819	8	53.77736682832222
SRR10070141	29819	8	31.3741321479327
SRR10070149	29819	8	63.62797608577812
SRR10070150	29819	8	64.53352505406201
SRR10070151	29819	8	63.83829850573193
SRR10102392	29819	8	42.52258828954503
SRR10102393	29819	8	43.09512185674909
SRR10102394	29819	8	42.48721277936925
SRR10070130	29819	9	51.65093179307404
SRR10070131	29819	9	54.01247001427308
SRR10070133	29819	9	29.03435915444164
SRR10070134	29819	9	53.80594250574689
SRR10070141	29819	9	31.3741321479327
SRR10070149	29819	9	63.41992302335274
SRR10070150	29819	9	64.74288915581838
SRR10070151	29819	9	63.86201621834289
SRR10102392	29819	9	42.38058627010174
SRR10102393	29819	9	43.02138809170511
SRR10102394	29819	9	41.46854474618667
SRR10070130	29819	10	51.8883097349153
SRR10070131	29819	10	54.24019467852971
SRR10070133	29819	10	29.03435915444164
SRR10070134	29819	10	54.1193645344207
SRR10070141	29819	10	31.3741321479327
SRR10070149	29819	10	62.313723949503
SRR10070150	29819	10	64.70544148161844
SRR10070151	29819	10	63.86201621834289
SRR10102392	29819	10	42.53347612471983
SRR10102393	29819	10	42.97286121637377
SRR10102394	29819	10	42.48280029862287
SRR10070130	30121	1	51.9565325342537
SRR10070131	30121	1	53.86323002266914
SRR10070133	30121	1	28.94341954697041
SRR10070134	30121	1	53.74000498650464
SRR10070141	30121	1	31.3741321479327
SRR10070149	30121	1	63.4827363079151
SRR10070150	30121	1	64.5711978317222
SRR10070151	30121	1	63.71296365056288
SRR10102392	30121	1	42.44953310348065
SRR10102393	30121	1	42.89002462939176
SRR10102394	30121	1	42.51789785213402
SRR10070130	30121	2	51.4808567461336
SRR10070131	30121	2	54.16785981261254
SRR10070133	30121	2	28.95637070495753
SRR10070134	30121	2	53.71597932748598
SRR10070141	30121	2	31.3741321479327
SRR10070149	30121	2	63.57658691683018
SRR10070150	30121	2	64.14721365896821
SRR10070151	30121	2	63.86201621834289
SRR10102392	30121	2	42.55768097864195
SRR10102393	30121	2	43.08379313439879
SRR10102394	30121	2	42.58901115171243
SRR10070130	30121	3	51.99683078382621
SRR10070131	30121	3	53.87267383078203
SRR10070133	30121	3	29.03435915444164
SRR10070134	30121	3	54.47810270675438
SRR10070141	30121	3	31.3741321479327
SRR10070149	30121	3	63.6629993280133
SRR10070150	30121	3	64.47728163860575
SRR10070151	30121	3	62.80819163713706
SRR10102392	30121	3	42.55768097864195
SRR10102393	30121	3	43.03301053211841
SRR10102394	30121	3	42.60606686994065
SRR10070130	30121	4	51.15587653725053
SRR10070131	30121	4	54.49909911024346
SRR10070133	30121	4	28.958235612698
SRR10070134	30121	4	54.19228038374432
SRR10070141	30121	4	31.3741321479327
SRR10070149	30121	4	63.64589695983732
SRR10070150	30121	4	64.67990821664989
SRR10070151	30121	4	63.86201621834289
SRR10102392	30121	4	42.55768097864195
SRR10102393	30121	4	43.12207016066465
SRR10102394	30121	4	42.60606686494067
SRR10070130	30121	5	51.89994118681755
SRR10070131	30121	5	53.80762479569725
SRR10070133	30121	5	28.95637070495753
SRR10070134	30121	5	53.99220547496093
SRR10070141	30121	5	31.3741321479327
SRR10070149	30121	5	63.6629993280133
SRR10070150	30121	5	64.50545035926461
SRR10070151	30121	5	63.82960183788192
SRR10102392	30121	5	42.55768097864195
SRR10102393	30121	5	43.12207016066465
SRR10102394	30121	5	42.47698580976209
SRR10070130	30121	6	51.62856103381029
SRR10070131	30121	6	53.99202077893286
SRR10070133	30121	6	28.95637070495753
SRR10070134	30121	6	54.19651464654925
SRR10070141	30121	6	31.3741321479327
SRR10070149	30121	6	63.51755271051365
SRR10070150	30121	6	63.01890189853107
SRR10070151	30121	6	63.78106220308792
SRR10102392	30121	6	42.55768097364196
SRR10102393	30121	6	42.99545139595804
SRR10102394	30121	6	42.53426069244374
SRR10070130	30121	7	51.98108003106425
SRR10070131	30121	7	53.36469863703437
SRR10070133	30121	7	29.03435915444164
SRR10070134	30121	7	53.69622258159553
SRR10070141	30121	7	31.3741321479327
SRR10070149	30121	7	62.25228951803579
SRR10070150	30121	7	64.55423621228505
SRR10070151	30121	7	63.78820260687724
SRR10102392	30121	7	42.44953310848065
SRR10102393	30121	7	41.75217195935487
SRR10102394	30121	7	42.60606686994065
SRR10070130	30121	8	52.20136309791813
SRR10070131	30121	8	54.27709089335016
SRR10070133	30121	8	28.96885385962561
SRR10070134	30121	8	54.16519176381741
SRR10070141	30121	8	31.3741321479327
SRR10070149	30121	8	63.58210587200874
SRR10070150	30121	8	64.57482473943219
SRR10070151	30121	8	63.82028227355432
SRR10102392	30121	8	42.53482832127914
SRR10102393	30121	8	43.0746793560386
SRR10102394	30121	8	42.60129472510521
SRR10070130	30121	9	51.81846285778555
SRR10070131	30121	9	54.17480492871457
SRR10070133	30121	9	29.03435915444164
SRR10070134	30121	9	54.03243798165214
SRR10070141	30121	9	31.3741321479327
SRR10070149	30121	9	63.6418298834672
SRR10070150	30121	9	64.68738248264253
SRR10070151	30121	9	62.94109104815972
SRR10102392	30121	9	42.46932030512683
SRR10102393	30121	9	42.95205866042462
SRR10102394	30121	9	42.5443756565415
SRR10070130	30121	10	51.068083849434
SRR10070131	30121	10	54.18140924186648
SRR10070133	30121	10	29.03435915444164
SRR10070134	30121	10	54.17709267333713
SRR10070141	30121	10	31.3741321479327
SRR10070149	30121	10	63.60594137364232
SRR10070150	30121	10	64.15136087856212
SRR10070151	30121	10	63.72477419975434
SRR10102392	30121	10	42.51594703385338
SRR10102393	30121	10	43.01522332671966
SRR10102394	30121	10	42.60606686994065
SRR10070130	30422	1	51.31861529852721
SRR10070131	30422	1	53.88947092624343
SRR10070133	30422	1	29.01845265194892
SRR10070134	30422	1	53.99624183468859
SRR10070141	30422	1	31.3741321479327
SRR10070149	30422	1	63.53188207876223
SRR10070150	30422	1	64.65493931174115
SRR10070151	30422	1	63.78106220308792
SRR10102392	30422	1	42.30639314451106
SRR10102393	30422	1	43.02925421446499
SRR10102394	30422	1	42.60606686994065
SRR10070130	30422	2	51.95952596892128
SRR10070131	30422	2	54.24612792324237
SRR10070133	30422	2	28.94341954697041
SRR10070134	30422	2	54.39235513672214
SRR10070141	30422	2	31.3741321479327
SRR10070149	30422	2	63.6629993280133
SRR10070150	30422	2	64.67875899765477
SRR10070151	30422	2	63.86201621834289
SRR10102392	30422	2	42.44953310848065
SRR10102393	30422	2	43.10567807473059
SRR10102394	30422	2	42.60606686994065
SRR10070130	30422	3	51.74707189113359
SRR10070131	30422	3	54.26919314392924
SRR10070133	30422	3	28.95637070495753
SRR10070134	30422	3	54.1682502449129
SRR10070141	30422	3	31.3741321479327
SRR10070149	30422	3	63.61018190139139
SRR10070150	30422	3	64.533525049062
SRR10070151	30422	3	63.83530455697429
SRR10102392	30422	3	42.54497693685546
SRR10102393	30422	3	43.10567807473059
SRR10102394	30422	3	42.53111949320515
SRR10070130	30422	4	51.77221449748139
SRR10070131	30422	4	54.32160172028428
SRR10070133	30422	4	28.96885385962561
SRR10070134	30422	4	53.92161979389237
SRR10070141	30422	4	31.3741321479327
SRR10070149	30422	4	63.6629993280133
SRR10070150	30422	4	64.2893637183106
SRR10070151	30422	4	63.78106220308792
SRR10102392	30422	4	42.55768097864195
SRR10102393	30422	4	43.10478797831389
SRR10102394	30422	4	42.60606686994065
SRR10070130	30422	5	51.78292420196924
SRR10070131	30422	5	54.00760943153506
SRR10070133	30422	5	28.95637070495753
SRR10070134	30422	5	54.13005669080633
SRR10070141	30422	5	31.3741321479327
SRR10070149	30422	5	63.54245345086956
SRR10070150	30422	5	64.56178952120081
SRR10070151	30422	5	63.86201621834289
SRR10102392	30422	5	42.55768097864195
SRR10102393	30422	5	43.06440985758606
SRR10102394	30422	5	42.60606686994065
SRR10070130	30422	6	51.60659007884208
SRR10070131	30422	6	53.95294892729342
SRR10070133	30422	6	28.92362112987214
SRR10070134	30422	6	53.66539427152475
SRR10070141	30422	6	31.3741321479327
SRR10070149	30422	6	63.57529307508076
SRR10070150	30422	6	64.62691062008798
SRR10070151	30422	6	63.6724830871458
SRR10102392	30422	6	42.55768097864195
SRR10102393	30422	6	43.01735353246269
SRR10102394	30422	6	42.51449365578225
SRR10070130	30422	7	51.90769626670043
SRR10070131	30422	7	54.11104599526355
SRR10070133	30422	7	28.96885385962561
SRR10070134	30422	7	53.72917072770408
SRR10070141	30422	7	31.3741321479327
SRR10070149	30422	7	63.65316745803857
SRR10070150	30422	7	64.39707009652464
SRR10070151	30422	7	63.86201621834289
SRR10102392	30422	7	42.36702785243252
SRR10102393	30422	7	42.99854221530196
SRR10102394	30422	7	41.36234844326611
SRR10070130	30422	8	51.89003652817457
SRR10070131	30422	8	53.80903222260147
SRR10070133	30422	8	29.03435915444164
SRR10070134	30422	8	54.1878466864278
SRR10070141	30422	8	31.07183335436349
SRR10070149	30422	8	63.56703598508897
SRR10070150	30422	8	64.40102908033712
SRR10070151	30422	8	63.72790631149065
SRR10102392	30422	8	42.55768097864195
SRR10102393	30422	8	43.11001580671224
SRR10102394	30422	8	42.45456720925501
SRR10070130	30422	9	51.49652985970839
SRR10070131	30422	9	53.9288293818847
SRR10070133	30422	9	28.95637070495753
SRR10070134	30422	9	53.99865008421926
SRR10070141	30422	9	31.3741321479327
SRR10070149	30422	9	63.63070452937091
SRR10070150	30422	9	64.70749328210786
SRR10070151	30422	9	63.79597503061627
SRR10102392	30422	9	42.52120681127265
SRR10102393	30422	9	43.12207016066465
SRR10102394	30422	9	42.54799248501291
SRR10070130	30422	10	52.01628923292849
SRR10070131	30422	10	53.99702527931854
SRR10070133	30422	10	28.95637070495753
SRR10070134	30422	10	53.98042380154817
SRR10070141	30422	10	31.3741321479327
SRR10070149	30422	10	63.57688702494192
SRR10070150	30422	10	64.44500045403674
SRR10070151	30422	10	63.86201621834289
SRR10102392	30422	10	41.42015885488798
SRR10102393	30422	10	43.12207016066465
SRR10102394	30422	10	42.60606686994065
SRR10070130	30723	1	51.49581600974891
SRR10070131	30723	1	54.34287600404545
SRR10070133	30723	1	28.96885385962561
SRR10070134	30723	1	54.42568917482606
SRR10070141	30723	1	31.3741321479327
SRR10070149	30723	1	62.3348933940491
SRR10070150	30723	1	64.67798979691997
SRR10070151	30723	1	63.75183585028385
SRR10102392	30723	1	42.55768097864195
SRR10102393	30723	1	42.93717537283023
SRR10102394	30723	1	42.56726340800156
SRR10070130	30723	2	51.54703752107564
SRR10070131	30723	2	54.28150498109952
SRR10070133	30723	2	29.03435915444164
SRR10070134	30723	2	54.23923825627173
SRR10070141	30723	2	31.3741321479327
SRR10070149	30723	2	63.59585356318558
SRR10070150	30723	2	64.68074446015947
SRR10070151	30723	2	63.78106220308792
SRR10102392	30723	2	42.55768097864195
SRR10102393	30723	2	43.10567807473059
SRR10102394	30723	2	42.48756992481282
SRR10070130	30723	3	51.79442024725256
SRR10070131	30723	3	54.12667419131807
SRR10070133	30723	3	28.92944119374626
SRR10070134	30723	3	54.04136418058634
SRR10070141	30723	3	31.3741321479327
SRR10070149	30723	3	63.56866084204221
SRR10070150	30723	3	64.7689294043912
SRR10070151	30723	3	63.75314963990923
SRR10102392	30723	3	42.26392459017076
SRR10102393	30723	3	43.02925421446499
SRR10102394	30723	3	41.43607152476544
SRR10070130	30723	4	51.8627050227264
SRR10070131	30723	4	54.15416535747561
SRR10070133	30723	4	29.00884511918879
SRR10070134	30723	4	53.98190225413749
SRR10070141	30723	4	31.3741321479327
SRR10070149	30723	4	63.57282029257322
SRR10070150	30723	4	64.57816934557468
SRR10070151	30723	4	63.86201621834289
SRR10102392	30723	4	42.55768097864195
SRR10102393	30723	4	43.02710757308456
SRR10102394	30723	4	42.52299503832688
SRR10070130	30723	5	52.02161891203831
SRR10070131	30723	5	54.2183200352554
SRR10070133	30723	5	28.98743716362982
SRR10070134	30723	5	54.03267683557095
SRR10070141	30723	5	31.32325178024092
SRR10070149	30723	5	63.6629993280133
SRR10070150	30723	5	64.59281345940963
SRR10070151	30723	5	63.86201621834289
SRR10102392	30723	5	42.55768097864195
SRR10102393	30723	5	43.12207016066465
SRR10102394	30723	5	42.60606686994065
SRR10070130	30723	6	51.34284548979019
SRR10070131	30723	6	53.72563809460473
SRR10070133	30723	6	29.02853909056752
SRR10070134	30723	6	53.74241907548605
SRR10070141	30723	6	31.3741321479327
SRR10070149	30723	6	63.6629993280133
SRR10070150	30723	6	64.68738248264253
SRR10070151	30723	6	63.86201621834289
SRR10102392	30723	6	42.4182303893365
SRR10102393	30723	6	43.11420403790477
SRR10102394	30723	6	42.51663783415786
SRR10070130	30723	7	51.7740545815858
SRR10070131	30723	7	54.32136948754972
SRR10070133	30723	7	28.95637070495753
SRR10070134	30723	7	53.83564716487052
SRR10070141	30723	7	31.26621417229837
SRR10070149	30723	7	63.54078977965104
SRR10070150	30723	7	64.66111263325274
SRR10070151	30723	7	63.86201621834289
SRR10102392	30723	7	42.47518717424676
SRR10102393	30723	7	42.98173773880054
SRR10102394	30723	7	42.60208120373641
SRR10070130	30723	8	52.17367855894957
SRR10070131	30723	8	54.43718999087772
SRR10070133	30723	8	28.94333982437276
SRR10070134	30723	8	53.83004175327699
SRR10070141	30723	8	31.3741321479327
SRR10070149	30723	8	63.55525434740985
SRR10070150	30723	8	64.74500389322475
SRR10070151	30723	8	63.74148848150026
SRR10102392	30723	8	42.52258828954503
SRR10102393	30723	8	43.02894229718301
SRR10102394	30723	8	41.46854474618667
SRR10070130	30723	9	51.96475809444199
SRR10070131	30723	9	54.49344256101379
SRR10070133	30723	9	28.98743716362982
SRR10070134	30723	9	54.29497926591755
SRR10070141	30723	9	31.3741321479327
SRR10070149	30723	9	63.49287236553783
SRR10070150	30723	9	64.73919662199751
SRR10070151	30723	9	63.68657492926685
SRR10102392	30723	9	42.55768097864195
SRR10102393	30723	9	43.02925421446499
SRR10102394	30723	9	42.55313488132884
SRR10070130	30723	10	51.8855758278409
SRR10070131	30723	10	54.21350939106399
SRR10070133	30723	10	29.03435915444164
SRR10070134	30723	10	54.02353544013797
SRR10070141	30723	10	31.3741321479327
SRR10070149	30723	10	63.6629993280133
SRR10070150	30723	10	64.38740197797141
SRR10070151	30723	10	63.82658892577855
SRR10102392	30723	10	42.44953310848065
SRR10102393	30723	10	43.12207016066465
SRR10102394	30723	10	42.57306415438284
SRR10070130	31024	1	51.6818290238047
SRR10070131	31024	1	53.96627265693012
SRR10070133	31024	1	28.95637070495753
SRR10070134	31024	1	53.9963741526809
SRR10070141	31024	1	31.3741321479327
SRR10070149	31024	1	63.60594137364232
SRR10070150	31024	1	64.74329927116469
SRR10070151	31024	1	63.86201621834289
SRR10102392	31024	1	42.53247723841771
SRR10102393	31024	1	42.99560064598855
SRR10102394	31024	1	42.60606686994065
SRR10070130	31024	2	51.42288101469865
SRR10070131	31024	2	54.41430304547734
SRR10070133	31024	2	28.93085666970468
SRR10070134	31024	2	53.78892967806058
SRR10070141	31024	2	31.26621417229837
SRR10070149	31024	2	62.25094167401254
SRR10070150	31024	2	64.62520652934745
SRR10070151	31024	2	62.86448842960631
SRR10102392	31024	2	42.43349881456085
SRR10102393	31024	2	42.9821501293679
SRR10102394	31024	2	41.43607152476544
SRR10070130	31024	3	51.87641618999299
SRR10070131	31024	3	54.44083187565169
SRR10070133	31024	3	28.93419596778587
SRR10070134	31024	3	54.44047502628853
SRR10070141	31024	3	31.3741321479327
SRR10070149	31024	3	63.59789841321462
SRR10070150	31024	3	64.25824301149532
SRR10070151	31024	3	63.76898058001053
SRR10102392	31024	3	42.49738454932078
SRR10102393	31024	3	43.12207016066465
SRR10102394	31024	3	41.41557512306245
SRR10070130	31024	4	52.04644639235447
SRR10070131	31024	4	54.2557997526504
SRR10070133	31024	4	29.03435915444164
SRR10070134	31024	4	53.53158353353831
SRR10070141	31024	4	31.3741321479327
SRR10070149	31024	4	63.60453076453113
SRR10070150	31024	4	64.47882336675957
SRR10070151	31024	4	63.85814998728565
SRR10102392	31024	4	42.44953310848065
SRR10102393	31024	4	42.86920125163098
SRR10102394	31024	4	42.60606686994065
SRR10070130	31024	5	52.20136309791813
SRR10070131	31024	5	54.25917339626662
SRR10070133	31024	5	29.03435915444164
SRR10070134	31024	5	53.97858767679753
SRR10070141	31024	5	31.3741321479327
SRR10070149	31024	5	63.44724256337786
SRR10070150	31024	5	64.6149423524721
SRR10070151	31024	5	63.74563491052358
SRR10102392	31024	5	42.43349881456085
SRR10102393	31024	5	43.01286212853093
SRR10102394	31024	5	42.60606686994065
SRR10070130	31024	6	51.45385126680593
SRR10070131	31024	6	54.32536046322397
SRR10070133	31024	6	28.95055064108341
SRR10070134	31024	6	54.15304212007652
SRR10070141	31024	6	31.3741321479327
SRR10070149	31024	6	63.60833321117962
SRR10070150	31024	6	64.54460233561531
SRR10070151	31024	6	63.78106220308792
SRR10102392	31024	6	42.53347612471983
SRR10102393	31024	6	43.0736635885835
SRR10102394	31024	6	42.47271079048148
SRR10070130	31024	7	51.942789073144
SRR10070131	31024	7	53.62734433766087
SRR10070133	31024	7	29.03435915444164
SRR10070134	31024	7	53.42206243614651
SRR10070141	31024	7	31.26621417229837
SRR10070149	31024	7	63.6629993280133
SRR10070150	31024	7	64.75279660262004
SRR10070151	31024	7	63.73874054718863
SRR10102392	31024	7	42.39247515410968
SRR10102393	31024	7	43.05837741374786
SRR10102394	31024	7	42.57359364851941
SRR10070130	31024	8	52.05850967396508
SRR10070131	31024	8	54.58697866624183
SRR10070133	31024	8	29.02853909056752
SRR10070134	31024	8	54.14066709470808
SRR10070141	31024	8	31.3741321479327
SRR10070149	31024	8	62.29939458125442
SRR10070150	31024	8	64.55886357761756
SRR10070151	31024	8	63.86201621834289
SRR10102392	31024	8	42.38058627010174
SRR10102393	31024	8	43.11406489179286
SRR10102394	31024	8	42.60606686994065
SRR10070130	31024	9	52.20136309791813
SRR10070131	31024	9	54.28019577904686
SRR10070133	31024	9	29.03435915444164
SRR10070134	31024	9	54.05653858699696
SRR10070141	31024	9	31.3741321479327
SRR10070149	31024	9	62.19172313660675
SRR10070150	31024	9	64.57615901548252
SRR10070151	31024	9	62.9984109574939
SRR10102392	31024	9	42.53247723841771
SRR10102393	31024	9	43.09135816150162
SRR10102394	31024	9	41.31124433911975
SRR10070130	31024	10	51.8883097349153
SRR10070131	31024	10	54.08016618704056
SRR10070133	31024	10	28.99108241513489
SRR10070134	31024	10	53.83573780333255
SRR10070141	31024	10	31.3741321479327
SRR10070149	31024	10	63.51178611014324
SRR10070150	31024	10	64.15918867122218
SRR10070151	31024	10	63.73395733777534
SRR10102392	31024	10	42.44953310848065
SRR10102393	31024	10	43.03637378473583
SRR10102394	31024	10	41.46854474618667
SRR10070130	31325	1	52.12894913744638
SRR10070131	31325	1	54.23756351949609
SRR10070133	31325	1	29.03435915444164
SRR10070134	31325	1	54.3053208189585
SRR10070141	31325	1	31.3741321479327
SRR10070149	31325	1	63.6629993280133
SRR10070150	31325	1	64.55899030000859
SRR10070151	31325	1	63.86201621834289
SRR10102392	31325	1	42.55768097864195
SRR10102393	31325	1	43.12207016066465
SRR10102394	31325	1	42.52021549492706
SRR10070130	31325	2	52.08526786048422
SRR10070131	31325	2	54.33486589078873
SRR10070133	31325	2	29.03435915444164
SRR10070134	31325	2	54.17809439488082
SRR10070141	31325	2	31.3741321479327
SRR10070149	31325	2	63.60594137364232
SRR10070150	31325	2	64.49959275424317
SRR10070151	31325	2	63.78106220308792
SRR10102392	31325	2	42.44953310848065
SRR10102393	31325	2	43.09836930871758
SRR10102394	31325	2	42.60606686994065
SRR10070130	31325	3	51.50547367467191
SRR10070131	31325	3	54.42535049409688
SRR10070133	31325	3	29.03435915444164
SRR10070134	31325	3	54.1537348442045
SRR10070141	31325	3	31.3741321479327
SRR10070149	31325	3	63.47212509230876
SRR10070150	31325	3	64.43231408887499
SRR10070151	31325	3	63.81075701173496
SRR10102392	31325	3	42.44953310848065
SRR10102393	31325	3	43.01315182410118
SRR10102394	31325	3	42.52872977245352
SRR10070130	31325	4	52.06552121606181
SRR10070131	31325	4	54.4278122058507
SRR10070133	31325	4	29.03435915444164
SRR10070134	31325	4	53.72793094069116
SRR10070141	31325	4	31.3741321479327
SRR10070149	31325	4	62.30799962838351
SRR10070150	31325	4	64.48153375526726
SRR10070151	31325	4	63.83829850573193
SRR10102392	31325	4	42.55768097864195
SRR10102393	31325	4	43.04204602792676
SRR10102394	31325	4	42.60606686994065
SRR10070130	31325	5	51.54792790784388
SRR10070131	31325	5	54.29739187878639
SRR10070133	31325	5	29.03435915444164
SRR10070134	31325	5	54.3801496794726
SRR10070141	31325	5	31.3741321479327
SRR10070149	31325	5	63.62690208272242
SRR10070150	31325	5	64.70544148161844
SRR10070151	31325	5	63.79606045652282
SRR10102392	31325	5	42.39247515410968
SRR10102393	31325	5	42.81540331033116
SRR10102394	31325	5	42.56558056026329
SRR10070130	31325	6	51.62788091976653
SRR10070131	31325	6	54.37861714767254
SRR10070133	31325	6	29.03435915444164
SRR10070134	31325	6	53.96307582313063
SRR10070141	31325	6	31.3741321479327
SRR10070149	31325	6	63.6629993280133
SRR10070150	31325	6	64.68738248264253
SRR10070151	31325	6	63.73871371392261
SRR10102392	31325	6	42.51277827817678
SRR10102393	31325	6	41.84824036617582
SRR10102394	31325	6	42.60606686994065
SRR10070130	31325	7	52.12744882334481
SRR10070131	31325	7	54.23489789733625
SRR10070133	31325	7	29.03435915444164
SRR10070134	31325	7	54.30480438497364
SRR10070141	31325	7	31.3741321479327
SRR10070149	31325	7	63.6629993280133
SRR10070150	31325	7	64.53339543072343
SRR10070151	31325	7	63.82960183788192
SRR10102392	31325	7	42.55768097864195
SRR10102393	31325	7	42.84394896755755
SRR10102394	31325	7	42.52021549492706
SRR10070130	31325	8	50.73317873716121
SRR10070131	31325	8	54.1148931900991
SRR10070133	31325	8	28.98743716362982
SRR10070134	31325	8	54.3596489336607
SRR10070141	31325	8	31.3741321479327
SRR10070149	31325	8	63.57904760797674
SRR10070150	31325	8	64.6053577765806
SRR10070151	31325	8	63.86201621834289
SRR10102392	31325	8	42.55768097864195
SRR10102393	31325	8	41.98454803691064
SRR10102394	31325	8	42.56996508678053
SRR10070130	31325	9	51.90205309544216
SRR10070131	31325	9	54.44733667209706
SRR10070133	31325	9	28.94341954697041
SRR10070134	31325	9	54.18333976334873
SRR10070141	31325	9	31.3741321479327
SRR10070149	31325	9	62.17718503289216
SRR10070150	31325	9	64.7455093555136
SRR10070151	31325	9	63.65151478243161
SRR10102392	31325	9	42.55768097864195
SRR10102393	31325	9	43.06709995280768
SRR10102394	31325	9	42.60606686994065
SRR10070130	31325	10	51.99232940986519
SRR10070131	31325	10	54.33509032626959
SRR10070133	31325	10	29.03435915444164
SRR10070134	31325	10	54.3563607018765
SRR10070141	31325	10	31.3741321479327
SRR10070149	31325	10	63.49028024046277
SRR10070150	31325	10	64.45197813231334
SRR10070151	31325	10	63.86201621834289
SRR10102392	31325	10	42.52817976588115
SRR10102393	31325	10	43.09767280585881
SRR10102394	31325	10	42.60606686994065
SRR10070130	31627	1	52.16519926120053
SRR10070131	31627	1	53.99236589719295
SRR10070133	31627	1	29.03435915444164
SRR10070134	31627	1	54.12026916400389
SRR10070141	31627	1	31.3741321479327
SRR10070149	31627	1	62.31105789241552
SRR10070150	31627	1	64.59281345940963
SRR10070151	31627	1	63.86201621834289
SRR10102392	31627	1	42.55768097864195
SRR10102393	31627	1	42.97790855574359
SRR10102394	31627	1	42.58169939557775
SRR10070130	31627	2	51.87742271185378
SRR10070131	31627	2	54.12179436162317
SRR10070133	31627	2	28.95457441584325
SRR10070134	31627	2	53.87309186541107
SRR10070141	31627	2	31.26621417229837
SRR10070149	31627	2	63.61493611780161
SRR10070150	31627	2	64.65764970024884
SRR10070151	31627	2	63.86201621834289
SRR10102392	31627	2	42.55768097864195
SRR10102393	31627	2	43.08086775333437
SRR10102394	31627	2	42.5443756565415
SRR10070130	31627	3	51.57664601567779
SRR10070131	31627	3	54.30027893952987
SRR10070133	31627	3	28.88349641107381
SRR10070134	31627	3	53.86601564326304
SRR10070141	31627	3	31.24593544652527
SRR10070149	31627	3	63.6629993280133
SRR10070150	31627	3	64.30129828043118
SRR10070151	31627	3	63.86201621834289
SRR10102392	31627	3	42.50062302427098
SRR10102393	31627	3	43.0035732155368
SRR10102394	31627	3	42.49533273689082
SRR10070130	31627	4	51.45861657215409
SRR10070131	31627	4	54.40498989249662
SRR10070133	31627	4	29.02853909056752
SRR10070134	31627	4	53.85415508088516
SRR10070141	31627	4	31.3741321479327
SRR10070149	31627	4	63.44033069946158
SRR10070150	31627	4	64.60047451099217
SRR10070151	31627	4	63.77793378438901
SRR10102392	31627	4	42.55768097864195
SRR10102393	31627	4	43.12207016066465
SRR10102394	31627	4	41.46854474618667
SRR10070130	31627	5	52.12417575593684
SRR10070131	31627	5	54.13147543649151
SRR10070133	31627	5	29.03435915444164
SRR10070134	31627	5	54.39863056762005
SRR10070141	31627	5	31.3741321479327
SRR10070149	31627	5	62.25200275357052
SRR10070150	31627	5	64.65176510578561
SRR10070151	31627	5	63.78485498098998
SRR10102392	31627	5	42.55768097864195
SRR10102393	31627	5	43.10569877453896
SRR10102394	31627	5	42.57306415438284
SRR10070130	31627	6	51.9090236375818
SRR10070131	31627	6	54.21029335003308
SRR10070133	31627	6	28.95637070495753
SRR10070134	31627	6	53.79601296063373
SRR10070141	31627	6	31.3741321479327
SRR10070149	31627	6	62.23831264280885
SRR10070150	31627	6	64.61032417109072
SRR10070151	31627	6	62.9984109574939
SRR10102392	31627	6	42.44953310848065
SRR10102393	31627	6	43.10567807473059
SRR10102394	31627	6	42.5443756565415
SRR10070130	31627	7	52.15019292016039
SRR10070131	31627	7	54.02910587924615
SRR10070133	31627	7	28.90563679839723
SRR10070134	31627	7	54.22404651160212
SRR10070141	31627	7	31.3741321479327
SRR10070149	31627	7	62.24878109097772
SRR10070150	31627	7	64.6804424806773
SRR10070151	31627	7	63.86201621834289
SRR10102392	31627	7	42.54269444403901
SRR10102393	31627	7	43.12207015566464
SRR10102394	31627	7	42.60606686994065
SRR10070130	31627	8	52.02473813462528
SRR10070131	31627	8	54.30622501752421
SRR10070133	31627	8	29.03435915444164
SRR10070134	31627	8	53.76724292284685
SRR10070141	31627	8	31.3741321479327
SRR10070149	31627	8	63.57510117724013
SRR10070150	31627	8	64.7689294043912
SRR10070151	31627	8	63.84442562293362
SRR10102392	31627	8	42.41509307475492
SRR10102393	31627	8	43.12207016066465
SRR10102394	31627	8	42.60606686994065
SRR10070130	31627	9	51.63186283134381
SRR10070131	31627	9	54.26395982795718
SRR10070133	31627	9	29.03435915444164
SRR10070134	31627	9	53.88839594354842
SRR10070141	31627	9	30.96391537872916
SRR10070149	31627	9	63.5387956088146
SRR10070150	31627	9	64.5964428751713
SRR10070151	31627	9	62.92212186809731
SRR10102392	31627	9	42.47541928404674
SRR10102393	31627	9	42.99557994618018
SRR10102394	31627	9	42.57451356891175
SRR10070130	31627	10	51.52731933448921
SRR10070131	31627	10	54.46437216748807
SRR10070133	31627	10	28.95637070495753
SRR10070134	31627	10	53.80350361860218
SRR10070141	31627	10	31.3741321479327
SRR10070149	31627	10	63.63610556234772
SRR10070150	31627	10	64.66358570447028
SRR10070151	31627	10	63.86201621834289
SRR10102392	31627	10	42.36869544149228
SRR10102393	31627	10	42.71373228336515
SRR10102394	31627	10	42.51838819905748
SRR10070130	31928	1	51.74707189113359
SRR10070131	31928	1	54.40138293201769
SRR10070133	31928	1	28.95637070495753
SRR10070134	31928	1	54.54553879148187
SRR10070141	31928	1	31.3741321479327
SRR10070149	31928	1	63.60594137364232
SRR10070150	31928	1	64.66846335744322
SRR10070151	31928	1	63.8315104965422
SRR10102392	31928	1	42.44953310848065
SRR10102393	31928	1	43.07614742309603
SRR10102394	31928	1	42.60606686994065
SRR10070130	31928	2	51.80697570559094
SRR10070131	31928	2	54.30817259603263
SRR10070133	31928	2	29.03435915444164
SRR10070134	31928	2	54.4016445934805
SRR10070141	31928	2	31.3741321479327
SRR10070149	31928	2	63.59740086996162
SRR10070150	31928	2	64.70964099904359
SRR10070151	31928	2	63.86201621834289
SRR10102392	31928	2	42.55768097864195
SRR10102393	31928	2	41.78386671803831
SRR10102394	31928	2	42.54753061420849
SRR10070130	31928	3	52.09717526849816
SRR10070131	31928	3	54.04151082970404
SRR10070133	31928	3	29.03435915444164
SRR10070134	31928	3	54.49401046443711
SRR10070141	31928	3	31.3741321479327
SRR10070149	31928	3	63.62690208272242
SRR10070150	31928	3	64.5312477137877
SRR10070151	31928	3	62.93031240496886
SRR10102392	31928	3	42.44953310848065
SRR10102393	31928	3	41.96815595097658
SRR10102394	31928	3	42.57359364851941
SRR10070130	31928	4	51.69553852714124
SRR10070131	31928	4	54.5759559518095
SRR10070133	31928	4	28.94341954697041
SRR10070134	31928	4	54.31775899479146
SRR10070141	31928	4	31.3741321479327
SRR10070149	31928	4	63.5232010851817
SRR10070150	31928	4	64.56939341053203
SRR10070151	31928	4	63.86201621834289
SRR10102392	31928	4	42.44953310848065
SRR10102393	31928	4	43.09135815650161
SRR10102394	31928	4	42.60606686994065
SRR10070130	31928	5	51.29351426678597
SRR10070131	31928	5	54.09105545875698
SRR10070133	31928	5	29.01845265194892
SRR10070134	31928	5	54.16094359525339
SRR10070141	31928	5	31.3741321479327
SRR10070149	31928	5	63.6629993280133
SRR10070150	31928	5	64.59281345940963
SRR10070151	31928	5	63.7201040543522
SRR10102392	31928	5	42.55768097864195
SRR10102393	31928	5	42.96402888428357
SRR10102394	31928	5	42.48756992481282
SRR10070130	31928	6	51.9422585629345
SRR10070131	31928	6	54.05336342262066
SRR10070133	31928	6	28.95637070495753
SRR10070134	31928	6	53.54845871705672
SRR10070141	31928	6	31.3741321479327
SRR10070149	31928	6	63.57688702494192
SRR10070150	31928	6	64.52913079522386
SRR10070151	31928	6	62.9984109574939
SRR10102392	31928	6	42.55768097864195
SRR10102393	31928	6	42.96741782557157
SRR10102394	31928	6	41.39752443357939
SRR10070130	31928	7	52.0113535859109
SRR10070131	31928	7	54.25343611964107
SRR10070133	31928	7	28.92751304447769
SRR10070134	31928	7	54.16009555887756
SRR10070141	31928	7	31.3741321479327
SRR10070149	31928	7	63.54084045884365
SRR10070150	31928	7	64.67770118983299
SRR10070151	31928	7	63.79852829557013
SRR10102392	31928	7	42.55768097864195
SRR10102393	31928	7	42.99862747229573
SRR10102394	31928	7	42.54888855889073
SRR10070130	31928	8	52.20136309791813
SRR10070131	31928	8	54.25861204893651
SRR10070133	31928	8	29.01845265194892
SRR10070134	31928	8	53.85087406488357
SRR10070141	31928	8	31.0675816861338
SRR10070149	31928	8	63.54078977965104
SRR10070150	31928	8	64.57339238999248
SRR10070151	31928	8	63.86201621834289
SRR10102392	31928	8	42.44953310848065
SRR10102393	31928	8	43.02925421446499
SRR10102394	31928	8	42.60606686994065
SRR10070130	31928	9	51.36947706836042
SRR10070131	31928	9	54.2860276415033
SRR10070133	31928	9	29.03435915444164
SRR10070134	31928	9	54.08611381429108
SRR10070141	31928	9	31.3741321479327
SRR10070149	31928	9	63.54320048345539
SRR10070150	31928	9	64.51801139227882
SRR10070151	31928	9	63.73079621102762
SRR10102392	31928	9	42.55768097864195
SRR10102393	31928	9	43.12207016066465
SRR10102394	31928	9	42.60606686994065
SRR10070130	31928	10	51.94002107678796
SRR10070131	31928	10	54.40376958063765
SRR10070133	31928	10	28.94341954697041
SRR10070134	31928	10	54.08129906110447
SRR10070141	31928	10	31.3741321479327
SRR10070149	31928	10	63.52703194485212
SRR10070150	31928	10	64.70544148161844
SRR10070151	31928	10	63.80863530431044
SRR10102392	31928	10	42.42432936825641
SRR10102393	31928	10	43.12207016066465
SRR10102394	31928	10	42.48756992481282
SRR10070130	32229	1	51.69035108310748
SRR10070131	32229	1	54.15120176493272
SRR10070133	32229	1	29.03435915444164
SRR10070134	32229	1	54.52457339039864
SRR10070141	32229	1	31.07183335436349
SRR10070149	32229	1	63.62198091835881
SRR10070150	32229	1	64.46587289295115
SRR10070151	32229	1	63.86201621834289
SRR10102392	32229	1	42.39247515410968
SRR10102393	32229	1	42.87014461364534
SRR10102394	32229	1	41.37286080643173
SRR10070130	32229	2	52.06012525413642
SRR10070131	32229	2	54.00632852153124
SRR10070133	32229	2	29.03435915444164
SRR10070134	32229	2	54.0587688876186
SRR10070141	32229	2	31.3741321479327
SRR10070149	32229	2	63.5387956088146
SRR10070150	32229	2	64.7689294043912
SRR10070151	32229	2	63.82658892577855
SRR10102392	32229	2	42.44953310848065
SRR10102393	32229	2	43.10580579840395
SRR10102394	32229	2	42.60606686994065
SRR10070130	32229	3	52.07436174676051
SRR10070131	32229	3	54.11535513050816
SRR10070133	32229	3	28.98743716362982
SRR10070134	32229	3	53.9549563624056
SRR10070141	32229	3	31.3741321479327
SRR10070149	32229	3	63.50695463807487
SRR10070150	32229	3	64.70964099904359
SRR10070151	32229	3	63.86201621834289
SRR10102392	32229	3	42.55768097864195
SRR10102393	32229	3	42.99854221530196
SRR10102394	32229	3	42.60606686994065
SRR10070130	32229	4	51.83462505233
SRR10070131	32229	4	54.19092891260132
SRR10070133	32229	4	28.95457441584325
SRR10070134	32229	4	54.02234897346096
SRR10070141	32229	4	31.3741321479327
SRR10070149	32229	4	62.12834010903894
SRR10070150	32229	4	64.71478769679511
SRR10070151	32229	4	63.73520943205904
SRR10102392	32229	4	42.47220796460017
SRR10102393	32229	4	42.96675171828766
SRR10102394	32229	4	42.58952467180421
SRR10070130	32229	5	51.78412190549533
SRR10070131	32229	5	54.0059114516965
SRR10070133	32229	5	29.03435915444164
SRR10070134	32229	5	54.48273530081826
SRR10070141	32229	5	31.3741321479327
SRR10070149	32229	5	62.16208835169964
SRR10070150	32229	5	64.57159513684877
SRR10070151	32229	5	63.86201621834289
SRR10102392	32229	5	42.55768097864195
SRR10102393	32229	5	42.98318305015501
SRR10102394	32229	5	42.56545371378525
SRR10070130	32229	6	51.20365432840298
SRR10070131	32229	6	54.19746332103589
SRR10070133	32229	6	28.8908654101415
SRR10070134	32229	6	54.33462909065167
SRR10070141	32229	6	31.3741321479327
SRR10070149	32229	6	63.6629993280133
SRR10070150	32229	6	64.42608054466382
SRR10070151	32229	6	63.78506616372716
SRR10102392	32229	6	42.43349881456085
SRR10102393	32229	6	43.12207016066465
SRR10102394	32229	6	42.60606686994065
SRR10070130	32229	7	51.61403552167575
SRR10070131	32229	7	54.63139552831611
SRR10070133	32229	7	29.03435915444164
SRR10070134	32229	7	53.67582019950822
SRR10070141	32229	7	31.3741321479327
SRR10070149	32229	7	63.6629993280133
SRR10070150	32229	7	64.58532250691042
SRR10070151	32229	7	63.86201621834289
SRR10102392	32229	7	42.54497693685546
SRR10102393	32229	7	43.09512185674909
SRR10102394	32229	7	42.60606686994065
SRR10070130	32229	8	52.03871266793106
SRR10070131	32229	8	54.23691434610717
SRR10070133	32229	8	28.94341954697041
SRR10070134	32229	8	53.95098105553519
SRR10070141	32229	8	31.3741321479327
SRR10070149	32229	8	63.48922323041761
SRR10070150	32229	8	64.25716200023726
SRR10070151	32229	8	62.91745694223893
SRR10102392	32229	8	42.55768097864195
SRR10102393	32229	8	42.99659571363528
SRR10102394	32229	8	42.60606686994065
SRR10070130	32229	9	51.95593742471645
SRR10070131	32229	9	54.60503510780594
SRR10070133	32229	9	29.03435915444164
SRR10070134	32229	9	54.44913286381382
SRR10070141	32229	9	31.3741321479327
SRR10070149	32229	9	63.57364657499993
SRR10070150	32229	9	64.46374370176181
SRR10070151	32229	9	63.83829850573193
SRR10102392	32229	9	42.54981485588208
SRR10102393	32229	9	43.0035732155368
SRR10102394	32229	9	42.57359364851941
SRR10070130	32229	10	52.20136309791813
SRR10070131	32229	10	54.41265630675682
SRR10070133	32229	10	28.93279238398425
SRR10070134	32229	10	54.50798009863104
SRR10070141	32229	10	31.07183335436349
SRR10070149	32229	10	63.56984412835145
SRR10070150	32229	10	64.48093737336416
SRR10070151	32229	10	63.80772423241388
SRR10102392	32229	10	42.53247723841771
SRR10102393	32229	10	42.93198100253877
SRR10102394	32229	10	42.60606686994065
SRR10070130	32530	1	51.96926984753917
SRR10070131	32530	1	54.13347964839402
SRR10070133	32530	1	29.03435915444164
SRR10070134	32530	1	54.1050577978869
SRR10070141	32530	1	31.3741321479327
SRR10070149	32530	1	63.54912368931973
SRR10070150	32530	1	64.53710193112329
SRR10070151	32530	1	63.81045200359177
SRR10102392	32530	1	42.495293854938
SRR10102393	32530	1	43.02925421446499
SRR10102394	32530	1	42.60606686994065
SRR10070130	32530	2	52.08403318379531
SRR10070131	32530	2	54.19514888512984
SRR10070133	32530	2	28.95637070495753
SRR10070134	32530	2	54.25368323448095
SRR10070141	32530	2	31.3741321479327
SRR10070149	32530	2	63.64791966301554
SRR10070150	32530	2	64.7689294043912
SRR10070151	32530	2	63.83829850573193
SRR10102392	32530	2	42.44953310848065
SRR10102393	32530	2	43.11420403790477
SRR10102394	32530	2	42.60606686994065
SRR10070130	32530	3	52.0330573475698
SRR10070131	32530	3	54.48835469245873
SRR10070133	32530	3	28.95637070495753
SRR10070134	32530	3	53.93948782377736
SRR10070141	32530	3	31.3741321479327
SRR10070149	32530	3	63.59585356318558
SRR10070150	32530	3	64.64100282809653
SRR10070151	32530	3	63.78106220308792
SRR10102392	32530	3	42.55768097864195
SRR10102393	32530	3	43.12207015566464
SRR10102394	32530	3	42.60606686994065
SRR10070130	32530	4	51.87623417243128
SRR10070131	32530	4	54.11785285954446
SRR10070133	32530	4	28.95637070495753
SRR10070134	32530	4	54.35771753827901
SRR10070141	32530	4	31.3741321479327
SRR10070149	32530	4	63.6629993280133
SRR10070150	32530	4	64.7689294043912
SRR10070151	32530	4	63.74563491052358
SRR10102392	32530	4	42.54552387280121
SRR10102393	32530	4	43.02925421446499
SRR10102394	32530	4	42.60606686994065
SRR10070130	32530	5	52.20136309791813
SRR10070131	32530	5	54.34214767510033
SRR10070133	32530	5	29.03435915444164
SRR10070134	32530	5	53.66808502413783
SRR10070141	32530	5	31.3741321479327
SRR10070149	32530	5	63.51982907057094
SRR10070150	32530	5	64.49957517226994
SRR10070151	32530	5	62.91745694223893
SRR10102392	32530	5	42.55768097864195
SRR10102393	32530	5	43.11011946943405
SRR10102394	32530	5	41.40685353278752
SRR10070130	32530	6	51.73825675905208
SRR10070131	32530	6	54.4404472425205
SRR10070133	32530	6	29.03435915444164
SRR10070134	32530	6	54.60747903122427
SRR10070141	32530	6	31.3741321479327
SRR10070149	32530	6	63.6629993280133
SRR10070150	32530	6	64.7689294043912
SRR10070151	32530	6	63.84215972256016
SRR10102392	32530	6	42.47159896904334
SRR10102393	32530	6	43.04611143187437
SRR10102394	32530	6	42.50367329679062
SRR10070130	32530	7	51.95325240287455
SRR10070131	32530	7	54.39954689319327
SRR10070133	32530	7	29.03435915444164
SRR10070134	32530	7	54.33369034729878
SRR10070141	32530	7	31.3741321479327
SRR10070149	32530	7	63.53829545006442
SRR10070150	32530	7	64.66067647905857
SRR10070151	32530	7	63.86201621834289
SRR10102392	32530	7	42.47220796460017
SRR10102393	32530	7	42.96267311004859
SRR10102394	32530	7	42.57832904755701
SRR10070130	32530	8	51.98108003106425
SRR10070131	32530	8	54.23347983543843
SRR10070133	32530	8	29.03435915444164
SRR10070134	32530	8	54.32884672055122
SRR10070141	32530	8	31.3741321479327
SRR10070149	32530	8	63.6629993280133
SRR10070150	32530	8	64.59111900320113
SRR10070151	32530	8	63.77019995320689
SRR10102392	32530	8	42.48873414026305
SRR10102393	32530	8	42.94070772416827
SRR10102394	32530	8	42.52273137345544
SRR10070130	32530	9	51.98206509898994
SRR10070131	32530	9	53.96499871183389
SRR10070133	32530	9	28.8908654101415
SRR10070134	32530	9	54.38939013184029
SRR10070141	32530	9	31.3741321479327
SRR10070149	32530	9	62.3348933940491
SRR10070150	32530	9	64.2419123055397
SRR10070151	32530	9	63.86201621834289
SRR10102392	32530	9	42.55768097864195
SRR10102393	32530	9	43.12207016066465
SRR10102394	32530	9	42.60606686994065
SRR10070130	32530	10	52.02083368976126
SRR10070131	32530	10	54.28720178396524
SRR10070133	32530	10	28.95637070495753
SRR10070134	32530	10	53.9175091251065
SRR10070141	32530	10	31.3741321479327
SRR10070149	32530	10	63.57688702494192
SRR10070150	32530	10	64.62520652934745
SRR10070151	32530	10	63.84442562293362
SRR10102392	32530	10	42.44953310848065
SRR10102393	32530	10	43.02925421446499
SRR10102394	32530	10	42.54900891556968
SRR10070130	32831	1	51.5748798954836
SRR10070131	32831	1	54.07080715003152
SRR10070133	32831	1	29.03435915444164
SRR10070134	32831	1	53.8408966835681
SRR10070141	32831	1	31.3741321479327
SRR10070149	32831	1	63.52077611421401
SRR10070150	32831	1	64.64880523551795
SRR10070151	32831	1	63.70724859162227
SRR10102392	32831	1	42.50062302427098
SRR10102393	32831	1	43.0444094098341
SRR10102394	32831	1	42.60606686994065
SRR10070130	32831	2	51.97011432987163
SRR10070131	32831	2	54.58156827464902
SRR10070133	32831	2	29.03435915444164
SRR10070134	32831	2	54.4527819437473
SRR10070141	32831	2	31.07183335436349
SRR10070149	32831	2	63.60594137364232
SRR10070150	32831	2	64.46064146160916
SRR10070151	32831	2	63.78106220308792
SRR10102392	32831	2	42.44953310848065
SRR10102393	32831	2	42.99923573583302
SRR10102394	32831	2	42.60606686994065
SRR10070130	32831	3	51.12083426494608
SRR10070131	32831	3	54.0896771693331
SRR10070133	32831	3	28.95637070495753
SRR10070134	32831	3	54.12725754020367
SRR10070141	32831	3	31.26621417229837
SRR10070149	32831	3	63.57688702494192
SRR10070150	32831	3	64.68738248264253
SRR10070151	32831	3	63.86201621834289
SRR10102392	32831	3	42.42432936825641
SRR10102393	32831	3	43.04611143187437
SRR10102394	32831	3	42.58604009486367
SRR10070130	32831	4	51.86333136254809
SRR10070131	32831	4	54.05785588000052
SRR10070133	32831	4	28.96885385962561
SRR10070134	32831	4	54.07358555696299
SRR10070141	32831	4	31.31842372467583
SRR10070149	32831	4	62.16402544432491
SRR10070150	32831	4	64.7689294043912
SRR10070151	32831	4	63.76145305785571
SRR10102392	32831	4	42.55768097864195
SRR10102393	32831	4	43.12207016066465
SRR10102394	32831	4	42.45852428152791
SRR10070130	32831	5	51.65896829757365
SRR10070131	32831	5	54.13139272084422
SRR10070133	32831	5	29.03435915444164
SRR10070134	32831	5	54.23777805637665
SRR10070141	32831	5	31.3741321479327
SRR10070149	32831	5	63.6629993280133
SRR10070150	32831	5	64.48153375526726
SRR10070151	32831	5	63.76735722283002
SRR10102392	32831	5	42.55768097364196
SRR10102393	32831	5	43.02925421446499
SRR10102394	32831	5	41.46854474618667
SRR10070130	32831	6	51.76044838845376
SRR10070131	32831	6	54.05111671379039
SRR10070133	32831	6	28.98362524788134
SRR10070134	32831	6	53.74021999261202
SRR10070141	32831	6	31.3741321479327
SRR10070149	32831	6	62.29089726020753
SRR10070150	32831	6	64.47067863838583
SRR10070151	32831	6	63.86201621834289
SRR10102392	32831	6	42.36406009443887
SRR10102393	32831	6	43.09233113654706
SRR10102394	32831	6	42.60606686994065
SRR10070130	32831	7	51.60232110791365
SRR10070131	32831	7	54.12557475430853
SRR10070133	32831	7	29.03435915444164
SRR10070134	32831	7	54.28479667036206
SRR10070141	32831	7	31.3741321479327
SRR10070149	32831	7	62.3348933940491
SRR10070150	32831	7	64.64001323487446
SRR10070151	32831	7	63.64837684910845
SRR10102392	32831	7	42.55768097864195
SRR10102393	32831	7	43.09135816150162
SRR10102394	32831	7	42.60606686994065
SRR10070130	32831	8	52.20091748291269
SRR10070131	32831	8	54.05347992222718
SRR10070133	32831	8	28.95637070495753
SRR10070134	32831	8	54.53047560437442
SRR10070141	32831	8	31.3741321479327
SRR10070149	32831	8	63.6629993280133
SRR10070150	32831	8	64.66486937692929
SRR10070151	32831	8	62.9984109574939
SRR10102392	32831	8	42.55768097864195
SRR10102393	32831	8	43.12207016066465
SRR10102394	32831	8	42.60606686994065
SRR10070130	32831	9	52.03934077736447
SRR10070131	32831	9	54.35404183295517
SRR10070133	32831	9	29.03435915444164
SRR10070134	32831	9	54.19764975041942
SRR10070141	32831	9	31.3741321479327
SRR10070149	32831	9	63.49514680031853
SRR10070150	32831	9	64.56308067701593
SRR10070151	32831	9	63.86201621834289
SRR10102392	32831	9	42.55768097864195
SRR10102393	32831	9	43.02925421446499
SRR10102394	32831	9	42.57306415438284
SRR10070130	32831	10	51.99232940986519
SRR10070131	32831	10	54.3350389244695
SRR10070133	32831	10	28.95637070495753
SRR10070134	32831	10	54.18604447043948
SRR10070141	32831	10	31.3741321479327
SRR10070149	32831	10	63.54084045884365
SRR10070150	32831	10	64.7689294043912
SRR10070151	32831	10	63.73030857448567
SRR10102392	32831	10	42.42680729911514
SRR10102393	32831	10	42.89436518340309
SRR10102394	32831	10	42.58169939557775
SRR10070130	33133	1	52.09717526849816
SRR10070131	33133	1	54.31421344401517
SRR10070133	33133	1	29.03435915444164
SRR10070134	33133	1	54.28434901258198
SRR10070141	33133	1	31.3741321479327
SRR10070149	33133	1	63.6629993280133
SRR10070150	33133	1	64.68738248264253
SRR10070151	33133	1	63.80863530431044
SRR10102392	33133	1	42.48740807102725
SRR10102393	33133	1	42.99213844790872
SRR10102394	33133	1	42.48280029862287
SRR10070130	33133	2	51.42712723981356
SRR10070131	33133	2	54.37647533171892
SRR10070133	33133	2	29.03435915444164
SRR10070134	33133	2	54.26255426908358
SRR10070141	33133	2	31.3741321479327
SRR10070149	33133	2	63.5972110557107
SRR10070150	33133	2	64.7525912236406
SRR10070151	33133	2	63.86201621834289
SRR10102392	33133	2	42.55768097864195
SRR10102393	33133	2	43.12207016066465
SRR10102394	33133	2	42.60606686994065
SRR10070130	33133	3	51.17960759339741
SRR10070131	33133	3	54.22913908260146
SRR10070133	33133	3	28.86535137488865
SRR10070134	33133	3	54.24785570816359
SRR10070141	33133	3	31.3741321479327
SRR10070149	33133	3	63.60594137364232
SRR10070150	33133	3	64.55390807085627
SRR10070151	33133	3	63.80469630400871
SRR10102392	33133	3	42.55768097864195
SRR10102393	33133	3	43.09135816150162
SRR10102394	33133	3	42.60606686994065
SRR10070130	33133	4	52.06355960275503
SRR10070131	33133	4	54.21111317409284
SRR10070133	33133	4	28.95637070495753
SRR10070134	33133	4	54.54741707405638
SRR10070141	33133	4	31.3741321479327
SRR10070149	33133	4	62.25480354369789
SRR10070150	33133	4	64.7689294043912
SRR10070151	33133	4	63.86201621834289
SRR10102392	33133	4	42.45925921873852
SRR10102393	33133	4	43.00018869430575
SRR10102394	33133	4	42.60606686994065
SRR10070130	33133	5	52.20136309791813
SRR10070131	33133	5	53.88607987202906
SRR10070133	33133	5	29.03435915444164
SRR10070134	33133	5	54.29624482721846
SRR10070141	33133	5	31.3741321479327
SRR10070149	33133	5	63.60558321119451
SRR10070150	33133	5	64.70964099904359
SRR10070151	33133	5	63.82963814828646
SRR10102392	33133	5	42.50062302427098
SRR10102393	33133	5	43.09135816150162
SRR10102394	33133	5	42.60606686994065
SRR10070130	33133	6	52.01968820583532
SRR10070131	33133	6	54.18741410831192
SRR10070133	33133	6	28.92043375322142
SRR10070134	33133	6	53.51106033342523
SRR10070141	33133	6	31.3741321479327
SRR10070149	33133	6	63.59585356318558
SRR10070150	33133	6	64.20244736278386
SRR10070151	33133	6	62.96298366492955
SRR10102392	33133	6	42.55768097864195
SRR10102393	33133	6	43.00485685965915
SRR10102394	33133	6	42.60606686994065
SRR10070130	33133	7	51.96241373061901
SRR10070131	33133	7	54.53398763190106
SRR10070133	33133	7	29.03435915444164
SRR10070134	33133	7	54.6298927883883
SRR10070141	33133	7	31.3741321479327
SRR10070149	33133	7	63.40311092734623
SRR10070150	33133	7	64.49050692766741
SRR10070151	33133	7	63.51998497787964
SRR10102392	33133	7	42.55768097864195
SRR10102393	33133	7	43.01286212853093
SRR10102394	33133	7	42.60606686994065
SRR10070130	33133	8	52.12744882334481
SRR10070131	33133	8	53.78309648356724
SRR10070133	33133	8	29.03435915444164
SRR10070134	33133	8	53.67395112759294
SRR10070141	33133	8	31.3741321479327
SRR10070149	33133	8	63.51825978678817
SRR10070150	33133	8	64.7689294043912
SRR10070151	33133	8	63.83829850573193
SRR10102392	33133	8	42.55768097864195
SRR10102393	33133	8	43.05565902960304
SRR10102394	33133	8	42.60606686994065
SRR10070130	33133	9	52.09717526849816
SRR10070131	33133	9	54.17199978953189
SRR10070133	33133	9	28.95637070495753
SRR10070134	33133	9	54.2737028836538
SRR10070141	33133	9	31.3741321479327
SRR10070149	33133	9	63.6629993280133
SRR10070150	33133	9	64.41838574241683
SRR10070151	33133	9	63.86201621834289
SRR10102392	33133	9	42.53696713709935
SRR10102393	33133	9	42.94165542405036
SRR10102394	33133	9	42.60606686994065
SRR10070130	33133	10	51.58798346335646
SRR10070131	33133	10	53.80458764872957
SRR10070133	33133	10	29.03435915444164
SRR10070134	33133	10	54.40301543808175
SRR10070141	33133	10	31.3741321479327
SRR10070149	33133	10	63.6629993280133
SRR10070150	33133	10	64.73919662199751
SRR10070151	33133	10	63.78795279385623
SRR10102392	33133	10	42.54164668472215
SRR10102393	33133	10	43.12207016066465
SRR10102394	33133	10	42.60606686994065
SRR10070130	33434	1	51.47870497736847
SRR10070131	33434	1	54.44033305276147
SRR10070133	33434	1	29.03435915444164
SRR10070134	33434	1	54.06315568732423
SRR10070141	33434	1	31.3741321479327
SRR10070149	33434	1	63.57688702494192
SRR10070150	33434	1	64.73919662199751
SRR10070151	33434	1	63.51998497787964
SRR10102392	33434	1	42.44953310848065
SRR10102393	33434	1	43.10567807473059
SRR10102394	33434	1	42.60606686994065
SRR10070130	33434	2	51.89067788985083
SRR10070131	33434	2	54.36853623924738
SRR10070133	33434	2	28.94341954697041
SRR10070134	33434	2	54.15644373135738
SRR10070141	33434	2	31.3741321479327
SRR10070149	33434	2	63.64679452383125
SRR10070150	33434	2	64.34890403756708
SRR10070151	33434	2	63.80327526349675
SRR10102392	33434	2	42.43375036792561
SRR10102393	33434	2	43.04504828803989
SRR10102394	33434	2	42.58169939557775
SRR10070130	33434	3	51.90760540314476
SRR10070131	33434	3	53.62699748412908
SRR10070133	33434	3	29.03435915444164
SRR10070134	33434	3	54.0487777464183
SRR10070141	33434	3	31.3741321479327
SRR10070149	33434	3	63.57044256084764
SRR10070150	33434	3	64.55312070501805
SRR10070151	33434	3	63.86201621834289
SRR10102392	33434	3	42.44953310848065
SRR10102393	33434	3	42.99854221530196
SRR10102394	33434	3	41.43554203062887
SRR10070130	33434	4	51.55335581331281
SRR10070131	33434	4	54.47915516944684
SRR10070133	33434	4	29.03435915444164
SRR10070134	33434	4	54.38759515949385
SRR10070141	33434	4	31.3741321479327
SRR10070149	33434	4	63.6629993280133
SRR10070150	33434	4	64.66396243376494
SRR10070151	33434	4	63.82658892577855
SRR10102392	33434	4	42.55768097864195
SRR10102393	33434	4	42.99854221530196
SRR10102394	33434	4	42.60606686994065
SRR10070130	33434	5	52.08526786048422
SRR10070131	33434	5	54.32342049793422
SRR10070133	33434	5	29.03435915444164
SRR10070134	33434	5	54.1246798296608
SRR10070141	33434	5	31.3741321479327
SRR10070149	33434	5	63.49996172149831
SRR10070150	33434	5	64.70544148161844
SRR10070151	33434	5	63.72078331266631
SRR10102392	33434	5	42.38058627010174
SRR10102393	33434	5	43.12207016066465
SRR10102394	33434	5	42.52521175602084
SRR10070130	33434	6	52.04925305027972
SRR10070131	33434	6	54.45366267370022
SRR10070133	33434	6	29.03435915444164
SRR10070134	33434	6	54.29319204718666
SRR10070141	33434	6	31.3741321479327
SRR10070149	33434	6	63.6629993280133
SRR10070150	33434	6	64.38274763263597
SRR10070151	33434	6	63.83278987053883
SRR10102392	33434	6	42.43454657387771
SRR10102393	33434	6	43.00083915479419
SRR10102394	33434	6	42.49533273689082
SRR10070130	33434	7	52.08526786048422
SRR10070131	33434	7	54.32215025520034
SRR10070133	33434	7	29.03435915444164
SRR10070134	33434	7	54.17853247889177
SRR10070141	33434	7	31.3741321479327
SRR10070149	33434	7	63.6629993280133
SRR10070150	33434	7	64.70964099904359
SRR10070151	33434	7	63.77107661087167
SRR10102392	33434	7	42.55768097864195
SRR10102393	33434	7	43.02925421446499
SRR10102394	33434	7	42.52521175602084
SRR10070130	33434	8	52.06725958925198
SRR10070131	33434	8	54.20413449919054
SRR10070133	33434	8	28.95637070495753
SRR10070134	33434	8	54.38949214751813
SRR10070141	33434	8	31.3741321479327
SRR10070149	33434	8	63.65516957898789
SRR10070150	33434	8	64.68738248264253
SRR10070151	33434	8	63.86201621834289
SRR10102392	33434	8	42.55768097864195
SRR10102393	33434	8	43.09135816150162
SRR10102394	33434	8	42.60606686994065
SRR10070130	33434	9	51.58780995439967
SRR10070131	33434	9	54.37467322371292
SRR10070133	33434	9	29.03435915444164
SRR10070134	33434	9	54.09239996466533
SRR10070141	33434	9	31.3741321479327
SRR10070149	33434	9	63.60373653381538
SRR10070150	33434	9	64.57339238999248
SRR10070151	33434	9	63.77423878442597
SRR10102392	33434	9	42.39247515410968
SRR10102393	33434	9	42.87963287960675
SRR10102394	33434	9	42.60606686994065
SRR10070130	33434	10	51.83697140268748
SRR10070131	33434	10	54.24379408813164
SRR10070133	33434	10	28.95637070495753
SRR10070134	33434	10	54.22064105703355
SRR10070141	33434	10	31.3741321479327
SRR10070149	33434	10	63.62690208272242
SRR10070150	33434	10	64.56718332618311
SRR10070151	33434	10	63.86201621834289
SRR10102392	33434	10	42.47163177208706
SRR10102393	33434	10	43.0035732155368
SRR10102394	33434	10	42.60606686994065
SRR10070130	33735	1	52.20136309791813
SRR10070131	33735	1	54.17172330478409
SRR10070133	33735	1	29.03435915444164
SRR10070134	33735	1	54.70679585917713
SRR10070141	33735	1	31.3741321479327
SRR10070149	33735	1	62.02036264390045
SRR10070150	33735	1	64.70964099904359
SRR10070151	33735	1	63.85852369233135
SRR10102392	33735	1	42.41444041938372
SRR10102393	33735	1	43.09135816150162
SRR10102394	33735	1	42.5443756565415
SRR10070130	33735	2	52.04644639235447
SRR10070131	33735	2	53.92279875896263
SRR10070133	33735	2	28.92944119374626
SRR10070134	33735	2	54.31757358394423
SRR10070141	33735	2	31.3741321479327
SRR10070149	33735	2	62.3348933940491
SRR10070150	33735	2	64.5861955799146
SRR10070151	33735	2	63.77546996120464
SRR10102392	33735	2	42.39247515410968
SRR10102393	33735	2	43.02925421446499
SRR10102394	33735	2	42.48756992481282
SRR10070130	33735	3	52.06805835913513
SRR10070131	33735	3	54.41788538905875
SRR10070133	33735	3	28.98743716362982
SRR10070134	33735	3	54.58894875869481
SRR10070141	33735	3	31.3741321479327
SRR10070149	33735	3	63.6629993280133
SRR10070150	33735	3	64.6902051525757
SRR10070151	33735	3	63.86201621834289
SRR10102392	33735	3	42.55768097864195
SRR10102393	33735	3	43.12207016066465
SRR10102394	33735	3	42.60606686994065
SRR10070130	33735	4	51.8883097349153
SRR10070131	33735	4	54.45366267370022
SRR10070133	33735	4	29.03435915444164
SRR10070134	33735	4	54.35638477469654
SRR10070141	33735	4	31.3741321479327
SRR10070149	33735	4	63.6629993280133
SRR10070150	33735	4	64.7689294043912
SRR10070151	33735	4	63.38189205164191
SRR10102392	33735	4	42.44953310848065
SRR10102393	33735	4	43.11406489179286
SRR10102394	33735	4	42.60606686994065
SRR10070130	33735	5	51.91565744559738
SRR10070131	33735	5	54.40233915765041
SRR10070133	33735	5	28.95637070495753
SRR10070134	33735	5	54.1759091340038
SRR10070141	33735	5	31.3741321479327
SRR10070149	33735	5	63.6629993280133
SRR10070150	33735	5	64.43882640749052
SRR10070151	33735	5	63.86201621834289
SRR10102392	33735	5	42.55768097864195
SRR10102393	33735	5	43.0871165878773
SRR10102394	33735	5	42.57359364851941
SRR10070130	33735	6	51.97387007314358
SRR10070131	33735	6	54.39309773175248
SRR10070133	33735	6	29.03435915444164
SRR10070134	33735	6	54.31121851228279
SRR10070141	33735	6	31.3741321479327
SRR10070149	33735	6	63.4503629140293
SRR10070150	33735	6	64.74329927116469
SRR10070151	33735	6	63.77107661087167
SRR10102392	33735	6	42.32560249776431
SRR10102393	33735	6	42.92240738052001
SRR10102394	33735	6	42.60606686994065
SRR10070130	33735	7	51.76796361715058
SRR10070131	33735	7	54.12870150513098
SRR10070133	33735	7	29.03435915444164
SRR10070134	33735	7	53.94332641086401
SRR10070141	33735	7	31.3741321479327
SRR10070149	33735	7	63.60594137364232
SRR10070150	33735	7	64.5964428751713
SRR10070151	33735	7	62.9984109574939
SRR10102392	33735	7	42.55768097864195
SRR10102393	33735	7	43.10567807473059
SRR10102394	33735	7	42.59257799284165
SRR10070130	33735	8	52.14352860678444
SRR10070131	33735	8	54.53394728537731
SRR10070133	33735	8	28.95637070495753
SRR10070134	33735	8	54.07654285386997
SRR10070141	33735	8	31.3741321479327
SRR10070149	33735	8	63.52763019108379
SRR10070150	33735	8	64.55565394712448
SRR10070151	33735	8	63.79606045652282
SRR10102392	33735	8	42.50062301927098
SRR10102393	33735	8	43.12207016066465
SRR10102394	33735	8	42.60606686994065
SRR10070130	33735	9	51.87939832492378
SRR10070131	33735	9	54.42025968897118
SRR10070133	33735	9	28.92944119374626
SRR10070134	33735	9	54.0242948361298
SRR10070141	33735	9	31.3741321479327
SRR10070149	33735	9	63.57904760797674
SRR10070150	33735	9	64.7689294043912
SRR10070151	33735	9	63.78106220308792
SRR10102392	33735	9	42.48873414026305
SRR10102393	33735	9	43.10567807473059
SRR10102394	33735	9	41.43554203062887
SRR10070130	33735	10	50.72741701505844
SRR10070131	33735	10	54.3982230971936
SRR10070133	33735	10	29.03435915444164
SRR10070134	33735	10	54.32306561382585
SRR10070141	33735	10	31.3741321479327
SRR10070149	33735	10	63.6629993280133
SRR10070150	33735	10	64.7689294043912
SRR10070151	33735	10	63.86201621834289
SRR10102392	33735	10	42.42432936825641
SRR10102393	33735	10	43.02925421446499
SRR10102394	33735	10	42.60606686994065
SRR10070130	34036	1	52.04644639235447
SRR10070131	34036	1	54.41121269005433
SRR10070133	34036	1	29.03435915444164
SRR10070134	34036	1	54.64559442552598
SRR10070141	34036	1	31.3741321479327
SRR10070149	34036	1	63.63916382637971
SRR10070150	34036	1	64.62809407729492
SRR10070151	34036	1	63.86201621834289
SRR10102392	34036	1	42.44953310848065
SRR10102393	34036	1	43.02925421446499
SRR10102394	34036	1	42.60606686994065
SRR10070130	34036	2	51.8883097349153
SRR10070131	34036	2	53.99154164524711
SRR10070133	34036	2	29.03435915444164
SRR10070134	34036	2	54.36797069248603
SRR10070141	34036	2	31.3741321479327
SRR10070149	34036	2	63.6629993280133
SRR10070150	34036	2	64.73002401583786
SRR10070151	34036	2	63.49327331651104
SRR10102392	34036	2	42.55768097864195
SRR10102393	34036	2	43.12207016066465
SRR10102394	34036	2	42.60606686994065
SRR10070130	34036	3	51.3814719195256
SRR10070131	34036	3	54.39189709559044
SRR10070133	34036	3	28.95637070495753
SRR10070134	34036	3	54.06559816786068
SRR10070141	34036	3	31.3741321479327
SRR10070149	34036	3	63.6629993280133
SRR10070150	34036	3	64.41382872809612
SRR10070151	34036	3	63.78106220308792
SRR10102392	34036	3	42.50062302427098
SRR10102393	34036	3	43.12207016066465
SRR10102394	34036	3	41.44417727182375
SRR10070130	34036	4	51.04413077298198
SRR10070131	34036	4	53.90518749620728
SRR10070133	34036	4	29.03435915444164
SRR10070134	34036	4	54.18562961687314
SRR10070141	34036	4	31.3741321479327
SRR10070149	34036	4	63.6629993280133
SRR10070150	34036	4	64.39727644501089
SRR10070151	34036	4	63.79160717744481
SRR10102392	34036	4	42.55768097864195
SRR10102393	34036	4	42.90212799548109
SRR10102394	34036	4	42.60606686994065
SRR10070130	34036	5	51.76722265518158
SRR10070131	34036	5	54.36859045828654
SRR10070133	34036	5	29.03435915444164
SRR10070134	34036	5	53.42935526473195
SRR10070141	34036	5	31.3741321479327
SRR10070149	34036	5	62.31779102587312
SRR10070150	34036	5	64.7689294043912
SRR10070151	34036	5	63.86201621834289
SRR10102392	34036	5	42.47641817034885
SRR10102393	34036	5	43.10824790687117
SRR10102394	34036	5	42.60606686994065
SRR10070130	34036	6	51.8883097349153
SRR10070131	34036	6	54.45822260703042
SRR10070133	34036	6	28.95637070495753
SRR10070134	34036	6	54.27767254059887
SRR10070141	34036	6	31.3741321479327
SRR10070149	34036	6	63.6629993280133
SRR10070150	34036	6	64.5503982834793
SRR10070151	34036	6	63.83530455697429
SRR10102392	34036	6	42.44953310848065
SRR10102393	34036	6	43.12207016066465
SRR10102394	34036	6	42.60606686994065
SRR10070130	34036	7	51.77557399221222
SRR10070131	34036	7	54.42450047738001
SRR10070133	34036	7	29.03435915444164
SRR10070134	34036	7	54.34323485704822
SRR10070141	34036	7	31.3741321479327
SRR10070149	34036	7	63.64062800982201
SRR10070150	34036	7	64.42224534991965
SRR10070151	34036	7	63.8385961694653
SRR10102392	34036	7	42.39247515410968
SRR10102393	34036	7	41.8660510917828
SRR10102394	34036	7	41.35937762623291
SRR10070130	34036	8	52.20136309791813
SRR10070131	34036	8	54.33210547396064
SRR10070133	34036	8	29.03435915444164
SRR10070134	34036	8	54.37848038694681
SRR10070141	34036	8	31.3741321479327
SRR10070149	34036	8	62.27783543967813
SRR10070150	34036	8	64.54031007103458
SRR10070151	34036	8	63.86201621834289
SRR10102392	34036	8	42.37748861950674
SRR10102393	34036	8	43.12207016066465
SRR10102394	34036	8	42.60606686994065
SRR10070130	34036	9	51.79305886760811
SRR10070131	34036	9	54.43171393986753
SRR10070133	34036	9	29.03435915444164
SRR10070134	34036	9	53.6128774806017
SRR10070141	34036	9	31.3741321479327
SRR10070149	34036	9	63.48373182528007
SRR10070150	34036	9	64.41953496141196
SRR10070151	34036	9	63.85305819716405
SRR10102392	34036	9	42.43375036792561
SRR10102393	34036	9	43.04611143187437
SRR10102394	34036	9	42.60606686994065
SRR10070130	34036	10	51.64547453790549
SRR10070131	34036	10	54.5016878193613
SRR10070133	34036	10	29.03435915444164
SRR10070134	34036	10	53.74818504127654
SRR10070141	34036	10	31.3741321479327
SRR10070149	34036	10	63.59789841321462
SRR10070150	34036	10	64.7689294043912
SRR10070151	34036	10	63.86201621834289
SRR10102392	34036	10	42.55768097864195
SRR10102393	34036	10	43.0848023304418
SRR10102394	34036	10	42.4735039494895
SRR10070130	34337	1	51.53447956352141
SRR10070131	34337	1	54.30398112745227
SRR10070133	34337	1	29.03435915444164
SRR10070134	34337	1	53.74078767657381
SRR10070141	34337	1	31.3741321479327
SRR10070149	34337	1	63.6629993280133
SRR10070150	34337	1	64.55886357761756
SRR10070151	34337	1	63.77204251927424
SRR10102392	34337	1	42.53247723841771
SRR10102393	34337	1	43.12207016066465
SRR10102394	34337	1	42.60606686994065
SRR10070130	34337	2	51.70224218215559
SRR10070131	34337	2	54.04909091151401
SRR10070133	34337	2	28.91309396565078
SRR10070134	34337	2	53.83772236623662
SRR10070141	34337	2	31.3741321479327
SRR10070149	34337	2	63.48433025777626
SRR10070150	34337	2	64.59416177747607
SRR10070151	34337	2	63.86201621834289
SRR10102392	34337	2	42.44953310848065
SRR10102393	34337	2	43.02925421446499
SRR10102394	34337	2	42.60606686994065
SRR10070130	34337	3	52.11472978051277
SRR10070131	34337	3	54.28150498109952
SRR10070133	34337	3	29.03435915444164
SRR10070134	34337	3	54.35428928213985
SRR10070141	34337	3	31.3741321479327
SRR10070149	34337	3	63.6629993280133
SRR10070150	34337	3	64.7689294043912
SRR10070151	34337	3	63.78106220308792
SRR10102392	34337	3	42.55768097864195
SRR10102393	34337	3	43.09098655634376
SRR10102394	34337	3	42.60606686994065
SRR10070130	34337	4	52.05455991071175
SRR10070131	34337	4	54.13846414524213
SRR10070133	34337	4	29.03435915444164
SRR10070134	34337	4	54.19982419871839
SRR10070141	34337	4	31.3741321479327
SRR10070149	34337	4	63.64589695983732
SRR10070150	34337	4	64.32420109510258
SRR10070151	34337	4	63.51998497787964
SRR10102392	34337	4	42.41444041938372
SRR10102393	34337	4	43.07200104460868
SRR10102394	34337	4	42.60606686994065
SRR10070130	34337	5	51.95593742471645
SRR10070131	34337	5	54.2500793512348
SRR10070133	34337	5	28.95637070495753
SRR10070134	34337	5	53.86264095843991
SRR10070141	34337	5	31.3741321479327
SRR10070149	34337	5	63.56450950426215
SRR10070150	34337	5	64.73002401583786
SRR10070151	34337	5	63.84345399330591
SRR10102392	34337	5	42.44953310848065
SRR10102393	34337	5	43.09135816150162
SRR10102394	34337	5	42.60606686994065
SRR10070130	34337	6	51.89810293358276
SRR10070131	34337	6	54.39382172026874
SRR10070133	34337	6	29.03435915444164
SRR10070134	34337	6	54.31993764049595
SRR10070141	34337	6	31.3741321479327
SRR10070149	34337	6	63.50936062240207
SRR10070150	34337	6	64.30120071088731
SRR10070151	34337	6	63.56516307089579
SRR10102392	34337	6	42.55765907164125
SRR10102393	34337	6	43.09135816150162
SRR10102394	34337	6	41.44417727182375
SRR10070130	34337	7	51.81958822072009
SRR10070131	34337	7	53.98054207587464
SRR10070133	34337	7	29.03435915444164
SRR10070134	34337	7	54.57722479916861
SRR10070141	34337	7	31.3741321479327
SRR10070149	34337	7	63.57688702494192
SRR10070150	34337	7	64.53139600391108
SRR10070151	34337	7	63.43903096262467
SRR10102392	34337	7	42.52817976588115
SRR10102393	34337	7	43.09135816150162
SRR10102394	34337	7	42.52299503832688
SRR10070130	34337	8	52.20136309791813
SRR10070131	34337	8	54.49784608393869
SRR10070133	34337	8	29.03435915444164
SRR10070134	34337	8	54.35877750723483
SRR10070141	34337	8	31.3741321479327
SRR10070149	34337	8	63.6629993280133
SRR10070150	34337	8	64.74329927116469
SRR10070151	34337	8	63.86201621834289
SRR10102392	34337	8	42.55768097864195
SRR10102393	34337	8	43.10478797831389
SRR10102394	34337	8	42.60606686994065
SRR10070130	34337	9	51.98492337581227
SRR10070131	34337	9	54.38592864002183
SRR10070133	34337	9	28.98743716362982
SRR10070134	34337	9	54.33533427832629
SRR10070141	34337	9	31.32325178024092
SRR10070149	34337	9	63.59951140524053
SRR10070150	34337	9	64.46088405763567
SRR10070151	34337	9	63.86201621834289
SRR10102392	34337	9	42.44953310848065
SRR10102393	34337	9	43.02925421446499
SRR10102394	34337	9	42.60606686994065
SRR10070130	34337	10	51.90400457131443
SRR10070131	34337	10	54.35404183295517
SRR10070133	34337	10	29.03435915444164
SRR10070134	34337	10	54.2043093713383
SRR10070141	34337	10	31.3741321479327
SRR10070149	34337	10	63.6629993280133
SRR10070150	34337	10	64.7689294043912
SRR10070151	34337	10	63.81075701173496
SRR10102392	34337	10	42.55768097864195
SRR10102393	34337	10	42.90112958193573
SRR10102394	34337	10	42.60606686994065
SRR10070130	34639	1	51.81525485187415
SRR10070131	34639	1	54.5759559518095
SRR10070133	34639	1	29.03435915444164
SRR10070134	34639	1	54.25332533257063
SRR10070141	34639	1	31.3741321479327
SRR10070149	34639	1	63.59789841321462
SRR10070150	34639	1	64.68738248264253
SRR10070151	34639	1	63.8577216221961
SRR10102392	34639	1	42.55768097864195
SRR10102393	34639	1	43.02925421446499
SRR10102394	34639	1	42.60606686994065
SRR10070130	34639	2	51.95593742471645
SRR10070131	34639	2	54.37647533171892
SRR10070133	34639	2	29.03435915444164
SRR10070134	34639	2	54.44462461062687
SRR10070141	34639	2	31.3741321479327
SRR10070149	34639	2	63.62690208272242
SRR10070150	34639	2	64.47283415188849
SRR10070151	34639	2	63.86201621834289
SRR10102392	34639	2	42.50062302427098
SRR10102393	34639	2	41.89173209071099
SRR10102394	34639	2	42.60606686994065
SRR10070130	34639	3	51.96076261442612
SRR10070131	34639	3	54.43216297239027
SRR10070133	34639	3	29.03435915444164
SRR10070134	34639	3	54.45762836889224
SRR10070141	34639	3	31.3741321479327
SRR10070149	34639	3	63.57044256084764
SRR10070150	34639	3	64.56308067701593
SRR10070151	34639	3	63.86201621834289
SRR10102392	34639	3	42.55768097864195
SRR10102393	34639	3	41.98454803691064
SRR10102394	34639	3	42.5656561926262
SRR10070130	34639	4	52.06012525413642
SRR10070131	34639	4	54.2597473289255
SRR10070133	34639	4	29.03435915444164
SRR10070134	34639	4	54.03123173399688
SRR10070141	34639	4	31.26621417229837
SRR10070149	34639	4	63.59585356318558
SRR10070150	34639	4	64.68738248264253
SRR10070151	34639	4	63.86201621834289
SRR10102392	34639	4	42.55768097864195
SRR10102393	34639	4	43.02925421446499
SRR10102394	34639	4	42.59803581554075
SRR10070130	34639	5	51.46619149001323
SRR10070131	34639	5	54.04013752535887
SRR10070133	34639	5	29.03435915444164
SRR10070134	34639	5	54.35710325673457
SRR10070141	34639	5	31.3741321479327
SRR10070149	34639	5	63.6629993280133
SRR10070150	34639	5	64.70964099904359
SRR10070151	34639	5	62.87572299745035
SRR10102392	34639	5	42.55768097864195
SRR10102393	34639	5	43.10567807473059
SRR10102394	34639	5	42.60606686994065
SRR10070130	34639	6	51.55463516413691
SRR10070131	34639	6	54.29095103300259
SRR10070133	34639	6	29.03435915444164
SRR10070134	34639	6	54.08222128272619
SRR10070141	34639	6	31.3741321479327
SRR10070149	34639	6	63.60594137364232
SRR10070150	34639	6	64.52932553663686
SRR10070151	34639	6	63.86201621834289
SRR10102392	34639	6	42.55768097864195
SRR10102393	34639	6	43.12207016066465
SRR10102394	34639	6	42.59806160106887
SRR10070130	34639	7	51.81227009295373
SRR10070131	34639	7	54.44292498541957
SRR10070133	34639	7	29.03435915444164
SRR10070134	34639	7	54.20661273660119
SRR10070141	34639	7	31.3741321479327
SRR10070149	34639	7	63.58039545199999
SRR10070150	34639	7	64.5916642404145
SRR10070151	34639	7	62.9984109574939
SRR10102392	34639	7	42.55768097864195
SRR10102393	34639	7	42.9981298247346
SRR10102394	34639	7	42.60606686994065
SRR10070130	34639	8	51.6116669055027
SRR10070131	34639	8	54.48855224460325
SRR10070133	34639	8	28.95637070495753
SRR10070134	34639	8	54.21622176436688
SRR10070141	34639	8	31.3741321479327
SRR10070149	34639	8	63.57644016088152
SRR10070150	34639	8	64.7689294043912
SRR10070151	34639	8	63.86201621834289
SRR10102392	34639	8	42.55768097864195
SRR10102393	34639	8	43.09779348128292
SRR10102394	34639	8	42.60606686994065
SRR10070130	34639	9	51.95169486202757
SRR10070131	34639	9	54.3700552994754
SRR10070133	34639	9	28.96885385962561
SRR10070134	34639	9	53.96122002923958
SRR10070141	34639	9	31.3741321479327
SRR10070149	34639	9	62.3348933940491
SRR10070150	34639	9	64.68738248264253
SRR10070151	34639	9	63.78106220308792
SRR10102392	34639	9	42.47541928404674
SRR10102393	34639	9	43.02925421446499
SRR10102394	34639	9	42.55520459487666
SRR10070130	34639	10	51.94403001670251
SRR10070131	34639	10	54.63139552831611
SRR10070133	34639	10	29.03435915444164
SRR10070134	34639	10	53.53096634736627
SRR10070141	34639	10	31.3741321479327
SRR10070149	34639	10	63.6629993280133
SRR10070150	34639	10	64.56888794824317
SRR10070151	34639	10	63.86201621834289
SRR10102392	34639	10	42.55768097864195
SRR10102393	34639	10	43.10824790687117
SRR10102394	34639	10	42.60606686994065
SRR10070130	34940	1	51.28351953257332
SRR10070131	34940	1	54.23031941264829
SRR10070133	34940	1	28.95637070495753
SRR10070134	34940	1	54.5697156125945
SRR10070141	34940	1	31.07183335436349
SRR10070149	34940	1	63.61312588562423
SRR10070150	34940	1	64.53352505406201
SRR10070151	34940	1	63.86201621834289
SRR10102392	34940	1	42.55768097864195
SRR10102393	34940	1	43.02925421446499
SRR10102394	34940	1	42.60606686994065
SRR10070130	34940	2	52.06729076248119
SRR10070131	34940	2	54.32395484379575
SRR10070133	34940	2	29.03435915444164
SRR10070134	34940	2	54.10439013273315
SRR10070141	34940	2	31.3741321479327
SRR10070149	34940	2	63.52724948317909
SRR10070150	34940	2	64.73919662199751
SRR10070151	34940	2	63.78106220308792
SRR10102392	34940	2	42.50062302427098
SRR10102393	34940	2	43.12207016066465
SRR10102394	34940	2	42.5443756565415
SRR10070130	34940	3	51.63756978795389
SRR10070131	34940	3	54.45366267370022
SRR10070133	34940	3	28.95637070495753
SRR10070134	34940	3	54.63377587186153
SRR10070141	34940	3	31.3741321479327
SRR10070149	34940	3	63.6629993280133
SRR10070150	34940	3	64.39727644501089
SRR10070151	34940	3	63.86201621834289
SRR10102392	34940	3	42.55768097864195
SRR10102393	34940	3	43.12207016066465
SRR10102394	34940	3	42.60606686994065
SRR10070130	34940	4	51.8883097349153
SRR10070131	34940	4	54.47994038484952
SRR10070133	34940	4	29.03435915444164
SRR10070134	34940	4	54.66611113378638
SRR10070141	34940	4	31.3741321479327
SRR10070149	34940	4	63.63610556234772
SRR10070150	34940	4	64.7689294043912
SRR10070151	34940	4	63.82960183788192
SRR10102392	34940	4	42.55768097864195
SRR10102393	34940	4	43.12207016066465
SRR10102394	34940	4	42.60606686994065
SRR10070130	34940	5	51.8883097349153
SRR10070131	34940	5	54.63139552831611
SRR10070133	34940	5	29.03435915444164
SRR10070134	34940	5	54.38597627081078
SRR10070141	34940	5	31.3741321479327
SRR10070149	34940	5	63.63610556234772
SRR10070150	34940	5	64.7689294043912
SRR10070151	34940	5	63.79606045652282
SRR10102392	34940	5	42.55768097864195
SRR10102393	34940	5	43.02865620210584
SRR10102394	34940	5	42.58952467180421
SRR10070130	34940	6	51.88642979848776
SRR10070131	34940	6	54.49784608393869
SRR10070133	34940	6	28.8908654101415
SRR10070134	34940	6	54.20346129088294
SRR10070141	34940	6	31.3741321479327
SRR10070149	34940	6	63.55220475468951
SRR10070150	34940	6	64.70544148161844
SRR10070151	34940	6	63.8385961694653
SRR10102392	34940	6	42.36703930408545
SRR10102393	34940	6	43.09512185674909
SRR10102394	34940	6	42.58189127444853
SRR10070130	34940	7	52.16254162978838
SRR10070131	34940	7	54.47258556470236
SRR10070133	34940	7	29.03435915444164
SRR10070134	34940	7	54.43979436686243
SRR10070141	34940	7	31.3741321479327
SRR10070149	34940	7	63.54459222629952
SRR10070150	34940	7	64.562775531037
SRR10070151	34940	7	63.86201621834289
SRR10102392	34940	7	42.55768097864195
SRR10102393	34940	7	42.99854221530196
SRR10102394	34940	7	42.30325436198252
SRR10070130	34940	8	51.14334776688013
SRR10070131	34940	8	54.63139552831611
SRR10070133	34940	8	29.03435915444164
SRR10070134	34940	8	54.30549896464543
SRR10070141	34940	8	31.3741321479327
SRR10070149	34940	8	63.6629993280133
SRR10070150	34940	8	64.7689294043912
SRR10070151	34940	8	63.86201621834289
SRR10102392	34940	8	42.44953310848065
SRR10102393	34940	8	43.02925421446499
SRR10102394	34940	8	41.46854474618667
SRR10070130	34940	9	51.83984218728254
SRR10070131	34940	9	54.02179357118055
SRR10070133	34940	9	29.03435915444164
SRR10070134	34940	9	54.05907453738944
SRR10070141	34940	9	31.3741321479327
SRR10070149	34940	9	63.6629993280133
SRR10070150	34940	9	64.56308067701593
SRR10070151	34940	9	63.78106220308792
SRR10102392	34940	9	42.55768097864195
SRR10102393	34940	9	43.12207016066465
SRR10102394	34940	9	42.60024988501896
SRR10070130	34940	10	51.94241443653117
SRR10070131	34940	10	53.56027607066406
SRR10070133	34940	10	29.03435915444164
SRR10070134	34940	10	54.46907709355326
SRR10070141	34940	10	31.3741321479327
SRR10070149	34940	10	63.6629993280133
SRR10070150	34940	10	64.66048871697694
SRR10070151	34940	10	63.86201621834289
SRR10102392	34940	10	42.44953310848065
SRR10102393	34940	10	41.95383603774761
SRR10102394	34940	10	42.60606686994065
SRR10070130	35241	1	51.66855717827092
SRR10070131	35241	1	54.45366267370022
SRR10070133	35241	1	28.98362524788134
SRR10070134	35241	1	54.28370071036493
SRR10070141	35241	1	31.3741321479327
SRR10070149	35241	1	62.26774762922138
SRR10070150	35241	1	64.7689294043912
SRR10070151	35241	1	62.88914565239203
SRR10102392	35241	1	42.55768097864195
SRR10102393	35241	1	43.12207016066465
SRR10102394	35241	1	42.48721277936925
SRR10070130	35241	2	52.01969317723523
SRR10070131	35241	2	54.31553254962981
SRR10070133	35241	2	29.02853909056752
SRR10070134	35241	2	54.28130811408953
SRR10070141	35241	2	31.3741321479327
SRR10070149	35241	2	63.6629993280133
SRR10070150	35241	2	64.68738248264253
SRR10070151	35241	2	63.75275091324102
SRR10102392	35241	2	42.44953310848065
SRR10102393	35241	2	42.82517085314545
SRR10102394	35241	2	42.56261815633257
SRR10070130	35241	3	52.00942509811829
SRR10070131	35241	3	54.63139552831611
SRR10070133	35241	3	29.03435915444164
SRR10070134	35241	3	54.12455672959657
SRR10070141	35241	3	31.3741321479327
SRR10070149	35241	3	63.57688702494192
SRR10070150	35241	3	64.71742597194225
SRR10070151	35241	3	63.77107661087167
SRR10102392	35241	3	42.55768097864195
SRR10102393	35241	3	43.09135816150162
SRR10102394	35241	3	42.60606686994065
SRR10070130	35241	4	51.98161054127375
SRR10070131	35241	4	54.4346238338583
SRR10070133	35241	4	28.95637070495753
SRR10070134	35241	4	54.25209305391507
SRR10070141	35241	4	31.3741321479327
SRR10070149	35241	4	63.6629993280133
SRR10070150	35241	4	64.4071886378324
SRR10070151	35241	4	63.78106220308792
SRR10102392	35241	4	42.47603009847656
SRR10102393	35241	4	43.12207016066465
SRR10102394	35241	4	42.60606686994065
SRR10070130	35241	5	52.20136309791813
SRR10070131	35241	5	54.16091430501163
SRR10070133	35241	5	28.95637070495753
SRR10070134	35241	5	54.10123229722245
SRR10070141	35241	5	31.3741321479327
SRR10070149	35241	5	63.60594137364232
SRR10070150	35241	5	64.76678168745548
SRR10070151	35241	5	63.86201621834289
SRR10102392	35241	5	42.55768097864195
SRR10102393	35241	5	43.02124894559321
SRR10102394	35241	5	42.60606686494067
SRR10070130	35241	6	51.95800931569646
SRR10070131	35241	6	54.63139552831611
SRR10070133	35241	6	28.95637070495753
SRR10070134	35241	6	54.3505143549093
SRR10070141	35241	6	31.3741321479327
SRR10070149	35241	6	63.49614022278392
SRR10070150	35241	6	64.54649862432689
SRR10070151	35241	6	63.69108850401927
SRR10102392	35241	6	42.55768097864195
SRR10102393	35241	6	43.0113360276148
SRR10102394	35241	6	41.41768247112269
SRR10070130	35241	7	52.20136309791813
SRR10070131	35241	7	54.38615437712483
SRR10070133	35241	7	28.8908654101415
SRR10070134	35241	7	54.47488027441175
SRR10070141	35241	7	31.3741321479327
SRR10070149	35241	7	63.59951140524053
SRR10070150	35241	7	64.68738248264253
SRR10070151	35241	7	63.86201621834289
SRR10102392	35241	7	42.55768097864195
SRR10102393	35241	7	43.07200104460868
SRR10102394	35241	7	41.46854474618667
SRR10070130	35241	8	52.03409768272648
SRR10070131	35241	8	54.13400527158714
SRR10070133	35241	8	28.8908654101415
SRR10070134	35241	8	54.54235953747155
SRR10070141	35241	8	31.3741321479327
SRR10070149	35241	8	63.58199298385006
SRR10070150	35241	8	64.68738248264253
SRR10070151	35241	8	63.86201621834289
SRR10102392	35241	8	42.50062302427098
SRR10102393	35241	8	43.12207016066465
SRR10102394	35241	8	42.45930303274287
SRR10070130	35241	9	51.0247044740663
SRR10070131	35241	9	54.25395317574355
SRR10070133	35241	9	29.03435915444164
SRR10070134	35241	9	54.30053604833534
SRR10070141	35241	9	31.3741321479327
SRR10070149	35241	9	63.5531981771549
SRR10070150	35241	9	64.62809407729492
SRR10070151	35241	9	63.81966772917759
SRR10102392	35241	9	42.55768097864195
SRR10102393	35241	9	43.12207016066465
SRR10102394	35241	9	42.58901115171243
SRR10070130	35241	10	52.20136309791813
SRR10070131	35241	10	54.3863310853388
SRR10070133	35241	10	29.00884511918879
SRR10070134	35241	10	54.04616951514947
SRR10070141	35241	10	31.3741321479327
SRR10070149	35241	10	63.5387956088146
SRR10070150	35241	10	64.40487652569846
SRR10070151	35241	10	63.71732362067668
SRR10102392	35241	10	42.55768097864195
SRR10102393	35241	10	41.89173209071099
SRR10102394	35241	10	42.60606686994065
SRR10070130	35542	1	52.02743336935053
SRR10070131	35542	1	54.24140279302107
SRR10070133	35542	1	29.03435915444164
SRR10070134	35542	1	54.48485770498262
SRR10070141	35542	1	31.3741321479327
SRR10070149	35542	1	63.6629993280133
SRR10070150	35542	1	64.53352505406201
SRR10070151	35542	1	63.83687599059295
SRR10102392	35542	1	42.44953310848065
SRR10102393	35542	1	42.99037786722121
SRR10102394	35542	1	42.60606686994065
SRR10070130	35542	2	52.13437960732374
SRR10070131	35542	2	54.37660518090323
SRR10070133	35542	2	28.95637070495753
SRR10070134	35542	2	54.31069462655903
SRR10070141	35542	2	31.07183335436349
SRR10070149	35542	2	63.6629993280133
SRR10070150	35542	2	64.72655265336465
SRR10070151	35542	2	63.78106220308792
SRR10102392	35542	2	42.55768097864195
SRR10102393	35542	2	43.10567807473059
SRR10102394	35542	2	42.5443756565415
SRR10070130	35542	3	52.20136309791813
SRR10070131	35542	3	54.29631048685022
SRR10070133	35542	3	29.03435915444164
SRR10070134	35542	3	54.27344127514259
SRR10070141	35542	3	31.3741321479327
SRR10070149	35542	3	63.59789841321462
SRR10070150	35542	3	64.58092073928401
SRR10070151	35542	3	63.86201621834289
SRR10102392	35542	3	42.44953310848065
SRR10102393	35542	3	43.08197722278352
SRR10102394	35542	3	42.60606686994065
SRR10070130	35542	4	52.06012525413642
SRR10070131	35542	4	54.20677917066113
SRR10070133	35542	4	29.03435915444164
SRR10070134	35542	4	54.21810811866055
SRR10070141	35542	4	31.3741321479327
SRR10070149	35542	4	62.23831264280885
SRR10070150	35542	4	64.7228741098179
SRR10070151	35542	4	63.76613612622123
SRR10102392	35542	4	42.55768097864195
SRR10102393	35542	4	42.99923573583302
SRR10102394	35542	4	42.57139754518499
SRR10070130	35542	5	51.75170340265725
SRR10070131	35542	5	54.36226231068334
SRR10070133	35542	5	28.95637070495753
SRR10070134	35542	5	54.29081509078713
SRR10070141	35542	5	31.3741321479327
SRR10070149	35542	5	63.59585356318558
SRR10070150	35542	5	64.47882336675957
SRR10070151	35542	5	62.9984109574939
SRR10102392	35542	5	42.44953310848065
SRR10102393	35542	5	43.12207016066465
SRR10102394	35542	5	41.43607152476544
SRR10070130	35542	6	51.99232940986519
SRR10070131	35542	6	54.51252570956907
SRR10070133	35542	6	29.03435915444164
SRR10070134	35542	6	53.72354968878533
SRR10070141	35542	6	31.3741321479327
SRR10070149	35542	6	63.60594137364232
SRR10070150	35542	6	64.7689294043912
SRR10070151	35542	6	63.86201621834289
SRR10102392	35542	6	42.55768097864195
SRR10102393	35542	6	43.12207016066465
SRR10102394	35542	6	42.60606686994065
SRR10070130	35542	7	52.06012525413642
SRR10070131	35542	7	54.40278767723552
SRR10070133	35542	7	28.79992580267028
SRR10070134	35542	7	54.37972141327662
SRR10070141	35542	7	31.3741321479327
SRR10070149	35542	7	63.60594137364232
SRR10070150	35542	7	64.51126653766096
SRR10070151	35542	7	63.86201621834289
SRR10102392	35542	7	42.52258828954503
SRR10102393	35542	7	43.02925421446499
SRR10102394	35542	7	41.45148902795845
SRR10070130	35542	8	51.41571644407343
SRR10070131	35542	8	54.33599349226764
SRR10070133	35542	8	29.03435915444164
SRR10070134	35542	8	54.1402226415554
SRR10070141	35542	8	31.3741321479327
SRR10070149	35542	8	63.6629993280133
SRR10070150	35542	8	64.64880523551795
SRR10070151	35542	8	63.43007294144583
SRR10102392	35542	8	42.52926591897115
SRR10102393	35542	8	43.07496607556756
SRR10102394	35542	8	42.60606686994065
SRR10070130	35542	9	52.0757404770132
SRR10070131	35542	9	54.55882999788931
SRR10070133	35542	9	29.03435915444164
SRR10070134	35542	9	54.14220932268398
SRR10070141	35542	9	31.3741321479327
SRR10070149	35542	9	63.62750051521861
SRR10070150	35542	9	64.7689294043912
SRR10070151	35542	9	63.86201621834289
SRR10102392	35542	9	42.43454657387771
SRR10102393	35542	9	43.12207016066465
SRR10102394	35542	9	42.57306415438284
SRR10070130	35542	10	52.10101861324618
SRR10070131	35542	10	54.5002586182006
SRR10070133	35542	10	29.03435915444164
SRR10070134	35542	10	54.61510084069158
SRR10070141	35542	10	31.3741321479327
SRR10070149	35542	10	63.6629993280133
SRR10070150	35542	10	64.62025511376396
SRR10070151	35542	10	63.82699297110771
SRR10102392	35542	10	42.55768097864195
SRR10102393	35542	10	43.09135816150162
SRR10102394	35542	10	42.54059093296161
SRR10070130	35843	1	52.11661045257459
SRR10070131	35843	1	53.86756890547905
SRR10070133	35843	1	29.03435915444164
SRR10070134	35843	1	53.90513410342147
SRR10070141	35843	1	31.3741321479327
SRR10070149	35843	1	63.53441049044186
SRR10070150	35843	1	64.7689294043912
SRR10070151	35843	1	63.86201621834289
SRR10102392	35843	1	42.55768097864195
SRR10102393	35843	1	43.02925421446499
SRR10102394	35843	1	42.56156178041925
SRR10070130	35843	2	52.13262595054219
SRR10070131	35843	2	54.48270487273314
SRR10070133	35843	2	28.95637070495753
SRR10070134	35843	2	54.36112892456333
SRR10070141	35843	2	31.3741321479327
SRR10070149	35843	2	63.58210587200874
SRR10070150	35843	2	64.40887322633483
SRR10070151	35843	2	63.78106220308792
SRR10102392	35843	2	42.52817976088114
SRR10102393	35843	2	43.12207016066465
SRR10102394	35843	2	41.46854474618667
SRR10070130	35843	3	51.8883097349153
SRR10070131	35843	3	54.37607508920095
SRR10070133	35843	3	29.03435915444164
SRR10070134	35843	3	54.24815228805858
SRR10070141	35843	3	31.3741321479327
SRR10070149	35843	3	63.56984412835145
SRR10070150	35843	3	64.49957517226994
SRR10070151	35843	3	63.86201621834289
SRR10102392	35843	3	42.55768097864195
SRR10102393	35843	3	43.09205168203268
SRR10102394	35843	3	42.60606686994065
SRR10070130	35843	4	51.59859481982533
SRR10070131	35843	4	54.40003036695614
SRR10070133	35843	4	28.87791425215439
SRR10070134	35843	4	54.5297754677278
SRR10070141	35843	4	31.3741321479327
SRR10070149	35843	4	63.6629993280133
SRR10070150	35843	4	64.70544148161844
SRR10070151	35843	4	63.75764215421032
SRR10102392	35843	4	42.55768097864195
SRR10102393	35843	4	43.09512185674909
SRR10102394	35843	4	42.48280029862287
SRR10070130	35843	5	51.90569609245983
SRR10070131	35843	5	54.63139552831611
SRR10070133	35843	5	28.8908654101415
SRR10070134	35843	5	54.22860723131783
SRR10070141	35843	5	31.23372712632483
SRR10070149	35843	5	63.6629993280133
SRR10070150	35843	5	64.51801139227882
SRR10070151	35843	5	63.86201621834289
SRR10102392	35843	5	42.55768097864195
SRR10102393	35843	5	43.12207016066465
SRR10102394	35843	5	42.60606686994065
SRR10070130	35843	6	52.03512049115612
SRR10070131	35843	6	54.32093609053604
SRR10070133	35843	6	29.03435915444164
SRR10070134	35843	6	54.31433968341769
SRR10070141	35843	6	31.3741321479327
SRR10070149	35843	6	63.5387956088146
SRR10070150	35843	6	64.55886357761756
SRR10070151	35843	6	63.85305819716405
SRR10102392	35843	6	42.55768097864195
SRR10102393	35843	6	42.96538486125708
SRR10102394	35843	6	42.60606686994065
SRR10070130	35843	7	51.98293791215513
SRR10070131	35843	7	54.20207478326827
SRR10070133	35843	7	28.95637070495753
SRR10070134	35843	7	54.10871870655427
SRR10070141	35843	7	31.3741321479327
SRR10070149	35843	7	63.6629993280133
SRR10070150	35843	7	64.7689294043912
SRR10070151	35843	7	63.86201621834289
SRR10102392	35843	7	42.44953310848065
SRR10102393	35843	7	43.10567807473059
SRR10102394	35843	7	42.5443756565415
SRR10070130	35843	8	52.15586851972733
SRR10070131	35843	8	54.46380777610668
SRR10070133	35843	8	28.95637070495753
SRR10070134	35843	8	53.90195436691613
SRR10070141	35843	8	31.3741321479327
SRR10070149	35843	8	63.54070771184916
SRR10070150	35843	8	64.64847709408917
SRR10070151	35843	8	63.75275091324102
SRR10102392	35843	8	42.44953310848065
SRR10102393	35843	8	43.12207016066465
SRR10102394	35843	8	42.60606686994065
SRR10070130	35843	9	52.05835380036841
SRR10070131	35843	9	54.48512830235025
SRR10070133	35843	9	29.03435915444164
SRR10070134	35843	9	54.32134404089049
SRR10070141	35843	9	31.26621417229837
SRR10070149	35843	9	62.3348933940491
SRR10070150	35843	9	64.7455093555136
SRR10070151	35843	9	63.86201621834289
SRR10102392	35843	9	42.53247723841771
SRR10102393	35843	9	43.11406489179286
SRR10102394	35843	9	42.60606686994065
SRR10070130	35843	10	51.96925905037318
SRR10070131	35843	10	54.06138338580119
SRR10070133	35843	10	28.85145274426215
SRR10070134	35843	10	54.21285110028441
SRR10070141	35843	10	31.3741321479327
SRR10070149	35843	10	63.6629993280133
SRR10070150	35843	10	64.55390807085627
SRR10070151	35843	10	63.86201621834289
SRR10102392	35843	10	42.55768097864195
SRR10102393	35843	10	43.12207016066465
SRR10102394	35843	10	42.60606686994065
SRR10070130	36145	1	52.20136309791813
SRR10070131	36145	1	54.28574773540802
SRR10070133	36145	1	29.03435915444164
SRR10070134	36145	1	54.41463737535974
SRR10070141	36145	1	31.3741321479327
SRR10070149	36145	1	62.19952425711959
SRR10070150	36145	1	64.67073561049023
SRR10070151	36145	1	63.86201621834289
SRR10102392	36145	1	42.55768097864195
SRR10102393	36145	1	43.10567807473059
SRR10102394	36145	1	42.60606686994065
SRR10070130	36145	2	51.8961372394533
SRR10070131	36145	2	54.34065141271761
SRR10070133	36145	2	29.03435915444164
SRR10070134	36145	2	54.1944105421063
SRR10070141	36145	2	31.3741321479327
SRR10070149	36145	2	62.26910512174651
SRR10070150	36145	2	64.67073561049023
SRR10070151	36145	2	63.86201621834289
SRR10102392	36145	2	42.40624033586785
SRR10102393	36145	2	43.12207016066465
SRR10102394	36145	2	42.60606686994065
SRR10070130	36145	3	51.71404664619592
SRR10070131	36145	3	54.29355255607718
SRR10070133	36145	3	29.03435915444164
SRR10070134	36145	3	54.5697156075945
SRR10070141	36145	3	31.3741321479327
SRR10070149	36145	3	63.6629993280133
SRR10070150	36145	3	64.23902475759223
SRR10070151	36145	3	63.86201621834289
SRR10102392	36145	3	42.55768097864195
SRR10102393	36145	3	42.9821501293679
SRR10102394	36145	3	42.60606686994065
SRR10070130	36145	4	51.98161054127375
SRR10070131	36145	4	54.23477982298553
SRR10070133	36145	4	28.95637070495753
SRR10070134	36145	4	54.47228801905037
SRR10070141	36145	4	31.3741321479327
SRR10070149	36145	4	63.64312414501028
SRR10070150	36145	4	64.7689294043912
SRR10070151	36145	4	63.86201621834289
SRR10102392	36145	4	42.50062302427098
SRR10102393	36145	4	43.09135816150162
SRR10102394	36145	4	42.60606686994065
SRR10070130	36145	5	51.88836958939908
SRR10070131	36145	5	54.41121269005433
SRR10070133	36145	5	29.03435915444164
SRR10070134	36145	5	54.13456120537342
SRR10070141	36145	5	31.3741321479327
SRR10070149	36145	5	63.6629993280133
SRR10070150	36145	5	64.51126653766096
SRR10070151	36145	5	63.8385961694653
SRR10102392	36145	5	42.55768097864195
SRR10102393	36145	5	43.12207015566464
SRR10102394	36145	5	42.60606686994065
SRR10070130	36145	6	51.51553478982066
SRR10070131	36145	6	54.38109714327341
SRR10070133	36145	6	29.03435915444164
SRR10070134	36145	6	54.54235953747155
SRR10070141	36145	6	31.3741321479327
SRR10070149	36145	6	63.6629993280133
SRR10070150	36145	6	64.70964099904359
SRR10070151	36145	6	63.78106220308792
SRR10102392	36145	6	42.48873414026305
SRR10102393	36145	6	43.12207016066465
SRR10102394	36145	6	42.60606686994065
SRR10070130	36145	7	52.20136309791813
SRR10070131	36145	7	54.58660715002528
SRR10070133	36145	7	29.03435915444164
SRR10070134	36145	7	54.58065827897381
SRR10070141	36145	7	31.3741321479327
SRR10070149	36145	7	62.3348933940491
SRR10070150	36145	7	64.76892939939121
SRR10070151	36145	7	63.86201621834289
SRR10102392	36145	7	42.44953310848065
SRR10102393	36145	7	43.12207015566464
SRR10102394	36145	7	42.60606686994065
SRR10070130	36145	8	52.07590831238302
SRR10070131	36145	8	54.55420818133482
SRR10070133	36145	8	29.03435915444164
SRR10070134	36145	8	54.50567689948696
SRR10070141	36145	8	31.07183335436349
SRR10070149	36145	8	63.6629993280133
SRR10070150	36145	8	64.70964099904359
SRR10070151	36145	8	63.78106220308792
SRR10102392	36145	8	42.55768097864195
SRR10102393	36145	8	43.12207016066465
SRR10102394	36145	8	42.5443756565415
SRR10070130	36145	9	52.09717526849816
SRR10070131	36145	9	54.39190614304587
SRR10070133	36145	9	29.03435915444164
SRR10070134	36145	9	54.31908185555231
SRR10070141	36145	9	31.3741321479327
SRR10070149	36145	9	63.60594137364232
SRR10070150	36145	9	64.68738248264253
SRR10070151	36145	9	63.86201621834289
SRR10102392	36145	9	42.55768097864195
SRR10102393	36145	9	43.02925421446499
SRR10102394	36145	9	42.60606686994065
SRR10070130	36145	10	52.10428735118006
SRR10070131	36145	10	54.51252570956907
SRR10070133	36145	10	29.03435915444164
SRR10070134	36145	10	54.19615220420854
SRR10070141	36145	10	31.3741321479327
SRR10070149	36145	10	63.6629993280133
SRR10070150	36145	10	64.65493931174115
SRR10070151	36145	10	63.86201621834289
SRR10102392	36145	10	42.55768097864195
SRR10102393	36145	10	43.12207016066465
SRR10102394	36145	10	42.55309724681643
SRR10070130	36446	1	52.20136309791813
SRR10070131	36446	1	54.38109714327341
SRR10070133	36446	1	29.03435915444164
SRR10070134	36446	1	53.96507685034167
SRR10070141	36446	1	31.26621417229837
SRR10070149	36446	1	63.57688702494192
SRR10070150	36446	1	64.68738248264253
SRR10070151	36446	1	63.86201621834289
SRR10102392	36446	1	42.50062302427098
SRR10102393	36446	1	43.06440985758606
SRR10102394	36446	1	42.60606686994065
SRR10070130	36446	2	51.95350794173544
SRR10070131	36446	2	54.50914284143558
SRR10070133	36446	2	29.03435915444164
SRR10070134	36446	2	54.24634273947197
SRR10070141	36446	2	31.3741321479327
SRR10070149	36446	2	63.57688702494192
SRR10070150	36446	2	64.72806295212195
SRR10070151	36446	2	63.86201621834289
SRR10102392	36446	2	42.55768097864195
SRR10102393	36446	2	43.02925421446499
SRR10102394	36446	2	42.60606686994065
SRR10070130	36446	3	51.811122392934
SRR10070131	36446	3	54.11461001669139
SRR10070133	36446	3	29.03435915444164
SRR10070134	36446	3	54.40027748704058
SRR10070141	36446	3	31.3741321479327
SRR10070149	36446	3	63.6629993280133
SRR10070150	36446	3	64.43882640749052
SRR10070151	36446	3	63.84709014147621
SRR10102392	36446	3	42.50062302427098
SRR10102393	36446	3	43.084339280583
SRR10102394	36446	3	42.60606686994065
SRR10070130	36446	4	51.98161054127375
SRR10070131	36446	4	54.14073234376459
SRR10070133	36446	4	29.03435915444164
SRR10070134	36446	4	53.88486960876485
SRR10070141	36446	4	31.3741321479327
SRR10070149	36446	4	63.56641857677305
SRR10070150	36446	4	64.7689294043912
SRR10070151	36446	4	63.86201621834289
SRR10102392	36446	4	42.55768097864195
SRR10102393	36446	4	43.12207016066465
SRR10102394	36446	4	42.60606686994065
SRR10070130	36446	5	51.9315338924597
SRR10070131	36446	5	54.44733667209706
SRR10070133	36446	5	28.95637070495753
SRR10070134	36446	5	54.33408623615843
SRR10070141	36446	5	31.3741321479327
SRR10070149	36446	5	63.60594137364232
SRR10070150	36446	5	64.7689294043912
SRR10070151	36446	5	63.82699297610771
SRR10102392	36446	5	42.47518717424676
SRR10102393	36446	5	43.12207016066465
SRR10102394	36446	5	42.60606686994065
SRR10070130	36446	6	52.20136309791813
SRR10070131	36446	6	54.45366267370022
SRR10070133	36446	6	29.03435915444164
SRR10070134	36446	6	54.332272922939
SRR10070141	36446	6	31.3741321479327
SRR10070149	36446	6	63.62750051521861
SRR10070150	36446	6	64.7689294043912
SRR10070151	36446	6	63.80469630900871
SRR10102392	36446	6	42.39247515410968
SRR10102393	36446	6	43.12207016066465
SRR10102394	36446	6	42.57359364851941
SRR10070130	36446	7	52.01430652853558
SRR10070131	36446	7	54.63139552831611
SRR10070133	36446	7	29.03435915444164
SRR10070134	36446	7	54.69497730551268
SRR10070141	36446	7	31.3741321479327
SRR10070149	36446	7	62.3348933940491
SRR10070150	36446	7	64.7689294043912
SRR10070151	36446	7	63.86201621834289
SRR10102392	36446	7	42.55768097864195
SRR10102393	36446	7	43.03923056271675
SRR10102394	36446	7	42.59827709281449
SRR10070130	36446	8	52.20136309791813
SRR10070131	36446	8	54.2894106536484
SRR10070133	36446	8	28.95637070495753
SRR10070134	36446	8	54.32276871337415
SRR10070141	36446	8	31.3741321479327
SRR10070149	36446	8	63.6629993280133
SRR10070150	36446	8	64.59281345940963
SRR10070151	36446	8	63.86201621834289
SRR10102392	36446	8	42.47518717424676
SRR10102393	36446	8	43.11420403790477
SRR10102394	36446	8	42.60606686994065
SRR10070130	36446	9	52.10428735118006
SRR10070131	36446	9	54.42239691795173
SRR10070133	36446	9	29.03435915444164
SRR10070134	36446	9	54.50703936352254
SRR10070141	36446	9	31.3741321479327
SRR10070149	36446	9	63.6629993280133
SRR10070150	36446	9	64.43541999063291
SRR10070151	36446	9	63.78106220308792
SRR10102392	36446	9	42.44953310848065
SRR10102393	36446	9	42.90112958193573
SRR10102394	36446	9	41.38768963226687
SRR10070130	36446	10	51.942789073144
SRR10070131	36446	10	54.31386823625265
SRR10070133	36446	10	28.96885385962561
SRR10070134	36446	10	54.33838181654317
SRR10070141	36446	10	31.3741321479327
SRR10070149	36446	10	63.6629993280133
SRR10070150	36446	10	64.73919662199751
SRR10070151	36446	10	63.78106220308792
SRR10102392	36446	10	42.55768097864195
SRR10102393	36446	10	43.12207016066465
SRR10102394	36446	10	42.60606686994065
SRR10070130	36747	1	51.89198492519324
SRR10070131	36747	1	54.14580383406913
SRR10070133	36747	1	29.03435915444164
SRR10070134	36747	1	54.40053323356295
SRR10070141	36747	1	31.3741321479327
SRR10070149	36747	1	63.46414226831102
SRR10070150	36747	1	64.59565090639353
SRR10070151	36747	1	63.65634507509049
SRR10102392	36747	1	42.55768097864195
SRR10102393	36747	1	43.02925421446499
SRR10102394	36747	1	42.5443756565415
SRR10070130	36747	2	52.20136309791813
SRR10070131	36747	2	54.59281828119153
SRR10070133	36747	2	29.03435915444164
SRR10070134	36747	2	54.68199306881036
SRR10070141	36747	2	31.3741321479327
SRR10070149	36747	2	63.6629993280133
SRR10070150	36747	2	64.67073561049023
SRR10070151	36747	2	63.86201621834289
SRR10102392	36747	2	42.55768097864195
SRR10102393	36747	2	43.084339280583
SRR10102394	36747	2	42.60606686994065
SRR10070130	36747	3	52.08526786048422
SRR10070131	36747	3	54.60797547943852
SRR10070133	36747	3	29.03435915444164
SRR10070134	36747	3	54.49632076887394
SRR10070141	36747	3	31.3741321479327
SRR10070149	36747	3	63.6629993280133
SRR10070150	36747	3	64.59281345940963
SRR10070151	36747	3	63.86201621834289
SRR10102392	36747	3	42.50062302427098
SRR10102393	36747	3	43.02925421446499
SRR10102394	36747	3	42.60606686994065
SRR10070130	36747	4	52.06012525413642
SRR10070131	36747	4	54.13289848063344
SRR10070133	36747	4	29.03435915444164
SRR10070134	36747	4	54.46803353881444
SRR10070141	36747	4	31.3741321479327
SRR10070149	36747	4	62.31388506762163
SRR10070150	36747	4	64.59281345940963
SRR10070151	36747	4	63.86201621834289
SRR10102392	36747	4	42.55768097864195
SRR10102393	36747	4	43.12207016066465
SRR10102394	36747	4	41.46854474618667
SRR10070130	36747	5	50.6682419512025
SRR10070131	36747	5	54.45366267370022
SRR10070133	36747	5	29.03435915444164
SRR10070134	36747	5	54.70679585917713
SRR10070141	36747	5	31.3741321479327
SRR10070149	36747	5	63.6629993280133
SRR10070150	36747	5	64.51126653766096
SRR10070151	36747	5	63.82028227355432
SRR10102392	36747	5	42.55768097864195
SRR10102393	36747	5	42.99854221530196
SRR10102394	36747	5	42.60606686994065
SRR10070130	36747	6	51.77221449748139
SRR10070131	36747	6	54.48855224460325
SRR10070133	36747	6	29.03435915444164
SRR10070134	36747	6	54.25235230059224
SRR10070141	36747	6	31.3741321479327
SRR10070149	36747	6	63.6629993280133
SRR10070150	36747	6	64.62619253918365
SRR10070151	36747	6	63.86201621834289
SRR10102392	36747	6	42.55768097864195
SRR10102393	36747	6	43.01286212853093
SRR10102394	36747	6	42.60606686994065
SRR10070130	36747	7	51.88814158044522
SRR10070131	36747	7	54.51252570956907
SRR10070133	36747	7	29.03435915444164
SRR10070134	36747	7	54.32273368307249
SRR10070141	36747	7	31.3741321479327
SRR10070149	36747	7	63.62750051521861
SRR10070150	36747	7	64.69931259956047
SRR10070151	36747	7	63.86201621834289
SRR10102392	36747	7	42.50062302427098
SRR10102393	36747	7	43.02925421446499
SRR10102394	36747	7	42.60606686994065
SRR10070130	36747	8	51.8883097349153
SRR10070131	36747	8	54.52919521298221
SRR10070133	36747	8	29.03435915444164
SRR10070134	36747	8	54.34645510166053
SRR10070141	36747	8	31.3741321479327
SRR10070149	36747	8	63.6629993280133
SRR10070150	36747	8	64.7689294043912
SRR10070151	36747	8	63.86201621834289
SRR10102392	36747	8	42.44953310848065
SRR10102393	36747	8	43.09135816150162
SRR10102394	36747	8	42.60606686994065
SRR10070130	36747	9	52.10101861324618
SRR10070131	36747	9	54.5016878193613
SRR10070133	36747	9	29.01845265194892
SRR10070134	36747	9	53.93931714680837
SRR10070141	36747	9	31.07183335436349
SRR10070149	36747	9	62.29879614875823
SRR10070150	36747	9	64.68738248264253
SRR10070151	36747	9	62.9984109574939
SRR10102392	36747	9	42.55768097864195
SRR10102393	36747	9	43.12207016066465
SRR10102394	36747	9	42.60606686994065
SRR10070130	36747	10	51.77707822718183
SRR10070131	36747	10	54.55420818633482
SRR10070133	36747	10	29.03435915444164
SRR10070134	36747	10	54.05397892385702
SRR10070141	36747	10	31.3741321479327
SRR10070149	36747	10	63.46136050708878
SRR10070150	36747	10	64.39474233910276
SRR10070151	36747	10	63.86201621834289
SRR10102392	36747	10	42.55768097864195
SRR10102393	36747	10	41.86102009154796
SRR10102394	36747	10	42.60606686994065
SRR10070130	37048	1	51.8883097349153
SRR10070131	37048	1	54.4287723984938
SRR10070133	37048	1	29.03435915444164
SRR10070134	37048	1	54.59374187505784
SRR10070141	37048	1	31.3741321479327
SRR10070149	37048	1	63.52640629969823
SRR10070150	37048	1	64.70964099904359
SRR10070151	37048	1	63.86201621834289
SRR10102392	37048	1	42.55768097264195
SRR10102393	37048	1	43.08319381342086
SRR10102394	37048	1	42.55309724681643
SRR10070130	37048	2	51.99751769010435
SRR10070131	37048	2	54.63139552831611
SRR10070133	37048	2	29.03435915444164
SRR10070134	37048	2	54.40527929088892
SRR10070141	37048	2	31.3741321479327
SRR10070149	37048	2	63.60594137364232
SRR10070150	37048	2	64.51126653766096
SRR10070151	37048	2	62.9984109574939
SRR10102392	37048	2	42.44953310848065
SRR10102393	37048	2	43.01286212853093
SRR10102394	37048	2	42.60606686994065
SRR10070130	37048	3	51.81525485187415
SRR10070131	37048	3	54.47916266030714
SRR10070133	37048	3	29.03435915444164
SRR10070134	37048	3	54.22991219121374
SRR10070141	37048	3	31.3741321479327
SRR10070149	37048	3	63.60594137364232
SRR10070150	37048	3	64.7689294043912
SRR10070151	37048	3	63.86201621834289
SRR10102392	37048	3	42.55768097864195
SRR10102393	37048	3	43.10567807473059
SRR10102394	37048	3	42.60606686994065
SRR10070130	37048	4	52.20136309791813
SRR10070131	37048	4	53.90613985532745
SRR10070133	37048	4	28.95637070495753
SRR10070134	37048	4	54.57886837704898
SRR10070141	37048	4	31.3741321479327
SRR10070149	37048	4	63.57688702494192
SRR10070150	37048	4	64.53339543072343
SRR10070151	37048	4	63.78106220308792
SRR10102392	37048	4	42.55768097864195
SRR10102393	37048	4	43.12207016066465
SRR10102394	37048	4	42.60606686994065
SRR10070130	37048	5	51.98161054127375
SRR10070131	37048	5	54.57549192499331
SRR10070133	37048	5	29.03435915444164
SRR10070134	37048	5	54.39348735372516
SRR10070141	37048	5	31.3741321479327
SRR10070149	37048	5	63.59789841321462
SRR10070150	37048	5	64.55886357761756
SRR10070151	37048	5	63.86201621834289
SRR10102392	37048	5	42.55768097864195
SRR10102393	37048	5	43.08918075726184
SRR10102394	37048	5	42.60606686994065
SRR10070130	37048	6	52.02317013036917
SRR10070131	37048	6	54.27403368171267
SRR10070133	37048	6	29.03435915444164
SRR10070134	37048	6	54.31377734339657
SRR10070141	37048	6	31.3741321479327
SRR10070149	37048	6	63.6629993280133
SRR10070150	37048	6	64.56939341053203
SRR10070151	37048	6	63.86201621834289
SRR10102392	37048	6	42.44953310848065
SRR10102393	37048	6	43.07141485434774
SRR10102394	37048	6	42.60606686994065
SRR10070130	37048	7	51.71329587412885
SRR10070131	37048	7	54.63139552831611
SRR10070133	37048	7	29.03435915444164
SRR10070134	37048	7	54.46697630479792
SRR10070141	37048	7	31.3741321479327
SRR10070149	37048	7	63.6629993280133
SRR10070150	37048	7	64.7689294043912
SRR10070151	37048	7	63.86201621834289
SRR10102392	37048	7	42.55768097864195
SRR10102393	37048	7	41.88727482498442
SRR10102394	37048	7	42.60208120373641
SRR10070130	37048	8	51.95816518929313
SRR10070131	37048	8	54.06368902232701
SRR10070133	37048	8	29.03435915444164
SRR10070134	37048	8	54.30055028668465
SRR10070141	37048	8	31.3741321479327
SRR10070149	37048	8	63.55701213985157
SRR10070150	37048	8	64.63780094748199
SRR10070151	37048	8	63.78106220308792
SRR10102392	37048	8	42.44953310848065
SRR10102393	37048	8	43.12207016066465
SRR10102394	37048	8	42.57306415438284
SRR10070130	37048	9	51.77221449748139
SRR10070131	37048	9	54.63139552831611
SRR10070133	37048	9	28.92944119374626
SRR10070134	37048	9	54.07013488749833
SRR10070141	37048	9	31.3741321479327
SRR10070149	37048	9	63.6629993280133
SRR10070150	37048	9	64.2432893930918
SRR10070151	37048	9	63.86201621834289
SRR10102392	37048	9	42.55768097864195
SRR10102393	37048	9	43.12207016066465
SRR10102394	37048	9	42.60606686994065
SRR10070130	37048	10	51.72448907552864
SRR10070131	37048	10	54.62065784003547
SRR10070133	37048	10	29.03435915444164
SRR10070134	37048	10	54.24429753099428
SRR10070141	37048	10	31.3741321479327
SRR10070149	37048	10	63.6629993280133
SRR10070150	37048	10	64.73919662199751
SRR10070151	37048	10	63.86201621834289
SRR10102392	37048	10	42.55768097864195
SRR10102393	37048	10	43.02925421446499
SRR10102394	37048	10	42.60024988501896
SRR10070130	37349	1	51.96304950739835
SRR10070131	37349	1	54.37477114167026
SRR10070133	37349	1	28.96885385962561
SRR10070134	37349	1	54.45452856114476
SRR10070141	37349	1	31.3741321479327
SRR10070149	37349	1	63.6629993280133
SRR10070150	37349	1	64.59281345940963
SRR10070151	37349	1	63.82028227355432
SRR10102392	37349	1	42.53247723841771
SRR10102393	37349	1	43.12207016066465
SRR10102394	37349	1	42.52521175602084
SRR10070130	37349	2	51.98452062281547
SRR10070131	37349	2	54.14088411232418
SRR10070133	37349	2	29.03435915444164
SRR10070134	37349	2	54.70679585917713
SRR10070141	37349	2	31.3741321479327
SRR10070149	37349	2	63.6629993280133
SRR10070150	37349	2	64.65598270548344
SRR10070151	37349	2	63.86201621834289
SRR10102392	37349	2	42.55768097864195
SRR10102393	37349	2	43.09135816150162
SRR10102394	37349	2	42.48756992481282
SRR10070130	37349	3	52.12744882334481
SRR10070131	37349	3	54.5016878193613
SRR10070133	37349	3	29.03435915444164
SRR10070134	37349	3	54.43117280586483
SRR10070141	37349	3	31.3741321479327
SRR10070149	37349	3	63.6629993280133
SRR10070150	37349	3	64.59565090639353
SRR10070151	37349	3	63.86201621834289
SRR10102392	37349	3	42.43280073427447
SRR10102393	37349	3	43.10567807473059
SRR10102394	37349	3	42.60606686994065
SRR10070130	37349	4	52.08526786048422
SRR10070131	37349	4	54.56315327796236
SRR10070133	37349	4	29.03435915444164
SRR10070134	37349	4	54.39335411375951
SRR10070141	37349	4	31.3741321479327
SRR10070149	37349	4	63.63610556234772
SRR10070150	37349	4	64.7689294043912
SRR10070151	37349	4	63.78106220308792
SRR10102392	37349	4	42.55768097364196
SRR10102393	37349	4	43.12207016066465
SRR10102394	37349	4	42.60606686994065
SRR10070130	37349	5	52.09717526849816
SRR10070131	37349	5	54.48855224460325
SRR10070133	37349	5	29.03435915444164
SRR10070134	37349	5	54.18565343648986
SRR10070141	37349	5	31.3741321479327
SRR10070149	37349	5	63.6629993280133
SRR10070150	37349	5	64.7689294043912
SRR10070151	37349	5	63.84709014147621
SRR10102392	37349	5	42.55768097864195
SRR10102393	37349	5	43.12207016066465
SRR10102394	37349	5	42.60606686994065
SRR10070130	37349	6	51.12872414901619
SRR10070131	37349	6	54.41121269005433
SRR10070133	37349	6	29.03435915444164
SRR10070134	37349	6	54.51226647293986
SRR10070141	37349	6	31.3741321479327
SRR10070149	37349	6	62.3192713891825
SRR10070150	37349	6	64.47003713128925
SRR10070151	37349	6	63.86201621834289
SRR10102392	37349	6	42.44953310848065
SRR10102393	37349	6	43.10567807473059
SRR10102394	37349	6	42.57306415438284
SRR10070130	37349	7	51.87742271185378
SRR10070131	37349	7	54.48835469245873
SRR10070133	37349	7	28.95637070495753
SRR10070134	37349	7	54.37752941212248
SRR10070141	37349	7	31.3741321479327
SRR10070149	37349	7	63.6629993280133
SRR10070150	37349	7	64.7401826318337
SRR10070151	37349	7	63.86201621834289
SRR10102392	37349	7	42.55768097864195
SRR10102393	37349	7	41.98454803691064
SRR10102394	37349	7	42.5443756565415
SRR10070130	37349	8	52.08526786048422
SRR10070131	37349	8	54.21481371252069
SRR10070133	37349	8	29.03435915444164
SRR10070134	37349	8	54.29981589971901
SRR10070141	37349	8	31.3741321479327
SRR10070149	37349	8	63.60594137364232
SRR10070150	37349	8	64.73919662199751
SRR10070151	37349	8	63.86201621834289
SRR10102392	37349	8	42.55768097364196
SRR10102393	37349	8	43.06374814963716
SRR10102394	37349	8	42.49794293231896
SRR10070130	37349	9	52.12744882334481
SRR10070131	37349	9	54.58156827464902
SRR10070133	37349	9	29.03435915444164
SRR10070134	37349	9	54.47560040934803
SRR10070141	37349	9	31.3741321479327
SRR10070149	37349	9	63.62690208272242
SRR10070150	37349	9	64.7689294043912
SRR10070151	37349	9	63.7303702371205
SRR10102392	37349	9	42.53247723841771
SRR10102393	37349	9	43.10478797831389
SRR10102394	37349	9	42.57359364851941
SRR10070130	37349	10	52.08526786048422
SRR10070131	37349	10	54.33856364048169
SRR10070133	37349	10	28.95637070495753
SRR10070134	37349	10	54.45762836889224
SRR10070141	37349	10	31.3741321479327
SRR10070149	37349	10	63.59585356318558
SRR10070150	37349	10	64.4436143765501
SRR10070151	37349	10	63.86201621834289
SRR10102392	37349	10	42.44953310848065
SRR10102393	37349	10	43.12207016066465
SRR10102394	37349	10	42.60606686994065
SRR10070130	37651	1	52.10428735118006
SRR10070131	37651	1	54.54809230960867
SRR10070133	37651	1	29.03435915444164
SRR10070134	37651	1	53.72325619609654
SRR10070141	37651	1	31.3741321479327
SRR10070149	37651	1	63.6629993280133
SRR10070150	37651	1	64.59281345940963
SRR10070151	37651	1	62.91745694223893
SRR10102392	37651	1	42.55768097864195
SRR10102393	37651	1	43.09135816150162
SRR10102394	37651	1	42.48756992481282
SRR10070130	37651	2	52.08526786048422
SRR10070131	37651	2	54.11212638393248
SRR10070133	37651	2	29.03435915444164
SRR10070134	37651	2	54.18221482906712
SRR10070141	37651	2	31.3741321479327
SRR10070149	37651	2	63.6629993280133
SRR10070150	37651	2	64.7689294043912
SRR10070151	37651	2	63.78106220308792
SRR10102392	37651	2	42.44953310848065
SRR10102393	37651	2	43.09512185674909
SRR10102394	37651	2	42.60606686994065
SRR10070130	37651	3	52.09717526849816
SRR10070131	37651	3	54.32234841048679
SRR10070133	37651	3	29.03435915444164
SRR10070134	37651	3	53.99209851168887
SRR10070141	37651	3	31.3741321479327
SRR10070149	37651	3	62.10647494697183
SRR10070150	37651	3	64.37293671648784
SRR10070151	37651	3	63.86201621834289
SRR10102392	37651	3	42.55768097864195
SRR10102393	37651	3	42.80389189414497
SRR10102394	37651	3	42.5443756565415
SRR10070130	37651	4	52.20136309791813
SRR10070131	37651	4	53.86698829358406
SRR10070133	37651	4	29.03435915444164
SRR10070134	37651	4	54.70679585917713
SRR10070141	37651	4	31.3741321479327
SRR10070149	37651	4	63.46726472561414
SRR10070150	37651	4	64.7689294043912
SRR10070151	37651	4	63.86201621834289
SRR10102392	37651	4	42.55768097864195
SRR10102393	37651	4	43.12207016066465
SRR10102394	37651	4	42.60606686994065
SRR10070130	37651	5	52.20136309791813
SRR10070131	37651	5	54.45366267370022
SRR10070133	37651	5	29.03435915444164
SRR10070134	37651	5	54.24712018117872
SRR10070141	37651	5	31.3741321479327
SRR10070149	37651	5	63.6629993280133
SRR10070150	37651	5	64.7689294043912
SRR10070151	37651	5	63.78106220308792
SRR10102392	37651	5	42.50062302427098
SRR10102393	37651	5	43.02925421446499
SRR10102394	37651	5	42.60606686994065
SRR10070130	37651	6	51.8883097349153
SRR10070131	37651	6	54.32613832864061
SRR10070133	37651	6	28.96885385962561
SRR10070134	37651	6	54.46092131218626
SRR10070141	37651	6	31.3741321479327
SRR10070149	37651	6	63.57688702494192
SRR10070150	37651	6	64.50379227166832
SRR10070151	37651	6	63.86201621834289
SRR10102392	37651	6	42.55768097864195
SRR10102393	37651	6	43.01197203211424
SRR10102394	37651	6	42.60024988501896
SRR10070130	37651	7	52.05344368521581
SRR10070131	37651	7	54.6200609926503
SRR10070133	37651	7	29.03435915444164
SRR10070134	37651	7	54.5697156125945
SRR10070141	37651	7	31.3741321479327
SRR10070149	37651	7	63.60594137364232
SRR10070150	37651	7	64.59281345940963
SRR10070151	37651	7	63.86201621834289
SRR10102392	37651	7	42.44953310848065
SRR10102393	37651	7	43.12207016066465
SRR10102394	37651	7	42.60606686994065
SRR10070130	37651	8	52.12417575593684
SRR10070131	37651	8	54.11243430687076
SRR10070133	37651	8	28.96885385962561
SRR10070134	37651	8	54.21824469658178
SRR10070141	37651	8	31.3741321479327
SRR10070149	37651	8	63.6629993280133
SRR10070150	37651	8	64.70964099904359
SRR10070151	37651	8	63.86201621834289
SRR10102392	37651	8	42.55768097864195
SRR10102393	37651	8	43.09135816150162
SRR10102394	37651	8	42.60606686994065
SRR10070130	37651	9	51.94359651829694
SRR10070131	37651	9	54.4521664113175
SRR10070133	37651	9	29.03435915444164
SRR10070134	37651	9	54.46980854731844
SRR10070141	37651	9	31.3741321479327
SRR10070149	37651	9	63.56756776829415
SRR10070150	37651	9	64.7689294043912
SRR10070151	37651	9	63.86201621834289
SRR10102392	37651	9	42.55768097864195
SRR10102393	37651	9	43.10567807473059
SRR10102394	37651	9	42.60606686994065
SRR10070130	37651	10	52.20136309791813
SRR10070131	37651	10	53.93246947182546
SRR10070133	37651	10	28.95637070495753
SRR10070134	37651	10	54.19393181337836
SRR10070141	37651	10	31.3741321479327
SRR10070149	37651	10	63.57834196069443
SRR10070150	37651	10	64.52932553663686
SRR10070151	37651	10	63.74681514802609
SRR10102392	37651	10	42.44953310848065
SRR10102393	37651	10	43.12207016066465
SRR10102394	37651	10	42.60606686994065
SRR10070130	37952	1	51.99232940986519
SRR10070131	37952	1	54.31062183784283
SRR10070133	37952	1	28.95637070495753
SRR10070134	37952	1	54.59733383255405
SRR10070141	37952	1	31.3741321479327
SRR10070149	37952	1	63.63916382637971
SRR10070150	37952	1	64.65764970024884
SRR10070151	37952	1	63.86201621834289
SRR10102392	37952	1	42.54568795321241
SRR10102393	37952	1	43.12207016066465
SRR10102394	37952	1	42.60606686994065
SRR10070130	37952	2	52.16254162978838
SRR10070131	37952	2	54.05708633618391
SRR10070133	37952	2	29.03435915444164
SRR10070134	37952	2	53.9339030609441
SRR10070141	37952	2	31.3741321479327
SRR10070149	37952	2	63.6629993280133
SRR10070150	37952	2	64.65493931174115
SRR10070151	37952	2	63.86201621834289
SRR10102392	37952	2	42.55768097864195
SRR10102393	37952	2	43.02925421446499
SRR10102394	37952	2	41.41557512306245
SRR10070130	37952	3	52.20136309791813
SRR10070131	37952	3	54.44733667209706
SRR10070133	37952	3	29.03435915444164
SRR10070134	37952	3	54.32394102998403
SRR10070141	37952	3	31.3741321479327
SRR10070149	37952	3	63.6629993280133
SRR10070150	37952	3	64.70544148161844
SRR10070151	37952	3	63.86201621834289
SRR10102392	37952	3	42.55768097864195
SRR10102393	37952	3	43.12207016066465
SRR10102394	37952	3	42.60606686994065
SRR10070130	37952	4	52.20136309791813
SRR10070131	37952	4	54.60659273794934
SRR10070133	37952	4	29.03435915444164
SRR10070134	37952	4	54.34724008299973
SRR10070141	37952	4	31.3741321479327
SRR10070149	37952	4	63.59789841321462
SRR10070150	37952	4	64.7689294043912
SRR10070151	37952	4	63.86201621834289
SRR10102392	37952	4	42.55768097864195
SRR10102393	37952	4	43.09135816150162
SRR10102394	37952	4	42.60606686994065
SRR10070130	37952	5	52.20136309791813
SRR10070131	37952	5	54.56034988525406
SRR10070133	37952	5	29.03435915444164
SRR10070134	37952	5	54.09827990349014
SRR10070141	37952	5	31.3741321479327
SRR10070149	37952	5	62.2250922431907
SRR10070150	37952	5	64.7689294043912
SRR10070151	37952	5	63.86201621834289
SRR10102392	37952	5	42.55768097864195
SRR10102393	37952	5	43.09135816150162
SRR10102394	37952	5	42.60606686994065
SRR10070130	37952	6	51.80167641750994
SRR10070131	37952	6	54.56963899766177
SRR10070133	37952	6	28.95637070495753
SRR10070134	37952	6	54.50851417894335
SRR10070141	37952	6	31.3741321479327
SRR10070149	37952	6	63.6629993280133
SRR10070150	37952	6	64.7689294043912
SRR10070151	37952	6	63.86201621834289
SRR10102392	37952	6	42.55768097864195
SRR10102393	37952	6	41.98454803691064
SRR10102394	37952	6	42.60606686994065
SRR10070130	37952	7	52.20136309791813
SRR10070131	37952	7	54.63139552831611
SRR10070133	37952	7	29.03435915444164
SRR10070134	37952	7	54.60397053657663
SRR10070141	37952	7	31.3741321479327
SRR10070149	37952	7	63.6629993280133
SRR10070150	37952	7	64.68738248264253
SRR10070151	37952	7	63.82028227355432
SRR10102392	37952	7	42.54164668472215
SRR10102393	37952	7	42.98718112960275
SRR10102394	37952	7	42.60606686994065
SRR10070130	37952	8	52.20136309791813
SRR10070131	37952	8	54.4521664113175
SRR10070133	37952	8	29.03435915444164
SRR10070134	37952	8	54.3107138723459
SRR10070141	37952	8	31.3741321479327
SRR10070149	37952	8	63.6629993280133
SRR10070150	37952	8	64.70660396696026
SRR10070151	37952	8	63.86201621834289
SRR10102392	37952	8	42.55768097864195
SRR10102393	37952	8	43.12207016066465
SRR10102394	37952	8	42.60606686994065
SRR10070130	37952	9	51.84932011231547
SRR10070131	37952	9	54.29810449689589
SRR10070133	37952	9	29.03435915444164
SRR10070134	37952	9	54.20699461185005
SRR10070141	37952	9	31.3741321479327
SRR10070149	37952	9	63.6629993280133
SRR10070150	37952	9	64.68738248264253
SRR10070151	37952	9	63.79606045652282
SRR10102392	37952	9	42.55768097864195
SRR10102393	37952	9	42.99854221530196
SRR10102394	37952	9	42.60606686994065
SRR10070130	37952	10	51.60580246527205
SRR10070131	37952	10	54.5016878193613
SRR10070133	37952	10	28.98593904803745
SRR10070134	37952	10	54.52647037842291
SRR10070141	37952	10	31.3741321479327
SRR10070149	37952	10	62.26073307150214
SRR10070150	37952	10	64.73919662199751
SRR10070151	37952	10	63.80535619668763
SRR10102392	37952	10	42.44953310848065
SRR10102393	37952	10	43.02925421446499
SRR10102394	37952	10	42.60606686994065
SRR10070130	38253	1	51.8883097349153
SRR10070131	38253	1	54.3286713056635
SRR10070133	38253	1	29.03435915444164
SRR10070134	38253	1	54.54235953747155
SRR10070141	38253	1	31.3741321479327
SRR10070149	38253	1	63.6629993280133
SRR10070150	38253	1	64.47882336675957
SRR10070151	38253	1	63.86201621834289
SRR10102392	38253	1	42.55768097864195
SRR10102393	38253	1	43.10567807473059
SRR10102394	38253	1	42.60606686994065
SRR10070130	38253	2	52.20136309791813
SRR10070131	38253	2	54.31663437828745
SRR10070133	38253	2	29.03435915444164
SRR10070134	38253	2	54.70679585917713
SRR10070141	38253	2	31.3741321479327
SRR10070149	38253	2	63.6629993280133
SRR10070150	38253	2	64.55886357761756
SRR10070151	38253	2	62.9984109574939
SRR10102392	38253	2	42.55768097864195
SRR10102393	38253	2	43.0745536850002
SRR10102394	38253	2	42.60606686994065
SRR10070130	38253	3	51.8883097349153
SRR10070131	38253	3	54.45366267370022
SRR10070133	38253	3	29.03435915444164
SRR10070134	38253	3	54.478320824364
SRR10070141	38253	3	31.3741321479327
SRR10070149	38253	3	63.60594137364232
SRR10070150	38253	3	64.68738248264253
SRR10070151	38253	3	63.86201621834289
SRR10102392	38253	3	42.54269444403901
SRR10102393	38253	3	43.12207016066465
SRR10102394	38253	3	42.60606686994065
SRR10070130	38253	4	52.20136309791813
SRR10070131	38253	4	54.5759559518095
SRR10070133	38253	4	28.95637070495753
SRR10070134	38253	4	54.01158691520555
SRR10070141	38253	4	31.3741321479327
SRR10070149	38253	4	63.6629993280133
SRR10070150	38253	4	64.58532250691042
SRR10070151	38253	4	63.86201621834289
SRR10102392	38253	4	42.55768097864195
SRR10102393	38253	4	43.09135816150162
SRR10102394	38253	4	42.60606686994065
SRR10070130	38253	5	52.05835380036841
SRR10070131	38253	5	54.63139552831611
SRR10070133	38253	5	29.03435915444164
SRR10070134	38253	5	54.14040815786905
SRR10070141	38253	5	31.3741321479327
SRR10070149	38253	5	63.64062800982201
SRR10070150	38253	5	64.59281345940963
SRR10070151	38253	5	63.75275091324102
SRR10102392	38253	5	42.44953310848065
SRR10102393	38253	5	43.12207016066465
SRR10102394	38253	5	42.60606686994065
SRR10070130	38253	6	51.90389268908296
SRR10070131	38253	6	54.14358301489589
SRR10070133	38253	6	29.03435915444164
SRR10070134	38253	6	54.67859978266972
SRR10070141	38253	6	31.3741321479327
SRR10070149	38253	6	63.58883900546634
SRR10070150	38253	6	64.55886357761756
SRR10070151	38253	6	63.86201621834289
SRR10102392	38253	6	42.55768097864195
SRR10102393	38253	6	42.96741782557157
SRR10102394	38253	6	42.60606686994065
SRR10070130	38253	7	51.8883097349153
SRR10070131	38253	7	54.5759559518095
SRR10070133	38253	7	29.03435915444164
SRR10070134	38253	7	54.68260500862123
SRR10070141	38253	7	31.3741321479327
SRR10070149	38253	7	63.6629993280133
SRR10070150	38253	7	64.7455093555136
SRR10070151	38253	7	63.86201621834289
SRR10102392	38253	7	42.44953310848065
SRR10102393	38253	7	43.12207016066465
SRR10102394	38253	7	42.60606686994065
SRR10070130	38253	8	51.90769626670043
SRR10070131	38253	8	54.36813837498388
SRR10070133	38253	8	29.03435915444164
SRR10070134	38253	8	54.19827311063283
SRR10070141	38253	8	31.3741321479327
SRR10070149	38253	8	63.6629993280133
SRR10070150	38253	8	64.73919662199751
SRR10070151	38253	8	63.86201621834289
SRR10102392	38253	8	42.44953310848065
SRR10102393	38253	8	43.12207016066465
SRR10102394	38253	8	42.60606686994065
SRR10070130	38253	9	51.8883097349153
SRR10070131	38253	9	54.63139552831611
SRR10070133	38253	9	29.03435915444164
SRR10070134	38253	9	54.41194207877608
SRR10070141	38253	9	31.3741321479327
SRR10070149	38253	9	63.6629993280133
SRR10070150	38253	9	64.55886357761756
SRR10070151	38253	9	63.86201621834289
SRR10102392	38253	9	42.44953310848065
SRR10102393	38253	9	43.10478797831389
SRR10102394	38253	9	41.46854474618667
SRR10070130	38253	10	52.18578419897351
SRR10070131	38253	10	54.36699429840863
SRR10070133	38253	10	29.03435915444164
SRR10070134	38253	10	54.00195425367308
SRR10070141	38253	10	31.3741321479327
SRR10070149	38253	10	63.54078977965104
SRR10070150	38253	10	64.65493931174115
SRR10070151	38253	10	63.86201621834289
SRR10102392	38253	10	42.44953310848065
SRR10102393	38253	10	43.10567807473059
SRR10102394	38253	10	42.60606686994065
SRR10070130	38554	1	52.20136309791813
SRR10070131	38554	1	54.19790320086375
SRR10070133	38554	1	29.03435915444164
SRR10070134	38554	1	54.41132820115177
SRR10070141	38554	1	31.3741321479327
SRR10070149	38554	1	63.6629993280133
SRR10070150	38554	1	64.44024611963499
SRR10070151	38554	1	63.83829850573193
SRR10102392	38554	1	42.55768097864195
SRR10102393	38554	1	43.09512185674909
SRR10102394	38554	1	42.60606686994065
SRR10070130	38554	2	51.63857346288385
SRR10070131	38554	2	54.21515552932599
SRR10070133	38554	2	28.95637070495753
SRR10070134	38554	2	54.35911803188365
SRR10070141	38554	2	31.3741321479327
SRR10070149	38554	2	63.53434531555676
SRR10070150	38554	2	64.7689294043912
SRR10070151	38554	2	63.86201621834289
SRR10102392	38554	2	42.44953310848065
SRR10102393	38554	2	43.12207016066465
SRR10102394	38554	2	42.48280029862287
SRR10070130	38554	3	52.20136309791813
SRR10070131	38554	3	54.3809948109459
SRR10070133	38554	3	29.03435915444164
SRR10070134	38554	3	54.02718852946162
SRR10070141	38554	3	31.3741321479327
SRR10070149	38554	3	63.6629993280133
SRR10070150	38554	3	64.73035215726662
SRR10070151	38554	3	63.86201621834289
SRR10102392	38554	3	42.55768097864195
SRR10102393	38554	3	42.99854221530196
SRR10102394	38554	3	41.46854474618667
SRR10070130	38554	4	51.99232940986519
SRR10070131	38554	4	54.63139552831611
SRR10070133	38554	4	29.03435915444164
SRR10070134	38554	4	54.62888890356151
SRR10070141	38554	4	31.3741321479327
SRR10070149	38554	4	63.60594137364232
SRR10070150	38554	4	64.7689294043912
SRR10070151	38554	4	63.78106220308792
SRR10102392	38554	4	42.55768097864195
SRR10102393	38554	4	43.12207016066465
SRR10102394	38554	4	42.60606686994065
SRR10070130	38554	5	52.20136309791813
SRR10070131	38554	5	54.41121269005433
SRR10070133	38554	5	29.03435915444164
SRR10070134	38554	5	54.70679585917713
SRR10070141	38554	5	31.3741321479327
SRR10070149	38554	5	63.6629993280133
SRR10070150	38554	5	64.57832597959623
SRR10070151	38554	5	63.86201621834289
SRR10102392	38554	5	42.42532825455852
SRR10102393	38554	5	43.12207016066465
SRR10102394	38554	5	42.60606686994065
SRR10070130	38554	6	52.08526786048422
SRR10070131	38554	6	54.45366267370022
SRR10070133	38554	6	28.96885385962561
SRR10070134	38554	6	54.17448878104658
SRR10070141	38554	6	31.3741321479327
SRR10070149	38554	6	62.3348933940491
SRR10070150	38554	6	64.49957517226994
SRR10070151	38554	6	63.82658892577855
SRR10102392	38554	6	42.42432936825641
SRR10102393	38554	6	43.01286212853093
SRR10102394	38554	6	42.60606686994065
SRR10070130	38554	7	52.20136309791813
SRR10070131	38554	7	54.63139552831611
SRR10070133	38554	7	29.03435915444164
SRR10070134	38554	7	54.29352397794001
SRR10070141	38554	7	31.3741321479327
SRR10070149	38554	7	63.57688702494192
SRR10070150	38554	7	64.70964099904359
SRR10070151	38554	7	63.78106220308792
SRR10102392	38554	7	42.44953310848065
SRR10102393	38554	7	43.10478797831389
SRR10102394	38554	7	42.60606686994065
SRR10070130	38554	8	52.20136309791813
SRR10070131	38554	8	54.63139552831611
SRR10070133	38554	8	28.96885385962561
SRR10070134	38554	8	53.63344501473802
SRR10070141	38554	8	31.3741321479327
SRR10070149	38554	8	63.6629993280133
SRR10070150	38554	8	64.6177656778118
SRR10070151	38554	8	63.8385961694653
SRR10102392	38554	8	42.55768097864195
SRR10102393	38554	8	43.12207016066465
SRR10102394	38554	8	42.56726340800156
SRR10070130	38554	9	52.12569767613421
SRR10070131	38554	9	54.44733667209706
SRR10070133	38554	9	28.98743716362982
SRR10070134	38554	9	54.32970088676409
SRR10070141	38554	9	31.3741321479327
SRR10070149	38554	9	63.60594137364232
SRR10070150	38554	9	64.7689294043912
SRR10070151	38554	9	63.86201621834289
SRR10102392	38554	9	42.55768097864195
SRR10102393	38554	9	43.10567807473059
SRR10102394	38554	9	42.60606686994065
SRR10070130	38554	10	52.20136309791813
SRR10070131	38554	10	54.55882999788931
SRR10070133	38554	10	29.03435915444164
SRR10070134	38554	10	54.25639398976222
SRR10070141	38554	10	31.3741321479327
SRR10070149	38554	10	63.6629993280133
SRR10070150	38554	10	64.73919662199751
SRR10070151	38554	10	63.78820260687724
SRR10102392	38554	10	42.55768097864195
SRR10102393	38554	10	43.09094577093425
SRR10102394	38554	10	42.60606686994065
SRR10070130	38855	1	52.20136309791813
SRR10070131	38855	1	54.40216718054338
SRR10070133	38855	1	29.03435915444164
SRR10070134	38855	1	54.55466645493032
SRR10070141	38855	1	31.3741321479327
SRR10070149	38855	1	63.6629993280133
SRR10070150	38855	1	64.52913079522386
SRR10070151	38855	1	63.86201621834289
SRR10102392	38855	1	42.44953310848065
SRR10102393	38855	1	43.12207016066465
SRR10102394	38855	1	42.55599775388469
SRR10070130	38855	2	51.86551530383984
SRR10070131	38855	2	54.273259722752
SRR10070133	38855	2	29.03435915444164
SRR10070134	38855	2	54.02023313548759
SRR10070141	38855	2	31.3741321479327
SRR10070149	38855	2	63.64794268903488
SRR10070150	38855	2	64.41802825052127
SRR10070151	38855	2	63.86201621834289
SRR10102392	38855	2	42.55768097864195
SRR10102393	38855	2	43.10567807473059
SRR10102394	38855	2	41.46854474618667
SRR10070130	38855	3	52.20136309791813
SRR10070131	38855	3	54.63139552831611
SRR10070133	38855	3	29.03435915444164
SRR10070134	38855	3	54.62748085536043
SRR10070141	38855	3	31.3741321479327
SRR10070149	38855	3	63.60594137364232
SRR10070150	38855	3	64.70544148161844
SRR10070151	38855	3	63.86201621834289
SRR10102392	38855	3	42.50062302427098
SRR10102393	38855	3	43.12207016066465
SRR10102394	38855	3	41.46854474618667
SRR10070130	38855	4	52.09717526849816
SRR10070131	38855	4	54.63139552831611
SRR10070133	38855	4	29.03435915444164
SRR10070134	38855	4	54.62059841884052
SRR10070141	38855	4	31.3741321479327
SRR10070149	38855	4	63.6629993280133
SRR10070150	38855	4	64.55423621228505
SRR10070151	38855	4	63.82658892577855
SRR10102392	38855	4	42.55768097864195
SRR10102393	38855	4	43.12207016066465
SRR10102394	38855	4	42.58613136820127
SRR10070130	38855	5	51.99232940986519
SRR10070131	38855	5	54.63139552831611
SRR10070133	38855	5	29.03435915444164
SRR10070134	38855	5	54.17758520229579
SRR10070141	38855	5	31.3741321479327
SRR10070149	38855	5	63.58039545199999
SRR10070150	38855	5	64.6053577765806
SRR10070151	38855	5	63.8385961694653
SRR10102392	38855	5	42.48873414026305
SRR10102393	38855	5	42.96538486125708
SRR10102394	38855	5	42.60606686994065
SRR10070130	38855	6	51.72448907552864
SRR10070131	38855	6	54.21360578807273
SRR10070133	38855	6	29.03435915444164
SRR10070134	38855	6	54.34199175446287
SRR10070141	38855	6	31.3741321479327
SRR10070149	38855	6	62.2346631472668
SRR10070150	38855	6	64.70964099904359
SRR10070151	38855	6	63.86201621834289
SRR10102392	38855	6	42.55768097864195
SRR10102393	38855	6	43.12207016066465
SRR10102394	38855	6	42.5443756565415
SRR10070130	38855	7	52.10428735118006
SRR10070131	38855	7	54.35299716377833
SRR10070133	38855	7	29.03435915444164
SRR10070134	38855	7	54.54894632575906
SRR10070141	38855	7	31.3741321479327
SRR10070149	38855	7	63.62750051521861
SRR10070150	38855	7	64.47882336675957
SRR10070151	38855	7	63.86201621834289
SRR10102392	38855	7	42.55768097864195
SRR10102393	38855	7	43.09135816150162
SRR10102394	38855	7	42.60606686994065
SRR10070130	38855	8	52.02326099392484
SRR10070131	38855	8	54.3796008808907
SRR10070133	38855	8	29.03435915444164
SRR10070134	38855	8	54.1474784179856
SRR10070141	38855	8	31.3741321479327
SRR10070149	38855	8	63.62690208272242
SRR10070150	38855	8	64.66396243376494
SRR10070151	38855	8	63.82658892577855
SRR10102392	38855	8	42.55768097864195
SRR10102393	38855	8	43.12207016066465
SRR10102394	38855	8	42.60606686994065
SRR10070130	38855	9	51.68558118007603
SRR10070131	38855	9	54.62065783503547
SRR10070133	38855	9	28.96885385962561
SRR10070134	38855	9	54.11984560413849
SRR10070141	38855	9	31.3741321479327
SRR10070149	38855	9	63.6629993280133
SRR10070150	38855	9	64.73035215726662
SRR10070151	38855	9	63.86201621834289
SRR10102392	38855	9	42.55768097864195
SRR10102393	38855	9	43.02925421446499
SRR10102394	38855	9	42.58901115171243
SRR10070130	38855	10	51.85822590119903
SRR10070131	38855	10	54.26836940634146
SRR10070133	38855	10	28.92193186881379
SRR10070134	38855	10	54.52633741525103
SRR10070141	38855	10	31.3741321479327
SRR10070149	38855	10	63.57688702494192
SRR10070150	38855	10	64.51126653766096
SRR10070151	38855	10	63.86201621834289
SRR10102392	38855	10	42.55768097864195
SRR10102393	38855	10	43.07496607556756
SRR10102394	38855	10	42.60606686994065
SRR10070130	39157	1	51.90769626670043
SRR10070131	39157	1	54.58697866624183
SRR10070133	39157	1	29.03435915444164
SRR10070134	39157	1	54.23247897732983
SRR10070141	39157	1	31.3741321479327
SRR10070149	39157	1	63.64199100158584
SRR10070150	39157	1	64.64880523551795
SRR10070151	39157	1	63.86201621834289
SRR10102392	39157	1	42.53247723841771
SRR10102393	39157	1	43.02925421446499
SRR10102394	39157	1	42.60606686994065
SRR10070130	39157	2	52.14352860678444
SRR10070131	39157	2	54.63139552831611
SRR10070133	39157	2	29.03435915444164
SRR10070134	39157	2	54.70679585917713
SRR10070141	39157	2	31.3741321479327
SRR10070149	39157	2	63.64623401292765
SRR10070150	39157	2	64.7689294043912
SRR10070151	39157	2	63.86201621834289
SRR10102392	39157	2	42.55768097864195
SRR10102393	39157	2	43.10567807473059
SRR10102394	39157	2	42.60606686994065
SRR10070130	39157	3	52.02710433867286
SRR10070131	39157	3	54.54528322524473
SRR10070133	39157	3	29.03435915444164
SRR10070134	39157	3	54.25473780578928
SRR10070141	39157	3	31.3741321479327
SRR10070149	39157	3	62.3348933940491
SRR10070150	39157	3	64.59281345940963
SRR10070151	39157	3	63.78106220308792
SRR10102392	39157	3	42.55768097864195
SRR10102393	39157	3	43.02925421446499
SRR10102394	39157	3	42.60606686994065
SRR10070130	39157	4	52.11472978051277
SRR10070131	39157	4	54.4206587419574
SRR10070133	39157	4	28.96885385962561
SRR10070134	39157	4	54.57886837704898
SRR10070141	39157	4	31.3741321479327
SRR10070149	39157	4	63.60594137364232
SRR10070150	39157	4	64.7689294043912
SRR10070151	39157	4	63.86201621834289
SRR10102392	39157	4	42.55768097864195
SRR10102393	39157	4	41.89173209071099
SRR10102394	39157	4	42.60606686994065
SRR10070130	39157	5	52.20136309291814
SRR10070131	39157	5	54.4521664113175
SRR10070133	39157	5	28.96885385962561
SRR10070134	39157	5	54.49562397196179
SRR10070141	39157	5	31.3741321479327
SRR10070149	39157	5	63.59585356318558
SRR10070150	39157	5	64.70964099904359
SRR10070151	39157	5	63.86201621834289
SRR10102392	39157	5	42.55768097864195
SRR10102393	39157	5	43.12207016066465
SRR10102394	39157	5	42.60606686994065
SRR10070130	39157	6	51.87742271185378
SRR10070131	39157	6	54.48835469245873
SRR10070133	39157	6	29.03435915444164
SRR10070134	39157	6	54.22602752778776
SRR10070141	39157	6	31.3741321479327
SRR10070149	39157	6	63.62690208272242
SRR10070150	39157	6	64.70964099904359
SRR10070151	39157	6	63.86201621834289
SRR10102392	39157	6	42.55768097864195
SRR10102393	39157	6	43.11420403790477
SRR10102394	39157	6	42.60606686994065
SRR10070130	39157	7	51.9422585629345
SRR10070131	39157	7	54.45366267370022
SRR10070133	39157	7	29.03435915444164
SRR10070134	39157	7	54.44666701081189
SRR10070141	39157	7	31.3741321479327
SRR10070149	39157	7	63.63916382637971
SRR10070150	39157	7	64.68738248264253
SRR10070151	39157	7	63.81075701173496
SRR10102392	39157	7	42.55768097864195
SRR10102393	39157	7	43.10567807473059
SRR10102394	39157	7	42.60606686994065
SRR10070130	39157	8	52.20136309791813
SRR10070131	39157	8	54.56034988525406
SRR10070133	39157	8	28.95637070495753
SRR10070134	39157	8	54.10522000633971
SRR10070141	39157	8	31.3741321479327
SRR10070149	39157	8	63.60594137364232
SRR10070150	39157	8	64.41382873309612
SRR10070151	39157	8	63.86201621834289
SRR10102392	39157	8	42.48791898248449
SRR10102393	39157	8	43.07496607556756
SRR10102394	39157	8	42.60606686994065
SRR10070130	39157	9	51.90802514802311
SRR10070131	39157	9	54.63139552831611
SRR10070133	39157	9	29.03435915444164
SRR10070134	39157	9	54.5023179049869
SRR10070141	39157	9	31.3741321479327
SRR10070149	39157	9	63.6629993280133
SRR10070150	39157	9	64.55423621228505
SRR10070151	39157	9	63.78106220308792
SRR10102392	39157	9	42.42432936825641
SRR10102393	39157	9	43.02925421446499
SRR10102394	39157	9	42.60606686994065
SRR10070130	39157	10	52.20136309791813
SRR10070131	39157	10	54.55882999788931
SRR10070133	39157	10	29.03435915444164
SRR10070134	39157	10	54.45762836889224
SRR10070141	39157	10	31.3741321479327
SRR10070149	39157	10	63.6629993280133
SRR10070150	39157	10	64.59281345940963
SRR10070151	39157	10	63.86201621834289
SRR10102392	39157	10	42.55768097864195
SRR10102393	39157	10	43.11625317574295
SRR10102394	39157	10	42.51838819905748
SRR10070130	39458	1	51.99232940986519
SRR10070131	39458	1	54.46582118667054
SRR10070133	39458	1	29.03435915444164
SRR10070134	39458	1	54.35020903454023
SRR10070141	39458	1	31.3741321479327
SRR10070149	39458	1	63.62690208272242
SRR10070150	39458	1	64.6149423524721
SRR10070151	39458	1	63.86201621834289
SRR10102392	39458	1	42.55768097864195
SRR10102393	39458	1	43.12207016066465
SRR10102394	39458	1	42.60606686994065
SRR10070130	39458	2	52.20136309791813
SRR10070131	39458	2	54.35404183295517
SRR10070133	39458	2	29.03435915444164
SRR10070134	39458	2	54.58065827897381
SRR10070141	39458	2	31.3741321479327
SRR10070149	39458	2	62.27783543967813
SRR10070150	39458	2	64.68738248264253
SRR10070151	39458	2	63.86201621834289
SRR10102392	39458	2	42.55768097864195
SRR10102393	39458	2	43.12207016066465
SRR10102394	39458	2	42.60606686994065
SRR10070130	39458	3	51.99232940986519
SRR10070131	39458	3	54.16982586750723
SRR10070133	39458	3	28.98743716362982
SRR10070134	39458	3	54.34206729339537
SRR10070141	39458	3	31.3741321479327
SRR10070149	39458	3	63.59789841321462
SRR10070150	39458	3	64.6149423524721
SRR10070151	39458	3	63.86201621834289
SRR10102392	39458	3	42.55768097864195
SRR10102393	39458	3	43.12207016066465
SRR10102394	39458	3	42.60606686994065
SRR10070130	39458	4	51.95432184454511
SRR10070131	39458	4	54.5759559518095
SRR10070133	39458	4	28.91811995306531
SRR10070134	39458	4	54.32054812230961
SRR10070141	39458	4	31.3741321479327
SRR10070149	39458	4	63.62690208272242
SRR10070150	39458	4	64.7689294043912
SRR10070151	39458	4	63.86201621834289
SRR10102392	39458	4	42.55768097864195
SRR10102393	39458	4	42.96254538637523
SRR10102394	39458	4	42.60606686994065
SRR10070130	39458	5	52.09717526849816
SRR10070131	39458	5	54.49344256101379
SRR10070133	39458	5	28.95637070495753
SRR10070134	39458	5	54.3225873465741
SRR10070141	39458	5	31.3741321479327
SRR10070149	39458	5	63.6629993280133
SRR10070150	39458	5	64.68401086581707
SRR10070151	39458	5	63.86201621834289
SRR10102392	39458	5	42.50062302427098
SRR10102393	39458	5	43.09836930871758
SRR10102394	39458	5	42.57359364851941
SRR10070130	39458	6	52.08526786048422
SRR10070131	39458	6	54.63139552831611
SRR10070133	39458	6	29.03435915444164
SRR10070134	39458	6	54.07096398101755
SRR10070141	39458	6	31.3741321479327
SRR10070149	39458	6	63.60594137364232
SRR10070150	39458	6	64.7369895951806
SRR10070151	39458	6	62.9984109574939
SRR10102392	39458	6	42.55768097864195
SRR10102393	39458	6	43.12207016066465
SRR10102394	39458	6	42.60606686994065
SRR10070130	39458	7	51.90716575649093
SRR10070131	39458	7	54.04942097921938
SRR10070133	39458	7	29.03435915444164
SRR10070134	39458	7	54.5297754677278
SRR10070141	39458	7	31.3741321479327
SRR10070149	39458	7	63.64062800982201
SRR10070150	39458	7	64.7689294043912
SRR10070151	39458	7	63.86201621834289
SRR10102392	39458	7	42.50062302427098
SRR10102393	39458	7	43.12207016066465
SRR10102394	39458	7	42.60606686994065
SRR10070130	39458	8	51.942789073144
SRR10070131	39458	8	54.5407272700589
SRR10070133	39458	8	28.8908654101415
SRR10070134	39458	8	54.65695598118798
SRR10070141	39458	8	31.3741321479327
SRR10070149	39458	8	63.60594137364232
SRR10070150	39458	8	64.43873940874431
SRR10070151	39458	8	63.86201621834289
SRR10102392	39458	8	42.55768097864195
SRR10102393	39458	8	43.10567807473059
SRR10102394	39458	8	42.60606686994065
SRR10070130	39458	9	51.80487053159271
SRR10070131	39458	9	54.29992605244823
SRR10070133	39458	9	29.03435915444164
SRR10070134	39458	9	54.27585502670006
SRR10070141	39458	9	31.3741321479327
SRR10070149	39458	9	63.6629993280133
SRR10070150	39458	9	64.7689294043912
SRR10070151	39458	9	63.86201621834289
SRR10102392	39458	9	42.44953310848065
SRR10102393	39458	9	43.02925421446499
SRR10102394	39458	9	42.60606686994065
SRR10070130	39458	10	52.20136309791813
SRR10070131	39458	10	54.3517172670652
SRR10070133	39458	10	29.03435915444164
SRR10070134	39458	10	54.35165050721587
SRR10070141	39458	10	31.3741321479327
SRR10070149	39458	10	63.62690208272242
SRR10070150	39458	10	64.74716775789693
SRR10070151	39458	10	63.86201621834289
SRR10102392	39458	10	42.44953310848065
SRR10102393	39458	10	43.12207016066465
SRR10102394	39458	10	42.57359364851941
SRR10070130	39759	1	52.02326099392484
SRR10070131	39759	1	54.49344256101379
SRR10070133	39759	1	29.03435915444164
SRR10070134	39759	1	53.95434248218414
SRR10070141	39759	1	31.3741321479327
SRR10070149	39759	1	63.6629993280133
SRR10070150	39759	1	64.70964099904359
SRR10070151	39759	1	63.81075701173496
SRR10102392	39759	1	42.55768097864195
SRR10102393	39759	1	43.12207016066465
SRR10102394	39759	1	42.60606686994065
SRR10070130	39759	2	52.04645286004637
SRR10070131	39759	2	54.63139552831611
SRR10070133	39759	2	29.03435915444164
SRR10070134	39759	2	54.2669657483031
SRR10070141	39759	2	31.3741321479327
SRR10070149	39759	2	63.57688702494192
SRR10070150	39759	2	64.7689294043912
SRR10070151	39759	2	63.82028227355432
SRR10102392	39759	2	42.55768097864195
SRR10102393	39759	2	43.04104141934592
SRR10102394	39759	2	42.60606686994065
SRR10070130	39759	3	52.20136309791813
SRR10070131	39759	3	54.63139552831611
SRR10070133	39759	3	28.96885385962561
SRR10070134	39759	3	54.5480794674051
SRR10070141	39759	3	31.3741321479327
SRR10070149	39759	3	63.6629993280133
SRR10070150	39759	3	64.68623326364741
SRR10070151	39759	3	63.86201621834289
SRR10102392	39759	3	42.55768097864195
SRR10102393	39759	3	43.10567807473059
SRR10102394	39759	3	42.60606686994065
SRR10070130	39759	4	52.09717526849816
SRR10070131	39759	4	54.5016878193613
SRR10070133	39759	4	29.03435915444164
SRR10070134	39759	4	54.62059842384052
SRR10070141	39759	4	31.3741321479327
SRR10070149	39759	4	62.3348933940491
SRR10070150	39759	4	64.7689294043912
SRR10070151	39759	4	63.86201621834289
SRR10102392	39759	4	42.55768097864195
SRR10102393	39759	4	43.12207016066465
SRR10102394	39759	4	42.60606686994065
SRR10070130	39759	5	52.10428735118006
SRR10070131	39759	5	54.26297858566007
SRR10070133	39759	5	29.03435915444164
SRR10070134	39759	5	54.64618540220874
SRR10070141	39759	5	31.3741321479327
SRR10070149	39759	5	63.58883900546634
SRR10070150	39759	5	64.55886357761756
SRR10070151	39759	5	63.79391766581785
SRR10102392	39759	5	42.55768097864195
SRR10102393	39759	5	43.12207016066465
SRR10102394	39759	5	42.60606686994065
SRR10070130	39759	6	51.8883097349153
SRR10070131	39759	6	54.63139552831611
SRR10070133	39759	6	28.95637070495753
SRR10070134	39759	6	54.42921914780493
SRR10070141	39759	6	31.3741321479327
SRR10070149	39759	6	63.58883900546634
SRR10070150	39759	6	64.62520652934745
SRR10070151	39759	6	63.86201621834289
SRR10102392	39759	6	42.48873414026305
SRR10102393	39759	6	43.12207016066465
SRR10102394	39759	6	42.60606686994065
SRR10070130	39759	7	52.08526786048422
SRR10070131	39759	7	54.58156827464902
SRR10070133	39759	7	29.03435915444164
SRR10070134	39759	7	54.17803498080792
SRR10070141	39759	7	31.3741321479327
SRR10070149	39759	7	63.6629993280133
SRR10070150	39759	7	64.7689294043912
SRR10070151	39759	7	63.86201621834289
SRR10102392	39759	7	42.55768097864195
SRR10102393	39759	7	43.01286212853093
SRR10102394	39759	7	42.60606686994065
SRR10070130	39759	8	52.20136309791813
SRR10070131	39759	8	54.3889314038582
SRR10070133	39759	8	29.03435915444164
SRR10070134	39759	8	54.40527929088892
SRR10070141	39759	8	31.3741321479327
SRR10070149	39759	8	63.6629993280133
SRR10070150	39759	8	64.61493564490769
SRR10070151	39759	8	63.86201621834289
SRR10102392	39759	8	42.50062302427098
SRR10102393	39759	8	43.09135816150162
SRR10102394	39759	8	42.60606686994065
SRR10070130	39759	9	52.16429528656993
SRR10070131	39759	9	54.4206587419574
SRR10070133	39759	9	29.03435915444164
SRR10070134	39759	9	54.49653426281036
SRR10070141	39759	9	31.3741321479327
SRR10070149	39759	9	62.3348933940491
SRR10070150	39759	9	64.65493931174115
SRR10070151	39759	9	62.91745694223893
SRR10102392	39759	9	42.55768097864195
SRR10102393	39759	9	43.12207016066465
SRR10102394	39759	9	42.60606686994065
SRR10070130	39759	10	51.86687462433008
SRR10070131	39759	10	54.2429258873415
SRR10070133	39759	10	29.03435915444164
SRR10070134	39759	10	53.89521471705268
SRR10070141	39759	10	31.3741321479327
SRR10070149	39759	10	63.6629993280133
SRR10070150	39759	10	64.7689294043912
SRR10070151	39759	10	63.86201621834289
SRR10102392	39759	10	42.55768097864195
SRR10102393	39759	10	43.11406489179286
SRR10102394	39759	10	42.60606686994065
SRR10070130	40060	1	51.98071323770676
SRR10070131	40060	1	54.14088411232418
SRR10070133	40060	1	28.95637070495753
SRR10070134	40060	1	54.69016797191323
SRR10070141	40060	1	31.3741321479327
SRR10070149	40060	1	63.57529307508076
SRR10070150	40060	1	64.55886357761756
SRR10070151	40060	1	63.83410365516421
SRR10102392	40060	1	42.55768097864195
SRR10102393	40060	1	43.12207016066465
SRR10102394	40060	1	42.60606686994065
SRR10070130	40060	2	51.24068209033106
SRR10070131	40060	2	54.55882999788931
SRR10070133	40060	2	28.95637070495753
SRR10070134	40060	2	54.59396805523755
SRR10070141	40060	2	31.3741321479327
SRR10070149	40060	2	63.6629993280133
SRR10070150	40060	2	64.7400328705071
SRR10070151	40060	2	62.9984109574939
SRR10102392	40060	2	42.55768097864195
SRR10102393	40060	2	42.99854221530196
SRR10102394	40060	2	42.5443756565415
SRR10070130	40060	3	52.12744882334481
SRR10070131	40060	3	54.41121269005433
SRR10070133	40060	3	29.03435915444164
SRR10070134	40060	3	54.48519298402573
SRR10070141	40060	3	31.3741321479327
SRR10070149	40060	3	63.6629993280133
SRR10070150	40060	3	64.72008646949962
SRR10070151	40060	3	63.86201621834289
SRR10102392	40060	3	42.44953310848065
SRR10102393	40060	3	42.90983352586564
SRR10102394	40060	3	42.48756992481282
SRR10070130	40060	4	51.8883097349153
SRR10070131	40060	4	54.60659273794934
SRR10070133	40060	4	29.03435915444164
SRR10070134	40060	4	54.65106396705703
SRR10070141	40060	4	31.3741321479327
SRR10070149	40060	4	63.60594137364232
SRR10070150	40060	4	64.59281345940963
SRR10070151	40060	4	63.86201621834289
SRR10102392	40060	4	42.55768097864195
SRR10102393	40060	4	43.10567807473059
SRR10102394	40060	4	42.60606686994065
SRR10070130	40060	5	52.20136309791813
SRR10070131	40060	5	54.63139552831611
SRR10070133	40060	5	29.03435915444164
SRR10070134	40060	5	54.51178650456461
SRR10070141	40060	5	31.3741321479327
SRR10070149	40060	5	63.6629993280133
SRR10070150	40060	5	64.48211113242269
SRR10070151	40060	5	63.86201621834289
SRR10102392	40060	5	42.55768097864195
SRR10102393	40060	5	43.02925421446499
SRR10102394	40060	5	42.60606686994065
SRR10070130	40060	6	51.67927604686236
SRR10070131	40060	6	54.32234841048679
SRR10070133	40060	6	29.03435915444164
SRR10070134	40060	6	53.73457002741964
SRR10070141	40060	6	31.3741321479327
SRR10070149	40060	6	63.6629993280133
SRR10070150	40060	6	64.63166559645742
SRR10070151	40060	6	63.73729909034547
SRR10102392	40060	6	42.50062302427098
SRR10102393	40060	6	43.12207016066465
SRR10102394	40060	6	42.57359364851941
SRR10070130	40060	7	52.09717526849816
SRR10070131	40060	7	54.51988052971623
SRR10070133	40060	7	29.03435915444164
SRR10070134	40060	7	54.55466645493032
SRR10070141	40060	7	31.3741321479327
SRR10070149	40060	7	63.6629993280133
SRR10070150	40060	7	64.6149423524721
SRR10070151	40060	7	63.86201621834289
SRR10102392	40060	7	42.50062302427098
SRR10102393	40060	7	43.02925421446499
SRR10102394	40060	7	42.60606686994065
SRR10070130	40060	8	51.98108003106425
SRR10070131	40060	8	54.51155698007986
SRR10070133	40060	8	29.03435915444164
SRR10070134	40060	8	54.42037194726038
SRR10070141	40060	8	31.3741321479327
SRR10070149	40060	8	63.6629993280133
SRR10070150	40060	8	64.7689294043912
SRR10070151	40060	8	63.70724859162227
SRR10102392	40060	8	42.50062302427098
SRR10102393	40060	8	43.12207016066465
SRR10102394	40060	8	42.52021549492706
SRR10070130	40060	9	52.20136309791813
SRR10070131	40060	9	54.55420818633482
SRR10070133	40060	9	28.95637070495753
SRR10070134	40060	9	54.09988439772604
SRR10070141	40060	9	31.3741321479327
SRR10070149	40060	9	63.64199100158584
SRR10070150	40060	9	64.54449585610837
SRR10070151	40060	9	63.86201621834289
SRR10102392	40060	9	42.38058627010174
SRR10102393	40060	9	43.12207016066465
SRR10102394	40060	9	42.60606686994065
SRR10070130	40060	10	52.20136309791813
SRR10070131	40060	10	54.5289487565248
SRR10070133	40060	10	29.03435915444164
SRR10070134	40060	10	54.25886981657566
SRR10070141	40060	10	31.3741321479327
SRR10070149	40060	10	63.6629993280133
SRR10070150	40060	10	64.7689294043912
SRR10070151	40060	10	63.86201621834289
SRR10102392	40060	10	42.55768097864195
SRR10102393	40060	10	43.12207016066465
SRR10102394	40060	10	42.60606686994065
SRR10070130	40361	1	52.20136309791813
SRR10070131	40361	1	54.58156827464902
SRR10070133	40361	1	29.03435915444164
SRR10070134	40361	1	54.15846599373947
SRR10070141	40361	1	31.3741321479327
SRR10070149	40361	1	63.6629993280133
SRR10070150	40361	1	64.7689294043912
SRR10070151	40361	1	63.78106220308792
SRR10102392	40361	1	42.55768097864195
SRR10102393	40361	1	43.02925421446499
SRR10102394	40361	1	42.60606686994065
SRR10070130	40361	2	52.20136309791813
SRR10070131	40361	2	54.43753895769098
SRR10070133	40361	2	29.03435915444164
SRR10070134	40361	2	54.36267335681225
SRR10070141	40361	2	31.3741321479327
SRR10070149	40361	2	63.6629993280133
SRR10070150	40361	2	64.7689294043912
SRR10070151	40361	2	63.86201621834289
SRR10102392	40361	2	42.55768097864195
SRR10102393	40361	2	42.91075726933715
SRR10102394	40361	2	42.48280029862287
SRR10070130	40361	3	52.20136309791813
SRR10070131	40361	3	54.55882999788931
SRR10070133	40361	3	29.03435915444164
SRR10070134	40361	3	54.37384731994569
SRR10070141	40361	3	31.3741321479327
SRR10070149	40361	3	63.6629993280133
SRR10070150	40361	3	64.7689294043912
SRR10070151	40361	3	63.86201621834289
SRR10102392	40361	3	42.55768097864195
SRR10102393	40361	3	42.9313051986676
SRR10102394	40361	3	42.60606686994065
SRR10070130	40361	4	52.08526786048422
SRR10070131	40361	4	54.45366267370022
SRR10070133	40361	4	29.03435915444164
SRR10070134	40361	4	54.5697156125945
SRR10070141	40361	4	31.3741321479327
SRR10070149	40361	4	63.65380367336029
SRR10070150	40361	4	64.73919662199751
SRR10070151	40361	4	63.86201621834289
SRR10102392	40361	4	42.55768097864195
SRR10102393	40361	4	43.02925421446499
SRR10102394	40361	4	42.60606686994065
SRR10070130	40361	5	52.04318412211249
SRR10070131	40361	5	54.63139552831611
SRR10070133	40361	5	28.95637070495753
SRR10070134	40361	5	54.63078343651479
SRR10070141	40361	5	31.3741321479327
SRR10070149	40361	5	63.54015310133973
SRR10070150	40361	5	64.7689294043912
SRR10070151	40361	5	63.86201621834289
SRR10102392	40361	5	42.55768097864195
SRR10102393	40361	5	43.12207016066465
SRR10102394	40361	5	42.60606686994065
SRR10070130	40361	6	51.94403001670251
SRR10070131	40361	6	54.55882999788931
SRR10070133	40361	6	29.03435915444164
SRR10070134	40361	6	54.43452460042061
SRR10070141	40361	6	31.3741321479327
SRR10070149	40361	6	63.60594137364232
SRR10070150	40361	6	64.7689294043912
SRR10070151	40361	6	63.77107661087167
SRR10102392	40361	6	42.55768097864195
SRR10102393	40361	6	43.12207016066465
SRR10102394	40361	6	42.60606686994065
SRR10070130	40361	7	52.20136309791813
SRR10070131	40361	7	54.4291222889345
SRR10070133	40361	7	29.03435915444164
SRR10070134	40361	7	54.5305409838071
SRR10070141	40361	7	31.3741321479327
SRR10070149	40361	7	63.57044256084764
SRR10070150	40361	7	64.73035215726662
SRR10070151	40361	7	63.86201621834289
SRR10102392	40361	7	42.55768097864195
SRR10102393	40361	7	43.09205168203268
SRR10102394	40361	7	42.60606686994065
SRR10070130	40361	8	52.08526786048422
SRR10070131	40361	8	54.44733667209706
SRR10070133	40361	8	29.03435915444164
SRR10070134	40361	8	54.3829807523508
SRR10070141	40361	8	31.3741321479327
SRR10070149	40361	8	63.57688702494192
SRR10070150	40361	8	64.7689294043912
SRR10070151	40361	8	63.78106220308792
SRR10102392	40361	8	42.55768097864195
SRR10102393	40361	8	43.12207016066465
SRR10102394	40361	8	42.60606686994065
SRR10070130	40361	9	51.18624317463944
SRR10070131	40361	9	54.26817185419694
SRR10070133	40361	9	29.03435915444164
SRR10070134	40361	9	54.53815783050702
SRR10070141	40361	9	31.3741321479327
SRR10070149	40361	9	63.6629993280133
SRR10070150	40361	9	64.59281345940963
SRR10070151	40361	9	63.82658892577855
SRR10102392	40361	9	42.55768097864195
SRR10102393	40361	9	43.07459447040971
SRR10102394	40361	9	42.60606686994065
SRR10070130	40361	10	51.99863454307886
SRR10070131	40361	10	54.55420818633482
SRR10070133	40361	10	29.03435915444164
SRR10070134	40361	10	54.57886837704898
SRR10070141	40361	10	31.3741321479327
SRR10070149	40361	10	63.6629993280133
SRR10070150	40361	10	64.7689294043912
SRR10070151	40361	10	63.86201621834289
SRR10102392	40361	10	42.46353040003881
SRR10102393	40361	10	43.02925421446499
SRR10102394	40361	10	42.60606686994065
SRR10070130	40663	1	52.12744882334481
SRR10070131	40663	1	54.63139552831611
SRR10070133	40663	1	28.95637070495753
SRR10070134	40663	1	54.00905567386979
SRR10070149	40663	1	63.39802252200597
SRR10070150	40663	1	64.65493931174115
SRR10070151	40663	1	63.86201621834289
SRR10102392	40663	1	42.55768097864195
SRR10102393	40663	1	43.02925421446499
SRR10102394	40663	1	42.57306415438284
SRR10070130	40663	2	51.942789073144
SRR10070131	40663	2	54.63139552831611
SRR10070133	40663	2	29.03435915444164
SRR10070134	40663	2	54.52647037842291
SRR10070149	40663	2	63.6629993280133
SRR10070150	40663	2	64.76892939939121
SRR10070151	40663	2	63.78106220308792
SRR10102392	40663	2	42.55768097864195
SRR10102393	40663	2	43.09135816150162
SRR10102394	40663	2	42.5443756565415
SRR10070130	40663	3	52.00192440119098
SRR10070131	40663	3	54.4521664113175
SRR10070133	40663	3	29.03435915444164
SRR10070134	40663	3	54.36823085873368
SRR10070149	40663	3	63.6629993280133
SRR10070150	40663	3	64.64895009687007
SRR10070151	40663	3	63.86201621834289
SRR10102392	40663	3	42.55768097864195
SRR10102393	40663	3	43.11672331343222
SRR10102394	40663	3	42.60606686994065
SRR10070130	40663	4	52.20136309791813
SRR10070131	40663	4	54.37519268772648
SRR10070133	40663	4	29.03435915444164
SRR10070134	40663	4	54.25934668865846
SRR10070149	40663	4	63.6629993280133
SRR10070150	40663	4	64.74378917664126
SRR10070151	40663	4	63.86201621834289
SRR10102392	40663	4	42.55768097864195
SRR10102393	40663	4	43.12207016066465
SRR10102394	40663	4	42.60606686994065
SRR10070130	40663	5	51.78921032294277
SRR10070131	40663	5	54.42559649724475
SRR10070133	40663	5	29.03435915444164
SRR10070134	40663	5	54.48403208740967
SRR10070149	40663	5	63.60594137364232
SRR10070150	40663	5	64.7689294043912
SRR10070151	40663	5	63.78106220308792
SRR10102392	40663	5	42.55768097864195
SRR10102393	40663	5	43.12207016066465
SRR10102394	40663	5	42.60606686994065
SRR10070130	40663	6	51.77221449748139
SRR10070131	40663	6	54.39190614304587
SRR10070133	40663	6	29.03435915444164
SRR10070134	40663	6	53.9966361670264
SRR10070149	40663	6	63.59585356318558
SRR10070150	40663	6	64.51126653766096
SRR10070151	40663	6	63.83300975953571
SRR10102392	40663	6	42.55768097864195
SRR10102393	40663	6	43.12207016066465
SRR10102394	40663	6	42.60606686994065
SRR10070130	40663	7	52.20136309791813
SRR10070131	40663	7	54.57877601019189
SRR10070133	40663	7	29.03435915444164
SRR10070134	40663	7	54.66144785939576
SRR10070149	40663	7	63.6629993280133
SRR10070150	40663	7	64.59281345940963
SRR10070151	40663	7	63.86201621834289
SRR10102392	40663	7	42.55768097864195
SRR10102393	40663	7	43.12207016066465
SRR10102394	40663	7	42.60606686994065
SRR10070130	40663	8	52.20136309791813
SRR10070131	40663	8	54.53177468757107
SRR10070133	40663	8	29.03435915444164
SRR10070134	40663	8	54.4217857322921
SRR10070149	40663	8	63.6629993280133
SRR10070150	40663	8	64.73919662199751
SRR10070151	40663	8	63.86201621834289
SRR10102392	40663	8	42.55768097864195
SRR10102393	40663	8	43.0035732155368
SRR10102394	40663	8	42.60606686994065
SRR10070130	40663	9	51.8142273058719
SRR10070131	40663	9	54.55420818633482
SRR10070133	40663	9	28.96885385962561
SRR10070134	40663	9	54.29453760656509
SRR10070149	40663	9	62.3348933940491
SRR10070150	40663	9	64.55886357761756
SRR10070151	40663	9	63.86201621834289
SRR10102392	40663	9	42.55768097864195
SRR10102393	40663	9	43.02925421446499
SRR10102394	40663	9	42.60606686994065
SRR10070130	40663	10	52.04644639235447
SRR10070131	40663	10	54.63139552831611
SRR10070133	40663	10	29.03435915444164
SRR10070134	40663	10	54.66037792424652
SRR10070149	40663	10	63.6629993280133
SRR10070150	40663	10	64.7689294043912
SRR10070151	40663	10	63.86201621834289
SRR10102392	40663	10	42.55768097864195
SRR10102393	40663	10	43.04528699719164
SRR10102394	40663	10	42.60606686994065
SRR10070130	40964	1	52.09717526849816
SRR10070131	40964	1	54.60797547943852
SRR10070133	40964	1	29.03435915444164
SRR10070134	40964	1	54.49960791789096
SRR10070149	40964	1	63.6629993280133
SRR10070150	40964	1	64.73919662199751
SRR10070151	40964	1	63.86201621834289
SRR10102392	40964	1	42.55768097864195
SRR10102393	40964	1	43.01286212853093
SRR10102394	40964	1	42.60606686994065
SRR10070130	40964	2	51.80231989785796
SRR10070131	40964	2	54.40739652723035
SRR10070133	40964	2	29.03435915444164
SRR10070134	40964	2	54.50742328520034
SRR10070149	40964	2	63.6629993280133
SRR10070150	40964	2	64.7689294043912
SRR10070151	40964	2	63.86201621834289
SRR10102392	40964	2	42.55768097864195
SRR10102393	40964	2	43.12207016066465
SRR10102394	40964	2	42.60606686994065
SRR10070130	40964	3	52.05535218123804
SRR10070131	40964	3	54.63139552831611
SRR10070133	40964	3	29.03435915444164
SRR10070134	40964	3	54.49823958941595
SRR10070149	40964	3	63.59585356318558
SRR10070150	40964	3	64.26875753998593
SRR10070151	40964	3	63.86201621834289
SRR10102392	40964	3	42.50062301927098
SRR10102393	40964	3	43.10567807473059
SRR10102394	40964	3	42.60606686994065
SRR10070130	40964	4	51.98161054127375
SRR10070131	40964	4	54.21326273074576
SRR10070133	40964	4	28.96885385962561
SRR10070134	40964	4	54.45762836889224
SRR10070149	40964	4	63.6629993280133
SRR10070150	40964	4	64.68738248264253
SRR10070151	40964	4	63.86201621834289
SRR10102392	40964	4	42.55768097864195
SRR10102393	40964	4	43.12207016066465
SRR10102394	40964	4	41.46854474618667
SRR10070130	40964	5	52.11472978051277
SRR10070131	40964	5	54.55882999788931
SRR10070133	40964	5	29.03435915444164
SRR10070134	40964	5	54.70679585917713
SRR10070149	40964	5	63.6629993280133
SRR10070150	40964	5	64.73035215726662
SRR10070151	40964	5	63.78106220308792
SRR10102392	40964	5	42.55768097864195
SRR10102393	40964	5	43.02925421446499
SRR10102394	40964	5	42.60606686994065
SRR10070130	40964	6	52.00895507637868
SRR10070131	40964	6	54.63139552831611
SRR10070133	40964	6	29.03435915444164
SRR10070134	40964	6	54.60541843288559
SRR10070149	40964	6	63.63070452937091
SRR10070150	40964	6	64.70544148161844
SRR10070151	40964	6	63.86201621834289
SRR10102392	40964	6	42.55768097864195
SRR10102393	40964	6	43.02925421446499
SRR10102394	40964	6	42.60606686994065
SRR10070130	40964	7	52.20136309791813
SRR10070131	40964	7	54.45366267370022
SRR10070133	40964	7	28.95637070495753
SRR10070134	40964	7	54.28632993597289
SRR10070149	40964	7	63.6629993280133
SRR10070150	40964	7	64.7689294043912
SRR10070151	40964	7	63.86201621834289
SRR10102392	40964	7	42.44953310848065
SRR10102393	40964	7	43.02925421446499
SRR10102394	40964	7	42.60606686994065
SRR10070130	40964	8	51.43385037366068
SRR10070131	40964	8	54.63139552831611
SRR10070133	40964	8	29.03435915444164
SRR10070134	40964	8	54.55896110812062
SRR10070149	40964	8	62.3348933940491
SRR10070150	40964	8	64.74329927116469
SRR10070151	40964	8	63.78106220308792
SRR10102392	40964	8	42.44953310848065
SRR10102393	40964	8	43.12207016066465
SRR10102394	40964	8	42.60606686994065
SRR10070130	40964	9	52.16368711371432
SRR10070131	40964	9	54.23485354228958
SRR10070133	40964	9	29.03435915444164
SRR10070134	40964	9	53.98234625116782
SRR10070149	40964	9	63.6629993280133
SRR10070150	40964	9	64.68738248264253
SRR10070151	40964	9	63.86201621834289
SRR10102392	40964	9	42.55768097864195
SRR10102393	40964	9	43.12207016066465
SRR10102394	40964	9	42.60606686994065
SRR10070130	40964	10	52.12417575593684
SRR10070131	40964	10	54.54528322524473
SRR10070133	40964	10	29.03435915444164
SRR10070134	40964	10	54.26499597067925
SRR10070149	40964	10	63.43458088093602
SRR10070150	40964	10	64.7689294043912
SRR10070151	40964	10	63.86201621834289
SRR10102392	40964	10	42.55768097864195
SRR10102393	40964	10	41.98454803691064
SRR10102394	40964	10	42.60606686994065
SRR10070130	41265	1	52.20136309791813
SRR10070131	41265	1	54.4521664113175
SRR10070133	41265	1	28.95637070495753
SRR10070134	41265	1	54.39023013322474
SRR10070149	41265	1	63.62690208272242
SRR10070150	41265	1	64.7401826318337
SRR10070151	41265	1	63.78106220308792
SRR10102392	41265	1	42.55768097864195
SRR10102393	41265	1	43.09512185674909
SRR10102394	41265	1	41.46854474618667
SRR10070130	41265	2	52.11584406781588
SRR10070131	41265	2	54.63139552831611
SRR10070133	41265	2	29.03435915444164
SRR10070134	41265	2	54.55466645493032
SRR10070149	41265	2	63.59951140524053
SRR10070150	41265	2	64.7689294043912
SRR10070151	41265	2	63.86201621834289
SRR10102392	41265	2	42.55768097864195
SRR10102393	41265	2	43.12207016066465
SRR10102394	41265	2	42.60606686994065
SRR10070130	41265	3	52.20136309791813
SRR10070131	41265	3	54.55420818633482
SRR10070133	41265	3	28.91309396565078
SRR10070134	41265	3	54.0453701162802
SRR10070149	41265	3	63.6629993280133
SRR10070150	41265	3	64.68738248264253
SRR10070151	41265	3	63.78106220308792
SRR10102392	41265	3	42.44953310848065
SRR10102393	41265	3	43.09512185674909
SRR10102394	41265	3	42.52521175602084
SRR10070130	41265	4	51.7615697753394
SRR10070131	41265	4	54.63139552831611
SRR10070133	41265	4	29.03435915444164
SRR10070134	41265	4	54.25314988664211
SRR10070149	41265	4	63.6629993280133
SRR10070150	41265	4	64.67106375191901
SRR10070151	41265	4	63.78106220308792
SRR10102392	41265	4	42.44953310848065
SRR10102393	41265	4	43.12207016066465
SRR10102394	41265	4	42.60606686994065
SRR10070130	41265	5	52.06012525413642
SRR10070131	41265	5	54.2500793512348
SRR10070133	41265	5	29.03435915444164
SRR10070134	41265	5	54.57163639462413
SRR10070149	41265	5	63.6629993280133
SRR10070150	41265	5	64.7689294043912
SRR10070151	41265	5	63.86201621334289
SRR10102392	41265	5	42.55768097864195
SRR10102393	41265	5	43.12207016066465
SRR10102394	41265	5	42.60606686994065
SRR10070130	41265	6	52.17144741867195
SRR10070131	41265	6	54.36445499944583
SRR10070133	41265	6	29.03435915444164
SRR10070134	41265	6	54.70679585917713
SRR10070149	41265	6	63.64589695983732
SRR10070150	41265	6	64.59281345940963
SRR10070151	41265	6	63.86201621834289
SRR10102392	41265	6	42.55768097864195
SRR10102393	41265	6	43.12207016066465
SRR10102394	41265	6	42.60606686994065
SRR10070130	41265	7	51.8883097349153
SRR10070131	41265	7	54.55882999788931
SRR10070133	41265	7	28.95637070495753
SRR10070134	41265	7	54.37365190909225
SRR10070149	41265	7	63.62690208272242
SRR10070150	41265	7	64.7689294043912
SRR10070151	41265	7	63.78106220308792
SRR10102392	41265	7	42.55768097864195
SRR10102393	41265	7	43.10567807473059
SRR10102394	41265	7	42.60606686994065
SRR10070130	41265	8	52.20136309791813
SRR10070131	41265	8	54.23153190640936
SRR10070133	41265	8	29.03435915444164
SRR10070134	41265	8	54.58212146445037
SRR10070149	41265	8	63.6629993280133
SRR10070150	41265	8	64.65493931174115
SRR10070151	41265	8	63.86201621834289
SRR10102392	41265	8	42.55768097864195
SRR10102393	41265	8	43.12207016066465
SRR10102394	41265	8	42.60606686994065
SRR10070130	41265	9	51.84948826678554
SRR10070131	41265	9	54.14887806261161
SRR10070133	41265	9	28.95637070495753
SRR10070134	41265	9	54.15314460688131
SRR10070149	41265	9	63.6629993280133
SRR10070150	41265	9	64.68396872126453
SRR10070151	41265	9	63.86201621834289
SRR10102392	41265	9	42.55768097864195
SRR10102393	41265	9	43.02925421446499
SRR10102394	41265	9	42.60606686994065
SRR10070130	41265	10	51.98161054127375
SRR10070131	41265	10	54.43704857211763
SRR10070133	41265	10	29.03435915444164
SRR10070134	41265	10	54.04147379557583
SRR10070149	41265	10	63.6629993280133
SRR10070150	41265	10	64.7689294043912
SRR10070151	41265	10	63.77204251927424
SRR10102392	41265	10	42.44953310848065
SRR10102393	41265	10	43.09205168203268
SRR10102394	41265	10	42.60606686994065
SRR10070130	41566	1	51.33775783706913
SRR10070131	41566	1	54.46072904450901
SRR10070133	41566	1	28.99108241513489
SRR10070134	41566	1	54.3142177105624
SRR10070149	41566	1	63.6629993280133
SRR10070150	41566	1	64.51134471706882
SRR10070151	41566	1	63.78106220308792
SRR10102392	41566	1	42.55768097864195
SRR10102393	41566	1	43.12207016066465
SRR10102394	41566	1	42.60606686994065
SRR10070130	41566	2	51.87742271185378
SRR10070131	41566	2	54.63139552831611
SRR10070133	41566	2	28.96885385962561
SRR10070134	41566	2	54.57886837704898
SRR10070149	41566	2	63.6629993280133
SRR10070150	41566	2	64.55390807085627
SRR10070151	41566	2	63.86201621834289
SRR10102392	41566	2	42.44953310848065
SRR10102393	41566	2	43.12207016066465
SRR10102394	41566	2	42.60606686994065
SRR10070130	41566	3	52.20136309791813
SRR10070131	41566	3	54.4521664113175
SRR10070133	41566	3	28.95637070495753
SRR10070134	41566	3	54.5697156125945
SRR10070149	41566	3	63.6629993280133
SRR10070150	41566	3	64.7689294043912
SRR10070151	41566	3	62.9984109574939
SRR10102392	41566	3	42.55768097864195
SRR10102393	41566	3	42.88486316704008
SRR10102394	41566	3	42.60606686994065
SRR10070130	41566	4	52.09717526849816
SRR10070131	41566	4	54.63139552831611
SRR10070133	41566	4	29.03435915444164
SRR10070134	41566	4	54.62059842384052
SRR10070149	41566	4	63.6629993280133
SRR10070150	41566	4	64.7689294043912
SRR10070151	41566	4	63.86201621834289
SRR10102392	41566	4	42.44953310848065
SRR10102393	41566	4	43.12207016066465
SRR10102394	41566	4	41.46854474618667
SRR10070130	41566	5	52.11472978051277
SRR10070131	41566	5	54.45366267370022
SRR10070133	41566	5	29.03435915444164
SRR10070134	41566	5	54.50096142143337
SRR10070149	41566	5	63.6629993280133
SRR10070150	41566	5	64.65493931174115
SRR10070151	41566	5	63.86201621834289
SRR10102392	41566	5	42.55768097864195
SRR10102393	41566	5	43.12207016066465
SRR10102394	41566	5	42.60606686994065
SRR10070130	41566	6	52.20136309791813
SRR10070131	41566	6	54.47761700417809
SRR10070133	41566	6	29.03435915444164
SRR10070134	41566	6	54.48351817725789
SRR10070149	41566	6	63.6629993280133
SRR10070150	41566	6	64.73919662199751
SRR10070151	41566	6	63.86201621834289
SRR10102392	41566	6	42.50062302427098
SRR10102393	41566	6	43.12207016066465
SRR10102394	41566	6	42.60606686994065
SRR10070130	41566	7	52.20136309791813
SRR10070131	41566	7	54.22605730394915
SRR10070133	41566	7	29.03435915444164
SRR10070134	41566	7	54.65364919512393
SRR10070149	41566	7	63.6629993280133
SRR10070150	41566	7	64.55886357761756
SRR10070151	41566	7	63.86201621834289
SRR10102392	41566	7	42.55768097864195
SRR10102393	41566	7	43.12207016066465
SRR10102394	41566	7	42.60606686994065
SRR10070130	41566	8	52.11472978051277
SRR10070131	41566	8	54.63139552831611
SRR10070133	41566	8	28.96885385962561
SRR10070134	41566	8	54.55466645493032
SRR10070149	41566	8	63.6629993280133
SRR10070150	41566	8	64.7689294043912
SRR10070151	41566	8	63.86201621834289
SRR10102392	41566	8	42.55768097864195
SRR10102393	41566	8	43.10567807473059
SRR10102394	41566	8	42.60606686994065
SRR10070130	41566	9	52.20136309791813
SRR10070131	41566	9	54.63139552831611
SRR10070133	41566	9	29.03435915444164
SRR10070134	41566	9	54.58904335283306
SRR10070149	41566	9	63.60594137364232
SRR10070150	41566	9	64.73919662199751
SRR10070151	41566	9	63.86201621834289
SRR10102392	41566	9	42.44953310848065
SRR10102393	41566	9	43.12207016066465
SRR10102394	41566	9	42.60606686994065
SRR10070130	41566	10	52.06012525413642
SRR10070131	41566	10	54.56963899766177
SRR10070133	41566	10	29.03435915444164
SRR10070134	41566	10	54.60774368981691
SRR10070149	41566	10	63.6629993280133
SRR10070150	41566	10	64.59281345940963
SRR10070151	41566	10	63.81075701173496
SRR10102392	41566	10	42.55768097864195
SRR10102393	41566	10	43.12207016066465
SRR10102394	41566	10	41.46854474618667
SRR10070130	41867	1	51.8883097349153
SRR10070131	41867	1	54.58697866624183
SRR10070133	41867	1	29.03435915444164
SRR10070134	41867	1	54.70679585917713
SRR10070149	41867	1	63.59585356318558
SRR10070150	41867	1	64.7689294043912
SRR10070151	41867	1	63.86201621834289
SRR10102392	41867	1	42.42432936825641
SRR10102393	41867	1	43.10478797831389
SRR10102394	41867	1	41.46854474618667
SRR10070130	41867	2	51.8883097349153
SRR10070131	41867	2	54.63139552831611
SRR10070133	41867	2	29.03435915444164
SRR10070134	41867	2	54.69497730551268
SRR10070149	41867	2	63.6629993280133
SRR10070150	41867	2	64.55886357761756
SRR10070151	41867	2	63.86201621834289
SRR10102392	41867	2	42.55768097864195
SRR10102393	41867	2	43.02925421446499
SRR10102394	41867	2	42.60606686994065
SRR10070130	41867	3	51.90344356249664
SRR10070131	41867	3	54.32867441208995
SRR10070133	41867	3	29.03435915444164
SRR10070134	41867	3	54.38420134930503
SRR10070149	41867	3	63.6629993280133
SRR10070150	41867	3	64.59281345940963
SRR10070151	41867	3	63.86201621834289
SRR10102392	41867	3	42.48697735855087
SRR10102393	41867	3	43.12207016066465
SRR10102394	41867	3	42.60606686994065
SRR10070130	41867	4	52.20136309791813
SRR10070131	41867	4	54.58156827464902
SRR10070133	41867	4	29.03435915444164
SRR10070134	41867	4	54.68260500862123
SRR10070149	41867	4	62.3348933940491
SRR10070150	41867	4	64.73919662199751
SRR10070151	41867	4	63.86201621834289
SRR10102392	41867	4	42.55768097864195
SRR10102393	41867	4	43.12207016066465
SRR10102394	41867	4	42.60606686994065
SRR10070130	41867	5	51.33775783706913
SRR10070131	41867	5	54.26494546408847
SRR10070133	41867	5	28.94341954697041
SRR10070134	41867	5	54.31900769091192
SRR10070149	41867	5	63.6629993280133
SRR10070150	41867	5	64.7689294043912
SRR10070151	41867	5	63.86201621834289
SRR10102392	41867	5	42.54497693685546
SRR10102393	41867	5	43.12207016066465
SRR10102394	41867	5	42.60606686994065
SRR10070130	41867	6	52.20136309791813
SRR10070131	41867	6	54.63139552831611
SRR10070133	41867	6	28.95637070495753
SRR10070134	41867	6	54.39642693524109
SRR10070149	41867	6	63.6629993280133
SRR10070150	41867	6	64.70061937487293
SRR10070151	41867	6	63.86201621834289
SRR10102392	41867	6	42.55768097864195
SRR10102393	41867	6	43.12207016066465
SRR10102394	41867	6	42.60606686994065
SRR10070130	41867	7	52.20136309791813
SRR10070131	41867	7	54.56963899766177
SRR10070133	41867	7	29.03435915444164
SRR10070134	41867	7	54.55466645493032
SRR10070149	41867	7	63.6629993280133
SRR10070150	41867	7	64.68738248264253
SRR10070151	41867	7	63.86201621834289
SRR10102392	41867	7	42.55768097864195
SRR10102393	41867	7	43.12207016066465
SRR10102394	41867	7	42.60606686994065
SRR10070130	41867	8	52.12417575593684
SRR10070131	41867	8	54.32991153227825
SRR10070133	41867	8	29.03435915444164
SRR10070134	41867	8	54.70679585917713
SRR10070149	41867	8	63.6629993280133
SRR10070150	41867	8	64.70964099904359
SRR10070151	41867	8	63.86201621834289
SRR10102392	41867	8	42.55768097864195
SRR10102393	41867	8	43.12207016066465
SRR10102394	41867	8	42.60606686994065
SRR10070130	41867	9	51.22166259963522
SRR10070131	41867	9	54.50773036712983
SRR10070133	41867	9	29.03435915444164
SRR10070134	41867	9	54.36443905570525
SRR10070149	41867	9	63.6629993280133
SRR10070150	41867	9	64.68738248264253
SRR10070151	41867	9	63.78106220308792
SRR10102392	41867	9	42.55768097864195
SRR10102393	41867	9	42.98217082917628
SRR10102394	41867	9	42.60606686994065
SRR10070130	41867	10	52.20136309791813
SRR10070131	41867	10	54.4521664113175
SRR10070133	41867	10	29.03435915444164
SRR10070134	41867	10	54.5697156125945
SRR10070149	41867	10	63.6629993280133
SRR10070150	41867	10	64.75997138321236
SRR10070151	41867	10	63.86201621834289
SRR10102392	41867	10	42.50062302427098
SRR10102393	41867	10	43.07175341850895
SRR10102394	41867	10	42.60606686994065
SRR10070130	42169	1	52.20136309791813
SRR10070131	42169	1	54.30178892321035
SRR10070133	42169	1	29.03435915444164
SRR10070134	42169	1	54.5697156125945
SRR10070149	42169	1	63.60594137364232
SRR10070150	42169	1	64.7689294043912
SRR10070151	42169	1	63.86201621834289
SRR10102392	42169	1	42.55768097864195
SRR10102393	42169	1	43.12207016066465
SRR10102394	42169	1	42.60606686994065
SRR10070130	42169	2	51.98161054127375
SRR10070131	42169	2	54.42105148289314
SRR10070133	42169	2	28.95637070495753
SRR10070134	42169	2	54.70679585917713
SRR10070149	42169	2	63.6629993280133
SRR10070150	42169	2	64.7401826318337
SRR10070151	42169	2	63.86201621834289
SRR10102392	42169	2	42.55768097864195
SRR10102393	42169	2	43.02925421446499
SRR10102394	42169	2	42.60606686994065
SRR10070130	42169	3	52.20136309791813
SRR10070131	42169	3	54.63139552831611
SRR10070133	42169	3	29.03435915444164
SRR10070134	42169	3	54.2531774170148
SRR10070149	42169	3	63.54245345086956
SRR10070150	42169	3	64.7689294043912
SRR10070151	42169	3	63.86201621834289
SRR10102392	42169	3	42.55768097864195
SRR10102393	42169	3	43.09135816150162
SRR10102394	42169	3	42.60606686994065
SRR10070130	42169	4	52.20136309791813
SRR10070131	42169	4	54.16005750792304
SRR10070133	42169	4	28.8908654101415
SRR10070134	42169	4	54.67859978266972
SRR10070149	42169	4	63.6629993280133
SRR10070150	42169	4	64.59281345940963
SRR10070151	42169	4	63.86201621834289
SRR10102392	42169	4	42.55768097864195
SRR10102393	42169	4	43.02925421446499
SRR10102394	42169	4	42.60606686994065
SRR10070130	42169	5	52.08526786048422
SRR10070131	42169	5	54.3504017251564
SRR10070133	42169	5	29.01845265194892
SRR10070134	42169	5	54.67859978266972
SRR10070149	42169	5	63.62690208272242
SRR10070150	42169	5	64.39065856551586
SRR10070151	42169	5	63.86201621834289
SRR10102392	42169	5	42.55768097864195
SRR10102393	42169	5	43.12207016066465
SRR10102394	42169	5	42.60606686994065
SRR10070130	42169	6	52.16254162978838
SRR10070131	42169	6	54.59145538344941
SRR10070133	42169	6	29.03435915444164
SRR10070134	42169	6	54.29497926591755
SRR10070149	42169	6	63.6629993280133
SRR10070150	42169	6	64.65493931174115
SRR10070151	42169	6	63.86201621834289
SRR10102392	42169	6	42.55768097864195
SRR10102393	42169	6	43.12207016066465
SRR10102394	42169	6	42.60606686994065
SRR10070130	42169	7	52.20136309791813
SRR10070131	42169	7	54.45366267370022
SRR10070133	42169	7	29.03435915444164
SRR10070134	42169	7	54.11584756619157
SRR10070149	42169	7	63.6629993280133
SRR10070150	42169	7	64.65493931174115
SRR10070151	42169	7	63.83829850573193
SRR10102392	42169	7	42.55768097864195
SRR10102393	42169	7	43.09135816150162
SRR10102394	42169	7	42.60606686994065
SRR10070130	42169	8	51.81336665728707
SRR10070131	42169	8	54.63139552831611
SRR10070133	42169	8	29.03435915444164
SRR10070134	42169	8	54.42502320933016
SRR10070149	42169	8	63.6629993280133
SRR10070150	42169	8	64.68738248264253
SRR10070151	42169	8	63.86201621834289
SRR10102392	42169	8	42.44953310848065
SRR10102393	42169	8	43.12207016066465
SRR10102394	42169	8	42.60606686994065
SRR10070130	42169	9	51.88814158044522
SRR10070131	42169	9	54.37647533171892
SRR10070133	42169	9	28.96885385962561
SRR10070134	42169	9	54.17854817092171
SRR10070149	42169	9	63.60594137364232
SRR10070150	42169	9	64.68738248264253
SRR10070151	42169	9	63.86201621834289
SRR10102392	42169	9	42.55768097864195
SRR10102393	42169	9	43.12207016066465
SRR10102394	42169	9	42.60606686994065
SRR10070130	42169	10	52.16254162978838
SRR10070131	42169	10	54.33479285495317
SRR10070133	42169	10	29.03435915444164
SRR10070134	42169	10	54.29910428464393
SRR10070149	42169	10	63.6629993280133
SRR10070150	42169	10	64.59281345940963
SRR10070151	42169	10	63.78106220308792
SRR10102392	42169	10	42.55768097864195
SRR10102393	42169	10	43.11406489179286
SRR10102394	42169	10	42.60606686994065
SRR10070130	42470	1	52.12417575593684
SRR10070131	42470	1	54.43993128870696
SRR10070133	42470	1	29.03435915444164
SRR10070134	42470	1	54.70679585917713
SRR10070149	42470	1	63.6629993280133
SRR10070150	42470	1	64.51126653766096
SRR10070151	42470	1	63.86201621834289
SRR10102392	42470	1	42.55768097864195
SRR10102393	42470	1	43.12207016066465
SRR10102394	42470	1	42.60606686994065
SRR10070130	42470	2	52.09717526849816
SRR10070131	42470	2	54.44733667209706
SRR10070133	42470	2	29.03435915444164
SRR10070134	42470	2	54.23410657458919
SRR10070149	42470	2	63.54084045884365
SRR10070150	42470	2	64.55423621228505
SRR10070151	42470	2	63.86201621834289
SRR10102392	42470	2	42.55768097864195
SRR10102393	42470	2	43.02925421446499
SRR10102394	42470	2	42.60606686994065
SRR10070130	42470	3	52.20136309791813
SRR10070131	42470	3	54.32991153227825
SRR10070133	42470	3	29.03435915444164
SRR10070134	42470	3	54.47865403226798
SRR10070149	42470	3	63.6629993280133
SRR10070150	42470	3	64.59281345940963
SRR10070151	42470	3	63.86201621834289
SRR10102392	42470	3	42.55768097864195
SRR10102393	42470	3	43.02925421446499
SRR10102394	42470	3	42.60606686994065
SRR10070130	42470	4	52.16254162978838
SRR10070131	42470	4	54.63139552831611
SRR10070133	42470	4	29.03435915444164
SRR10070134	42470	4	54.65364919512393
SRR10070149	42470	4	63.6629993280133
SRR10070150	42470	4	64.7689294043912
SRR10070151	42470	4	63.86201621834289
SRR10102392	42470	4	42.55768097864195
SRR10102393	42470	4	43.02925421446499
SRR10102394	42470	4	42.60606686994065
SRR10070130	42470	5	51.64164200162161
SRR10070131	42470	5	54.63139552831611
SRR10070133	42470	5	29.03435915444164
SRR10070134	42470	5	54.26602221271935
SRR10070149	42470	5	63.63610556234772
SRR10070150	42470	5	64.59281345940963
SRR10070151	42470	5	63.86201621834289
SRR10102392	42470	5	42.55768097864195
SRR10102393	42470	5	43.12207016066465
SRR10102394	42470	5	42.60606686994065
SRR10070130	42470	6	51.8883097349153
SRR10070131	42470	6	54.29838788717947
SRR10070133	42470	6	29.03435915444164
SRR10070134	42470	6	54.33757471121828
SRR10070149	42470	6	63.6629993280133
SRR10070150	42470	6	64.73035215726662
SRR10070151	42470	6	63.86201621834289
SRR10102392	42470	6	42.55768097864195
SRR10102393	42470	6	43.02925421446499
SRR10102394	42470	6	41.44417727182375
SRR10070130	42470	7	52.09717526849816
SRR10070131	42470	7	54.63139552831611
SRR10070133	42470	7	28.96885385962561
SRR10070134	42470	7	54.41745259861683
SRR10070149	42470	7	63.51178611014324
SRR10070150	42470	7	64.55886357761756
SRR10070151	42470	7	63.85305819716405
SRR10102392	42470	7	42.55768097864195
SRR10102393	42470	7	43.12207016066465
SRR10102394	42470	7	42.60606686994065
SRR10070130	42470	8	51.71554063171605
SRR10070131	42470	8	54.63139552831611
SRR10070133	42470	8	29.03435915444164
SRR10070134	42470	8	54.45762836889224
SRR10070149	42470	8	63.6629993280133
SRR10070150	42470	8	64.52690717456699
SRR10070151	42470	8	63.82028227355432
SRR10102392	42470	8	42.55768097864195
SRR10102393	42470	8	43.11406489179286
SRR10102394	42470	8	42.60606686994065
SRR10070130	42470	9	52.09717526849816
SRR10070131	42470	9	54.63139552831611
SRR10070133	42470	9	29.03435915444164
SRR10070134	42470	9	54.4023120971662
SRR10070149	42470	9	63.6629993280133
SRR10070150	42470	9	64.47731665586889
SRR10070151	42470	9	63.78106220308792
SRR10102392	42470	9	42.44953310848065
SRR10102393	42470	9	43.12207016066465
SRR10102394	42470	9	42.58952467180421
SRR10070130	42470	10	51.98492337581227
SRR10070131	42470	10	54.63139552831611
SRR10070133	42470	10	29.03435915444164
SRR10070134	42470	10	54.27730288813802
SRR10070149	42470	10	63.60594137364232
SRR10070150	42470	10	64.70964099904359
SRR10070151	42470	10	63.86201621834289
SRR10102392	42470	10	42.50062302427098
SRR10102393	42470	10	43.12207016066465
SRR10102394	42470	10	42.60606686994065
SRR10070130	42771	1	51.87623417243128
SRR10070131	42771	1	54.63139552831611
SRR10070133	42771	1	29.03435915444164
SRR10070134	42771	1	54.4144320553434
SRR10070149	42771	1	63.6629993280133
SRR10070150	42771	1	64.74378917664126
SRR10070151	42771	1	63.86201621834289
SRR10102392	42771	1	42.44953310848065
SRR10102393	42771	1	43.12207016066465
SRR10102394	42771	1	42.60606686994065
SRR10070130	42771	2	52.20136309791813
SRR10070131	42771	2	54.28150498109952
SRR10070133	42771	2	29.03435915444164
SRR10070134	42771	2	54.31487646236531
SRR10070149	42771	2	63.6629993280133
SRR10070150	42771	2	64.7689294043912
SRR10070151	42771	2	63.86201621834289
SRR10102392	42771	2	42.55768097864195
SRR10102393	42771	2	43.12207016066465
SRR10102394	42771	2	42.60606686994065
SRR10070130	42771	3	51.99232940986519
SRR10070131	42771	3	54.36373485205898
SRR10070133	42771	3	29.03435915444164
SRR10070134	42771	3	54.48148510514618
SRR10070149	42771	3	63.57688702494192
SRR10070150	42771	3	64.7689294043912
SRR10070151	42771	3	63.86201621834289
SRR10102392	42771	3	42.55768097864195
SRR10102393	42771	3	43.12207016066465
SRR10102394	42771	3	42.60606686994065
SRR10070130	42771	4	51.8883097349153
SRR10070131	42771	4	54.63139552831611
SRR10070133	42771	4	29.03435915444164
SRR10070134	42771	4	54.45762836889224
SRR10070149	42771	4	63.6629993280133
SRR10070150	42771	4	64.59281345940963
SRR10070151	42771	4	63.86201621834289
SRR10102392	42771	4	42.55768097864195
SRR10102393	42771	4	43.12207016066465
SRR10102394	42771	4	42.60606686994065
SRR10070130	42771	5	52.20136309791813
SRR10070131	42771	5	54.63139552831611
SRR10070133	42771	5	29.03435915444164
SRR10070134	42771	5	54.44178813046636
SRR10070149	42771	5	63.63916382637971
SRR10070150	42771	5	64.7689294043912
SRR10070151	42771	5	63.86201621834289
SRR10102392	42771	5	42.55768097864195
SRR10102393	42771	5	43.02925421446499
SRR10102394	42771	5	42.48756992481282
SRR10070130	42771	6	52.12417575593684
SRR10070131	42771	6	54.38433391064367
SRR10070133	42771	6	29.03435915444164
SRR10070134	42771	6	54.70679585917713
SRR10070149	42771	6	63.6629993280133
SRR10070150	42771	6	64.7689294043912
SRR10070151	42771	6	63.78106220308792
SRR10102392	42771	6	42.55768097864195
SRR10102393	42771	6	43.12207016066465
SRR10102394	42771	6	41.46854474618667
SRR10070130	42771	7	52.20136309791813
SRR10070131	42771	7	54.5016878193613
SRR10070133	42771	7	29.03435915444164
SRR10070134	42771	7	54.66611113378638
SRR10070149	42771	7	63.64062800982201
SRR10070150	42771	7	64.7689294043912
SRR10070151	42771	7	63.86201621834289
SRR10102392	42771	7	42.44953310848065
SRR10102393	42771	7	43.12207016066465
SRR10102394	42771	7	42.60606686994065
SRR10070130	42771	8	52.04644639235447
SRR10070131	42771	8	54.5016878193613
SRR10070133	42771	8	29.03435915444164
SRR10070134	42771	8	54.5697156125945
SRR10070149	42771	8	63.62690208272242
SRR10070150	42771	8	64.68738248264253
SRR10070151	42771	8	63.86201621834289
SRR10102392	42771	8	42.44953310848065
SRR10102393	42771	8	43.12207016066465
SRR10102394	42771	8	42.60606686994065
SRR10070130	42771	9	52.20136309791813
SRR10070131	42771	9	54.51289858318827
SRR10070133	42771	9	29.03435915444164
SRR10070134	42771	9	54.69545052389474
SRR10070149	42771	9	63.6629993280133
SRR10070150	42771	9	64.43882640749052
SRR10070151	42771	9	63.86201621834289
SRR10102392	42771	9	42.55768097864195
SRR10102393	42771	9	42.91558891660471
SRR10102394	42771	9	42.57306415438284
SRR10070130	42771	10	52.20136309791813
SRR10070131	42771	10	54.4521664113175
SRR10070133	42771	10	29.03435915444164
SRR10070134	42771	10	54.36103242457476
SRR10070149	42771	10	63.59585356318558
SRR10070150	42771	10	64.68738248264253
SRR10070151	42771	10	63.86201621834289
SRR10102392	42771	10	42.55768097864195
SRR10102393	42771	10	43.12207016066465
SRR10102394	42771	10	42.60606686994065
SRR10070130	43072	1	52.20136309791813
SRR10070131	43072	1	54.63139552831611
SRR10070133	43072	1	28.95637070495753
SRR10070134	43072	1	54.28046457635099
SRR10070149	43072	1	63.6629993280133
SRR10070150	43072	1	64.63780094748199
SRR10070151	43072	1	63.86201621834289
SRR10102392	43072	1	42.55768097864195
SRR10102393	43072	1	43.12207016066465
SRR10102394	43072	1	42.60606686994065
SRR10070130	43072	2	52.10428735118006
SRR10070131	43072	2	54.41121269005433
SRR10070133	43072	2	28.96885385962561
SRR10070134	43072	2	54.54235953747155
SRR10070149	43072	2	63.60594137364232
SRR10070150	43072	2	64.73035215726662
SRR10070151	43072	2	63.78106220308792
SRR10102392	43072	2	42.55768097864195
SRR10102393	43072	2	43.02925421446499
SRR10102394	43072	2	42.60606686994065
SRR10070130	43072	3	51.71555627619494
SRR10070131	43072	3	54.63139552831611
SRR10070133	43072	3	29.03435915444164
SRR10070134	43072	3	54.70679585917713
SRR10070149	43072	3	63.6629993280133
SRR10070150	43072	3	64.68738248264253
SRR10070151	43072	3	63.86201621834289
SRR10102392	43072	3	42.55768097864195
SRR10102393	43072	3	42.99854221530196
SRR10102394	43072	3	42.60606686994065
SRR10070130	43072	4	52.00912433680604
SRR10070131	43072	4	54.54809230960867
SRR10070133	43072	4	28.95637070495753
SRR10070134	43072	4	54.50931845514895
SRR10070149	43072	4	63.60594137364232
SRR10070150	43072	4	64.7689294043912
SRR10070151	43072	4	63.86201621834289
SRR10102392	43072	4	42.55768097864195
SRR10102393	43072	4	43.12207016066465
SRR10102394	43072	4	42.60606686994065
SRR10070130	43072	5	52.09717526849816
SRR10070131	43072	5	54.15305561491611
SRR10070133	43072	5	29.03435915444164
SRR10070134	43072	5	54.37143093355563
SRR10070149	43072	5	63.6629993280133
SRR10070150	43072	5	64.7689294043912
SRR10070151	43072	5	63.86201621834289
SRR10102392	43072	5	42.55768097864195
SRR10102393	43072	5	43.09836930871758
SRR10102394	43072	5	42.60606686994065
SRR10070130	43072	6	52.09717526849816
SRR10070131	43072	6	54.51252570956907
SRR10070133	43072	6	29.03435915444164
SRR10070134	43072	6	54.70679585917713
SRR10070149	43072	6	63.6629993280133
SRR10070150	43072	6	64.73919662199751
SRR10070151	43072	6	63.86201621834289
SRR10102392	43072	6	42.55768097864195
SRR10102393	43072	6	43.12207016066465
SRR10102394	43072	6	42.60606686994065
SRR10070130	43072	7	52.09717526849816
SRR10070131	43072	7	54.55420818633482
SRR10070133	43072	7	29.03435915444164
SRR10070134	43072	7	54.48058301725285
SRR10070149	43072	7	63.6629993280133
SRR10070150	43072	7	64.7689294043912
SRR10070151	43072	7	63.86201621834289
SRR10102392	43072	7	42.55768097864195
SRR10102393	43072	7	43.12207016066465
SRR10102394	43072	7	42.60606686994065
SRR10070130	43072	8	51.79123398817722
SRR10070131	43072	8	54.63139552831611
SRR10070133	43072	8	29.03435915444164
SRR10070134	43072	8	54.55360962220328
SRR10070149	43072	8	63.5972110557107
SRR10070150	43072	8	64.59281345940963
SRR10070151	43072	8	63.86201621834289
SRR10102392	43072	8	42.44953310848065
SRR10102393	43072	8	43.07407597915086
SRR10102394	43072	8	42.60606686994065
SRR10070130	43072	9	51.8883097349153
SRR10070131	43072	9	54.63139552831611
SRR10070133	43072	9	29.03435915444164
SRR10070134	43072	9	54.55466645493032
SRR10070149	43072	9	62.3348933940491
SRR10070150	43072	9	64.7689294043912
SRR10070151	43072	9	63.86201621834289
SRR10102392	43072	9	42.55768097864195
SRR10102393	43072	9	43.12207016066465
SRR10102394	43072	9	42.60606686994065
SRR10070130	43072	10	52.20136309791813
SRR10070131	43072	10	54.63139552831611
SRR10070133	43072	10	29.03435915444164
SRR10070134	43072	10	54.66611113378638
SRR10070149	43072	10	63.62690208272242
SRR10070150	43072	10	64.7455093555136
SRR10070151	43072	10	63.86201621834289
SRR10102392	43072	10	42.39247515410968
SRR10102393	43072	10	43.12207016066465
SRR10102394	43072	10	42.60606686994065
SRR10070130	43373	1	52.03037307660673
SRR10070131	43373	1	54.51252570956907
SRR10070133	43373	1	29.03435915444164
SRR10070134	43373	1	54.39023013322474
SRR10070149	43373	1	63.6629993280133
SRR10070150	43373	1	64.57339238999248
SRR10070151	43373	1	63.78106220308792
SRR10102392	43373	1	42.55768097864195
SRR10102393	43373	1	43.02925421446499
SRR10102394	43373	1	42.60606686994065
SRR10070130	43373	2	52.20136309791813
SRR10070131	43373	2	54.44733667209706
SRR10070133	43373	2	29.03435915444164
SRR10070134	43373	2	54.40527929088892
SRR10070149	43373	2	63.6629993280133
SRR10070150	43373	2	64.7689294043912
SRR10070151	43373	2	63.86201621834289
SRR10102392	43373	2	42.55768097864195
SRR10102393	43373	2	43.02925421446499
SRR10102394	43373	2	42.60606686994065
SRR10070130	43373	3	52.01221297744308
SRR10070131	43373	3	54.46524855330549
SRR10070133	43373	3	29.03435915444164
SRR10070134	43373	3	54.39023013322474
SRR10070149	43373	3	63.6629993280133
SRR10070150	43373	3	64.7689294043912
SRR10070151	43373	3	63.86201621834289
SRR10102392	43373	3	42.55768097864195
SRR10102393	43373	3	43.02138809170511
SRR10102394	43373	3	42.60606686994065
SRR10070130	43373	4	52.20136309791813
SRR10070131	43373	4	54.63139552831611
SRR10070133	43373	4	28.96885385962561
SRR10070134	43373	4	54.39023013322474
SRR10070149	43373	4	63.6629993280133
SRR10070150	43373	4	64.7689294043912
SRR10070151	43373	4	63.81075701173496
SRR10102392	43373	4	42.44953310848065
SRR10102393	43373	4	43.12207016066465
SRR10102394	43373	4	42.60606686994065
SRR10070130	43373	5	52.16254162978838
SRR10070131	43373	5	54.63139552831611
SRR10070133	43373	5	29.03435915444164
SRR10070134	43373	5	54.44867594520662
SRR10070149	43373	5	63.6629993280133
SRR10070150	43373	5	64.7369895951806
SRR10070151	43373	5	63.86201621834289
SRR10102392	43373	5	42.44953310848065
SRR10102393	43373	5	43.09512185674909
SRR10102394	43373	5	42.60606686994065
SRR10070130	43373	6	52.08526786048422
SRR10070131	43373	6	54.63139552831611
SRR10070133	43373	6	28.94341954697041
SRR10070134	43373	6	54.20732553352462
SRR10070149	43373	6	63.57688702494192
SRR10070150	43373	6	64.68738248264253
SRR10070151	43373	6	63.86201621834289
SRR10102392	43373	6	42.39247515410968
SRR10102393	43373	6	43.12207016066465
SRR10102394	43373	6	42.60606686994065
SRR10070130	43373	7	51.79123398817722
SRR10070131	43373	7	54.63139552831611
SRR10070133	43373	7	29.03435915444164
SRR10070134	43373	7	54.63929940902488
SRR10070149	43373	7	63.6629993280133
SRR10070150	43373	7	64.7689294043912
SRR10070151	43373	7	63.78106220308792
SRR10102392	43373	7	42.55768097864195
SRR10102393	43373	7	43.12207016066465
SRR10102394	43373	7	42.60606686994065
SRR10070130	43373	8	52.20136309791813
SRR10070131	43373	8	54.41121269005433
SRR10070133	43373	8	29.03435915444164
SRR10070134	43373	8	54.45941558762313
SRR10070149	43373	8	63.6629993280133
SRR10070150	43373	8	64.65493931174115
SRR10070151	43373	8	63.86201621834289
SRR10102392	43373	8	42.38058627010174
SRR10102393	43373	8	43.12207016066465
SRR10102394	43373	8	42.60606686994065
SRR10070130	43373	9	52.09717526849816
SRR10070131	43373	9	54.51252570956907
SRR10070133	43373	9	29.03435915444164
SRR10070134	43373	9	54.60747903122427
SRR10070149	43373	9	63.6629993280133
SRR10070150	43373	9	64.7689294043912
SRR10070151	43373	9	63.86201621834289
SRR10102392	43373	9	42.55768097864195
SRR10102393	43373	9	43.12207016066465
SRR10102394	43373	9	41.46854474618667
SRR10070130	43373	10	51.77221449748139
SRR10070131	43373	10	54.49035328369549
SRR10070133	43373	10	28.95637070495753
SRR10070134	43373	10	54.48351817725789
SRR10070149	43373	10	63.6629993280133
SRR10070150	43373	10	64.53352505406201
SRR10070151	43373	10	63.86201621834289
SRR10102392	43373	10	42.44953310848065
SRR10102393	43373	10	43.12207016066465
SRR10102394	43373	10	42.60606686994065
SRR10070130	43675	1	52.08526786048422
SRR10070131	43675	1	54.63139552831611
SRR10070133	43675	1	29.03435915444164
SRR10070134	43675	1	54.70679585917713
SRR10070149	43675	1	63.6629993280133
SRR10070150	43675	1	64.68738248264253
SRR10070151	43675	1	63.86201621834289
SRR10102392	43675	1	42.55768097864195
SRR10102393	43675	1	43.12207016066465
SRR10102394	43675	1	42.60606686994065
SRR10070130	43675	2	52.08526786048422
SRR10070131	43675	2	54.63139552831611
SRR10070133	43675	2	29.03435915444164
SRR10070134	43675	2	54.52986366456355
SRR10070149	43675	2	63.6629993280133
SRR10070150	43675	2	64.7689294043912
SRR10070151	43675	2	63.86201621834289
SRR10102392	43675	2	42.55768097864195
SRR10102393	43675	2	43.12207016066465
SRR10102394	43675	2	42.60606686994065
SRR10070130	43675	3	52.20136309791813
SRR10070131	43675	3	54.63139552831611
SRR10070133	43675	3	29.03435915444164
SRR10070134	43675	3	54.36515803725211
SRR10070149	43675	3	63.63916382637971
SRR10070150	43675	3	64.69931259956047
SRR10070151	43675	3	63.86201621834289
SRR10102392	43675	3	42.55768097864195
SRR10102393	43675	3	43.12207016066465
SRR10102394	43675	3	42.60606686994065
SRR10070130	43675	4	52.20136309791813
SRR10070131	43675	4	54.49344256101379
SRR10070133	43675	4	29.03435915444164
SRR10070134	43675	4	54.70679585917713
SRR10070149	43675	4	63.6629993280133
SRR10070150	43675	4	64.68738248264253
SRR10070151	43675	4	63.86201621834289
SRR10102392	43675	4	42.44953310848065
SRR10102393	43675	4	43.02925421446499
SRR10102394	43675	4	42.60606686994065
SRR10070130	43675	5	52.20136309791813
SRR10070131	43675	5	54.56963899766177
SRR10070133	43675	5	29.03435915444164
SRR10070134	43675	5	54.70679585917713
SRR10070149	43675	5	63.6629993280133
SRR10070150	43675	5	64.47882336675957
SRR10070151	43675	5	63.86201621834289
SRR10102392	43675	5	42.55768097864195
SRR10102393	43675	5	43.12207016066465
SRR10102394	43675	5	42.60606686994065
SRR10070130	43675	6	52.20136309791813
SRR10070131	43675	6	54.63139552831611
SRR10070133	43675	6	29.03435915444164
SRR10070134	43675	6	54.40527929088892
SRR10070149	43675	6	63.6629993280133
SRR10070150	43675	6	64.38274763263597
SRR10070151	43675	6	63.86201621834289
SRR10102392	43675	6	42.55768097864195
SRR10102393	43675	6	42.90112958193573
SRR10102394	43675	6	42.60606686994065
SRR10070130	43675	7	52.03934077736447
SRR10070131	43675	7	54.63139552831611
SRR10070133	43675	7	29.03435915444164
SRR10070134	43675	7	54.54235953747155
SRR10070149	43675	7	63.6629993280133
SRR10070150	43675	7	64.7689294043912
SRR10070151	43675	7	63.78106220308792
SRR10102392	43675	7	42.55768097864195
SRR10102393	43675	7	43.09135816150162
SRR10102394	43675	7	42.60606686994065
SRR10070130	43675	8	52.20136309791813
SRR10070131	43675	8	54.63139552831611
SRR10070133	43675	8	28.95637070495753
SRR10070134	43675	8	54.57886837704898
SRR10070149	43675	8	63.6629993280133
SRR10070150	43675	8	64.7689294043912
SRR10070151	43675	8	63.86201621834289
SRR10102392	43675	8	42.55768097864195
SRR10102393	43675	8	43.12207016066465
SRR10102394	43675	8	42.60606686994065
SRR10070130	43675	9	51.18417908686791
SRR10070131	43675	9	54.63139552831611
SRR10070133	43675	9	28.8908654101415
SRR10070134	43675	9	54.46803313752496
SRR10070149	43675	9	63.6629993280133
SRR10070150	43675	9	64.7689294043912
SRR10070151	43675	9	63.86201621834289
SRR10102392	43675	9	42.55768097864195
SRR10102393	43675	9	43.10567807473059
SRR10102394	43675	9	42.60606686994065
SRR10070130	43675	10	52.20136309791813
SRR10070131	43675	10	54.63139552831611
SRR10070133	43675	10	29.03435915444164
SRR10070134	43675	10	54.61833370445277
SRR10070149	43675	10	63.6629993280133
SRR10070150	43675	10	64.7689294043912
SRR10070151	43675	10	63.86201621834289
SRR10102392	43675	10	42.55768097864195
SRR10102393	43675	10	43.10567807473059
SRR10102394	43675	10	42.60606686994065
SRR10070130	43976	1	52.20136309791813
SRR10070131	43976	1	54.44733667209706
SRR10070133	43976	1	29.03435915444164
SRR10070134	43976	1	54.4144320553434
SRR10070149	43976	1	63.6629993280133
SRR10070150	43976	1	64.7689294043912
SRR10070151	43976	1	63.86201621834289
SRR10102392	43976	1	42.55768097864195
SRR10102393	43976	1	43.12207016066465
SRR10102394	43976	1	42.60606686994065
SRR10070130	43976	2	52.20136309791813
SRR10070131	43976	2	54.39382172026874
SRR10070133	43976	2	29.03435915444164
SRR10070134	43976	2	54.54235953747155
SRR10070149	43976	2	63.6629993280133
SRR10070150	43976	2	64.7689294043912
SRR10070151	43976	2	63.78106220308792
SRR10102392	43976	2	42.55768097864195
SRR10102393	43976	2	43.12207016066465
SRR10102394	43976	2	42.60606686994065
SRR10070130	43976	3	51.8883097349153
SRR10070131	43976	3	54.63139552831611
SRR10070133	43976	3	29.03435915444164
SRR10070134	43976	3	54.70679585917713
SRR10070149	43976	3	63.6629993280133
SRR10070150	43976	3	64.70544148161844
SRR10070151	43976	3	63.86201621834289
SRR10102392	43976	3	42.55768097864195
SRR10102393	43976	3	43.12207016066465
SRR10102394	43976	3	42.60606686994065
SRR10070130	43976	4	51.13502928222987
SRR10070131	43976	4	54.4206587419574
SRR10070133	43976	4	28.95637070495753
SRR10070134	43976	4	54.32054812230961
SRR10070149	43976	4	63.6629993280133
SRR10070150	43976	4	64.70964099904359
SRR10070151	43976	4	63.86201621834289
SRR10102392	43976	4	42.55768097864195
SRR10102393	43976	4	43.12207016066465
SRR10102394	43976	4	41.46854474618667
SRR10070130	43976	5	52.06012525413642
SRR10070131	43976	5	54.62065784003547
SRR10070133	43976	5	29.03435915444164
SRR10070134	43976	5	54.62059842384052
SRR10070149	43976	5	63.6629993280133
SRR10070150	43976	5	64.55886357761756
SRR10070151	43976	5	63.86201621834289
SRR10102392	43976	5	42.55768097864195
SRR10102393	43976	5	43.12207016066465
SRR10102394	43976	5	42.60606686994065
SRR10070130	43976	6	51.8883097349153
SRR10070131	43976	6	54.63139552831611
SRR10070133	43976	6	29.03435915444164
SRR10070134	43976	6	54.31368498868289
SRR10070149	43976	6	63.60594137364232
SRR10070150	43976	6	64.7689294043912
SRR10070151	43976	6	63.78106220308792
SRR10102392	43976	6	42.55768097864195
SRR10102393	43976	6	43.09135816150162
SRR10102394	43976	6	42.49533273689082
SRR10070130	43976	7	52.08526786048422
SRR10070131	43976	7	54.63139552831611
SRR10070133	43976	7	29.03435915444164
SRR10070134	43976	7	54.33256340844417
SRR10070149	43976	7	63.6629993280133
SRR10070150	43976	7	64.7689294043912
SRR10070151	43976	7	63.86201621834289
SRR10102392	43976	7	42.55768097864195
SRR10102393	43976	7	43.12207016066465
SRR10102394	43976	7	42.60606686994065
SRR10070130	43976	8	52.20136309791813
SRR10070131	43976	8	54.63139552831611
SRR10070133	43976	8	28.96885385962561
SRR10070134	43976	8	54.51416346096414
SRR10070149	43976	8	63.6629993280133
SRR10070150	43976	8	64.7689294043912
SRR10070151	43976	8	63.86201621834289
SRR10102392	43976	8	42.55768097864195
SRR10102393	43976	8	43.02925421446499
SRR10102394	43976	8	42.60606686994065
SRR10070130	43976	9	51.95981307494911
SRR10070131	43976	9	54.63139552831611
SRR10070133	43976	9	29.03435915444164
SRR10070134	43976	9	54.41758620834769
SRR10070149	43976	9	62.3348933940491
SRR10070150	43976	9	64.36332656321882
SRR10070151	43976	9	63.86201621834289
SRR10102392	43976	9	42.55768097864195
SRR10102393	43976	9	43.11406489179286
SRR10102394	43976	9	42.60606686994065
SRR10070130	43976	10	52.20136309791813
SRR10070131	43976	10	54.63139552831611
SRR10070133	43976	10	29.03435915444164
SRR10070134	43976	10	54.21432501045967
SRR10070149	43976	10	63.6629993280133
SRR10070150	43976	10	64.7689294043912
SRR10070151	43976	10	63.86201621834289
SRR10102392	43976	10	42.55768097364196
SRR10102393	43976	10	43.12207016066465
SRR10102394	43976	10	42.60606686994065
SRR10070130	44277	1	52.08526786048422
SRR10070131	44277	1	54.48835469245873
SRR10070133	44277	1	29.03435915444164
SRR10070134	44277	1	54.29319204718666
SRR10070149	44277	1	63.6629993280133
SRR10070150	44277	1	64.7689294043912
SRR10070151	44277	1	63.86201621834289
SRR10102392	44277	1	42.55768097864195
SRR10102393	44277	1	43.12207016066465
SRR10102394	44277	1	42.60606686994065
SRR10070130	44277	2	52.20136309791813
SRR10070131	44277	2	54.63139552831611
SRR10070133	44277	2	29.03435915444164
SRR10070134	44277	2	54.37690148295695
SRR10070149	44277	2	63.6629993280133
SRR10070150	44277	2	64.56406668685213
SRR10070151	44277	2	63.86201621834289
SRR10102392	44277	2	42.55768097864195
SRR10102393	44277	2	43.12207016066465
SRR10102394	44277	2	42.60606686994065
SRR10070130	44277	3	52.20136309791813
SRR10070131	44277	3	54.3010694461312
SRR10070133	44277	3	28.96885385962561
SRR10070134	44277	3	54.40325114820478
SRR10070149	44277	3	63.6629993280133
SRR10070150	44277	3	64.7689294043912
SRR10070151	44277	3	63.86201621834289
SRR10102392	44277	3	42.55768097864195
SRR10102393	44277	3	43.12207016066465
SRR10102394	44277	3	42.60606686994065
SRR10070130	44277	4	52.20136309791813
SRR10070131	44277	4	54.4521664113175
SRR10070133	44277	4	28.95637070495753
SRR10070134	44277	4	54.29319204718666
SRR10070149	44277	4	63.6629993280133
SRR10070150	44277	4	64.6149423524721
SRR10070151	44277	4	63.86201621834289
SRR10102392	44277	4	42.55768097864195
SRR10102393	44277	4	43.12207016066465
SRR10102394	44277	4	42.60606686994065
SRR10070130	44277	5	52.08526786048422
SRR10070131	44277	5	54.46679812750861
SRR10070133	44277	5	29.03435915444164
SRR10070134	44277	5	54.54235953747155
SRR10070149	44277	5	63.6629993280133
SRR10070150	44277	5	64.59281345940963
SRR10070151	44277	5	63.86201621834289
SRR10102392	44277	5	42.55768097864195
SRR10102393	44277	5	43.12207016066465
SRR10102394	44277	5	42.49533273689082
SRR10070130	44277	6	52.20136309791813
SRR10070131	44277	6	54.63139552831611
SRR10070133	44277	6	29.03435915444164
SRR10070134	44277	6	54.54256246934397
SRR10070149	44277	6	63.6629993280133
SRR10070150	44277	6	64.7689294043912
SRR10070151	44277	6	63.86201621834289
SRR10102392	44277	6	42.55768097864195
SRR10102393	44277	6	43.12207016066465
SRR10102394	44277	6	42.60606686994065
SRR10070130	44277	7	51.85839405566911
SRR10070131	44277	7	54.4521664113175
SRR10070133	44277	7	29.03435915444164
SRR10070134	44277	7	54.4767594993147
SRR10070149	44277	7	63.6629993280133
SRR10070150	44277	7	64.7369895951806
SRR10070151	44277	7	63.8385961694653
SRR10102392	44277	7	42.55768097864195
SRR10102393	44277	7	43.12207016066465
SRR10102394	44277	7	42.60606686994065
SRR10070130	44277	8	52.20136309791813
SRR10070131	44277	8	54.63139552831611
SRR10070133	44277	8	29.03435915444164
SRR10070134	44277	8	54.54235953747155
SRR10070149	44277	8	63.6629993280133
SRR10070150	44277	8	64.7689294043912
SRR10070151	44277	8	62.96298366492955
SRR10102392	44277	8	42.55768097864195
SRR10102393	44277	8	43.09135816150162
SRR10102394	44277	8	42.60606686994065
SRR10070130	44277	9	52.20136309791813
SRR10070131	44277	9	54.63139552831611
SRR10070133	44277	9	28.96885385962561
SRR10070134	44277	9	54.55466645493032
SRR10070149	44277	9	63.64062800982201
SRR10070150	44277	9	64.7689294043912
SRR10070151	44277	9	63.86201621834289
SRR10102392	44277	9	42.42003189571984
SRR10102393	44277	9	43.12207016066465
SRR10102394	44277	9	42.60606686994065
SRR10070130	44277	10	51.8883097349153
SRR10070131	44277	10	54.48512830235025
SRR10070133	44277	10	29.03435915444164
SRR10070134	44277	10	54.14106264293985
SRR10070149	44277	10	63.6629993280133
SRR10070150	44277	10	64.7689294043912
SRR10070151	44277	10	63.86201621834289
SRR10102392	44277	10	42.55768097864195
SRR10102393	44277	10	43.12207016066465
SRR10102394	44277	10	42.55309724681643
SRR10070130	44578	1	51.99232940986519
SRR10070131	44578	1	54.44185294012621
SRR10070133	44578	1	29.03435915444164
SRR10070134	44578	1	54.69497730551268
SRR10070149	44578	1	63.6629993280133
SRR10070150	44578	1	64.7689294043912
SRR10070151	44578	1	63.86201621834289
SRR10102392	44578	1	42.44953310848065
SRR10102393	44578	1	43.02925421446499
SRR10102394	44578	1	42.60606686994065
SRR10070130	44578	2	51.8883097349153
SRR10070131	44578	2	54.6200609926503
SRR10070133	44578	2	28.95637070495753
SRR10070134	44578	2	54.34407785723777
SRR10070149	44578	2	63.6629993280133
SRR10070150	44578	2	64.7689294043912
SRR10070151	44578	2	63.81075701173496
SRR10102392	44578	2	42.55768097864195
SRR10102393	44578	2	43.12207016066465
SRR10102394	44578	2	42.60606686994065
SRR10070130	44578	3	52.20136309791813
SRR10070131	44578	3	54.63139552831611
SRR10070133	44578	3	29.03435915444164
SRR10070134	44578	3	54.55466645493032
SRR10070149	44578	3	63.6629993280133
SRR10070150	44578	3	64.65493931174115
SRR10070151	44578	3	63.86201621834289
SRR10102392	44578	3	42.55768097864195
SRR10102393	44578	3	43.09135816150162
SRR10102394	44578	3	42.60606686994065
SRR10070130	44578	4	52.20136309791813
SRR10070131	44578	4	54.27786461857229
SRR10070133	44578	4	29.03435915444164
SRR10070134	44578	4	54.20833413957478
SRR10070149	44578	4	63.62690208272242
SRR10070150	44578	4	64.7689294043912
SRR10070151	44578	4	63.86201621834289
SRR10102392	44578	4	42.55768097864195
SRR10102393	44578	4	43.12207016066465
SRR10102394	44578	4	42.60606686994065
SRR10070130	44578	5	51.98108003106425
SRR10070131	44578	5	54.63139552831611
SRR10070133	44578	5	29.03435915444164
SRR10070134	44578	5	54.44491756011592
SRR10070149	44578	5	63.6629993280133
SRR10070150	44578	5	64.55894386879936
SRR10070151	44578	5	63.86201621834289
SRR10102392	44578	5	42.55768097864195
SRR10102393	44578	5	43.12207016066465
SRR10102394	44578	5	42.60606686994065
SRR10070130	44578	6	52.20136309791813
SRR10070131	44578	6	54.5016878193613
SRR10070133	44578	6	29.03435915444164
SRR10070134	44578	6	54.49956482244636
SRR10070149	44578	6	63.6629993280133
SRR10070150	44578	6	64.68738248264253
SRR10070151	44578	6	63.86201621834289
SRR10102392	44578	6	42.55768097864195
SRR10102393	44578	6	43.02925421446499
SRR10102394	44578	6	42.40194518470305
SRR10070130	44578	7	51.8883097349153
SRR10070131	44578	7	54.63139552831611
SRR10070133	44578	7	29.03435915444164
SRR10070134	44578	7	54.42673897280218
SRR10070149	44578	7	63.6629993280133
SRR10070150	44578	7	64.73035215726662
SRR10070151	44578	7	63.78106220308792
SRR10102392	44578	7	42.55768097864195
SRR10102393	44578	7	43.12207016066465
SRR10102394	44578	7	42.60606686994065
SRR10070130	44578	8	52.08526786048422
SRR10070131	44578	8	54.55882999788931
SRR10070133	44578	8	29.03435915444164
SRR10070134	44578	8	54.42977164967777
SRR10070149	44578	8	63.6629993280133
SRR10070150	44578	8	64.59281345940963
SRR10070151	44578	8	63.86201621834289
SRR10102392	44578	8	42.55768097864195
SRR10102393	44578	8	43.12207016066465
SRR10102394	44578	8	41.46854474618667
SRR10070130	44578	9	51.8883097349153
SRR10070131	44578	9	54.55882999788931
SRR10070133	44578	9	29.03435915444164
SRR10070134	44578	9	54.70679585917713
SRR10070149	44578	9	63.63610556234772
SRR10070150	44578	9	64.7689294043912
SRR10070151	44578	9	63.86201621834289
SRR10102392	44578	9	42.51277827817678
SRR10102393	44578	9	43.12207016066465
SRR10102394	44578	9	42.60606686994065
SRR10070130	44578	10	52.20136309791813
SRR10070131	44578	10	54.57877601019189
SRR10070133	44578	10	29.03435915444164
SRR10070134	44578	10	54.62888890356151
SRR10070149	44578	10	63.6629993280133
SRR10070150	44578	10	64.59281345940963
SRR10070151	44578	10	63.86201621834289
SRR10102392	44578	10	42.55768097864195
SRR10102393	44578	10	43.09135816150162
SRR10102394	44578	10	42.60606686994065
SRR10070130	44879	1	52.20136309791813
SRR10070131	44879	1	54.63139552831611
SRR10070133	44879	1	29.03435915444164
SRR10070134	44879	1	54.28305858528222
SRR10070149	44879	1	63.6629993280133
SRR10070150	44879	1	64.59281345940963
SRR10070151	44879	1	63.86201621834289
SRR10102392	44879	1	42.55768097864195
SRR10102393	44879	1	43.02925421446499
SRR10102394	44879	1	42.60606686994065
SRR10070130	44879	2	51.77257685322081
SRR10070131	44879	2	54.48835469245873
SRR10070133	44879	2	29.03435915444164
SRR10070134	44879	2	54.46846901959371
SRR10070149	44879	2	63.6629993280133
SRR10070150	44879	2	64.55886357761756
SRR10070151	44879	2	63.86201621834289
SRR10102392	44879	2	42.55768097864195
SRR10102393	44879	2	43.02925421446499
SRR10102394	44879	2	42.60606686994065
SRR10070130	44879	3	52.20136309791813
SRR10070131	44879	3	54.45366267370022
SRR10070133	44879	3	29.03435915444164
SRR10070134	44879	3	54.70679585917713
SRR10070149	44879	3	63.57688702494192
SRR10070150	44879	3	64.7689294043912
SRR10070151	44879	3	63.78106220308792
SRR10102392	44879	3	42.44953310848065
SRR10102393	44879	3	43.12207016066465
SRR10102394	44879	3	42.60606686994065
SRR10070130	44879	4	52.20136309791813
SRR10070131	44879	4	54.56742066446653
SRR10070133	44879	4	28.96885385962561
SRR10070134	44879	4	54.70679585917713
SRR10070149	44879	4	63.6629993280133
SRR10070150	44879	4	64.68738248264253
SRR10070151	44879	4	63.86201621834289
SRR10102392	44879	4	42.55768097864195
SRR10102393	44879	4	43.12207016066465
SRR10102394	44879	4	42.60606686994065
SRR10070130	44879	5	51.8883097349153
SRR10070131	44879	5	54.63139552831611
SRR10070133	44879	5	29.03435915444164
SRR10070134	44879	5	54.70679585917713
SRR10070149	44879	5	63.6629993280133
SRR10070150	44879	5	64.7689294043912
SRR10070151	44879	5	63.86201621834289
SRR10102392	44879	5	42.55768097864195
SRR10102393	44879	5	43.12207016066465
SRR10102394	44879	5	42.60606686994065
SRR10070130	44879	6	52.09717526849816
SRR10070131	44879	6	54.63139552831611
SRR10070133	44879	6	29.03435915444164
SRR10070134	44879	6	54.1684187180628
SRR10070149	44879	6	63.6629993280133
SRR10070150	44879	6	64.7689294043912
SRR10070151	44879	6	63.86201621834289
SRR10102392	44879	6	42.55768097864195
SRR10102393	44879	6	43.12207016066465
SRR10102394	44879	6	42.60606686994065
SRR10070130	44879	7	52.20136309791813
SRR10070131	44879	7	54.35989311663636
SRR10070133	44879	7	28.95637070495753
SRR10070134	44879	7	54.70679585917713
SRR10070149	44879	7	63.6629993280133
SRR10070150	44879	7	64.59281345940963
SRR10070151	44879	7	63.86201621834289
SRR10102392	44879	7	42.44953310848065
SRR10102393	44879	7	43.10567807473059
SRR10102394	44879	7	42.60606686994065
SRR10070130	44879	8	52.09717526849816
SRR10070131	44879	8	54.45366267370022
SRR10070133	44879	8	29.03435915444164
SRR10070134	44879	8	54.23422394794044
SRR10070149	44879	8	63.6629993280133
SRR10070150	44879	8	64.68738248264253
SRR10070151	44879	8	63.86201621834289
SRR10102392	44879	8	42.55768097864195
SRR10102393	44879	8	43.12207016066465
SRR10102394	44879	8	42.60606686994065
SRR10070130	44879	9	52.20136309791813
SRR10070131	44879	9	54.48835469245873
SRR10070133	44879	9	29.03435915444164
SRR10070134	44879	9	54.67859978266972
SRR10070149	44879	9	63.6629993280133
SRR10070150	44879	9	64.7689294043912
SRR10070151	44879	9	63.86201621834289
SRR10102392	44879	9	42.55768097864195
SRR10102393	44879	9	43.02925421446499
SRR10102394	44879	9	42.60606686994065
SRR10070130	44879	10	51.98161054127375
SRR10070131	44879	10	54.32991153227825
SRR10070133	44879	10	29.03435915444164
SRR10070134	44879	10	54.55466645493032
SRR10070149	44879	10	63.60594137364232
SRR10070150	44879	10	64.73919662199751
SRR10070151	44879	10	63.78106220308792
SRR10102392	44879	10	42.55768097864195
SRR10102393	44879	10	43.12207016066465
SRR10102394	44879	10	42.60606686994065
SRR10070130	45181	1	52.20136309791813
SRR10070131	45181	1	54.63139552831611
SRR10070133	45181	1	29.03435915444164
SRR10070134	45181	1	54.45762836889224
SRR10070149	45181	1	63.62690208272242
SRR10070150	45181	1	64.59281345940963
SRR10070151	45181	1	63.8385961694653
SRR10102392	45181	1	42.55768097864195
SRR10102393	45181	1	43.09094577093425
SRR10102394	45181	1	42.57306415438284
SRR10070130	45181	2	51.8883097349153
SRR10070131	45181	2	54.63139552831611
SRR10070133	45181	2	29.03435915444164
SRR10070134	45181	2	54.33868953181411
SRR10070149	45181	2	63.6629993280133
SRR10070150	45181	2	64.74222340080723
SRR10070151	45181	2	63.86201621834289
SRR10102392	45181	2	42.55768097864195
SRR10102393	45181	2	43.12207016066465
SRR10102394	45181	2	42.60606686994065
SRR10070130	45181	3	52.20136309791813
SRR10070131	45181	3	54.63139552831611
SRR10070133	45181	3	29.03435915444164
SRR10070134	45181	3	54.44098211118001
SRR10070149	45181	3	63.6629993280133
SRR10070150	45181	3	64.7689294043912
SRR10070151	45181	3	63.86201621834289
SRR10102392	45181	3	42.55768097864195
SRR10102393	45181	3	43.12207016066465
SRR10102394	45181	3	42.60606686994065
SRR10070130	45181	4	52.20136309791813
SRR10070131	45181	4	54.41121269005433
SRR10070133	45181	4	29.03435915444164
SRR10070134	45181	4	54.5697156125945
SRR10070149	45181	4	63.6629993280133
SRR10070150	45181	4	64.65493931174115
SRR10070151	45181	4	62.9984109574939
SRR10102392	45181	4	42.55768097864195
SRR10102393	45181	4	43.10567807473059
SRR10102394	45181	4	42.60606686994065
SRR10070130	45181	5	52.20136309791813
SRR10070131	45181	5	54.63139552831611
SRR10070133	45181	5	29.03435915444164
SRR10070134	45181	5	54.70679585917713
SRR10070149	45181	5	63.6629993280133
SRR10070150	45181	5	64.7689294043912
SRR10070151	45181	5	63.86201621834289
SRR10102392	45181	5	42.55768097864195
SRR10102393	45181	5	43.12207016066465
SRR10102394	45181	5	42.60606686994065
SRR10070130	45181	6	52.20136309791813
SRR10070131	45181	6	54.45366267370022
SRR10070133	45181	6	29.03435915444164
SRR10070134	45181	6	54.18616533887432
SRR10070149	45181	6	63.60594137364232
SRR10070150	45181	6	64.68738248264253
SRR10070151	45181	6	63.86201621834289
SRR10102392	45181	6	42.55768097864195
SRR10102393	45181	6	43.12207016066465
SRR10102394	45181	6	42.60606686994065
SRR10070130	45181	7	52.20136309791813
SRR10070131	45181	7	54.3099900645864
SRR10070133	45181	7	29.03435915444164
SRR10070134	45181	7	54.45762836889224
SRR10070149	45181	7	63.63610556234772
SRR10070150	45181	7	64.68738248264253
SRR10070151	45181	7	63.86201621834289
SRR10102392	45181	7	42.55768097864195
SRR10102393	45181	7	43.12207016066465
SRR10102394	45181	7	42.60606686994065
SRR10070130	45181	8	51.78412190549533
SRR10070131	45181	8	54.60797547943852
SRR10070133	45181	8	29.03435915444164
SRR10070134	45181	8	54.48138401101203
SRR10070149	45181	8	63.6629993280133
SRR10070150	45181	8	64.7689294043912
SRR10070151	45181	8	63.86201621834289
SRR10102392	45181	8	42.55768097864195
SRR10102393	45181	8	43.12207016066465
SRR10102394	45181	8	42.60606686994065
SRR10070130	45181	9	52.08526786048422
SRR10070131	45181	9	54.63139552831611
SRR10070133	45181	9	29.03435915444164
SRR10070134	45181	9	54.70679585917713
SRR10070149	45181	9	63.6629993280133
SRR10070150	45181	9	64.7689294043912
SRR10070151	45181	9	63.81075701173496
SRR10102392	45181	9	42.55768097864195
SRR10102393	45181	9	43.12207016066465
SRR10102394	45181	9	42.51838819905748
SRR10070130	45181	10	52.20136309791813
SRR10070131	45181	10	54.31861696694008
SRR10070133	45181	10	28.94341954697041
SRR10070134	45181	10	54.54235953747155
SRR10070149	45181	10	63.6629993280133
SRR10070150	45181	10	64.7689294043912
SRR10070151	45181	10	63.86201621834289
SRR10102392	45181	10	42.55768097864195
SRR10102393	45181	10	43.02925421446499
SRR10102394	45181	10	42.60606686994065
SRR10070130	45482	1	52.20136309791813
SRR10070131	45482	1	54.26817185419694
SRR10070133	45482	1	29.03435915444164
SRR10070134	45482	1	54.70679585917713
SRR10070149	45482	1	63.6629993280133
SRR10070150	45482	1	64.7689294043912
SRR10070151	45482	1	63.86201621834289
SRR10102392	45482	1	42.55768097864195
SRR10102393	45482	1	43.10567807473059
SRR10102394	45482	1	41.46854474618667
SRR10070130	45482	2	52.20136309791813
SRR10070131	45482	2	54.55420818633482
SRR10070133	45482	2	28.95637070495753
SRR10070134	45482	2	54.70679585917713
SRR10070149	45482	2	62.26910512174651
SRR10070150	45482	2	64.59281345940963
SRR10070151	45482	2	63.86201621834289
SRR10102392	45482	2	42.55768097864195
SRR10102393	45482	2	43.12207016066465
SRR10102394	45482	2	42.60606686994065
SRR10070130	45482	3	51.8883097349153
SRR10070131	45482	3	54.63139552831611
SRR10070133	45482	3	29.03435915444164
SRR10070134	45482	3	54.49401046943711
SRR10070149	45482	3	63.6629993280133
SRR10070150	45482	3	64.7689294043912
SRR10070151	45482	3	63.86201621834289
SRR10102392	45482	3	42.55768097864195
SRR10102393	45482	3	43.12207016066465
SRR10102394	45482	3	42.60606686994065
SRR10070130	45482	4	52.20136309791813
SRR10070131	45482	4	54.63139552831611
SRR10070133	45482	4	29.03435915444164
SRR10070134	45482	4	54.56768746991036
SRR10070149	45482	4	63.52763019108379
SRR10070150	45482	4	64.59281345940963
SRR10070151	45482	4	63.86201621834289
SRR10102392	45482	4	42.55768097864195
SRR10102393	45482	4	43.12207016066465
SRR10102394	45482	4	42.60606686994065
SRR10070130	45482	5	52.20136309791813
SRR10070131	45482	5	54.5016878193613
SRR10070133	45482	5	29.03435915444164
SRR10070134	45482	5	54.55466645493032
SRR10070149	45482	5	63.6629993280133
SRR10070150	45482	5	64.7689294043912
SRR10070151	45482	5	63.86201621834289
SRR10102392	45482	5	42.55768097864195
SRR10102393	45482	5	43.12207016066465
SRR10102394	45482	5	42.60606686994065
SRR10070130	45482	6	51.8883097349153
SRR10070131	45482	6	54.48835469245873
SRR10070133	45482	6	29.03435915444164
SRR10070134	45482	6	54.70679585917713
SRR10070149	45482	6	63.6629993280133
SRR10070150	45482	6	64.68738248264253
SRR10070151	45482	6	63.86201621834289
SRR10102392	45482	6	42.55768097864195
SRR10102393	45482	6	43.12207016066465
SRR10102394	45482	6	42.60606686994065
SRR10070130	45482	7	52.20136309791813
SRR10070131	45482	7	54.55882999788931
SRR10070133	45482	7	29.03435915444164
SRR10070134	45482	7	54.45762836889224
SRR10070149	45482	7	63.6629993280133
SRR10070150	45482	7	64.7689294043912
SRR10070151	45482	7	63.86201621834289
SRR10102392	45482	7	42.55768097864195
SRR10102393	45482	7	43.02925421446499
SRR10102394	45482	7	42.60606686994065
SRR10070130	45482	8	52.20136309791813
SRR10070131	45482	8	54.63139552831611
SRR10070133	45482	8	29.03435915444164
SRR10070134	45482	8	54.41768822402553
SRR10070149	45482	8	63.57688702494192
SRR10070150	45482	8	64.73002401583786
SRR10070151	45482	8	63.86201621834289
SRR10102392	45482	8	42.55768097864195
SRR10102393	45482	8	43.12207016066465
SRR10102394	45482	8	42.60606686994065
SRR10070130	45482	9	52.08535428780709
SRR10070131	45482	9	54.5759559518095
SRR10070133	45482	9	29.03435915444164
SRR10070134	45482	9	54.39102953209402
SRR10070149	45482	9	63.6629993280133
SRR10070150	45482	9	64.7689294043912
SRR10070151	45482	9	63.86201621834289
SRR10102392	45482	9	42.55768097864195
SRR10102393	45482	9	43.12207016066465
SRR10102394	45482	9	42.60606686994065
SRR10070130	45482	10	52.20136309791813
SRR10070131	45482	10	54.63139552831611
SRR10070133	45482	10	29.03435915444164
SRR10070134	45482	10	54.5297754677278
SRR10070149	45482	10	63.51982907057094
SRR10070150	45482	10	64.7689294043912
SRR10070151	45482	10	63.86201621834289
SRR10102392	45482	10	42.55768097864195
SRR10102393	45482	10	43.01286212853093
SRR10102394	45482	10	42.60606686994065
SRR10070130	45783	1	52.20136309791813
SRR10070131	45783	1	54.47570829547092
SRR10070133	45783	1	29.03435915444164
SRR10070134	45783	1	54.27941134900646
SRR10070149	45783	1	63.6629993280133
SRR10070150	45783	1	64.7689294043912
SRR10070151	45783	1	63.86201621834289
SRR10102392	45783	1	42.55768097864195
SRR10102393	45783	1	43.12207016066465
SRR10102394	45783	1	42.60606686994065
SRR10070130	45783	2	52.20136309791813
SRR10070131	45783	2	54.45366267370022
SRR10070133	45783	2	29.03435915444164
SRR10070134	45783	2	54.64559442552598
SRR10070149	45783	2	63.59789841321462
SRR10070150	45783	2	64.7401826318337
SRR10070151	45783	2	63.86201621834289
SRR10102392	45783	2	42.55768097864195
SRR10102393	45783	2	43.12207016066465
SRR10102394	45783	2	42.60606686994065
SRR10070130	45783	3	52.20136309791813
SRR10070131	45783	3	54.42885988333344
SRR10070133	45783	3	29.03435915444164
SRR10070134	45783	3	54.08663187504606
SRR10070149	45783	3	63.6629993280133
SRR10070150	45783	3	64.7689294043912
SRR10070151	45783	3	63.86201621834289
SRR10102392	45783	3	42.55768097864195
SRR10102393	45783	3	43.12207016066465
SRR10102394	45783	3	42.60606686994065
SRR10070130	45783	4	52.20136309791813
SRR10070131	45783	4	54.45366267370022
SRR10070133	45783	4	29.03435915444164
SRR10070134	45783	4	54.70679585917713
SRR10070149	45783	4	63.6629993280133
SRR10070150	45783	4	64.7689294043912
SRR10070151	45783	4	63.86201621834289
SRR10102392	45783	4	42.50062302427098
SRR10102393	45783	4	43.12207016066465
SRR10102394	45783	4	42.60606686994065
SRR10070130	45783	5	51.8883097349153
SRR10070131	45783	5	54.41121269005433
SRR10070133	45783	5	29.03435915444164
SRR10070134	45783	5	54.42673897280218
SRR10070149	45783	5	63.6629993280133
SRR10070150	45783	5	64.7689294043912
SRR10070151	45783	5	63.86201621834289
SRR10102392	45783	5	42.55768097864195
SRR10102393	45783	5	43.12207016066465
SRR10102394	45783	5	42.60606686994065
SRR10070130	45783	6	52.20136309791813
SRR10070131	45783	6	54.63139552831611
SRR10070133	45783	6	28.95637070495753
SRR10070134	45783	6	54.5697156125945
SRR10070149	45783	6	63.6629993280133
SRR10070150	45783	6	64.7689294043912
SRR10070151	45783	6	63.86201621834289
SRR10102392	45783	6	42.55768097864195
SRR10102393	45783	6	43.12207016066465
SRR10102394	45783	6	42.60606686994065
SRR10070130	45783	7	52.09717526849816
SRR10070131	45783	7	54.45366267370022
SRR10070133	45783	7	29.03435915444164
SRR10070134	45783	7	54.43614331030147
SRR10070149	45783	7	63.6629993280133
SRR10070150	45783	7	64.59281345940963
SRR10070151	45783	7	63.86201621834289
SRR10102392	45783	7	42.55768097864195
SRR10102393	45783	7	43.12207016066465
SRR10102394	45783	7	42.60606686994065
SRR10070130	45783	8	52.20136309791813
SRR10070131	45783	8	54.63139552831611
SRR10070133	45783	8	29.03435915444164
SRR10070134	45783	8	54.10721728441165
SRR10070149	45783	8	63.52763019108379
SRR10070150	45783	8	64.7689294043912
SRR10070151	45783	8	63.86201621834289
SRR10102392	45783	8	42.55768097864195
SRR10102393	45783	8	43.12207016066465
SRR10102394	45783	8	42.60606686994065
SRR10070130	45783	9	52.20136309791813
SRR10070131	45783	9	54.63139552831611
SRR10070133	45783	9	29.03435915444164
SRR10070134	45783	9	54.49653426281036
SRR10070149	45783	9	63.6629993280133
SRR10070150	45783	9	64.7689294043912
SRR10070151	45783	9	63.86201621834289
SRR10102392	45783	9	42.55768097864195
SRR10102393	45783	9	41.98454803691064
SRR10102394	45783	9	41.46854474618667
SRR10070130	45783	10	52.12744882334481
SRR10070131	45783	10	54.41808603912553
SRR10070133	45783	10	29.03435915444164
SRR10070134	45783	10	54.30549896464543
SRR10070149	45783	10	63.6629993280133
SRR10070150	45783	10	64.59281345940963
SRR10070151	45783	10	63.86201621834289
SRR10102392	45783	10	42.55768097864195
SRR10102393	45783	10	43.12207016066465
SRR10102394	45783	10	42.60606686994065
SRR10070130	46084	1	52.00594636057029
SRR10070131	46084	1	54.37897626519165
SRR10070133	46084	1	29.03435915444164
SRR10070134	46084	1	54.70679585917713
SRR10070149	46084	1	63.64589695983732
SRR10070150	46084	1	64.7689294043912
SRR10070151	46084	1	63.86201621834289
SRR10102392	46084	1	42.55768097864195
SRR10102393	46084	1	43.12207016066465
SRR10102394	46084	1	42.60606686994065
SRR10070130	46084	2	51.98161054127375
SRR10070131	46084	2	54.63139552831611
SRR10070133	46084	2	28.95637070495753
SRR10070134	46084	2	54.59128046317817
SRR10070149	46084	2	63.6629993280133
SRR10070150	46084	2	64.7369895951806
SRR10070151	46084	2	63.86201621834289
SRR10102392	46084	2	42.55768097864195
SRR10102393	46084	2	43.12207016066465
SRR10102394	46084	2	42.60606686994065
SRR10070130	46084	3	52.20136309791813
SRR10070131	46084	3	54.45366267370022
SRR10070133	46084	3	29.03435915444164
SRR10070134	46084	3	54.41758620834769
SRR10070149	46084	3	63.6629993280133
SRR10070150	46084	3	64.47731665586889
SRR10070151	46084	3	63.86201621834289
SRR10102392	46084	3	42.55768097864195
SRR10102393	46084	3	43.12207016066465
SRR10102394	46084	3	42.60606686994065
SRR10070130	46084	4	51.8883097349153
SRR10070131	46084	4	54.63139552831611
SRR10070133	46084	4	28.95637070495753
SRR10070134	46084	4	54.50851417894335
SRR10070149	46084	4	63.6629993280133
SRR10070150	46084	4	64.66175234941602
SRR10070151	46084	4	63.86201621834289
SRR10102392	46084	4	42.55768097864195
SRR10102393	46084	4	43.09135816150162
SRR10102394	46084	4	42.60606686994065
SRR10070130	46084	5	52.20136309791813
SRR10070131	46084	5	54.45366267370022
SRR10070133	46084	5	29.03435915444164
SRR10070134	46084	5	54.66685571431042
SRR10070149	46084	5	63.6629993280133
SRR10070150	46084	5	64.68738248264253
SRR10070151	46084	5	63.86201621834289
SRR10102392	46084	5	42.55768097864195
SRR10102393	46084	5	43.12207016066465
SRR10102394	46084	5	42.60606686994065
SRR10070130	46084	6	51.33775783706913
SRR10070131	46084	6	54.5759559518095
SRR10070133	46084	6	29.03435915444164
SRR10070134	46084	6	54.50851417894335
SRR10070149	46084	6	63.6629993280133
SRR10070150	46084	6	64.7689294043912
SRR10070151	46084	6	63.86201621834289
SRR10102392	46084	6	42.50062302427098
SRR10102393	46084	6	43.02925421446499
SRR10102394	46084	6	42.60606686994065
SRR10070130	46084	7	52.20136309791813
SRR10070131	46084	7	54.63139552831611
SRR10070133	46084	7	29.03435915444164
SRR10070134	46084	7	54.54151953608709
SRR10070149	46084	7	63.6629993280133
SRR10070150	46084	7	64.7689294043912
SRR10070151	46084	7	63.86201621834289
SRR10102392	46084	7	42.44953310848065
SRR10102393	46084	7	43.12207016066465
SRR10102394	46084	7	42.60606686994065
SRR10070130	46084	8	52.20136309791813
SRR10070131	46084	8	54.55635000228843
SRR10070133	46084	8	29.03435915444164
SRR10070134	46084	8	54.62059842384052
SRR10070149	46084	8	63.6629993280133
SRR10070150	46084	8	64.7689294043912
SRR10070151	46084	8	63.86201621834289
SRR10102392	46084	8	42.55000908646464
SRR10102393	46084	8	43.12207016066465
SRR10102394	46084	8	42.60606686994065
SRR10070130	46084	9	51.33775783706913
SRR10070131	46084	9	54.63139552831611
SRR10070133	46084	9	29.03435915444164
SRR10070134	46084	9	54.70679585917713
SRR10070149	46084	9	63.6629993280133
SRR10070150	46084	9	64.7689294043912
SRR10070151	46084	9	63.86201621834289
SRR10102392	46084	9	42.55768097864195
SRR10102393	46084	9	43.12207016066465
SRR10102394	46084	9	42.60606686994065
SRR10070130	46084	10	52.20136309791813
SRR10070131	46084	10	54.5759559518095
SRR10070133	46084	10	29.03435915444164
SRR10070134	46084	10	54.62059842384052
SRR10070149	46084	10	63.60594137364232
SRR10070150	46084	10	64.73002401583786
SRR10070151	46084	10	63.86201621834289
SRR10102392	46084	10	42.55768097864195
SRR10102393	46084	10	43.12207016066465
SRR10102394	46084	10	42.60606686994065
SRR10070130	46385	1	51.8883097349153
SRR10070131	46385	1	54.63139552831611
SRR10070133	46385	1	29.03435915444164
SRR10070134	46385	1	54.5697156125945
SRR10070149	46385	1	63.6629993280133
SRR10070150	46385	1	64.7689294043912
SRR10070151	46385	1	63.86201621834289
SRR10102392	46385	1	42.55768097864195
SRR10102393	46385	1	43.12207016066465
SRR10102394	46385	1	42.60606686994065
SRR10070130	46385	2	52.02860963919778
SRR10070131	46385	2	54.48835469245873
SRR10070133	46385	2	29.03435915444164
SRR10070134	46385	2	54.40527929088892
SRR10070149	46385	2	63.6629993280133
SRR10070150	46385	2	64.55886357761756
SRR10070151	46385	2	63.86201621834289
SRR10102392	46385	2	42.55768097864195
SRR10102393	46385	2	43.12207016066465
SRR10102394	46385	2	42.60606686994065
SRR10070130	46385	3	52.20136309791813
SRR10070131	46385	3	54.45366267370022
SRR10070133	46385	3	29.03435915444164
SRR10070134	46385	3	53.95195507586794
SRR10070149	46385	3	63.57688702494192
SRR10070150	46385	3	64.7689294043912
SRR10070151	46385	3	63.86201621834289
SRR10102392	46385	3	42.55768097864195
SRR10102393	46385	3	43.12207016066465
SRR10102394	46385	3	41.46854474618667
SRR10070130	46385	4	52.20136309791813
SRR10070131	46385	4	54.55420818633482
SRR10070133	46385	4	29.03435915444164
SRR10070134	46385	4	54.62193795156525
SRR10070149	46385	4	63.6629993280133
SRR10070150	46385	4	64.59281345940963
SRR10070151	46385	4	63.86201621834289
SRR10102392	46385	4	42.55768097864195
SRR10102393	46385	4	43.12207016066465
SRR10102394	46385	4	42.60606686994065
SRR10070130	46385	5	52.20136309791813
SRR10070131	46385	5	54.63139552831611
SRR10070133	46385	5	29.03435915444164
SRR10070134	46385	5	54.62059842384052
SRR10070149	46385	5	63.6629993280133
SRR10070150	46385	5	64.7689294043912
SRR10070151	46385	5	63.86201621834289
SRR10102392	46385	5	42.55768097864195
SRR10102393	46385	5	43.10567807473059
SRR10102394	46385	5	42.60606686994065
SRR10070130	46385	6	52.20136309791813
SRR10070131	46385	6	54.45366267370022
SRR10070133	46385	6	28.95637070495753
SRR10070134	46385	6	54.63929940902488
SRR10070149	46385	6	63.6629993280133
SRR10070150	46385	6	64.7689294043912
SRR10070151	46385	6	62.9984109574939
SRR10102392	46385	6	42.55768097864195
SRR10102393	46385	6	43.12207016066465
SRR10102394	46385	6	42.60606686994065
SRR10070130	46385	7	52.20136309791813
SRR10070131	46385	7	54.53177468757107
SRR10070133	46385	7	29.03435915444164
SRR10070134	46385	7	54.63361450939299
SRR10070149	46385	7	63.6629993280133
SRR10070150	46385	7	64.7689294043912
SRR10070151	46385	7	63.86201621834289
SRR10102392	46385	7	42.44953310848065
SRR10102393	46385	7	43.12207016066465
SRR10102394	46385	7	42.60606686994065
SRR10070130	46385	8	52.05535218123804
SRR10070131	46385	8	54.55420818633482
SRR10070133	46385	8	28.95637070495753
SRR10070134	46385	8	54.70679585917713
SRR10070149	46385	8	63.6629993280133
SRR10070150	46385	8	64.7689294043912
SRR10070151	46385	8	63.86201621834289
SRR10102392	46385	8	42.55768097864195
SRR10102393	46385	8	43.12207016066465
SRR10102394	46385	8	42.60606686994065
SRR10070130	46385	9	52.20136309791813
SRR10070131	46385	9	54.48512830235025
SRR10070133	46385	9	29.03435915444164
SRR10070134	46385	9	54.67524078816967
SRR10070149	46385	9	63.6629993280133
SRR10070150	46385	9	64.7689294043912
SRR10070151	46385	9	63.86201621834289
SRR10102392	46385	9	42.55768097864195
SRR10102393	46385	9	43.12207016066465
SRR10102394	46385	9	42.60606686994065
SRR10070130	46385	10	51.63687582086538
SRR10070131	46385	10	54.4357351743345
SRR10070133	46385	10	29.03435915444164
SRR10070134	46385	10	54.20699461185005
SRR10070149	46385	10	63.6629993280133
SRR10070150	46385	10	64.7689294043912
SRR10070151	46385	10	63.86201621834289
SRR10102392	46385	10	42.55768097864195
SRR10102393	46385	10	43.02925421446499
SRR10102394	46385	10	42.60606686994065
SRR10070130	46687	1	52.20136309791813
SRR10070131	46687	1	54.63139552831611
SRR10070133	46687	1	29.03435915444164
SRR10070134	46687	1	54.70679585917713
SRR10070149	46687	1	63.6629993280133
SRR10070150	46687	1	64.7689294043912
SRR10070151	46687	1	63.86201621834289
SRR10102392	46687	1	42.55768097864195
SRR10102393	46687	1	43.12207016066465
SRR10102394	46687	1	42.60606686994065
SRR10070130	46687	2	52.20136309791813
SRR10070131	46687	2	54.63139552831611
SRR10070133	46687	2	29.03435915444164
SRR10070134	46687	2	54.42943229238483
SRR10070149	46687	2	63.6629993280133
SRR10070150	46687	2	64.7689294043912
SRR10070151	46687	2	63.86201621834289
SRR10102392	46687	2	42.55768097864195
SRR10102393	46687	2	42.97286121637377
SRR10102394	46687	2	42.60606686994065
SRR10070130	46687	3	52.02326099392484
SRR10070131	46687	3	54.63139552831611
SRR10070133	46687	3	29.03435915444164
SRR10070134	46687	3	54.51398172953957
SRR10070149	46687	3	63.6629993280133
SRR10070150	46687	3	64.7689294043912
SRR10070151	46687	3	63.86201621834289
SRR10102392	46687	3	42.55768097864195
SRR10102393	46687	3	43.12207016066465
SRR10102394	46687	3	42.60606686994065
SRR10070130	46687	4	52.20136309791813
SRR10070131	46687	4	54.63139552831611
SRR10070133	46687	4	29.03435915444164
SRR10070134	46687	4	54.70679585917713
SRR10070149	46687	4	63.6629993280133
SRR10070150	46687	4	64.7689294043912
SRR10070151	46687	4	63.86201621834289
SRR10102392	46687	4	42.55768097864195
SRR10102393	46687	4	43.12207016066465
SRR10102394	46687	4	42.60606686994065
SRR10070130	46687	5	51.78412190549533
SRR10070131	46687	5	54.63139552831611
SRR10070133	46687	5	29.03435915444164
SRR10070134	46687	5	54.42607329788478
SRR10070149	46687	5	63.6629993280133
SRR10070150	46687	5	64.7689294043912
SRR10070151	46687	5	63.86201621834289
SRR10102392	46687	5	42.55768097864195
SRR10102393	46687	5	43.12207016066465
SRR10102394	46687	5	42.60606686994065
SRR10070130	46687	6	52.20136309791813
SRR10070131	46687	6	54.63139552831611
SRR10070133	46687	6	29.03435915444164
SRR10070134	46687	6	54.5697156125945
SRR10070149	46687	6	63.60594137364232
SRR10070150	46687	6	64.55886357761756
SRR10070151	46687	6	63.86201621834289
SRR10102392	46687	6	42.55768097864195
SRR10102393	46687	6	43.12207016066465
SRR10102394	46687	6	42.60606686994065
SRR10070130	46687	7	51.98161054127375
SRR10070131	46687	7	54.5016878193613
SRR10070133	46687	7	28.95637070495753
SRR10070134	46687	7	54.32054812230961
SRR10070149	46687	7	63.6629993280133
SRR10070150	46687	7	64.7689294043912
SRR10070151	46687	7	63.86201621834289
SRR10102392	46687	7	42.55768097864195
SRR10102393	46687	7	43.12207016066465
SRR10102394	46687	7	41.46854474618667
SRR10070130	46687	8	52.00192440119098
SRR10070131	46687	8	54.63139552831611
SRR10070133	46687	8	29.03435915444164
SRR10070134	46687	8	54.30549896464543
SRR10070149	46687	8	63.63610556234772
SRR10070150	46687	8	64.70964099904359
SRR10070151	46687	8	63.86201621834289
SRR10102392	46687	8	42.55768097864195
SRR10102393	46687	8	43.12207016066465
SRR10102394	46687	8	42.60606686994065
SRR10070130	46687	9	52.09717526849816
SRR10070131	46687	9	54.35989311663636
SRR10070133	46687	9	29.03435915444164
SRR10070134	46687	9	54.67095322257699
SRR10070149	46687	9	63.6629993280133
SRR10070150	46687	9	64.59281345940963
SRR10070151	46687	9	63.86201621834289
SRR10102392	46687	9	42.55768097864195
SRR10102393	46687	9	43.12207016066465
SRR10102394	46687	9	42.60606686994065
SRR10070130	46687	10	52.20136309791813
SRR10070131	46687	10	54.44440244104105
SRR10070133	46687	10	29.03435915444164
SRR10070134	46687	10	54.37143093355563
SRR10070149	46687	10	63.6629993280133
SRR10070150	46687	10	64.59281345940963
SRR10070151	46687	10	63.86201621834289
SRR10102392	46687	10	42.44953310848065
SRR10102393	46687	10	43.12207016066465
SRR10102394	46687	10	42.60606686994065
SRR10070130	46988	1	52.20136309791813
SRR10070131	46988	1	54.45366267370022
SRR10070133	46988	1	28.95637070495753
SRR10070134	46988	1	54.26965632804529
SRR10070149	46988	1	63.6629993280133
SRR10070150	46988	1	64.68738248264253
SRR10070151	46988	1	63.86201621834289
SRR10102392	46988	1	42.55768097864195
SRR10102393	46988	1	43.12207016066465
SRR10102394	46988	1	42.60606686994065
SRR10070130	46988	2	52.20136309791813
SRR10070131	46988	2	54.55420818633482
SRR10070133	46988	2	29.03435915444164
SRR10070134	46988	2	54.46846901959371
SRR10070149	46988	2	63.6629993280133
SRR10070150	46988	2	64.7689294043912
SRR10070151	46988	2	63.82436450440537
SRR10102392	46988	2	42.44953310848065
SRR10102393	46988	2	43.12207016066465
SRR10102394	46988	2	42.60606686994065
SRR10070130	46988	3	52.20136309791813
SRR10070131	46988	3	54.48512830235025
SRR10070133	46988	3	29.03435915444164
SRR10070134	46988	3	54.70679585917713
SRR10070149	46988	3	63.59585356318558
SRR10070150	46988	3	64.73035215726662
SRR10070151	46988	3	63.86201621834289
SRR10102392	46988	3	42.55768097864195
SRR10102393	46988	3	43.12207016066465
SRR10102394	46988	3	42.60606686994065
SRR10070130	46988	4	52.20136309791813
SRR10070131	46988	4	54.63139552831611
SRR10070133	46988	4	29.03435915444164
SRR10070134	46988	4	53.94013604495301
SRR10070149	46988	4	63.6629993280133
SRR10070150	46988	4	64.7689294043912
SRR10070151	46988	4	63.86201621834289
SRR10102392	46988	4	42.55768097864195
SRR10102393	46988	4	43.12207016066465
SRR10102394	46988	4	42.60606686994065
SRR10070130	46988	5	52.20136309791813
SRR10070131	46988	5	54.63139552831611
SRR10070133	46988	5	28.95637070495753
SRR10070134	46988	5	54.32054812230961
SRR10070149	46988	5	63.6629993280133
SRR10070150	46988	5	64.7689294043912
SRR10070151	46988	5	63.86201621834289
SRR10102392	46988	5	42.55768097864195
SRR10102393	46988	5	43.02925421446499
SRR10102394	46988	5	42.60606686994065
SRR10070130	46988	6	52.09717526849816
SRR10070131	46988	6	54.63139552831611
SRR10070133	46988	6	29.03435915444164
SRR10070134	46988	6	54.70679585917713
SRR10070149	46988	6	63.6629993280133
SRR10070150	46988	6	64.7689294043912
SRR10070151	46988	6	63.86201621834289
SRR10102392	46988	6	42.55768097864195
SRR10102393	46988	6	43.02925421446499
SRR10102394	46988	6	42.60606686994065
SRR10070130	46988	7	52.20136309791813
SRR10070131	46988	7	54.63139552831611
SRR10070133	46988	7	29.03435915444164
SRR10070134	46988	7	54.55466645493032
SRR10070149	46988	7	63.63610556234772
SRR10070150	46988	7	64.7689294043912
SRR10070151	46988	7	63.86201621834289
SRR10102392	46988	7	42.55768097864195
SRR10102393	46988	7	43.12207016066465
SRR10102394	46988	7	42.60606686994065
SRR10070130	46988	8	52.20136309791813
SRR10070131	46988	8	54.63139552831611
SRR10070133	46988	8	29.03435915444164
SRR10070134	46988	8	54.37289311273815
SRR10070149	46988	8	63.6629993280133
SRR10070150	46988	8	64.7689294043912
SRR10070151	46988	8	63.86201621834289
SRR10102392	46988	8	42.50062302427098
SRR10102393	46988	8	43.12207016066465
SRR10102394	46988	8	42.60606686994065
SRR10070130	46988	9	52.20136309791813
SRR10070131	46988	9	54.63139552831611
SRR10070133	46988	9	28.94341954697041
SRR10070134	46988	9	54.5697156125945
SRR10070149	46988	9	63.6629993280133
SRR10070150	46988	9	64.7689294043912
SRR10070151	46988	9	63.86201621834289
SRR10102392	46988	9	42.55768097864195
SRR10102393	46988	9	43.12207016066465
SRR10102394	46988	9	42.60606686994065
SRR10070130	46988	10	52.20136309791813
SRR10070131	46988	10	54.63139552831611
SRR10070133	46988	10	29.03435915444164
SRR10070134	46988	10	54.23363714621262
SRR10070149	46988	10	63.62750051521861
SRR10070150	46988	10	64.7689294043912
SRR10070151	46988	10	63.86201621834289
SRR10102392	46988	10	42.55768097864195
SRR10102393	46988	10	43.12207016066465
SRR10102394	46988	10	42.60606686994065
SRR10070130	47289	1	52.12417575593684
SRR10070131	47289	1	54.63139552831611
SRR10070133	47289	1	29.03435915444164
SRR10070134	47289	1	54.53222607556711
SRR10070149	47289	1	63.6629993280133
SRR10070150	47289	1	64.7689294043912
SRR10070151	47289	1	63.86201621834289
SRR10102392	47289	1	42.55768097864195
SRR10102393	47289	1	43.02925421446499
SRR10102394	47289	1	42.60606686994065
SRR10070130	47289	2	52.03754243853148
SRR10070131	47289	2	54.63139552831611
SRR10070133	47289	2	29.03435915444164
SRR10070134	47289	2	54.70679585917713
SRR10070149	47289	2	63.6629993280133
SRR10070150	47289	2	64.68738248264253
SRR10070151	47289	2	63.86201621834289
SRR10102392	47289	2	42.55768097864195
SRR10102393	47289	2	43.12207016066465
SRR10102394	47289	2	42.60606686994065
SRR10070130	47289	3	52.16254162978838
SRR10070131	47289	3	54.63139552831611
SRR10070133	47289	3	29.03435915444164
SRR10070134	47289	3	54.29319204718666
SRR10070149	47289	3	63.60594137364232
SRR10070150	47289	3	64.7689294043912
SRR10070151	47289	3	63.86201621834289
SRR10102392	47289	3	42.55768097864195
SRR10102393	47289	3	43.10567807473059
SRR10102394	47289	3	42.60606686994065
SRR10070130	47289	4	52.20136309791813
SRR10070131	47289	4	54.63139552831611
SRR10070133	47289	4	29.03435915444164
SRR10070134	47289	4	54.54151953608709
SRR10070149	47289	4	63.6629993280133
SRR10070150	47289	4	64.7689294043912
SRR10070151	47289	4	63.86201621834289
SRR10102392	47289	4	42.55768097864195
SRR10102393	47289	4	43.12207016066465
SRR10102394	47289	4	41.46854474618667
SRR10070130	47289	5	52.20136309791813
SRR10070131	47289	5	54.63139552831611
SRR10070133	47289	5	29.03435915444164
SRR10070134	47289	5	54.40527929088892
SRR10070149	47289	5	63.60594137364232
SRR10070150	47289	5	64.7689294043912
SRR10070151	47289	5	63.86201621834289
SRR10102392	47289	5	42.55768097864195
SRR10102393	47289	5	43.12207016066465
SRR10102394	47289	5	42.60606686994065
SRR10070130	47289	6	52.20136309791813
SRR10070131	47289	6	54.63139552831611
SRR10070133	47289	6	28.95637070495753
SRR10070134	47289	6	54.56704982338454
SRR10070149	47289	6	63.62690208272242
SRR10070150	47289	6	64.7689294043912
SRR10070151	47289	6	63.86201621834289
SRR10102392	47289	6	42.44953310848065
SRR10102393	47289	6	43.12207016066465
SRR10102394	47289	6	42.60606686994065
SRR10070130	47289	7	52.20136309791813
SRR10070131	47289	7	54.63139552831611
SRR10070133	47289	7	29.03435915444164
SRR10070134	47289	7	54.70679585917713
SRR10070149	47289	7	63.6629993280133
SRR10070150	47289	7	64.57339238999248
SRR10070151	47289	7	63.86201621834289
SRR10102392	47289	7	42.55768097864195
SRR10102393	47289	7	43.09135816150162
SRR10102394	47289	7	42.60606686994065
SRR10070130	47289	8	52.20136309791813
SRR10070131	47289	8	54.45366267370022
SRR10070133	47289	8	29.03435915444164
SRR10070134	47289	8	54.54151953608709
SRR10070149	47289	8	63.6629993280133
SRR10070150	47289	8	64.7689294043912
SRR10070151	47289	8	63.86201621834289
SRR10102392	47289	8	42.55768097864195
SRR10102393	47289	8	43.12207016066465
SRR10102394	47289	8	42.60606686994065
SRR10070130	47289	9	52.20136309791813
SRR10070131	47289	9	54.63139552831611
SRR10070133	47289	9	29.03435915444164
SRR10070134	47289	9	54.54235953747155
SRR10070149	47289	9	63.6629993280133
SRR10070150	47289	9	64.59281345940963
SRR10070151	47289	9	63.86201621834289
SRR10102392	47289	9	42.55768097864195
SRR10102393	47289	9	43.12207016066465
SRR10102394	47289	9	42.60606686994065
SRR10070130	47289	10	52.20136309791813
SRR10070131	47289	10	54.5016878193613
SRR10070133	47289	10	29.03435915444164
SRR10070134	47289	10	54.30150481025669
SRR10070149	47289	10	63.6629993280133
SRR10070150	47289	10	64.7689294043912
SRR10070151	47289	10	63.86201621834289
SRR10102392	47289	10	42.55768097864195
SRR10102393	47289	10	43.12207016066465
SRR10102394	47289	10	42.60606686994065
SRR10070130	47590	1	52.20136309791813
SRR10070131	47590	1	54.53177468757107
SRR10070133	47590	1	29.03435915444164
SRR10070134	47590	1	54.55466645493032
SRR10070149	47590	1	63.6629993280133
SRR10070150	47590	1	64.56308067701593
SRR10070151	47590	1	63.86201621834289
SRR10102392	47590	1	42.55768097864195
SRR10102393	47590	1	43.12207016066465
SRR10102394	47590	1	42.60606686994065
SRR10070130	47590	2	52.0113535859109
SRR10070131	47590	2	54.5016878193613
SRR10070133	47590	2	28.95637070495753
SRR10070134	47590	2	54.50166758805614
SRR10070149	47590	2	63.6629993280133
SRR10070150	47590	2	64.7689294043912
SRR10070151	47590	2	63.86201621834289
SRR10102392	47590	2	42.55768097864195
SRR10102393	47590	2	43.12207016066465
SRR10102394	47590	2	41.46854474618667
SRR10070130	47590	3	52.20136309791813
SRR10070131	47590	3	54.63139552831611
SRR10070133	47590	3	29.03435915444164
SRR10070134	47590	3	54.63929940902488
SRR10070149	47590	3	63.6629993280133
SRR10070150	47590	3	64.7689294043912
SRR10070151	47590	3	63.86201621834289
SRR10102392	47590	3	42.55768097864195
SRR10102393	47590	3	43.02925421446499
SRR10102394	47590	3	42.60606686994065
SRR10070130	47590	4	52.20136309791813
SRR10070131	47590	4	54.63139552831611
SRR10070133	47590	4	29.03435915444164
SRR10070134	47590	4	54.09337666214304
SRR10070149	47590	4	63.6629993280133
SRR10070150	47590	4	64.59281345940963
SRR10070151	47590	4	63.86201621834289
SRR10102392	47590	4	42.50062302427098
SRR10102393	47590	4	43.12207016066465
SRR10102394	47590	4	42.60606686994065
SRR10070130	47590	5	52.09717526849816
SRR10070131	47590	5	54.63139552831611
SRR10070133	47590	5	29.03435915444164
SRR10070134	47590	5	54.70679585917713
SRR10070149	47590	5	63.6629993280133
SRR10070150	47590	5	64.59281345940963
SRR10070151	47590	5	63.86201621834289
SRR10102392	47590	5	42.55768097864195
SRR10102393	47590	5	43.12207016066465
SRR10102394	47590	5	42.60606686994065
SRR10070130	47590	6	52.09717526849816
SRR10070131	47590	6	54.63139552831611
SRR10070133	47590	6	28.96885385962561
SRR10070134	47590	6	54.54235953747155
SRR10070149	47590	6	63.6629993280133
SRR10070150	47590	6	64.7689294043912
SRR10070151	47590	6	63.86201621834289
SRR10102392	47590	6	42.55768097864195
SRR10102393	47590	6	43.12207016066465
SRR10102394	47590	6	42.60606686994065
SRR10070130	47590	7	52.20136309791813
SRR10070131	47590	7	54.41121269005433
SRR10070133	47590	7	29.03435915444164
SRR10070134	47590	7	54.44304270951869
SRR10070149	47590	7	63.6629993280133
SRR10070150	47590	7	64.7689294043912
SRR10070151	47590	7	63.86201621834289
SRR10102392	47590	7	42.55768097864195
SRR10102393	47590	7	43.12207016066465
SRR10102394	47590	7	42.60606686994065
SRR10070130	47590	8	51.8883097349153
SRR10070131	47590	8	54.63139552831611
SRR10070133	47590	8	29.03435915444164
SRR10070134	47590	8	54.69497730551268
SRR10070149	47590	8	63.6629993280133
SRR10070150	47590	8	64.55423621228505
SRR10070151	47590	8	63.86201621834289
SRR10102392	47590	8	42.55768097864195
SRR10102393	47590	8	43.12207016066465
SRR10102394	47590	8	42.60606686994065
SRR10070130	47590	9	51.88453479453567
SRR10070131	47590	9	54.63139552831611
SRR10070133	47590	9	28.95637070495753
SRR10070134	47590	9	54.70679585917713
SRR10070149	47590	9	63.56984412835145
SRR10070150	47590	9	64.7689294043912
SRR10070151	47590	9	63.86201621834289
SRR10102392	47590	9	42.55768097864195
SRR10102393	47590	9	43.12207016066465
SRR10102394	47590	9	42.60606686994065
SRR10070130	47590	10	52.20136309791813
SRR10070131	47590	10	54.55882999788931
SRR10070133	47590	10	29.03435915444164
SRR10070134	47590	10	54.70679585917713
SRR10070149	47590	10	63.6629993280133
SRR10070150	47590	10	64.70964099904359
SRR10070151	47590	10	63.86201621834289
SRR10102392	47590	10	42.50062302427098
SRR10102393	47590	10	43.12207016066465
SRR10102394	47590	10	42.60606686994065
SRR10070130	47891	1	52.20136309791813
SRR10070131	47891	1	54.44733667209706
SRR10070133	47891	1	29.03435915444164
SRR10070134	47891	1	54.62888890356151
SRR10070149	47891	1	63.6629993280133
SRR10070150	47891	1	64.7689294043912
SRR10070151	47891	1	63.86201621834289
SRR10102392	47891	1	42.55768097864195
SRR10102393	47891	1	43.12207016066465
SRR10102394	47891	1	42.60606686994065
SRR10070130	47891	2	52.11472978051277
SRR10070131	47891	2	54.63139552831611
SRR10070133	47891	2	29.03435915444164
SRR10070134	47891	2	54.56555801539542
SRR10070149	47891	2	63.6629993280133
SRR10070150	47891	2	64.7689294043912
SRR10070151	47891	2	63.86201621834289
SRR10102392	47891	2	42.55768097864195
SRR10102393	47891	2	43.10567807473059
SRR10102394	47891	2	42.60606686994065
SRR10070130	47891	3	52.09717526849816
SRR10070131	47891	3	54.63139552831611
SRR10070133	47891	3	29.03435915444164
SRR10070134	47891	3	54.37099505148688
SRR10070149	47891	3	63.6629993280133
SRR10070150	47891	3	64.7401826318337
SRR10070151	47891	3	63.86201621834289
SRR10102392	47891	3	42.50062302427098
SRR10102393	47891	3	43.12207016066465
SRR10102394	47891	3	42.60606686994065
SRR10070130	47891	4	52.20136309791813
SRR10070131	47891	4	54.56034988525406
SRR10070133	47891	4	28.95637070495753
SRR10070134	47891	4	54.70679585917713
SRR10070149	47891	4	63.6629993280133
SRR10070150	47891	4	64.7689294043912
SRR10070151	47891	4	63.86201621834289
SRR10102392	47891	4	42.55768097864195
SRR10102393	47891	4	43.02925421446499
SRR10102394	47891	4	42.58169939557775
SRR10070130	47891	5	52.20136309791813
SRR10070131	47891	5	54.63139552831611
SRR10070133	47891	5	29.03435915444164
SRR10070134	47891	5	54.3170487834406
SRR10070149	47891	5	63.6629993280133
SRR10070150	47891	5	64.7689294043912
SRR10070151	47891	5	63.86201621834289
SRR10102392	47891	5	42.55768097864195
SRR10102393	47891	5	43.12207016066465
SRR10102394	47891	5	42.60606686994065
SRR10070130	47891	6	52.20136309791813
SRR10070131	47891	6	54.33479285495317
SRR10070133	47891	6	29.03435915444164
SRR10070134	47891	6	54.70679585917713
SRR10070149	47891	6	63.6629993280133
SRR10070150	47891	6	64.68738248264253
SRR10070151	47891	6	63.86201621834289
SRR10102392	47891	6	42.44953310848065
SRR10102393	47891	6	43.12207016066465
SRR10102394	47891	6	42.60606686994065
SRR10070130	47891	7	52.20136309791813
SRR10070131	47891	7	54.63139552831611
SRR10070133	47891	7	29.03435915444164
SRR10070134	47891	7	54.56555801539542
SRR10070149	47891	7	63.6629993280133
SRR10070150	47891	7	64.7689294043912
SRR10070151	47891	7	63.86201621834289
SRR10102392	47891	7	42.55768097864195
SRR10102393	47891	7	43.12207016066465
SRR10102394	47891	7	42.60606686994065
SRR10070130	47891	8	52.20136309791813
SRR10070131	47891	8	54.63139552831611
SRR10070133	47891	8	28.95637070495753
SRR10070134	47891	8	54.55466645493032
SRR10070149	47891	8	63.59789841321462
SRR10070150	47891	8	64.7689294043912
SRR10070151	47891	8	63.86201621834289
SRR10102392	47891	8	42.55768097864195
SRR10102393	47891	8	43.12207016066465
SRR10102394	47891	8	42.60606686994065
SRR10070130	47891	9	52.20136309791813
SRR10070131	47891	9	54.63139552831611
SRR10070133	47891	9	29.03435915444164
SRR10070134	47891	9	54.70679585917713
SRR10070149	47891	9	63.6629993280133
SRR10070150	47891	9	64.7689294043912
SRR10070151	47891	9	63.86201621834289
SRR10102392	47891	9	42.55768097864195
SRR10102393	47891	9	43.12207016066465
SRR10102394	47891	9	42.60606686994065
SRR10070130	47891	10	52.20136309791813
SRR10070131	47891	10	54.53177468757107
SRR10070133	47891	10	29.03435915444164
SRR10070134	47891	10	54.49267094171238
SRR10070149	47891	10	63.6629993280133
SRR10070150	47891	10	64.68738248264253
SRR10070151	47891	10	63.86201621834289
SRR10102392	47891	10	42.55768097864195
SRR10102393	47891	10	43.12207016066465
SRR10102394	47891	10	42.60606686994065
SRR10070130	48193	1	52.05850967396508
SRR10070131	48193	1	54.63139552831611
SRR10070133	48193	1	29.03435915444164
SRR10070134	48193	1	53.84749246829183
SRR10070149	48193	1	63.6629993280133
SRR10070150	48193	1	64.7689294043912
SRR10070151	48193	1	63.86201621834289
SRR10102392	48193	1	42.55768097864195
SRR10102393	48193	1	43.12207016066465
SRR10102394	48193	1	42.60606686994065
SRR10070130	48193	2	51.98161054127375
SRR10070131	48193	2	54.37457274226674
SRR10070133	48193	2	29.03435915444164
SRR10070134	48193	2	54.57886837704898
SRR10070149	48193	2	63.6629993280133
SRR10070150	48193	2	64.7689294043912
SRR10070151	48193	2	63.86201621834289
SRR10102392	48193	2	42.55768097864195
SRR10102393	48193	2	43.12207016066465
SRR10102394	48193	2	41.46854474618667
SRR10070130	48193	3	52.20136309791813
SRR10070131	48193	3	54.51252570956907
SRR10070133	48193	3	29.03435915444164
SRR10070134	48193	3	54.57886837704898
SRR10070149	48193	3	63.6629993280133
SRR10070150	48193	3	64.59281345940963
SRR10070151	48193	3	63.86201621834289
SRR10102392	48193	3	42.55768097864195
SRR10102393	48193	3	43.12207016066465
SRR10102394	48193	3	42.60606686994065
SRR10070130	48193	4	52.20136309791813
SRR10070131	48193	4	54.2513894343186
SRR10070133	48193	4	29.03435915444164
SRR10070134	48193	4	54.45762836889224
SRR10070149	48193	4	63.6629993280133
SRR10070150	48193	4	64.7689294043912
SRR10070151	48193	4	63.86201621834289
SRR10102392	48193	4	42.50062302427098
SRR10102393	48193	4	43.12207016066465
SRR10102394	48193	4	42.60606686994065
SRR10070130	48193	5	52.20136309791813
SRR10070131	48193	5	54.63139552831611
SRR10070133	48193	5	29.03435915444164
SRR10070134	48193	5	54.57886837704898
SRR10070149	48193	5	63.6629993280133
SRR10070150	48193	5	64.7689294043912
SRR10070151	48193	5	63.86201621834289
SRR10102392	48193	5	42.55768097864195
SRR10102393	48193	5	43.12207016066465
SRR10102394	48193	5	42.60606686994065
SRR10070130	48193	6	52.08526786048422
SRR10070131	48193	6	54.49344256101379
SRR10070133	48193	6	29.03435915444164
SRR10070134	48193	6	54.4144320553434
SRR10070149	48193	6	63.6629993280133
SRR10070150	48193	6	64.7689294043912
SRR10070151	48193	6	63.82960183788192
SRR10102392	48193	6	42.55768097864195
SRR10102393	48193	6	43.02925421446499
SRR10102394	48193	6	42.60606686994065
SRR10070130	48193	7	52.20136309791813
SRR10070131	48193	7	54.48835469245873
SRR10070133	48193	7	29.03435915444164
SRR10070134	48193	7	54.60774433801742
SRR10070149	48193	7	63.6629993280133
SRR10070150	48193	7	64.7689294043912
SRR10070151	48193	7	63.86201621834289
SRR10102392	48193	7	42.55768097864195
SRR10102393	48193	7	43.12207016066465
SRR10102394	48193	7	42.60606686994065
SRR10070130	48193	8	52.20136309791813
SRR10070131	48193	8	54.63139552831611
SRR10070133	48193	8	29.03435915444164
SRR10070134	48193	8	54.66685571431042
SRR10070149	48193	8	63.6629993280133
SRR10070150	48193	8	64.7689294043912
SRR10070151	48193	8	63.86201621834289
SRR10102392	48193	8	42.50062302427098
SRR10102393	48193	8	43.12207016066465
SRR10102394	48193	8	42.60606686994065
SRR10070130	48193	9	52.08526786048422
SRR10070131	48193	9	54.63139552831611
SRR10070133	48193	9	29.03435915444164
SRR10070134	48193	9	54.36203405671733
SRR10070149	48193	9	63.6629993280133
SRR10070150	48193	9	64.7689294043912
SRR10070151	48193	9	63.86201621834289
SRR10102392	48193	9	42.55768097864195
SRR10102393	48193	9	43.12207016066465
SRR10102394	48193	9	42.60606686994065
SRR10070130	48193	10	52.20136309791813
SRR10070131	48193	10	54.45366267370022
SRR10070133	48193	10	29.03435915444164
SRR10070134	48193	10	54.62059842384052
SRR10070149	48193	10	63.60594137364232
SRR10070150	48193	10	64.7689294043912
SRR10070151	48193	10	62.9984109574939
SRR10102392	48193	10	42.44953310848065
SRR10102393	48193	10	43.12207016066465
SRR10102394	48193	10	42.60606686994065
SRR10070130	48494	1	52.20136309791813
SRR10070131	48494	1	54.63139552831611
SRR10070133	48494	1	29.03435915444164
SRR10070134	48494	1	54.70679585917713
SRR10070149	48494	1	63.6629993280133
SRR10070150	48494	1	64.68738248264253
SRR10070151	48494	1	63.86201621834289
SRR10102392	48494	1	42.55768097864195
SRR10102393	48494	1	43.12207016066465
SRR10102394	48494	1	42.60606686994065
SRR10070130	48494	2	52.20136309791813
SRR10070131	48494	2	54.45366267370022
SRR10070133	48494	2	29.03435915444164
SRR10070134	48494	2	54.70679585917713
SRR10070149	48494	2	63.6629993280133
SRR10070150	48494	2	64.7689294043912
SRR10070151	48494	2	63.86201621834289
SRR10102392	48494	2	42.55768097864195
SRR10102393	48494	2	43.12207016066465
SRR10102394	48494	2	42.60606686994065
SRR10070130	48494	3	52.12417575593684
SRR10070131	48494	3	54.60176074340901
SRR10070133	48494	3	28.95637070495753
SRR10070134	48494	3	54.69497730551268
SRR10070149	48494	3	63.6629993280133
SRR10070150	48494	3	64.7689294043912
SRR10070151	48494	3	63.86201621834289
SRR10102392	48494	3	42.55768097864195
SRR10102393	48494	3	43.12207016066465
SRR10102394	48494	3	42.60606686994065
SRR10070130	48494	4	52.20136309791813
SRR10070131	48494	4	54.63139552831611
SRR10070133	48494	4	29.03435915444164
SRR10070134	48494	4	54.30549896464543
SRR10070149	48494	4	63.6629993280133
SRR10070150	48494	4	64.65493931174115
SRR10070151	48494	4	63.86201621834289
SRR10102392	48494	4	42.55768097864195
SRR10102393	48494	4	43.12207016066465
SRR10102394	48494	4	42.58189127444853
SRR10070130	48494	5	52.20136309791813
SRR10070131	48494	5	54.56034988525406
SRR10070133	48494	5	28.95637070495753
SRR10070134	48494	5	54.70679585917713
SRR10070149	48494	5	63.6629993280133
SRR10070150	48494	5	64.7689294043912
SRR10070151	48494	5	63.86201621834289
SRR10102392	48494	5	42.55768097864195
SRR10102393	48494	5	43.12207016066465
SRR10102394	48494	5	42.60606686994065
SRR10070130	48494	6	51.8883097349153
SRR10070131	48494	6	54.63139552831611
SRR10070133	48494	6	29.03435915444164
SRR10070134	48494	6	54.67670279464544
SRR10070149	48494	6	63.6629993280133
SRR10070150	48494	6	64.7689294043912
SRR10070151	48494	6	63.86201621834289
SRR10102392	48494	6	42.55768097864195
SRR10102393	48494	6	43.12207016066465
SRR10102394	48494	6	42.60606686994065
SRR10070130	48494	7	52.20136309791813
SRR10070131	48494	7	54.63139552831611
SRR10070133	48494	7	29.03435915444164
SRR10070134	48494	7	54.70679585917713
SRR10070149	48494	7	63.6629993280133
SRR10070150	48494	7	64.7689294043912
SRR10070151	48494	7	63.86201621834289
SRR10102392	48494	7	42.55768097864195
SRR10102393	48494	7	43.12207016066465
SRR10102394	48494	7	42.60606686994065
SRR10070130	48494	8	52.09717526849816
SRR10070131	48494	8	54.41121269005433
SRR10070133	48494	8	29.03435915444164
SRR10070134	48494	8	54.54235953747155
SRR10070149	48494	8	63.60594137364232
SRR10070150	48494	8	64.7689294043912
SRR10070151	48494	8	63.86201621834289
SRR10102392	48494	8	42.55768097864195
SRR10102393	48494	8	43.12207016066465
SRR10102394	48494	8	42.60606686994065
SRR10070130	48494	9	52.20136309791813
SRR10070131	48494	9	54.63139552831611
SRR10070133	48494	9	29.03435915444164
SRR10070134	48494	9	54.45762836889224
SRR10070149	48494	9	63.6629993280133
SRR10070150	48494	9	64.5231966545789
SRR10070151	48494	9	63.86201621834289
SRR10102392	48494	9	42.55768097864195
SRR10102393	48494	9	43.12207016066465
SRR10102394	48494	9	42.60606686994065
SRR10070130	48494	10	52.20136309791813
SRR10070131	48494	10	54.63139552831611
SRR10070133	48494	10	28.95637070495753
SRR10070134	48494	10	54.50420161246182
SRR10070149	48494	10	63.6629993280133
SRR10070150	48494	10	64.7689294043912
SRR10070151	48494	10	63.86201621834289
SRR10102392	48494	10	42.44953310848065
SRR10102393	48494	10	43.12207016066465
SRR10102394	48494	10	42.60606686994065
SRR10070130	48795	1	52.20136309791813
SRR10070131	48795	1	54.63139552831611
SRR10070133	48795	1	29.03435915444164
SRR10070134	48795	1	54.5480794674051
SRR10070149	48795	1	63.6629993280133
SRR10070150	48795	1	64.7689294043912
SRR10070151	48795	1	63.86201621834289
SRR10102392	48795	1	42.55768097864195
SRR10102393	48795	1	43.12207016066465
SRR10102394	48795	1	42.60606686994065
SRR10070130	48795	2	51.9701838425139
SRR10070131	48795	2	54.63139552831611
SRR10070133	48795	2	29.03435915444164
SRR10070134	48795	2	54.45174007306667
SRR10070149	48795	2	63.6629993280133
SRR10070150	48795	2	64.7689294043912
SRR10070151	48795	2	63.86201621834289
SRR10102392	48795	2	42.55768097864195
SRR10102393	48795	2	43.12207016066465
SRR10102394	48795	2	42.60606686994065
SRR10070130	48795	3	52.20136309791813
SRR10070131	48795	3	54.63139552831611
SRR10070133	48795	3	29.03435915444164
SRR10070134	48795	3	54.5697156125945
SRR10070149	48795	3	63.6629993280133
SRR10070150	48795	3	64.7689294043912
SRR10070151	48795	3	62.9984109574939
SRR10102392	48795	3	42.55768097864195
SRR10102393	48795	3	43.12207016066465
SRR10102394	48795	3	42.60606686994065
SRR10070130	48795	4	51.67927604686236
SRR10070131	48795	4	54.63139552831611
SRR10070133	48795	4	29.03435915444164
SRR10070134	48795	4	54.5697156125945
SRR10070149	48795	4	63.6629993280133
SRR10070150	48795	4	64.7689294043912
SRR10070151	48795	4	63.86201621834289
SRR10102392	48795	4	42.55768097864195
SRR10102393	48795	4	43.02925421446499
SRR10102394	48795	4	42.60606686994065
SRR10070130	48795	5	52.09717526849816
SRR10070131	48795	5	54.63139552831611
SRR10070133	48795	5	29.03435915444164
SRR10070134	48795	5	54.62888890356151
SRR10070149	48795	5	63.6629993280133
SRR10070150	48795	5	64.7689294043912
SRR10070151	48795	5	63.86201621834289
SRR10102392	48795	5	42.55768097864195
SRR10102393	48795	5	43.12207016066465
SRR10102394	48795	5	42.60606686994065
SRR10070130	48795	6	52.20136309791813
SRR10070131	48795	6	54.20762936758891
SRR10070133	48795	6	29.03435915444164
SRR10070134	48795	6	54.42753530436055
SRR10070149	48795	6	63.6629993280133
SRR10070150	48795	6	64.7689294043912
SRR10070151	48795	6	63.78106220308792
SRR10102392	48795	6	42.55768097864195
SRR10102393	48795	6	43.12207016066465
SRR10102394	48795	6	42.60606686994065
SRR10070130	48795	7	52.20136309791813
SRR10070131	48795	7	54.63139552831611
SRR10070133	48795	7	29.03435915444164
SRR10070134	48795	7	54.67670279464544
SRR10070149	48795	7	63.6629993280133
SRR10070150	48795	7	64.59281345940963
SRR10070151	48795	7	63.86201621834289
SRR10102392	48795	7	42.55768097864195
SRR10102393	48795	7	43.12207016066465
SRR10102394	48795	7	42.60606686994065
SRR10070130	48795	8	52.20136309791813
SRR10070131	48795	8	54.55635000228843
SRR10070133	48795	8	29.03435915444164
SRR10070134	48795	8	54.54235953747155
SRR10070149	48795	8	63.6629993280133
SRR10070150	48795	8	64.7689294043912
SRR10070151	48795	8	63.86201621834289
SRR10102392	48795	8	42.55768097864195
SRR10102393	48795	8	43.12207016066465
SRR10102394	48795	8	41.46854474618667
SRR10070130	48795	9	52.20136309791813
SRR10070131	48795	9	54.32991153227825
SRR10070133	48795	9	29.03435915444164
SRR10070134	48795	9	54.52647037842291
SRR10070149	48795	9	63.6629993280133
SRR10070150	48795	9	64.7689294043912
SRR10070151	48795	9	63.86201621834289
SRR10102392	48795	9	42.55768097864195
SRR10102393	48795	9	43.12207016066465
SRR10102394	48795	9	42.60606686994065
SRR10070130	48795	10	52.20136309791813
SRR10070131	48795	10	54.56034988525406
SRR10070133	48795	10	28.96885385962561
SRR10070134	48795	10	54.39147135466663
SRR10070149	48795	10	63.6629993280133
SRR10070150	48795	10	64.7689294043912
SRR10070151	48795	10	63.78106220308792
SRR10102392	48795	10	42.44953310848065
SRR10102393	48795	10	42.9821501293679
SRR10102394	48795	10	42.60606686994065
SRR10070130	49096	1	52.20136309791813
SRR10070131	49096	1	54.63139552831611
SRR10070133	49096	1	29.03435915444164
SRR10070134	49096	1	54.60747903122427
SRR10070149	49096	1	63.57688702494192
SRR10070150	49096	1	64.70964099904359
SRR10070151	49096	1	63.86201621834289
SRR10102392	49096	1	42.55768097864195
SRR10102393	49096	1	43.12207016066465
SRR10102394	49096	1	41.46854474618667
SRR10070130	49096	2	52.20136309791813
SRR10070131	49096	2	54.63139552831611
SRR10070133	49096	2	29.03435915444164
SRR10070134	49096	2	54.5697156125945
SRR10070149	49096	2	63.6629993280133
SRR10070150	49096	2	64.57339238999248
SRR10070151	49096	2	63.86201621834289
SRR10102392	49096	2	42.55768097864195
SRR10102393	49096	2	43.12207016066465
SRR10102394	49096	2	42.60606686994065
SRR10070130	49096	3	52.20136309791813
SRR10070131	49096	3	54.63139552831611
SRR10070133	49096	3	29.03435915444164
SRR10070134	49096	3	54.45762836889224
SRR10070149	49096	3	63.6629993280133
SRR10070150	49096	3	64.7689294043912
SRR10070151	49096	3	63.86201621834289
SRR10102392	49096	3	42.55768097864195
SRR10102393	49096	3	43.12207016066465
SRR10102394	49096	3	42.60606686994065
SRR10070130	49096	4	52.05850967396508
SRR10070131	49096	4	54.55420818633482
SRR10070133	49096	4	29.03435915444164
SRR10070134	49096	4	54.25305167215736
SRR10070149	49096	4	63.6629993280133
SRR10070150	49096	4	64.7689294043912
SRR10070151	49096	4	63.86201621834289
SRR10102392	49096	4	42.55768097864195
SRR10102393	49096	4	43.12207016066465
SRR10102394	49096	4	42.60606686994065
SRR10070130	49096	5	52.08526786048422
SRR10070131	49096	5	54.63139552831611
SRR10070133	49096	5	29.03435915444164
SRR10070134	49096	5	54.66678122900527
SRR10070149	49096	5	63.60594137364232
SRR10070150	49096	5	64.7689294043912
SRR10070151	49096	5	63.86201621834289
SRR10102392	49096	5	42.55768097864195
SRR10102393	49096	5	43.12207016066465
SRR10102394	49096	5	42.60606686994065
SRR10070130	49096	6	52.20136309791813
SRR10070131	49096	6	54.36948487371168
SRR10070133	49096	6	29.03435915444164
SRR10070134	49096	6	54.53047560437442
SRR10070149	49096	6	63.6629993280133
SRR10070150	49096	6	64.7689294043912
SRR10070151	49096	6	63.86201621834289
SRR10102392	49096	6	42.55768097864195
SRR10102393	49096	6	43.12207016066465
SRR10102394	49096	6	42.60606686994065
SRR10070130	49096	7	51.8883097349153
SRR10070131	49096	7	54.45366267370022
SRR10070133	49096	7	29.03435915444164
SRR10070134	49096	7	54.70679585917713
SRR10070149	49096	7	63.6629993280133
SRR10070150	49096	7	64.7689294043912
SRR10070151	49096	7	63.86201621834289
SRR10102392	49096	7	42.55768097864195
SRR10102393	49096	7	43.12207016066465
SRR10102394	49096	7	42.60606686994065
SRR10070130	49096	8	52.20136309791813
SRR10070131	49096	8	54.49784608393869
SRR10070133	49096	8	29.03435915444164
SRR10070134	49096	8	54.27585502670006
SRR10070149	49096	8	63.6629993280133
SRR10070150	49096	8	64.7689294043912
SRR10070151	49096	8	63.86201621834289
SRR10102392	49096	8	42.50062302427098
SRR10102393	49096	8	43.12207016066465
SRR10102394	49096	8	42.60606686994065
SRR10070130	49096	9	52.08526786048422
SRR10070131	49096	9	54.41412221290133
SRR10070133	49096	9	29.03435915444164
SRR10070134	49096	9	54.66685571431042
SRR10070149	49096	9	63.6629993280133
SRR10070150	49096	9	64.7371508788301
SRR10070151	49096	9	63.8385961694653
SRR10102392	49096	9	42.55768097864195
SRR10102393	49096	9	43.12207016066465
SRR10102394	49096	9	42.60606686994065
SRR10070130	49096	10	52.20136309791813
SRR10070131	49096	10	54.63139552831611
SRR10070133	49096	10	29.03435915444164
SRR10070134	49096	10	54.55466645493032
SRR10070149	49096	10	63.6629993280133
SRR10070150	49096	10	64.7689294043912
SRR10070151	49096	10	62.9984109574939
SRR10102392	49096	10	42.55768097864195
SRR10102393	49096	10	43.12207016066465
SRR10102394	49096	10	42.60606686994065
SRR10070130	49397	1	52.20136309791813
SRR10070131	49397	1	54.4521664113175
SRR10070133	49397	1	29.03435915444164
SRR10070134	49397	1	54.70679585917713
SRR10070149	49397	1	63.6629993280133
SRR10070150	49397	1	64.7689294043912
SRR10070151	49397	1	63.86201621834289
SRR10102392	49397	1	42.55768097864195
SRR10102393	49397	1	43.12207016066465
SRR10102394	49397	1	42.60606686994065
SRR10070130	49397	2	52.20136309791813
SRR10070131	49397	2	54.45366267370022
SRR10070133	49397	2	29.03435915444164
SRR10070134	49397	2	54.45762836889224
SRR10070149	49397	2	63.6629993280133
SRR10070150	49397	2	64.7689294043912
SRR10070151	49397	2	63.86201621834289
SRR10102392	49397	2	42.55768097864195
SRR10102393	49397	2	43.12207016066465
SRR10102394	49397	2	42.60606686994065
SRR10070130	49397	3	52.20136309791813
SRR10070131	49397	3	54.63139552831611
SRR10070133	49397	3	29.03435915444164
SRR10070134	49397	3	54.5697156125945
SRR10070149	49397	3	63.6629993280133
SRR10070150	49397	3	64.7689294043912
SRR10070151	49397	3	63.86201621834289
SRR10102392	49397	3	42.55768097864195
SRR10102393	49397	3	43.12207016066465
SRR10102394	49397	3	42.60606686994065
SRR10070130	49397	4	51.66855717827092
SRR10070131	49397	4	54.63139552831611
SRR10070133	49397	4	29.03435915444164
SRR10070134	49397	4	54.49401046943711
SRR10070149	49397	4	63.6629993280133
SRR10070150	49397	4	64.7689294043912
SRR10070151	49397	4	63.86201621834289
SRR10102392	49397	4	42.55768097864195
SRR10102393	49397	4	43.12207016066465
SRR10102394	49397	4	42.60606686994065
SRR10070130	49397	5	52.20136309791813
SRR10070131	49397	5	54.63139552831611
SRR10070133	49397	5	29.03435915444164
SRR10070134	49397	5	54.67670279464544
SRR10070149	49397	5	63.60594137364232
SRR10070150	49397	5	64.65493931174115
SRR10070151	49397	5	63.86201621834289
SRR10102392	49397	5	42.44953310848065
SRR10102393	49397	5	43.02925421446499
SRR10102394	49397	5	42.60606686994065
SRR10070130	49397	6	51.8883097349153
SRR10070131	49397	6	54.63139552831611
SRR10070133	49397	6	28.96885385962561
SRR10070134	49397	6	54.51416346096414
SRR10070149	49397	6	63.6629993280133
SRR10070150	49397	6	64.7689294043912
SRR10070151	49397	6	63.78106220308792
SRR10102392	49397	6	42.55768097864195
SRR10102393	49397	6	43.12207016066465
SRR10102394	49397	6	42.60606686994065
SRR10070130	49397	7	52.12744882334481
SRR10070131	49397	7	54.63139552831611
SRR10070133	49397	7	29.03435915444164
SRR10070134	49397	7	54.5697156125945
SRR10070149	49397	7	63.6629993280133
SRR10070150	49397	7	64.68738248264253
SRR10070151	49397	7	63.86201621834289
SRR10102392	49397	7	42.55768097864195
SRR10102393	49397	7	43.12207016066465
SRR10102394	49397	7	42.60606686994065
SRR10070130	49397	8	52.11472978051277
SRR10070131	49397	8	54.63139552831611
SRR10070133	49397	8	29.03435915444164
SRR10070134	49397	8	54.49267094171238
SRR10070149	49397	8	63.6629993280133
SRR10070150	49397	8	64.7689294043912
SRR10070151	49397	8	63.86201621834289
SRR10102392	49397	8	42.44953310848065
SRR10102393	49397	8	43.02925421446499
SRR10102394	49397	8	42.60606686994065
SRR10070130	49397	9	52.20136309791813
SRR10070131	49397	9	54.5759559518095
SRR10070133	49397	9	29.03435915444164
SRR10070134	49397	9	54.70679585917713
SRR10070149	49397	9	63.6629993280133
SRR10070150	49397	9	64.7689294043912
SRR10070151	49397	9	63.86201621834289
SRR10102392	49397	9	42.55768097864195
SRR10102393	49397	9	43.02925421446499
SRR10102394	49397	9	42.60606686994065
SRR10070130	49397	10	52.11472978051277
SRR10070131	49397	10	54.63139552831611
SRR10070133	49397	10	28.95637070495753
SRR10070134	49397	10	54.70679585917713
SRR10070149	49397	10	63.6629993280133
SRR10070150	49397	10	64.70964099904359
SRR10070151	49397	10	63.86201621834289
SRR10102392	49397	10	42.55768097864195
SRR10102393	49397	10	43.12207016066465
SRR10102394	49397	10	42.60606686994065
SRR10070130	49699	1	51.8883097349153
SRR10070131	49699	1	54.41121269005433
SRR10070133	49699	1	29.03435915444164
SRR10070134	49699	1	54.15611180060403
SRR10070149	49699	1	63.6629993280133
SRR10070150	49699	1	64.59281345940963
SRR10070151	49699	1	63.86201621834289
SRR10102392	49699	1	42.55768097864195
SRR10102393	49699	1	43.12207016066465
SRR10102394	49699	1	42.60606686994065
SRR10070130	49699	2	51.8883097349153
SRR10070131	49699	2	54.63139552831611
SRR10070133	49699	2	28.95637070495753
SRR10070134	49699	2	54.55466645493032
SRR10070149	49699	2	63.62690208272242
SRR10070150	49699	2	64.73919662199751
SRR10070151	49699	2	63.86201621834289
SRR10102392	49699	2	42.55768097864195
SRR10102393	49699	2	43.12207016066465
SRR10102394	49699	2	42.60606686994065
SRR10070130	49699	3	52.09717526849816
SRR10070131	49699	3	54.51252570956907
SRR10070133	49699	3	29.03435915444164
SRR10070134	49699	3	54.39023013322474
SRR10070149	49699	3	63.6629993280133
SRR10070150	49699	3	64.7689294043912
SRR10070151	49699	3	63.86201621834289
SRR10102392	49699	3	42.55768097864195
SRR10102393	49699	3	43.12207016066465
SRR10102394	49699	3	42.60606686994065
SRR10070130	49699	4	52.20136309791813
SRR10070131	49699	4	54.63139552831611
SRR10070133	49699	4	29.03435915444164
SRR10070134	49699	4	54.45762238467903
SRR10070149	49699	4	63.6629993280133
SRR10070150	49699	4	64.61603392318779
SRR10070151	49699	4	63.86201621834289
SRR10102392	49699	4	42.55768097864195
SRR10102393	49699	4	43.09135816150162
SRR10102394	49699	4	42.60606686994065
SRR10070130	49699	5	51.8883097349153
SRR10070131	49699	5	54.63139552831611
SRR10070133	49699	5	29.03435915444164
SRR10070134	49699	5	54.44178813046636
SRR10070149	49699	5	63.6629993280133
SRR10070150	49699	5	64.7689294043912
SRR10070151	49699	5	63.86201621834289
SRR10102392	49699	5	42.55768097864195
SRR10102393	49699	5	43.09135816150162
SRR10102394	49699	5	42.60606686994065
SRR10070130	49699	6	51.98161054127375
SRR10070131	49699	6	54.63139552831611
SRR10070133	49699	6	28.95637070495753
SRR10070134	49699	6	54.52092003079922
SRR10070149	49699	6	63.6629993280133
SRR10070150	49699	6	64.7689294043912
SRR10070151	49699	6	63.86201621834289
SRR10102392	49699	6	42.55768097864195
SRR10102393	49699	6	43.12207016066465
SRR10102394	49699	6	42.60606686994065
SRR10070130	49699	7	52.20136309791813
SRR10070131	49699	7	54.63139552831611
SRR10070133	49699	7	29.03435915444164
SRR10070134	49699	7	54.5697156125945
SRR10070149	49699	7	63.6629993280133
SRR10070150	49699	7	64.7689294043912
SRR10070151	49699	7	63.86201621834289
SRR10102392	49699	7	42.55768097864195
SRR10102393	49699	7	43.12207016066465
SRR10102394	49699	7	42.60606686994065
SRR10070130	49699	8	52.20136309791813
SRR10070131	49699	8	54.63139552831611
SRR10070133	49699	8	29.03435915444164
SRR10070134	49699	8	54.70679585917713
SRR10070149	49699	8	63.6629993280133
SRR10070150	49699	8	64.7689294043912
SRR10070151	49699	8	63.86201621834289
SRR10102392	49699	8	42.55768097864195
SRR10102393	49699	8	43.12207016066465
SRR10102394	49699	8	42.60606686994065
SRR10070130	49699	9	52.09717526849816
SRR10070131	49699	9	54.63139552831611
SRR10070133	49699	9	29.03435915444164
SRR10070134	49699	9	54.70679585917713
SRR10070149	49699	9	63.6629993280133
SRR10070150	49699	9	64.7689294043912
SRR10070151	49699	9	63.86201621834289
SRR10102392	49699	9	42.55768097864195
SRR10102393	49699	9	43.12207016066465
SRR10102394	49699	9	42.60606686994065
SRR10070130	49699	10	52.20136309791813
SRR10070131	49699	10	54.45366267370022
SRR10070133	49699	10	29.03435915444164
SRR10070134	49699	10	54.55466645493032
SRR10070149	49699	10	63.6629993280133
SRR10070150	49699	10	64.7689294043912
SRR10070151	49699	10	63.86201621834289
SRR10102392	49699	10	42.55768097864195
SRR10102393	49699	10	43.12207016066465
SRR10102394	49699	10	42.60606686994065
SRR10070130	50000	1	52.20136309791813
SRR10070131	50000	1	54.63139552831611
SRR10070133	50000	1	29.03435915444164
SRR10070134	50000	1	54.67095322257699
SRR10070149	50000	1	63.6629993280133
SRR10070150	50000	1	64.7689294043912
SRR10070151	50000	1	63.86201621834289
SRR10102392	50000	1	42.55768097864195
SRR10102393	50000	1	43.12207016066465
SRR10102394	50000	1	42.60606686994065
SRR10070130	50000	2	51.98819211374614
SRR10070131	50000	2	54.63139552831611
SRR10070133	50000	2	29.03435915444164
SRR10070134	50000	2	54.68435547981392
SRR10070149	50000	2	63.6629993280133
SRR10070150	50000	2	64.7689294043912
SRR10070151	50000	2	63.86201621834289
SRR10102392	50000	2	42.55768097864195
SRR10102393	50000	2	43.12207016066465
SRR10102394	50000	2	42.60606686994065
SRR10070130	50000	3	52.20136309791813
SRR10070131	50000	3	54.63139552831611
SRR10070133	50000	3	29.03435915444164
SRR10070134	50000	3	54.70679585917713
SRR10070149	50000	3	63.6629993280133
SRR10070150	50000	3	64.7689294043912
SRR10070151	50000	3	63.86201621834289
SRR10102392	50000	3	42.55768097864195
SRR10102393	50000	3	43.12207016066465
SRR10102394	50000	3	42.60606686994065
SRR10070130	50000	4	51.69830022290806
SRR10070131	50000	4	54.62065784003547
SRR10070133	50000	4	29.03435915444164
SRR10070134	50000	4	54.63078343651479
SRR10070149	50000	4	63.6629993280133
SRR10070150	50000	4	64.7689294043912
SRR10070151	50000	4	63.86201621834289
SRR10102392	50000	4	42.55768097864195
SRR10102393	50000	4	43.12207016066465
SRR10102394	50000	4	42.60606686994065
SRR10070130	50000	5	52.20136309791813
SRR10070131	50000	5	54.42239691795173
SRR10070133	50000	5	29.03435915444164
SRR10070134	50000	5	54.5697156125945
SRR10070149	50000	5	63.6629993280133
SRR10070150	50000	5	64.7689294043912
SRR10070151	50000	5	63.86201621834289
SRR10102392	50000	5	42.55768097864195
SRR10102393	50000	5	43.12207016066465
SRR10102394	50000	5	42.60606686994065
SRR10070130	50000	6	52.20136309791813
SRR10070131	50000	6	54.63139552831611
SRR10070133	50000	6	29.03435915444164
SRR10070134	50000	6	54.57886837704898
SRR10070149	50000	6	63.6629993280133
SRR10070150	50000	6	64.7455093555136
SRR10070151	50000	6	63.86201621834289
SRR10102392	50000	6	42.55768097864195
SRR10102393	50000	6	43.12207016066465
SRR10102394	50000	6	42.60606686994065
SRR10070130	50000	7	52.20136309791813
SRR10070131	50000	7	54.63139552831611
SRR10070133	50000	7	28.95637070495753
SRR10070134	50000	7	54.62059842384052
SRR10070149	50000	7	63.6629993280133
SRR10070150	50000	7	64.59281345940963
SRR10070151	50000	7	63.86201621834289
SRR10102392	50000	7	42.55768097864195
SRR10102393	50000	7	43.02925421446499
SRR10102394	50000	7	42.60606686994065
SRR10070130	50000	8	51.98161054127375
SRR10070131	50000	8	54.5016878193613
SRR10070133	50000	8	29.03435915444164
SRR10070134	50000	8	54.70679585917713
SRR10070149	50000	8	63.6629993280133
SRR10070150	50000	8	64.7689294043912
SRR10070151	50000	8	63.86201621834289
SRR10102392	50000	8	42.55768097864195
SRR10102393	50000	8	43.02925421446499
SRR10102394	50000	8	42.60606686994065
SRR10070130	50000	9	52.20136309791813
SRR10070131	50000	9	54.49784608393869
SRR10070133	50000	9	29.03435915444164
SRR10070134	50000	9	54.70679585917713
SRR10070149	50000	9	63.6629993280133
SRR10070150	50000	9	64.7689294043912
SRR10070151	50000	9	63.86201621834289
SRR10102392	50000	9	42.55768097864195
SRR10102393	50000	9	43.12207016066465
SRR10102394	50000	9	42.60606686994065
SRR10070130	50000	10	52.20136309791813
SRR10070131	50000	10	54.63139552831611
SRR10070133	50000	10	29.03435915444164
SRR10070134	50000	10	54.35831154093938
SRR10070149	50000	10	63.60594137364232
SRR10070150	50000	10	64.7689294043912
SRR10070151	50000	10	63.86201621834289
SRR10102392	50000	10	42.55768097864195
SRR10102393	50000	10	43.12207016066465
SRR10102394	50000	10	42.60606686994065
SRR10070130	50301	1	52.09717526849816
SRR10070131	50301	1	54.63139552831611
SRR10070133	50301	1	29.03435915444164
SRR10070134	50301	1	54.48351817725789
SRR10070149	50301	1	63.6629993280133
SRR10070150	50301	1	64.7689294043912
SRR10070151	50301	1	63.86201621834289
SRR10102392	50301	1	42.55768097864195
SRR10102393	50301	1	43.12207016066465
SRR10102394	50301	1	42.60606686994065
SRR10070130	50301	2	52.02326099392484
SRR10070131	50301	2	54.5016878193613
SRR10070133	50301	2	29.03435915444164
SRR10070134	50301	2	54.42673897280218
SRR10070149	50301	2	63.6629993280133
SRR10070150	50301	2	64.7689294043912
SRR10070151	50301	2	63.86201621834289
SRR10102392	50301	2	42.55768097864195
SRR10102393	50301	2	43.12207016066465
SRR10102394	50301	2	42.60606686994065
SRR10070130	50301	3	52.20136309791813
SRR10070131	50301	3	54.55882999788931
SRR10070133	50301	3	29.03435915444164
SRR10070134	50301	3	54.45762836889224
SRR10070149	50301	3	63.6629993280133
SRR10070150	50301	3	64.7689294043912
SRR10070151	50301	3	63.86201621834289
SRR10102392	50301	3	42.55768097864195
SRR10102393	50301	3	43.12207016066465
SRR10102394	50301	3	42.60606686994065
SRR10070130	50301	4	51.99232940986519
SRR10070131	50301	4	54.49344256101379
SRR10070133	50301	4	29.03435915444164
SRR10070134	50301	4	54.5297754677278
SRR10070149	50301	4	63.6629993280133
SRR10070150	50301	4	64.68738248264253
SRR10070151	50301	4	63.86201621834289
SRR10102392	50301	4	42.55768097864195
SRR10102393	50301	4	43.12207016066465
SRR10102394	50301	4	42.60606686994065
SRR10070130	50301	5	52.20136309791813
SRR10070131	50301	5	54.63139552831611
SRR10070133	50301	5	29.03435915444164
SRR10070134	50301	5	54.70679585917713
SRR10070149	50301	5	63.6629993280133
SRR10070150	50301	5	64.7689294043912
SRR10070151	50301	5	63.86201621834289
SRR10102392	50301	5	42.55768097864195
SRR10102393	50301	5	43.10567807473059
SRR10102394	50301	5	42.60606686994065
SRR10070130	50301	6	52.20136309791813
SRR10070131	50301	6	54.63139552831611
SRR10070133	50301	6	29.03435915444164
SRR10070134	50301	6	54.45762836889224
SRR10070149	50301	6	63.6629993280133
SRR10070150	50301	6	64.7689294043912
SRR10070151	50301	6	63.86201621834289
SRR10102392	50301	6	42.55768097864195
SRR10102393	50301	6	43.12207016066465
SRR10102394	50301	6	42.60606686994065
SRR10070130	50301	7	52.20136309791813
SRR10070131	50301	7	54.63139552831611
SRR10070133	50301	7	29.03435915444164
SRR10070134	50301	7	54.55466645493032
SRR10070149	50301	7	63.60594137364232
SRR10070150	50301	7	64.7689294043912
SRR10070151	50301	7	63.86201621834289
SRR10102392	50301	7	42.55768097864195
SRR10102393	50301	7	43.10567807473059
SRR10102394	50301	7	42.60606686994065
SRR10070130	50301	8	51.57508821744239
SRR10070131	50301	8	54.63139552831611
SRR10070133	50301	8	29.03435915444164
SRR10070134	50301	8	54.49180865697888
SRR10070149	50301	8	63.6629993280133
SRR10070150	50301	8	64.7689294043912
SRR10070151	50301	8	63.86201621834289
SRR10102392	50301	8	42.44953310848065
SRR10102393	50301	8	43.12207016066465
SRR10102394	50301	8	42.60606686994065
SRR10070130	50301	9	52.20136309791813
SRR10070131	50301	9	54.63139552831611
SRR10070133	50301	9	29.03435915444164
SRR10070134	50301	9	54.40527929088892
SRR10070149	50301	9	63.6629993280133
SRR10070150	50301	9	64.68738248264253
SRR10070151	50301	9	63.86201621834289
SRR10102392	50301	9	42.55768097864195
SRR10102393	50301	9	43.12207016066465
SRR10102394	50301	9	41.46854474618667
SRR10070130	50301	10	52.20136309791813
SRR10070131	50301	10	54.63139552831611
SRR10070133	50301	10	29.03435915444164
SRR10070134	50301	10	54.44648527938732
SRR10070149	50301	10	63.6629993280133
SRR10070150	50301	10	64.7689294043912
SRR10070151	50301	10	63.86201621834289
SRR10102392	50301	10	42.55768097864195
SRR10102393	50301	10	43.12207016066465
SRR10102394	50301	10	42.60606686994065
SRR10070130	50602	1	52.20136309791813
SRR10070131	50602	1	54.63139552831611
SRR10070133	50602	1	29.03435915444164
SRR10070134	50602	1	54.55466645493032
SRR10070149	50602	1	63.6629993280133
SRR10070150	50602	1	64.7689294043912
SRR10070151	50602	1	63.86201621834289
SRR10102392	50602	1	42.55768097864195
SRR10102393	50602	1	43.02925421446499
SRR10102394	50602	1	42.60606686994065
SRR10070130	50602	2	52.20136309791813
SRR10070131	50602	2	54.63139552831611
SRR10070133	50602	2	29.03435915444164
SRR10070134	50602	2	54.70679585917713
SRR10070149	50602	2	63.6629993280133
SRR10070150	50602	2	64.7689294043912
SRR10070151	50602	2	63.86201621834289
SRR10102392	50602	2	42.55768097864195
SRR10102393	50602	2	43.12207016066465
SRR10102394	50602	2	42.60606686994065
SRR10070130	50602	3	52.20136309791813
SRR10070131	50602	3	54.63139552831611
SRR10070133	50602	3	29.03435915444164
SRR10070134	50602	3	54.37384731994569
SRR10070149	50602	3	63.6629993280133
SRR10070150	50602	3	64.7689294043912
SRR10070151	50602	3	63.86201621834289
SRR10102392	50602	3	42.55768097864195
SRR10102393	50602	3	43.12207016066465
SRR10102394	50602	3	42.60606686994065
SRR10070130	50602	4	52.20136309791813
SRR10070131	50602	4	54.44733667209706
SRR10070133	50602	4	29.03435915444164
SRR10070134	50602	4	54.70679585917713
SRR10070149	50602	4	63.6629993280133
SRR10070150	50602	4	64.7689294043912
SRR10070151	50602	4	63.86201621834289
SRR10102392	50602	4	42.55768097864195
SRR10102393	50602	4	43.12207016066465
SRR10102394	50602	4	42.60606686994065
SRR10070130	50602	5	52.20136309791813
SRR10070131	50602	5	54.63139552831611
SRR10070133	50602	5	29.03435915444164
SRR10070134	50602	5	54.62059842384052
SRR10070149	50602	5	63.6629993280133
SRR10070150	50602	5	64.7689294043912
SRR10070151	50602	5	63.86201621834289
SRR10102392	50602	5	42.55768097864195
SRR10102393	50602	5	43.12207016066465
SRR10102394	50602	5	42.60606686994065
SRR10070130	50602	6	52.20136309791813
SRR10070131	50602	6	54.55882999788931
SRR10070133	50602	6	29.03435915444164
SRR10070134	50602	6	54.70679585917713
SRR10070149	50602	6	63.6629993280133
SRR10070150	50602	6	64.7689294043912
SRR10070151	50602	6	63.86201621834289
SRR10102392	50602	6	42.55768097864195
SRR10102393	50602	6	43.09135816150162
SRR10102394	50602	6	42.60606686994065
SRR10070130	50602	7	52.20136309791813
SRR10070131	50602	7	54.63139552831611
SRR10070133	50602	7	28.95637070495753
SRR10070134	50602	7	54.1246798296608
SRR10070149	50602	7	63.57044256084764
SRR10070150	50602	7	64.7689294043912
SRR10070151	50602	7	63.86201621834289
SRR10102392	50602	7	42.55768097864195
SRR10102393	50602	7	43.12207016066465
SRR10102394	50602	7	42.60606686994065
SRR10070130	50602	8	52.20136309791813
SRR10070131	50602	8	54.63139552831611
SRR10070133	50602	8	29.03435915444164
SRR10070134	50602	8	54.5697156125945
SRR10070149	50602	8	63.6629993280133
SRR10070150	50602	8	64.68738248264253
SRR10070151	50602	8	63.86201621834289
SRR10102392	50602	8	42.55768097864195
SRR10102393	50602	8	43.12207016066465
SRR10102394	50602	8	42.60606686994065
SRR10070130	50602	9	52.20136309791813
SRR10070131	50602	9	54.63139552831611
SRR10070133	50602	9	29.03435915444164
SRR10070134	50602	9	54.3282346200068
SRR10070149	50602	9	63.63610556234772
SRR10070150	50602	9	64.7689294043912
SRR10070151	50602	9	63.86201621834289
SRR10102392	50602	9	42.55768097864195
SRR10102393	50602	9	43.10567807473059
SRR10102394	50602	9	42.60606686994065
SRR10070130	50602	10	52.20136309791813
SRR10070131	50602	10	54.49344256101379
SRR10070133	50602	10	29.03435915444164
SRR10070134	50602	10	54.48717000477807
SRR10070149	50602	10	63.59789841321462
SRR10070150	50602	10	64.65493931174115
SRR10070151	50602	10	63.86201621834289
SRR10102392	50602	10	42.55768097864195
SRR10102393	50602	10	43.12207016066465
SRR10102394	50602	10	42.60606686994065
SRR10070130	50903	1	52.20136309791813
SRR10070131	50903	1	54.49784608393869
SRR10070133	50903	1	29.03435915444164
SRR10070134	50903	1	54.29891197712021
SRR10070149	50903	1	63.6629993280133
SRR10070150	50903	1	64.7689294043912
SRR10070151	50903	1	63.78106220308792
SRR10102392	50903	1	42.55768097864195
SRR10102393	50903	1	43.09135816150162
SRR10102394	50903	1	42.60606686994065
SRR10070130	50903	2	52.20136309791813
SRR10070131	50903	2	54.5016878193613
SRR10070133	50903	2	29.03435915444164
SRR10070134	50903	2	54.67859978266972
SRR10070149	50903	2	63.6629993280133
SRR10070150	50903	2	64.7689294043912
SRR10070151	50903	2	63.86201621834289
SRR10102392	50903	2	42.55768097864195
SRR10102393	50903	2	43.12207016066465
SRR10102394	50903	2	42.60606686994065
SRR10070130	50903	3	52.16254162978838
SRR10070131	50903	3	54.63139552831611
SRR10070133	50903	3	29.03435915444164
SRR10070134	50903	3	54.55466645493032
SRR10070149	50903	3	63.6629993280133
SRR10070150	50903	3	64.7689294043912
SRR10070151	50903	3	63.86201621834289
SRR10102392	50903	3	42.55768097864195
SRR10102393	50903	3	43.12207016066465
SRR10102394	50903	3	42.60606686994065
SRR10070130	50903	4	52.20136309791813
SRR10070131	50903	4	54.63139552831611
SRR10070133	50903	4	29.03435915444164
SRR10070134	50903	4	54.4144320553434
SRR10070149	50903	4	63.6629993280133
SRR10070150	50903	4	64.7689294043912
SRR10070151	50903	4	63.86201621834289
SRR10102392	50903	4	42.55768097864195
SRR10102393	50903	4	43.12207016066465
SRR10102394	50903	4	42.60606686994065
SRR10070130	50903	5	51.98161054127375
SRR10070131	50903	5	54.63139552831611
SRR10070133	50903	5	29.03435915444164
SRR10070134	50903	5	54.70679585917713
SRR10070149	50903	5	63.6629993280133
SRR10070150	50903	5	64.7689294043912
SRR10070151	50903	5	63.86201621834289
SRR10102392	50903	5	42.55768097864195
SRR10102393	50903	5	43.12207016066465
SRR10102394	50903	5	42.60606686994065
SRR10070130	50903	6	52.20136309791813
SRR10070131	50903	6	54.49784608393869
SRR10070133	50903	6	28.95637070495753
SRR10070134	50903	6	54.70679585917713
SRR10070149	50903	6	63.6629993280133
SRR10070150	50903	6	64.68738248264253
SRR10070151	50903	6	63.86201621834289
SRR10102392	50903	6	42.55768097864195
SRR10102393	50903	6	43.02925421446499
SRR10102394	50903	6	42.60606686994065
SRR10070130	50903	7	52.20136309791813
SRR10070131	50903	7	54.63139552831611
SRR10070133	50903	7	29.03435915444164
SRR10070134	50903	7	54.70679585917713
SRR10070149	50903	7	63.6629993280133
SRR10070150	50903	7	64.70964099904359
SRR10070151	50903	7	63.86201621834289
SRR10102392	50903	7	42.55768097864195
SRR10102393	50903	7	43.12207016066465
SRR10102394	50903	7	42.60606686994065
SRR10070130	50903	8	52.20136309791813
SRR10070131	50903	8	54.63139552831611
SRR10070133	50903	8	29.03435915444164
SRR10070134	50903	8	54.66685571431042
SRR10070149	50903	8	63.6629993280133
SRR10070150	50903	8	64.7689294043912
SRR10070151	50903	8	63.86201621834289
SRR10102392	50903	8	42.55768097864195
SRR10102393	50903	8	43.12207016066465
SRR10102394	50903	8	42.60606686994065
SRR10070130	50903	9	51.78412190549533
SRR10070131	50903	9	54.63139552831611
SRR10070133	50903	9	28.95637070495753
SRR10070134	50903	9	54.5480794674051
SRR10070149	50903	9	63.60594137364232
SRR10070150	50903	9	64.7689294043912
SRR10070151	50903	9	63.86201621834289
SRR10102392	50903	9	42.55768097864195
SRR10102393	50903	9	43.12207016066465
SRR10102394	50903	9	42.60606686994065
SRR10070130	50903	10	52.20136309791813
SRR10070131	50903	10	54.63139552831611
SRR10070133	50903	10	29.03435915444164
SRR10070134	50903	10	54.70679585917713
SRR10070149	50903	10	63.60594137364232
SRR10070150	50903	10	64.7689294043912
SRR10070151	50903	10	63.86201621834289
SRR10102392	50903	10	42.55768097864195
SRR10102393	50903	10	43.12207016066465
SRR10102394	50903	10	42.60606686994065
SRR10070130	51205	1	52.20136309791813
SRR10070131	51205	1	54.63139552831611
SRR10070133	51205	1	29.03435915444164
SRR10070134	51205	1	54.5697156125945
SRR10070149	51205	1	63.6629993280133
SRR10070150	51205	1	64.7689294043912
SRR10070151	51205	1	63.86201621834289
SRR10102392	51205	1	42.55768097864195
SRR10102393	51205	1	43.12207016066465
SRR10102394	51205	1	42.60606686994065
SRR10070130	51205	2	52.20136309791813
SRR10070131	51205	2	54.63139552831611
SRR10070133	51205	2	29.03435915444164
SRR10070134	51205	2	54.70679585917713
SRR10070149	51205	2	63.6629993280133
SRR10070150	51205	2	64.7689294043912
SRR10070151	51205	2	63.86201621834289
SRR10102392	51205	2	42.55768097864195
SRR10102393	51205	2	43.12207016066465
SRR10102394	51205	2	42.60606686994065
SRR10070130	51205	3	52.09717526849816
SRR10070131	51205	3	54.63139552831611
SRR10070133	51205	3	29.03435915444164
SRR10070134	51205	3	54.41758620834769
SRR10070149	51205	3	63.57688702494192
SRR10070150	51205	3	64.7689294043912
SRR10070151	51205	3	63.86201621834289
SRR10102392	51205	3	42.55768097864195
SRR10102393	51205	3	43.12207016066465
SRR10102394	51205	3	42.60606686994065
SRR10070130	51205	4	52.20136309791813
SRR10070131	51205	4	54.63139552831611
SRR10070133	51205	4	28.96885385962561
SRR10070134	51205	4	54.62888890356151
SRR10070149	51205	4	63.6629993280133
SRR10070150	51205	4	64.7689294043912
SRR10070151	51205	4	63.86201621834289
SRR10102392	51205	4	42.55768097864195
SRR10102393	51205	4	43.12207016066465
SRR10102394	51205	4	42.60606686994065
SRR10070130	51205	5	52.20136309791813
SRR10070131	51205	5	54.63139552831611
SRR10070133	51205	5	29.03435915444164
SRR10070134	51205	5	54.45616210213494
SRR10070149	51205	5	63.6629993280133
SRR10070150	51205	5	64.7689294043912
SRR10070151	51205	5	63.86201621834289
SRR10102392	51205	5	42.44953310848065
SRR10102393	51205	5	43.12207016066465
SRR10102394	51205	5	42.60606686994065
SRR10070130	51205	6	51.8883097349153
SRR10070131	51205	6	54.63139552831611
SRR10070133	51205	6	29.03435915444164
SRR10070134	51205	6	54.70679585917713
SRR10070149	51205	6	63.6629993280133
SRR10070150	51205	6	64.59281345940963
SRR10070151	51205	6	63.86201621834289
SRR10102392	51205	6	42.55768097864195
SRR10102393	51205	6	43.12207016066465
SRR10102394	51205	6	42.60606686994065
SRR10070130	51205	7	52.20136309791813
SRR10070131	51205	7	54.63139552831611
SRR10070133	51205	7	29.03435915444164
SRR10070134	51205	7	54.66611113378638
SRR10070149	51205	7	63.60594137364232
SRR10070150	51205	7	64.7689294043912
SRR10070151	51205	7	63.86201621834289
SRR10102392	51205	7	42.55768097864195
SRR10102393	51205	7	43.12207016066465
SRR10102394	51205	7	42.60606686994065
SRR10070130	51205	8	52.20136309791813
SRR10070131	51205	8	54.63139552831611
SRR10070133	51205	8	29.03435915444164
SRR10070134	51205	8	54.5697156125945
SRR10070149	51205	8	63.6629993280133
SRR10070150	51205	8	64.7689294043912
SRR10070151	51205	8	63.86201621834289
SRR10102392	51205	8	42.55768097864195
SRR10102393	51205	8	43.12207016066465
SRR10102394	51205	8	42.60606686994065
SRR10070130	51205	9	52.10428735118006
SRR10070131	51205	9	54.63139552831611
SRR10070133	51205	9	29.03435915444164
SRR10070134	51205	9	54.29891197712021
SRR10070149	51205	9	63.6629993280133
SRR10070150	51205	9	64.7689294043912
SRR10070151	51205	9	63.86201621834289
SRR10102392	51205	9	42.55768097864195
SRR10102393	51205	9	43.12207016066465
SRR10102394	51205	9	42.60606686994065
SRR10070130	51205	10	52.20136309791813
SRR10070131	51205	10	54.63139552831611
SRR10070133	51205	10	29.03435915444164
SRR10070134	51205	10	54.6158562517059
SRR10070149	51205	10	63.6629993280133
SRR10070150	51205	10	64.7689294043912
SRR10070151	51205	10	63.86201621834289
SRR10102392	51205	10	42.55768097864195
SRR10102393	51205	10	43.12207016066465
SRR10102394	51205	10	42.60606686994065
SRR10070130	51506	1	51.98161054127375
SRR10070131	51506	1	54.63139552831611
SRR10070133	51506	1	29.03435915444164
SRR10070134	51506	1	54.70679585917713
SRR10070149	51506	1	63.62750051521861
SRR10070150	51506	1	64.59281345940963
SRR10070151	51506	1	63.86201621834289
SRR10102392	51506	1	42.55768097864195
SRR10102393	51506	1	43.12207016066465
SRR10102394	51506	1	42.57306415438284
SRR10070130	51506	2	52.20136309791813
SRR10070131	51506	2	54.38558014144272
SRR10070133	51506	2	29.03435915444164
SRR10070134	51506	2	54.54235953747155
SRR10070149	51506	2	63.6629993280133
SRR10070150	51506	2	64.7689294043912
SRR10070151	51506	2	63.86201621834289
SRR10102392	51506	2	42.55768097864195
SRR10102393	51506	2	43.12207016066465
SRR10102394	51506	2	42.60606686994065
SRR10070130	51506	3	52.20136309791813
SRR10070131	51506	3	54.63139552831611
SRR10070133	51506	3	29.03435915444164
SRR10070134	51506	3	54.70679585917713
SRR10070149	51506	3	63.6629993280133
SRR10070150	51506	3	64.7689294043912
SRR10070151	51506	3	63.86201621834289
SRR10102392	51506	3	42.50062302427098
SRR10102393	51506	3	43.12207016066465
SRR10102394	51506	3	42.60606686994065
SRR10070130	51506	4	52.20136309791813
SRR10070131	51506	4	54.63139552831611
SRR10070133	51506	4	29.03435915444164
SRR10070134	51506	4	54.70679585917713
SRR10070149	51506	4	63.6629993280133
SRR10070150	51506	4	64.7689294043912
SRR10070151	51506	4	63.86201621834289
SRR10102392	51506	4	42.55768097864195
SRR10102393	51506	4	43.12207016066465
SRR10102394	51506	4	42.60606686994065
SRR10070130	51506	5	52.20136309791813
SRR10070131	51506	5	54.63139552831611
SRR10070133	51506	5	29.03435915444164
SRR10070134	51506	5	54.70679585917713
SRR10070149	51506	5	63.6629993280133
SRR10070150	51506	5	64.7689294043912
SRR10070151	51506	5	63.78106220308792
SRR10102392	51506	5	42.55768097864195
SRR10102393	51506	5	43.12207016066465
SRR10102394	51506	5	42.60606686994065
SRR10070130	51506	6	52.20136309791813
SRR10070131	51506	6	54.63139552831611
SRR10070133	51506	6	29.03435915444164
SRR10070134	51506	6	54.62059842384052
SRR10070149	51506	6	63.60594137364232
SRR10070150	51506	6	64.7689294043912
SRR10070151	51506	6	63.86201621834289
SRR10102392	51506	6	42.55768097864195
SRR10102393	51506	6	43.02925421446499
SRR10102394	51506	6	42.60606686994065
SRR10070130	51506	7	52.20136309791813
SRR10070131	51506	7	54.63139552831611
SRR10070133	51506	7	29.03435915444164
SRR10070134	51506	7	54.62059842384052
SRR10070149	51506	7	63.6629993280133
SRR10070150	51506	7	64.7689294043912
SRR10070151	51506	7	63.86201621834289
SRR10102392	51506	7	42.55768097864195
SRR10102393	51506	7	43.12207016066465
SRR10102394	51506	7	42.60606686994065
SRR10070130	51506	8	52.20136309791813
SRR10070131	51506	8	54.63139552831611
SRR10070133	51506	8	29.03435915444164
SRR10070134	51506	8	54.70679585917713
SRR10070149	51506	8	63.6629993280133
SRR10070150	51506	8	64.7689294043912
SRR10070151	51506	8	63.86201621834289
SRR10102392	51506	8	42.55768097864195
SRR10102393	51506	8	43.12207016066465
SRR10102394	51506	8	42.60606686994065
SRR10070130	51506	9	52.20136309791813
SRR10070131	51506	9	54.55420818633482
SRR10070133	51506	9	29.03435915444164
SRR10070134	51506	9	54.70679585917713
SRR10070149	51506	9	63.6629993280133
SRR10070150	51506	9	64.7689294043912
SRR10070151	51506	9	63.86201621834289
SRR10102392	51506	9	42.55768097864195
SRR10102393	51506	9	43.12207016066465
SRR10102394	51506	9	42.60606686994065
SRR10070130	51506	10	52.20136309791813
SRR10070131	51506	10	54.63139552831611
SRR10070133	51506	10	29.03435915444164
SRR10070134	51506	10	54.70679585917713
SRR10070149	51506	10	63.6629993280133
SRR10070150	51506	10	64.7689294043912
SRR10070151	51506	10	63.78106220308792
SRR10102392	51506	10	42.55768097864195
SRR10102393	51506	10	43.12207016066465
SRR10102394	51506	10	42.60606686994065
SRR10070130	51807	1	52.20136309791813
SRR10070131	51807	1	54.63139552831611
SRR10070133	51807	1	29.03435915444164
SRR10070134	51807	1	54.3818455874254
SRR10070149	51807	1	63.6629993280133
SRR10070150	51807	1	64.7689294043912
SRR10070151	51807	1	63.86201621834289
SRR10102392	51807	1	42.44953310848065
SRR10102393	51807	1	43.02925421446499
SRR10102394	51807	1	42.60606686994065
SRR10070130	51807	2	52.20136309791813
SRR10070131	51807	2	54.63139552831611
SRR10070133	51807	2	29.03435915444164
SRR10070134	51807	2	54.70679585917713
SRR10070149	51807	2	63.6629993280133
SRR10070150	51807	2	64.7689294043912
SRR10070151	51807	2	63.86201621834289
SRR10102392	51807	2	42.55768097864195
SRR10102393	51807	2	43.12207016066465
SRR10102394	51807	2	42.60606686994065
SRR10070130	51807	3	52.20136309791813
SRR10070131	51807	3	54.63139552831611
SRR10070133	51807	3	29.03435915444164
SRR10070134	51807	3	54.55466645493032
SRR10070149	51807	3	63.6629993280133
SRR10070150	51807	3	64.7689294043912
SRR10070151	51807	3	63.86201621834289
SRR10102392	51807	3	42.55768097864195
SRR10102393	51807	3	43.12207016066465
SRR10102394	51807	3	42.60606686994065
SRR10070130	51807	4	52.20136309791813
SRR10070131	51807	4	54.45366267370022
SRR10070133	51807	4	29.03435915444164
SRR10070134	51807	4	54.55466645493032
SRR10070149	51807	4	63.62690208272242
SRR10070150	51807	4	64.7689294043912
SRR10070151	51807	4	63.86201621834289
SRR10102392	51807	4	42.55768097864195
SRR10102393	51807	4	43.12207016066465
SRR10102394	51807	4	42.60606686994065
SRR10070130	51807	5	52.20136309791813
SRR10070131	51807	5	54.63139552831611
SRR10070133	51807	5	29.03435915444164
SRR10070134	51807	5	54.42673897280218
SRR10070149	51807	5	63.6629993280133
SRR10070150	51807	5	64.7689294043912
SRR10070151	51807	5	63.86201621834289
SRR10102392	51807	5	42.55768097864195
SRR10102393	51807	5	43.12207016066465
SRR10102394	51807	5	42.60606686994065
SRR10070130	51807	6	52.20136309791813
SRR10070131	51807	6	54.63139552831611
SRR10070133	51807	6	28.95637070495753
SRR10070134	51807	6	54.70679585917713
SRR10070149	51807	6	63.6629993280133
SRR10070150	51807	6	64.7689294043912
SRR10070151	51807	6	63.86201621834289
SRR10102392	51807	6	42.44953310848065
SRR10102393	51807	6	43.12207016066465
SRR10102394	51807	6	42.60606686994065
SRR10070130	51807	7	52.20136309791813
SRR10070131	51807	7	54.63139552831611
SRR10070133	51807	7	29.03435915444164
SRR10070134	51807	7	54.37143093355563
SRR10070149	51807	7	63.6629993280133
SRR10070150	51807	7	64.7689294043912
SRR10070151	51807	7	63.78106220308792
SRR10102392	51807	7	42.55768097864195
SRR10102393	51807	7	43.12207016066465
SRR10102394	51807	7	42.60606686994065
SRR10070130	51807	8	52.20136309791813
SRR10070131	51807	8	54.63139552831611
SRR10070133	51807	8	29.03435915444164
SRR10070134	51807	8	54.55466645493032
SRR10070149	51807	8	63.6629993280133
SRR10070150	51807	8	64.7689294043912
SRR10070151	51807	8	63.86201621834289
SRR10102392	51807	8	42.44953310848065
SRR10102393	51807	8	43.12207016066465
SRR10102394	51807	8	42.60606686994065
SRR10070130	51807	9	52.20136309791813
SRR10070131	51807	9	54.63139552831611
SRR10070133	51807	9	29.03435915444164
SRR10070134	51807	9	54.70679585917713
SRR10070149	51807	9	63.6629993280133
SRR10070150	51807	9	64.73919662199751
SRR10070151	51807	9	63.86201621834289
SRR10102392	51807	9	42.55768097864195
SRR10102393	51807	9	43.12207016066465
SRR10102394	51807	9	42.60606686994065
SRR10070130	51807	10	52.20136309791813
SRR10070131	51807	10	54.63139552831611
SRR10070133	51807	10	29.03435915444164
SRR10070134	51807	10	54.37143093355563
SRR10070149	51807	10	63.6629993280133
SRR10070150	51807	10	64.7689294043912
SRR10070151	51807	10	63.86201621834289
SRR10102392	51807	10	42.55768097864195
SRR10102393	51807	10	43.12207016066465
SRR10102394	51807	10	42.60606686994065
SRR10070130	52108	1	52.20136309791813
SRR10070131	52108	1	54.63139552831611
SRR10070133	52108	1	29.03435915444164
SRR10070134	52108	1	54.70679585917713
SRR10070149	52108	1	63.6629993280133
SRR10070150	52108	1	64.7689294043912
SRR10070151	52108	1	63.86201621834289
SRR10102392	52108	1	42.55768097864195
SRR10102393	52108	1	43.12207016066465
SRR10102394	52108	1	42.60606686994065
SRR10070130	52108	2	52.20136309791813
SRR10070131	52108	2	54.63139552831611
SRR10070133	52108	2	29.03435915444164
SRR10070134	52108	2	54.70679585917713
SRR10070149	52108	2	63.6629993280133
SRR10070150	52108	2	64.7689294043912
SRR10070151	52108	2	63.86201621834289
SRR10102392	52108	2	42.55768097864195
SRR10102393	52108	2	43.12207016066465
SRR10102394	52108	2	42.60606686994065
SRR10070130	52108	3	52.20136309791813
SRR10070131	52108	3	54.63139552831611
SRR10070133	52108	3	28.95637070495753
SRR10070134	52108	3	54.70679585917713
SRR10070149	52108	3	63.6629993280133
SRR10070150	52108	3	64.7689294043912
SRR10070151	52108	3	63.86201621834289
SRR10102392	52108	3	42.55768097864195
SRR10102393	52108	3	43.12207016066465
SRR10102394	52108	3	42.60606686994065
SRR10070130	52108	4	52.20136309791813
SRR10070131	52108	4	54.63139552831611
SRR10070133	52108	4	29.03435915444164
SRR10070134	52108	4	54.63361450939299
SRR10070149	52108	4	63.6629993280133
SRR10070150	52108	4	64.7689294043912
SRR10070151	52108	4	63.86201621834289
SRR10102392	52108	4	42.55768097864195
SRR10102393	52108	4	43.10567807473059
SRR10102394	52108	4	42.60606686994065
SRR10070130	52108	5	52.20136309791813
SRR10070131	52108	5	54.28153598219821
SRR10070133	52108	5	29.03435915444164
SRR10070134	52108	5	54.5480794674051
SRR10070149	52108	5	63.6629993280133
SRR10070150	52108	5	64.7689294043912
SRR10070151	52108	5	63.86201621834289
SRR10102392	52108	5	42.55768097864195
SRR10102393	52108	5	43.12207016066465
SRR10102394	52108	5	42.60606686994065
SRR10070130	52108	6	52.20136309791813
SRR10070131	52108	6	54.63139552831611
SRR10070133	52108	6	28.95637070495753
SRR10070134	52108	6	54.41758620834769
SRR10070149	52108	6	63.6629993280133
SRR10070150	52108	6	64.7689294043912
SRR10070151	52108	6	63.86201621834289
SRR10102392	52108	6	42.55768097864195
SRR10102393	52108	6	43.12207016066465
SRR10102394	52108	6	42.60606686994065
SRR10070130	52108	7	52.20136309791813
SRR10070131	52108	7	54.63139552831611
SRR10070133	52108	7	29.03435915444164
SRR10070134	52108	7	54.70679585917713
SRR10070149	52108	7	63.6629993280133
SRR10070150	52108	7	64.7689294043912
SRR10070151	52108	7	63.86201621834289
SRR10102392	52108	7	42.55768097864195
SRR10102393	52108	7	43.12207016066465
SRR10102394	52108	7	42.60606686994065
SRR10070130	52108	8	52.20136309791813
SRR10070131	52108	8	54.63139552831611
SRR10070133	52108	8	29.03435915444164
SRR10070134	52108	8	54.70679585917713
SRR10070149	52108	8	63.6629993280133
SRR10070150	52108	8	64.7689294043912
SRR10070151	52108	8	63.86201621834289
SRR10102392	52108	8	42.55768097864195
SRR10102393	52108	8	43.12207016066465
SRR10102394	52108	8	42.60606686994065
SRR10070130	52108	9	52.20136309791813
SRR10070131	52108	9	54.45366267370022
SRR10070133	52108	9	29.03435915444164
SRR10070134	52108	9	54.5697156125945
SRR10070149	52108	9	63.62750051521861
SRR10070150	52108	9	64.7689294043912
SRR10070151	52108	9	63.86201621834289
SRR10102392	52108	9	42.55768097864195
SRR10102393	52108	9	43.12207016066465
SRR10102394	52108	9	42.60606686994065
SRR10070130	52108	10	51.8883097349153
SRR10070131	52108	10	54.63139552831611
SRR10070133	52108	10	29.03435915444164
SRR10070134	52108	10	54.70679585917713
SRR10070149	52108	10	63.63610556234772
SRR10070150	52108	10	64.7689294043912
SRR10070151	52108	10	63.86201621834289
SRR10102392	52108	10	42.55768097864195
SRR10102393	52108	10	43.10567807473059
SRR10102394	52108	10	42.60606686994065
SRR10070130	52409	1	52.20136309791813
SRR10070131	52409	1	54.63139552831611
SRR10070133	52409	1	29.03435915444164
SRR10070134	52409	1	54.70679585917713
SRR10070149	52409	1	63.6629993280133
SRR10070150	52409	1	64.7689294043912
SRR10070151	52409	1	63.86201621834289
SRR10102392	52409	1	42.55768097864195
SRR10102393	52409	1	43.12207016066465
SRR10102394	52409	1	42.60606686994065
SRR10070130	52409	2	52.20136309791813
SRR10070131	52409	2	54.63139552831611
SRR10070133	52409	2	29.03435915444164
SRR10070134	52409	2	54.45762836889224
SRR10070149	52409	2	63.6629993280133
SRR10070150	52409	2	64.47882336675957
SRR10070151	52409	2	63.86201621834289
SRR10102392	52409	2	42.44953310848065
SRR10102393	52409	2	43.10567807473059
SRR10102394	52409	2	42.60606686994065
SRR10070130	52409	3	52.20136309791813
SRR10070131	52409	3	54.63139552831611
SRR10070133	52409	3	29.03435915444164
SRR10070134	52409	3	54.70679585917713
SRR10070149	52409	3	63.6629993280133
SRR10070150	52409	3	64.7689294043912
SRR10070151	52409	3	63.86201621834289
SRR10102392	52409	3	42.55768097864195
SRR10102393	52409	3	43.12207016066465
SRR10102394	52409	3	42.60606686994065
SRR10070130	52409	4	52.20136309791813
SRR10070131	52409	4	54.63139552831611
SRR10070133	52409	4	29.03435915444164
SRR10070134	52409	4	54.41099922082247
SRR10070149	52409	4	63.6629993280133
SRR10070150	52409	4	64.7689294043912
SRR10070151	52409	4	63.86201621834289
SRR10102392	52409	4	42.55768097864195
SRR10102393	52409	4	43.12207016066465
SRR10102394	52409	4	42.60606686994065
SRR10070130	52409	5	52.20136309791813
SRR10070131	52409	5	54.63139552831611
SRR10070133	52409	5	29.03435915444164
SRR10070134	52409	5	54.55466645493032
SRR10070149	52409	5	63.6629993280133
SRR10070150	52409	5	64.7689294043912
SRR10070151	52409	5	63.86201621834289
SRR10102392	52409	5	42.55768097864195
SRR10102393	52409	5	43.12207016066465
SRR10102394	52409	5	42.60606686994065
SRR10070130	52409	6	52.20136309791813
SRR10070131	52409	6	54.5016878193613
SRR10070133	52409	6	29.03435915444164
SRR10070134	52409	6	54.12791572409662
SRR10070149	52409	6	63.6629993280133
SRR10070150	52409	6	64.7689294043912
SRR10070151	52409	6	63.86201621834289
SRR10102392	52409	6	42.55768097864195
SRR10102393	52409	6	43.12207016066465
SRR10102394	52409	6	42.60606686994065
SRR10070130	52409	7	51.33775783706913
SRR10070131	52409	7	54.45366267370022
SRR10070133	52409	7	29.03435915444164
SRR10070134	52409	7	54.70679585917713
SRR10070149	52409	7	63.60594137364232
SRR10070150	52409	7	64.68738248264253
SRR10070151	52409	7	63.86201621834289
SRR10102392	52409	7	42.55768097864195
SRR10102393	52409	7	43.12207016066465
SRR10102394	52409	7	42.60606686994065
SRR10070130	52409	8	52.20136309791813
SRR10070131	52409	8	54.63139552831611
SRR10070133	52409	8	29.03435915444164
SRR10070134	52409	8	54.70679585917713
SRR10070149	52409	8	63.6629993280133
SRR10070150	52409	8	64.7689294043912
SRR10070151	52409	8	63.86201621834289
SRR10102392	52409	8	42.55768097864195
SRR10102393	52409	8	43.12207016066465
SRR10102394	52409	8	42.60606686994065
SRR10070130	52409	9	52.20136309791813
SRR10070131	52409	9	54.63139552831611
SRR10070133	52409	9	29.03435915444164
SRR10070134	52409	9	54.70679585917713
SRR10070149	52409	9	63.6629993280133
SRR10070150	52409	9	64.7689294043912
SRR10070151	52409	9	63.86201621834289
SRR10102392	52409	9	42.55768097864195
SRR10102393	52409	9	43.12207016066465
SRR10102394	52409	9	42.60606686994065
SRR10070130	52409	10	52.20136309791813
SRR10070131	52409	10	54.63139552831611
SRR10070133	52409	10	28.96885385962561
SRR10070134	52409	10	54.5697156125945
SRR10070149	52409	10	63.6629993280133
SRR10070150	52409	10	64.7689294043912
SRR10070151	52409	10	63.86201621834289
SRR10102392	52409	10	42.55768097864195
SRR10102393	52409	10	43.12207016066465
SRR10102394	52409	10	42.60606686994065
SRR10070130	52711	1	52.08526786048422
SRR10070131	52711	1	54.63139552831611
SRR10070133	52711	1	29.03435915444164
SRR10070134	52711	1	54.59240234733311
SRR10070149	52711	1	63.6629993280133
SRR10070150	52711	1	64.7689294043912
SRR10070151	52711	1	63.86201621834289
SRR10102392	52711	1	42.55768097864195
SRR10102393	52711	1	43.12207016066465
SRR10102394	52711	1	42.60606686994065
SRR10070130	52711	2	52.20136309791813
SRR10070131	52711	2	54.63139552831611
SRR10070133	52711	2	29.03435915444164
SRR10070134	52711	2	54.59396805523755
SRR10070149	52711	2	63.6629993280133
SRR10070150	52711	2	64.7689294043912
SRR10070151	52711	2	63.86201621834289
SRR10102392	52711	2	42.55768097864195
SRR10102393	52711	2	43.12207016066465
SRR10102394	52711	2	42.60606686994065
SRR10070130	52711	3	52.20136309791813
SRR10070131	52711	3	54.63139552831611
SRR10070133	52711	3	29.03435915444164
SRR10070134	52711	3	54.57886837704898
SRR10070149	52711	3	63.6629993280133
SRR10070150	52711	3	64.7689294043912
SRR10070151	52711	3	63.86201621834289
SRR10102392	52711	3	42.55768097864195
SRR10102393	52711	3	43.12207016066465
SRR10102394	52711	3	42.60606686994065
SRR10070130	52711	4	52.20136309791813
SRR10070131	52711	4	54.63139552831611
SRR10070133	52711	4	28.95637070495753
SRR10070134	52711	4	54.70679585917713
SRR10070149	52711	4	63.6629993280133
SRR10070150	52711	4	64.7689294043912
SRR10070151	52711	4	63.86201621834289
SRR10102392	52711	4	42.55768097864195
SRR10102393	52711	4	43.12207016066465
SRR10102394	52711	4	42.60606686994065
SRR10070130	52711	5	52.20136309791813
SRR10070131	52711	5	54.63139552831611
SRR10070133	52711	5	29.03435915444164
SRR10070134	52711	5	54.70679585917713
SRR10070149	52711	5	63.6629993280133
SRR10070150	52711	5	64.7689294043912
SRR10070151	52711	5	63.86201621834289
SRR10102392	52711	5	42.55768097864195
SRR10102393	52711	5	43.12207016066465
SRR10102394	52711	5	42.60606686994065
SRR10070130	52711	6	52.20136309791813
SRR10070131	52711	6	54.63139552831611
SRR10070133	52711	6	29.03435915444164
SRR10070134	52711	6	54.45762836889224
SRR10070149	52711	6	63.6629993280133
SRR10070150	52711	6	64.7689294043912
SRR10070151	52711	6	63.86201621834289
SRR10102392	52711	6	42.55768097864195
SRR10102393	52711	6	43.12207016066465
SRR10102394	52711	6	42.60606686994065
SRR10070130	52711	7	52.20136309791813
SRR10070131	52711	7	54.41121269005433
SRR10070133	52711	7	29.03435915444164
SRR10070134	52711	7	54.45762836889224
SRR10070149	52711	7	63.6629993280133
SRR10070150	52711	7	64.59281345940963
SRR10070151	52711	7	63.86201621834289
SRR10102392	52711	7	42.55768097864195
SRR10102393	52711	7	43.12207016066465
SRR10102394	52711	7	42.60606686994065
SRR10070130	52711	8	52.20136309791813
SRR10070131	52711	8	54.55882999788931
SRR10070133	52711	8	29.03435915444164
SRR10070134	52711	8	54.5697156125945
SRR10070149	52711	8	63.6629993280133
SRR10070150	52711	8	64.7689294043912
SRR10070151	52711	8	63.86201621834289
SRR10102392	52711	8	42.55768097864195
SRR10102393	52711	8	43.12207016066465
SRR10102394	52711	8	42.60606686994065
SRR10070130	52711	9	52.20136309791813
SRR10070131	52711	9	54.63139552831611
SRR10070133	52711	9	29.03435915444164
SRR10070134	52711	9	54.70679585917713
SRR10070149	52711	9	63.6629993280133
SRR10070150	52711	9	64.7689294043912
SRR10070151	52711	9	63.86201621834289
SRR10102392	52711	9	42.55768097864195
SRR10102393	52711	9	43.12207016066465
SRR10102394	52711	9	42.60606686994065
SRR10070130	52711	10	52.20136309791813
SRR10070131	52711	10	54.63139552831611
SRR10070133	52711	10	29.03435915444164
SRR10070134	52711	10	54.70679585917713
SRR10070149	52711	10	63.60594137364232
SRR10070150	52711	10	64.7689294043912
SRR10070151	52711	10	63.86201621834289
SRR10102392	52711	10	42.55768097864195
SRR10102393	52711	10	43.02925421446499
SRR10102394	52711	10	42.60606686994065
SRR10070130	53012	1	52.20136309791813
SRR10070131	53012	1	54.63139552831611
SRR10070133	53012	1	29.03435915444164
SRR10070134	53012	1	54.54235953747155
SRR10070149	53012	1	63.6629993280133
SRR10070150	53012	1	64.55886357761756
SRR10070151	53012	1	63.86201621834289
SRR10102392	53012	1	42.55768097864195
SRR10102393	53012	1	43.12207016066465
SRR10102394	53012	1	42.60606686994065
SRR10070130	53012	2	52.20136309791813
SRR10070131	53012	2	54.63139552831611
SRR10070133	53012	2	29.03435915444164
SRR10070134	53012	2	54.70679585917713
SRR10070149	53012	2	63.6629993280133
SRR10070150	53012	2	64.7689294043912
SRR10070151	53012	2	63.86201621834289
SRR10102392	53012	2	42.55768097864195
SRR10102393	53012	2	43.12207016066465
SRR10102394	53012	2	42.60606686994065
SRR10070130	53012	3	52.20136309791813
SRR10070131	53012	3	54.63139552831611
SRR10070133	53012	3	29.03435915444164
SRR10070134	53012	3	54.70679585917713
SRR10070149	53012	3	63.6629993280133
SRR10070150	53012	3	64.7689294043912
SRR10070151	53012	3	63.86201621834289
SRR10102392	53012	3	42.55768097864195
SRR10102393	53012	3	43.10567807473059
SRR10102394	53012	3	42.60606686994065
SRR10070130	53012	4	52.20136309791813
SRR10070131	53012	4	54.63139552831611
SRR10070133	53012	4	29.03435915444164
SRR10070134	53012	4	54.62059842384052
SRR10070149	53012	4	63.6629993280133
SRR10070150	53012	4	64.7689294043912
SRR10070151	53012	4	63.86201621834289
SRR10102392	53012	4	42.55768097864195
SRR10102393	53012	4	43.12207016066465
SRR10102394	53012	4	42.60606686994065
SRR10070130	53012	5	52.20136309791813
SRR10070131	53012	5	54.63139552831611
SRR10070133	53012	5	28.95637070495753
SRR10070134	53012	5	54.67859978266972
SRR10070149	53012	5	63.6629993280133
SRR10070150	53012	5	64.7689294043912
SRR10070151	53012	5	63.86201621834289
SRR10102392	53012	5	42.55768097864195
SRR10102393	53012	5	43.12207016066465
SRR10102394	53012	5	42.60606686994065
SRR10070130	53012	6	52.20136309791813
SRR10070131	53012	6	54.63139552831611
SRR10070133	53012	6	29.03435915444164
SRR10070134	53012	6	54.70679585917713
SRR10070149	53012	6	63.6629993280133
SRR10070150	53012	6	64.7689294043912
SRR10070151	53012	6	63.86201621834289
SRR10102392	53012	6	42.55768097864195
SRR10102393	53012	6	43.12207016066465
SRR10102394	53012	6	42.60606686994065
SRR10070130	53012	7	52.20136309791813
SRR10070131	53012	7	54.63139552831611
SRR10070133	53012	7	29.03435915444164
SRR10070134	53012	7	54.57886837704898
SRR10070149	53012	7	63.6629993280133
SRR10070150	53012	7	64.7689294043912
SRR10070151	53012	7	63.86201621834289
SRR10102392	53012	7	42.55768097864195
SRR10102393	53012	7	43.12207016066465
SRR10102394	53012	7	42.60606686994065
SRR10070130	53012	8	52.20136309791813
SRR10070131	53012	8	54.63139552831611
SRR10070133	53012	8	29.03435915444164
SRR10070134	53012	8	54.70679585917713
SRR10070149	53012	8	63.6629993280133
SRR10070150	53012	8	64.7689294043912
SRR10070151	53012	8	63.86201621834289
SRR10102392	53012	8	42.55768097864195
SRR10102393	53012	8	43.12207016066465
SRR10102394	53012	8	42.60606686994065
SRR10070130	53012	9	52.20136309791813
SRR10070131	53012	9	54.63139552831611
SRR10070133	53012	9	29.03435915444164
SRR10070134	53012	9	54.54235953747155
SRR10070149	53012	9	63.6629993280133
SRR10070150	53012	9	64.7689294043912
SRR10070151	53012	9	63.86201621834289
SRR10102392	53012	9	42.55768097864195
SRR10102393	53012	9	43.12207016066465
SRR10102394	53012	9	42.60606686994065
SRR10070130	53012	10	52.20136309791813
SRR10070131	53012	10	54.63139552831611
SRR10070133	53012	10	29.03435915444164
SRR10070134	53012	10	54.32754778120182
SRR10070149	53012	10	63.6629993280133
SRR10070150	53012	10	64.7689294043912
SRR10070151	53012	10	63.86201621834289
SRR10102392	53012	10	42.44953310848065
SRR10102393	53012	10	43.10567807473059
SRR10102394	53012	10	42.60606686994065
SRR10070130	53313	1	52.08526786048422
SRR10070131	53313	1	54.63139552831611
SRR10070133	53313	1	29.03435915444164
SRR10070134	53313	1	54.62888890356151
SRR10070149	53313	1	63.6629993280133
SRR10070150	53313	1	64.7689294043912
SRR10070151	53313	1	63.86201621834289
SRR10102392	53313	1	42.55768097864195
SRR10102393	53313	1	43.12207016066465
SRR10102394	53313	1	42.60606686994065
SRR10070130	53313	2	52.20136309791813
SRR10070131	53313	2	54.63139552831611
SRR10070133	53313	2	29.03435915444164
SRR10070134	53313	2	54.55466645493032
SRR10070149	53313	2	63.6629993280133
SRR10070150	53313	2	64.7689294043912
SRR10070151	53313	2	63.86201621834289
SRR10102392	53313	2	42.55768097864195
SRR10102393	53313	2	43.12207016066465
SRR10102394	53313	2	42.60606686994065
SRR10070130	53313	3	52.20136309791813
SRR10070131	53313	3	54.33402534807303
SRR10070133	53313	3	29.03435915444164
SRR10070134	53313	3	54.51416346096414
SRR10070149	53313	3	63.6629993280133
SRR10070150	53313	3	64.59281345940963
SRR10070151	53313	3	63.86201621834289
SRR10102392	53313	3	42.55768097864195
SRR10102393	53313	3	43.12207016066465
SRR10102394	53313	3	42.60606686994065
SRR10070130	53313	4	52.20136309791813
SRR10070131	53313	4	54.63139552831611
SRR10070133	53313	4	29.03435915444164
SRR10070134	53313	4	54.67095322257699
SRR10070149	53313	4	63.6629993280133
SRR10070150	53313	4	64.7689294043912
SRR10070151	53313	4	63.86201621834289
SRR10102392	53313	4	42.55768097864195
SRR10102393	53313	4	43.12207016066465
SRR10102394	53313	4	42.60606686994065
SRR10070130	53313	5	52.20136309791813
SRR10070131	53313	5	54.63139552831611
SRR10070133	53313	5	29.03435915444164
SRR10070134	53313	5	54.70679585917713
SRR10070149	53313	5	63.6629993280133
SRR10070150	53313	5	64.7371508788301
SRR10070151	53313	5	63.86201621834289
SRR10102392	53313	5	42.55768097864195
SRR10102393	53313	5	43.12207016066465
SRR10102394	53313	5	42.60606686994065
SRR10070130	53313	6	52.20136309791813
SRR10070131	53313	6	54.48835469245873
SRR10070133	53313	6	29.03435915444164
SRR10070134	53313	6	54.54235953747155
SRR10070149	53313	6	63.6629993280133
SRR10070150	53313	6	64.7689294043912
SRR10070151	53313	6	63.86201621834289
SRR10102392	53313	6	42.55768097864195
SRR10102393	53313	6	43.12207016066465
SRR10102394	53313	6	42.60606686994065
SRR10070130	53313	7	52.20136309791813
SRR10070131	53313	7	54.63139552831611
SRR10070133	53313	7	29.03435915444164
SRR10070134	53313	7	54.5697156125945
SRR10070149	53313	7	63.6629993280133
SRR10070150	53313	7	64.7689294043912
SRR10070151	53313	7	63.86201621834289
SRR10102392	53313	7	42.55768097864195
SRR10102393	53313	7	43.02925421446499
SRR10102394	53313	7	42.60606686994065
SRR10070130	53313	8	52.20136309791813
SRR10070131	53313	8	54.63139552831611
SRR10070133	53313	8	29.03435915444164
SRR10070134	53313	8	54.70679585917713
SRR10070149	53313	8	63.6629993280133
SRR10070150	53313	8	64.7689294043912
SRR10070151	53313	8	63.86201621834289
SRR10102392	53313	8	42.55768097864195
SRR10102393	53313	8	43.12207016066465
SRR10102394	53313	8	42.60606686994065
SRR10070130	53313	9	52.20136309791813
SRR10070131	53313	9	54.63139552831611
SRR10070133	53313	9	29.03435915444164
SRR10070134	53313	9	54.54235953747155
SRR10070149	53313	9	63.6629993280133
SRR10070150	53313	9	64.7689294043912
SRR10070151	53313	9	63.86201621834289
SRR10102392	53313	9	42.55768097864195
SRR10102393	53313	9	43.12207016066465
SRR10102394	53313	9	42.60606686994065
SRR10070130	53313	10	52.20136309791813
SRR10070131	53313	10	54.63139552831611
SRR10070133	53313	10	29.03435915444164
SRR10070134	53313	10	54.62888890356151
SRR10070149	53313	10	63.6629993280133
SRR10070150	53313	10	64.68738248264253
SRR10070151	53313	10	63.86201621834289
SRR10102392	53313	10	42.55768097864195
SRR10102393	53313	10	43.12207016066465
SRR10102394	53313	10	42.60606686994065
SRR10070130	53614	1	52.20136309791813
SRR10070131	53614	1	54.63139552831611
SRR10070133	53614	1	29.03435915444164
SRR10070134	53614	1	54.70679585917713
SRR10070149	53614	1	63.6629993280133
SRR10070150	53614	1	64.55886357761756
SRR10070151	53614	1	63.86201621834289
SRR10102392	53614	1	42.55768097864195
SRR10102393	53614	1	43.12207016066465
SRR10102394	53614	1	42.60606686994065
SRR10070130	53614	2	52.20136309791813
SRR10070131	53614	2	54.63139552831611
SRR10070133	53614	2	29.03435915444164
SRR10070134	53614	2	54.54235953747155
SRR10070149	53614	2	63.6629993280133
SRR10070150	53614	2	64.7689294043912
SRR10070151	53614	2	63.86201621834289
SRR10102392	53614	2	42.55768097864195
SRR10102393	53614	2	43.12207016066465
SRR10102394	53614	2	42.60606686994065
SRR10070130	53614	3	52.20136309791813
SRR10070131	53614	3	54.63139552831611
SRR10070133	53614	3	29.03435915444164
SRR10070134	53614	3	54.52502251698495
SRR10070149	53614	3	63.6629993280133
SRR10070150	53614	3	64.7689294043912
SRR10070151	53614	3	63.78106220308792
SRR10102392	53614	3	42.55768097864195
SRR10102393	53614	3	43.12207016066465
SRR10102394	53614	3	42.60606686994065
SRR10070130	53614	4	52.20136309791813
SRR10070131	53614	4	54.63139552831611
SRR10070133	53614	4	29.03435915444164
SRR10070134	53614	4	54.70679585917713
SRR10070149	53614	4	63.6629993280133
SRR10070150	53614	4	64.7689294043912
SRR10070151	53614	4	63.86201621834289
SRR10102392	53614	4	42.50062302427098
SRR10102393	53614	4	43.12207016066465
SRR10102394	53614	4	42.60606686994065
SRR10070130	53614	5	52.20136309791813
SRR10070131	53614	5	54.63139552831611
SRR10070133	53614	5	29.03435915444164
SRR10070134	53614	5	54.70679585917713
SRR10070149	53614	5	63.6629993280133
SRR10070150	53614	5	64.7689294043912
SRR10070151	53614	5	63.86201621834289
SRR10102392	53614	5	42.55768097864195
SRR10102393	53614	5	43.12207016066465
SRR10102394	53614	5	42.60606686994065
SRR10070130	53614	6	52.20136309791813
SRR10070131	53614	6	54.63139552831611
SRR10070133	53614	6	29.03435915444164
SRR10070134	53614	6	54.55466645493032
SRR10070149	53614	6	63.6629993280133
SRR10070150	53614	6	64.55886357761756
SRR10070151	53614	6	63.86201621834289
SRR10102392	53614	6	42.55768097864195
SRR10102393	53614	6	43.12207016066465
SRR10102394	53614	6	42.60606686994065
SRR10070130	53614	7	52.20136309791813
SRR10070131	53614	7	54.63139552831611
SRR10070133	53614	7	29.03435915444164
SRR10070134	53614	7	54.6158562517059
SRR10070149	53614	7	63.6629993280133
SRR10070150	53614	7	64.7689294043912
SRR10070151	53614	7	63.86201621834289
SRR10102392	53614	7	42.55768097864195
SRR10102393	53614	7	43.12207016066465
SRR10102394	53614	7	42.60606686994065
SRR10070130	53614	8	52.11472978051277
SRR10070131	53614	8	54.63139552831611
SRR10070133	53614	8	29.03435915444164
SRR10070134	53614	8	54.62059842384052
SRR10070149	53614	8	63.6629993280133
SRR10070150	53614	8	64.7689294043912
SRR10070151	53614	8	63.86201621834289
SRR10102392	53614	8	42.55768097864195
SRR10102393	53614	8	43.02925421446499
SRR10102394	53614	8	42.60606686994065
SRR10070130	53614	9	52.20136309791813
SRR10070131	53614	9	54.63139552831611
SRR10070133	53614	9	29.03435915444164
SRR10070134	53614	9	54.70679585917713
SRR10070149	53614	9	63.6629993280133
SRR10070150	53614	9	64.7689294043912
SRR10070151	53614	9	63.86201621834289
SRR10102392	53614	9	42.55768097864195
SRR10102393	53614	9	43.12207016066465
SRR10102394	53614	9	42.60606686994065
SRR10070130	53614	10	52.09717526849816
SRR10070131	53614	10	54.63139552831611
SRR10070133	53614	10	29.03435915444164
SRR10070134	53614	10	54.70679585917713
SRR10070149	53614	10	63.6629993280133
SRR10070150	53614	10	64.7689294043912
SRR10070151	53614	10	63.86201621834289
SRR10102392	53614	10	42.55768097864195
SRR10102393	53614	10	43.12207016066465
SRR10102394	53614	10	42.60606686994065
SRR10070130	53915	1	52.20136309791813
SRR10070131	53915	1	54.63139552831611
SRR10070133	53915	1	29.03435915444164
SRR10070134	53915	1	54.70679585917713
SRR10070149	53915	1	63.6629993280133
SRR10070150	53915	1	64.68738248264253
SRR10070151	53915	1	63.86201621834289
SRR10102392	53915	1	42.55768097864195
SRR10102393	53915	1	43.12207016066465
SRR10102394	53915	1	42.60606686994065
SRR10070130	53915	2	52.20136309791813
SRR10070131	53915	2	54.63139552831611
SRR10070133	53915	2	29.03435915444164
SRR10070134	53915	2	54.70679585917713
SRR10070149	53915	2	63.6629993280133
SRR10070150	53915	2	64.7689294043912
SRR10070151	53915	2	63.86201621834289
SRR10102392	53915	2	42.55768097864195
SRR10102393	53915	2	43.12207016066465
SRR10102394	53915	2	42.60606686994065
SRR10070130	53915	3	52.20136309791813
SRR10070131	53915	3	54.63139552831611
SRR10070133	53915	3	29.03435915444164
SRR10070134	53915	3	54.70679585917713
SRR10070149	53915	3	63.6629993280133
SRR10070150	53915	3	64.7689294043912
SRR10070151	53915	3	63.86201621834289
SRR10102392	53915	3	42.55768097864195
SRR10102393	53915	3	43.12207016066465
SRR10102394	53915	3	42.60606686994065
SRR10070130	53915	4	52.20136309791813
SRR10070131	53915	4	54.55882999788931
SRR10070133	53915	4	29.03435915444164
SRR10070134	53915	4	54.70679585917713
SRR10070149	53915	4	63.6629993280133
SRR10070150	53915	4	64.59281345940963
SRR10070151	53915	4	63.86201621834289
SRR10102392	53915	4	42.55768097864195
SRR10102393	53915	4	43.12207016066465
SRR10102394	53915	4	42.60606686994065
SRR10070130	53915	5	52.20136309791813
SRR10070131	53915	5	54.63139552831611
SRR10070133	53915	5	29.03435915444164
SRR10070134	53915	5	54.69497730551268
SRR10070149	53915	5	63.6629993280133
SRR10070150	53915	5	64.7689294043912
SRR10070151	53915	5	63.86201621834289
SRR10102392	53915	5	42.55768097864195
SRR10102393	53915	5	43.12207016066465
SRR10102394	53915	5	42.60606686994065
SRR10070130	53915	6	52.20136309791813
SRR10070131	53915	6	54.63139552831611
SRR10070133	53915	6	29.03435915444164
SRR10070134	53915	6	54.55466645493032
SRR10070149	53915	6	63.6629993280133
SRR10070150	53915	6	64.59281345940963
SRR10070151	53915	6	63.86201621834289
SRR10102392	53915	6	42.55768097864195
SRR10102393	53915	6	43.02925421446499
SRR10102394	53915	6	42.60606686994065
SRR10070130	53915	7	52.08526786048422
SRR10070131	53915	7	54.55882999788931
SRR10070133	53915	7	29.03435915444164
SRR10070134	53915	7	54.70679585917713
SRR10070149	53915	7	63.6629993280133
SRR10070150	53915	7	64.7689294043912
SRR10070151	53915	7	63.86201621834289
SRR10102392	53915	7	42.55768097864195
SRR10102393	53915	7	43.12207016066465
SRR10102394	53915	7	42.60606686994065
SRR10070130	53915	8	52.20136309791813
SRR10070131	53915	8	54.63139552831611
SRR10070133	53915	8	29.03435915444164
SRR10070134	53915	8	54.45762836889224
SRR10070149	53915	8	63.6629993280133
SRR10070150	53915	8	64.7689294043912
SRR10070151	53915	8	63.86201621834289
SRR10102392	53915	8	42.55768097864195
SRR10102393	53915	8	43.12207016066465
SRR10102394	53915	8	42.60606686994065
SRR10070130	53915	9	52.20136309791813
SRR10070131	53915	9	54.63139552831611
SRR10070133	53915	9	29.03435915444164
SRR10070134	53915	9	54.45762836889224
SRR10070149	53915	9	63.6629993280133
SRR10070150	53915	9	64.7689294043912
SRR10070151	53915	9	63.86201621834289
SRR10102392	53915	9	42.55768097864195
SRR10102393	53915	9	43.12207016066465
SRR10102394	53915	9	42.60606686994065
SRR10070130	53915	10	52.20136309791813
SRR10070131	53915	10	54.45366267370022
SRR10070133	53915	10	29.03435915444164
SRR10070134	53915	10	54.70679585917713
SRR10070149	53915	10	63.6629993280133
SRR10070150	53915	10	64.7689294043912
SRR10070151	53915	10	63.86201621834289
SRR10102392	53915	10	42.55768097864195
SRR10102393	53915	10	43.12207016066465
SRR10102394	53915	10	42.60606686994065
SRR10070130	54217	1	52.20136309791813
SRR10070131	54217	1	54.63139552831611
SRR10070133	54217	1	29.03435915444164
SRR10070134	54217	1	54.70679585917713
SRR10070149	54217	1	63.60594137364232
SRR10070150	54217	1	64.7689294043912
SRR10070151	54217	1	63.86201621834289
SRR10102392	54217	1	42.55768097864195
SRR10102393	54217	1	43.12207016066465
SRR10102394	54217	1	42.60606686994065
SRR10070130	54217	2	52.20136309791813
SRR10070131	54217	2	54.63139552831611
SRR10070133	54217	2	29.03435915444164
SRR10070134	54217	2	54.70679585917713
SRR10070149	54217	2	63.6629993280133
SRR10070150	54217	2	64.7689294043912
SRR10070151	54217	2	63.86201621834289
SRR10102392	54217	2	42.55768097864195
SRR10102393	54217	2	43.12207016066465
SRR10102394	54217	2	42.60606686994065
SRR10070130	54217	3	52.20136309791813
SRR10070131	54217	3	54.63139552831611
SRR10070133	54217	3	29.03435915444164
SRR10070134	54217	3	54.70679585917713
SRR10070149	54217	3	63.6629993280133
SRR10070150	54217	3	64.7689294043912
SRR10070151	54217	3	63.86201621834289
SRR10102392	54217	3	42.55768097864195
SRR10102393	54217	3	43.12207016066465
SRR10102394	54217	3	42.60606686994065
SRR10070130	54217	4	52.20136309791813
SRR10070131	54217	4	54.45366267370022
SRR10070133	54217	4	29.03435915444164
SRR10070134	54217	4	54.70679585917713
SRR10070149	54217	4	63.6629993280133
SRR10070150	54217	4	64.7689294043912
SRR10070151	54217	4	63.86201621834289
SRR10102392	54217	4	42.55768097864195
SRR10102393	54217	4	43.12207016066465
SRR10102394	54217	4	42.60606686994065
SRR10070130	54217	5	52.20136309791813
SRR10070131	54217	5	54.63139552831611
SRR10070133	54217	5	29.03435915444164
SRR10070134	54217	5	54.70679585917713
SRR10070149	54217	5	63.6629993280133
SRR10070150	54217	5	64.7689294043912
SRR10070151	54217	5	63.86201621834289
SRR10102392	54217	5	42.55768097864195
SRR10102393	54217	5	43.12207016066465
SRR10102394	54217	5	42.60606686994065
SRR10070130	54217	6	52.20136309791813
SRR10070131	54217	6	54.63139552831611
SRR10070133	54217	6	29.03435915444164
SRR10070134	54217	6	54.39595006315829
SRR10070149	54217	6	63.6629993280133
SRR10070150	54217	6	64.7689294043912
SRR10070151	54217	6	63.86201621834289
SRR10102392	54217	6	42.55768097864195
SRR10102393	54217	6	43.12207016066465
SRR10102394	54217	6	42.60606686994065
SRR10070130	54217	7	52.20136309791813
SRR10070131	54217	7	54.63139552831611
SRR10070133	54217	7	29.03435915444164
SRR10070134	54217	7	54.63929940902488
SRR10070149	54217	7	63.6629993280133
SRR10070150	54217	7	64.68738248264253
SRR10070151	54217	7	63.86201621834289
SRR10102392	54217	7	42.55768097864195
SRR10102393	54217	7	43.12207016066465
SRR10102394	54217	7	42.60606686994065
SRR10070130	54217	8	51.8883097349153
SRR10070131	54217	8	54.63139552831611
SRR10070133	54217	8	29.03435915444164
SRR10070134	54217	8	54.5697156125945
SRR10070149	54217	8	63.6629993280133
SRR10070150	54217	8	64.7689294043912
SRR10070151	54217	8	63.86201621834289
SRR10102392	54217	8	42.55768097864195
SRR10102393	54217	8	43.12207016066465
SRR10102394	54217	8	42.60606686994065
SRR10070130	54217	9	51.8883097349153
SRR10070131	54217	9	54.63139552831611
SRR10070133	54217	9	29.03435915444164
SRR10070134	54217	9	54.70679585917713
SRR10070149	54217	9	63.6629993280133
SRR10070150	54217	9	64.7689294043912
SRR10070151	54217	9	63.86201621834289
SRR10102392	54217	9	42.55768097864195
SRR10102393	54217	9	43.02925421446499
SRR10102394	54217	9	42.60606686994065
SRR10070130	54217	10	52.20136309791813
SRR10070131	54217	10	54.63139552831611
SRR10070133	54217	10	29.03435915444164
SRR10070134	54217	10	54.62888890356151
SRR10070149	54217	10	63.6629993280133
SRR10070150	54217	10	64.7689294043912
SRR10070151	54217	10	63.86201621834289
SRR10102392	54217	10	42.55768097864195
SRR10102393	54217	10	43.12207016066465
SRR10102394	54217	10	42.60606686994065
SRR10070130	54518	1	52.20136309791813
SRR10070131	54518	1	54.63139552831611
SRR10070133	54518	1	29.03435915444164
SRR10070134	54518	1	54.70679585917713
SRR10070149	54518	1	63.6629993280133
SRR10070150	54518	1	64.68738248264253
SRR10070151	54518	1	63.86201621834289
SRR10102392	54518	1	42.55768097864195
SRR10102393	54518	1	43.12207016066465
SRR10102394	54518	1	42.60606686994065
SRR10070130	54518	2	52.20136309791813
SRR10070131	54518	2	54.63139552831611
SRR10070133	54518	2	29.03435915444164
SRR10070134	54518	2	54.69497730551268
SRR10070149	54518	2	63.6629993280133
SRR10070150	54518	2	64.7689294043912
SRR10070151	54518	2	63.86201621834289
SRR10102392	54518	2	42.55768097864195
SRR10102393	54518	2	43.12207016066465
SRR10102394	54518	2	42.60606686994065
SRR10070130	54518	3	52.20136309791813
SRR10070131	54518	3	54.63139552831611
SRR10070133	54518	3	29.03435915444164
SRR10070134	54518	3	54.55466645493032
SRR10070149	54518	3	63.6629993280133
SRR10070150	54518	3	64.7689294043912
SRR10070151	54518	3	63.86201621834289
SRR10102392	54518	3	42.55768097864195
SRR10102393	54518	3	43.12207016066465
SRR10102394	54518	3	42.60606686994065
SRR10070130	54518	4	52.20136309791813
SRR10070131	54518	4	54.63139552831611
SRR10070133	54518	4	29.03435915444164
SRR10070134	54518	4	54.70679585917713
SRR10070149	54518	4	63.6629993280133
SRR10070150	54518	4	64.68738248264253
SRR10070151	54518	4	63.86201621834289
SRR10102392	54518	4	42.55768097864195
SRR10102393	54518	4	43.12207016066465
SRR10102394	54518	4	42.60606686994065
SRR10070130	54518	5	52.20136309791813
SRR10070131	54518	5	54.63139552831611
SRR10070133	54518	5	29.03435915444164
SRR10070134	54518	5	54.70679585917713
SRR10070149	54518	5	63.6629993280133
SRR10070150	54518	5	64.7689294043912
SRR10070151	54518	5	63.86201621834289
SRR10102392	54518	5	42.55768097864195
SRR10102393	54518	5	43.12207016066465
SRR10102394	54518	5	42.60606686994065
SRR10070130	54518	6	52.20136309791813
SRR10070131	54518	6	54.63139552831611
SRR10070133	54518	6	29.03435915444164
SRR10070134	54518	6	54.70679585917713
SRR10070149	54518	6	63.6629993280133
SRR10070150	54518	6	64.7689294043912
SRR10070151	54518	6	63.86201621834289
SRR10102392	54518	6	42.55768097864195
SRR10102393	54518	6	43.12207016066465
SRR10102394	54518	6	42.60606686994065
SRR10070130	54518	7	52.20136309791813
SRR10070131	54518	7	54.41121269005433
SRR10070133	54518	7	29.03435915444164
SRR10070134	54518	7	54.68199306881036
SRR10070149	54518	7	63.6629993280133
SRR10070150	54518	7	64.7689294043912
SRR10070151	54518	7	63.86201621834289
SRR10102392	54518	7	42.55768097864195
SRR10102393	54518	7	43.12207016066465
SRR10102394	54518	7	42.60606686994065
SRR10070130	54518	8	52.20136309791813
SRR10070131	54518	8	54.63139552831611
SRR10070133	54518	8	29.03435915444164
SRR10070134	54518	8	54.70679585917713
SRR10070149	54518	8	63.6629993280133
SRR10070150	54518	8	64.7689294043912
SRR10070151	54518	8	63.86201621834289
SRR10102392	54518	8	42.55768097864195
SRR10102393	54518	8	43.12207016066465
SRR10102394	54518	8	42.60606686994065
SRR10070130	54518	9	52.20136309791813
SRR10070131	54518	9	54.55420818633482
SRR10070133	54518	9	29.03435915444164
SRR10070134	54518	9	54.70679585917713
SRR10070149	54518	9	63.6629993280133
SRR10070150	54518	9	64.7689294043912
SRR10070151	54518	9	63.86201621834289
SRR10102392	54518	9	42.55768097864195
SRR10102393	54518	9	43.12207016066465
SRR10102394	54518	9	42.60606686994065
SRR10070130	54518	10	52.20136309791813
SRR10070131	54518	10	54.63139552831611
SRR10070133	54518	10	29.03435915444164
SRR10070134	54518	10	54.67095322257699
SRR10070149	54518	10	63.6629993280133
SRR10070150	54518	10	64.7689294043912
SRR10070151	54518	10	63.86201621834289
SRR10102392	54518	10	42.55768097864195
SRR10102393	54518	10	43.12207016066465
SRR10102394	54518	10	42.60606686994065
SRR10070130	54819	1	52.20136309791813
SRR10070131	54819	1	54.63139552831611
SRR10070133	54819	1	29.03435915444164
SRR10070134	54819	1	54.70679585917713
SRR10070149	54819	1	63.6629993280133
SRR10070150	54819	1	64.7689294043912
SRR10070151	54819	1	63.86201621834289
SRR10102392	54819	1	42.55768097864195
SRR10102393	54819	1	43.12207016066465
SRR10102394	54819	1	42.60606686994065
SRR10070130	54819	2	52.20136309791813
SRR10070131	54819	2	54.63139552831611
SRR10070133	54819	2	29.03435915444164
SRR10070134	54819	2	54.70679585917713
SRR10070149	54819	2	63.6629993280133
SRR10070150	54819	2	64.7689294043912
SRR10070151	54819	2	63.86201621834289
SRR10102392	54819	2	42.55768097864195
SRR10102393	54819	2	43.12207016066465
SRR10102394	54819	2	42.60606686994065
SRR10070130	54819	3	52.20136309791813
SRR10070131	54819	3	54.63139552831611
SRR10070133	54819	3	29.03435915444164
SRR10070134	54819	3	54.66685571431042
SRR10070149	54819	3	63.6629993280133
SRR10070150	54819	3	64.7689294043912
SRR10070151	54819	3	63.86201621834289
SRR10102392	54819	3	42.55768097864195
SRR10102393	54819	3	43.12207016066465
SRR10102394	54819	3	42.60606686994065
SRR10070130	54819	4	52.20136309791813
SRR10070131	54819	4	54.63139552831611
SRR10070133	54819	4	29.03435915444164
SRR10070134	54819	4	54.70679585917713
SRR10070149	54819	4	63.6629993280133
SRR10070150	54819	4	64.7689294043912
SRR10070151	54819	4	63.86201621834289
SRR10102392	54819	4	42.55768097864195
SRR10102393	54819	4	43.12207016066465
SRR10102394	54819	4	42.60606686994065
SRR10070130	54819	5	52.20136309791813
SRR10070131	54819	5	54.63139552831611
SRR10070133	54819	5	29.03435915444164
SRR10070134	54819	5	54.70679585917713
SRR10070149	54819	5	63.6629993280133
SRR10070150	54819	5	64.7689294043912
SRR10070151	54819	5	63.86201621834289
SRR10102392	54819	5	42.55768097864195
SRR10102393	54819	5	43.12207016066465
SRR10102394	54819	5	42.60606686994065
SRR10070130	54819	6	52.20136309791813
SRR10070131	54819	6	54.63139552831611
SRR10070133	54819	6	29.03435915444164
SRR10070134	54819	6	54.70679585917713
SRR10070149	54819	6	63.6629993280133
SRR10070150	54819	6	64.7689294043912
SRR10070151	54819	6	63.86201621834289
SRR10102392	54819	6	42.55768097864195
SRR10102393	54819	6	43.12207016066465
SRR10102394	54819	6	42.60606686994065
SRR10070130	54819	7	52.20136309791813
SRR10070131	54819	7	54.55882999788931
SRR10070133	54819	7	28.96885385962561
SRR10070134	54819	7	54.70679585917713
SRR10070149	54819	7	63.6629993280133
SRR10070150	54819	7	64.7689294043912
SRR10070151	54819	7	63.86201621834289
SRR10102392	54819	7	42.55768097864195
SRR10102393	54819	7	43.12207016066465
SRR10102394	54819	7	42.60606686994065
SRR10070130	54819	8	52.20136309791813
SRR10070131	54819	8	54.63139552831611
SRR10070133	54819	8	29.03435915444164
SRR10070134	54819	8	54.70679585917713
SRR10070149	54819	8	63.6629993280133
SRR10070150	54819	8	64.7689294043912
SRR10070151	54819	8	63.86201621834289
SRR10102392	54819	8	42.55768097864195
SRR10102393	54819	8	43.12207016066465
SRR10102394	54819	8	42.60606686994065
SRR10070130	54819	9	52.20136309791813
SRR10070131	54819	9	54.56034988525406
SRR10070133	54819	9	29.03435915444164
SRR10070134	54819	9	54.70679585917713
SRR10070149	54819	9	63.6629993280133
SRR10070150	54819	9	64.68738248264253
SRR10070151	54819	9	63.86201621834289
SRR10102392	54819	9	42.55768097864195
SRR10102393	54819	9	43.12207016066465
SRR10102394	54819	9	42.60606686994065
SRR10070130	54819	10	52.20136309791813
SRR10070131	54819	10	54.49344256101379
SRR10070133	54819	10	29.03435915444164
SRR10070134	54819	10	54.37143093355563
SRR10070149	54819	10	63.6629993280133
SRR10070150	54819	10	64.7689294043912
SRR10070151	54819	10	63.86201621834289
SRR10102392	54819	10	42.55768097864195
SRR10102393	54819	10	43.02925421446499
SRR10102394	54819	10	42.60606686994065
SRR10070130	55120	1	52.20136309791813
SRR10070131	55120	1	54.63139552831611
SRR10070133	55120	1	29.03435915444164
SRR10070134	55120	1	54.70679585917713
SRR10070149	55120	1	63.6629993280133
SRR10070150	55120	1	64.7689294043912
SRR10070151	55120	1	63.86201621834289
SRR10102392	55120	1	42.55768097864195
SRR10102393	55120	1	43.12207016066465
SRR10102394	55120	1	42.60606686994065
SRR10070130	55120	2	52.20136309791813
SRR10070131	55120	2	54.63139552831611
SRR10070133	55120	2	29.03435915444164
SRR10070134	55120	2	54.45762836889224
SRR10070149	55120	2	63.6629993280133
SRR10070150	55120	2	64.7689294043912
SRR10070151	55120	2	63.86201621834289
SRR10102392	55120	2	42.55768097864195
SRR10102393	55120	2	43.09135816150162
SRR10102394	55120	2	42.60606686994065
SRR10070130	55120	3	52.20136309791813
SRR10070131	55120	3	54.63139552831611
SRR10070133	55120	3	29.03435915444164
SRR10070134	55120	3	54.66685571431042
SRR10070149	55120	3	63.6629993280133
SRR10070150	55120	3	64.7689294043912
SRR10070151	55120	3	63.86201621834289
SRR10102392	55120	3	42.55768097864195
SRR10102393	55120	3	43.12207016066465
SRR10102394	55120	3	42.60606686994065
SRR10070130	55120	4	51.8883097349153
SRR10070131	55120	4	54.63139552831611
SRR10070133	55120	4	29.03435915444164
SRR10070134	55120	4	54.58475578724038
SRR10070149	55120	4	63.6629993280133
SRR10070150	55120	4	64.68738248264253
SRR10070151	55120	4	63.86201621834289
SRR10102392	55120	4	42.55768097864195
SRR10102393	55120	4	43.12207016066465
SRR10102394	55120	4	42.60606686994065
SRR10070130	55120	5	52.20136309791813
SRR10070131	55120	5	54.63139552831611
SRR10070133	55120	5	29.03435915444164
SRR10070134	55120	5	54.62059842384052
SRR10070149	55120	5	63.6629993280133
SRR10070150	55120	5	64.7689294043912
SRR10070151	55120	5	63.86201621834289
SRR10102392	55120	5	42.55768097864195
SRR10102393	55120	5	43.12207016066465
SRR10102394	55120	5	42.60606686994065
SRR10070130	55120	6	52.20136309791813
SRR10070131	55120	6	54.63139552831611
SRR10070133	55120	6	29.03435915444164
SRR10070134	55120	6	54.54235953747155
SRR10070149	55120	6	63.6629993280133
SRR10070150	55120	6	64.55886357761756
SRR10070151	55120	6	63.86201621834289
SRR10102392	55120	6	42.44953310848065
SRR10102393	55120	6	43.12207016066465
SRR10102394	55120	6	42.60606686994065
SRR10070130	55120	7	52.20136309791813
SRR10070131	55120	7	54.63139552831611
SRR10070133	55120	7	29.03435915444164
SRR10070134	55120	7	54.70679585917713
SRR10070149	55120	7	63.6629993280133
SRR10070150	55120	7	64.59281345940963
SRR10070151	55120	7	63.86201621834289
SRR10102392	55120	7	42.55768097864195
SRR10102393	55120	7	43.12207016066465
SRR10102394	55120	7	42.60606686994065
SRR10070130	55120	8	52.20136309791813
SRR10070131	55120	8	54.63139552831611
SRR10070133	55120	8	29.03435915444164
SRR10070134	55120	8	54.5480794674051
SRR10070149	55120	8	63.6629993280133
SRR10070150	55120	8	64.7689294043912
SRR10070151	55120	8	63.86201621834289
SRR10102392	55120	8	42.55768097864195
SRR10102393	55120	8	43.10567807473059
SRR10102394	55120	8	42.60606686994065
SRR10070130	55120	9	51.8883097349153
SRR10070131	55120	9	54.63139552831611
SRR10070133	55120	9	29.03435915444164
SRR10070134	55120	9	54.70679585917713
SRR10070149	55120	9	63.6629993280133
SRR10070150	55120	9	64.7689294043912
SRR10070151	55120	9	63.86201621834289
SRR10102392	55120	9	42.55768097864195
SRR10102393	55120	9	43.12207016066465
SRR10102394	55120	9	42.60606686994065
SRR10070130	55120	10	52.20136309791813
SRR10070131	55120	10	54.63139552831611
SRR10070133	55120	10	29.03435915444164
SRR10070134	55120	10	54.48717000477807
SRR10070149	55120	10	63.6629993280133
SRR10070150	55120	10	64.7689294043912
SRR10070151	55120	10	63.86201621834289
SRR10102392	55120	10	42.55768097864195
SRR10102393	55120	10	43.12207016066465
SRR10102394	55120	10	42.60606686994065
SRR10070130	55421	1	52.20136309791813
SRR10070131	55421	1	54.63139552831611
SRR10070133	55421	1	29.03435915444164
SRR10070134	55421	1	54.70679585917713
SRR10070149	55421	1	63.6629993280133
SRR10070150	55421	1	64.7689294043912
SRR10070151	55421	1	63.86201621834289
SRR10102392	55421	1	42.55768097864195
SRR10102393	55421	1	43.12207016066465
SRR10102394	55421	1	42.60606686994065
SRR10070130	55421	2	52.20136309791813
SRR10070131	55421	2	54.63139552831611
SRR10070133	55421	2	29.03435915444164
SRR10070134	55421	2	54.55466645493032
SRR10070149	55421	2	63.6629993280133
SRR10070150	55421	2	64.7689294043912
SRR10070151	55421	2	63.86201621834289
SRR10102392	55421	2	42.55768097864195
SRR10102393	55421	2	43.12207016066465
SRR10102394	55421	2	42.60606686994065
SRR10070130	55421	3	52.20136309791813
SRR10070131	55421	3	54.63139552831611
SRR10070133	55421	3	29.03435915444164
SRR10070134	55421	3	54.32054812230961
SRR10070149	55421	3	63.6629993280133
SRR10070150	55421	3	64.7689294043912
SRR10070151	55421	3	63.86201621834289
SRR10102392	55421	3	42.55768097864195
SRR10102393	55421	3	43.12207016066465
SRR10102394	55421	3	42.60606686994065
SRR10070130	55421	4	52.20136309791813
SRR10070131	55421	4	54.63139552831611
SRR10070133	55421	4	28.95637070495753
SRR10070134	55421	4	54.70679585917713
SRR10070149	55421	4	63.6629993280133
SRR10070150	55421	4	64.7689294043912
SRR10070151	55421	4	63.86201621834289
SRR10102392	55421	4	42.55768097864195
SRR10102393	55421	4	43.12207016066465
SRR10102394	55421	4	42.60606686994065
SRR10070130	55421	5	52.20136309791813
SRR10070131	55421	5	54.63139552831611
SRR10070133	55421	5	29.03435915444164
SRR10070134	55421	5	54.70679585917713
SRR10070149	55421	5	63.6629993280133
SRR10070150	55421	5	64.7689294043912
SRR10070151	55421	5	63.86201621834289
SRR10102392	55421	5	42.55768097864195
SRR10102393	55421	5	43.12207016066465
SRR10102394	55421	5	42.60606686994065
SRR10070130	55421	6	52.20136309791813
SRR10070131	55421	6	54.63139552831611
SRR10070133	55421	6	29.03435915444164
SRR10070134	55421	6	54.57886837704898
SRR10070149	55421	6	63.6629993280133
SRR10070150	55421	6	64.7689294043912
SRR10070151	55421	6	63.86201621834289
SRR10102392	55421	6	42.50062302427098
SRR10102393	55421	6	43.12207016066465
SRR10102394	55421	6	42.60606686994065
SRR10070130	55421	7	52.20136309791813
SRR10070131	55421	7	54.63139552831611
SRR10070133	55421	7	29.03435915444164
SRR10070134	55421	7	54.49346502127917
SRR10070149	55421	7	63.6629993280133
SRR10070150	55421	7	64.7689294043912
SRR10070151	55421	7	63.86201621834289
SRR10102392	55421	7	42.55768097864195
SRR10102393	55421	7	43.02925421446499
SRR10102394	55421	7	42.60606686994065
SRR10070130	55421	8	52.20136309791813
SRR10070131	55421	8	54.63139552831611
SRR10070133	55421	8	29.03435915444164
SRR10070134	55421	8	54.14106264293985
SRR10070149	55421	8	63.6629993280133
SRR10070150	55421	8	64.7689294043912
SRR10070151	55421	8	63.86201621834289
SRR10102392	55421	8	42.55768097864195
SRR10102393	55421	8	43.12207016066465
SRR10102394	55421	8	42.60606686994065
SRR10070130	55421	9	52.20136309791813
SRR10070131	55421	9	54.63139552831611
SRR10070133	55421	9	28.94341954697041
SRR10070134	55421	9	54.5697156125945
SRR10070149	55421	9	63.6629993280133
SRR10070150	55421	9	64.7689294043912
SRR10070151	55421	9	63.86201621834289
SRR10102392	55421	9	42.55768097864195
SRR10102393	55421	9	43.12207016066465
SRR10102394	55421	9	42.60606686994065
SRR10070130	55421	10	52.20136309791813
SRR10070131	55421	10	54.63139552831611
SRR10070133	55421	10	29.03435915444164
SRR10070134	55421	10	54.45762836889224
SRR10070149	55421	10	63.6629993280133
SRR10070150	55421	10	64.7689294043912
SRR10070151	55421	10	63.86201621834289
SRR10102392	55421	10	42.55768097864195
SRR10102393	55421	10	43.12207016066465
SRR10102394	55421	10	42.60606686994065
SRR10070130	55723	1	52.20136309791813
SRR10070131	55723	1	54.63139552831611
SRR10070133	55723	1	29.03435915444164
SRR10070134	55723	1	54.70679585917713
SRR10070149	55723	1	63.6629993280133
SRR10070150	55723	1	64.7689294043912
SRR10070151	55723	1	63.86201621834289
SRR10102392	55723	1	42.55768097864195
SRR10102393	55723	1	43.12207016066465
SRR10102394	55723	1	42.60606686994065
SRR10070130	55723	2	52.20136309791813
SRR10070131	55723	2	54.63139552831611
SRR10070133	55723	2	29.03435915444164
SRR10070134	55723	2	54.70679585917713
SRR10070149	55723	2	63.6629993280133
SRR10070150	55723	2	64.7689294043912
SRR10070151	55723	2	63.86201621834289
SRR10102392	55723	2	42.55768097864195
SRR10102393	55723	2	43.12207016066465
SRR10102394	55723	2	42.60606686994065
SRR10070130	55723	3	52.20136309791813
SRR10070131	55723	3	54.63139552831611
SRR10070133	55723	3	29.03435915444164
SRR10070134	55723	3	54.70679585917713
SRR10070149	55723	3	63.6629993280133
SRR10070150	55723	3	64.70964099904359
SRR10070151	55723	3	63.86201621834289
SRR10102392	55723	3	42.55768097864195
SRR10102393	55723	3	43.12207016066465
SRR10102394	55723	3	42.60606686994065
SRR10070130	55723	4	52.20136309791813
SRR10070131	55723	4	54.63139552831611
SRR10070133	55723	4	29.03435915444164
SRR10070134	55723	4	54.70679585917713
SRR10070149	55723	4	63.6629993280133
SRR10070150	55723	4	64.7689294043912
SRR10070151	55723	4	63.86201621834289
SRR10102392	55723	4	42.55768097864195
SRR10102393	55723	4	43.12207016066465
SRR10102394	55723	4	42.60606686994065
SRR10070130	55723	5	52.20136309791813
SRR10070131	55723	5	54.63139552831611
SRR10070133	55723	5	29.03435915444164
SRR10070134	55723	5	54.70679585917713
SRR10070149	55723	5	63.6629993280133
SRR10070150	55723	5	64.7689294043912
SRR10070151	55723	5	63.86201621834289
SRR10102392	55723	5	42.55768097864195
SRR10102393	55723	5	43.12207016066465
SRR10102394	55723	5	42.60606686994065
SRR10070130	55723	6	52.20136309791813
SRR10070131	55723	6	54.63139552831611
SRR10070133	55723	6	29.03435915444164
SRR10070134	55723	6	54.70679585917713
SRR10070149	55723	6	63.6629993280133
SRR10070150	55723	6	64.7689294043912
SRR10070151	55723	6	63.86201621834289
SRR10102392	55723	6	42.55768097864195
SRR10102393	55723	6	43.12207016066465
SRR10102394	55723	6	42.60606686994065
SRR10070130	55723	7	52.20136309791813
SRR10070131	55723	7	54.63139552831611
SRR10070133	55723	7	29.03435915444164
SRR10070134	55723	7	54.54458600117818
SRR10070149	55723	7	63.6629993280133
SRR10070150	55723	7	64.55886357761756
SRR10070151	55723	7	63.86201621834289
SRR10102392	55723	7	42.55768097864195
SRR10102393	55723	7	43.12207016066465
SRR10102394	55723	7	42.60606686994065
SRR10070130	55723	8	52.20136309791813
SRR10070131	55723	8	54.31570970639789
SRR10070133	55723	8	29.03435915444164
SRR10070134	55723	8	54.5697156125945
SRR10070149	55723	8	63.6629993280133
SRR10070150	55723	8	64.7689294043912
SRR10070151	55723	8	63.86201621834289
SRR10102392	55723	8	42.55768097864195
SRR10102393	55723	8	43.12207016066465
SRR10102394	55723	8	42.60606686994065
SRR10070130	55723	9	52.20136309791813
SRR10070131	55723	9	54.63139552831611
SRR10070133	55723	9	29.03435915444164
SRR10070134	55723	9	54.70679585917713
SRR10070149	55723	9	63.6629993280133
SRR10070150	55723	9	64.7689294043912
SRR10070151	55723	9	63.86201621834289
SRR10102392	55723	9	42.55768097864195
SRR10102393	55723	9	43.12207016066465
SRR10102394	55723	9	42.60606686994065
SRR10070130	55723	10	52.20136309791813
SRR10070131	55723	10	54.63139552831611
SRR10070133	55723	10	29.03435915444164
SRR10070134	55723	10	54.70679585917713
SRR10070149	55723	10	63.57688702494192
SRR10070150	55723	10	64.7689294043912
SRR10070151	55723	10	63.86201621834289
SRR10102392	55723	10	42.55768097864195
SRR10102393	55723	10	43.12207016066465
SRR10102394	55723	10	42.60606686994065
SRR10070130	56024	1	52.20136309791813
SRR10070131	56024	1	54.63139552831611
SRR10070133	56024	1	29.03435915444164
SRR10070134	56024	1	54.70679585917713
SRR10070149	56024	1	63.6629993280133
SRR10070150	56024	1	64.7689294043912
SRR10070151	56024	1	63.86201621834289
SRR10102392	56024	1	42.55768097864195
SRR10102393	56024	1	43.12207016066465
SRR10102394	56024	1	42.60606686994065
SRR10070130	56024	2	52.20136309791813
SRR10070131	56024	2	54.63139552831611
SRR10070133	56024	2	29.03435915444164
SRR10070134	56024	2	54.62059842384052
SRR10070149	56024	2	63.6629993280133
SRR10070150	56024	2	64.7689294043912
SRR10070151	56024	2	63.86201621834289
SRR10102392	56024	2	42.55768097864195
SRR10102393	56024	2	43.12207016066465
SRR10102394	56024	2	42.60606686994065
SRR10070130	56024	3	52.20136309791813
SRR10070131	56024	3	54.63139552831611
SRR10070133	56024	3	29.03435915444164
SRR10070134	56024	3	54.70679585917713
SRR10070149	56024	3	63.6629993280133
SRR10070150	56024	3	64.7689294043912
SRR10070151	56024	3	63.78106220308792
SRR10102392	56024	3	42.55768097864195
SRR10102393	56024	3	43.12207016066465
SRR10102394	56024	3	42.60606686994065
SRR10070130	56024	4	52.20136309791813
SRR10070131	56024	4	54.63139552831611
SRR10070133	56024	4	29.03435915444164
SRR10070134	56024	4	54.70679585917713
SRR10070149	56024	4	63.6629993280133
SRR10070150	56024	4	64.7689294043912
SRR10070151	56024	4	63.86201621834289
SRR10102392	56024	4	42.55768097864195
SRR10102393	56024	4	43.02925421446499
SRR10102394	56024	4	42.60606686994065
SRR10070130	56024	5	52.20136309791813
SRR10070131	56024	5	54.63139552831611
SRR10070133	56024	5	29.03435915444164
SRR10070134	56024	5	54.55466645493032
SRR10070149	56024	5	63.6629993280133
SRR10070150	56024	5	64.7689294043912
SRR10070151	56024	5	63.86201621834289
SRR10102392	56024	5	42.55768097864195
SRR10102393	56024	5	43.12207016066465
SRR10102394	56024	5	42.60606686994065
SRR10070130	56024	6	52.20136309791813
SRR10070131	56024	6	54.63139552831611
SRR10070133	56024	6	29.03435915444164
SRR10070134	56024	6	54.29891197712021
SRR10070149	56024	6	63.6629993280133
SRR10070150	56024	6	64.7689294043912
SRR10070151	56024	6	63.86201621834289
SRR10102392	56024	6	42.55768097864195
SRR10102393	56024	6	43.12207016066465
SRR10102394	56024	6	41.46854474618667
SRR10070130	56024	7	52.20136309791813
SRR10070131	56024	7	54.63139552831611
SRR10070133	56024	7	29.03435915444164
SRR10070134	56024	7	54.39023013322474
SRR10070149	56024	7	63.6629993280133
SRR10070150	56024	7	64.7689294043912
SRR10070151	56024	7	63.86201621834289
SRR10102392	56024	7	42.55768097864195
SRR10102393	56024	7	43.12207016066465
SRR10102394	56024	7	42.60606686994065
SRR10070130	56024	8	52.20136309791813
SRR10070131	56024	8	54.63139552831611
SRR10070133	56024	8	29.03435915444164
SRR10070134	56024	8	54.70679585917713
SRR10070149	56024	8	63.6629993280133
SRR10070150	56024	8	64.7689294043912
SRR10070151	56024	8	63.86201621834289
SRR10102392	56024	8	42.55768097864195
SRR10102393	56024	8	43.12207016066465
SRR10102394	56024	8	42.60606686994065
SRR10070130	56024	9	52.20136309791813
SRR10070131	56024	9	54.63139552831611
SRR10070133	56024	9	29.03435915444164
SRR10070134	56024	9	54.54627759757312
SRR10070149	56024	9	63.6629993280133
SRR10070150	56024	9	64.7689294043912
SRR10070151	56024	9	63.86201621834289
SRR10102392	56024	9	42.55768097864195
SRR10102393	56024	9	43.12207016066465
SRR10102394	56024	9	42.60606686994065
SRR10070130	56024	10	52.20136309791813
SRR10070131	56024	10	54.49344256101379
SRR10070133	56024	10	29.03435915444164
SRR10070134	56024	10	54.70679585917713
SRR10070149	56024	10	63.6629993280133
SRR10070150	56024	10	64.59281345940963
SRR10070151	56024	10	63.86201621834289
SRR10102392	56024	10	42.55768097864195
SRR10102393	56024	10	43.12207016066465
SRR10102394	56024	10	42.60606686994065
SRR10070130	56325	1	52.20136309791813
SRR10070131	56325	1	54.63139552831611
SRR10070133	56325	1	29.03435915444164
SRR10070134	56325	1	54.45762836889224
SRR10070149	56325	1	63.6629993280133
SRR10070150	56325	1	64.7689294043912
SRR10070151	56325	1	63.86201621834289
SRR10102392	56325	1	42.55768097864195
SRR10102393	56325	1	43.12207016066465
SRR10102394	56325	1	42.60606686994065
SRR10070130	56325	2	52.20136309791813
SRR10070131	56325	2	54.63139552831611
SRR10070133	56325	2	29.03435915444164
SRR10070134	56325	2	54.70679585917713
SRR10070149	56325	2	63.6629993280133
SRR10070150	56325	2	64.7689294043912
SRR10070151	56325	2	63.86201621834289
SRR10102392	56325	2	42.55768097864195
SRR10102393	56325	2	43.12207016066465
SRR10102394	56325	2	42.60606686994065
SRR10070130	56325	3	52.20136309791813
SRR10070131	56325	3	54.63139552831611
SRR10070133	56325	3	29.03435915444164
SRR10070134	56325	3	54.5697156125945
SRR10070149	56325	3	63.6629993280133
SRR10070150	56325	3	64.7689294043912
SRR10070151	56325	3	63.86201621834289
SRR10102392	56325	3	42.55768097864195
SRR10102393	56325	3	43.12207016066465
SRR10102394	56325	3	42.60606686994065
SRR10070130	56325	4	52.20136309791813
SRR10070131	56325	4	54.63139552831611
SRR10070133	56325	4	29.03435915444164
SRR10070134	56325	4	54.70679585917713
SRR10070149	56325	4	63.6629993280133
SRR10070150	56325	4	64.7689294043912
SRR10070151	56325	4	63.86201621834289
SRR10102392	56325	4	42.55768097864195
SRR10102393	56325	4	43.12207016066465
SRR10102394	56325	4	42.60606686994065
SRR10070130	56325	5	52.20136309791813
SRR10070131	56325	5	54.63139552831611
SRR10070133	56325	5	29.03435915444164
SRR10070134	56325	5	54.70679585917713
SRR10070149	56325	5	63.6629993280133
SRR10070150	56325	5	64.7689294043912
SRR10070151	56325	5	63.86201621834289
SRR10102392	56325	5	42.55768097864195
SRR10102393	56325	5	43.12207016066465
SRR10102394	56325	5	42.60606686994065
SRR10070130	56325	6	52.20136309791813
SRR10070131	56325	6	54.63139552831611
SRR10070133	56325	6	29.03435915444164
SRR10070134	56325	6	54.70679585917713
SRR10070149	56325	6	63.6629993280133
SRR10070150	56325	6	64.68738248264253
SRR10070151	56325	6	63.86201621834289
SRR10102392	56325	6	42.55768097864195
SRR10102393	56325	6	43.12207016066465
SRR10102394	56325	6	42.60606686994065
SRR10070130	56325	7	52.20136309791813
SRR10070131	56325	7	54.63139552831611
SRR10070133	56325	7	29.03435915444164
SRR10070134	56325	7	54.5697156125945
SRR10070149	56325	7	63.6629993280133
SRR10070150	56325	7	64.7689294043912
SRR10070151	56325	7	63.86201621834289
SRR10102392	56325	7	42.55768097864195
SRR10102393	56325	7	43.12207016066465
SRR10102394	56325	7	42.60606686994065
SRR10070130	56325	8	52.20136309791813
SRR10070131	56325	8	54.63139552831611
SRR10070133	56325	8	29.03435915444164
SRR10070134	56325	8	54.54235953747155
SRR10070149	56325	8	63.6629993280133
SRR10070150	56325	8	64.7689294043912
SRR10070151	56325	8	63.86201621834289
SRR10102392	56325	8	42.55768097864195
SRR10102393	56325	8	43.12207016066465
SRR10102394	56325	8	42.60606686994065
SRR10070130	56325	9	52.20136309791813
SRR10070131	56325	9	54.63139552831611
SRR10070133	56325	9	29.03435915444164
SRR10070134	56325	9	54.54235953747155
SRR10070149	56325	9	63.6629993280133
SRR10070150	56325	9	64.7689294043912
SRR10070151	56325	9	63.86201621834289
SRR10102392	56325	9	42.55768097864195
SRR10102393	56325	9	43.12207016066465
SRR10102394	56325	9	42.60606686994065
SRR10070130	56325	10	52.09717526849816
SRR10070131	56325	10	54.45366267370022
SRR10070133	56325	10	29.03435915444164
SRR10070134	56325	10	54.70679585917713
SRR10070149	56325	10	63.6629993280133
SRR10070150	56325	10	64.7689294043912
SRR10070151	56325	10	63.86201621834289
SRR10102392	56325	10	42.55768097864195
SRR10102393	56325	10	43.12207016066465
SRR10102394	56325	10	42.60606686994065
SRR10070130	56626	1	52.20136309791813
SRR10070131	56626	1	54.63139552831611
SRR10070133	56626	1	29.03435915444164
SRR10070134	56626	1	54.37143093355563
SRR10070149	56626	1	63.6629993280133
SRR10070150	56626	1	64.7689294043912
SRR10070151	56626	1	63.86201621834289
SRR10102392	56626	1	42.55768097864195
SRR10102393	56626	1	43.12207016066465
SRR10102394	56626	1	42.60606686994065
SRR10070130	56626	2	52.20136309791813
SRR10070131	56626	2	54.63139552831611
SRR10070133	56626	2	29.03435915444164
SRR10070134	56626	2	54.70679585917713
SRR10070149	56626	2	63.6629993280133
SRR10070150	56626	2	64.7689294043912
SRR10070151	56626	2	63.86201621834289
SRR10102392	56626	2	42.55768097864195
SRR10102393	56626	2	43.12207016066465
SRR10102394	56626	2	42.60606686994065
SRR10070130	56626	3	52.20136309791813
SRR10070131	56626	3	54.63139552831611
SRR10070133	56626	3	29.03435915444164
SRR10070134	56626	3	54.70679585917713
SRR10070149	56626	3	63.6629993280133
SRR10070150	56626	3	64.7689294043912
SRR10070151	56626	3	63.86201621834289
SRR10102392	56626	3	42.55768097864195
SRR10102393	56626	3	43.12207016066465
SRR10102394	56626	3	42.60606686994065
SRR10070130	56626	4	52.20136309791813
SRR10070131	56626	4	54.63139552831611
SRR10070133	56626	4	29.03435915444164
SRR10070134	56626	4	54.57886837704898
SRR10070149	56626	4	63.6629993280133
SRR10070150	56626	4	64.7689294043912
SRR10070151	56626	4	63.86201621834289
SRR10102392	56626	4	42.55768097864195
SRR10102393	56626	4	43.12207016066465
SRR10102394	56626	4	42.60606686994065
SRR10070130	56626	5	52.20136309791813
SRR10070131	56626	5	54.41121269005433
SRR10070133	56626	5	29.03435915444164
SRR10070134	56626	5	54.70679585917713
SRR10070149	56626	5	63.6629993280133
SRR10070150	56626	5	64.7689294043912
SRR10070151	56626	5	63.86201621834289
SRR10102392	56626	5	42.55768097864195
SRR10102393	56626	5	43.12207016066465
SRR10102394	56626	5	42.60606686994065
SRR10070130	56626	6	52.20136309791813
SRR10070131	56626	6	54.63139552831611
SRR10070133	56626	6	29.03435915444164
SRR10070134	56626	6	54.5697156125945
SRR10070149	56626	6	63.6629993280133
SRR10070150	56626	6	64.7689294043912
SRR10070151	56626	6	63.86201621834289
SRR10102392	56626	6	42.55768097864195
SRR10102393	56626	6	43.10567807473059
SRR10102394	56626	6	42.60606686994065
SRR10070130	56626	7	52.20136309791813
SRR10070131	56626	7	54.63139552831611
SRR10070133	56626	7	29.03435915444164
SRR10070134	56626	7	54.70679585917713
SRR10070149	56626	7	63.6629993280133
SRR10070150	56626	7	64.7689294043912
SRR10070151	56626	7	63.86201621834289
SRR10102392	56626	7	42.55768097864195
SRR10102393	56626	7	43.12207016066465
SRR10102394	56626	7	42.60606686994065
SRR10070130	56626	8	52.20136309791813
SRR10070131	56626	8	54.63139552831611
SRR10070133	56626	8	29.03435915444164
SRR10070134	56626	8	54.70679585917713
SRR10070149	56626	8	63.6629993280133
SRR10070150	56626	8	64.7689294043912
SRR10070151	56626	8	63.86201621834289
SRR10102392	56626	8	42.55768097864195
SRR10102393	56626	8	43.12207016066465
SRR10102394	56626	8	42.60606686994065
SRR10070130	56626	9	52.20136309791813
SRR10070131	56626	9	54.55420818633482
SRR10070133	56626	9	29.03435915444164
SRR10070134	56626	9	54.70679585917713
SRR10070149	56626	9	63.6629993280133
SRR10070150	56626	9	64.7689294043912
SRR10070151	56626	9	63.86201621834289
SRR10102392	56626	9	42.55768097864195
SRR10102393	56626	9	43.12207016066465
SRR10102394	56626	9	42.60606686994065
SRR10070130	56626	10	52.20136309791813
SRR10070131	56626	10	54.63139552831611
SRR10070133	56626	10	29.03435915444164
SRR10070134	56626	10	54.70679585917713
SRR10070149	56626	10	63.6629993280133
SRR10070150	56626	10	64.7689294043912
SRR10070151	56626	10	63.86201621834289
SRR10102392	56626	10	42.55768097864195
SRR10102393	56626	10	43.12207016066465
SRR10102394	56626	10	42.60606686994065
SRR10070130	56927	1	52.20136309791813
SRR10070131	56927	1	54.63139552831611
SRR10070133	56927	1	29.03435915444164
SRR10070134	56927	1	54.70679585917713
SRR10070149	56927	1	63.6629993280133
SRR10070150	56927	1	64.7689294043912
SRR10070151	56927	1	63.86201621834289
SRR10102392	56927	1	42.55768097864195
SRR10102393	56927	1	43.12207016066465
SRR10102394	56927	1	42.60606686994065
SRR10070130	56927	2	52.20136309791813
SRR10070131	56927	2	54.63139552831611
SRR10070133	56927	2	29.03435915444164
SRR10070134	56927	2	54.37143093355563
SRR10070149	56927	2	63.6629993280133
SRR10070150	56927	2	64.7689294043912
SRR10070151	56927	2	63.86201621834289
SRR10102392	56927	2	42.55768097864195
SRR10102393	56927	2	43.12207016066465
SRR10102394	56927	2	42.60606686994065
SRR10070130	56927	3	52.20136309791813
SRR10070131	56927	3	54.63139552831611
SRR10070133	56927	3	29.03435915444164
SRR10070134	56927	3	54.54235953747155
SRR10070149	56927	3	63.6629993280133
SRR10070150	56927	3	64.7689294043912
SRR10070151	56927	3	63.86201621834289
SRR10102392	56927	3	42.55768097864195
SRR10102393	56927	3	43.12207016066465
SRR10102394	56927	3	42.60606686994065
SRR10070130	56927	4	52.20136309791813
SRR10070131	56927	4	54.63139552831611
SRR10070133	56927	4	29.03435915444164
SRR10070134	56927	4	54.70679585917713
SRR10070149	56927	4	63.6629993280133
SRR10070150	56927	4	64.7689294043912
SRR10070151	56927	4	63.86201621834289
SRR10102392	56927	4	42.55768097864195
SRR10102393	56927	4	43.12207016066465
SRR10102394	56927	4	42.60606686994065
SRR10070130	56927	5	52.20136309791813
SRR10070131	56927	5	54.63139552831611
SRR10070133	56927	5	29.03435915444164
SRR10070134	56927	5	54.70679585917713
SRR10070149	56927	5	63.6629993280133
SRR10070150	56927	5	64.7689294043912
SRR10070151	56927	5	63.86201621834289
SRR10102392	56927	5	42.55768097864195
SRR10102393	56927	5	43.12207016066465
SRR10102394	56927	5	42.60606686994065
SRR10070130	56927	6	52.20136309791813
SRR10070131	56927	6	54.63139552831611
SRR10070133	56927	6	29.03435915444164
SRR10070134	56927	6	54.70679585917713
SRR10070149	56927	6	63.6629993280133
SRR10070150	56927	6	64.7689294043912
SRR10070151	56927	6	63.86201621834289
SRR10102392	56927	6	42.55768097864195
SRR10102393	56927	6	43.12207016066465
SRR10102394	56927	6	42.60606686994065
SRR10070130	56927	7	52.20136309791813
SRR10070131	56927	7	54.63139552831611
SRR10070133	56927	7	29.03435915444164
SRR10070134	56927	7	54.70679585917713
SRR10070149	56927	7	63.6629993280133
SRR10070150	56927	7	64.7689294043912
SRR10070151	56927	7	63.86201621834289
SRR10102392	56927	7	42.55768097864195
SRR10102393	56927	7	43.12207016066465
SRR10102394	56927	7	42.60606686994065
SRR10070130	56927	8	52.20136309791813
SRR10070131	56927	8	54.63139552831611
SRR10070133	56927	8	29.03435915444164
SRR10070134	56927	8	54.70679585917713
SRR10070149	56927	8	63.6629993280133
SRR10070150	56927	8	64.7689294043912
SRR10070151	56927	8	63.86201621834289
SRR10102392	56927	8	42.55768097864195
SRR10102393	56927	8	43.12207016066465
SRR10102394	56927	8	42.60606686994065
SRR10070130	56927	9	52.20136309791813
SRR10070131	56927	9	54.63139552831611
SRR10070133	56927	9	29.03435915444164
SRR10070134	56927	9	54.70679585917713
SRR10070149	56927	9	63.6629993280133
SRR10070150	56927	9	64.7689294043912
SRR10070151	56927	9	63.86201621834289
SRR10102392	56927	9	42.55768097864195
SRR10102393	56927	9	43.02925421446499
SRR10102394	56927	9	42.60606686994065
SRR10070130	56927	10	52.20136309791813
SRR10070131	56927	10	54.63139552831611
SRR10070133	56927	10	29.03435915444164
SRR10070134	56927	10	54.67859978266972
SRR10070149	56927	10	63.6629993280133
SRR10070150	56927	10	64.7689294043912
SRR10070151	56927	10	63.86201621834289
SRR10102392	56927	10	42.55768097864195
SRR10102393	56927	10	43.12207016066465
SRR10102394	56927	10	42.60606686994065
SRR10070130	57229	1	52.20136309791813
SRR10070131	57229	1	54.63139552831611
SRR10070133	57229	1	29.03435915444164
SRR10070134	57229	1	54.70679585917713
SRR10070149	57229	1	63.6629993280133
SRR10070150	57229	1	64.68738248264253
SRR10070151	57229	1	63.86201621834289
SRR10102392	57229	1	42.55768097864195
SRR10102393	57229	1	43.12207016066465
SRR10102394	57229	1	42.60606686994065
SRR10070130	57229	2	52.09717526849816
SRR10070131	57229	2	54.63139552831611
SRR10070133	57229	2	29.03435915444164
SRR10070134	57229	2	54.70679585917713
SRR10070149	57229	2	63.6629993280133
SRR10070150	57229	2	64.7689294043912
SRR10070151	57229	2	63.86201621834289
SRR10102392	57229	2	42.55768097864195
SRR10102393	57229	2	43.12207016066465
SRR10102394	57229	2	42.60606686994065
SRR10070130	57229	3	52.20136309791813
SRR10070131	57229	3	54.50640726670584
SRR10070133	57229	3	29.03435915444164
SRR10070134	57229	3	54.41758620834769
SRR10070149	57229	3	63.6629993280133
SRR10070150	57229	3	64.7689294043912
SRR10070151	57229	3	63.86201621834289
SRR10102392	57229	3	42.55768097864195
SRR10102393	57229	3	43.12207016066465
SRR10102394	57229	3	42.60606686994065
SRR10070130	57229	4	52.08526786048422
SRR10070131	57229	4	54.63139552831611
SRR10070133	57229	4	29.03435915444164
SRR10070134	57229	4	54.55939699018937
SRR10070149	57229	4	63.6629993280133
SRR10070150	57229	4	64.7689294043912
SRR10070151	57229	4	63.86201621834289
SRR10102392	57229	4	42.55768097864195
SRR10102393	57229	4	43.12207016066465
SRR10102394	57229	4	42.60606686994065
SRR10070130	57229	5	52.20136309791813
SRR10070131	57229	5	54.63139552831611
SRR10070133	57229	5	29.03435915444164
SRR10070134	57229	5	54.5697156125945
SRR10070149	57229	5	63.6629993280133
SRR10070150	57229	5	64.7689294043912
SRR10070151	57229	5	63.86201621834289
SRR10102392	57229	5	42.55768097864195
SRR10102393	57229	5	43.12207016066465
SRR10102394	57229	5	42.60606686994065
SRR10070130	57229	6	52.20136309791813
SRR10070131	57229	6	54.63139552831611
SRR10070133	57229	6	29.03435915444164
SRR10070134	57229	6	54.70679585917713
SRR10070149	57229	6	63.6629993280133
SRR10070150	57229	6	64.7689294043912
SRR10070151	57229	6	63.86201621834289
SRR10102392	57229	6	42.55768097864195
SRR10102393	57229	6	43.12207016066465
SRR10102394	57229	6	42.60606686994065
SRR10070130	57229	7	52.20136309791813
SRR10070131	57229	7	54.63139552831611
SRR10070133	57229	7	29.03435915444164
SRR10070134	57229	7	54.62059842384052
SRR10070149	57229	7	63.6629993280133
SRR10070150	57229	7	64.7689294043912
SRR10070151	57229	7	63.86201621834289
SRR10102392	57229	7	42.55768097864195
SRR10102393	57229	7	43.12207016066465
SRR10102394	57229	7	42.60606686994065
SRR10070130	57229	8	52.20136309791813
SRR10070131	57229	8	54.44733667209706
SRR10070133	57229	8	29.03435915444164
SRR10070134	57229	8	54.70679585917713
SRR10070149	57229	8	63.6629993280133
SRR10070150	57229	8	64.7689294043912
SRR10070151	57229	8	63.86201621834289
SRR10102392	57229	8	42.55768097864195
SRR10102393	57229	8	43.12207016066465
SRR10102394	57229	8	42.60606686994065
SRR10070130	57229	9	52.20136309791813
SRR10070131	57229	9	54.63139552831611
SRR10070133	57229	9	29.03435915444164
SRR10070134	57229	9	54.70679585917713
SRR10070149	57229	9	63.6629993280133
SRR10070150	57229	9	64.7689294043912
SRR10070151	57229	9	63.86201621834289
SRR10102392	57229	9	42.55768097864195
SRR10102393	57229	9	43.12207016066465
SRR10102394	57229	9	42.60606686994065
SRR10070130	57229	10	52.08526786048422
SRR10070131	57229	10	54.63139552831611
SRR10070133	57229	10	29.03435915444164
SRR10070134	57229	10	54.45762836889224
SRR10070149	57229	10	63.62690208272242
SRR10070150	57229	10	64.7689294043912
SRR10070151	57229	10	63.86201621834289
SRR10102392	57229	10	42.55768097864195
SRR10102393	57229	10	43.12207016066465
SRR10102394	57229	10	42.60606686994065
SRR10070130	57530	1	52.20136309791813
SRR10070131	57530	1	54.63139552831611
SRR10070133	57530	1	29.03435915444164
SRR10070134	57530	1	54.66611113378638
SRR10070149	57530	1	63.6629993280133
SRR10070150	57530	1	64.7689294043912
SRR10070151	57530	1	63.86201621834289
SRR10102392	57530	1	42.55768097864195
SRR10102393	57530	1	43.12207016066465
SRR10102394	57530	1	42.60606686994065
SRR10070130	57530	2	52.20136309791813
SRR10070131	57530	2	54.63139552831611
SRR10070133	57530	2	29.03435915444164
SRR10070134	57530	2	54.52647037842291
SRR10070149	57530	2	63.6629993280133
SRR10070150	57530	2	64.7689294043912
SRR10070151	57530	2	63.86201621834289
SRR10102392	57530	2	42.55768097864195
SRR10102393	57530	2	43.12207016066465
SRR10102394	57530	2	42.60606686994065
SRR10070130	57530	3	52.20136309791813
SRR10070131	57530	3	54.63139552831611
SRR10070133	57530	3	29.03435915444164
SRR10070134	57530	3	54.70679585917713
SRR10070149	57530	3	63.6629993280133
SRR10070150	57530	3	64.68738248264253
SRR10070151	57530	3	63.86201621834289
SRR10102392	57530	3	42.55768097864195
SRR10102393	57530	3	43.12207016066465
SRR10102394	57530	3	42.60606686994065
SRR10070130	57530	4	52.20136309791813
SRR10070131	57530	4	54.63139552831611
SRR10070133	57530	4	29.03435915444164
SRR10070134	57530	4	54.70679585917713
SRR10070149	57530	4	63.6629993280133
SRR10070150	57530	4	64.7689294043912
SRR10070151	57530	4	63.86201621834289
SRR10102392	57530	4	42.55768097864195
SRR10102393	57530	4	43.12207016066465
SRR10102394	57530	4	42.60606686994065
SRR10070130	57530	5	52.20136309791813
SRR10070131	57530	5	54.63139552831611
SRR10070133	57530	5	29.03435915444164
SRR10070134	57530	5	54.62888890356151
SRR10070149	57530	5	63.6629993280133
SRR10070150	57530	5	64.7689294043912
SRR10070151	57530	5	63.86201621834289
SRR10102392	57530	5	42.55768097864195
SRR10102393	57530	5	43.12207016066465
SRR10102394	57530	5	42.60606686994065
SRR10070130	57530	6	52.20136309791813
SRR10070131	57530	6	54.63139552831611
SRR10070133	57530	6	29.03435915444164
SRR10070134	57530	6	54.70679585917713
SRR10070149	57530	6	63.6629993280133
SRR10070150	57530	6	64.59281345940963
SRR10070151	57530	6	63.86201621834289
SRR10102392	57530	6	42.55768097864195
SRR10102393	57530	6	43.12207016066465
SRR10102394	57530	6	42.60606686994065
SRR10070130	57530	7	52.20136309791813
SRR10070131	57530	7	54.63139552831611
SRR10070133	57530	7	29.03435915444164
SRR10070134	57530	7	54.70679585917713
SRR10070149	57530	7	63.6629993280133
SRR10070150	57530	7	64.7689294043912
SRR10070151	57530	7	63.86201621834289
SRR10102392	57530	7	42.55768097864195
SRR10102393	57530	7	43.12207016066465
SRR10102394	57530	7	42.60606686994065
SRR10070130	57530	8	52.20136309791813
SRR10070131	57530	8	54.63139552831611
SRR10070133	57530	8	29.03435915444164
SRR10070134	57530	8	54.70679585917713
SRR10070149	57530	8	63.6629993280133
SRR10070150	57530	8	64.7689294043912
SRR10070151	57530	8	63.86201621834289
SRR10102392	57530	8	42.55768097864195
SRR10102393	57530	8	43.12207016066465
SRR10102394	57530	8	42.60606686994065
SRR10070130	57530	9	52.20136309791813
SRR10070131	57530	9	54.63139552831611
SRR10070133	57530	9	29.03435915444164
SRR10070134	57530	9	54.55466645493032
SRR10070149	57530	9	63.6629993280133
SRR10070150	57530	9	64.7689294043912
SRR10070151	57530	9	63.86201621834289
SRR10102392	57530	9	42.55768097864195
SRR10102393	57530	9	43.12207016066465
SRR10102394	57530	9	42.60606686994065
SRR10070130	57530	10	52.20136309791813
SRR10070131	57530	10	54.63139552831611
SRR10070133	57530	10	29.03435915444164
SRR10070134	57530	10	54.70679585917713
SRR10070149	57530	10	63.6629993280133
SRR10070150	57530	10	64.7689294043912
SRR10070151	57530	10	63.86201621834289
SRR10102392	57530	10	42.55768097864195
SRR10102393	57530	10	43.12207016066465
SRR10102394	57530	10	42.60606686994065
SRR10070130	57831	1	52.20136309791813
SRR10070131	57831	1	54.63139552831611
SRR10070133	57831	1	28.96885385962561
SRR10070134	57831	1	54.70679585917713
SRR10070149	57831	1	63.6629993280133
SRR10070150	57831	1	64.7689294043912
SRR10070151	57831	1	63.86201621834289
SRR10102392	57831	1	42.55768097864195
SRR10102393	57831	1	43.12207016066465
SRR10102394	57831	1	42.60606686994065
SRR10070130	57831	2	52.20136309791813
SRR10070131	57831	2	54.63139552831611
SRR10070133	57831	2	29.03435915444164
SRR10070134	57831	2	54.70679585917713
SRR10070149	57831	2	63.6629993280133
SRR10070150	57831	2	64.7689294043912
SRR10070151	57831	2	63.86201621834289
SRR10102392	57831	2	42.44953310848065
SRR10102393	57831	2	43.12207016066465
SRR10102394	57831	2	42.60606686994065
SRR10070130	57831	3	52.20136309791813
SRR10070131	57831	3	54.63139552831611
SRR10070133	57831	3	29.03435915444164
SRR10070134	57831	3	54.70679585917713
SRR10070149	57831	3	63.6629993280133
SRR10070150	57831	3	64.68738248264253
SRR10070151	57831	3	63.86201621834289
SRR10102392	57831	3	42.55768097864195
SRR10102393	57831	3	43.12207016066465
SRR10102394	57831	3	42.60606686994065
SRR10070130	57831	4	52.20136309791813
SRR10070131	57831	4	54.63139552831611
SRR10070133	57831	4	29.03435915444164
SRR10070134	57831	4	54.70679585917713
SRR10070149	57831	4	63.6629993280133
SRR10070150	57831	4	64.7689294043912
SRR10070151	57831	4	63.86201621834289
SRR10102392	57831	4	42.55768097864195
SRR10102393	57831	4	43.12207016066465
SRR10102394	57831	4	42.60606686994065
SRR10070130	57831	5	52.16254162978838
SRR10070131	57831	5	54.63139552831611
SRR10070133	57831	5	29.03435915444164
SRR10070134	57831	5	54.70679585917713
SRR10070149	57831	5	63.6629993280133
SRR10070150	57831	5	64.7689294043912
SRR10070151	57831	5	63.86201621834289
SRR10102392	57831	5	42.55768097864195
SRR10102393	57831	5	43.12207016066465
SRR10102394	57831	5	42.60606686994065
SRR10070130	57831	6	52.20136309791813
SRR10070131	57831	6	54.45366267370022
SRR10070133	57831	6	29.03435915444164
SRR10070134	57831	6	54.70679585917713
SRR10070149	57831	6	63.6629993280133
SRR10070150	57831	6	64.7689294043912
SRR10070151	57831	6	63.86201621834289
SRR10102392	57831	6	42.55768097864195
SRR10102393	57831	6	43.12207016066465
SRR10102394	57831	6	42.60606686994065
SRR10070130	57831	7	52.20136309791813
SRR10070131	57831	7	54.63139552831611
SRR10070133	57831	7	29.03435915444164
SRR10070134	57831	7	54.70679585917713
SRR10070149	57831	7	63.6629993280133
SRR10070150	57831	7	64.7689294043912
SRR10070151	57831	7	63.86201621834289
SRR10102392	57831	7	42.55768097864195
SRR10102393	57831	7	43.09135816150162
SRR10102394	57831	7	42.60606686994065
SRR10070130	57831	8	52.20136309791813
SRR10070131	57831	8	54.63139552831611
SRR10070133	57831	8	29.03435915444164
SRR10070134	57831	8	54.46846901959371
SRR10070149	57831	8	63.6629993280133
SRR10070150	57831	8	64.7689294043912
SRR10070151	57831	8	63.86201621834289
SRR10102392	57831	8	42.55768097864195
SRR10102393	57831	8	43.12207016066465
SRR10102394	57831	8	42.60606686994065
SRR10070130	57831	9	52.20136309791813
SRR10070131	57831	9	54.63139552831611
SRR10070133	57831	9	29.03435915444164
SRR10070134	57831	9	54.45762836889224
SRR10070149	57831	9	63.6629993280133
SRR10070150	57831	9	64.7689294043912
SRR10070151	57831	9	63.86201621834289
SRR10102392	57831	9	42.55768097864195
SRR10102393	57831	9	43.12207016066465
SRR10102394	57831	9	42.60606686994065
SRR10070130	57831	10	52.20136309791813
SRR10070131	57831	10	54.63139552831611
SRR10070133	57831	10	29.03435915444164
SRR10070134	57831	10	54.45762836889224
SRR10070149	57831	10	63.6629993280133
SRR10070150	57831	10	64.7689294043912
SRR10070151	57831	10	63.86201621834289
SRR10102392	57831	10	42.55768097864195
SRR10102393	57831	10	43.12207016066465
SRR10102394	57831	10	42.60606686994065
SRR10070130	58132	1	52.20136309791813
SRR10070131	58132	1	54.63139552831611
SRR10070133	58132	1	29.03435915444164
SRR10070134	58132	1	54.70679585917713
SRR10070149	58132	1	63.6629993280133
SRR10070150	58132	1	64.7689294043912
SRR10070151	58132	1	63.86201621834289
SRR10102392	58132	1	42.55768097864195
SRR10102393	58132	1	43.12207016066465
SRR10102394	58132	1	42.60606686994065
SRR10070130	58132	2	52.20136309791813
SRR10070131	58132	2	54.63139552831611
SRR10070133	58132	2	29.03435915444164
SRR10070134	58132	2	54.70679585917713
SRR10070149	58132	2	63.6629993280133
SRR10070150	58132	2	64.7689294043912
SRR10070151	58132	2	63.86201621834289
SRR10102392	58132	2	42.55768097864195
SRR10102393	58132	2	43.12207016066465
SRR10102394	58132	2	42.60606686994065
SRR10070130	58132	3	52.20136309791813
SRR10070131	58132	3	54.63139552831611
SRR10070133	58132	3	29.03435915444164
SRR10070134	58132	3	54.70679585917713
SRR10070149	58132	3	63.6629993280133
SRR10070150	58132	3	64.7689294043912
SRR10070151	58132	3	63.86201621834289
SRR10102392	58132	3	42.55768097864195
SRR10102393	58132	3	43.12207016066465
SRR10102394	58132	3	42.60606686994065
SRR10070130	58132	4	52.20136309791813
SRR10070131	58132	4	54.63139552831611
SRR10070133	58132	4	29.03435915444164
SRR10070134	58132	4	54.70679585917713
SRR10070149	58132	4	63.6629993280133
SRR10070150	58132	4	64.7689294043912
SRR10070151	58132	4	63.86201621834289
SRR10102392	58132	4	42.55768097864195
SRR10102393	58132	4	43.12207016066465
SRR10102394	58132	4	42.60606686994065
SRR10070130	58132	5	52.20136309791813
SRR10070131	58132	5	54.63139552831611
SRR10070133	58132	5	29.03435915444164
SRR10070134	58132	5	54.45762836889224
SRR10070149	58132	5	63.6629993280133
SRR10070150	58132	5	64.7689294043912
SRR10070151	58132	5	63.86201621834289
SRR10102392	58132	5	42.55768097864195
SRR10102393	58132	5	43.12207016066465
SRR10102394	58132	5	42.60606686994065
SRR10070130	58132	6	52.20136309791813
SRR10070131	58132	6	54.63139552831611
SRR10070133	58132	6	29.03435915444164
SRR10070134	58132	6	54.70679585917713
SRR10070149	58132	6	63.6629993280133
SRR10070150	58132	6	64.7689294043912
SRR10070151	58132	6	63.86201621834289
SRR10102392	58132	6	42.55768097864195
SRR10102393	58132	6	43.12207016066465
SRR10102394	58132	6	42.60606686994065
SRR10070130	58132	7	52.20136309791813
SRR10070131	58132	7	54.63139552831611
SRR10070133	58132	7	29.03435915444164
SRR10070134	58132	7	54.70679585917713
SRR10070149	58132	7	63.6629993280133
SRR10070150	58132	7	64.7689294043912
SRR10070151	58132	7	63.86201621834289
SRR10102392	58132	7	42.55768097864195
SRR10102393	58132	7	43.12207016066465
SRR10102394	58132	7	42.60606686994065
SRR10070130	58132	8	52.20136309791813
SRR10070131	58132	8	54.63139552831611
SRR10070133	58132	8	29.03435915444164
SRR10070134	58132	8	54.55466645493032
SRR10070149	58132	8	63.6629993280133
SRR10070150	58132	8	64.7689294043912
SRR10070151	58132	8	63.86201621834289
SRR10102392	58132	8	42.55768097864195
SRR10102393	58132	8	43.12207016066465
SRR10102394	58132	8	42.60606686994065
SRR10070130	58132	9	52.20136309791813
SRR10070131	58132	9	54.63139552831611
SRR10070133	58132	9	29.03435915444164
SRR10070134	58132	9	54.62059842384052
SRR10070149	58132	9	63.6629993280133
SRR10070150	58132	9	64.7689294043912
SRR10070151	58132	9	63.86201621834289
SRR10102392	58132	9	42.55768097864195
SRR10102393	58132	9	43.02925421446499
SRR10102394	58132	9	42.60606686994065
SRR10070130	58132	10	52.20136309791813
SRR10070131	58132	10	54.63139552831611
SRR10070133	58132	10	29.03435915444164
SRR10070134	58132	10	54.32970088676409
SRR10070149	58132	10	63.6629993280133
SRR10070150	58132	10	64.7689294043912
SRR10070151	58132	10	63.86201621834289
SRR10102392	58132	10	42.55768097864195
SRR10102393	58132	10	43.12207016066465
SRR10102394	58132	10	42.60606686994065
SRR10070130	58433	1	52.20136309791813
SRR10070131	58433	1	54.63139552831611
SRR10070133	58433	1	29.03435915444164
SRR10070134	58433	1	54.70679585917713
SRR10070149	58433	1	63.6629993280133
SRR10070150	58433	1	64.59281345940963
SRR10070151	58433	1	63.86201621834289
SRR10102392	58433	1	42.55768097864195
SRR10102393	58433	1	43.12207016066465
SRR10102394	58433	1	42.60606686994065
SRR10070130	58433	2	52.20136309791813
SRR10070131	58433	2	54.63139552831611
SRR10070133	58433	2	29.03435915444164
SRR10070134	58433	2	54.5697156125945
SRR10070149	58433	2	63.6629993280133
SRR10070150	58433	2	64.7689294043912
SRR10070151	58433	2	63.86201621834289
SRR10102392	58433	2	42.55768097864195
SRR10102393	58433	2	43.12207016066465
SRR10102394	58433	2	42.60606686994065
SRR10070130	58433	3	52.20136309791813
SRR10070131	58433	3	54.48835469245873
SRR10070133	58433	3	29.03435915444164
SRR10070134	58433	3	54.70679585917713
SRR10070149	58433	3	63.6629993280133
SRR10070150	58433	3	64.7689294043912
SRR10070151	58433	3	63.86201621834289
SRR10102392	58433	3	42.55768097864195
SRR10102393	58433	3	43.12207016066465
SRR10102394	58433	3	42.60606686994065
SRR10070130	58433	4	52.20136309791813
SRR10070131	58433	4	54.63139552831611
SRR10070133	58433	4	29.03435915444164
SRR10070134	58433	4	54.70679585917713
SRR10070149	58433	4	63.6629993280133
SRR10070150	58433	4	64.7689294043912
SRR10070151	58433	4	63.86201621834289
SRR10102392	58433	4	42.55768097864195
SRR10102393	58433	4	43.12207016066465
SRR10102394	58433	4	42.60606686994065
SRR10070130	58433	5	52.20136309791813
SRR10070131	58433	5	54.63139552831611
SRR10070133	58433	5	29.03435915444164
SRR10070134	58433	5	54.70679585917713
SRR10070149	58433	5	63.6629993280133
SRR10070150	58433	5	64.7689294043912
SRR10070151	58433	5	63.86201621834289
SRR10102392	58433	5	42.55768097864195
SRR10102393	58433	5	43.12207016066465
SRR10102394	58433	5	42.60606686994065
SRR10070130	58433	6	52.20136309791813
SRR10070131	58433	6	54.63139552831611
SRR10070133	58433	6	29.03435915444164
SRR10070134	58433	6	54.54235953747155
SRR10070149	58433	6	63.6629993280133
SRR10070150	58433	6	64.7689294043912
SRR10070151	58433	6	63.86201621834289
SRR10102392	58433	6	42.55768097864195
SRR10102393	58433	6	43.12207016066465
SRR10102394	58433	6	42.60606686994065
SRR10070130	58433	7	52.20136309791813
SRR10070131	58433	7	54.63139552831611
SRR10070133	58433	7	29.03435915444164
SRR10070134	58433	7	54.70679585917713
SRR10070149	58433	7	63.6629993280133
SRR10070150	58433	7	64.7689294043912
SRR10070151	58433	7	63.86201621834289
SRR10102392	58433	7	42.55768097864195
SRR10102393	58433	7	43.12207016066465
SRR10102394	58433	7	42.60606686994065
SRR10070130	58433	8	52.20136309791813
SRR10070131	58433	8	54.63139552831611
SRR10070133	58433	8	29.03435915444164
SRR10070134	58433	8	54.70679585917713
SRR10070149	58433	8	63.6629993280133
SRR10070150	58433	8	64.7689294043912
SRR10070151	58433	8	63.86201621834289
SRR10102392	58433	8	42.55768097864195
SRR10102393	58433	8	43.12207016066465
SRR10102394	58433	8	42.60606686994065
SRR10070130	58433	9	52.20136309791813
SRR10070131	58433	9	54.63139552831611
SRR10070133	58433	9	29.03435915444164
SRR10070134	58433	9	54.45762836889224
SRR10070149	58433	9	63.6629993280133
SRR10070150	58433	9	64.7689294043912
SRR10070151	58433	9	63.86201621834289
SRR10102392	58433	9	42.55768097864195
SRR10102393	58433	9	43.12207016066465
SRR10102394	58433	9	42.60606686994065
SRR10070130	58433	10	52.20136309791813
SRR10070131	58433	10	54.63139552831611
SRR10070133	58433	10	29.03435915444164
SRR10070134	58433	10	54.70679585917713
SRR10070149	58433	10	63.6629993280133
SRR10070150	58433	10	64.7689294043912
SRR10070151	58433	10	63.86201621834289
SRR10102392	58433	10	42.55768097864195
SRR10102393	58433	10	43.12207016066465
SRR10102394	58433	10	42.60606686994065
SRR10070130	58735	1	52.20136309791813
SRR10070131	58735	1	54.63139552831611
SRR10070133	58735	1	29.03435915444164
SRR10070134	58735	1	54.70679585917713
SRR10070149	58735	1	63.6629993280133
SRR10070150	58735	1	64.7689294043912
SRR10070151	58735	1	63.86201621834289
SRR10102392	58735	1	42.55768097864195
SRR10102393	58735	1	43.12207016066465
SRR10102394	58735	1	42.60606686994065
SRR10070130	58735	2	52.20136309791813
SRR10070131	58735	2	54.63139552831611
SRR10070133	58735	2	29.03435915444164
SRR10070134	58735	2	54.70679585917713
SRR10070149	58735	2	63.6629993280133
SRR10070150	58735	2	64.7689294043912
SRR10070151	58735	2	63.86201621834289
SRR10102392	58735	2	42.55768097864195
SRR10102393	58735	2	43.12207016066465
SRR10102394	58735	2	42.60606686994065
SRR10070130	58735	3	52.20136309791813
SRR10070131	58735	3	54.63139552831611
SRR10070133	58735	3	28.95637070495753
SRR10070134	58735	3	54.70679585917713
SRR10070149	58735	3	63.6629993280133
SRR10070150	58735	3	64.7689294043912
SRR10070151	58735	3	63.86201621834289
SRR10102392	58735	3	42.55768097864195
SRR10102393	58735	3	43.12207016066465
SRR10102394	58735	3	42.60606686994065
SRR10070130	58735	4	52.20136309791813
SRR10070131	58735	4	54.63139552831611
SRR10070133	58735	4	29.03435915444164
SRR10070134	58735	4	54.64559442552598
SRR10070149	58735	4	63.6629993280133
SRR10070150	58735	4	64.7689294043912
SRR10070151	58735	4	63.86201621834289
SRR10102392	58735	4	42.55768097864195
SRR10102393	58735	4	43.12207016066465
SRR10102394	58735	4	42.60606686994065
SRR10070130	58735	5	52.20136309791813
SRR10070131	58735	5	54.63139552831611
SRR10070133	58735	5	29.03435915444164
SRR10070134	58735	5	54.70679585917713
SRR10070149	58735	5	63.6629993280133
SRR10070150	58735	5	64.7689294043912
SRR10070151	58735	5	63.86201621834289
SRR10102392	58735	5	42.55768097864195
SRR10102393	58735	5	43.12207016066465
SRR10102394	58735	5	42.60606686994065
SRR10070130	58735	6	52.20136309791813
SRR10070131	58735	6	54.63139552831611
SRR10070133	58735	6	29.03435915444164
SRR10070134	58735	6	54.70679585917713
SRR10070149	58735	6	63.6629993280133
SRR10070150	58735	6	64.7689294043912
SRR10070151	58735	6	63.86201621834289
SRR10102392	58735	6	42.55768097864195
SRR10102393	58735	6	43.12207016066465
SRR10102394	58735	6	42.60606686994065
SRR10070130	58735	7	52.20136309791813
SRR10070131	58735	7	54.63139552831611
SRR10070133	58735	7	29.03435915444164
SRR10070134	58735	7	54.70679585917713
SRR10070149	58735	7	63.6629993280133
SRR10070150	58735	7	64.7689294043912
SRR10070151	58735	7	63.86201621834289
SRR10102392	58735	7	42.55768097864195
SRR10102393	58735	7	43.12207016066465
SRR10102394	58735	7	42.60606686994065
SRR10070130	58735	8	52.20136309791813
SRR10070131	58735	8	54.63139552831611
SRR10070133	58735	8	29.03435915444164
SRR10070134	58735	8	54.29319204718666
SRR10070149	58735	8	63.6629993280133
SRR10070150	58735	8	64.7689294043912
SRR10070151	58735	8	63.86201621834289
SRR10102392	58735	8	42.55768097864195
SRR10102393	58735	8	43.02925421446499
SRR10102394	58735	8	42.60606686994065
SRR10070130	58735	9	52.20136309791813
SRR10070131	58735	9	54.63139552831611
SRR10070133	58735	9	29.03435915444164
SRR10070134	58735	9	54.70679585917713
SRR10070149	58735	9	63.6629993280133
SRR10070150	58735	9	64.7689294043912
SRR10070151	58735	9	63.86201621834289
SRR10102392	58735	9	42.55768097864195
SRR10102393	58735	9	43.12207016066465
SRR10102394	58735	9	42.60606686994065
SRR10070130	58735	10	52.08526786048422
SRR10070131	58735	10	54.63139552831611
SRR10070133	58735	10	29.03435915444164
SRR10070134	58735	10	54.70679585917713
SRR10070149	58735	10	63.6629993280133
SRR10070150	58735	10	64.7689294043912
SRR10070151	58735	10	63.86201621834289
SRR10102392	58735	10	42.55768097864195
SRR10102393	58735	10	43.12207016066465
SRR10102394	58735	10	42.60606686994065
SRR10070130	59036	1	52.20136309791813
SRR10070131	59036	1	54.63139552831611
SRR10070133	59036	1	29.03435915444164
SRR10070134	59036	1	54.70679585917713
SRR10070149	59036	1	63.6629993280133
SRR10070150	59036	1	64.7689294043912
SRR10070151	59036	1	63.86201621834289
SRR10102392	59036	1	42.55768097864195
SRR10102393	59036	1	43.12207016066465
SRR10102394	59036	1	42.60606686994065
SRR10070130	59036	2	52.20136309791813
SRR10070131	59036	2	54.63139552831611
SRR10070133	59036	2	29.03435915444164
SRR10070134	59036	2	54.70679585917713
SRR10070149	59036	2	63.6629993280133
SRR10070150	59036	2	64.7689294043912
SRR10070151	59036	2	63.86201621834289
SRR10102392	59036	2	42.55768097864195
SRR10102393	59036	2	43.12207016066465
SRR10102394	59036	2	42.60606686994065
SRR10070130	59036	3	52.20136309791813
SRR10070131	59036	3	54.63139552831611
SRR10070133	59036	3	29.03435915444164
SRR10070134	59036	3	54.70679585917713
SRR10070149	59036	3	63.6629993280133
SRR10070150	59036	3	64.59281345940963
SRR10070151	59036	3	63.86201621834289
SRR10102392	59036	3	42.55768097864195
SRR10102393	59036	3	43.12207016066465
SRR10102394	59036	3	42.60606686994065
SRR10070130	59036	4	52.20136309791813
SRR10070131	59036	4	54.63139552831611
SRR10070133	59036	4	29.03435915444164
SRR10070134	59036	4	54.70679585917713
SRR10070149	59036	4	63.6629993280133
SRR10070150	59036	4	64.7689294043912
SRR10070151	59036	4	63.86201621834289
SRR10102392	59036	4	42.55768097864195
SRR10102393	59036	4	43.12207016066465
SRR10102394	59036	4	42.60606686994065
SRR10070130	59036	5	52.20136309791813
SRR10070131	59036	5	54.63139552831611
SRR10070133	59036	5	29.03435915444164
SRR10070134	59036	5	54.55466645493032
SRR10070149	59036	5	63.6629993280133
SRR10070150	59036	5	64.7689294043912
SRR10070151	59036	5	63.86201621834289
SRR10102392	59036	5	42.55768097864195
SRR10102393	59036	5	43.12207016066465
SRR10102394	59036	5	42.60606686994065
SRR10070130	59036	6	52.20136309791813
SRR10070131	59036	6	54.63139552831611
SRR10070133	59036	6	29.03435915444164
SRR10070134	59036	6	54.70679585917713
SRR10070149	59036	6	63.6629993280133
SRR10070150	59036	6	64.7689294043912
SRR10070151	59036	6	63.86201621834289
SRR10102392	59036	6	42.55768097864195
SRR10102393	59036	6	43.12207016066465
SRR10102394	59036	6	42.60606686994065
SRR10070130	59036	7	52.20136309791813
SRR10070131	59036	7	54.63139552831611
SRR10070133	59036	7	29.03435915444164
SRR10070134	59036	7	54.70679585917713
SRR10070149	59036	7	63.6629993280133
SRR10070150	59036	7	64.7689294043912
SRR10070151	59036	7	63.86201621834289
SRR10102392	59036	7	42.55768097864195
SRR10102393	59036	7	43.12207016066465
SRR10102394	59036	7	42.60606686994065
SRR10070130	59036	8	52.20136309791813
SRR10070131	59036	8	54.45366267370022
SRR10070133	59036	8	29.03435915444164
SRR10070134	59036	8	54.70679585917713
SRR10070149	59036	8	63.6629993280133
SRR10070150	59036	8	64.7689294043912
SRR10070151	59036	8	63.86201621834289
SRR10102392	59036	8	42.55768097864195
SRR10102393	59036	8	43.12207016066465
SRR10102394	59036	8	42.60606686994065
SRR10070130	59036	9	52.20136309791813
SRR10070131	59036	9	54.63139552831611
SRR10070133	59036	9	29.03435915444164
SRR10070134	59036	9	54.70679585917713
SRR10070149	59036	9	63.6629993280133
SRR10070150	59036	9	64.7689294043912
SRR10070151	59036	9	63.86201621834289
SRR10102392	59036	9	42.55768097864195
SRR10102393	59036	9	43.12207016066465
SRR10102394	59036	9	42.60606686994065
SRR10070130	59036	10	52.20136309791813
SRR10070131	59036	10	54.63139552831611
SRR10070133	59036	10	29.03435915444164
SRR10070134	59036	10	54.70679585917713
SRR10070149	59036	10	63.6629993280133
SRR10070150	59036	10	64.7689294043912
SRR10070151	59036	10	63.86201621834289
SRR10102392	59036	10	42.55768097864195
SRR10102393	59036	10	43.12207016066465
SRR10102394	59036	10	42.60606686994065
SRR10070130	59337	1	52.20136309791813
SRR10070131	59337	1	54.63139552831611
SRR10070133	59337	1	29.03435915444164
SRR10070134	59337	1	54.70679585917713
SRR10070149	59337	1	63.6629993280133
SRR10070150	59337	1	64.7689294043912
SRR10070151	59337	1	63.86201621834289
SRR10102392	59337	1	42.55768097864195
SRR10102393	59337	1	43.02925421446499
SRR10102394	59337	1	42.60606686994065
SRR10070130	59337	2	52.20136309791813
SRR10070131	59337	2	54.63139552831611
SRR10070133	59337	2	29.03435915444164
SRR10070134	59337	2	54.54235953747155
SRR10070149	59337	2	63.6629993280133
SRR10070150	59337	2	64.7689294043912
SRR10070151	59337	2	63.86201621834289
SRR10102392	59337	2	42.55768097864195
SRR10102393	59337	2	43.12207016066465
SRR10102394	59337	2	42.60606686994065
SRR10070130	59337	3	52.20136309791813
SRR10070131	59337	3	54.63139552831611
SRR10070133	59337	3	29.03435915444164
SRR10070134	59337	3	54.70679585917713
SRR10070149	59337	3	63.6629993280133
SRR10070150	59337	3	64.7689294043912
SRR10070151	59337	3	63.86201621834289
SRR10102392	59337	3	42.55768097864195
SRR10102393	59337	3	43.12207016066465
SRR10102394	59337	3	42.60606686994065
SRR10070130	59337	4	52.20136309791813
SRR10070131	59337	4	54.63139552831611
SRR10070133	59337	4	29.03435915444164
SRR10070134	59337	4	54.70679585917713
SRR10070149	59337	4	63.6629993280133
SRR10070150	59337	4	64.7689294043912
SRR10070151	59337	4	63.86201621834289
SRR10102392	59337	4	42.55768097864195
SRR10102393	59337	4	43.12207016066465
SRR10102394	59337	4	42.60606686994065
SRR10070130	59337	5	52.20136309791813
SRR10070131	59337	5	54.63139552831611
SRR10070133	59337	5	29.03435915444164
SRR10070134	59337	5	54.55466645493032
SRR10070149	59337	5	63.6629993280133
SRR10070150	59337	5	64.7689294043912
SRR10070151	59337	5	63.86201621834289
SRR10102392	59337	5	42.55768097864195
SRR10102393	59337	5	43.12207016066465
SRR10102394	59337	5	42.60606686994065
SRR10070130	59337	6	52.20136309791813
SRR10070131	59337	6	54.63139552831611
SRR10070133	59337	6	29.03435915444164
SRR10070134	59337	6	54.5697156125945
SRR10070149	59337	6	63.6629993280133
SRR10070150	59337	6	64.7689294043912
SRR10070151	59337	6	63.86201621834289
SRR10102392	59337	6	42.55768097864195
SRR10102393	59337	6	43.12207016066465
SRR10102394	59337	6	42.60606686994065
SRR10070130	59337	7	52.20136309791813
SRR10070131	59337	7	54.63139552831611
SRR10070133	59337	7	29.03435915444164
SRR10070134	59337	7	54.45762836889224
SRR10070149	59337	7	63.6629993280133
SRR10070150	59337	7	64.7689294043912
SRR10070151	59337	7	63.86201621834289
SRR10102392	59337	7	42.55768097864195
SRR10102393	59337	7	43.12207016066465
SRR10102394	59337	7	42.60606686994065
SRR10070130	59337	8	52.20136309791813
SRR10070131	59337	8	54.63139552831611
SRR10070133	59337	8	29.03435915444164
SRR10070134	59337	8	54.70679585917713
SRR10070149	59337	8	63.6629993280133
SRR10070150	59337	8	64.7689294043912
SRR10070151	59337	8	63.86201621834289
SRR10102392	59337	8	42.55768097864195
SRR10102393	59337	8	43.12207016066465
SRR10102394	59337	8	42.60606686994065
SRR10070130	59337	9	52.20136309791813
SRR10070131	59337	9	54.63139552831611
SRR10070133	59337	9	29.03435915444164
SRR10070134	59337	9	54.70679585917713
SRR10070149	59337	9	63.6629993280133
SRR10070150	59337	9	64.7689294043912
SRR10070151	59337	9	63.86201621834289
SRR10102392	59337	9	42.55768097864195
SRR10102393	59337	9	43.12207016066465
SRR10102394	59337	9	42.60606686994065
SRR10070130	59337	10	52.20136309791813
SRR10070131	59337	10	54.63139552831611
SRR10070133	59337	10	29.03435915444164
SRR10070134	59337	10	54.67859978266972
SRR10070149	59337	10	63.6629993280133
SRR10070150	59337	10	64.7689294043912
SRR10070151	59337	10	63.86201621834289
SRR10102392	59337	10	42.55768097864195
SRR10102393	59337	10	43.12207016066465
SRR10102394	59337	10	42.60606686994065
SRR10070130	59638	1	52.20136309791813
SRR10070131	59638	1	54.63139552831611
SRR10070133	59638	1	29.03435915444164
SRR10070134	59638	1	54.70679585917713
SRR10070149	59638	1	63.6629993280133
SRR10070150	59638	1	64.7689294043912
SRR10070151	59638	1	63.86201621834289
SRR10102392	59638	1	42.55768097864195
SRR10102393	59638	1	43.12207016066465
SRR10102394	59638	1	42.60606686994065
SRR10070130	59638	2	52.20136309791813
SRR10070131	59638	2	54.63139552831611
SRR10070133	59638	2	29.03435915444164
SRR10070134	59638	2	54.70679585917713
SRR10070149	59638	2	63.6629993280133
SRR10070150	59638	2	64.7689294043912
SRR10070151	59638	2	63.86201621834289
SRR10102392	59638	2	42.55768097864195
SRR10102393	59638	2	43.12207016066465
SRR10102394	59638	2	42.60606686994065
SRR10070130	59638	3	52.20136309791813
SRR10070131	59638	3	54.63139552831611
SRR10070133	59638	3	29.03435915444164
SRR10070134	59638	3	54.70679585917713
SRR10070149	59638	3	63.6629993280133
SRR10070150	59638	3	64.7689294043912
SRR10070151	59638	3	63.86201621834289
SRR10102392	59638	3	42.55768097864195
SRR10102393	59638	3	43.12207016066465
SRR10102394	59638	3	42.60606686994065
SRR10070130	59638	4	52.20136309791813
SRR10070131	59638	4	54.63139552831611
SRR10070133	59638	4	29.03435915444164
SRR10070134	59638	4	54.70679585917713
SRR10070149	59638	4	63.6629993280133
SRR10070150	59638	4	64.7689294043912
SRR10070151	59638	4	63.86201621834289
SRR10102392	59638	4	42.55768097864195
SRR10102393	59638	4	43.12207016066465
SRR10102394	59638	4	42.60606686994065
SRR10070130	59638	5	52.20136309791813
SRR10070131	59638	5	54.63139552831611
SRR10070133	59638	5	29.03435915444164
SRR10070134	59638	5	54.5697156125945
SRR10070149	59638	5	63.6629993280133
SRR10070150	59638	5	64.7689294043912
SRR10070151	59638	5	63.86201621834289
SRR10102392	59638	5	42.55768097864195
SRR10102393	59638	5	43.12207016066465
SRR10102394	59638	5	42.60606686994065
SRR10070130	59638	6	52.20136309791813
SRR10070131	59638	6	54.63139552831611
SRR10070133	59638	6	29.03435915444164
SRR10070134	59638	6	54.70679585917713
SRR10070149	59638	6	63.6629993280133
SRR10070150	59638	6	64.7689294043912
SRR10070151	59638	6	63.86201621834289
SRR10102392	59638	6	42.55768097864195
SRR10102393	59638	6	43.12207016066465
SRR10102394	59638	6	42.60606686994065
SRR10070130	59638	7	52.20136309791813
SRR10070131	59638	7	54.63139552831611
SRR10070133	59638	7	29.03435915444164
SRR10070134	59638	7	54.54235953747155
SRR10070149	59638	7	63.6629993280133
SRR10070150	59638	7	64.7689294043912
SRR10070151	59638	7	63.86201621834289
SRR10102392	59638	7	42.55768097864195
SRR10102393	59638	7	43.12207016066465
SRR10102394	59638	7	42.60606686994065
SRR10070130	59638	8	52.20136309791813
SRR10070131	59638	8	54.45366267370022
SRR10070133	59638	8	29.03435915444164
SRR10070134	59638	8	54.45762836889224
SRR10070149	59638	8	63.6629993280133
SRR10070150	59638	8	64.7689294043912
SRR10070151	59638	8	63.86201621834289
SRR10102392	59638	8	42.55768097864195
SRR10102393	59638	8	43.12207016066465
SRR10102394	59638	8	42.60606686994065
SRR10070130	59638	9	52.20136309791813
SRR10070131	59638	9	54.63139552831611
SRR10070133	59638	9	29.03435915444164
SRR10070134	59638	9	54.5480794674051
SRR10070149	59638	9	63.6629993280133
SRR10070150	59638	9	64.7689294043912
SRR10070151	59638	9	63.86201621834289
SRR10102392	59638	9	42.55768097864195
SRR10102393	59638	9	43.12207016066465
SRR10102394	59638	9	42.60606686994065
SRR10070130	59638	10	52.20136309791813
SRR10070131	59638	10	54.63139552831611
SRR10070133	59638	10	29.03435915444164
SRR10070134	59638	10	54.70679585917713
SRR10070149	59638	10	63.6629993280133
SRR10070150	59638	10	64.7689294043912
SRR10070151	59638	10	63.86201621834289
SRR10102392	59638	10	42.55768097864195
SRR10102393	59638	10	43.12207016066465
SRR10102394	59638	10	42.60606686994065
SRR10070130	59939	1	52.20136309791813
SRR10070131	59939	1	54.63139552831611
SRR10070133	59939	1	29.03435915444164
SRR10070134	59939	1	54.54235953747155
SRR10070149	59939	1	63.6629993280133
SRR10070150	59939	1	64.7689294043912
SRR10070151	59939	1	63.86201621834289
SRR10102392	59939	1	42.55768097864195
SRR10102393	59939	1	43.12207016066465
SRR10102394	59939	1	42.60606686994065
SRR10070130	59939	2	52.08526786048422
SRR10070131	59939	2	54.63139552831611
SRR10070133	59939	2	29.03435915444164
SRR10070134	59939	2	54.45762836889224
SRR10070149	59939	2	63.6629993280133
SRR10070150	59939	2	64.7689294043912
SRR10070151	59939	2	63.86201621834289
SRR10102392	59939	2	42.55768097864195
SRR10102393	59939	2	43.12207016066465
SRR10102394	59939	2	42.60606686994065
SRR10070130	59939	3	52.20136309791813
SRR10070131	59939	3	54.63139552831611
SRR10070133	59939	3	29.03435915444164
SRR10070134	59939	3	54.68199306881036
SRR10070149	59939	3	63.6629993280133
SRR10070150	59939	3	64.7689294043912
SRR10070151	59939	3	63.86201621834289
SRR10102392	59939	3	42.55768097864195
SRR10102393	59939	3	43.12207016066465
SRR10102394	59939	3	42.60606686994065
SRR10070130	59939	4	52.09717526849816
SRR10070131	59939	4	54.63139552831611
SRR10070133	59939	4	29.03435915444164
SRR10070134	59939	4	54.70679585917713
SRR10070149	59939	4	63.6629993280133
SRR10070150	59939	4	64.7689294043912
SRR10070151	59939	4	63.86201621834289
SRR10102392	59939	4	42.55768097864195
SRR10102393	59939	4	43.12207016066465
SRR10102394	59939	4	42.60606686994065
SRR10070130	59939	5	52.20136309791813
SRR10070131	59939	5	54.63139552831611
SRR10070133	59939	5	29.03435915444164
SRR10070134	59939	5	54.70679585917713
SRR10070149	59939	5	63.62690208272242
SRR10070150	59939	5	64.7689294043912
SRR10070151	59939	5	63.86201621834289
SRR10102392	59939	5	42.55768097864195
SRR10102393	59939	5	43.12207016066465
SRR10102394	59939	5	42.60606686994065
SRR10070130	59939	6	52.20136309791813
SRR10070131	59939	6	54.63139552831611
SRR10070133	59939	6	29.03435915444164
SRR10070134	59939	6	54.54235953747155
SRR10070149	59939	6	63.6629993280133
SRR10070150	59939	6	64.7689294043912
SRR10070151	59939	6	63.86201621834289
SRR10102392	59939	6	42.55768097864195
SRR10102393	59939	6	43.12207016066465
SRR10102394	59939	6	42.60606686994065
SRR10070130	59939	7	52.20136309791813
SRR10070131	59939	7	54.63139552831611
SRR10070133	59939	7	29.03435915444164
SRR10070134	59939	7	54.54235953747155
SRR10070149	59939	7	63.6629993280133
SRR10070150	59939	7	64.7689294043912
SRR10070151	59939	7	63.86201621834289
SRR10102392	59939	7	42.55768097864195
SRR10102393	59939	7	43.12207016066465
SRR10102394	59939	7	42.60606686994065
SRR10070130	59939	8	52.20136309791813
SRR10070131	59939	8	54.63139552831611
SRR10070133	59939	8	29.03435915444164
SRR10070134	59939	8	54.54235953747155
SRR10070149	59939	8	63.6629993280133
SRR10070150	59939	8	64.7689294043912
SRR10070151	59939	8	63.86201621834289
SRR10102392	59939	8	42.55768097864195
SRR10102393	59939	8	43.12207016066465
SRR10102394	59939	8	42.60606686994065
SRR10070130	59939	9	52.20136309791813
SRR10070131	59939	9	54.63139552831611
SRR10070133	59939	9	29.03435915444164
SRR10070134	59939	9	54.55466645493032
SRR10070149	59939	9	63.6629993280133
SRR10070150	59939	9	64.7689294043912
SRR10070151	59939	9	63.86201621834289
SRR10102392	59939	9	42.55768097864195
SRR10102393	59939	9	43.12207016066465
SRR10102394	59939	9	42.60606686994065
SRR10070130	59939	10	52.20136309791813
SRR10070131	59939	10	54.63139552831611
SRR10070133	59939	10	29.03435915444164
SRR10070134	59939	10	54.70679585917713
SRR10070149	59939	10	63.6629993280133
SRR10070150	59939	10	64.7689294043912
SRR10070151	59939	10	63.86201621834289
SRR10102392	59939	10	42.55768097864195
SRR10102393	59939	10	43.12207016066465
SRR10102394	59939	10	42.60606686994065
SRR10070130	60241	1	52.20136309791813
SRR10070131	60241	1	54.63139552831611
SRR10070133	60241	1	29.03435915444164
SRR10070134	60241	1	54.70679585917713
SRR10070149	60241	1	63.6629993280133
SRR10070150	60241	1	64.7689294043912
SRR10070151	60241	1	63.86201621834289
SRR10102392	60241	1	42.55768097864195
SRR10102393	60241	1	43.12207016066465
SRR10102394	60241	1	42.60606686994065
SRR10070130	60241	2	52.20136309791813
SRR10070131	60241	2	54.63139552831611
SRR10070133	60241	2	29.03435915444164
SRR10070134	60241	2	54.41768822402553
SRR10070149	60241	2	63.6629993280133
SRR10070150	60241	2	64.7689294043912
SRR10070151	60241	2	63.86201621834289
SRR10102392	60241	2	42.55768097864195
SRR10102393	60241	2	43.12207016066465
SRR10102394	60241	2	42.60606686994065
SRR10070130	60241	3	52.20136309791813
SRR10070131	60241	3	54.63139552831611
SRR10070133	60241	3	29.03435915444164
SRR10070134	60241	3	54.70679585917713
SRR10070149	60241	3	63.6629993280133
SRR10070150	60241	3	64.7689294043912
SRR10070151	60241	3	63.86201621834289
SRR10102392	60241	3	42.55768097864195
SRR10102393	60241	3	43.12207016066465
SRR10102394	60241	3	42.60606686994065
SRR10070130	60241	4	52.20136309791813
SRR10070131	60241	4	54.63139552831611
SRR10070133	60241	4	29.03435915444164
SRR10070134	60241	4	54.70679585917713
SRR10070149	60241	4	63.6629993280133
SRR10070150	60241	4	64.7689294043912
SRR10070151	60241	4	63.86201621834289
SRR10102392	60241	4	42.55768097864195
SRR10102393	60241	4	43.12207016066465
SRR10102394	60241	4	42.60606686994065
SRR10070130	60241	5	52.20136309791813
SRR10070131	60241	5	54.63139552831611
SRR10070133	60241	5	29.03435915444164
SRR10070134	60241	5	54.70679585917713
SRR10070149	60241	5	63.6629993280133
SRR10070150	60241	5	64.7689294043912
SRR10070151	60241	5	63.86201621834289
SRR10102392	60241	5	42.55768097864195
SRR10102393	60241	5	43.12207016066465
SRR10102394	60241	5	42.60606686994065
SRR10070130	60241	6	52.20136309791813
SRR10070131	60241	6	54.63139552831611
SRR10070133	60241	6	29.03435915444164
SRR10070134	60241	6	54.70679585917713
SRR10070149	60241	6	63.6629993280133
SRR10070150	60241	6	64.7689294043912
SRR10070151	60241	6	63.86201621834289
SRR10102392	60241	6	42.55768097864195
SRR10102393	60241	6	43.12207016066465
SRR10102394	60241	6	42.60606686994065
SRR10070130	60241	7	52.20136309791813
SRR10070131	60241	7	54.63139552831611
SRR10070133	60241	7	29.03435915444164
SRR10070134	60241	7	54.70679585917713
SRR10070149	60241	7	63.6629993280133
SRR10070150	60241	7	64.7689294043912
SRR10070151	60241	7	63.86201621834289
SRR10102392	60241	7	42.55768097864195
SRR10102393	60241	7	43.12207016066465
SRR10102394	60241	7	42.60606686994065
SRR10070130	60241	8	52.20136309791813
SRR10070131	60241	8	54.63139552831611
SRR10070133	60241	8	29.03435915444164
SRR10070134	60241	8	54.63078343651479
SRR10070149	60241	8	63.6629993280133
SRR10070150	60241	8	64.7689294043912
SRR10070151	60241	8	63.86201621834289
SRR10102392	60241	8	42.55768097864195
SRR10102393	60241	8	43.12207016066465
SRR10102394	60241	8	42.60606686994065
SRR10070130	60241	9	52.20136309791813
SRR10070131	60241	9	54.63139552831611
SRR10070133	60241	9	29.03435915444164
SRR10070134	60241	9	54.40527929088892
SRR10070149	60241	9	63.6629993280133
SRR10070150	60241	9	64.7689294043912
SRR10070151	60241	9	63.86201621834289
SRR10102392	60241	9	42.55768097864195
SRR10102393	60241	9	43.12207016066465
SRR10102394	60241	9	42.60606686994065
SRR10070130	60241	10	52.20136309791813
SRR10070131	60241	10	54.63139552831611
SRR10070133	60241	10	29.03435915444164
SRR10070134	60241	10	54.5697156125945
SRR10070149	60241	10	63.6629993280133
SRR10070150	60241	10	64.7689294043912
SRR10070151	60241	10	63.86201621834289
SRR10102392	60241	10	42.55768097864195
SRR10102393	60241	10	43.12207016066465
SRR10102394	60241	10	42.60606686994065
SRR10070130	60542	1	52.20136309791813
SRR10070131	60542	1	54.63139552831611
SRR10070133	60542	1	29.03435915444164
SRR10070134	60542	1	54.70679585917713
SRR10070149	60542	1	63.6629993280133
SRR10070150	60542	1	64.7689294043912
SRR10070151	60542	1	63.86201621834289
SRR10102392	60542	1	42.55768097864195
SRR10102393	60542	1	43.12207016066465
SRR10102394	60542	1	42.60606686994065
SRR10070130	60542	2	52.20136309791813
SRR10070131	60542	2	54.63139552831611
SRR10070133	60542	2	29.03435915444164
SRR10070134	60542	2	54.70679585917713
SRR10070149	60542	2	63.6629993280133
SRR10070150	60542	2	64.7689294043912
SRR10070151	60542	2	63.86201621834289
SRR10102392	60542	2	42.55768097864195
SRR10102393	60542	2	43.12207016066465
SRR10102394	60542	2	42.60606686994065
SRR10070130	60542	3	52.20136309791813
SRR10070131	60542	3	54.63139552831611
SRR10070133	60542	3	29.03435915444164
SRR10070134	60542	3	54.67095322257699
SRR10070149	60542	3	63.6629993280133
SRR10070150	60542	3	64.7689294043912
SRR10070151	60542	3	63.86201621834289
SRR10102392	60542	3	42.55768097864195
SRR10102393	60542	3	43.12207016066465
SRR10102394	60542	3	42.60606686994065
SRR10070130	60542	4	52.20136309791813
SRR10070131	60542	4	54.63139552831611
SRR10070133	60542	4	29.03435915444164
SRR10070134	60542	4	54.54151953608709
SRR10070149	60542	4	63.6629993280133
SRR10070150	60542	4	64.7689294043912
SRR10070151	60542	4	63.86201621834289
SRR10102392	60542	4	42.55768097864195
SRR10102393	60542	4	43.12207016066465
SRR10102394	60542	4	42.60606686994065
SRR10070130	60542	5	52.20136309791813
SRR10070131	60542	5	54.63139552831611
SRR10070133	60542	5	29.03435915444164
SRR10070134	60542	5	54.5697156125945
SRR10070149	60542	5	63.6629993280133
SRR10070150	60542	5	64.7689294043912
SRR10070151	60542	5	63.86201621834289
SRR10102392	60542	5	42.55768097864195
SRR10102393	60542	5	43.12207016066465
SRR10102394	60542	5	42.60606686994065
SRR10070130	60542	6	52.20136309791813
SRR10070131	60542	6	54.63139552831611
SRR10070133	60542	6	29.03435915444164
SRR10070134	60542	6	54.70679585917713
SRR10070149	60542	6	63.6629993280133
SRR10070150	60542	6	64.7689294043912
SRR10070151	60542	6	63.86201621834289
SRR10102392	60542	6	42.55768097864195
SRR10102393	60542	6	43.12207016066465
SRR10102394	60542	6	42.60606686994065
SRR10070130	60542	7	52.20136309791813
SRR10070131	60542	7	54.63139552831611
SRR10070133	60542	7	29.03435915444164
SRR10070134	60542	7	54.70679585917713
SRR10070149	60542	7	63.6629993280133
SRR10070150	60542	7	64.7689294043912
SRR10070151	60542	7	63.86201621834289
SRR10102392	60542	7	42.55768097864195
SRR10102393	60542	7	43.12207016066465
SRR10102394	60542	7	42.60606686994065
SRR10070130	60542	8	52.20136309791813
SRR10070131	60542	8	54.63139552831611
SRR10070133	60542	8	29.03435915444164
SRR10070134	60542	8	54.70679585917713
SRR10070149	60542	8	63.6629993280133
SRR10070150	60542	8	64.7689294043912
SRR10070151	60542	8	63.86201621834289
SRR10102392	60542	8	42.55768097864195
SRR10102393	60542	8	43.12207016066465
SRR10102394	60542	8	42.60606686994065
SRR10070130	60542	9	52.20136309791813
SRR10070131	60542	9	54.63139552831611
SRR10070133	60542	9	29.03435915444164
SRR10070134	60542	9	54.70679585917713
SRR10070149	60542	9	63.6629993280133
SRR10070150	60542	9	64.7689294043912
SRR10070151	60542	9	63.86201621834289
SRR10102392	60542	9	42.55768097864195
SRR10102393	60542	9	43.12207016066465
SRR10102394	60542	9	42.60606686994065
SRR10070130	60542	10	52.20136309791813
SRR10070131	60542	10	54.63139552831611
SRR10070133	60542	10	29.03435915444164
SRR10070134	60542	10	54.64559442552598
SRR10070149	60542	10	63.6629993280133
SRR10070150	60542	10	64.7689294043912
SRR10070151	60542	10	63.86201621834289
SRR10102392	60542	10	42.55768097864195
SRR10102393	60542	10	43.12207016066465
SRR10102394	60542	10	42.60606686994065
SRR10070130	60843	1	52.20136309791813
SRR10070131	60843	1	54.63139552831611
SRR10070133	60843	1	29.03435915444164
SRR10070134	60843	1	54.45762836889224
SRR10070149	60843	1	63.6629993280133
SRR10070150	60843	1	64.7689294043912
SRR10070151	60843	1	63.86201621834289
SRR10102392	60843	1	42.55768097864195
SRR10102393	60843	1	43.12207016066465
SRR10102394	60843	1	42.60606686994065
SRR10070130	60843	2	52.20136309791813
SRR10070131	60843	2	54.63139552831611
SRR10070133	60843	2	29.03435915444164
SRR10070134	60843	2	54.70679585917713
SRR10070149	60843	2	63.6629993280133
SRR10070150	60843	2	64.7689294043912
SRR10070151	60843	2	63.86201621834289
SRR10102392	60843	2	42.55768097864195
SRR10102393	60843	2	43.02925421446499
SRR10102394	60843	2	42.60606686994065
SRR10070130	60843	3	52.20136309791813
SRR10070131	60843	3	54.63139552831611
SRR10070133	60843	3	29.03435915444164
SRR10070134	60843	3	54.70679585917713
SRR10070149	60843	3	63.6629993280133
SRR10070150	60843	3	64.7689294043912
SRR10070151	60843	3	63.86201621834289
SRR10102392	60843	3	42.55768097864195
SRR10102393	60843	3	43.12207016066465
SRR10102394	60843	3	42.60606686994065
SRR10070130	60843	4	52.20136309791813
SRR10070131	60843	4	54.63139552831611
SRR10070133	60843	4	29.03435915444164
SRR10070134	60843	4	54.70679585917713
SRR10070149	60843	4	63.6629993280133
SRR10070150	60843	4	64.7689294043912
SRR10070151	60843	4	63.86201621834289
SRR10102392	60843	4	42.55768097864195
SRR10102393	60843	4	43.12207016066465
SRR10102394	60843	4	42.60606686994065
SRR10070130	60843	5	52.20136309791813
SRR10070131	60843	5	54.63139552831611
SRR10070133	60843	5	29.03435915444164
SRR10070134	60843	5	54.45762836889224
SRR10070149	60843	5	63.6629993280133
SRR10070150	60843	5	64.7689294043912
SRR10070151	60843	5	63.86201621834289
SRR10102392	60843	5	42.55768097864195
SRR10102393	60843	5	43.12207016066465
SRR10102394	60843	5	42.60606686994065
SRR10070130	60843	6	52.20136309791813
SRR10070131	60843	6	54.63139552831611
SRR10070133	60843	6	29.03435915444164
SRR10070134	60843	6	54.70679585917713
SRR10070149	60843	6	63.6629993280133
SRR10070150	60843	6	64.7689294043912
SRR10070151	60843	6	63.86201621834289
SRR10102392	60843	6	42.55768097864195
SRR10102393	60843	6	43.12207016066465
SRR10102394	60843	6	42.60606686994065
SRR10070130	60843	7	52.20136309791813
SRR10070131	60843	7	54.63139552831611
SRR10070133	60843	7	29.03435915444164
SRR10070134	60843	7	54.70679585917713
SRR10070149	60843	7	63.6629993280133
SRR10070150	60843	7	64.7689294043912
SRR10070151	60843	7	63.86201621834289
SRR10102392	60843	7	42.55768097864195
SRR10102393	60843	7	43.12207016066465
SRR10102394	60843	7	42.60606686994065
SRR10070130	60843	8	52.20136309791813
SRR10070131	60843	8	54.63139552831611
SRR10070133	60843	8	29.03435915444164
SRR10070134	60843	8	54.70679585917713
SRR10070149	60843	8	63.6629993280133
SRR10070150	60843	8	64.7689294043912
SRR10070151	60843	8	63.86201621834289
SRR10102392	60843	8	42.55768097864195
SRR10102393	60843	8	43.12207016066465
SRR10102394	60843	8	42.60606686994065
SRR10070130	60843	9	52.20136309791813
SRR10070131	60843	9	54.45366267370022
SRR10070133	60843	9	29.03435915444164
SRR10070134	60843	9	54.70679585917713
SRR10070149	60843	9	63.6629993280133
SRR10070150	60843	9	64.7689294043912
SRR10070151	60843	9	63.86201621834289
SRR10102392	60843	9	42.55768097864195
SRR10102393	60843	9	43.12207016066465
SRR10102394	60843	9	42.60606686994065
SRR10070130	60843	10	52.20136309791813
SRR10070131	60843	10	54.63139552831611
SRR10070133	60843	10	29.03435915444164
SRR10070134	60843	10	54.5697156125945
SRR10070149	60843	10	63.6629993280133
SRR10070150	60843	10	64.7689294043912
SRR10070151	60843	10	63.86201621834289
SRR10102392	60843	10	42.55768097864195
SRR10102393	60843	10	43.12207016066465
SRR10102394	60843	10	42.60606686994065
SRR10070130	61144	1	52.20136309791813
SRR10070131	61144	1	54.63139552831611
SRR10070133	61144	1	29.03435915444164
SRR10070134	61144	1	54.55466645493032
SRR10070149	61144	1	63.6629993280133
SRR10070150	61144	1	64.7689294043912
SRR10102392	61144	1	42.55768097864195
SRR10102393	61144	1	43.12207016066465
SRR10102394	61144	1	42.60606686994065
SRR10070130	61144	2	52.20136309791813
SRR10070131	61144	2	54.63139552831611
SRR10070133	61144	2	29.03435915444164
SRR10070134	61144	2	54.67095322257699
SRR10070149	61144	2	63.6629993280133
SRR10070150	61144	2	64.7689294043912
SRR10102392	61144	2	42.55768097864195
SRR10102393	61144	2	43.12207016066465
SRR10102394	61144	2	42.60606686994065
SRR10070130	61144	3	52.20136309791813
SRR10070131	61144	3	54.63139552831611
SRR10070133	61144	3	29.03435915444164
SRR10070134	61144	3	54.70679585917713
SRR10070149	61144	3	63.6629993280133
SRR10070150	61144	3	64.7689294043912
SRR10102392	61144	3	42.55768097864195
SRR10102393	61144	3	43.12207016066465
SRR10102394	61144	3	42.60606686994065
SRR10070130	61144	4	52.20136309791813
SRR10070131	61144	4	54.63139552831611
SRR10070133	61144	4	29.03435915444164
SRR10070134	61144	4	54.59396805523755
SRR10070149	61144	4	63.6629993280133
SRR10070150	61144	4	64.7689294043912
SRR10102392	61144	4	42.55768097864195
SRR10102393	61144	4	43.12207016066465
SRR10102394	61144	4	42.60606686994065
SRR10070130	61144	5	52.20136309791813
SRR10070131	61144	5	54.49784608393869
SRR10070133	61144	5	29.03435915444164
SRR10070134	61144	5	54.57886837704898
SRR10070149	61144	5	63.6629993280133
SRR10070150	61144	5	64.7689294043912
SRR10102392	61144	5	42.55768097864195
SRR10102393	61144	5	43.12207016066465
SRR10102394	61144	5	42.60606686994065
SRR10070130	61144	6	52.20136309791813
SRR10070131	61144	6	54.63139552831611
SRR10070133	61144	6	29.03435915444164
SRR10070134	61144	6	54.70679585917713
SRR10070149	61144	6	63.6629993280133
SRR10070150	61144	6	64.7689294043912
SRR10102392	61144	6	42.55768097864195
SRR10102393	61144	6	43.12207016066465
SRR10102394	61144	6	42.60606686994065
SRR10070130	61144	7	52.20136309791813
SRR10070131	61144	7	54.63139552831611
SRR10070133	61144	7	29.03435915444164
SRR10070134	61144	7	54.70679585917713
SRR10070149	61144	7	63.6629993280133
SRR10070150	61144	7	64.7689294043912
SRR10102392	61144	7	42.55768097864195
SRR10102393	61144	7	43.12207016066465
SRR10102394	61144	7	42.60606686994065
SRR10070130	61144	8	52.20136309791813
SRR10070131	61144	8	54.63139552831611
SRR10070133	61144	8	29.03435915444164
SRR10070134	61144	8	54.55466645493032
SRR10070149	61144	8	63.6629993280133
SRR10070150	61144	8	64.7689294043912
SRR10102392	61144	8	42.55768097864195
SRR10102393	61144	8	43.12207016066465
SRR10102394	61144	8	42.60606686994065
SRR10070130	61144	9	52.20136309791813
SRR10070131	61144	9	54.63139552831611
SRR10070133	61144	9	29.03435915444164
SRR10070134	61144	9	54.70679585917713
SRR10070149	61144	9	63.6629993280133
SRR10070150	61144	9	64.7689294043912
SRR10102392	61144	9	42.55768097864195
SRR10102393	61144	9	43.12207016066465
SRR10102394	61144	9	42.60606686994065
SRR10070130	61144	10	52.20136309791813
SRR10070131	61144	10	54.63139552831611
SRR10070133	61144	10	29.03435915444164
SRR10070134	61144	10	54.70679585917713
SRR10070149	61144	10	63.6629993280133
SRR10070150	61144	10	64.7689294043912
SRR10102392	61144	10	42.55768097864195
SRR10102393	61144	10	43.12207016066465
SRR10102394	61144	10	42.60606686994065
SRR10070130	61445	1	52.20136309791813
SRR10070131	61445	1	54.63139552831611
SRR10070133	61445	1	29.03435915444164
SRR10070134	61445	1	54.70679585917713
SRR10070149	61445	1	63.6629993280133
SRR10070150	61445	1	64.7689294043912
SRR10102392	61445	1	42.55768097864195
SRR10102393	61445	1	43.12207016066465
SRR10102394	61445	1	42.60606686994065
SRR10070130	61445	2	52.20136309791813
SRR10070131	61445	2	54.63139552831611
SRR10070133	61445	2	29.03435915444164
SRR10070134	61445	2	54.70679585917713
SRR10070149	61445	2	63.6629993280133
SRR10070150	61445	2	64.7689294043912
SRR10102392	61445	2	42.55768097864195
SRR10102393	61445	2	43.12207016066465
SRR10102394	61445	2	42.60606686994065
SRR10070130	61445	3	52.20136309791813
SRR10070131	61445	3	54.63139552831611
SRR10070133	61445	3	29.03435915444164
SRR10070134	61445	3	54.70679585917713
SRR10070149	61445	3	63.6629993280133
SRR10070150	61445	3	64.7689294043912
SRR10102392	61445	3	42.55768097864195
SRR10102393	61445	3	43.12207016066465
SRR10102394	61445	3	42.60606686994065
SRR10070130	61445	4	52.20136309791813
SRR10070131	61445	4	54.63139552831611
SRR10070133	61445	4	29.03435915444164
SRR10070134	61445	4	54.70679585917713
SRR10070149	61445	4	63.6629993280133
SRR10070150	61445	4	64.7689294043912
SRR10102392	61445	4	42.55768097864195
SRR10102393	61445	4	43.12207016066465
SRR10102394	61445	4	42.60606686994065
SRR10070130	61445	5	52.20136309791813
SRR10070131	61445	5	54.63139552831611
SRR10070133	61445	5	29.03435915444164
SRR10070134	61445	5	54.70679585917713
SRR10070149	61445	5	63.6629993280133
SRR10070150	61445	5	64.7689294043912
SRR10102392	61445	5	42.55768097864195
SRR10102393	61445	5	43.12207016066465
SRR10102394	61445	5	42.60606686994065
SRR10070130	61445	6	52.20136309791813
SRR10070131	61445	6	54.63139552831611
SRR10070133	61445	6	29.03435915444164
SRR10070134	61445	6	54.67859978266972
SRR10070149	61445	6	63.6629993280133
SRR10070150	61445	6	64.7689294043912
SRR10102392	61445	6	42.55768097864195
SRR10102393	61445	6	43.12207016066465
SRR10102394	61445	6	42.60606686994065
SRR10070130	61445	7	52.20136309791813
SRR10070131	61445	7	54.63139552831611
SRR10070133	61445	7	29.03435915444164
SRR10070134	61445	7	54.70679585917713
SRR10070149	61445	7	63.6629993280133
SRR10070150	61445	7	64.7689294043912
SRR10102392	61445	7	42.55768097864195
SRR10102393	61445	7	43.12207016066465
SRR10102394	61445	7	42.60606686994065
SRR10070130	61445	8	52.20136309791813
SRR10070131	61445	8	54.63139552831611
SRR10070133	61445	8	29.03435915444164
SRR10070134	61445	8	54.5697156125945
SRR10070149	61445	8	63.6629993280133
SRR10070150	61445	8	64.7689294043912
SRR10102392	61445	8	42.55768097864195
SRR10102393	61445	8	43.12207016066465
SRR10102394	61445	8	42.60606686994065
SRR10070130	61445	9	52.20136309791813
SRR10070131	61445	9	54.63139552831611
SRR10070133	61445	9	29.03435915444164
SRR10070134	61445	9	54.60614114723029
SRR10070149	61445	9	63.6629993280133
SRR10070150	61445	9	64.7689294043912
SRR10102392	61445	9	42.55768097864195
SRR10102393	61445	9	43.12207016066465
SRR10102394	61445	9	42.60606686994065
SRR10070130	61445	10	52.20136309791813
SRR10070131	61445	10	54.63139552831611
SRR10070133	61445	10	29.03435915444164
SRR10070134	61445	10	54.55466645493032
SRR10070149	61445	10	63.6629993280133
SRR10070150	61445	10	64.7689294043912
SRR10102392	61445	10	42.55768097864195
SRR10102393	61445	10	43.12207016066465
SRR10102394	61445	10	42.60606686994065
SRR10070130	61747	1	52.20136309791813
SRR10070131	61747	1	54.63139552831611
SRR10070133	61747	1	29.03435915444164
SRR10070134	61747	1	54.3142177105624
SRR10070149	61747	1	63.6629993280133
SRR10070150	61747	1	64.7689294043912
SRR10102392	61747	1	42.55768097864195
SRR10102393	61747	1	43.12207016066465
SRR10102394	61747	1	42.60606686994065
SRR10070130	61747	2	52.20136309791813
SRR10070131	61747	2	54.63139552831611
SRR10070133	61747	2	29.03435915444164
SRR10070134	61747	2	54.70679585917713
SRR10070149	61747	2	63.6629993280133
SRR10070150	61747	2	64.7689294043912
SRR10102392	61747	2	42.55768097864195
SRR10102393	61747	2	43.02925421446499
SRR10102394	61747	2	42.60606686994065
SRR10070130	61747	3	52.20136309791813
SRR10070131	61747	3	54.63139552831611
SRR10070133	61747	3	29.03435915444164
SRR10070134	61747	3	54.70679585917713
SRR10070149	61747	3	63.6629993280133
SRR10070150	61747	3	64.7689294043912
SRR10102392	61747	3	42.55768097864195
SRR10102393	61747	3	43.12207016066465
SRR10102394	61747	3	42.60606686994065
SRR10070130	61747	4	52.20136309791813
SRR10070131	61747	4	54.63139552831611
SRR10070133	61747	4	29.03435915444164
SRR10070134	61747	4	54.70679585917713
SRR10070149	61747	4	63.6629993280133
SRR10070150	61747	4	64.7689294043912
SRR10102392	61747	4	42.55768097864195
SRR10102393	61747	4	43.12207016066465
SRR10102394	61747	4	42.60606686994065
SRR10070130	61747	5	52.20136309791813
SRR10070131	61747	5	54.63139552831611
SRR10070133	61747	5	29.03435915444164
SRR10070134	61747	5	54.70679585917713
SRR10070149	61747	5	63.6629993280133
SRR10070150	61747	5	64.7689294043912
SRR10102392	61747	5	42.55768097864195
SRR10102393	61747	5	43.12207016066465
SRR10102394	61747	5	42.60606686994065
SRR10070130	61747	6	52.20136309791813
SRR10070131	61747	6	54.63139552831611
SRR10070133	61747	6	29.03435915444164
SRR10070134	61747	6	54.5697156125945
SRR10070149	61747	6	63.6629993280133
SRR10070150	61747	6	64.7689294043912
SRR10102392	61747	6	42.55768097864195
SRR10102393	61747	6	43.12207016066465
SRR10102394	61747	6	42.60606686994065
SRR10070130	61747	7	52.20136309791813
SRR10070131	61747	7	54.63139552831611
SRR10070133	61747	7	29.03435915444164
SRR10070134	61747	7	54.70679585917713
SRR10070149	61747	7	63.6629993280133
SRR10070150	61747	7	64.7689294043912
SRR10102392	61747	7	42.55768097864195
SRR10102393	61747	7	43.12207016066465
SRR10102394	61747	7	42.60606686994065
SRR10070130	61747	8	52.20136309791813
SRR10070131	61747	8	54.63139552831611
SRR10070133	61747	8	29.03435915444164
SRR10070134	61747	8	54.70679585917713
SRR10070149	61747	8	63.6629993280133
SRR10070150	61747	8	64.7689294043912
SRR10102392	61747	8	42.55768097864195
SRR10102393	61747	8	43.12207016066465
SRR10102394	61747	8	42.60606686994065
SRR10070130	61747	9	52.20136309791813
SRR10070131	61747	9	54.63139552831611
SRR10070133	61747	9	29.03435915444164
SRR10070134	61747	9	54.62059842384052
SRR10070149	61747	9	63.6629993280133
SRR10070150	61747	9	64.7689294043912
SRR10102392	61747	9	42.55768097864195
SRR10102393	61747	9	43.12207016066465
SRR10102394	61747	9	42.60606686994065
SRR10070130	61747	10	52.20136309791813
SRR10070131	61747	10	54.63139552831611
SRR10070133	61747	10	29.03435915444164
SRR10070134	61747	10	54.55466645493032
SRR10070149	61747	10	63.6629993280133
SRR10070150	61747	10	64.7689294043912
SRR10102392	61747	10	42.55768097864195
SRR10102393	61747	10	43.12207016066465
SRR10102394	61747	10	42.60606686994065
SRR10070130	62048	1	52.20136309791813
SRR10070131	62048	1	54.63139552831611
SRR10070133	62048	1	29.03435915444164
SRR10070134	62048	1	54.70679585917713
SRR10070149	62048	1	63.6629993280133
SRR10070150	62048	1	64.7689294043912
SRR10102392	62048	1	42.55768097864195
SRR10102393	62048	1	43.12207016066465
SRR10102394	62048	1	42.60606686994065
SRR10070130	62048	2	52.20136309791813
SRR10070131	62048	2	54.63139552831611
SRR10070133	62048	2	29.03435915444164
SRR10070134	62048	2	54.70679585917713
SRR10070149	62048	2	63.6629993280133
SRR10070150	62048	2	64.7689294043912
SRR10102392	62048	2	42.55768097864195
SRR10102393	62048	2	43.12207016066465
SRR10102394	62048	2	42.60606686994065
SRR10070130	62048	3	52.20136309791813
SRR10070131	62048	3	54.63139552831611
SRR10070133	62048	3	29.03435915444164
SRR10070134	62048	3	54.70679585917713
SRR10070149	62048	3	63.6629993280133
SRR10070150	62048	3	64.7689294043912
SRR10102392	62048	3	42.55768097864195
SRR10102393	62048	3	43.12207016066465
SRR10102394	62048	3	42.60606686994065
SRR10070130	62048	4	52.20136309791813
SRR10070131	62048	4	54.63139552831611
SRR10070133	62048	4	29.03435915444164
SRR10070134	62048	4	54.70679585917713
SRR10070149	62048	4	63.6629993280133
SRR10070150	62048	4	64.59281345940963
SRR10102392	62048	4	42.55768097864195
SRR10102393	62048	4	43.12207016066465
SRR10102394	62048	4	42.60606686994065
SRR10070130	62048	5	52.20136309791813
SRR10070131	62048	5	54.63139552831611
SRR10070133	62048	5	29.03435915444164
SRR10070134	62048	5	54.70679585917713
SRR10070149	62048	5	63.6629993280133
SRR10070150	62048	5	64.7689294043912
SRR10102392	62048	5	42.55768097864195
SRR10102393	62048	5	43.12207016066465
SRR10102394	62048	5	42.60606686994065
SRR10070130	62048	6	52.20136309791813
SRR10070131	62048	6	54.63139552831611
SRR10070133	62048	6	29.03435915444164
SRR10070134	62048	6	54.70679585917713
SRR10070149	62048	6	63.6629993280133
SRR10070150	62048	6	64.7689294043912
SRR10102392	62048	6	42.55768097864195
SRR10102393	62048	6	43.12207016066465
SRR10102394	62048	6	42.60606686994065
SRR10070130	62048	7	52.20136309791813
SRR10070131	62048	7	54.63139552831611
SRR10070133	62048	7	29.03435915444164
SRR10070134	62048	7	54.70679585917713
SRR10070149	62048	7	63.6629993280133
SRR10070150	62048	7	64.7689294043912
SRR10102392	62048	7	42.55768097864195
SRR10102393	62048	7	43.12207016066465
SRR10102394	62048	7	42.60606686994065
SRR10070130	62048	8	52.20136309791813
SRR10070131	62048	8	54.63139552831611
SRR10070133	62048	8	29.03435915444164
SRR10070134	62048	8	54.54235953747155
SRR10070149	62048	8	63.6629993280133
SRR10070150	62048	8	64.7689294043912
SRR10102392	62048	8	42.55768097864195
SRR10102393	62048	8	43.12207016066465
SRR10102394	62048	8	42.60606686994065
SRR10070130	62048	9	52.20136309791813
SRR10070131	62048	9	54.63139552831611
SRR10070133	62048	9	29.03435915444164
SRR10070134	62048	9	54.45762836889224
SRR10070149	62048	9	63.6629993280133
SRR10070150	62048	9	64.7689294043912
SRR10102392	62048	9	42.55768097864195
SRR10102393	62048	9	43.12207016066465
SRR10102394	62048	9	42.60606686994065
SRR10070130	62048	10	52.20136309791813
SRR10070131	62048	10	54.63139552831611
SRR10070133	62048	10	29.03435915444164
SRR10070134	62048	10	54.61870047418381
SRR10070149	62048	10	63.6629993280133
SRR10070150	62048	10	64.7689294043912
SRR10102392	62048	10	42.55768097864195
SRR10102393	62048	10	43.12207016066465
SRR10102394	62048	10	42.60606686994065
SRR10070130	62349	1	52.20136309791813
SRR10070131	62349	1	54.63139552831611
SRR10070133	62349	1	29.03435915444164
SRR10070134	62349	1	54.70679585917713
SRR10070149	62349	1	63.6629993280133
SRR10070150	62349	1	64.7689294043912
SRR10102392	62349	1	42.55768097864195
SRR10102393	62349	1	43.12207016066465
SRR10102394	62349	1	42.60606686994065
SRR10070130	62349	2	52.20136309791813
SRR10070131	62349	2	54.63139552831611
SRR10070133	62349	2	29.03435915444164
SRR10070134	62349	2	54.67859978266972
SRR10070149	62349	2	63.6629993280133
SRR10070150	62349	2	64.7689294043912
SRR10102392	62349	2	42.55768097864195
SRR10102393	62349	2	43.12207016066465
SRR10102394	62349	2	42.60606686994065
SRR10070130	62349	3	52.20136309791813
SRR10070131	62349	3	54.63139552831611
SRR10070133	62349	3	29.03435915444164
SRR10070134	62349	3	54.70679585917713
SRR10070149	62349	3	63.6629993280133
SRR10070150	62349	3	64.7689294043912
SRR10102392	62349	3	42.55768097864195
SRR10102393	62349	3	43.12207016066465
SRR10102394	62349	3	42.60606686994065
SRR10070130	62349	4	52.20136309791813
SRR10070131	62349	4	54.63139552831611
SRR10070133	62349	4	29.03435915444164
SRR10070134	62349	4	54.70679585917713
SRR10070149	62349	4	63.6629993280133
SRR10070150	62349	4	64.7689294043912
SRR10102392	62349	4	42.55768097864195
SRR10102393	62349	4	43.12207016066465
SRR10102394	62349	4	42.60606686994065
SRR10070130	62349	5	52.20136309791813
SRR10070131	62349	5	54.63139552831611
SRR10070133	62349	5	29.03435915444164
SRR10070134	62349	5	54.70679585917713
SRR10070149	62349	5	63.6629993280133
SRR10070150	62349	5	64.7689294043912
SRR10102392	62349	5	42.55768097864195
SRR10102393	62349	5	43.12207016066465
SRR10102394	62349	5	42.60606686994065
SRR10070130	62349	6	52.20136309791813
SRR10070131	62349	6	54.63139552831611
SRR10070133	62349	6	29.03435915444164
SRR10070134	62349	6	54.70679585917713
SRR10070149	62349	6	63.6629993280133
SRR10070150	62349	6	64.7689294043912
SRR10102392	62349	6	42.55768097864195
SRR10102393	62349	6	43.10567807473059
SRR10102394	62349	6	42.60606686994065
SRR10070130	62349	7	52.20136309791813
SRR10070131	62349	7	54.63139552831611
SRR10070133	62349	7	29.03435915444164
SRR10070134	62349	7	54.70679585917713
SRR10070149	62349	7	63.6629993280133
SRR10070150	62349	7	64.7689294043912
SRR10102392	62349	7	42.55768097864195
SRR10102393	62349	7	43.12207016066465
SRR10102394	62349	7	42.60606686994065
SRR10070130	62349	8	52.20136309791813
SRR10070131	62349	8	54.63139552831611
SRR10070133	62349	8	29.03435915444164
SRR10070134	62349	8	54.70679585917713
SRR10070149	62349	8	63.6629993280133
SRR10070150	62349	8	64.7689294043912
SRR10102392	62349	8	42.55768097864195
SRR10102393	62349	8	43.12207016066465
SRR10102394	62349	8	42.60606686994065
SRR10070130	62349	9	52.20136309791813
SRR10070131	62349	9	54.63139552831611
SRR10070133	62349	9	29.03435915444164
SRR10070134	62349	9	54.70679585917713
SRR10070149	62349	9	63.6629993280133
SRR10070150	62349	9	64.7689294043912
SRR10102392	62349	9	42.55768097864195
SRR10102393	62349	9	43.12207016066465
SRR10102394	62349	9	42.60606686994065
SRR10070130	62349	10	52.20136309791813
SRR10070131	62349	10	54.63139552831611
SRR10070133	62349	10	29.03435915444164
SRR10070134	62349	10	54.70679585917713
SRR10070149	62349	10	63.6629993280133
SRR10070150	62349	10	64.7689294043912
SRR10102392	62349	10	42.55768097864195
SRR10102393	62349	10	43.12207016066465
SRR10102394	62349	10	42.60606686994065
SRR10070130	62650	1	52.20136309791813
SRR10070131	62650	1	54.63139552831611
SRR10070133	62650	1	29.03435915444164
SRR10070134	62650	1	54.70679585917713
SRR10070149	62650	1	63.6629993280133
SRR10070150	62650	1	64.7689294043912
SRR10102392	62650	1	42.55768097864195
SRR10102393	62650	1	43.12207016066465
SRR10102394	62650	1	42.60606686994065
SRR10070130	62650	2	52.20136309791813
SRR10070131	62650	2	54.63139552831611
SRR10070133	62650	2	29.03435915444164
SRR10070134	62650	2	54.70679585917713
SRR10070149	62650	2	63.6629993280133
SRR10070150	62650	2	64.7689294043912
SRR10102392	62650	2	42.55768097864195
SRR10102393	62650	2	43.12207016066465
SRR10102394	62650	2	42.60606686994065
SRR10070130	62650	3	52.20136309791813
SRR10070131	62650	3	54.63139552831611
SRR10070133	62650	3	29.03435915444164
SRR10070134	62650	3	54.70679585917713
SRR10070149	62650	3	63.6629993280133
SRR10070150	62650	3	64.7689294043912
SRR10102392	62650	3	42.55768097864195
SRR10102393	62650	3	43.12207016066465
SRR10102394	62650	3	42.60606686994065
SRR10070130	62650	4	52.20136309791813
SRR10070131	62650	4	54.63139552831611
SRR10070133	62650	4	29.03435915444164
SRR10070134	62650	4	54.70679585917713
SRR10070149	62650	4	63.6629993280133
SRR10070150	62650	4	64.7689294043912
SRR10102392	62650	4	42.55768097864195
SRR10102393	62650	4	43.12207016066465
SRR10102394	62650	4	42.60606686994065
SRR10070130	62650	5	52.20136309791813
SRR10070131	62650	5	54.63139552831611
SRR10070133	62650	5	29.03435915444164
SRR10070134	62650	5	54.70679585917713
SRR10070149	62650	5	63.6629993280133
SRR10070150	62650	5	64.7689294043912
SRR10102392	62650	5	42.55768097864195
SRR10102393	62650	5	43.12207016066465
SRR10102394	62650	5	42.60606686994065
SRR10070130	62650	6	52.20136309791813
SRR10070131	62650	6	54.63139552831611
SRR10070133	62650	6	29.03435915444164
SRR10070134	62650	6	54.70679585917713
SRR10070149	62650	6	63.6629993280133
SRR10070150	62650	6	64.7689294043912
SRR10102392	62650	6	42.55768097864195
SRR10102393	62650	6	43.12207016066465
SRR10102394	62650	6	42.60606686994065
SRR10070130	62650	7	52.20136309791813
SRR10070131	62650	7	54.63139552831611
SRR10070133	62650	7	29.03435915444164
SRR10070134	62650	7	54.55466645493032
SRR10070149	62650	7	63.6629993280133
SRR10070150	62650	7	64.7689294043912
SRR10102392	62650	7	42.55768097864195
SRR10102393	62650	7	43.12207016066465
SRR10102394	62650	7	42.60606686994065
SRR10070130	62650	8	52.20136309791813
SRR10070131	62650	8	54.63139552831611
SRR10070133	62650	8	29.03435915444164
SRR10070134	62650	8	54.45762836889224
SRR10070149	62650	8	63.6629993280133
SRR10070150	62650	8	64.7689294043912
SRR10102392	62650	8	42.55768097864195
SRR10102393	62650	8	43.12207016066465
SRR10102394	62650	8	42.60606686994065
SRR10070130	62650	9	52.20136309791813
SRR10070131	62650	9	54.63139552831611
SRR10070133	62650	9	29.03435915444164
SRR10070134	62650	9	54.70679585917713
SRR10070149	62650	9	63.6629993280133
SRR10070150	62650	9	64.7689294043912
SRR10102392	62650	9	42.55768097864195
SRR10102393	62650	9	43.12207016066465
SRR10102394	62650	9	42.60606686994065
SRR10070130	62650	10	52.20136309791813
SRR10070131	62650	10	54.63139552831611
SRR10070133	62650	10	29.03435915444164
SRR10070134	62650	10	54.55466645493032
SRR10070149	62650	10	63.6629993280133
SRR10070150	62650	10	64.7689294043912
SRR10102392	62650	10	42.55768097864195
SRR10102393	62650	10	43.12207016066465
SRR10102394	62650	10	42.60606686994065
SRR10070130	62951	1	52.20136309791813
SRR10070131	62951	1	54.63139552831611
SRR10070133	62951	1	29.03435915444164
SRR10070134	62951	1	54.70679585917713
SRR10070149	62951	1	63.6629993280133
SRR10070150	62951	1	64.7689294043912
SRR10102392	62951	1	42.55768097864195
SRR10102393	62951	1	43.12207016066465
SRR10102394	62951	1	42.60606686994065
SRR10070130	62951	2	52.20136309791813
SRR10070131	62951	2	54.63139552831611
SRR10070133	62951	2	29.03435915444164
SRR10070134	62951	2	54.45762836889224
SRR10070149	62951	2	63.6629993280133
SRR10070150	62951	2	64.7689294043912
SRR10102392	62951	2	42.55768097864195
SRR10102393	62951	2	43.12207016066465
SRR10102394	62951	2	42.60606686994065
SRR10070130	62951	3	52.20136309791813
SRR10070131	62951	3	54.63139552831611
SRR10070133	62951	3	29.03435915444164
SRR10070134	62951	3	54.70679585917713
SRR10070149	62951	3	63.6629993280133
SRR10070150	62951	3	64.7689294043912
SRR10102392	62951	3	42.55768097864195
SRR10102393	62951	3	43.12207016066465
SRR10102394	62951	3	42.60606686994065
SRR10070130	62951	4	52.20136309791813
SRR10070131	62951	4	54.63139552831611
SRR10070133	62951	4	29.03435915444164
SRR10070134	62951	4	54.70679585917713
SRR10070149	62951	4	63.6629993280133
SRR10070150	62951	4	64.7689294043912
SRR10102392	62951	4	42.55768097864195
SRR10102393	62951	4	43.12207016066465
SRR10102394	62951	4	42.60606686994065
SRR10070130	62951	5	52.20136309791813
SRR10070131	62951	5	54.63139552831611
SRR10070133	62951	5	29.03435915444164
SRR10070134	62951	5	54.55466645493032
SRR10070149	62951	5	63.6629993280133
SRR10070150	62951	5	64.7689294043912
SRR10102392	62951	5	42.55768097864195
SRR10102393	62951	5	43.12207016066465
SRR10102394	62951	5	42.60606686994065
SRR10070130	62951	6	52.20136309791813
SRR10070131	62951	6	54.63139552831611
SRR10070133	62951	6	29.03435915444164
SRR10070134	62951	6	54.70679585917713
SRR10070149	62951	6	63.6629993280133
SRR10070150	62951	6	64.7689294043912
SRR10102392	62951	6	42.55768097864195
SRR10102393	62951	6	43.12207016066465
SRR10102394	62951	6	42.60606686994065
SRR10070130	62951	7	52.20136309791813
SRR10070131	62951	7	54.63139552831611
SRR10070133	62951	7	29.03435915444164
SRR10070134	62951	7	54.55466645493032
SRR10070149	62951	7	63.6629993280133
SRR10070150	62951	7	64.7689294043912
SRR10102392	62951	7	42.55768097864195
SRR10102393	62951	7	43.12207016066465
SRR10102394	62951	7	42.60606686994065
SRR10070130	62951	8	52.20136309791813
SRR10070131	62951	8	54.63139552831611
SRR10070133	62951	8	29.03435915444164
SRR10070134	62951	8	54.70679585917713
SRR10070149	62951	8	63.6629993280133
SRR10070150	62951	8	64.7689294043912
SRR10102392	62951	8	42.55768097864195
SRR10102393	62951	8	43.12207016066465
SRR10102394	62951	8	42.60606686994065
SRR10070130	62951	9	52.20136309791813
SRR10070131	62951	9	54.63139552831611
SRR10070133	62951	9	29.03435915444164
SRR10070134	62951	9	54.70679585917713
SRR10070149	62951	9	63.6629993280133
SRR10070150	62951	9	64.7689294043912
SRR10102392	62951	9	42.55768097864195
SRR10102393	62951	9	43.12207016066465
SRR10102394	62951	9	42.60606686994065
SRR10070130	62951	10	52.20136309791813
SRR10070131	62951	10	54.63139552831611
SRR10070133	62951	10	29.03435915444164
SRR10070134	62951	10	54.5697156125945
SRR10070149	62951	10	63.6629993280133
SRR10070150	62951	10	64.7689294043912
SRR10102392	62951	10	42.55768097864195
SRR10102393	62951	10	43.12207016066465
SRR10102394	62951	10	42.60606686994065
SRR10070130	63253	1	52.20136309791813
SRR10070131	63253	1	54.63139552831611
SRR10070133	63253	1	29.03435915444164
SRR10070134	63253	1	54.70679585917713
SRR10070149	63253	1	63.6629993280133
SRR10070150	63253	1	64.7689294043912
SRR10102392	63253	1	42.55768097864195
SRR10102393	63253	1	43.12207016066465
SRR10102394	63253	1	42.60606686994065
SRR10070130	63253	2	52.20136309791813
SRR10070131	63253	2	54.63139552831611
SRR10070133	63253	2	29.03435915444164
SRR10070134	63253	2	54.45762836889224
SRR10070149	63253	2	63.6629993280133
SRR10070150	63253	2	64.7689294043912
SRR10102392	63253	2	42.55768097864195
SRR10102393	63253	2	43.12207016066465
SRR10102394	63253	2	42.60606686994065
SRR10070130	63253	3	52.20136309791813
SRR10070131	63253	3	54.63139552831611
SRR10070133	63253	3	29.03435915444164
SRR10070134	63253	3	54.67859978266972
SRR10070149	63253	3	63.6629993280133
SRR10070150	63253	3	64.68738248264253
SRR10102392	63253	3	42.55768097864195
SRR10102393	63253	3	43.12207016066465
SRR10102394	63253	3	42.60606686994065
SRR10070130	63253	4	52.20136309791813
SRR10070131	63253	4	54.63139552831611
SRR10070133	63253	4	29.03435915444164
SRR10070134	63253	4	54.54235953747155
SRR10070149	63253	4	63.6629993280133
SRR10070150	63253	4	64.7689294043912
SRR10102392	63253	4	42.55768097864195
SRR10102393	63253	4	43.12207016066465
SRR10102394	63253	4	42.60606686994065
SRR10070130	63253	5	52.20136309791813
SRR10070131	63253	5	54.63139552831611
SRR10070133	63253	5	29.03435915444164
SRR10070134	63253	5	54.62193795156525
SRR10070149	63253	5	63.6629993280133
SRR10070150	63253	5	64.7689294043912
SRR10102392	63253	5	42.55768097864195
SRR10102393	63253	5	43.12207016066465
SRR10102394	63253	5	42.60606686994065
SRR10070130	63253	6	52.20136309791813
SRR10070131	63253	6	54.63139552831611
SRR10070133	63253	6	29.03435915444164
SRR10070134	63253	6	54.70679585917713
SRR10070149	63253	6	63.6629993280133
SRR10070150	63253	6	64.7689294043912
SRR10102392	63253	6	42.55768097864195
SRR10102393	63253	6	43.12207016066465
SRR10102394	63253	6	42.60606686994065
SRR10070130	63253	7	52.20136309791813
SRR10070131	63253	7	54.63139552831611
SRR10070133	63253	7	29.03435915444164
SRR10070134	63253	7	54.70679585917713
SRR10070149	63253	7	63.6629993280133
SRR10070150	63253	7	64.7689294043912
SRR10102392	63253	7	42.55768097864195
SRR10102393	63253	7	43.12207016066465
SRR10102394	63253	7	42.60606686994065
SRR10070130	63253	8	52.20136309791813
SRR10070131	63253	8	54.63139552831611
SRR10070133	63253	8	29.03435915444164
SRR10070134	63253	8	54.70679585917713
SRR10070149	63253	8	63.6629993280133
SRR10070150	63253	8	64.7689294043912
SRR10102392	63253	8	42.55768097864195
SRR10102393	63253	8	43.12207016066465
SRR10102394	63253	8	42.60606686994065
SRR10070130	63253	9	52.20136309791813
SRR10070131	63253	9	54.63139552831611
SRR10070133	63253	9	29.03435915444164
SRR10070134	63253	9	54.70679585917713
SRR10070149	63253	9	63.6629993280133
SRR10070150	63253	9	64.7689294043912
SRR10102392	63253	9	42.55768097864195
SRR10102393	63253	9	43.12207016066465
SRR10102394	63253	9	42.60606686994065
SRR10070130	63253	10	52.20136309791813
SRR10070131	63253	10	54.63139552831611
SRR10070133	63253	10	29.03435915444164
SRR10070134	63253	10	54.70679585917713
SRR10070149	63253	10	63.6629993280133
SRR10070150	63253	10	64.7689294043912
SRR10102392	63253	10	42.55768097864195
SRR10102393	63253	10	43.12207016066465
SRR10102394	63253	10	42.60606686994065
SRR10070130	63554	1	52.20136309791813
SRR10070131	63554	1	54.63139552831611
SRR10070133	63554	1	29.03435915444164
SRR10070134	63554	1	54.70679585917713
SRR10070149	63554	1	63.6629993280133
SRR10070150	63554	1	64.7689294043912
SRR10102392	63554	1	42.55768097864195
SRR10102393	63554	1	43.12207016066465
SRR10102394	63554	1	42.60606686994065
SRR10070130	63554	2	52.20136309791813
SRR10070131	63554	2	54.63139552831611
SRR10070133	63554	2	29.03435915444164
SRR10070134	63554	2	54.70679585917713
SRR10070149	63554	2	63.6629993280133
SRR10070150	63554	2	64.7689294043912
SRR10102392	63554	2	42.55768097864195
SRR10102393	63554	2	43.12207016066465
SRR10102394	63554	2	42.60606686994065
SRR10070130	63554	3	52.20136309791813
SRR10070131	63554	3	54.63139552831611
SRR10070133	63554	3	29.03435915444164
SRR10070134	63554	3	54.70679585917713
SRR10070149	63554	3	63.6629993280133
SRR10070150	63554	3	64.7689294043912
SRR10102392	63554	3	42.55768097864195
SRR10102393	63554	3	43.12207016066465
SRR10102394	63554	3	42.60606686994065
SRR10070130	63554	4	52.20136309791813
SRR10070131	63554	4	54.63139552831611
SRR10070133	63554	4	29.03435915444164
SRR10070134	63554	4	54.5480794674051
SRR10070149	63554	4	63.6629993280133
SRR10070150	63554	4	64.7689294043912
SRR10102392	63554	4	42.55768097864195
SRR10102393	63554	4	43.12207016066465
SRR10102394	63554	4	42.60606686994065
SRR10070130	63554	5	52.20136309791813
SRR10070131	63554	5	54.63139552831611
SRR10070133	63554	5	29.03435915444164
SRR10070134	63554	5	54.70679585917713
SRR10070149	63554	5	63.6629993280133
SRR10070150	63554	5	64.7689294043912
SRR10102392	63554	5	42.55768097864195
SRR10102393	63554	5	43.12207016066465
SRR10102394	63554	5	42.60606686994065
SRR10070130	63554	6	52.20136309791813
SRR10070131	63554	6	54.63139552831611
SRR10070133	63554	6	29.03435915444164
SRR10070134	63554	6	54.70679585917713
SRR10070149	63554	6	63.6629993280133
SRR10070150	63554	6	64.7689294043912
SRR10102392	63554	6	42.55768097864195
SRR10102393	63554	6	43.12207016066465
SRR10102394	63554	6	42.60606686994065
SRR10070130	63554	7	52.20136309791813
SRR10070131	63554	7	54.63139552831611
SRR10070133	63554	7	29.03435915444164
SRR10070134	63554	7	54.70679585917713
SRR10070149	63554	7	63.6629993280133
SRR10070150	63554	7	64.7689294043912
SRR10102392	63554	7	42.55768097864195
SRR10102393	63554	7	43.12207016066465
SRR10102394	63554	7	42.60606686994065
SRR10070130	63554	8	52.20136309791813
SRR10070131	63554	8	54.63139552831611
SRR10070133	63554	8	29.03435915444164
SRR10070134	63554	8	54.55466645493032
SRR10070149	63554	8	63.6629993280133
SRR10070150	63554	8	64.7689294043912
SRR10102392	63554	8	42.55768097864195
SRR10102393	63554	8	43.12207016066465
SRR10102394	63554	8	42.60606686994065
SRR10070130	63554	9	52.20136309791813
SRR10070131	63554	9	54.63139552831611
SRR10070133	63554	9	29.03435915444164
SRR10070134	63554	9	54.70679585917713
SRR10070149	63554	9	63.6629993280133
SRR10070150	63554	9	64.7689294043912
SRR10102392	63554	9	42.55768097864195
SRR10102393	63554	9	43.12207016066465
SRR10102394	63554	9	42.60606686994065
SRR10070130	63554	10	52.20136309791813
SRR10070131	63554	10	54.63139552831611
SRR10070133	63554	10	29.03435915444164
SRR10070134	63554	10	54.70679585917713
SRR10070149	63554	10	63.6629993280133
SRR10070150	63554	10	64.7689294043912
SRR10102392	63554	10	42.55768097864195
SRR10102393	63554	10	43.12207016066465
SRR10102394	63554	10	42.60606686994065
SRR10070130	63855	1	52.20136309791813
SRR10070131	63855	1	54.63139552831611
SRR10070133	63855	1	29.03435915444164
SRR10070134	63855	1	54.54235953747155
SRR10070149	63855	1	63.6629993280133
SRR10070150	63855	1	64.7689294043912
SRR10102392	63855	1	42.55768097864195
SRR10102393	63855	1	43.12207016066465
SRR10102394	63855	1	42.60606686994065
SRR10070130	63855	2	52.20136309791813
SRR10070131	63855	2	54.63139552831611
SRR10070133	63855	2	29.03435915444164
SRR10070134	63855	2	54.70679585917713
SRR10070149	63855	2	63.6629993280133
SRR10070150	63855	2	64.7689294043912
SRR10102392	63855	2	42.55768097864195
SRR10102393	63855	2	43.12207016066465
SRR10102394	63855	2	42.60606686994065
SRR10070130	63855	3	52.20136309791813
SRR10070131	63855	3	54.63139552831611
SRR10070133	63855	3	29.03435915444164
SRR10070134	63855	3	54.70679585917713
SRR10070149	63855	3	63.6629993280133
SRR10070150	63855	3	64.7689294043912
SRR10102392	63855	3	42.55768097864195
SRR10102393	63855	3	43.12207016066465
SRR10102394	63855	3	42.60606686994065
SRR10070130	63855	4	52.20136309791813
SRR10070131	63855	4	54.63139552831611
SRR10070133	63855	4	29.03435915444164
SRR10070134	63855	4	54.54235953747155
SRR10070149	63855	4	63.6629993280133
SRR10070150	63855	4	64.7689294043912
SRR10102392	63855	4	42.55768097864195
SRR10102393	63855	4	43.12207016066465
SRR10102394	63855	4	42.60606686994065
SRR10070130	63855	5	52.20136309791813
SRR10070131	63855	5	54.49344256101379
SRR10070133	63855	5	29.03435915444164
SRR10070134	63855	5	54.70679585917713
SRR10070149	63855	5	63.6629993280133
SRR10070150	63855	5	64.7689294043912
SRR10102392	63855	5	42.55768097864195
SRR10102393	63855	5	43.12207016066465
SRR10102394	63855	5	42.60606686994065
SRR10070130	63855	6	52.20136309791813
SRR10070131	63855	6	54.63139552831611
SRR10070133	63855	6	29.03435915444164
SRR10070134	63855	6	54.70679585917713
SRR10070149	63855	6	63.6629993280133
SRR10070150	63855	6	64.7689294043912
SRR10102392	63855	6	42.55768097864195
SRR10102393	63855	6	43.12207016066465
SRR10102394	63855	6	42.60606686994065
SRR10070130	63855	7	52.20136309791813
SRR10070131	63855	7	54.63139552831611
SRR10070133	63855	7	29.03435915444164
SRR10070134	63855	7	54.70679585917713
SRR10070149	63855	7	63.6629993280133
SRR10070150	63855	7	64.7689294043912
SRR10102392	63855	7	42.55768097864195
SRR10102393	63855	7	43.12207016066465
SRR10102394	63855	7	42.60606686994065
SRR10070130	63855	8	52.20136309791813
SRR10070131	63855	8	54.63139552831611
SRR10070133	63855	8	29.03435915444164
SRR10070134	63855	8	54.70679585917713
SRR10070149	63855	8	63.6629993280133
SRR10070150	63855	8	64.7689294043912
SRR10102392	63855	8	42.55768097864195
SRR10102393	63855	8	43.12207016066465
SRR10102394	63855	8	42.60606686994065
SRR10070130	63855	9	52.20136309791813
SRR10070131	63855	9	54.63139552831611
SRR10070133	63855	9	29.03435915444164
SRR10070134	63855	9	54.70679585917713
SRR10070149	63855	9	63.6629993280133
SRR10070150	63855	9	64.7689294043912
SRR10102392	63855	9	42.55768097864195
SRR10102393	63855	9	43.12207016066465
SRR10102394	63855	9	42.60606686994065
SRR10070130	63855	10	52.20136309791813
SRR10070131	63855	10	54.63139552831611
SRR10070133	63855	10	29.03435915444164
SRR10070134	63855	10	54.70679585917713
SRR10070149	63855	10	63.6629993280133
SRR10070150	63855	10	64.59281345940963
SRR10102392	63855	10	42.55768097864195
SRR10102393	63855	10	43.12207016066465
SRR10102394	63855	10	42.60606686994065
SRR10070130	64156	1	52.20136309791813
SRR10070131	64156	1	54.63139552831611
SRR10070133	64156	1	29.03435915444164
SRR10070134	64156	1	54.70679585917713
SRR10070149	64156	1	63.6629993280133
SRR10070150	64156	1	64.7689294043912
SRR10102392	64156	1	42.55768097864195
SRR10102393	64156	1	43.12207016066465
SRR10102394	64156	1	42.60606686994065
SRR10070130	64156	2	52.20136309791813
SRR10070131	64156	2	54.63139552831611
SRR10070133	64156	2	29.03435915444164
SRR10070134	64156	2	54.70679585917713
SRR10070149	64156	2	63.6629993280133
SRR10070150	64156	2	64.7689294043912
SRR10102392	64156	2	42.55768097864195
SRR10102393	64156	2	43.12207016066465
SRR10102394	64156	2	42.60606686994065
SRR10070130	64156	3	52.20136309791813
SRR10070131	64156	3	54.63139552831611
SRR10070133	64156	3	29.03435915444164
SRR10070134	64156	3	54.70679585917713
SRR10070149	64156	3	63.6629993280133
SRR10070150	64156	3	64.7689294043912
SRR10102392	64156	3	42.55768097864195
SRR10102393	64156	3	43.12207016066465
SRR10102394	64156	3	42.60606686994065
SRR10070130	64156	4	52.20136309791813
SRR10070131	64156	4	54.63139552831611
SRR10070133	64156	4	29.03435915444164
SRR10070134	64156	4	54.70679585917713
SRR10070149	64156	4	63.6629993280133
SRR10070150	64156	4	64.7689294043912
SRR10102392	64156	4	42.55768097864195
SRR10102393	64156	4	43.12207016066465
SRR10102394	64156	4	42.60606686994065
SRR10070130	64156	5	52.20136309791813
SRR10070131	64156	5	54.63139552831611
SRR10070133	64156	5	29.03435915444164
SRR10070134	64156	5	54.62888890356151
SRR10070149	64156	5	63.6629993280133
SRR10070150	64156	5	64.7689294043912
SRR10102392	64156	5	42.55768097864195
SRR10102393	64156	5	43.12207016066465
SRR10102394	64156	5	42.60606686994065
SRR10070130	64156	6	52.20136309791813
SRR10070131	64156	6	54.63139552831611
SRR10070133	64156	6	29.03435915444164
SRR10070134	64156	6	54.70679585917713
SRR10070149	64156	6	63.6629993280133
SRR10070150	64156	6	64.7689294043912
SRR10102392	64156	6	42.55768097864195
SRR10102393	64156	6	43.12207016066465
SRR10102394	64156	6	42.60606686994065
SRR10070130	64156	7	52.20136309791813
SRR10070131	64156	7	54.63139552831611
SRR10070133	64156	7	29.03435915444164
SRR10070134	64156	7	54.70679585917713
SRR10070149	64156	7	63.6629993280133
SRR10070150	64156	7	64.7689294043912
SRR10102392	64156	7	42.55768097864195
SRR10102393	64156	7	43.12207016066465
SRR10102394	64156	7	42.60606686994065
SRR10070130	64156	8	52.20136309791813
SRR10070131	64156	8	54.63139552831611
SRR10070133	64156	8	29.03435915444164
SRR10070134	64156	8	54.70679585917713
SRR10070149	64156	8	63.6629993280133
SRR10070150	64156	8	64.7689294043912
SRR10102392	64156	8	42.55768097864195
SRR10102393	64156	8	43.12207016066465
SRR10102394	64156	8	42.60606686994065
SRR10070130	64156	9	52.20136309791813
SRR10070131	64156	9	54.63139552831611
SRR10070133	64156	9	29.03435915444164
SRR10070134	64156	9	54.45762836889224
SRR10070149	64156	9	63.6629993280133
SRR10070150	64156	9	64.7689294043912
SRR10102392	64156	9	42.55768097864195
SRR10102393	64156	9	43.12207016066465
SRR10102394	64156	9	42.60606686994065
SRR10070130	64156	10	52.20136309791813
SRR10070131	64156	10	54.63139552831611
SRR10070133	64156	10	29.03435915444164
SRR10070134	64156	10	54.70679585917713
SRR10070149	64156	10	63.6629993280133
SRR10070150	64156	10	64.7689294043912
SRR10102392	64156	10	42.55768097864195
SRR10102393	64156	10	43.12207016066465
SRR10102394	64156	10	42.60606686994065
SRR10070130	64457	1	52.20136309791813
SRR10070131	64457	1	54.63139552831611
SRR10070133	64457	1	29.03435915444164
SRR10070134	64457	1	54.70679585917713
SRR10070150	64457	1	64.7689294043912
SRR10102392	64457	1	42.55768097864195
SRR10102393	64457	1	43.12207016066465
SRR10102394	64457	1	42.60606686994065
SRR10070130	64457	2	52.20136309791813
SRR10070131	64457	2	54.63139552831611
SRR10070133	64457	2	29.03435915444164
SRR10070134	64457	2	54.54235953747155
SRR10070150	64457	2	64.7689294043912
SRR10102392	64457	2	42.55768097864195
SRR10102393	64457	2	43.12207016066465
SRR10102394	64457	2	42.60606686994065
SRR10070130	64457	3	52.20136309791813
SRR10070131	64457	3	54.63139552831611
SRR10070133	64457	3	29.03435915444164
SRR10070134	64457	3	54.70679585917713
SRR10070150	64457	3	64.7689294043912
SRR10102392	64457	3	42.55768097864195
SRR10102393	64457	3	43.12207016066465
SRR10102394	64457	3	42.60606686994065
SRR10070130	64457	4	52.20136309791813
SRR10070131	64457	4	54.63139552831611
SRR10070133	64457	4	29.03435915444164
SRR10070134	64457	4	54.70679585917713
SRR10070150	64457	4	64.7689294043912
SRR10102392	64457	4	42.55768097864195
SRR10102393	64457	4	43.12207016066465
SRR10102394	64457	4	42.60606686994065
SRR10070130	64457	5	52.20136309791813
SRR10070131	64457	5	54.63139552831611
SRR10070133	64457	5	29.03435915444164
SRR10070134	64457	5	54.62059842384052
SRR10070150	64457	5	64.7689294043912
SRR10102392	64457	5	42.55768097864195
SRR10102393	64457	5	43.12207016066465
SRR10102394	64457	5	42.60606686994065
SRR10070130	64457	6	52.20136309791813
SRR10070131	64457	6	54.63139552831611
SRR10070133	64457	6	29.03435915444164
SRR10070134	64457	6	54.70679585917713
SRR10070150	64457	6	64.7689294043912
SRR10102392	64457	6	42.55768097864195
SRR10102393	64457	6	43.12207016066465
SRR10102394	64457	6	42.60606686994065
SRR10070130	64457	7	52.20136309791813
SRR10070131	64457	7	54.63139552831611
SRR10070133	64457	7	29.03435915444164
SRR10070134	64457	7	54.70679585917713
SRR10070150	64457	7	64.7689294043912
SRR10102392	64457	7	42.55768097864195
SRR10102393	64457	7	43.12207016066465
SRR10102394	64457	7	42.60606686994065
SRR10070130	64457	8	52.20136309791813
SRR10070131	64457	8	54.63139552831611
SRR10070133	64457	8	29.03435915444164
SRR10070134	64457	8	54.70679585917713
SRR10070150	64457	8	64.7689294043912
SRR10102392	64457	8	42.55768097864195
SRR10102393	64457	8	43.12207016066465
SRR10102394	64457	8	42.60606686994065
SRR10070130	64457	9	52.20136309791813
SRR10070131	64457	9	54.63139552831611
SRR10070133	64457	9	29.03435915444164
SRR10070134	64457	9	54.5697156125945
SRR10070150	64457	9	64.7689294043912
SRR10102392	64457	9	42.55768097864195
SRR10102393	64457	9	43.12207016066465
SRR10102394	64457	9	42.60606686994065
SRR10070130	64457	10	52.20136309791813
SRR10070131	64457	10	54.63139552831611
SRR10070133	64457	10	29.03435915444164
SRR10070134	64457	10	54.67859978266972
SRR10070150	64457	10	64.7689294043912
SRR10102392	64457	10	42.55768097864195
SRR10102393	64457	10	43.12207016066465
SRR10102394	64457	10	42.60606686994065
SRR10070130	64759	1	52.20136309791813
SRR10070131	64759	1	54.63139552831611
SRR10070133	64759	1	29.03435915444164
SRR10070134	64759	1	54.70679585917713
SRR10070150	64759	1	64.7689294043912
SRR10102392	64759	1	42.55768097864195
SRR10102393	64759	1	43.12207016066465
SRR10102394	64759	1	42.60606686994065
SRR10070130	64759	2	52.20136309791813
SRR10070131	64759	2	54.63139552831611
SRR10070133	64759	2	29.03435915444164
SRR10070134	64759	2	54.70679585917713
SRR10070150	64759	2	64.7689294043912
SRR10102392	64759	2	42.55768097864195
SRR10102393	64759	2	43.12207016066465
SRR10102394	64759	2	42.60606686994065
SRR10070130	64759	3	52.20136309791813
SRR10070131	64759	3	54.63139552831611
SRR10070133	64759	3	29.03435915444164
SRR10070134	64759	3	54.70679585917713
SRR10070150	64759	3	64.7689294043912
SRR10102392	64759	3	42.55768097864195
SRR10102393	64759	3	43.12207016066465
SRR10102394	64759	3	42.60606686994065
SRR10070130	64759	4	52.20136309791813
SRR10070131	64759	4	54.63139552831611
SRR10070133	64759	4	29.03435915444164
SRR10070134	64759	4	54.70679585917713
SRR10070150	64759	4	64.7689294043912
SRR10102392	64759	4	42.55768097864195
SRR10102393	64759	4	43.12207016066465
SRR10102394	64759	4	42.60606686994065
SRR10070130	64759	5	52.20136309791813
SRR10070131	64759	5	54.63139552831611
SRR10070133	64759	5	29.03435915444164
SRR10070134	64759	5	54.70679585917713
SRR10070150	64759	5	64.7689294043912
SRR10102392	64759	5	42.55768097864195
SRR10102393	64759	5	43.12207016066465
SRR10102394	64759	5	42.60606686994065
SRR10070130	64759	6	52.20136309791813
SRR10070131	64759	6	54.63139552831611
SRR10070133	64759	6	29.03435915444164
SRR10070134	64759	6	54.70679585917713
SRR10070150	64759	6	64.7689294043912
SRR10102392	64759	6	42.55768097864195
SRR10102393	64759	6	43.12207016066465
SRR10102394	64759	6	42.60606686994065
SRR10070130	64759	7	52.20136309791813
SRR10070131	64759	7	54.63139552831611
SRR10070133	64759	7	29.03435915444164
SRR10070134	64759	7	54.70679585917713
SRR10070150	64759	7	64.7689294043912
SRR10102392	64759	7	42.55768097864195
SRR10102393	64759	7	43.12207016066465
SRR10102394	64759	7	42.60606686994065
SRR10070130	64759	8	52.20136309791813
SRR10070131	64759	8	54.63139552831611
SRR10070133	64759	8	29.03435915444164
SRR10070134	64759	8	54.54235953747155
SRR10070150	64759	8	64.7689294043912
SRR10102392	64759	8	42.55768097864195
SRR10102393	64759	8	43.12207016066465
SRR10102394	64759	8	42.60606686994065
SRR10070130	64759	9	52.20136309791813
SRR10070131	64759	9	54.63139552831611
SRR10070133	64759	9	29.03435915444164
SRR10070134	64759	9	54.5697156125945
SRR10070150	64759	9	64.7689294043912
SRR10102392	64759	9	42.55768097864195
SRR10102393	64759	9	43.02925421446499
SRR10102394	64759	9	42.60606686994065
SRR10070130	64759	10	52.20136309791813
SRR10070131	64759	10	54.63139552831611
SRR10070133	64759	10	29.03435915444164
SRR10070134	64759	10	54.54235953747155
SRR10070150	64759	10	64.7689294043912
SRR10102392	64759	10	42.55768097864195
SRR10102393	64759	10	43.12207016066465
SRR10102394	64759	10	42.60606686994065
SRR10070130	65060	1	52.20136309791813
SRR10070131	65060	1	54.63139552831611
SRR10070133	65060	1	29.03435915444164
SRR10070134	65060	1	54.70679585917713
SRR10070150	65060	1	64.7689294043912
SRR10102392	65060	1	42.55768097864195
SRR10102393	65060	1	43.12207016066465
SRR10102394	65060	1	42.60606686994065
SRR10070130	65060	2	52.20136309791813
SRR10070131	65060	2	54.63139552831611
SRR10070133	65060	2	29.03435915444164
SRR10070134	65060	2	54.70679585917713
SRR10070150	65060	2	64.7689294043912
SRR10102392	65060	2	42.55768097864195
SRR10102393	65060	2	43.12207016066465
SRR10102394	65060	2	42.60606686994065
SRR10070130	65060	3	52.20136309791813
SRR10070131	65060	3	54.63139552831611
SRR10070133	65060	3	29.03435915444164
SRR10070134	65060	3	54.45762836889224
SRR10070150	65060	3	64.7689294043912
SRR10102392	65060	3	42.55768097864195
SRR10102393	65060	3	43.12207016066465
SRR10102394	65060	3	42.60606686994065
SRR10070130	65060	4	52.20136309791813
SRR10070131	65060	4	54.63139552831611
SRR10070133	65060	4	29.03435915444164
SRR10070134	65060	4	54.70679585917713
SRR10070150	65060	4	64.7689294043912
SRR10102392	65060	4	42.55768097864195
SRR10102393	65060	4	43.12207016066465
SRR10102394	65060	4	42.60606686994065
SRR10070130	65060	5	52.20136309791813
SRR10070131	65060	5	54.63139552831611
SRR10070133	65060	5	29.03435915444164
SRR10070134	65060	5	54.70679585917713
SRR10070150	65060	5	64.7689294043912
SRR10102392	65060	5	42.55768097864195
SRR10102393	65060	5	43.12207016066465
SRR10102394	65060	5	42.60606686994065
SRR10070130	65060	6	52.20136309791813
SRR10070131	65060	6	54.63139552831611
SRR10070133	65060	6	29.03435915444164
SRR10070134	65060	6	54.70679585917713
SRR10070150	65060	6	64.7689294043912
SRR10102392	65060	6	42.55768097864195
SRR10102393	65060	6	43.12207016066465
SRR10102394	65060	6	42.60606686994065
SRR10070130	65060	7	52.20136309791813
SRR10070131	65060	7	54.63139552831611
SRR10070133	65060	7	29.03435915444164
SRR10070134	65060	7	54.70679585917713
SRR10070150	65060	7	64.7689294043912
SRR10102392	65060	7	42.55768097864195
SRR10102393	65060	7	43.12207016066465
SRR10102394	65060	7	42.60606686994065
SRR10070130	65060	8	52.20136309791813
SRR10070131	65060	8	54.63139552831611
SRR10070133	65060	8	29.03435915444164
SRR10070134	65060	8	54.70679585917713
SRR10070150	65060	8	64.7689294043912
SRR10102392	65060	8	42.55768097864195
SRR10102393	65060	8	43.12207016066465
SRR10102394	65060	8	42.60606686994065
SRR10070130	65060	9	52.20136309791813
SRR10070131	65060	9	54.63139552831611
SRR10070133	65060	9	29.03435915444164
SRR10070134	65060	9	54.70679585917713
SRR10070150	65060	9	64.7689294043912
SRR10102392	65060	9	42.55768097864195
SRR10102393	65060	9	43.12207016066465
SRR10102394	65060	9	42.60606686994065
SRR10070130	65060	10	52.20136309791813
SRR10070131	65060	10	54.63139552831611
SRR10070133	65060	10	29.03435915444164
SRR10070134	65060	10	54.5697156125945
SRR10070150	65060	10	64.7689294043912
SRR10102392	65060	10	42.55768097864195
SRR10102393	65060	10	43.12207016066465
SRR10102394	65060	10	42.60606686994065
SRR10070130	65361	1	52.20136309791813
SRR10070131	65361	1	54.63139552831611
SRR10070133	65361	1	29.03435915444164
SRR10070134	65361	1	54.70679585917713
SRR10070150	65361	1	64.7689294043912
SRR10102392	65361	1	42.55768097864195
SRR10102393	65361	1	43.12207016066465
SRR10102394	65361	1	42.60606686994065
SRR10070130	65361	2	52.20136309791813
SRR10070131	65361	2	54.63139552831611
SRR10070133	65361	2	29.03435915444164
SRR10070134	65361	2	54.45762836889224
SRR10070150	65361	2	64.7689294043912
SRR10102392	65361	2	42.55768097864195
SRR10102393	65361	2	43.12207016066465
SRR10102394	65361	2	42.60606686994065
SRR10070130	65361	3	52.20136309791813
SRR10070131	65361	3	54.63139552831611
SRR10070133	65361	3	29.03435915444164
SRR10070134	65361	3	54.70679585917713
SRR10070150	65361	3	64.7689294043912
SRR10102392	65361	3	42.55768097864195
SRR10102393	65361	3	43.12207016066465
SRR10102394	65361	3	42.60606686994065
SRR10070130	65361	4	52.20136309791813
SRR10070131	65361	4	54.63139552831611
SRR10070133	65361	4	29.03435915444164
SRR10070134	65361	4	54.70679585917713
SRR10070150	65361	4	64.7689294043912
SRR10102392	65361	4	42.55768097864195
SRR10102393	65361	4	43.12207016066465
SRR10102394	65361	4	42.60606686994065
SRR10070130	65361	5	52.20136309791813
SRR10070131	65361	5	54.63139552831611
SRR10070133	65361	5	29.03435915444164
SRR10070134	65361	5	54.45762836889224
SRR10070150	65361	5	64.7689294043912
SRR10102392	65361	5	42.55768097864195
SRR10102393	65361	5	43.12207016066465
SRR10102394	65361	5	42.60606686994065
SRR10070130	65361	6	52.20136309791813
SRR10070131	65361	6	54.63139552831611
SRR10070133	65361	6	29.03435915444164
SRR10070134	65361	6	54.70679585917713
SRR10070150	65361	6	64.7689294043912
SRR10102392	65361	6	42.55768097864195
SRR10102393	65361	6	43.12207016066465
SRR10102394	65361	6	42.60606686994065
SRR10070130	65361	7	52.20136309791813
SRR10070131	65361	7	54.63139552831611
SRR10070133	65361	7	29.03435915444164
SRR10070134	65361	7	54.70679585917713
SRR10070150	65361	7	64.7689294043912
SRR10102392	65361	7	42.55768097864195
SRR10102393	65361	7	43.12207016066465
SRR10102394	65361	7	42.60606686994065
SRR10070130	65361	8	52.20136309791813
SRR10070131	65361	8	54.63139552831611
SRR10070133	65361	8	29.03435915444164
SRR10070134	65361	8	54.70679585917713
SRR10070150	65361	8	64.7689294043912
SRR10102392	65361	8	42.55768097864195
SRR10102393	65361	8	43.12207016066465
SRR10102394	65361	8	42.60606686994065
SRR10070130	65361	9	52.20136309791813
SRR10070131	65361	9	54.63139552831611
SRR10070133	65361	9	29.03435915444164
SRR10070134	65361	9	54.70679585917713
SRR10070150	65361	9	64.7689294043912
SRR10102392	65361	9	42.55768097864195
SRR10102393	65361	9	43.12207016066465
SRR10102394	65361	9	42.60606686994065
SRR10070130	65361	10	52.20136309791813
SRR10070131	65361	10	54.63139552831611
SRR10070133	65361	10	29.03435915444164
SRR10070134	65361	10	54.70679585917713
SRR10070150	65361	10	64.7689294043912
SRR10102392	65361	10	42.55768097864195
SRR10102393	65361	10	43.12207016066465
SRR10102394	65361	10	42.60606686994065
SRR10070130	65662	1	52.20136309791813
SRR10070131	65662	1	54.63139552831611
SRR10070133	65662	1	29.03435915444164
SRR10070134	65662	1	54.70679585917713
SRR10070150	65662	1	64.7689294043912
SRR10102392	65662	1	42.55768097864195
SRR10102393	65662	1	43.12207016066465
SRR10102394	65662	1	42.60606686994065
SRR10070130	65662	2	52.20136309791813
SRR10070131	65662	2	54.63139552831611
SRR10070133	65662	2	29.03435915444164
SRR10070134	65662	2	54.70679585917713
SRR10070150	65662	2	64.7689294043912
SRR10102392	65662	2	42.55768097864195
SRR10102393	65662	2	43.12207016066465
SRR10102394	65662	2	42.60606686994065
SRR10070130	65662	3	52.20136309791813
SRR10070131	65662	3	54.63139552831611
SRR10070133	65662	3	29.03435915444164
SRR10070134	65662	3	54.70679585917713
SRR10070150	65662	3	64.7689294043912
SRR10102392	65662	3	42.55768097864195
SRR10102393	65662	3	43.12207016066465
SRR10102394	65662	3	42.60606686994065
SRR10070130	65662	4	52.20136309791813
SRR10070131	65662	4	54.63139552831611
SRR10070133	65662	4	29.03435915444164
SRR10070134	65662	4	54.70679585917713
SRR10070150	65662	4	64.7689294043912
SRR10102392	65662	4	42.55768097864195
SRR10102393	65662	4	43.12207016066465
SRR10102394	65662	4	42.60606686994065
SRR10070130	65662	5	52.20136309791813
SRR10070131	65662	5	54.63139552831611
SRR10070133	65662	5	29.03435915444164
SRR10070134	65662	5	54.70679585917713
SRR10070150	65662	5	64.7689294043912
SRR10102392	65662	5	42.55768097864195
SRR10102393	65662	5	43.12207016066465
SRR10102394	65662	5	42.60606686994065
SRR10070130	65662	6	52.20136309791813
SRR10070131	65662	6	54.63139552831611
SRR10070133	65662	6	29.03435915444164
SRR10070134	65662	6	54.67859978266972
SRR10070150	65662	6	64.7689294043912
SRR10102392	65662	6	42.55768097864195
SRR10102393	65662	6	43.12207016066465
SRR10102394	65662	6	42.60606686994065
SRR10070130	65662	7	52.20136309791813
SRR10070131	65662	7	54.63139552831611
SRR10070133	65662	7	29.03435915444164
SRR10070134	65662	7	54.70679585917713
SRR10070150	65662	7	64.7689294043912
SRR10102392	65662	7	42.55768097864195
SRR10102393	65662	7	43.12207016066465
SRR10102394	65662	7	42.60606686994065
SRR10070130	65662	8	52.20136309791813
SRR10070131	65662	8	54.63139552831611
SRR10070133	65662	8	29.03435915444164
SRR10070134	65662	8	54.70679585917713
SRR10070150	65662	8	64.7689294043912
SRR10102392	65662	8	42.55768097864195
SRR10102393	65662	8	43.12207016066465
SRR10102394	65662	8	42.60606686994065
SRR10070130	65662	9	52.20136309791813
SRR10070131	65662	9	54.63139552831611
SRR10070133	65662	9	29.03435915444164
SRR10070134	65662	9	54.70679585917713
SRR10070150	65662	9	64.7689294043912
SRR10102392	65662	9	42.55768097864195
SRR10102393	65662	9	43.12207016066465
SRR10102394	65662	9	42.60606686994065
SRR10070130	65662	10	52.20136309791813
SRR10070131	65662	10	54.63139552831611
SRR10070133	65662	10	29.03435915444164
SRR10070134	65662	10	54.70679585917713
SRR10070150	65662	10	64.7689294043912
SRR10102392	65662	10	42.55768097864195
SRR10102393	65662	10	43.12207016066465
SRR10102394	65662	10	42.60606686994065
SRR10070131	65963	1	54.63139552831611
SRR10070133	65963	1	29.03435915444164
SRR10070134	65963	1	54.70679585917713
SRR10070150	65963	1	64.7689294043912
SRR10102393	65963	1	43.12207016066465
SRR10102394	65963	1	42.60606686994065
SRR10070131	65963	2	54.63139552831611
SRR10070133	65963	2	29.03435915444164
SRR10070134	65963	2	54.70679585917713
SRR10070150	65963	2	64.7689294043912
SRR10102393	65963	2	43.12207016066465
SRR10102394	65963	2	42.60606686994065
SRR10070131	65963	3	54.63139552831611
SRR10070133	65963	3	29.03435915444164
SRR10070134	65963	3	54.70679585917713
SRR10070150	65963	3	64.7689294043912
SRR10102393	65963	3	43.12207016066465
SRR10102394	65963	3	42.60606686994065
SRR10070131	65963	4	54.63139552831611
SRR10070133	65963	4	29.03435915444164
SRR10070134	65963	4	54.67859978266972
SRR10070150	65963	4	64.7689294043912
SRR10102393	65963	4	43.12207016066465
SRR10102394	65963	4	42.60606686994065
SRR10070131	65963	5	54.63139552831611
SRR10070133	65963	5	29.03435915444164
SRR10070134	65963	5	54.70679585917713
SRR10070150	65963	5	64.7689294043912
SRR10102393	65963	5	43.12207016066465
SRR10102394	65963	5	42.60606686994065
SRR10070131	65963	6	54.63139552831611
SRR10070133	65963	6	29.03435915444164
SRR10070134	65963	6	54.70679585917713
SRR10070150	65963	6	64.7689294043912
SRR10102393	65963	6	43.12207016066465
SRR10102394	65963	6	42.60606686994065
SRR10070131	65963	7	54.63139552831611
SRR10070133	65963	7	29.03435915444164
SRR10070134	65963	7	54.70679585917713
SRR10070150	65963	7	64.7689294043912
SRR10102393	65963	7	43.12207016066465
SRR10102394	65963	7	42.60606686994065
SRR10070131	65963	8	54.63139552831611
SRR10070133	65963	8	29.03435915444164
SRR10070134	65963	8	54.70679585917713
SRR10070150	65963	8	64.7689294043912
SRR10102393	65963	8	43.12207016066465
SRR10102394	65963	8	42.60606686994065
SRR10070131	65963	9	54.63139552831611
SRR10070133	65963	9	29.03435915444164
SRR10070134	65963	9	54.70679585917713
SRR10070150	65963	9	64.7689294043912
SRR10102393	65963	9	43.12207016066465
SRR10102394	65963	9	42.60606686994065
SRR10070131	65963	10	54.63139552831611
SRR10070133	65963	10	29.03435915444164
SRR10070134	65963	10	54.70679585917713
SRR10070150	65963	10	64.59281345940963
SRR10102393	65963	10	43.12207016066465
SRR10102394	65963	10	42.60606686994065
SRR10070131	66265	1	54.63139552831611
SRR10070133	66265	1	29.03435915444164
SRR10070134	66265	1	54.70679585917713
SRR10070150	66265	1	64.7689294043912
SRR10102393	66265	1	43.12207016066465
SRR10102394	66265	1	42.60606686994065
SRR10070131	66265	2	54.63139552831611
SRR10070133	66265	2	29.03435915444164
SRR10070134	66265	2	54.70679585917713
SRR10070150	66265	2	64.7689294043912
SRR10102393	66265	2	43.12207016066465
SRR10102394	66265	2	42.60606686994065
SRR10070131	66265	3	54.63139552831611
SRR10070133	66265	3	29.03435915444164
SRR10070134	66265	3	54.70679585917713
SRR10070150	66265	3	64.7689294043912
SRR10102393	66265	3	43.12207016066465
SRR10102394	66265	3	42.60606686994065
SRR10070131	66265	4	54.63139552831611
SRR10070133	66265	4	29.03435915444164
SRR10070134	66265	4	54.70679585917713
SRR10070150	66265	4	64.7689294043912
SRR10102393	66265	4	43.12207016066465
SRR10102394	66265	4	42.60606686994065
SRR10070131	66265	5	54.63139552831611
SRR10070133	66265	5	29.03435915444164
SRR10070134	66265	5	54.70679585917713
SRR10070150	66265	5	64.7689294043912
SRR10102393	66265	5	43.12207016066465
SRR10102394	66265	5	42.60606686994065
SRR10070131	66265	6	54.63139552831611
SRR10070133	66265	6	29.03435915444164
SRR10070134	66265	6	54.70679585917713
SRR10070150	66265	6	64.7689294043912
SRR10102393	66265	6	43.12207016066465
SRR10102394	66265	6	42.60606686994065
SRR10070131	66265	7	54.63139552831611
SRR10070133	66265	7	29.03435915444164
SRR10070134	66265	7	54.70679585917713
SRR10070150	66265	7	64.7689294043912
SRR10102393	66265	7	43.12207016066465
SRR10102394	66265	7	42.60606686994065
SRR10070131	66265	8	54.63139552831611
SRR10070133	66265	8	29.03435915444164
SRR10070134	66265	8	54.70679585917713
SRR10070150	66265	8	64.7689294043912
SRR10102393	66265	8	43.12207016066465
SRR10102394	66265	8	42.60606686994065
SRR10070131	66265	9	54.63139552831611
SRR10070133	66265	9	29.03435915444164
SRR10070134	66265	9	54.70679585917713
SRR10070150	66265	9	64.7689294043912
SRR10102393	66265	9	43.12207016066465
SRR10102394	66265	9	42.60606686994065
SRR10070131	66265	10	54.63139552831611
SRR10070133	66265	10	29.03435915444164
SRR10070134	66265	10	54.70679585917713
SRR10070150	66265	10	64.7689294043912
SRR10102393	66265	10	43.12207016066465
SRR10102394	66265	10	42.60606686994065
SRR10070131	66566	1	54.63139552831611
SRR10070133	66566	1	29.03435915444164
SRR10070134	66566	1	54.70679585917713
SRR10070150	66566	1	64.7689294043912
SRR10102393	66566	1	43.12207016066465
SRR10102394	66566	1	42.60606686994065
SRR10070131	66566	2	54.63139552831611
SRR10070133	66566	2	29.03435915444164
SRR10070134	66566	2	54.70679585917713
SRR10070150	66566	2	64.7689294043912
SRR10102393	66566	2	43.12207016066465
SRR10102394	66566	2	42.60606686994065
SRR10070131	66566	3	54.63139552831611
SRR10070133	66566	3	29.03435915444164
SRR10070134	66566	3	54.70679585917713
SRR10070150	66566	3	64.7689294043912
SRR10102393	66566	3	43.12207016066465
SRR10102394	66566	3	42.60606686994065
SRR10070131	66566	4	54.63139552831611
SRR10070133	66566	4	29.03435915444164
SRR10070134	66566	4	54.70679585917713
SRR10070150	66566	4	64.7689294043912
SRR10102393	66566	4	43.12207016066465
SRR10102394	66566	4	42.60606686994065
SRR10070131	66566	5	54.63139552831611
SRR10070133	66566	5	29.03435915444164
SRR10070134	66566	5	54.70679585917713
SRR10070150	66566	5	64.7689294043912
SRR10102393	66566	5	43.12207016066465
SRR10102394	66566	5	42.60606686994065
SRR10070131	66566	6	54.63139552831611
SRR10070133	66566	6	29.03435915444164
SRR10070134	66566	6	54.70679585917713
SRR10070150	66566	6	64.7689294043912
SRR10102393	66566	6	43.12207016066465
SRR10102394	66566	6	42.60606686994065
SRR10070131	66566	7	54.63139552831611
SRR10070133	66566	7	29.03435915444164
SRR10070134	66566	7	54.70679585917713
SRR10070150	66566	7	64.7689294043912
SRR10102393	66566	7	43.12207016066465
SRR10102394	66566	7	42.60606686994065
SRR10070131	66566	8	54.63139552831611
SRR10070133	66566	8	29.03435915444164
SRR10070134	66566	8	54.70679585917713
SRR10070150	66566	8	64.7689294043912
SRR10102393	66566	8	43.12207016066465
SRR10102394	66566	8	42.60606686994065
SRR10070131	66566	9	54.63139552831611
SRR10070133	66566	9	29.03435915444164
SRR10070134	66566	9	54.70679585917713
SRR10070150	66566	9	64.7689294043912
SRR10102393	66566	9	43.12207016066465
SRR10102394	66566	9	42.60606686994065
SRR10070131	66566	10	54.63139552831611
SRR10070133	66566	10	29.03435915444164
SRR10070134	66566	10	54.70679585917713
SRR10070150	66566	10	64.7689294043912
SRR10102393	66566	10	43.12207016066465
SRR10102394	66566	10	42.60606686994065
SRR10070131	66867	1	54.63139552831611
SRR10070133	66867	1	29.03435915444164
SRR10070134	66867	1	54.70679585917713
SRR10070150	66867	1	64.7689294043912
SRR10102393	66867	1	43.12207016066465
SRR10102394	66867	1	42.60606686994065
SRR10070131	66867	2	54.63139552831611
SRR10070133	66867	2	29.03435915444164
SRR10070134	66867	2	54.70679585917713
SRR10070150	66867	2	64.7689294043912
SRR10102393	66867	2	43.12207016066465
SRR10102394	66867	2	42.60606686994065
SRR10070131	66867	3	54.63139552831611
SRR10070133	66867	3	29.03435915444164
SRR10070134	66867	3	54.70679585917713
SRR10070150	66867	3	64.7689294043912
SRR10102393	66867	3	43.12207016066465
SRR10102394	66867	3	42.60606686994065
SRR10070131	66867	4	54.63139552831611
SRR10070133	66867	4	29.03435915444164
SRR10070134	66867	4	54.70679585917713
SRR10070150	66867	4	64.7689294043912
SRR10102393	66867	4	43.12207016066465
SRR10102394	66867	4	42.60606686994065
SRR10070131	66867	5	54.63139552831611
SRR10070133	66867	5	29.03435915444164
SRR10070134	66867	5	54.70679585917713
SRR10070150	66867	5	64.7689294043912
SRR10102393	66867	5	43.12207016066465
SRR10102394	66867	5	42.60606686994065
SRR10070131	66867	6	54.63139552831611
SRR10070133	66867	6	29.03435915444164
SRR10070134	66867	6	54.70679585917713
SRR10070150	66867	6	64.7689294043912
SRR10102393	66867	6	43.12207016066465
SRR10102394	66867	6	42.60606686994065
SRR10070131	66867	7	54.63139552831611
SRR10070133	66867	7	29.03435915444164
SRR10070134	66867	7	54.70679585917713
SRR10070150	66867	7	64.7689294043912
SRR10102393	66867	7	43.12207016066465
SRR10102394	66867	7	42.60606686994065
SRR10070131	66867	8	54.63139552831611
SRR10070133	66867	8	29.03435915444164
SRR10070134	66867	8	54.70679585917713
SRR10070150	66867	8	64.7689294043912
SRR10102393	66867	8	43.12207016066465
SRR10102394	66867	8	42.60606686994065
SRR10070131	66867	9	54.63139552831611
SRR10070133	66867	9	29.03435915444164
SRR10070134	66867	9	54.70679585917713
SRR10070150	66867	9	64.7689294043912
SRR10102393	66867	9	43.12207016066465
SRR10102394	66867	9	42.60606686994065
SRR10070131	66867	10	54.63139552831611
SRR10070133	66867	10	29.03435915444164
SRR10070134	66867	10	54.70679585917713
SRR10070150	66867	10	64.7689294043912
SRR10102393	66867	10	43.12207016066465
SRR10102394	66867	10	42.60606686994065
SRR10070131	67168	1	54.63139552831611
SRR10070133	67168	1	29.03435915444164
SRR10070134	67168	1	54.70679585917713
SRR10070150	67168	1	64.7689294043912
SRR10102393	67168	1	43.12207016066465
SRR10102394	67168	1	42.60606686994065
SRR10070131	67168	2	54.63139552831611
SRR10070133	67168	2	29.03435915444164
SRR10070134	67168	2	54.70679585917713
SRR10070150	67168	2	64.7689294043912
SRR10102393	67168	2	43.12207016066465
SRR10102394	67168	2	42.60606686994065
SRR10070131	67168	3	54.63139552831611
SRR10070133	67168	3	29.03435915444164
SRR10070134	67168	3	54.70679585917713
SRR10070150	67168	3	64.7689294043912
SRR10102393	67168	3	43.12207016066465
SRR10102394	67168	3	42.60606686994065
SRR10070131	67168	4	54.63139552831611
SRR10070133	67168	4	29.03435915444164
SRR10070134	67168	4	54.70679585917713
SRR10070150	67168	4	64.7689294043912
SRR10102393	67168	4	43.12207016066465
SRR10102394	67168	4	42.60606686994065
SRR10070131	67168	5	54.63139552831611
SRR10070133	67168	5	29.03435915444164
SRR10070134	67168	5	54.70679585917713
SRR10070150	67168	5	64.7689294043912
SRR10102393	67168	5	43.12207016066465
SRR10102394	67168	5	42.60606686994065
SRR10070131	67168	6	54.63139552831611
SRR10070133	67168	6	29.03435915444164
SRR10070134	67168	6	54.70679585917713
SRR10070150	67168	6	64.7689294043912
SRR10102393	67168	6	43.12207016066465
SRR10102394	67168	6	42.60606686994065
SRR10070131	67168	7	54.63139552831611
SRR10070133	67168	7	29.03435915444164
SRR10070134	67168	7	54.70679585917713
SRR10070150	67168	7	64.7689294043912
SRR10102393	67168	7	43.12207016066465
SRR10102394	67168	7	42.60606686994065
SRR10070131	67168	8	54.63139552831611
SRR10070133	67168	8	29.03435915444164
SRR10070134	67168	8	54.70679585917713
SRR10070150	67168	8	64.7689294043912
SRR10102393	67168	8	43.12207016066465
SRR10102394	67168	8	42.60606686994065
SRR10070131	67168	9	54.63139552831611
SRR10070133	67168	9	29.03435915444164
SRR10070134	67168	9	54.70679585917713
SRR10070150	67168	9	64.7689294043912
SRR10102393	67168	9	43.12207016066465
SRR10102394	67168	9	42.60606686994065
SRR10070131	67168	10	54.63139552831611
SRR10070133	67168	10	29.03435915444164
SRR10070134	67168	10	54.70679585917713
SRR10070150	67168	10	64.7689294043912
SRR10102393	67168	10	43.12207016066465
SRR10102394	67168	10	42.60606686994065
SRR10070131	67469	1	54.63139552831611
SRR10070134	67469	1	54.70679585917713
SRR10070150	67469	1	64.7689294043912
SRR10102393	67469	1	43.12207016066465
SRR10070131	67469	2	54.63139552831611
SRR10070134	67469	2	54.70679585917713
SRR10070150	67469	2	64.7689294043912
SRR10102393	67469	2	43.12207016066465
SRR10070131	67469	3	54.63139552831611
SRR10070134	67469	3	54.70679585917713
SRR10070150	67469	3	64.7689294043912
SRR10102393	67469	3	43.12207016066465
SRR10070131	67469	4	54.63139552831611
SRR10070134	67469	4	54.70679585917713
SRR10070150	67469	4	64.7689294043912
SRR10102393	67469	4	43.12207016066465
SRR10070131	67469	5	54.63139552831611
SRR10070134	67469	5	54.5697156125945
SRR10070150	67469	5	64.7689294043912
SRR10102393	67469	5	43.12207016066465
SRR10070131	67469	6	54.63139552831611
SRR10070134	67469	6	54.70679585917713
SRR10070150	67469	6	64.7689294043912
SRR10102393	67469	6	43.12207016066465
SRR10070131	67469	7	54.63139552831611
SRR10070134	67469	7	54.70679585917713
SRR10070150	67469	7	64.7689294043912
SRR10102393	67469	7	43.12207016066465
SRR10070131	67469	8	54.63139552831611
SRR10070134	67469	8	54.70679585917713
SRR10070150	67469	8	64.7689294043912
SRR10102393	67469	8	43.12207016066465
SRR10070131	67469	9	54.63139552831611
SRR10070134	67469	9	54.70679585917713
SRR10070150	67469	9	64.7689294043912
SRR10102393	67469	9	43.12207016066465
SRR10070131	67469	10	54.63139552831611
SRR10070134	67469	10	54.70679585917713
SRR10070150	67469	10	64.7689294043912
SRR10102393	67469	10	43.12207016066465
SRR10070131	67771	1	54.63139552831611
SRR10070134	67771	1	54.45762836889224
SRR10070150	67771	1	64.7689294043912
SRR10102393	67771	1	43.12207016066465
SRR10070131	67771	2	54.63139552831611
SRR10070134	67771	2	54.70679585917713
SRR10070150	67771	2	64.7689294043912
SRR10102393	67771	2	43.12207016066465
SRR10070131	67771	3	54.63139552831611
SRR10070134	67771	3	54.70679585917713
SRR10070150	67771	3	64.7689294043912
SRR10102393	67771	3	43.12207016066465
SRR10070131	67771	4	54.63139552831611
SRR10070134	67771	4	54.45762836889224
SRR10070150	67771	4	64.7689294043912
SRR10102393	67771	4	43.12207016066465
SRR10070131	67771	5	54.63139552831611
SRR10070134	67771	5	54.70679585917713
SRR10070150	67771	5	64.7689294043912
SRR10102393	67771	5	43.12207016066465
SRR10070131	67771	6	54.63139552831611
SRR10070134	67771	6	54.70679585917713
SRR10070150	67771	6	64.7689294043912
SRR10102393	67771	6	43.12207016066465
SRR10070131	67771	7	54.63139552831611
SRR10070134	67771	7	54.70679585917713
SRR10070150	67771	7	64.7689294043912
SRR10102393	67771	7	43.12207016066465
SRR10070131	67771	8	54.63139552831611
SRR10070134	67771	8	54.70679585917713
SRR10070150	67771	8	64.7689294043912
SRR10102393	67771	8	43.12207016066465
SRR10070131	67771	9	54.63139552831611
SRR10070134	67771	9	54.70679585917713
SRR10070150	67771	9	64.7689294043912
SRR10102393	67771	9	43.12207016066465
SRR10070131	67771	10	54.63139552831611
SRR10070134	67771	10	54.70679585917713
SRR10070150	67771	10	64.7689294043912
SRR10102393	67771	10	43.12207016066465
SRR10070131	68072	1	54.63139552831611
SRR10070134	68072	1	54.70679585917713
SRR10070150	68072	1	64.7689294043912
SRR10102393	68072	1	43.12207016066465
SRR10070131	68072	2	54.63139552831611
SRR10070134	68072	2	54.45762836889224
SRR10070150	68072	2	64.7689294043912
SRR10102393	68072	2	43.12207016066465
SRR10070131	68072	3	54.63139552831611
SRR10070134	68072	3	54.70679585917713
SRR10070150	68072	3	64.7689294043912
SRR10102393	68072	3	43.12207016066465
SRR10070131	68072	4	54.63139552831611
SRR10070134	68072	4	54.70679585917713
SRR10070150	68072	4	64.7689294043912
SRR10102393	68072	4	43.12207016066465
SRR10070131	68072	5	54.63139552831611
SRR10070134	68072	5	54.70679585917713
SRR10070150	68072	5	64.7689294043912
SRR10102393	68072	5	43.12207016066465
SRR10070131	68072	6	54.63139552831611
SRR10070134	68072	6	54.70679585917713
SRR10070150	68072	6	64.7689294043912
SRR10102393	68072	6	43.12207016066465
SRR10070131	68072	7	54.63139552831611
SRR10070134	68072	7	54.70679585917713
SRR10070150	68072	7	64.7689294043912
SRR10102393	68072	7	43.12207016066465
SRR10070131	68072	8	54.63139552831611
SRR10070134	68072	8	54.70679585917713
SRR10070150	68072	8	64.7689294043912
SRR10102393	68072	8	43.12207016066465
SRR10070131	68072	9	54.63139552831611
SRR10070134	68072	9	54.70679585917713
SRR10070150	68072	9	64.7689294043912
SRR10102393	68072	9	43.02925421446499
SRR10070131	68072	10	54.63139552831611
SRR10070134	68072	10	54.70679585917713
SRR10070150	68072	10	64.7689294043912
SRR10102393	68072	10	43.12207016066465
SRR10070134	68373	1	54.70679585917713
SRR10070150	68373	1	64.7689294043912
SRR10102393	68373	1	43.12207016066465
SRR10070134	68373	2	54.70679585917713
SRR10070150	68373	2	64.7689294043912
SRR10102393	68373	2	43.02925421446499
SRR10070134	68373	3	54.70679585917713
SRR10070150	68373	3	64.7689294043912
SRR10102393	68373	3	43.12207016066465
SRR10070134	68373	4	54.54235953747155
SRR10070150	68373	4	64.7689294043912
SRR10102393	68373	4	43.12207016066465
SRR10070134	68373	5	54.5480794674051
SRR10070150	68373	5	64.7689294043912
SRR10102393	68373	5	43.12207016066465
SRR10070134	68373	6	54.70679585917713
SRR10070150	68373	6	64.7689294043912
SRR10102393	68373	6	43.12207016066465
SRR10070134	68373	7	54.70679585917713
SRR10070150	68373	7	64.7689294043912
SRR10102393	68373	7	43.12207016066465
SRR10070134	68373	8	54.70679585917713
SRR10070150	68373	8	64.7689294043912
SRR10102393	68373	8	43.12207016066465
SRR10070134	68373	9	54.70679585917713
SRR10070150	68373	9	64.7689294043912
SRR10102393	68373	9	43.12207016066465
SRR10070134	68373	10	54.70679585917713
SRR10070150	68373	10	64.7689294043912
SRR10102393	68373	10	43.12207016066465
SRR10070134	68674	1	54.70679585917713
SRR10070150	68674	1	64.7689294043912
SRR10102393	68674	1	43.12207016066465
SRR10070134	68674	2	54.70679585917713
SRR10070150	68674	2	64.7689294043912
SRR10102393	68674	2	43.12207016066465
SRR10070134	68674	3	54.70679585917713
SRR10070150	68674	3	64.7689294043912
SRR10102393	68674	3	43.12207016066465
SRR10070134	68674	4	54.70679585917713
SRR10070150	68674	4	64.7689294043912
SRR10102393	68674	4	43.12207016066465
SRR10070134	68674	5	54.70679585917713
SRR10070150	68674	5	64.7689294043912
SRR10102393	68674	5	43.12207016066465
SRR10070134	68674	6	54.5697156125945
SRR10070150	68674	6	64.7689294043912
SRR10102393	68674	6	43.12207016066465
SRR10070134	68674	7	54.70679585917713
SRR10070150	68674	7	64.7689294043912
SRR10102393	68674	7	43.12207016066465
SRR10070134	68674	8	54.70679585917713
SRR10070150	68674	8	64.7689294043912
SRR10102393	68674	8	43.12207016066465
SRR10070134	68674	9	54.70679585917713
SRR10070150	68674	9	64.7689294043912
SRR10102393	68674	9	43.12207016066465
SRR10070134	68674	10	54.70679585917713
SRR10070150	68674	10	64.7689294043912
SRR10102393	68674	10	43.12207016066465
SRR10070134	68975	1	54.70679585917713
SRR10070150	68975	1	64.7689294043912
SRR10102393	68975	1	43.12207016066465
SRR10070134	68975	2	54.70679585917713
SRR10070150	68975	2	64.7689294043912
SRR10102393	68975	2	43.12207016066465
SRR10070134	68975	3	54.70679585917713
SRR10070150	68975	3	64.7689294043912
SRR10102393	68975	3	43.12207016066465
SRR10070134	68975	4	54.70679585917713
SRR10070150	68975	4	64.7689294043912
SRR10102393	68975	4	43.12207016066465
SRR10070134	68975	5	54.70679585917713
SRR10070150	68975	5	64.7689294043912
SRR10102393	68975	5	43.12207016066465
SRR10070134	68975	6	54.70679585917713
SRR10070150	68975	6	64.7689294043912
SRR10102393	68975	6	43.12207016066465
SRR10070134	68975	7	54.70679585917713
SRR10070150	68975	7	64.7689294043912
SRR10102393	68975	7	43.12207016066465
SRR10070134	68975	8	54.70679585917713
SRR10070150	68975	8	64.7689294043912
SRR10102393	68975	8	43.12207016066465
SRR10070134	68975	9	54.70679585917713
SRR10070150	68975	9	64.7689294043912
SRR10102393	68975	9	43.12207016066465
SRR10070134	68975	10	54.70679585917713
SRR10070150	68975	10	64.7689294043912
SRR10102393	68975	10	43.12207016066465
SRR10070134	69277	1	54.70679585917715
SRR10102393	69277	1	43.12207016066467
SRR10070134	69277	2	54.70679585917715
SRR10102393	69277	2	43.12207016066467
SRR10070134	69277	3	54.70679585917715
SRR10102393	69277	3	43.12207016066467
SRR10070134	69277	4	54.70679585917715
SRR10102393	69277	4	43.12207016066467
SRR10070134	69277	5	54.70679585917715
SRR10102393	69277	5	43.12207016066467
SRR10070134	69277	6	54.70679585917715
SRR10102393	69277	6	43.12207016066467
SRR10070134	69277	7	54.70679585917715
SRR10102393	69277	7	43.12207016066467
SRR10070134	69277	8	54.62059842384054
SRR10102393	69277	8	43.12207016066467
SRR10070134	69277	9	54.70679585917715
SRR10102393	69277	9	43.12207016066467
SRR10070134	69277	10	54.70679585917715
SRR10102393	69277	10	43.12207016066467
SRR10070134	69578	1	54.70679585917715
SRR10102393	69578	1	43.12207016066467
SRR10070134	69578	2	54.70679585917715
SRR10102393	69578	2	43.12207016066467
SRR10070134	69578	3	54.70679585917715
SRR10102393	69578	3	43.12207016066467
SRR10070134	69578	4	54.70679585917715
SRR10102393	69578	4	43.12207016066467
SRR10070134	69578	5	54.70679585917715
SRR10102393	69578	5	43.12207016066467
SRR10070134	69578	6	54.70679585917715
SRR10102393	69578	6	43.12207016066467
SRR10070134	69578	7	54.70679585917715
SRR10102393	69578	7	43.12207016066467
SRR10070134	69578	8	54.70679585917715
SRR10102393	69578	8	43.12207016066467
SRR10070134	69578	9	54.70679585917715
SRR10102393	69578	9	43.12207016066467
SRR10070134	69578	10	54.70679585917715
SRR10102393	69578	10	43.12207016066467
SRR10070134	69879	1	54.70679585917715
SRR10102393	69879	1	43.12207016066467
SRR10070134	69879	2	54.70679585917715
SRR10102393	69879	2	43.12207016066467
SRR10070134	69879	3	54.70679585917715
SRR10102393	69879	3	43.12207016066467
SRR10070134	69879	4	54.70679585917715
SRR10102393	69879	4	43.12207016066467
SRR10070134	69879	5	54.56971561259452
SRR10102393	69879	5	43.12207016066467
SRR10070134	69879	6	54.56971561259452
SRR10102393	69879	6	43.12207016066467
SRR10070134	69879	7	54.70679585917715
SRR10102393	69879	7	43.12207016066467
SRR10070134	69879	8	54.70679585917715
SRR10102393	69879	8	43.12207016066467
SRR10070134	69879	9	54.70679585917715
SRR10102393	69879	9	43.12207016066467
SRR10070134	69879	10	54.70679585917715
SRR10102393	69879	10	43.12207016066467
SRR10070134	70180	1	54.70679585917715
SRR10102393	70180	1	43.12207016066467
SRR10070134	70180	2	54.56971561259452
SRR10102393	70180	2	43.12207016066467
SRR10070134	70180	3	54.54235953747157
SRR10102393	70180	3	43.12207016066467
SRR10070134	70180	4	54.70679585917715
SRR10102393	70180	4	43.12207016066467
SRR10070134	70180	5	54.70679585917715
SRR10102393	70180	5	43.12207016066467
SRR10070134	70180	6	54.70679585917715
SRR10102393	70180	6	43.12207016066467
SRR10070134	70180	7	54.70679585917715
SRR10102393	70180	7	43.12207016066467
SRR10070134	70180	8	54.70679585917715
SRR10102393	70180	8	43.12207016066467
SRR10070134	70180	9	54.70679585917715
SRR10102393	70180	9	43.12207016066467
SRR10070134	70180	10	54.56971561259452
SRR10102393	70180	10	43.12207016066467
SRR10070134	70481	1	54.70679585917715
SRR10102393	70481	1	43.12207016066467
SRR10070134	70481	2	54.70679585917715
SRR10102393	70481	2	43.12207016066467
SRR10070134	70481	3	54.70679585917715
SRR10102393	70481	3	43.12207016066467
SRR10070134	70481	4	54.70679585917715
SRR10102393	70481	4	43.12207016066467
SRR10070134	70481	5	54.70679585917715
SRR10102393	70481	5	43.12207016066467
SRR10070134	70481	6	54.70679585917715
SRR10102393	70481	6	43.12207016066467
SRR10070134	70481	7	54.70679585917715
SRR10102393	70481	7	43.12207016066467
SRR10070134	70481	8	54.70679585917715
SRR10102393	70481	8	43.12207016066467
SRR10070134	70481	9	54.70679585917715
SRR10102393	70481	9	43.12207016066467
SRR10070134	70481	10	54.70679585917715
SRR10102393	70481	10	43.12207016066467
SRR10070134	70783	1	54.70679585917715
SRR10102393	70783	1	43.12207016066467
SRR10070134	70783	2	54.70679585917715
SRR10102393	70783	2	43.12207016066467
SRR10070134	70783	3	54.70679585917715
SRR10102393	70783	3	43.12207016066467
SRR10070134	70783	4	54.70679585917715
SRR10102393	70783	4	43.12207016066467
SRR10070134	70783	5	54.70679585917715
SRR10102393	70783	5	43.12207016066467
SRR10070134	70783	6	54.70679585917715
SRR10102393	70783	6	43.12207016066467
SRR10070134	70783	7	54.70679585917715
SRR10102393	70783	7	43.12207016066467
SRR10070134	70783	8	54.70679585917715
SRR10102393	70783	8	43.12207016066467
SRR10070134	70783	9	54.70679585917715
SRR10102393	70783	9	43.12207016066467
SRR10070134	70783	10	54.70679585917715
SRR10102393	70783	10	43.12207016066467
SRR10070134	71084	1	54.70679585917715
SRR10102393	71084	1	43.12207016066467
SRR10070134	71084	2	54.70679585917715
SRR10102393	71084	2	43.12207016066467
SRR10070134	71084	3	54.70679585917715
SRR10102393	71084	3	43.12207016066467
SRR10070134	71084	4	54.56971561259452
SRR10102393	71084	4	43.12207016066467
SRR10070134	71084	5	54.70679585917715
SRR10102393	71084	5	43.12207016066467
SRR10070134	71084	6	54.70679585917715
SRR10102393	71084	6	43.12207016066467
SRR10070134	71084	7	54.70679585917715
SRR10102393	71084	7	43.12207016066467
SRR10070134	71084	8	54.70679585917715
SRR10102393	71084	8	43.12207016066467
SRR10070134	71084	9	54.70679585917715
SRR10102393	71084	9	43.12207016066467
SRR10070134	71084	10	54.70679585917715
SRR10102393	71084	10	43.12207016066467
SRR10070134	71385	1	54.70679585917715
SRR10102393	71385	1	43.12207016066467
SRR10070134	71385	2	54.70679585917715
SRR10102393	71385	2	43.12207016066467
SRR10070134	71385	3	54.70679585917715
SRR10102393	71385	3	43.12207016066467
SRR10070134	71385	4	54.70679585917715
SRR10102393	71385	4	43.12207016066467
SRR10070134	71385	5	54.70679585917715
SRR10102393	71385	5	43.12207016066467
SRR10070134	71385	6	54.45762836889226
SRR10102393	71385	6	43.12207016066467
SRR10070134	71385	7	54.45762836889226
SRR10102393	71385	7	43.12207016066467
SRR10070134	71385	8	54.70679585917715
SRR10102393	71385	8	43.12207016066467
SRR10070134	71385	9	54.70679585917715
SRR10102393	71385	9	43.12207016066467
SRR10070134	71385	10	54.70679585917715
SRR10102393	71385	10	43.12207016066467
SRR10070134	71686	1	54.70679585917715
SRR10102393	71686	1	43.12207016066467
SRR10070134	71686	2	54.70679585917715
SRR10102393	71686	2	43.12207016066467
SRR10070134	71686	3	54.70679585917715
SRR10102393	71686	3	43.12207016066467
SRR10070134	71686	4	54.70679585917715
SRR10102393	71686	4	43.12207016066467
SRR10070134	71686	5	54.70679585917715
SRR10102393	71686	5	43.12207016066467
SRR10070134	71686	6	54.70679585917715
SRR10102393	71686	6	43.12207016066467
SRR10070134	71686	7	54.70679585917715
SRR10102393	71686	7	43.12207016066467
SRR10070134	71686	8	54.70679585917715
SRR10102393	71686	8	43.12207016066467
SRR10070134	71686	9	54.70679585917715
SRR10102393	71686	9	43.12207016066467
SRR10070134	71686	10	54.70679585917715
SRR10102393	71686	10	43.12207016066467
SRR10070134	71987	1	54.70679585917715
SRR10102393	71987	1	43.12207016066467
SRR10070134	71987	2	54.70679585917715
SRR10102393	71987	2	43.12207016066467
SRR10070134	71987	3	54.70679585917715
SRR10102393	71987	3	43.12207016066467
SRR10070134	71987	4	54.70679585917715
SRR10102393	71987	4	43.12207016066467
SRR10070134	71987	5	54.70679585917715
SRR10102393	71987	5	43.12207016066467
SRR10070134	71987	6	54.70679585917715
SRR10102393	71987	6	43.12207016066467
SRR10070134	71987	7	54.70679585917715
SRR10102393	71987	7	43.12207016066467
SRR10070134	71987	8	54.70679585917715
SRR10102393	71987	8	43.12207016066467
SRR10070134	71987	9	54.70679585917715
SRR10102393	71987	9	43.12207016066467
SRR10070134	71987	10	54.70679585917715
SRR10102393	71987	10	43.12207016066467
SRR10070134	72289	1	54.70679585917715
SRR10102393	72289	1	43.12207016066467
SRR10070134	72289	2	54.70679585917715
SRR10102393	72289	2	43.12207016066467
SRR10070134	72289	3	54.70679585917715
SRR10102393	72289	3	43.12207016066467
SRR10070134	72289	4	54.70679585917715
SRR10102393	72289	4	43.12207016066467
SRR10070134	72289	5	54.70679585917715
SRR10102393	72289	5	43.12207016066467
SRR10070134	72289	6	54.70679585917715
SRR10102393	72289	6	43.12207016066467
SRR10070134	72289	7	54.70679585917715
SRR10102393	72289	7	43.12207016066467
SRR10070134	72289	8	54.70679585917715
SRR10102393	72289	8	43.12207016066467
SRR10070134	72289	9	54.70679585917715
SRR10102393	72289	9	43.12207016066467
SRR10070134	72289	10	54.70679585917715
SRR10102393	72289	10	43.12207016066467
SRR10070134	72590	1	54.70679585917715
SRR10102393	72590	1	43.12207016066467
SRR10070134	72590	2	54.70679585917715
SRR10102393	72590	2	43.12207016066467
SRR10070134	72590	3	54.70679585917715
SRR10102393	72590	3	43.12207016066467
SRR10070134	72590	4	54.70679585917715
SRR10102393	72590	4	43.12207016066467
SRR10070134	72590	5	54.70679585917715
SRR10102393	72590	5	43.12207016066467
SRR10070134	72590	6	54.70679585917715
SRR10102393	72590	6	43.12207016066467
SRR10070134	72590	7	54.70679585917715
SRR10102393	72590	7	43.12207016066467
SRR10070134	72590	8	54.70679585917715
SRR10102393	72590	8	43.12207016066467
SRR10070134	72590	9	54.70679585917715
SRR10102393	72590	9	43.12207016066467
SRR10070134	72590	10	54.70679585917715
SRR10102393	72590	10	43.12207016066467
SRR10070134	72891	1	54.70679585917715
SRR10102393	72891	1	43.12207016066467
SRR10070134	72891	2	54.70679585917715
SRR10102393	72891	2	43.12207016066467
SRR10070134	72891	3	54.70679585917715
SRR10102393	72891	3	43.12207016066467
SRR10070134	72891	4	54.45762836889226
SRR10102393	72891	4	43.12207016066467
SRR10070134	72891	5	54.55466645493034
SRR10102393	72891	5	43.12207016066467
SRR10070134	72891	6	54.70679585917715
SRR10102393	72891	6	43.12207016066467
SRR10070134	72891	7	54.70679585917715
SRR10102393	72891	7	43.12207016066467
SRR10070134	72891	8	54.70679585917715
SRR10102393	72891	8	43.12207016066467
SRR10070134	72891	9	54.70679585917715
SRR10102393	72891	9	43.12207016066467
SRR10070134	72891	10	54.70679585917715
SRR10102393	72891	10	43.12207016066467
SRR10070134	73192	1	54.70679585917715
SRR10102393	73192	1	43.12207016066467
SRR10070134	73192	2	54.70679585917715
SRR10102393	73192	2	43.12207016066467
SRR10070134	73192	3	54.70679585917715
SRR10102393	73192	3	43.12207016066467
SRR10070134	73192	4	54.70679585917715
SRR10102393	73192	4	43.12207016066467
SRR10070134	73192	5	54.70679585917715
SRR10102393	73192	5	43.12207016066467
SRR10070134	73192	6	54.70679585917715
SRR10102393	73192	6	43.12207016066467
SRR10070134	73192	7	54.45762836889226
SRR10102393	73192	7	43.12207016066467
SRR10070134	73192	8	54.70679585917715
SRR10102393	73192	8	43.12207016066467
SRR10070134	73192	9	54.70679585917715
SRR10102393	73192	9	43.12207016066467
SRR10070134	73192	10	54.70679585917715
SRR10102393	73192	10	43.12207016066467
SRR10070134	73493	1	54.70679585917718
SRR10070134	73493	2	54.70679585917718
SRR10070134	73493	3	54.70679585917718
SRR10070134	73493	4	54.45762836889229
SRR10070134	73493	5	54.56971561259456
SRR10070134	73493	6	54.70679585917718
SRR10070134	73493	7	54.70679585917718
SRR10070134	73493	8	54.70679585917718
SRR10070134	73493	9	54.70679585917718
SRR10070134	73493	10	54.70679585917718
SRR10070134	73795	1	54.70679585917718
SRR10070134	73795	2	54.70679585917718
SRR10070134	73795	3	54.70679585917718
SRR10070134	73795	4	54.70679585917718
SRR10070134	73795	5	54.70679585917718
SRR10070134	73795	6	54.70679585917718
SRR10070134	73795	7	54.70679585917718
SRR10070134	73795	8	54.70679585917718
SRR10070134	73795	9	54.70679585917718
SRR10070134	73795	10	54.70679585917718
SRR10070134	74096	1	54.70679585917718
SRR10070134	74096	2	54.70679585917718
SRR10070134	74096	3	54.70679585917718
SRR10070134	74096	4	54.70679585917718
SRR10070134	74096	5	54.70679585917718
SRR10070134	74096	6	54.70679585917718
SRR10070134	74096	7	54.70679585917718
SRR10070134	74096	8	54.70679585917718
SRR10070134	74096	9	54.70679585917718
SRR10070134	74096	10	54.70679585917718
SRR10070134	74397	1	54.70679585917718
SRR10070134	74397	2	54.70679585917718
SRR10070134	74397	3	54.70679585917718
SRR10070134	74397	4	54.70679585917718
SRR10070134	74397	5	54.70679585917718
SRR10070134	74397	6	54.70679585917718
SRR10070134	74397	7	54.70679585917718
SRR10070134	74397	8	54.70679585917718
SRR10070134	74397	9	54.70679585917718
SRR10070134	74397	10	54.70679585917718
SRR10070134	74698	1	54.70679585917718
SRR10070134	74698	2	54.70679585917718
SRR10070134	74698	3	54.70679585917718
SRR10070134	74698	4	54.70679585917718
SRR10070134	74698	5	54.70679585917718
SRR10070134	74698	6	54.45762836889229
SRR10070134	74698	7	54.70679585917718
SRR10070134	74698	8	54.70679585917718
SRR10070134	74698	9	54.70679585917718
SRR10070134	74698	10	54.70679585917718
SRR10070134	75000	1	54.70679585917718
SRR10070134	75000	2	54.70679585917718
SRR10070134	75000	3	54.70679585917718
SRR10070134	75000	4	54.70679585917718
SRR10070134	75000	5	54.70679585917718
SRR10070134	75000	6	54.70679585917718
SRR10070134	75000	7	54.70679585917718
SRR10070134	75000	8	54.70679585917718
SRR10070134	75000	9	54.70679585917718
SRR10070134	75000	10	54.70679585917718
