sample_id	Habitat	Kingdom	Phylum	Class	Order	Family	Genus	abundance
SRR10070130	Riverwater	Bacteria	Bacteria	Pseudomonadota	Alphaproteobacteria	Rhizobiales	Devosiaceae	0.000032981697694833034
SRR10070130	Riverwater	Bacteria	Bacteria	Planctomycetota	Planctomycetia	Pirellulales	Pirellulaceae	0.000017759375681833174
SRR10070130	Riverwater	Bacteria	Bacteria	Actinomycetota	Acidimicrobiia	Acidimicrobiales	JABEUL01	0.0007522364128090765
SRR10070130	Riverwater	Bacteria	Bacteria	Myxococcota_A	Polyangia	Polyangiales	Polyangiaceae	0.00005454665387991617
SRR10070130	Riverwater	Bacteria	Bacteria	Bacteroidota	Bacteroidia	Flavobacteriales	Flavobacteriaceae	0.015421480726003276
SRR10070130	Riverwater	Bacteria	Bacteria	Methylomirabilota	Methylomirabilia	Rokubacteriales	CSP1-6	3.8055805032499655e-6
SRR10070130	Riverwater	Bacteria	Bacteria	Verrucomicrobiota	Verrucomicrobiia	Chthoniobacterales	UBA10450	0.00001268526834416655
SRR10070130	Riverwater	Bacteria	Bacteria	Actinomycetota	Thermoleophilia	Gaiellales	Gaiellaceae	3.8055805032499655e-6
SRR10070130	Riverwater	Bacteria	Bacteria	Pseudomonadota	Gammaproteobacteria	Burkholderiales	Burkholderiaceae_C	0.01235291431354939
SRR10070130	Riverwater	Bacteria	Bacteria	Fibrobacterota	Fibrobacteria	UBA5070	UBA5070	0.0002435571522079978
SRR10070130	Riverwater	Unclassified	Unclassified	Unclassified	Unclassified	Unclassified	Unclassified	0.0002067698740099148
SRR10070130	Riverwater	Bacteria	Bacteria	Bdellovibrionota	UBA2394	UBA2394	UBA2394	0.000011416741509749897
SRR10070130	Riverwater	Bacteria	Bacteria	Bacillota	Clostridia	Oscillospirales	Ruminococcaceae	0.00002410200985391645
SRR10070130	Riverwater	Bacteria	Bacteria	Verrucomicrobiota	Verrucomicrobiia	Verrucomicrobiales	Verrucomicrobiaceae	0.00017632522998391507
SRR10070130	Riverwater	Bacteria	Bacteria	Pseudomonadota	Alphaproteobacteria	Rhizobiales	Beijerinckiaceae	0.000022833483019499794
SRR10070130	Riverwater	Bacteria	Bacteria	Unclassified	Unclassified	Unclassified	Unclassified	0.0038474418887857152
SRR10070130	Riverwater	Bacteria	Bacteria	Pseudomonadota	Gammaproteobacteria	Xanthomonadales	Xanthomonadaceae	0.000555614753474495
SRR10070130	Riverwater	Bacteria	Bacteria	Actinomycetota	Actinomycetes	Actinomycetales	Microbacteriaceae	0.00005454665387991617
SRR10070130	Riverwater	Bacteria	Bacteria	Chloroflexota	Limnocylindria	Limnocylindrales	CSP1-4	0.00006469486855524941
SRR10070130	Riverwater	Bacteria	Bacteria	Pseudomonadota	Alphaproteobacteria	Rhizobiales	Xanthobacteraceae	0.00008372277107149925
SRR10070130	Riverwater	Bacteria	Bacteria	Verrucomicrobiota	Verrucomicrobiia	Verrucomicrobiales	V1-33	0.00007864866373383262
SRR10070130	Riverwater	Bacteria	Bacteria	Bacteroidota	Bacteroidia	Chitinophagales	Saprospiraceae	0.0001217785761039989
SRR10070130	Riverwater	Bacteria	Bacteria	Pseudomonadota	Gammaproteobacteria	Steroidobacterales	Steroidobacteraceae	0.0003120576012664972
SRR10070130	Riverwater	Bacteria	Bacteria	Pseudomonadota	Gammaproteobacteria	Burkholderiales	Neisseriaceae	0.00012304710293841554
SRR10070130	Riverwater	Bacteria	Bacteria	Pseudomonadota	Alphaproteobacteria	Rhizobiales	Methyloligellaceae	0.000013953795178583207
SRR10070130	Riverwater	Bacteria	Bacteria	Pseudomonadota	Alphaproteobacteria	UBA9655	UBA9655	0.000183936390990415
SRR10070130	Riverwater	Bacteria	Bacteria	Pseudomonadota	Gammaproteobacteria	Burkholderiales	Rhodocyclaceae	0.0021869402625343134
SRR10070130	Riverwater	Bacteria	Bacteria	Desulfobacterota	Desulfuromonadia	Geobacterales	Pseudopelobacteraceae	0.00007738013689941596
SRR10070130	Riverwater	Bacteria	Bacteria	Acidobacteriota	Vicinamibacteria	Vicinamibacterales	UBA2999	0.0000621578148864161
SRR10070130	Riverwater	Bacteria	Bacteria	Patescibacteriota	Minisyncoccia	Phycocordibacterales	DATDWN01	0.0000253705366883331
SRR10070130	Riverwater	Bacteria	Bacteria	Acidobacteriota	Terriglobia	Terriglobales	Acidobacteriaceae	0.000020296429350666484
SRR10070130	Riverwater	Bacteria	Bacteria	Bacillota	Clostridia	Lachnospirales	Lachnospiraceae	0.00008625982474033255
SRR10070130	Riverwater	Bacteria	Bacteria	Pseudomonadota	Gammaproteobacteria	Burkholderiales	SG8-41	0.000038055805032499654
SRR10070130	Riverwater	Bacteria	Bacteria	Pseudomonadota	Gammaproteobacteria	Enterobacterales	Alteromonadaceae	0.0006253837293674111
SRR10070130	Riverwater	Bacteria	Bacteria	Acidobacteriota	Vicinamibacteria	Vicinamibacterales	CAVVIG01	0.0000507410733766662
SRR10070130	Riverwater	Bacteria	Bacteria	Patescibacteriota	Saccharimonadia	Saccharimonadales	SZUA-47	0.00027273326939958087
SRR10070130	Riverwater	Archaea	Archaea	Thermoproteota	Nitrososphaeria	Nitrososphaerales	Nitrososphaeraceae	0.000015222322012999862
SRR10070130	Riverwater	Bacteria	Bacteria	Pseudomonadota	Gammaproteobacteria	Burkholderiales	Unclassified	0.017841829926070255
SRR10070130	Riverwater	Bacteria	Bacteria	Pseudomonadota	Alphaproteobacteria	Sphingomonadales	Sphingomonadaceae	0.00018774197149366498
SRR10070130	Riverwater	Bacteria	Bacteria	Pseudomonadota	Alphaproteobacteria	Rickettsiales	Rickettsiaceae	0.00007864866373383262
SRR10070130	Riverwater	Bacteria	Bacteria	Bacteroidota	Ignavibacteria	Ignavibacteriales	Ignavibacteriaceae	0.000013953795178583207
SRR10070130	Riverwater	Bacteria	Bacteria	Bdellovibrionota_B	Oligoflexia	Silvanigrellales	Silvanigrellaceae	0.00002917611719158307
SRR10070130	Riverwater	Bacteria	Bacteria	Pseudomonadota	Unclassified	Unclassified	Unclassified	0.00018266786415599835
SRR10070130	Riverwater	Bacteria	Bacteria	Bacteroidota	Bacteroidia	Cytophagales	Cyclobacteriaceae	0.000022833483019499794
SRR10070130	Riverwater	Bacteria	Bacteria	Bacteroidota	Bacteroidia	Sphingobacteriales	Sphingobacteriaceae	0.00005581518071433283
SRR10070130	Riverwater	Bacteria	Bacteria	Nitrospirota	Thermodesulfovibrionia	Thermodesulfovibrionales	UBA6898	6.342634172083275e-6
SRR10070130	Riverwater	Bacteria	Bacteria	Bacteroidota	Bacteroidia	Chitinophagales	Chitinophagaceae	0.00010021361991891577
SRR10070130	Riverwater	Bacteria	Bacteria	Pseudomonadota	Gammaproteobacteria	Pseudomonadales	Moraxellaceae	0.004853383668478123
SRR10070130	Riverwater	Bacteria	Bacteria	Campylobacterota	Campylobacteria	Campylobacterales	Arcobacteraceae	0.0016287884553909853
SRR10070130	Riverwater	Bacteria	Bacteria	Pseudomonadota	Gammaproteobacteria	Burkholderiales	SG8-39	0.0000482040197078329
SRR10070130	Riverwater	Bacteria	Bacteria	Actinomycetota	Acidimicrobiia	Acidimicrobiales	Ilumatobacteraceae	0.0000507410733766662
SRR10070130	Riverwater	Bacteria	Bacteria	Bdellovibrionota	Bacteriovoracia	Bacteriovoracales	Bacteriovoracaceae	0.0001217785761039989
SRR10070130	Riverwater	Bacteria	Bacteria	Myxococcota_A	Polyangia	Nannocystales	Nannocystaceae	0.000026639063522749757
SRR10070130	Riverwater	Bacteria	Bacteria	Patescibacteriota	Saccharimonadia	Saccharimonadales	UBA4665	0.0012418877708939055
SRR10070130	Riverwater	Bacteria	Bacteria	Eisenbacteria	RBG-16-71-46	RBG-16-71-46	RBG-16-71-46	0.00004947254654224956
SRR10070130	Riverwater	Bacteria	Bacteria	Acidobacteriota	Vicinamibacteria	Fen-336	JAGNNV01	0.00003171317086041638
SRR10070130	Riverwater	Bacteria	Bacteria	Eisenbacteria	RBG-16-71-46	SZUA-252	SZUA-252	0.000015222322012999862
SRR10070130	Riverwater	Bacteria	Bacteria	Pseudomonadota	Alphaproteobacteria	Azospirillales	Azospirillaceae	0.00002917611719158307
SRR10070130	Riverwater	Bacteria	Bacteria	Gemmatimonadota	Gemmatimonadetes	Gemmatimonadales	Gemmatimonadaceae	6.342634172083275e-6
SRR10070130	Riverwater	Bacteria	Bacteria	Bdellovibrionota	UBA1018	UBA1018	CAIMNF01	0.00002917611719158307
SRR10070130	Riverwater	Bacteria	Bacteria	Bacteroidota	Bacteroidia	Cytophagales	Spirosomataceae	0.000489651358084829
SRR10070130	Riverwater	Bacteria	Bacteria	Pseudomonadota	Gammaproteobacteria	Burkholderiales	Gallionellaceae	0.00014588058595791536
SRR10070130	Riverwater	Bacteria	Bacteria	Gemmatimonadota	Gemmatimonadetes	Gemmatimonadales	GWC2-71-9	7.611161006499931e-6
SRR10070130	Riverwater	Bacteria	Bacteria	Krumholzibacteriota	Krumholzibacteriia	LZORAL124-64-63	LZORAL124-64-63	0.000021564956185083137
SRR10070130	Riverwater	Bacteria	Bacteria	Campylobacterota	Campylobacteria	Campylobacterales	Sulfurimonadaceae	0.0001446120591234987
SRR10070130	Riverwater	Bacteria	Bacteria	Bacteroidota	Bacteroidia	Bacteroidales	Bacteroidaceae	0.00023975157170474785
SRR10070130	Riverwater	Bacteria	Bacteria	Bacteroidota	Bacteroidia	AKYH767-A	2013-40CM-41-45	0.0001014821467533324
SRR10070130	Riverwater	Bacteria	Bacteria	Verrucomicrobiota	Verrucomicrobiia	Opitutales	Opitutaceae	0.0002448256790424145
SRR10070130	Riverwater	Bacteria	Bacteria	Cyanobacteriota	Vampirovibrionia	Gastranaerophilales	Gastranaerophilaceae	0.00003932433186691631
SRR10070130	Riverwater	Bacteria	Bacteria	Patescibacteriota	Gracilibacteria	BD1-5	UBA2023	0.0000875283515747492
SRR10070130	Riverwater	Bacteria	Bacteria	Pseudomonadota	Gammaproteobacteria	Burkholderiales	Nitrosomonadaceae	0.00007864866373383262
SRR10070130	Riverwater	Bacteria	Bacteria	Bacillota	Negativicutes	Selenomonadales	Selenomonadaceae	0.000032981697694833034
SRR10070130	Riverwater	Bacteria	Bacteria	Pseudomonadota	Gammaproteobacteria	Burkholderiales	Sulfuricellaceae	0.00005835223438316614
SRR10070130	Riverwater	Bacteria	Bacteria	Pseudomonadota	Gammaproteobacteria	Xanthomonadales	Unclassified	0.000021564956185083137
SRR10070130	Riverwater	Bacteria	Bacteria	Pseudomonadota	Gammaproteobacteria	Enterobacterales	Aeromonadaceae	0.001765789353507984
SRR10070130	Riverwater	Bacteria	Bacteria	Verrucomicrobiota	Verrucomicrobiia	Limisphaerales	JADLHS01	0.00006469486855524941
SRR10070130	Riverwater	Bacteria	Bacteria	Myxococcota_A	Polyangia	Haliangiales	Haliangiaceae	0.000021564956185083137
SRR10070130	Riverwater	Bacteria	Bacteria	Pseudomonadota	Gammaproteobacteria	Unclassified	Unclassified	0.00023721451803591454
SRR10070130	Riverwater	Bacteria	Bacteria	Pseudomonadota	Gammaproteobacteria	UBA6186	Azoamicaceae	0.0011492853119814896
SRR10070130	Riverwater	Bacteria	Bacteria	Acidobacteriota	Aminicenantia	Aminicenantales	Unclassified	2.5370536688333105e-6
SRR10070130	Riverwater	Bacteria	Bacteria	Bacteroidota	Bacteroidia	Bacteroidales	Rikenellaceae	0.00002410200985391645
SRR10070130	Riverwater	Bacteria	Bacteria	Pseudomonadota	Alphaproteobacteria	Rhizobiales	Rhizobiaceae	0.00004059285870133297
SRR10070130	Riverwater	Bacteria	Bacteria	Pseudomonadota	Gammaproteobacteria	Steroidobacterales	Rariloculaceae	0.000013953795178583207
SRR10070130	Riverwater	Bacteria	Bacteria	Bacteroidota	Bacteroidia	Unclassified	Unclassified	0.00004947254654224956
SRR10070130	Riverwater	Bacteria	Bacteria	Pseudomonadota	Alphaproteobacteria	Rhodobacterales	Rhodobacteraceae	0.00043256765053607945
SRR10070130	Riverwater	Bacteria	Bacteria	Acidobacteriota	Thermoanaerobaculia	Gp7-AA8	Gp7-AA8	8.879687840916587e-6
SRR10070130	Riverwater	Bacteria	Bacteria	Pseudomonadota	Alphaproteobacteria	Rickettsiales	UBA1997	0.0001496861664611653
SRR10070130	Riverwater	Bacteria	Bacteria	Planctomycetota	JAJSAM01	JAJSAM01	JAKLKS01	0.000013953795178583207
SRR10070130	Riverwater	Bacteria	Bacteria	Bdellovibrionota	Bdellovibrionia	Bdellovibrionales	JAMPXM01	0.000020296429350666484
SRR10070130	Riverwater	Bacteria	Bacteria	Pseudomonadota	Alphaproteobacteria	Caulobacterales	Caulobacteraceae	0.00010782478092541569
SRR10070130	Riverwater	Bacteria	Bacteria	Methylomirabilota	Methylomirabilia	Methylomirabilales	2-02-FULL-66-22	0.000011416741509749897
SRR10070130	Riverwater	Bacteria	Bacteria	Pseudomonadota	Gammaproteobacteria	Pseudomonadales	Pseudomonadaceae	0.0010592199067379071
SRR10070130	Riverwater	Bacteria	Bacteria	Pseudomonadota	Alphaproteobacteria	Paracaedibacterales	Unclassified	0.000030444644025999724
SRR10070130	Riverwater	Bacteria	Bacteria	Bacteroidota	Bacteroidia	Flavobacteriales_D	Crocinitomicaceae	0.00017378817631508175
SRR10070130	Riverwater	Bacteria	Bacteria	Planctomycetota	Planctomycetia	Planctomycetales	Planctomycetaceae	0.00003171317086041638
SRR10070130	Riverwater	Bacteria	Bacteria	Bacillota	Clostridia	Clostridiales	Clostridiaceae	0.00017125112264624844
SRR10070130	Riverwater	Bacteria	Bacteria	Pseudomonadota	Gammaproteobacteria	Xanthomonadales	Ahniellaceae	0.0000710375027273327
SRR10070130	Riverwater	Archaea	Archaea	Thermoproteota	Bathyarchaeia	TCS64	TCS64	3.8055805032499655e-6
SRR10070130	Riverwater	Bacteria	Bacteria	Bdellovibrionota	Bdellovibrionia	Bdellovibrionales	Bdellovibrionaceae	0.0001636399616397485
SRR10070130	Riverwater	Bacteria	Bacteria	Actinomycetota	Actinomycetes	S36-B12	GCA-2699445	0.0000621578148864161
SRR10070130	Riverwater	Bacteria	Bacteria	Bacteroidota	Bacteroidia	Bacteroidales	VadinHA17	0.000017759375681833174
SRR10070130	Riverwater	Bacteria	Bacteria	Verrucomicrobiota	Lentisphaeria	Victivallales	Victivallaceae	0.000016490848847416517
SRR10070130	Riverwater	Bacteria	Bacteria	Verrucomicrobiota	Verrucomicrobiia	Verrucomicrobiales	Akkermansiaceae	0.00012812121027608217
SRR10070130	Riverwater	Bacteria	Bacteria	Bacillota	Clostridia	Eubacteriales	Eubacteriaceae	0.000020296429350666484
SRR10070130	Riverwater	Bacteria	Bacteria	Bacteroidota	Bacteroidia	Chitinophagales	JADIYW01	0.00005454665387991617
SRR10070130	Riverwater	Bacteria	Bacteria	Patescibacteriota	Saccharimonadia	UBA4664	UBA4664	0.00003171317086041638
SRR10070130	Riverwater	Bacteria	Bacteria	Myxococcota_A	Polyangia	Palsa-1104	JAEUJZ01	0.00010401920042216572
SRR10070130	Riverwater	Bacteria	Bacteria	Planctomycetota	UBA1135	UBA1135	GCA-002686595	2.5370536688333105e-6
SRR10070130	Riverwater	Bacteria	Bacteria	Pseudomonadota	Gammaproteobacteria	Acidiferrobacterales	Unclassified	0.000013953795178583207
SRR10070130	Riverwater	Bacteria	Bacteria	Cyanobacteriota	Vampirovibrionia	Obscuribacterales	Obscuribacteraceae	0.0006241152025329943
SRR10070130	Riverwater	Bacteria	Bacteria	Elusimicrobiota	Elusimicrobia	UBA1565	UBA9628	0.000017759375681833174
SRR10070130	Riverwater	Bacteria	Bacteria	Verrucomicrobiota	Verrucomicrobiia	Limisphaerales	Unclassified	0.00001268526834416655
SRR10070130	Riverwater	Bacteria	Bacteria	Pseudomonadota	Alphaproteobacteria	Rhizobiales	Aestuariivirgaceae	0.000015222322012999862
SRR10070130	Riverwater	Bacteria	Bacteria	Patescibacteriota	Gracilibacteria	Absconditabacterales	Absconditicoccaceae	0.00005581518071433283
SRR10070130	Riverwater	Bacteria	Bacteria	Pseudomonadota	Gammaproteobacteria	Burkholderiales	Burkholderiaceae_F	0.000027907590357166414
SRR10070130	Riverwater	Bacteria	Bacteria	Patescibacteriota	Saccharimonadia	Saccharimonadales	CAIOMD01	0.00006469486855524941
SRR10070130	Riverwater	Bacteria	Bacteria	Chloroflexota	Dehalococcoidia	Lucifugimonadales	UBA1123	0.00006342634172083275
SRR10070130	Riverwater	Bacteria	Bacteria	Pseudomonadota	Gammaproteobacteria	Burkholderiales	JACQAP01	0.000016490848847416517
SRR10070130	Riverwater	Bacteria	Bacteria	Patescibacteriota	Saccharimonadia	Saccharimonadales	Unclassified	0.00013700089811699876
SRR10070130	Riverwater	Bacteria	Bacteria	Myxococcota	Unclassified	Unclassified	Unclassified	0.000038055805032499654
SRR10070130	Riverwater	Bacteria	Bacteria	Actinomycetota	Acidimicrobiia	Acidimicrobiales	Acidimicrobilacustridaceae	0.00001268526834416655
SRR10070130	Riverwater	Bacteria	Bacteria	Pseudomonadota	Gammaproteobacteria	Burkholderiales	Thiobacillaceae	0.00005200960021108286
SRR10070130	Riverwater	Bacteria	Bacteria	Acidobacteriota	Thermoanaerobaculia	Thermoanaerobaculales	Sulfomarinibacteraceae	3.8055805032499655e-6
SRR10070130	Riverwater	Bacteria	Bacteria	Chloroflexota	Anaerolineae	Caldilineales	Caldilineaceae	0.000015222322012999862
SRR10070130	Riverwater	Bacteria	Bacteria	Bdellovibrionota	Bdellovibrionia	Bdellovibrionales	Unclassified	0.00006850044905849938
SRR10070130	Riverwater	Bacteria	Bacteria	Bacteroidota	Bacteroidia	Bacteroidales	Paludibacteraceae	0.00008625982474033255
SRR10070130	Riverwater	Bacteria	Bacteria	Pseudomonadota	Gammaproteobacteria	Francisellales	Francisellaceae	0.00001268526834416655
SRR10070130	Riverwater	Bacteria	Bacteria	Desulfobacterota	Desulfuromonadia	Desulfuromonadales	Unclassified	7.611161006499931e-6
SRR10070130	Riverwater	Bacteria	Bacteria	Patescibacteriota	Saccharimonadia	CAILAD01	BJGX01	0.00001268526834416655
SRR10070130	Riverwater	Bacteria	Bacteria	Pseudomonadota	Gammaproteobacteria	Burkholderiales	Burkholderiaceae_D	0.00046047524089324585
SRR10070130	Riverwater	Bacteria	Bacteria	Actinomycetota	Actinomycetes	Actinomycetales	Dermatophilaceae	0.00017759375681833172
SRR10070130	Riverwater	Bacteria	Bacteria	Bdellovibrionota	UBA1018	UBA1018	UBA1018	0.00010909330775983234
SRR10070130	Riverwater	Bacteria	Bacteria	Nitrospirota	Nitrospiria	Nitrospirales	Nitrospiraceae	0.00006976897589291604
SRR10070130	Riverwater	Bacteria	Bacteria	Cyanobacteriota	Cyanobacteriia	Cyanobacteriales	Microcoleaceae	0.00005581518071433283
SRR10070130	Riverwater	Bacteria	Bacteria	Patescibacteriota	Gracilibacteria	BD1-5	UBA6164	0.000010148214675333242
SRR10070130	Riverwater	Bacteria	Bacteria	Pseudomonadota	Alphaproteobacteria	WRAU01	Hepatincolaceae	8.879687840916587e-6
SRR10070130	Riverwater	Bacteria	Bacteria	Pseudomonadota	Gammaproteobacteria	Xanthomonadales	SZUA-36	8.879687840916587e-6
SRR10070130	Riverwater	Bacteria	Bacteria	Patescibacteriota	Gracilibacteria	BD1-5	JAGOOR01	0.00011670446876633228
SRR10070130	Riverwater	Bacteria	Bacteria	Desulfobacterota	Binatia	UBA1149	CAYXZP01	5.074107337666621e-6
SRR10070130	Riverwater	Bacteria	Bacteria	Acidobacteriota	Thermoanaerobaculia	UBA5066	UBA5066	0.000016490848847416517
SRR10070130	Riverwater	Bacteria	Bacteria	Desulfobacterota	Desulfobaccia	Desulfobaccales	0-14-0-80-60-11	0.000030444644025999724
SRR10070130	Riverwater	Bacteria	Bacteria	Acidobacteriota	Vicinamibacteria	Fen-336	Fen-336	0.000030444644025999724
SRR10070130	Riverwater	Bacteria	Bacteria	Pseudomonadota	Alphaproteobacteria	Unclassified	Unclassified	0.000022833483019499794
SRR10070130	Riverwater	Bacteria	Bacteria	Bacteroidota	Bacteroidia	Bacteroidales	Prolixibacteraceae	0.000021564956185083137
SRR10070130	Riverwater	Bacteria	Bacteria	Actinomycetota	Actinomycetes	S36-B12	S36-B12	0.000030444644025999724
SRR10070130	Riverwater	Bacteria	Bacteria	Pseudomonadota	Alphaproteobacteria	JAEUKQ01	JAEUKQ01	0.00010782478092541569
SRR10070130	Riverwater	Bacteria	Bacteria	Pseudomonadota	Gammaproteobacteria	Pseudomonadales	Cellvibrionaceae	0.000846107398555909
SRR10070130	Riverwater	Bacteria	Bacteria	Pseudomonadota	Alphaproteobacteria	Rhizobiales	Kaistiaceae	0.000016490848847416517
SRR10070130	Riverwater	Bacteria	Bacteria	Planctomycetota	Planctomycetia	Pirellulales	Lacipirellulaceae	0.00004566696603899959
SRR10070130	Riverwater	Bacteria	Bacteria	Acidobacteriota	Vicinamibacteria	Vicinamibacterales	Unclassified	0.000016490848847416517
SRR10070130	Riverwater	Bacteria	Bacteria	Omnitrophota	Omnitrophia	Omnitrophales	Aquincolibacteriaceae	0.0003107890744320805
SRR10070130	Riverwater	Bacteria	Bacteria	Planctomycetota	UBA1135	UBA1135	UBA2386	0.00007991719056824928
SRR10070130	Riverwater	Bacteria	Bacteria	Fusobacteriota	Fusobacteriia	Fusobacteriales	Fusobacteriaceae	0.00020930692767874811
SRR10070130	Riverwater	Bacteria	Bacteria	Verrucomicrobiota	Verrucomicrobiia	Chthoniobacterales	Terrimicrobiaceae	0.000013953795178583207
SRR10070130	Riverwater	Bacteria	Bacteria	Patescibacteriota	Saccharimonadia	Saccharimonadales	Saccharimonadaceae	0.0006875415442538272
SRR10070130	Riverwater	Bacteria	Bacteria	Elusimicrobiota	Elusimicrobia	FEN-1173	FEN-1173	0.000027907590357166414
SRR10070130	Riverwater	Bacteria	Bacteria	Pseudomonadota	Gammaproteobacteria	Pseudomonadales	Unclassified	0.00007357455639616601
SRR10070130	Riverwater	Bacteria	Bacteria	Pseudomonadota	Alphaproteobacteria	Micavibrionales	Micavibrionaceae	0.00021818661551966468
SRR10070130	Riverwater	Bacteria	Bacteria	Desulfobacterota	Binatia	UTPRO1	UTPRO1	0.000017759375681833174
SRR10070130	Riverwater	Bacteria	Bacteria	Chloroflexota	Chloroflexia	Thermomicrobiales	UBA6265	3.8055805032499655e-6
SRR10070130	Riverwater	Bacteria	Bacteria	Bacillota	Negativicutes	Acidaminococcales	Succinispiraceae	0.000011416741509749897
SRR10070130	Riverwater	Bacteria	Bacteria	Pseudomonadota	Gammaproteobacteria	Granulosicoccales	Granulosicoccaceae	0.00002410200985391645
SRR10070130	Riverwater	Bacteria	Bacteria	Pseudomonadota	Gammaproteobacteria	Burkholderiales	Chitinibacteraceae	0.00018266786415599835
SRR10070130	Riverwater	Bacteria	Bacteria	Desulfobacterota	Syntrophobacteria	Syntrophobacterales	Syntrophobacteraceae	3.8055805032499655e-6
SRR10070130	Riverwater	Bacteria	Bacteria	Myxococcota_A	Polyangia	Polyangiales	Houyiibacteriaceae	0.00005581518071433283
SRR10070130	Riverwater	Bacteria	Bacteria	Pseudomonadota	Gammaproteobacteria	Burkholderiales	Methylophilaceae	0.0002689276888963309
SRR10070130	Riverwater	Bacteria	Bacteria	Acidobacteriota	Holophagae	Holophagales	Holophagaceae	0.0000253705366883331
SRR10070130	Riverwater	Bacteria	Bacteria	Bacteroidota	Bacteroidia	B-17B0	Aurantibacillaceae	0.00023721451803591454
SRR10070130	Riverwater	Bacteria	Bacteria	Desulfobacterota	Desulfobacteria	Desulfobacterales	Desulfatirhabdiaceae	3.8055805032499655e-6
SRR10070130	Riverwater	Bacteria	Bacteria	Pseudomonadota	Alphaproteobacteria	Dongiales	Dongiaceae	0.000019027902516249827
SRR10070130	Riverwater	Bacteria	Bacteria	Bacteroidota	Ignavibacteria	Tepidaquicellales	OLB5	2.5370536688333105e-6
SRR10070130	Riverwater	Bacteria	Bacteria	Myxococcota_A	UBA796	UBA796	CAJQPC01	0.00004059285870133297
SRR10070130	Riverwater	Bacteria	Bacteria	Pseudomonadota	Gammaproteobacteria	Methylococcales	Methylomonadaceae	0.000013953795178583207
SRR10070130	Riverwater	Bacteria	Bacteria	Hydrogenedentota	Hydrogenedentia	Hydrogenedentales	JAEUWI01	0.000021564956185083137
SRR10070130	Riverwater	Bacteria	Bacteria	Patescibacteriota	Saccharimonadia	CAILAD01	GCA-016700035	0.000041861385535749624
SRR10070130	Riverwater	Bacteria	Bacteria	Patescibacteriota	Saccharimonadia	Saccharimonadales	UBA7683	0.0006139669878576611
SRR10070130	Riverwater	Bacteria	Bacteria	Pseudomonadota	Alphaproteobacteria	Micavibrionales	UBA1664	0.000030444644025999724
SRR10070130	Riverwater	Bacteria	Bacteria	Pseudomonadota	Gammaproteobacteria	Steroidobacterales	GCA-2729495	0.0000849912979059159
SRR10070130	Riverwater	Bacteria	Bacteria	Desulfobacterota	Desulfobulbia	Desulfobulbales	Desulfocapsaceae	0.00003171317086041638
SRR10070130	Riverwater	Bacteria	Bacteria	Babelota	Babeliae	Babelales	Unclassified	0.00007991719056824928
SRR10070130	Riverwater	Bacteria	Bacteria	Omnitrophota	Gorgyraeia	Unclassified	Unclassified	0.00008879687840916586
SRR10070130	Riverwater	Bacteria	Bacteria	Pseudomonadota	Gammaproteobacteria	Pseudomonadales	UBA7239	0.00012812121027608217
SRR10070130	Riverwater	Bacteria	Bacteria	Desulfobacterota_D	UBA1144	Nemesobacterales	UBA2774	0.000017759375681833174
SRR10070130	Riverwater	Bacteria	Bacteria	Pseudomonadota	Gammaproteobacteria	Pseudomonadales	Halieaceae	0.00016490848847416518
SRR10070130	Riverwater	Bacteria	Bacteria	Bdellovibrionota_C	UBA2361	SZUA-149	Unclassified	0.000019027902516249827
SRR10070130	Riverwater	Archaea	Archaea	Thermoproteota	Nitrososphaeria	Nitrososphaerales	Nitrosopumilaceae	0.000046935492873416244
SRR10070130	Riverwater	Bacteria	Bacteria	Bacillota	Bacilli	Bacillales	Cytobacillaceae	0.00004566696603899959
SRR10070130	Riverwater	Bacteria	Bacteria	Patescibacteriota	Minisyncoccia	Phycocordibacterales	PALSA-1337	0.000053278127045499514
SRR10070130	Riverwater	Bacteria	Bacteria	Desulfobacterota	Binatia	UBA1149	CAITLU01	7.611161006499931e-6
SRR10070130	Riverwater	Bacteria	Bacteria	Pseudomonadota	Alphaproteobacteria	Caedimonadales	Caedimonadaceae	0.00001268526834416655
SRR10070130	Riverwater	Bacteria	Bacteria	Methylomirabilota	Methylomirabilia	Methylomirabilales	Methylomirabilaceae	8.879687840916587e-6
SRR10070130	Riverwater	Bacteria	Bacteria	Pseudomonadota	Gammaproteobacteria	Enterobacterales	Enterobacteriaceae	0.00024228862537358116
SRR10070130	Riverwater	Bacteria	Bacteria	Patescibacteriota	Minisyncoccia	Phycocordibacterales	XYD1-FULL-46-19	0.000016490848847416517
SRR10070130	Riverwater	Bacteria	Bacteria	Verrucomicrobiota	Verrucomicrobiia	Opitutales	UBA953	5.074107337666621e-6
SRR10070130	Riverwater	Bacteria	Bacteria	Bdellovibrionota	UBA1018	UBA1018	UBA923	0.000019027902516249827
SRR10070130	Riverwater	Bacteria	Bacteria	Desulfobacterota	Desulfobacteria	Desulfobacterales	RPRI01	7.611161006499931e-6
SRR10070130	Riverwater	Bacteria	Bacteria	Pseudomonadota	Gammaproteobacteria	Legionellales	Legionellaceae	0.0000710375027273327
SRR10070130	Riverwater	Bacteria	Bacteria	Pseudomonadota	Gammaproteobacteria	CAWJOP01	CAWJOP01	0.000013953795178583207
SRR10070130	Riverwater	Bacteria	Bacteria	Desulfobacterota	Desulfobacteria	Desulfobacterales	Desulfosalsimonadaceae	5.074107337666621e-6
SRR10070130	Riverwater	Bacteria	Bacteria	Bacteroidota	Ignavibacteria	Kapaibacteriales	UBA961	0.00012558415660724885
SRR10070130	Riverwater	Bacteria	Bacteria	Bacteroidota	Bacteroidia	J057	JADKCL01	0.00004566696603899959
SRR10070130	Riverwater	Bacteria	Bacteria	Bdellovibrionota	UBA1018	CAIPTA01	CAIPTA01	0.0000253705366883331
SRR10070130	Riverwater	Bacteria	Bacteria	Bacillota	Bacilli	Lactobacillales	Unclassified	0.00007611161006499931
SRR10070130	Riverwater	Bacteria	Bacteria	Bacteroidota	Bacteroidia	Bacteroidales	Unclassified	0.000032981697694833034
SRR10070130	Riverwater	Bacteria	Bacteria	Bdellovibrionota_G	JALEGL01	JALEGL01	JAGRMV01	6.342634172083275e-6
SRR10070130	Riverwater	Bacteria	Bacteria	Pseudomonadota	Gammaproteobacteria	Pseudomonadales	Oleiphilaceae	0.00004566696603899959
SRR10070130	Riverwater	Bacteria	Bacteria	Bacteroidota	Bacteroidia	AKYH767-A	OLB10	0.000022833483019499794
SRR10070130	Riverwater	Bacteria	Bacteria	Patescibacteriota	Saccharimonadia	Saccharimonadales	JAGQNJ01	8.879687840916587e-6
SRR10070130	Riverwater	Bacteria	Bacteria	Patescibacteriota	Minisyncoccia	Phycocordibacterales	UBA5272	0.000053278127045499514
SRR10070130	Riverwater	Bacteria	Bacteria	Pseudomonadota	Gammaproteobacteria	Xanthomonadales	Rhodanobacteraceae	8.879687840916587e-6
SRR10070130	Riverwater	Bacteria	Bacteria	Pseudomonadota	Gammaproteobacteria	Burkholderiales	Aquaspirillaceae	0.00003171317086041638
SRR10070130	Riverwater	Bacteria	Bacteria	Planctomycetota	UBA11346	UBA11346	UBA11346	0.000019027902516249827
SRR10070130	Riverwater	Bacteria	Bacteria	Pseudomonadota	Gammaproteobacteria	Enterobacterales	Unclassified	0.00003551875136366635
SRR10070130	Riverwater	Bacteria	Bacteria	Bacillota	Bacilli	Lactobacillales	Aerococcaceae	0.0001636399616397485
SRR10070130	Riverwater	Bacteria	Bacteria	Actinomycetota	Acidimicrobiia	IMCC26256	JAGPDB01	0.0000253705366883331
SRR10070130	Riverwater	Bacteria	Bacteria	Pseudomonadota	Gammaproteobacteria	Enterobacterales	Shewanellaceae	0.00008372277107149925
SRR10070130	Riverwater	Bacteria	Bacteria	Actinomycetota	Actinomycetes	S36-B12	CAIYMF01	0.000026639063522749757
SRR10070130	Riverwater	Bacteria	Bacteria	Desulfobacterota	Deferrimicrobia	Deferrimicrobiales	Deferrimicrobiaceae	0.00006850044905849938
SRR10070130	Riverwater	Bacteria	Bacteria	Patescibacteriota	Saccharimonadia	Saccharimonadales	HK-STAS-PATE-42	0.00009894509308449912
SRR10070130	Riverwater	Archaea	Archaea	Nanobdellota	Nanobdellia	Unclassified	Unclassified	0.000022833483019499794
SRR10070130	Riverwater	Bacteria	Bacteria	Patescibacteriota	Gracilibacteria	UBA1369	2-02-FULL-48-14	0.00003551875136366635
SRR10070130	Riverwater	Bacteria	Bacteria	Myxococcota	UBA727	UBA727	JABDBI01	0.00010655625409099903
SRR10070130	Riverwater	Bacteria	Bacteria	Patescibacteriota	Saccharimonadia	CAILAD01	JADZBC01	0.0001014821467533324
SRR10070130	Riverwater	Bacteria	Bacteria	Actinomycetota	Acidimicrobiia	Acidimicrobiales	Iamiaceae	0.00002917611719158307
SRR10070130	Riverwater	Bacteria	Bacteria	Omnitrophota	Gorgyraeia	2-02-FULL-51-18	2-02-FULL-51-18	0.00011670446876633228
SRR10070130	Riverwater	Bacteria	Bacteria	Pseudomonadota	Gammaproteobacteria	Thiotrichales	Thiotrichaceae	0.000026639063522749757
SRR10070130	Riverwater	Bacteria	Bacteria	Bdellovibrionota	Bdellovibrionia	Bdellovibrionales	UBA1609	0.000021564956185083137
SRR10070130	Riverwater	Bacteria	Bacteria	Verrucomicrobiota	Verrucomicrobiia	Opitutales	Unclassified	0.0000253705366883331
SRR10070130	Riverwater	Bacteria	Bacteria	Bacteroidota	Bacteroidia	2-12-FULL-35-15	2-12-FULL-35-15	0.00005581518071433283
SRR10070130	Riverwater	Bacteria	Bacteria	Pseudomonadota	Gammaproteobacteria	Xanthomonadales	SZUA-5	0.00008625982474033255
SRR10070130	Riverwater	Bacteria	Bacteria	Bacteroidota	Bacteroidia	Cytophagales	Unclassified	0.00002917611719158307
SRR10070130	Riverwater	Bacteria	Bacteria	Actinomycetota	Aquicultoria	Subteraquimicrobiales	UBA9087	0.000019027902516249827
SRR10070130	Riverwater	Bacteria	Bacteria	Planctomycetota	Planctomycetia	Isosphaerales	Isosphaeraceae	0.00001268526834416655
SRR10070130	Riverwater	Bacteria	Bacteria	Pseudomonadota	Gammaproteobacteria	Pseudomonadales	Ketobacteraceae	0.000022833483019499794
SRR10070130	Riverwater	Bacteria	Bacteria	Actinomycetota	Actinomycetes	S36-B12	Unclassified	0.0000253705366883331
SRR10070130	Riverwater	Bacteria	Bacteria	Pseudomonadota	Gammaproteobacteria	Pseudomonadales	CAMLJR01	0.000015222322012999862
SRR10070130	Riverwater	Bacteria	Bacteria	Campylobacterota	Campylobacteria	Campylobacterales	Sulfurospirillaceae	0.000021564956185083137
SRR10070130	Riverwater	Bacteria	Bacteria	Actinomycetota	Actinomycetes	S36-B12	UBA10799	0.00018266786415599835
SRR10070130	Riverwater	Bacteria	Bacteria	Pseudomonadota	Gammaproteobacteria	Steroidobacterales	Woeseiaceae	8.879687840916587e-6
SRR10070130	Riverwater	Bacteria	Bacteria	Patescibacteriota	Minisyncoccia	Phycocordibacterales	Unclassified	0.000021564956185083137
SRR10070130	Riverwater	Bacteria	Bacteria	Acidobacteriota	Vicinamibacteria	Vicinamibacterales	JAKQTR01	0.0000253705366883331
SRR10070130	Riverwater	Bacteria	Bacteria	Pseudomonadota	Gammaproteobacteria	Burkholderiales	Burkholderiaceae_E	0.0000507410733766662
SRR10070130	Riverwater	Bacteria	Bacteria	Bacteroidota	Bacteroidia	Flavobacteriales	Weeksellaceae	0.00006088928805199945
SRR10070130	Riverwater	Bacteria	Bacteria	Pseudomonadota	Gammaproteobacteria	Chromatiales	Chromatiaceae	0.000030444644025999724
SRR10070130	Riverwater	Archaea	Archaea	Nanobdellota	Nanobdellia	Woesearchaeales	SKIA01	0.000015222322012999862
SRR10070130	Riverwater	Bacteria	Bacteria	Bacteroidota	Bacteroidia	UKL13-3	UKL13-3	0.000017759375681833174
SRR10070130	Riverwater	Bacteria	Bacteria	Bdellovibrionota	UBA1018	UBA1018	Unclassified	7.611161006499931e-6
SRR10070130	Riverwater	Bacteria	Bacteria	Pseudomonadota	Gammaproteobacteria	Pseudomonadales	Oceanobacteraceae	0.00006088928805199945
SRR10070130	Riverwater	Bacteria	Bacteria	Bdellovibrionota_B	Oligoflexia	Oligoflexales	Oligoflexaceae	0.00005200960021108286
SRR10070130	Riverwater	Bacteria	Bacteria	Pseudomonadota	Alphaproteobacteria	Rickettsiales	CANDYO01	0.000011416741509749897
SRR10070130	Riverwater	Bacteria	Bacteria	Bdellovibrionota	FAC87	UBA2466	UBA2466	0.000026639063522749757
SRR10070130	Riverwater	Bacteria	Bacteria	Desulfobacterota	GWC2-55-46	GWC2-55-46	GWC2-55-46	5.074107337666621e-6
SRR10070130	Riverwater	Bacteria	Bacteria	Bacillota	Negativicutes	Acidaminococcales	Acidaminococcaceae	0.00005581518071433283
SRR10070130	Riverwater	Bacteria	Bacteria	Cyanobacteriota	Cyanobacteriia	Unclassified	Unclassified	0.000013953795178583207
SRR10070130	Riverwater	Bacteria	Bacteria	Pseudomonadota	Gammaproteobacteria	Burkholderiales	UBA11063	0.00002410200985391645
SRR10070130	Riverwater	Bacteria	Bacteria	Patescibacteriota	Gracilibacteria	UBA1369	UBA1369	0.000017759375681833174
SRR10070130	Riverwater	Bacteria	Bacteria	Pseudomonadota	Alphaproteobacteria	Paracaedibacterales	JAKBAR01	0.000030444644025999724
SRR10070131	Riverwater	Bacteria	Bacteria	Pseudomonadota	Alphaproteobacteria	Rhizobiales	Devosiaceae	0.00002323579192470625
SRR10070131	Riverwater	Bacteria	Bacteria	Planctomycetota	Planctomycetia	Pirellulales	Pirellulaceae	0.000014675237005077631
SRR10070131	Riverwater	Bacteria	Bacteria	Acidobacteriota	Terriglobia	20CM-2-55-15	20CM-2-55-15	4.89174566835921e-6
SRR10070131	Riverwater	Bacteria	Bacteria	Actinomycetota	Acidimicrobiia	Acidimicrobiales	JABEUL01	0.0006065764628765421
SRR10070131	Riverwater	Bacteria	Bacteria	Myxococcota_A	Polyangia	Polyangiales	Polyangiaceae	0.000052586265934861515
SRR10070131	Riverwater	Bacteria	Bacteria	Bacteroidota	Bacteroidia	Flavobacteriales	Flavobacteriaceae	0.015446909884261298
SRR10070131	Riverwater	Bacteria	Bacteria	Actinomycetota	Thermoleophilia	Gaiellales	Gaiellaceae	6.114682085449012e-6
SRR10070131	Riverwater	Bacteria	Bacteria	Pseudomonadota	Gammaproteobacteria	Burkholderiales	Burkholderiaceae_C	0.01326029957050473
SRR10070131	Riverwater	Bacteria	Bacteria	Fibrobacterota	Fibrobacteria	UBA5070	UBA5070	0.00021768268224198488
SRR10070131	Riverwater	Unclassified	Unclassified	Unclassified	Unclassified	Unclassified	Unclassified	0.00026537720250848716
SRR10070131	Riverwater	Bacteria	Bacteria	Bdellovibrionota	UBA2394	UBA2394	UBA2394	0.000011006427753808224
SRR10070131	Riverwater	Bacteria	Bacteria	Bacillota	Clostridia	Oscillospirales	Ruminococcaceae	0.000014675237005077631
SRR10070131	Riverwater	Bacteria	Bacteria	Verrucomicrobiota	Verrucomicrobiia	Verrucomicrobiales	Verrucomicrobiaceae	0.00015775879780458452
SRR10070131	Riverwater	Bacteria	Bacteria	Pseudomonadota	Alphaproteobacteria	Rhizobiales	Beijerinckiaceae	0.00001956698267343684
SRR10070131	Riverwater	Bacteria	Bacteria	Unclassified	Unclassified	Unclassified	Unclassified	0.0037776505923904
SRR10070131	Riverwater	Bacteria	Bacteria	Pseudomonadota	Gammaproteobacteria	Xanthomonadales	Xanthomonadaceae	0.00044637179223777797
SRR10070131	Riverwater	Bacteria	Bacteria	Actinomycetota	Actinomycetes	Actinomycetales	Microbacteriaceae	0.00002812753759306546
SRR10070131	Riverwater	Bacteria	Bacteria	Chloroflexota	Limnocylindria	Limnocylindrales	CSP1-4	0.00004280277459814309
SRR10070131	Riverwater	Bacteria	Bacteria	Pseudomonadota	Alphaproteobacteria	Rhizobiales	Xanthobacteraceae	0.000047694520266502305
SRR10070131	Riverwater	Bacteria	Bacteria	Verrucomicrobiota	Verrucomicrobiia	Verrucomicrobiales	V1-33	0.00003913396534687368
SRR10070131	Riverwater	Bacteria	Bacteria	Bacteroidota	Bacteroidia	Chitinophagales	Saprospiraceae	0.00011251015037226183
SRR10070131	Riverwater	Bacteria	Bacteria	Desulfobacterota	Binatia	UBA9968	UBA9968	0.00002445872834179605
SRR10070131	Riverwater	Bacteria	Bacteria	Planctomycetota	Brocadiia	Brocadiales	Brocadiaceae	9.78349133671842e-6
SRR10070131	Riverwater	Bacteria	Bacteria	Desulfobacterota	Binatia	Bin18	Bin18	6.114682085449012e-6
SRR10070131	Riverwater	Bacteria	Bacteria	Pseudomonadota	Gammaproteobacteria	Steroidobacterales	Steroidobacteraceae	0.00035832037020731215
SRR10070131	Riverwater	Bacteria	Bacteria	Actinomycetota	UBA4738	UBA4738	HRBIN12	0.000012229364170898025
SRR10070131	Riverwater	Bacteria	Bacteria	Pseudomonadota	Gammaproteobacteria	Burkholderiales	Neisseriaceae	0.00008927435844755559
SRR10070131	Riverwater	Bacteria	Bacteria	Pseudomonadota	Alphaproteobacteria	Rhizobiales	Methyloligellaceae	0.00003546515609560428
SRR10070131	Riverwater	Bacteria	Bacteria	Pseudomonadota	Alphaproteobacteria	UBA9655	UBA9655	0.00017487990764384178
SRR10070131	Riverwater	Bacteria	Bacteria	Pseudomonadota	Gammaproteobacteria	Burkholderiales	Rhodocyclaceae	0.0023822801404909354
SRR10070131	Riverwater	Bacteria	Bacteria	Acidobacteriota	Vicinamibacteria	Vicinamibacterales	UBA2999	0.0000464715838494125
SRR10070131	Riverwater	Bacteria	Bacteria	Patescibacteriota	Minisyncoccia	Phycocordibacterales	DATDWN01	0.00003301928326142467
SRR10070131	Riverwater	Bacteria	Bacteria	Acidobacteriota	Terriglobia	Terriglobales	Acidobacteriaceae	0.000029350474010155263
SRR10070131	Riverwater	Bacteria	Bacteria	Myxococcota	Myxococcia	Myxococcales	Myxococcaceae	0.00001834404625634704
SRR10070131	Riverwater	Bacteria	Bacteria	Bacillota	Clostridia	Lachnospirales	Lachnospiraceae	0.00007093031219120855
SRR10070131	Riverwater	Bacteria	Bacteria	Nitrospirota	Leptospirillia	Leptospirillales	Leptospirillaceae	9.78349133671842e-6
SRR10070131	Riverwater	Bacteria	Bacteria	Pseudomonadota	Gammaproteobacteria	Burkholderiales	SG8-41	0.00003668809251269408
SRR10070131	Riverwater	Bacteria	Bacteria	Pseudomonadota	Gammaproteobacteria	Enterobacterales	Alteromonadaceae	0.0006518251103088649
SRR10070131	Riverwater	Bacteria	Bacteria	Acidobacteriota	Vicinamibacteria	Vicinamibacterales	CAVVIG01	0.000034242219678514476
SRR10070131	Riverwater	Bacteria	Bacteria	Patescibacteriota	Saccharimonadia	Saccharimonadales	SZUA-47	0.00029839648576991185
SRR10070131	Riverwater	Bacteria	Bacteria	Nitrospirota	Thermodesulfovibrionia	Thermodesulfovibrionales	SM23-35	7.337618502538816e-6
SRR10070131	Riverwater	Bacteria	Bacteria	Acidobacteriota	Blastocatellia	Pyrinomonadales	Pyrinomonadaceae	0.00001834404625634704
SRR10070131	Riverwater	Bacteria	Bacteria	Acidobacteriota	Polarisedimenticolia	Polarisedimenticolales	DASRJG01	7.337618502538816e-6
SRR10070131	Riverwater	Bacteria	Bacteria	Pseudomonadota	Gammaproteobacteria	Burkholderiales	Unclassified	0.017303327365403617
SRR10070131	Riverwater	Bacteria	Bacteria	Pseudomonadota	Alphaproteobacteria	Sphingomonadales	Sphingomonadaceae	0.00020178450881981743
SRR10070131	Riverwater	Bacteria	Bacteria	Pseudomonadota	Alphaproteobacteria	Rickettsiales	Rickettsiaceae	0.00010272665903554341
SRR10070131	Riverwater	Bacteria	Bacteria	Bacteroidota	Ignavibacteria	Ignavibacteriales	Ignavibacteriaceae	0.00001834404625634704
SRR10070131	Riverwater	Bacteria	Bacteria	Bdellovibrionota_B	Oligoflexia	Silvanigrellales	Silvanigrellaceae	0.00002323579192470625
SRR10070131	Riverwater	Bacteria	Bacteria	Chloroflexota	Limnocylindria	QHBO01	QHBO01	8.560554919628619e-6
SRR10070131	Riverwater	Bacteria	Bacteria	Pseudomonadota	Unclassified	Unclassified	Unclassified	0.00019077808106600922
SRR10070131	Riverwater	Bacteria	Bacteria	Bacteroidota	Bacteroidia	Cytophagales	Cyclobacteriaceae	0.0000464715838494125
SRR10070131	Riverwater	Bacteria	Bacteria	Bacteroidota	Bacteroidia	Sphingobacteriales	Sphingobacteriaceae	0.00005136332951777171
SRR10070131	Riverwater	Bacteria	Bacteria	Acidobacteriota	Thermoanaerobaculia	UBA5066	Gp7-AA6	0.000015898173422167434
SRR10070131	Riverwater	Bacteria	Bacteria	Nitrospirota	Thermodesulfovibrionia	Thermodesulfovibrionales	UBA6898	4.89174566835921e-6
SRR10070131	Riverwater	Bacteria	Bacteria	Bacteroidota	Bacteroidia	Chitinophagales	Chitinophagaceae	0.00008071380352792697
SRR10070131	Riverwater	Bacteria	Bacteria	Pseudomonadota	Gammaproteobacteria	Pseudomonadales	Moraxellaceae	0.004563998708579143
SRR10070131	Riverwater	Bacteria	Bacteria	Campylobacterota	Campylobacteria	Campylobacterales	Arcobacteraceae	0.0018013853423732792
SRR10070131	Riverwater	Bacteria	Bacteria	Pseudomonadota	Gammaproteobacteria	Burkholderiales	SG8-39	0.00001956698267343684
SRR10070131	Riverwater	Bacteria	Bacteria	Actinomycetota	Acidimicrobiia	Acidimicrobiales	Ilumatobacteraceae	0.00003791102892978388
SRR10070131	Riverwater	Bacteria	Bacteria	Acidobacteriota	Vicinamibacteria	Vicinamibacterales	SCN-69-37	9.78349133671842e-6
SRR10070131	Riverwater	Bacteria	Bacteria	Bdellovibrionota	Bacteriovoracia	Bacteriovoracales	Bacteriovoracaceae	0.0000904972948646454
SRR10070131	Riverwater	Bacteria	Bacteria	Pseudomonadota	Gammaproteobacteria	Burkholderiales	Casimicrobiaceae	0.000058700948020310526
SRR10070131	Riverwater	Bacteria	Bacteria	Myxococcota_A	Polyangia	Nannocystales	Nannocystaceae	0.00002445872834179605
SRR10070131	Riverwater	Bacteria	Bacteria	Patescibacteriota	Saccharimonadia	Saccharimonadales	UBA4665	0.0010113684169332667
SRR10070131	Riverwater	Bacteria	Bacteria	Eisenbacteria	RBG-16-71-46	RBG-16-71-46	RBG-16-71-46	0.00004280277459814309
SRR10070131	Riverwater	Bacteria	Bacteria	Acidobacteriota	Vicinamibacteria	Fen-336	JAGNNV01	0.000020789919090526647
SRR10070131	Riverwater	Bacteria	Bacteria	Eisenbacteria	RBG-16-71-46	SZUA-252	SZUA-252	3.668809251269408e-6
SRR10070131	Riverwater	Bacteria	Bacteria	Pseudomonadota	Alphaproteobacteria	Azospirillales	Azospirillaceae	0.000034242219678514476
SRR10070131	Riverwater	Bacteria	Bacteria	Gemmatimonadota	Gemmatimonadetes	Gemmatimonadales	Gemmatimonadaceae	3.668809251269408e-6
SRR10070131	Riverwater	Bacteria	Bacteria	Pseudomonadota	Alphaproteobacteria	Micropepsales	Micropepsaceae	6.114682085449012e-6
SRR10070131	Riverwater	Bacteria	Bacteria	Bdellovibrionota	UBA1018	UBA1018	CAIMNF01	0.00004035690176396349
SRR10070131	Riverwater	Bacteria	Bacteria	Bacteroidota	Bacteroidia	Cytophagales	Spirosomataceae	0.0004060148904738145
SRR10070131	Riverwater	Bacteria	Bacteria	Pseudomonadota	Gammaproteobacteria	Burkholderiales	Gallionellaceae	0.00017121109839257235
SRR10070131	Riverwater	Bacteria	Bacteria	Krumholzibacteriota	Krumholzibacteriia	LZORAL124-64-63	LZORAL124-64-63	0.000017121109839257238
SRR10070131	Riverwater	Bacteria	Bacteria	Campylobacterota	Campylobacteria	Campylobacterales	Sulfurimonadaceae	0.00015408998855331513
SRR10070131	Riverwater	Bacteria	Bacteria	Bacteroidota	Bacteroidia	Bacteroidales	Bacteroidaceae	0.0001809945897292908
SRR10070131	Riverwater	Bacteria	Bacteria	Bacteroidota	Bacteroidia	AKYH767-A	2013-40CM-41-45	0.00010884134112099244
SRR10070131	Riverwater	Bacteria	Bacteria	Verrucomicrobiota	Verrucomicrobiia	Opitutales	Opitutaceae	0.0002507019655034095
SRR10070131	Riverwater	Bacteria	Bacteria	Cyanobacteriota	Vampirovibrionia	Gastranaerophilales	Gastranaerophilaceae	0.000026904601175975658
SRR10070131	Riverwater	Bacteria	Bacteria	Patescibacteriota	Gracilibacteria	BD1-5	UBA2023	0.00011740189604062105
SRR10070131	Riverwater	Bacteria	Bacteria	Pseudomonadota	Gammaproteobacteria	Burkholderiales	Nitrosomonadaceae	0.00007582205785956776
SRR10070131	Riverwater	Bacteria	Bacteria	Bacillota	Negativicutes	Selenomonadales	Selenomonadaceae	0.000029350474010155263
SRR10070131	Riverwater	Bacteria	Bacteria	Actinomycetota	Thermoleophilia	Solirubrobacterales	Solirubrobacteraceae	8.560554919628619e-6
SRR10070131	Riverwater	Bacteria	Bacteria	Pseudomonadota	Gammaproteobacteria	Burkholderiales	Sulfuricellaceae	0.00007459912144247796
SRR10070131	Riverwater	Bacteria	Bacteria	Pseudomonadota	Gammaproteobacteria	Xanthomonadales	Unclassified	0.000013452300587987829
SRR10070131	Riverwater	Bacteria	Bacteria	Pseudomonadota	Gammaproteobacteria	Enterobacterales	Aeromonadaceae	0.00204352675295706
SRR10070131	Riverwater	Bacteria	Bacteria	Acidobacteriota	Vicinamibacteria	Vicinamibacterales	JAMQPK01	0.000011006427753808224
SRR10070131	Riverwater	Bacteria	Bacteria	Verrucomicrobiota	Verrucomicrobiia	Limisphaerales	JADLHS01	0.00011740189604062105
SRR10070131	Riverwater	Bacteria	Bacteria	Myxococcota_A	Polyangia	Haliangiales	Haliangiaceae	0.000015898173422167434
SRR10070131	Riverwater	Bacteria	Bacteria	Pseudomonadota	Gammaproteobacteria	Unclassified	Unclassified	0.0002494790290863197
SRR10070131	Riverwater	Bacteria	Bacteria	Acidobacteriota	Thermoanaerobaculia	Multivoradales	JAGPDF01	0.000017121109839257238
SRR10070131	Riverwater	Bacteria	Bacteria	Pseudomonadota	Gammaproteobacteria	UBA6186	Azoamicaceae	0.0011043115846320916
SRR10070131	Riverwater	Bacteria	Bacteria	Bacteroidota	Bacteroidia	Bacteroidales	Rikenellaceae	0.000015898173422167434
SRR10070131	Riverwater	Bacteria	Bacteria	Bacteroidota	Bacteroidia	Unclassified	Unclassified	0.000052586265934861515
SRR10070131	Riverwater	Bacteria	Bacteria	Pseudomonadota	Alphaproteobacteria	Rhodobacterales	Rhodobacteraceae	0.000520970913680256
SRR10070131	Riverwater	Bacteria	Bacteria	Acidobacteriota	Thermoanaerobaculia	Gp7-AA8	Gp7-AA8	0.000011006427753808224
SRR10070131	Riverwater	Bacteria	Bacteria	Pseudomonadota	Alphaproteobacteria	Rickettsiales	UBA1997	0.00015408998855331513
SRR10070131	Riverwater	Bacteria	Bacteria	Planctomycetota	JAJSAM01	JAJSAM01	JAKLKS01	0.000014675237005077631
SRR10070131	Riverwater	Bacteria	Bacteria	Bdellovibrionota	Bdellovibrionia	Bdellovibrionales	JAMPXM01	0.00001956698267343684
SRR10070131	Riverwater	Bacteria	Bacteria	Pseudomonadota	Alphaproteobacteria	Caulobacterales	Caulobacteraceae	0.000047694520266502305
SRR10070131	Riverwater	Bacteria	Bacteria	Methylomirabilota	Methylomirabilia	Methylomirabilales	2-02-FULL-66-22	0.000017121109839257238
SRR10070131	Riverwater	Bacteria	Bacteria	Pseudomonadota	Gammaproteobacteria	Pseudomonadales	Pseudomonadaceae	0.0009306546134053397
SRR10070131	Riverwater	Bacteria	Bacteria	Pseudomonadota	Alphaproteobacteria	Paracaedibacterales	Unclassified	0.00002323579192470625
SRR10070131	Riverwater	Bacteria	Bacteria	Bacteroidota	Bacteroidia	Flavobacteriales_D	Crocinitomicaceae	0.00016142760705585395
SRR10070131	Riverwater	Bacteria	Bacteria	Planctomycetota	Planctomycetia	Planctomycetales	Planctomycetaceae	0.00003546515609560428
SRR10070131	Riverwater	Bacteria	Bacteria	Bacillota	Clostridia	Clostridiales	Clostridiaceae	0.00011862483245771086
SRR10070131	Riverwater	Bacteria	Bacteria	Desulfobacterota	Syntrophorhabdia	Syntrophorhabdales	Syntrophorhabdaceae	8.560554919628619e-6
SRR10070131	Riverwater	Bacteria	Bacteria	Pseudomonadota	Gammaproteobacteria	Xanthomonadales	Ahniellaceae	0.00006114682085449013
SRR10070131	Riverwater	Bacteria	Bacteria	Bdellovibrionota	Bdellovibrionia	Bdellovibrionales	Bdellovibrionaceae	0.00018588633539765
SRR10070131	Riverwater	Bacteria	Bacteria	Actinomycetota	Actinomycetes	S36-B12	GCA-2699445	0.00003913396534687368
SRR10070131	Riverwater	Bacteria	Bacteria	Verrucomicrobiota	Lentisphaeria	Victivallales	Victivallaceae	0.000013452300587987829
SRR10070131	Riverwater	Bacteria	Bacteria	Verrucomicrobiota	Verrucomicrobiia	Verrucomicrobiales	Akkermansiaceae	0.00010150372261845362
SRR10070131	Riverwater	Bacteria	Bacteria	Bacillota	Clostridia	Eubacteriales	Eubacteriaceae	0.000015898173422167434
SRR10070131	Riverwater	Bacteria	Bacteria	Bacteroidota	Bacteroidia	Chitinophagales	JADIYW01	0.00004035690176396349
SRR10070131	Riverwater	Bacteria	Bacteria	Patescibacteriota	Saccharimonadia	UBA4664	UBA4664	0.00003668809251269408
SRR10070131	Riverwater	Bacteria	Bacteria	Myxococcota_A	Polyangia	Palsa-1104	JAEUJZ01	0.00011128721395517203
SRR10070131	Riverwater	Bacteria	Bacteria	Zhuqueibacterota	Zhuqueibacteria	Zhuqueibacterales	Zhuqueibacteraceae	6.114682085449012e-6
SRR10070131	Riverwater	Bacteria	Bacteria	Cyanobacteriota	Vampirovibrionia	Obscuribacterales	Obscuribacteraceae	0.0007252012953342529
SRR10070131	Riverwater	Bacteria	Bacteria	Verrucomicrobiota	Verrucomicrobiia	Limisphaerales	Unclassified	0.000014675237005077631
SRR10070131	Riverwater	Bacteria	Bacteria	Pseudomonadota	Alphaproteobacteria	Rhizobiales	Aestuariivirgaceae	0.00003057341042724507
SRR10070131	Riverwater	Bacteria	Bacteria	Patescibacteriota	Gracilibacteria	Absconditabacterales	Absconditicoccaceae	0.00007215324860829835
SRR10070131	Riverwater	Bacteria	Bacteria	Acidobacteriota	HRBIN11	JAKEFK01	JAKEFK01	3.668809251269408e-6
SRR10070131	Riverwater	Bacteria	Bacteria	Pseudomonadota	Gammaproteobacteria	Burkholderiales	Burkholderiaceae_F	0.000013452300587987829
SRR10070131	Riverwater	Bacteria	Bacteria	Patescibacteriota	Saccharimonadia	Saccharimonadales	CAIOMD01	0.000044025711015232896
SRR10070131	Riverwater	Bacteria	Bacteria	Chloroflexota	Dehalococcoidia	Lucifugimonadales	UBA1123	0.00010028078620136381
SRR10070131	Riverwater	Bacteria	Bacteria	Pseudomonadota	Gammaproteobacteria	Burkholderiales	JACQAP01	0.00002323579192470625
SRR10070131	Riverwater	Bacteria	Bacteria	Desulfobacterota	BSN033	BSN033	UBA1163	0.000026904601175975658
SRR10070131	Riverwater	Bacteria	Bacteria	Patescibacteriota	Saccharimonadia	Saccharimonadales	Unclassified	0.00013330006946278848
SRR10070131	Riverwater	Bacteria	Bacteria	Myxococcota	Unclassified	Unclassified	Unclassified	0.00002445872834179605
SRR10070131	Riverwater	Bacteria	Bacteria	Pseudomonadota	Gammaproteobacteria	Burkholderiales	Thiobacillaceae	0.00005625507518613092
SRR10070131	Riverwater	Bacteria	Bacteria	Chloroflexota	Anaerolineae	Caldilineales	Caldilineaceae	0.000017121109839257238
SRR10070131	Riverwater	Bacteria	Bacteria	Bdellovibrionota	Bdellovibrionia	Bdellovibrionales	Unclassified	0.00007582205785956776
SRR10070131	Riverwater	Bacteria	Bacteria	Bacteroidota	Bacteroidia	Bacteroidales	Paludibacteraceae	0.000044025711015232896
SRR10070131	Riverwater	Bacteria	Bacteria	Pseudomonadota	Gammaproteobacteria	Francisellales	Francisellaceae	6.114682085449012e-6
SRR10070131	Riverwater	Bacteria	Bacteria	Patescibacteriota	Saccharimonadia	CAILAD01	BJGX01	7.337618502538816e-6
SRR10070131	Riverwater	Bacteria	Bacteria	Pseudomonadota	Gammaproteobacteria	Burkholderiales	Burkholderiaceae_D	0.0005466525784391418
SRR10070131	Riverwater	Bacteria	Bacteria	Actinomycetota	Actinomycetes	Actinomycetales	Dermatophilaceae	0.00008682848561337598
SRR10070131	Riverwater	Bacteria	Bacteria	Desulfobacterota	DSM-4660	Desulfatiglandales	HGW-15	6.114682085449012e-6
SRR10070131	Riverwater	Bacteria	Bacteria	Bdellovibrionota	UBA1018	UBA1018	UBA1018	0.00011495602320644145
SRR10070131	Riverwater	Bacteria	Bacteria	Nitrospirota	Nitrospiria	Nitrospirales	Nitrospiraceae	0.000053809202351951316
SRR10070131	Riverwater	Bacteria	Bacteria	Cyanobacteriota	Cyanobacteriia	Cyanobacteriales	Microcoleaceae	0.00004280277459814309
SRR10070131	Riverwater	Bacteria	Bacteria	Patescibacteriota	Gracilibacteria	BD1-5	UBA6164	0.00002323579192470625
SRR10070131	Riverwater	Bacteria	Bacteria	Pseudomonadota	Alphaproteobacteria	WRAU01	Hepatincolaceae	0.000017121109839257238
SRR10070131	Riverwater	Bacteria	Bacteria	Pseudomonadota	Gammaproteobacteria	Xanthomonadales	SZUA-36	0.000013452300587987829
SRR10070131	Riverwater	Bacteria	Bacteria	Patescibacteriota	Gracilibacteria	BD1-5	JAGOOR01	0.00015286705213622532
SRR10070131	Riverwater	Bacteria	Bacteria	Acidobacteriota	Terriglobia	Versatilivoradales	Versatilivoraceae	4.89174566835921e-6
SRR10070131	Riverwater	Bacteria	Bacteria	Acidobacteriota	Thermoanaerobaculia	UBA5066	UBA5066	0.00003057341042724507
SRR10070131	Riverwater	Bacteria	Bacteria	Chloroflexota	Anaerolineae	4572-78	J111	6.114682085449012e-6
SRR10070131	Riverwater	Bacteria	Bacteria	Desulfobacterota	Desulfobaccia	Desulfobaccales	0-14-0-80-60-11	0.000013452300587987829
SRR10070131	Riverwater	Bacteria	Bacteria	Acidobacteriota	Vicinamibacteria	Fen-336	Fen-336	0.00002323579192470625
SRR10070131	Riverwater	Bacteria	Bacteria	Pseudomonadota	Alphaproteobacteria	Unclassified	Unclassified	0.000013452300587987829
SRR10070131	Riverwater	Bacteria	Bacteria	Bacteroidota	Bacteroidia	Bacteroidales	Prolixibacteraceae	0.00001956698267343684
SRR10070131	Riverwater	Bacteria	Bacteria	Actinomycetota	Actinomycetes	S36-B12	S36-B12	0.000013452300587987829
SRR10070131	Riverwater	Bacteria	Bacteria	Pseudomonadota	Alphaproteobacteria	JAEUKQ01	JAEUKQ01	0.00011251015037226183
SRR10070131	Riverwater	Bacteria	Bacteria	Pseudomonadota	Gammaproteobacteria	Pseudomonadales	Cellvibrionaceae	0.0008780683474704782
SRR10070131	Riverwater	Bacteria	Bacteria	Pseudomonadota	Alphaproteobacteria	Rhizobiales	Kaistiaceae	0.000014675237005077631
SRR10070131	Riverwater	Bacteria	Bacteria	JAUVQV01	JAUVQV01	JAUVQV01	DATDCY01	0.000022012855507616448
SRR10070131	Riverwater	Bacteria	Bacteria	Planctomycetota	Planctomycetia	Pirellulales	Lacipirellulaceae	0.000017121109839257238
SRR10070131	Riverwater	Bacteria	Bacteria	Omnitrophota	Omnitrophia	Omnitrophales	Aquincolibacteriaceae	0.0003717726707953
SRR10070131	Riverwater	Bacteria	Bacteria	Planctomycetota	UBA1135	UBA1135	UBA2386	0.00008071380352792697
SRR10070131	Riverwater	Bacteria	Bacteria	Fusobacteriota	Fusobacteriia	Fusobacteriales	Fusobacteriaceae	0.00024458728341796054
SRR10070131	Riverwater	Bacteria	Bacteria	Verrucomicrobiota	Verrucomicrobiia	Chthoniobacterales	Terrimicrobiaceae	0.000011006427753808224
SRR10070131	Riverwater	Bacteria	Bacteria	Patescibacteriota	Saccharimonadia	Saccharimonadales	Saccharimonadaceae	0.0007484370872589592
SRR10070131	Riverwater	Bacteria	Bacteria	Elusimicrobiota	Elusimicrobia	FEN-1173	FEN-1173	0.000022012855507616448
SRR10070131	Riverwater	Bacteria	Bacteria	Pseudomonadota	Gammaproteobacteria	Pseudomonadales	Unclassified	0.00008315967636210659
SRR10070131	Riverwater	Bacteria	Bacteria	Pseudomonadota	Alphaproteobacteria	Micavibrionales	Micavibrionaceae	0.00020912212732235623
SRR10070131	Riverwater	Bacteria	Bacteria	Desulfobacterota	Binatia	UTPRO1	UTPRO1	6.114682085449012e-6
SRR10070131	Riverwater	Bacteria	Bacteria	Pseudomonadota	Gammaproteobacteria	Ga0077536	Ga0077536	0.000015898173422167434
SRR10070131	Riverwater	Bacteria	Bacteria	Chloroflexota	Anaerolineae	Aggregatilineales	Phototrophicaceae	6.114682085449012e-6
SRR10070131	Riverwater	Bacteria	Bacteria	Bacillota	Negativicutes	Acidaminococcales	Succinispiraceae	0.000017121109839257238
SRR10070131	Riverwater	Bacteria	Bacteria	Pseudomonadota	Gammaproteobacteria	Granulosicoccales	Granulosicoccaceae	0.000020789919090526647
SRR10070131	Riverwater	Bacteria	Bacteria	Pseudomonadota	Gammaproteobacteria	Burkholderiales	Chitinibacteraceae	0.0001418606243824171
SRR10070131	Riverwater	Bacteria	Bacteria	Desulfobacterota	Syntrophobacteria	Syntrophobacterales	Syntrophobacteraceae	3.668809251269408e-6
SRR10070131	Riverwater	Bacteria	Bacteria	Myxococcota_A	Polyangia	Polyangiales	Houyiibacteriaceae	0.00003668809251269408
SRR10070131	Riverwater	Bacteria	Bacteria	Pseudomonadota	Gammaproteobacteria	Burkholderiales	Methylophilaceae	0.0001956698267343684
SRR10070131	Riverwater	Bacteria	Bacteria	Acidobacteriota	Holophagae	Holophagales	Holophagaceae	0.000017121109839257238
SRR10070131	Riverwater	Bacteria	Bacteria	Bacteroidota	Bacteroidia	B-17B0	Aurantibacillaceae	0.0002409184741666911
SRR10070131	Riverwater	Bacteria	Bacteria	Pseudomonadota	Alphaproteobacteria	Dongiales	Dongiaceae	0.000014675237005077631
SRR10070131	Riverwater	Bacteria	Bacteria	Myxococcota_A	UBA796	UBA796	CAJQPC01	0.00002323579192470625
SRR10070131	Riverwater	Bacteria	Bacteria	Pseudomonadota	Gammaproteobacteria	Methylococcales	Methylomonadaceae	0.000012229364170898025
SRR10070131	Riverwater	Bacteria	Bacteria	Hydrogenedentota	Hydrogenedentia	Hydrogenedentales	JAEUWI01	4.89174566835921e-6
SRR10070131	Riverwater	Bacteria	Bacteria	Patescibacteriota	Saccharimonadia	CAILAD01	GCA-016700035	0.00005136332951777171
SRR10070131	Riverwater	Bacteria	Bacteria	Patescibacteriota	Saccharimonadia	Saccharimonadales	UBA7683	0.0006799526479019303
SRR10070131	Riverwater	Bacteria	Bacteria	Desulfobacterota	Desulfobacteria	Desulfobacterales	SpSt-501	0.00001956698267343684
SRR10070131	Riverwater	Bacteria	Bacteria	Pseudomonadota	Alphaproteobacteria	Micavibrionales	UBA1664	0.00002323579192470625
SRR10070131	Riverwater	Bacteria	Bacteria	Pseudomonadota	Gammaproteobacteria	Steroidobacterales	GCA-2729495	0.00005503213876904112
SRR10070131	Riverwater	Bacteria	Bacteria	Desulfobacterota	Desulfobulbia	Desulfobulbales	Desulfocapsaceae	0.000026904601175975658
SRR10070131	Riverwater	Bacteria	Bacteria	Babelota	Babeliae	Babelales	Unclassified	0.00010517253186972303
SRR10070131	Riverwater	Bacteria	Bacteria	Omnitrophota	Gorgyraeia	Unclassified	Unclassified	0.00012351657812607008
SRR10070131	Riverwater	Bacteria	Bacteria	Pseudomonadota	Gammaproteobacteria	Pseudomonadales	UBA7239	0.00012963126021151906
SRR10070131	Riverwater	Bacteria	Bacteria	Desulfobacterota_D	UBA1144	Nemesobacterales	UBA2774	4.89174566835921e-6
SRR10070131	Riverwater	Bacteria	Bacteria	Pseudomonadota	Gammaproteobacteria	Pseudomonadales	Halieaceae	0.00015653586138749472
SRR10070131	Riverwater	Bacteria	Bacteria	Bdellovibrionota_C	UBA2361	SZUA-149	Unclassified	3.668809251269408e-6
SRR10070131	Riverwater	Archaea	Archaea	Thermoproteota	Nitrososphaeria	Nitrososphaerales	Nitrosopumilaceae	0.00006359269368866974
SRR10070131	Riverwater	Bacteria	Bacteria	Bacillota	Bacilli	Bacillales	Cytobacillaceae	0.00002812753759306546
SRR10070131	Riverwater	Bacteria	Bacteria	Patescibacteriota	Minisyncoccia	Phycocordibacterales	PALSA-1337	0.00006359269368866974
SRR10070131	Riverwater	Bacteria	Bacteria	Desulfobacterota	Binatia	UBA1149	CAITLU01	0.00001956698267343684
SRR10070131	Riverwater	Bacteria	Bacteria	Pseudomonadota	Alphaproteobacteria	Caedimonadales	Caedimonadaceae	0.000013452300587987829
SRR10070131	Riverwater	Bacteria	Bacteria	Pseudomonadota	Gammaproteobacteria	Enterobacterales	Enterobacteriaceae	0.00023358085566415232
SRR10070131	Riverwater	Bacteria	Bacteria	UBA10199	UBA10199	DSSB01	DSSB01	6.114682085449012e-6
SRR10070131	Riverwater	Bacteria	Bacteria	Bacteroidota	Ignavibacteria	UBA10030	UBA10030	8.560554919628619e-6
SRR10070131	Riverwater	Bacteria	Bacteria	Patescibacteriota	Minisyncoccia	Phycocordibacterales	XYD1-FULL-46-19	0.00003057341042724507
SRR10070131	Riverwater	Bacteria	Bacteria	Verrucomicrobiota	Verrucomicrobiia	Opitutales	UBA953	0.000013452300587987829
SRR10070131	Riverwater	Bacteria	Bacteria	Acidobacteriota	Vicinamibacteria	Vicinamibacterales	Vicinamibacteraceae	0.000012229364170898025
SRR10070131	Riverwater	Bacteria	Bacteria	Bdellovibrionota	UBA1018	UBA1018	UBA923	0.000029350474010155263
SRR10070131	Riverwater	Bacteria	Bacteria	Acidobacteriota	Terriglobia	Acidiferrales	2-02-FULL-67-57	7.337618502538816e-6
SRR10070131	Riverwater	Bacteria	Bacteria	Pseudomonadota	Gammaproteobacteria	Legionellales	Legionellaceae	0.000050140393100681907
SRR10070131	Riverwater	Bacteria	Bacteria	Pseudomonadota	Gammaproteobacteria	CAWJOP01	CAWJOP01	3.668809251269408e-6
SRR10070131	Riverwater	Bacteria	Bacteria	Bacteroidota	Ignavibacteria	Kapaibacteriales	UBA961	0.00011373308678935164
SRR10070131	Riverwater	Bacteria	Bacteria	Bacteroidota	Bacteroidia	J057	JADKCL01	0.00003301928326142467
SRR10070131	Riverwater	Bacteria	Bacteria	Zixibacteria	MSB-5A5	CAIYYT01	CAIYYT01	6.114682085449012e-6
SRR10070131	Riverwater	Bacteria	Bacteria	Bdellovibrionota	UBA1018	CAIPTA01	CAIPTA01	0.00003546515609560428
SRR10070131	Riverwater	Bacteria	Bacteria	Bacillota	Bacilli	Lactobacillales	Unclassified	0.00005136332951777171
SRR10070131	Riverwater	Bacteria	Bacteria	Bacteroidota	Bacteroidia	Bacteroidales	Unclassified	0.00003179634684433487
SRR10070131	Riverwater	Bacteria	Bacteria	Bdellovibrionota_G	JALEGL01	JALEGL01	JAGRMV01	0.00001956698267343684
SRR10070131	Riverwater	Bacteria	Bacteria	Pseudomonadota	Gammaproteobacteria	Pseudomonadales	Oleiphilaceae	0.00003668809251269408
SRR10070131	Riverwater	Bacteria	Bacteria	Bacteroidota	Bacteroidia	AKYH767-A	OLB10	0.00001834404625634704
SRR10070131	Riverwater	Bacteria	Bacteria	Patescibacteriota	Saccharimonadia	Saccharimonadales	JAGQNJ01	0.00002445872834179605
SRR10070131	Riverwater	Bacteria	Bacteria	Patescibacteriota	Minisyncoccia	Phycocordibacterales	UBA5272	0.00007826793069374736
SRR10070131	Riverwater	Bacteria	Bacteria	Pseudomonadota	Gammaproteobacteria	Burkholderiales	Aquaspirillaceae	0.00007093031219120855
SRR10070131	Riverwater	Bacteria	Bacteria	Planctomycetota	UBA11346	UBA11346	UBA11346	0.00002812753759306546
SRR10070131	Riverwater	Bacteria	Bacteria	Pseudomonadota	Gammaproteobacteria	Enterobacterales	Unclassified	0.00002812753759306546
SRR10070131	Riverwater	Bacteria	Bacteria	Pseudomonadota	Gammaproteobacteria	Acidiferrobacterales	Sulfurifustaceae	8.560554919628619e-6
SRR10070131	Riverwater	Bacteria	Bacteria	Bacillota	Bacilli	Lactobacillales	Aerococcaceae	0.00013330006946278848
SRR10070131	Riverwater	Bacteria	Bacteria	Actinomycetota	Acidimicrobiia	IMCC26256	JAGPDB01	7.337618502538816e-6
SRR10070131	Riverwater	Bacteria	Bacteria	Pseudomonadota	Gammaproteobacteria	Enterobacterales	Shewanellaceae	0.00008927435844755559
SRR10070131	Riverwater	Bacteria	Bacteria	Actinomycetota	Actinomycetes	S36-B12	CAIYMF01	9.78349133671842e-6
SRR10070131	Riverwater	Bacteria	Bacteria	Desulfobacterota	Deferrimicrobia	Deferrimicrobiales	Deferrimicrobiaceae	0.00004035690176396349
SRR10070131	Riverwater	Bacteria	Bacteria	Patescibacteriota	Saccharimonadia	Saccharimonadales	HK-STAS-PATE-42	0.00011006427753808225
SRR10070131	Riverwater	Archaea	Archaea	Nanobdellota	Nanobdellia	Unclassified	Unclassified	0.000013452300587987829
SRR10070131	Riverwater	Bacteria	Bacteria	Patescibacteriota	Gracilibacteria	UBA1369	2-02-FULL-48-14	0.00004035690176396349
SRR10070131	Riverwater	Bacteria	Bacteria	Myxococcota	UBA727	UBA727	JABDBI01	0.00011740189604062105
SRR10070131	Riverwater	Bacteria	Bacteria	Patescibacteriota	Saccharimonadia	CAILAD01	JADZBC01	0.00010517253186972303
SRR10070131	Riverwater	Bacteria	Bacteria	Actinomycetota	Acidimicrobiia	Acidimicrobiales	Iamiaceae	0.00002445872834179605
SRR10070131	Riverwater	Bacteria	Bacteria	Omnitrophota	Gorgyraeia	2-02-FULL-51-18	2-02-FULL-51-18	0.0001345230058798783
SRR10070131	Riverwater	Bacteria	Bacteria	Pseudomonadota	Gammaproteobacteria	Thiotrichales	Thiotrichaceae	0.000017121109839257238
SRR10070131	Riverwater	Bacteria	Bacteria	Planctomycetota	PLA2	PLA2	PLA2	3.668809251269408e-6
SRR10070131	Riverwater	Bacteria	Bacteria	Bdellovibrionota	Bdellovibrionia	Bdellovibrionales	UBA1609	0.000029350474010155263
SRR10070131	Riverwater	Bacteria	Bacteria	Verrucomicrobiota	Verrucomicrobiia	Opitutales	Unclassified	0.00002812753759306546
SRR10070131	Riverwater	Bacteria	Bacteria	Pseudomonadota	Alphaproteobacteria	Reyranellales	Reyranellaceae	8.560554919628619e-6
SRR10070131	Riverwater	Bacteria	Bacteria	Bacteroidota	Bacteroidia	2-12-FULL-35-15	2-12-FULL-35-15	0.00005625507518613092
SRR10070131	Riverwater	Bacteria	Bacteria	Pseudomonadota	Gammaproteobacteria	Xanthomonadales	SZUA-5	0.00006236975727157993
SRR10070131	Riverwater	Bacteria	Bacteria	Bacteroidota	Bacteroidia	Cytophagales	Unclassified	0.000017121109839257238
SRR10070131	Riverwater	Bacteria	Bacteria	Actinomycetota	Aquicultoria	Subteraquimicrobiales	UBA9087	0.00003057341042724507
SRR10070131	Riverwater	Bacteria	Bacteria	Planctomycetota	Planctomycetia	Isosphaerales	Isosphaeraceae	0.00001834404625634704
SRR10070131	Riverwater	Bacteria	Bacteria	Myxococcota	Myxococcia	Myxococcales	Anaeromyxobacteraceae	0.000011006427753808224
SRR10070131	Riverwater	Bacteria	Bacteria	Pseudomonadota	Gammaproteobacteria	Pseudomonadales	Ketobacteraceae	0.00004280277459814309
SRR10070131	Riverwater	Bacteria	Bacteria	Bacillota	Desulfitobacteriia	Desulfitobacteriales	Desulfitobacteriaceae	4.89174566835921e-6
SRR10070131	Riverwater	Bacteria	Bacteria	Actinomycetota	Actinomycetes	S36-B12	Unclassified	0.000026904601175975658
SRR10070131	Riverwater	Bacteria	Bacteria	Pseudomonadota	Gammaproteobacteria	Pseudomonadales	CAMLJR01	0.00001956698267343684
SRR10070131	Riverwater	Bacteria	Bacteria	Campylobacterota	Campylobacteria	Campylobacterales	Sulfurospirillaceae	8.560554919628619e-6
SRR10070131	Riverwater	Bacteria	Bacteria	Actinomycetota	Actinomycetes	S36-B12	UBA10799	0.00013819181513114768
SRR10070131	Riverwater	Bacteria	Bacteria	Krumholzibacteriota	Krumholzibacteriia	WVZY01	WVZY01	2.445872834179605e-6
SRR10070131	Riverwater	Bacteria	Bacteria	Patescibacteriota	Minisyncoccia	Phycocordibacterales	Unclassified	0.000012229364170898025
SRR10070131	Riverwater	Bacteria	Bacteria	Planctomycetota	Planctomycetia	Pirellulales	PALSA-1355	0.000015898173422167434
SRR10070131	Riverwater	Bacteria	Bacteria	Acidobacteriota	Vicinamibacteria	Vicinamibacterales	JAKQTR01	0.00002812753759306546
SRR10070131	Riverwater	Bacteria	Bacteria	Acidobacteriota	Polarisedimenticolia	JACPZX01	DASXTC01	3.668809251269408e-6
SRR10070131	Riverwater	Bacteria	Bacteria	Actinomycetota	Actinomycetes	Actinomycetales	Micrococcaceae	4.89174566835921e-6
SRR10070131	Riverwater	Bacteria	Bacteria	Pseudomonadota	Gammaproteobacteria	Burkholderiales	Burkholderiaceae_E	0.0000489174566835921
SRR10070131	Riverwater	Bacteria	Bacteria	Bacteroidota	Bacteroidia	Flavobacteriales	Weeksellaceae	0.00005625507518613092
SRR10070131	Riverwater	Bacteria	Bacteria	Pseudomonadota	Gammaproteobacteria	Chromatiales	Chromatiaceae	0.00003791102892978388
SRR10070131	Riverwater	Archaea	Archaea	Nanobdellota	Nanobdellia	Woesearchaeales	SKIA01	0.00003301928326142467
SRR10070131	Riverwater	Bacteria	Bacteria	Bacteroidota	Bacteroidia	UKL13-3	UKL13-3	9.78349133671842e-6
SRR10070131	Riverwater	Bacteria	Bacteria	Bdellovibrionota	UBA1018	UBA1018	Unclassified	9.78349133671842e-6
SRR10070131	Riverwater	Bacteria	Bacteria	Pseudomonadota	Gammaproteobacteria	Pseudomonadales	Oceanobacteraceae	0.00007704499427665756
SRR10070131	Riverwater	Bacteria	Bacteria	Bdellovibrionota_B	Oligoflexia	Oligoflexales	Oligoflexaceae	0.000041579838181053294
SRR10070131	Riverwater	Bacteria	Bacteria	Pseudomonadota	Alphaproteobacteria	Rickettsiales	CANDYO01	0.000013452300587987829
SRR10070131	Riverwater	Bacteria	Bacteria	Bdellovibrionota	FAC87	UBA2466	UBA2466	0.000053809202351951316
SRR10070131	Riverwater	Bacteria	Bacteria	Desulfobacterota	Desulfuromonadia	Desulfuromonadales	UBA2197	0.000011006427753808224
SRR10070131	Riverwater	Bacteria	Bacteria	Bacillota	Negativicutes	Acidaminococcales	Acidaminococcaceae	0.00001834404625634704
SRR10070131	Riverwater	Bacteria	Bacteria	Cyanobacteriota	Cyanobacteriia	Unclassified	Unclassified	0.00002812753759306546
SRR10070131	Riverwater	Bacteria	Bacteria	Pseudomonadota	Gammaproteobacteria	Burkholderiales	UBA11063	0.000011006427753808224
SRR10070131	Riverwater	Bacteria	Bacteria	Patescibacteriota	Gracilibacteria	UBA1369	UBA1369	0.000011006427753808224
SRR10070131	Riverwater	Bacteria	Bacteria	Pseudomonadota	Alphaproteobacteria	Paracaedibacterales	JAKBAR01	0.00003057341042724507
SRR10070132	Groundwater	Bacteria	Bacteria	Bacteroidota	Bacteroidia	Flavobacteriales	Flavobacteriaceae	0.00011370743078060151
SRR10070132	Groundwater	Bacteria	Bacteria	Actinomycetota	Thermoleophilia	Gaiellales	Gaiellaceae	0.000056853715390300756
SRR10070132	Groundwater	Bacteria	Bacteria	Pseudomonadota	Gammaproteobacteria	Burkholderiales	Burkholderiaceae_C	0.008716385240775483
SRR10070132	Groundwater	Bacteria	Bacteria	Patescibacteriota	Minisyncoccia	Unclassified	Unclassified	0.00020254136107794644
SRR10070132	Groundwater	Unclassified	Unclassified	Unclassified	Unclassified	Unclassified	Unclassified	0.0019969867530843137
SRR10070132	Groundwater	Bacteria	Bacteria	Unclassified	Unclassified	Unclassified	Unclassified	0.003468076638808346
SRR10070132	Groundwater	Bacteria	Bacteria	Chloroflexota	Dehalococcoidia	Lucifugimonadales	Lucifugimonadaceae	0.00008528057308545113
SRR10070132	Groundwater	Bacteria	Bacteria	Pseudomonadota	Gammaproteobacteria	Xanthomonadales	Xanthomonadaceae	0.00009949400193302632
SRR10070132	Groundwater	Bacteria	Bacteria	Chloroflexota	Limnocylindria	Limnocylindrales	CSP1-4	0.0001456876456876457
SRR10070132	Groundwater	Bacteria	Bacteria	Desulfobacterota	Binatia	UBA9968	UBA9968	0.00007462050144976974
SRR10070132	Groundwater	Bacteria	Bacteria	Pseudomonadota	Gammaproteobacteria	Steroidobacterales	Steroidobacteraceae	0.00003908692933083177
SRR10070132	Groundwater	Bacteria	Bacteria	Pseudomonadota	Gammaproteobacteria	Burkholderiales	Rhodocyclaceae	0.00132895559724828
SRR10070132	Groundwater	Bacteria	Bacteria	Elusimicrobiota	Elusimicrobia	JACQPE01	JACQPE01	0.00006751378702598215
SRR10070132	Groundwater	Bacteria	Bacteria	Acidobacteriota	Vicinamibacteria	Vicinamibacterales	UBA2999	0.00019543464665415885
SRR10070132	Groundwater	Bacteria	Bacteria	Myxococcota	Myxococcia	Myxococcales	Myxococcaceae	0.000028426857695150378
SRR10070132	Groundwater	Bacteria	Bacteria	Pseudomonadota	Gammaproteobacteria	Burkholderiales	SG8-41	0.00017766786059468986
SRR10070132	Groundwater	Bacteria	Bacteria	Acidobacteriota	Vicinamibacteria	Vicinamibacterales	CAVVIG01	0.00035888907840127347
SRR10070132	Groundwater	Archaea	Archaea	Thermoproteota	Nitrososphaeria	Nitrososphaerales	Nitrososphaeraceae	0.0002416282904087782
SRR10070132	Groundwater	Bacteria	Bacteria	Pseudomonadota	Gammaproteobacteria	Burkholderiales	Unclassified	0.00021320143271362784
SRR10070132	Groundwater	Bacteria	Bacteria	Pseudomonadota	Alphaproteobacteria	Sphingomonadales	Sphingomonadaceae	0.0006751378702598215
SRR10070132	Groundwater	Bacteria	Bacteria	Bacteroidota	Ignavibacteria	Ignavibacteriales	Ignavibacteriaceae	0.000017766786059468986
SRR10070132	Groundwater	Bacteria	Bacteria	Bacteroidota	Bacteroidia	Cytophagales	Cyclobacteriaceae	0.00030558872022286656
SRR10070132	Groundwater	Bacteria	Bacteria	Omnitrophota	Gorgyraeia	Gygaellales	UBA12090	0.002650804480072773
SRR10070132	Groundwater	Bacteria	Bacteria	Bacteroidota	Bacteroidia	Sphingobacteriales	Sphingobacteriaceae	0.00007462050144976974
SRR10070132	Groundwater	Bacteria	Bacteria	Bacteroidota	Bacteroidia	Chitinophagales	Chitinophagaceae	0.0004121894365796805
SRR10070132	Groundwater	Bacteria	Bacteria	Pseudomonadota	Gammaproteobacteria	Pseudomonadales	Moraxellaceae	0.007351896071408266
SRR10070132	Groundwater	Bacteria	Bacteria	Campylobacterota	Campylobacteria	Campylobacterales	Arcobacteraceae	0.0012934220251293422
SRR10070132	Groundwater	Bacteria	Bacteria	Pseudomonadota	Gammaproteobacteria	Burkholderiales	SG8-39	0.0002736085053158224
SRR10070132	Groundwater	Bacteria	Bacteria	Patescibacteriota	Minisyncoccia	Phycocordibacterales	Zambryskibacteraceae	0.00009594064472113253
SRR10070132	Groundwater	Bacteria	Bacteria	Bacillota	Clostridia	Peptostreptococcales	Peptostreptococcaceae	0.000017766786059468986
SRR10070132	Groundwater	Bacteria	Bacteria	Bdellovibrionota	Bacteriovoracia	Bacteriovoracales	Bacteriovoracaceae	0.00003553357211893797
SRR10070132	Groundwater	Bacteria	Bacteria	Patescibacteriota	Saccharimonadia	Saccharimonadales	UBA4665	0.00017766786059468986
SRR10070132	Groundwater	Bacteria	Bacteria	Acidobacteriota	Vicinamibacteria	Fen-336	JAGNNV01	0.00017766786059468986
SRR10070132	Groundwater	Bacteria	Bacteria	Eisenbacteria	RBG-16-71-46	SZUA-252	SZUA-252	0.00008883393029734493
SRR10070132	Groundwater	Bacteria	Bacteria	Patescibacteriota	Microgenomatia	Woykebacterales	RBG-16-39-9b	0.00010304735914492012
SRR10070132	Groundwater	Bacteria	Bacteria	Gemmatimonadota	Gemmatimonadetes	Gemmatimonadales	Gemmatimonadaceae	0.0002736085053158224
SRR10070132	Groundwater	Bacteria	Bacteria	Pseudomonadota	Gammaproteobacteria	Burkholderiales	Gallionellaceae	0.013460117118653702
SRR10070132	Groundwater	Bacteria	Bacteria	Gemmatimonadota	Gemmatimonadetes	Gemmatimonadales	GWC2-71-9	0.00010304735914492012
SRR10070132	Groundwater	Bacteria	Bacteria	Verrucomicrobiota	Verrucomicrobiia	Opitutales	Opitutaceae	0.0005969640115981579
SRR10070132	Groundwater	Bacteria	Bacteria	Omnitrophota	Gorgyraeia	Gygaellales	Profunditerraquicolaceae	0.0004157427937915742
SRR10070132	Groundwater	Bacteria	Bacteria	Actinomycetota	Actinomycetes	Propionibacteriales	Propionibacteriaceae	0.0008101654443117858
SRR10070132	Groundwater	Bacteria	Bacteria	Acidobacteriota	Vicinamibacteria	Vicinamibacterales	JAMQPK01	0.00002487350048325658
SRR10070132	Groundwater	Bacteria	Bacteria	Pseudomonadota	Gammaproteobacteria	Unclassified	Unclassified	0.006566604127579737
SRR10070132	Groundwater	Bacteria	Bacteria	Pseudomonadota	Alphaproteobacteria	Rhizobiales	Rhizobiaceae	0.0004192961510034681
SRR10070132	Groundwater	Bacteria	Bacteria	Pseudomonadota	Alphaproteobacteria	Rhodobacterales	Rhodobacteraceae	0.0002771618625277162
SRR10070132	Groundwater	Bacteria	Bacteria	Acidobacteriota	Thermoanaerobaculia	Gp7-AA8	Gp7-AA8	0.00003908692933083177
SRR10070132	Groundwater	Bacteria	Bacteria	Patescibacteriota	Gracilibacteria	UBA1369	Unclassified	0.000028426857695150378
SRR10070132	Groundwater	Bacteria	Bacteria	Pseudomonadota	Alphaproteobacteria	Rickettsiales	UBA1997	0.0001456876456876457
SRR10070132	Groundwater	Bacteria	Bacteria	Bdellovibrionota	Bdellovibrionia	Bdellovibrionales	JAMPXM01	0.000031980214907044175
SRR10070132	Groundwater	Bacteria	Bacteria	Pseudomonadota	Alphaproteobacteria	Caulobacterales	Caulobacteraceae	0.00029492864858718517
SRR10070132	Groundwater	Bacteria	Bacteria	Methylomirabilota	Methylomirabilia	Methylomirabilales	2-02-FULL-66-22	0.00015279436011143328
SRR10070132	Groundwater	Bacteria	Bacteria	Pseudomonadota	Gammaproteobacteria	Pseudomonadales	Pseudomonadaceae	0.008467650235942918
SRR10070132	Groundwater	Bacteria	Bacteria	Planctomycetota	Planctomycetia	Planctomycetales	Planctomycetaceae	0.00008883393029734493
SRR10070132	Groundwater	Bacteria	Bacteria	Bdellovibrionota	Bdellovibrionia	Bdellovibrionales	Bdellovibrionaceae	0.00020964807550173404
SRR10070132	Groundwater	Bacteria	Bacteria	Pseudomonadota	Gammaproteobacteria	Steroidobacterales	Unclassified	0.000046193643754619364
SRR10070132	Groundwater	Bacteria	Bacteria	Desulfobacterota	Binatia	JACPRU01	JACPRU01	0.000028426857695150378
SRR10070132	Groundwater	Bacteria	Bacteria	Pseudomonadota	Gammaproteobacteria	Acidiferrobacterales	Unclassified	0.00007106714423787595
SRR10070132	Groundwater	Bacteria	Bacteria	Elusimicrobiota	Elusimicrobia	UBA1565	UBA9628	0.0010589004491443515
SRR10070132	Groundwater	Bacteria	Bacteria	Pseudomonadota	Alphaproteobacteria	Rhizobiales	Aestuariivirgaceae	0.00017056114617090227
SRR10070132	Groundwater	Bacteria	Bacteria	Gemmatimonadota	Gemmatimonadetes	Gemmatimonadales	Unclassified	0.0001350275740519643
SRR10070132	Groundwater	Bacteria	Bacteria	Pseudomonadota	Gammaproteobacteria	Burkholderiales	JACQAP01	0.00008172721587355734
SRR10070132	Groundwater	Bacteria	Bacteria	Patescibacteriota	Saccharimonadia	Saccharimonadales	Unclassified	0.000031980214907044175
SRR10070132	Groundwater	Bacteria	Bacteria	Desulfobacterota	Desulfuromonadia	Desulfuromonadales	Unclassified	0.00006396042981408835
SRR10070132	Groundwater	Bacteria	Bacteria	Fibrobacterota	Fibrobacteria	UBA11236	UBA11236	0.00007817385866166354
SRR10070132	Groundwater	Bacteria	Bacteria	Patescibacteriota	Gracilibacteria	UM-FILTER-43-11	UM-FILTER-43-11	0.00007106714423787595
SRR10070132	Groundwater	Bacteria	Bacteria	Pseudomonadota	Gammaproteobacteria	Burkholderiales	Burkholderiaceae_D	0.0024269429757234635
SRR10070132	Groundwater	Bacteria	Bacteria	Chloroflexota	Anaerolineae	Aggregatilineales	Unclassified	0.00021675478992552163
SRR10070132	Groundwater	Bacteria	Bacteria	Chloroflexota	Dehalococcoidia	DSTF01	JACRBR01	0.00011370743078060151
SRR10070132	Groundwater	Bacteria	Bacteria	Nitrospirota	Nitrospiria	Nitrospirales	Nitrospiraceae	0.00029492864858718517
SRR10070132	Groundwater	Bacteria	Bacteria	Verrucomicrobiota	Verrucomicrobiia	JABWAM01	JABWAM01	0.000021320143271362784
SRR10070132	Groundwater	Bacteria	Bacteria	Actinomycetota	Actinomycetes	Mycobacteriales	Mycobacteriaceae	0.00035178236397748593
SRR10070132	Groundwater	Bacteria	Bacteria	Omnitrophota	Omnitrophia	Omnitrophales	Aquincolibacteriaceae	0.000017766786059468986
SRR10070132	Groundwater	Bacteria	Bacteria	Verrucomicrobiota	Verrucomicrobiia	Chthoniobacterales	Terrimicrobiaceae	0.00006040707260219455
SRR10070132	Groundwater	Bacteria	Bacteria	Patescibacteriota	Saccharimonadia	Saccharimonadales	Saccharimonadaceae	0.0011299675933822274
SRR10070132	Groundwater	Bacteria	Bacteria	Pseudomonadota	Gammaproteobacteria	Burkholderiales	Methylophilaceae	0.00006396042981408835
SRR10070132	Groundwater	Bacteria	Bacteria	Pseudomonadota	Alphaproteobacteria	UBA11222	UBA11222	0.00007817385866166354
SRR10070132	Groundwater	Bacteria	Bacteria	Bacillota	Bacilli	Bacillales	Unclassified	0.0006822445846836091
SRR10070132	Groundwater	Archaea	Archaea	Nanobdellota	Nanobdellia	SCGC-AAA011-G17	Unclassified	0.00007817385866166354
SRR10070132	Groundwater	Bacteria	Bacteria	Margulisbacteria	Marinamargulisbacteria	Unclassified	Unclassified	7.1067144237875945e-6
SRR10070132	Groundwater	Bacteria	Bacteria	Pseudomonadota	Gammaproteobacteria	DSM-16500	DSM-16500	0.0002593950764682472
SRR10070132	Groundwater	Bacteria	Bacteria	Omnitrophota	Gorgyraeia	Aquiviventales	Aquiviventaceae	0.00011726078799249531
SRR10070132	Groundwater	Bacteria	Bacteria	Pseudomonadota	Gammaproteobacteria	Burkholderiales	Burkholderiaceae	0.0003908692933083177
SRR10070132	Groundwater	Bacteria	Bacteria	Omnitrophota	Gorgyraeia	Unclassified	Unclassified	0.00008883393029734493
SRR10070132	Groundwater	Bacteria	Bacteria	Pseudomonadota	Gammaproteobacteria	Ga0077554	Ga007554	0.0003837625788845301
SRR10070132	Groundwater	Archaea	Archaea	Nanobdellota	Nanobdellia	Pacearchaeales	GW2011-AR1	0.00017411450338279607
SRR10070132	Groundwater	Archaea	Archaea	Thermoproteota	Nitrososphaeria	Nitrososphaerales	Nitrosopumilaceae	0.005575217465461368
SRR10070132	Groundwater	Bacteria	Bacteria	Desulfobacterota	Binatia	UBA1149	CAITLU01	0.00007817385866166354
SRR10070132	Groundwater	Bacteria	Bacteria	Bacteroidota	Ignavibacteria	UBA10030	UBA10030	0.000056853715390300756
SRR10070132	Groundwater	Bacteria	Bacteria	Bacillota	Bacilli	Bacillales	Anaerobacillaceae	0.0003766558644607425
SRR10070132	Groundwater	Archaea	Archaea	Thermoproteota	Nitrososphaeria	Nitrososphaerales	Gagatemarchaeaceae	0.00030558872022286656
SRR10070132	Groundwater	Bacteria	Bacteria	Bacillota	Bacilli	Bacillales	Bacillaceae_G	0.00010304735914492012
SRR10070132	Groundwater	Bacteria	Bacteria	Acidobacteriota	Polarisedimenticolia	Gp22-AA2	Gp22-AA2	0.000017766786059468986
SRR10070132	Groundwater	Bacteria	Bacteria	Pseudomonadota	Gammaproteobacteria	Legionellales	Legionellaceae	0.00030203536301097277
SRR10070132	Groundwater	Bacteria	Bacteria	Bdellovibrionota	UBA1018	CAIPTA01	CAIPTA01	0.0001208141452043891
SRR10070132	Groundwater	Bacteria	Bacteria	Actinomycetota	Actinomycetes	Nanopelagicales	Nanopelagicaceae	0.00008528057308545113
SRR10070132	Groundwater	Bacteria	Bacteria	Patescibacteriota	Saccharimonadia	Saccharimonadales	JALRHH01	0.00017056114617090227
SRR10070132	Groundwater	Bacteria	Bacteria	Patescibacteriota	Minisyncoccia	Phycocordibacterales	UBA5272	0.00008172721587355734
SRR10070132	Groundwater	Bacteria	Bacteria	Patescibacteriota	Minisyncoccia	UBA6257	Unclassified	0.00009238728750923873
SRR10070132	Groundwater	Bacteria	Bacteria	Pseudomonadota	Gammaproteobacteria	Acidiferrobacterales	Sulfurifustaceae	0.0006360509409289897
SRR10070132	Groundwater	Bacteria	Bacteria	Patescibacteriota	UBA1384	2-12-FULL-50-11	2-12-FULL-50-11	0.000017766786059468986
SRR10070132	Groundwater	Archaea	Archaea	Nanobdellota	Nanobdellia	Unclassified	Unclassified	0.000031980214907044175
SRR10070132	Groundwater	Bacteria	Bacteria	Patescibacteriota	Unclassified	Unclassified	Unclassified	0.000021320143271362784
SRR10070132	Groundwater	Bacteria	Bacteria	Margulisbacteria	WOR-1	O2-12-FULL-45-9	O2-12-FULL-45-9	0.000046193643754619364
SRR10070132	Groundwater	Archaea	Archaea	Unclassified	Unclassified	Unclassified	Unclassified	0.00002487350048325658
SRR10070132	Groundwater	Bacteria	Bacteria	UBA10199	UBA10199	JACPAL01	GCA-016699445	0.000046193643754619364
SRR10070132	Groundwater	Bacteria	Bacteria	Cyanobacteriota	Cyanobacteriia	Cyanobacteriales	Xenococcaceae	0.00019898800386605265
SRR10070132	Groundwater	Bacteria	Bacteria	Pseudomonadota	Alphaproteobacteria	Reyranellales	Reyranellaceae	0.000010660071635681392
SRR10070132	Groundwater	Bacteria	Bacteria	Nitrospirota	Thermodesulfovibrionia	Thermodesulfovibrionales	UBA1546	0.00005330035817840696
SRR10070132	Groundwater	Archaea	Archaea	Nanobdellota	Nanobdellia	SCGC-AAA011-G17	GW2011-AR17	0.00005330035817840696
SRR10070132	Groundwater	Bacteria	Bacteria	Nitrospinota_A	UBA7883	JACRGQ01	JACRGQ01	0.000021320143271362784
SRR10070132	Groundwater	Bacteria	Bacteria	Patescibacteriota	Minisyncoccia	JAHIHE01	JAGLIN01	0.00007462050144976974
SRR10070132	Groundwater	Bacteria	Bacteria	Desulfobacterota	GWC2-55-46	GWC2-55-46	Unclassified	0.000028426857695150378
SRR10070132	Groundwater	Bacteria	Bacteria	Actinomycetota	Actinomycetes	Actinomycetales	Micrococcaceae	0.00009594064472113253
SRR10070132	Groundwater	Bacteria	Bacteria	Pseudomonadota	Alphaproteobacteria	Rickettsiales	Unclassified	0.000021320143271362784
SRR10070132	Groundwater	Bacteria	Bacteria	Nitrospirota	Thermodesulfovibrionia	UBA6902	Unclassified	0.000031980214907044175
SRR10070132	Groundwater	Bacteria	Bacteria	Patescibacteriota	Minisyncoccia	Minisyncoccales	UBA10102	0.00003908692933083177
SRR10070132	Groundwater	Bacteria	Bacteria	Patescibacteriota	JACPGU01	JACPGU01	JACPGU01	0.00009949400193302632
SRR10070132	Groundwater	Bacteria	Bacteria	Patescibacteriota	Minisyncoccia	UBA6257	GWB1-50-10	0.00007462050144976974
SRR10070132	Groundwater	Bacteria	Bacteria	Patescibacteriota	Gracilibacteria	Peribacterales	Peribacteraceae	0.00029492864858718517
SRR10070132	Groundwater	Bacteria	Bacteria	Patescibacteriota	Minisyncoccia	UBA6257	UBA11618	0.00003908692933083177
SRR10070132	Groundwater	Bacteria	Bacteria	Actinomycetota	Rubrobacteria	Rubrobacterales	Rubrobacteraceae	0.00002487350048325658
SRR10070132	Groundwater	Bacteria	Bacteria	Patescibacteriota	Minisyncoccia	UBA6257	Colwellbacteraceae	0.000021320143271362784
SRR10070132	Groundwater	Bacteria	Bacteria	Pseudomonadota	Gammaproteobacteria	DRLM01	DRLM01	0.000014213428847575189
SRR10070132	Groundwater	Bacteria	Bacteria	Myxococcota_A	UBA796	UBA796	SXON01	0.00004264028654272557
SRR10070132	Groundwater	Bacteria	Bacteria	Nitrospirota	Nitrospiria	Nitrospirales	NS-4	0.0013396156688839614
SRR10070133	Groundwater	Bacteria	Bacteria	Bacteroidota	Bacteroidia	Flavobacteriales	Flavobacteriaceae	0.00002850655402859579
SRR10070133	Groundwater	Bacteria	Bacteria	Verrucomicrobiota	Verrucomicrobiia	Chthoniobacterales	Chthoniobacteraceae	3.718246177642929e-6
SRR10070133	Groundwater	Bacteria	Bacteria	Methylomirabilota	Methylomirabilia	Rokubacteriales	CSP1-6	0.00012270212386221666
SRR10070133	Groundwater	Bacteria	Bacteria	Pseudomonadota	Gammaproteobacteria	Burkholderiales	Burkholderiaceae_C	0.00996985741765324
SRR10070133	Groundwater	Bacteria	Bacteria	Patescibacteriota	Minisyncoccia	Unclassified	Unclassified	0.00006197076962738215
SRR10070133	Groundwater	Unclassified	Unclassified	Unclassified	Unclassified	Unclassified	Unclassified	0.0021850893370614945
SRR10070133	Groundwater	Bacteria	Bacteria	Pseudomonadota	Alphaproteobacteria	Rhizobiales	Beijerinckiaceae	8.675907747833502e-6
SRR10070133	Groundwater	Bacteria	Bacteria	Unclassified	Unclassified	Unclassified	Unclassified	0.002692010232613481
SRR10070133	Groundwater	Bacteria	Bacteria	Chloroflexota	Dehalococcoidia	Lucifugimonadales	Lucifugimonadaceae	0.00005577369266464394
SRR10070133	Groundwater	Bacteria	Bacteria	Pseudomonadota	Gammaproteobacteria	Xanthomonadales	Xanthomonadaceae	0.00011154738532928788
SRR10070133	Groundwater	Bacteria	Bacteria	Chloroflexota	Limnocylindria	Limnocylindrales	CSP1-4	0.00005453427727209629
SRR10070133	Groundwater	Bacteria	Bacteria	Pseudomonadota	Alphaproteobacteria	Rhizobiales	Xanthobacteraceae	0.000030985384813691074
SRR10070133	Groundwater	Bacteria	Bacteria	Desulfobacterota	Binatia	UBA9968	UBA9968	0.00012270212386221666
SRR10070133	Groundwater	Bacteria	Bacteria	Pseudomonadota	Gammaproteobacteria	Steroidobacterales	Steroidobacteraceae	0.000022309477065857575
SRR10070133	Groundwater	Bacteria	Bacteria	Pseudomonadota	Gammaproteobacteria	Burkholderiales	Rhodocyclaceae	0.00008304083130069208
SRR10070133	Groundwater	Bacteria	Bacteria	Elusimicrobiota	Elusimicrobia	JACQPE01	JACQPE01	0.00006816784659012037
SRR10070133	Groundwater	Bacteria	Bacteria	Actinomycetota	Actinomycetes	Propionibacteriales	Nocardioidaceae	8.675907747833502e-6
SRR10070133	Groundwater	Bacteria	Bacteria	Acidobacteriota	Vicinamibacteria	Vicinamibacterales	UBA2999	0.00033588157138041125
SRR10070133	Groundwater	Bacteria	Bacteria	Acidobacteriota	Terriglobia	Terriglobales	Acidobacteriaceae	0.000026027723243500506
SRR10070133	Groundwater	Bacteria	Bacteria	Pseudomonadota	Gammaproteobacteria	Burkholderiales	SG8-41	0.0001288992008249549
SRR10070133	Groundwater	Bacteria	Bacteria	Acidobacteriota	Vicinamibacteria	Vicinamibacterales	CAVVIG01	0.00019458821662997995
SRR10070133	Groundwater	Bacteria	Bacteria	Pseudomonadota	Gammaproteobacteria	Burkholderiales	Unclassified	0.00018963055505978938
SRR10070133	Groundwater	Bacteria	Bacteria	Pseudomonadota	Alphaproteobacteria	Sphingomonadales	Sphingomonadaceae	0.00026771372479029087
SRR10070133	Groundwater	Bacteria	Bacteria	Bacteroidota	Ignavibacteria	Ignavibacteriales	Ignavibacteriaceae	0.00006816784659012037
SRR10070133	Groundwater	Bacteria	Bacteria	Bacteroidota	Bacteroidia	Cytophagales	Cyclobacteriaceae	0.0005044420647668908
SRR10070133	Groundwater	Bacteria	Bacteria	Omnitrophota	Gorgyraeia	Gygaellales	UBA12090	0.005277430741467864
SRR10070133	Groundwater	Bacteria	Bacteria	Bacteroidota	Bacteroidia	Sphingobacteriales	Sphingobacteriaceae	0.00003470363099133401
SRR10070133	Groundwater	Bacteria	Bacteria	Bacteroidota	Bacteroidia	Chitinophagales	Chitinophagaceae	0.0006692843119757272
SRR10070133	Groundwater	Bacteria	Bacteria	Pseudomonadota	Gammaproteobacteria	Pseudomonadales	Moraxellaceae	0.005597199912745156
SRR10070133	Groundwater	Bacteria	Bacteria	Campylobacterota	Campylobacteria	Campylobacterales	Arcobacteraceae	9.915323140381145e-6
SRR10070133	Groundwater	Bacteria	Bacteria	Pseudomonadota	Gammaproteobacteria	Burkholderiales	SG8-39	0.00040652824875562696
SRR10070133	Groundwater	Bacteria	Bacteria	Patescibacteriota	Minisyncoccia	Phycocordibacterales	Zambryskibacteraceae	0.00007312550816031094
SRR10070133	Groundwater	Bacteria	Bacteria	Bdellovibrionota	Bacteriovoracia	Bacteriovoracales	Bacteriovoracaceae	0.000503202649374343
SRR10070133	Groundwater	Bacteria	Bacteria	Patescibacteriota	Saccharimonadia	Saccharimonadales	UBA4665	0.00014872984710571717
SRR10070133	Groundwater	Bacteria	Bacteria	Acidobacteriota	Vicinamibacteria	Fen-336	JAGNNV01	0.00017475757034921766
SRR10070133	Groundwater	Bacteria	Bacteria	Eisenbacteria	RBG-16-71-46	SZUA-252	SZUA-252	0.00008180141590814443
SRR10070133	Groundwater	Bacteria	Bacteria	Patescibacteriota	Microgenomatia	Woykebacterales	RBG-16-39-9b	0.00015988458563864595
SRR10070133	Groundwater	Bacteria	Bacteria	Gemmatimonadota	Gemmatimonadetes	Gemmatimonadales	Gemmatimonadaceae	0.00022309477065857576
SRR10070133	Groundwater	Bacteria	Bacteria	Pseudomonadota	Gammaproteobacteria	Burkholderiales	Gallionellaceae	0.023129970055724113
SRR10070133	Groundwater	Bacteria	Bacteria	Gemmatimonadota	Gemmatimonadetes	Gemmatimonadales	GWC2-71-9	0.00013137803161005016
SRR10070133	Groundwater	Bacteria	Bacteria	Campylobacterota	Campylobacteria	Campylobacterales	Sulfurimonadaceae	0.0000892379082634303
SRR10070133	Groundwater	Bacteria	Bacteria	Verrucomicrobiota	Verrucomicrobiia	Opitutales	Opitutaceae	0.0006135106193110834
SRR10070133	Groundwater	Bacteria	Bacteria	Omnitrophota	Gorgyraeia	Gygaellales	Profunditerraquicolaceae	0.0010299541912070914
SRR10070133	Groundwater	Bacteria	Bacteria	Actinomycetota	Actinomycetes	Propionibacteriales	Propionibacteriaceae	0.00004461895413171515
SRR10070133	Groundwater	Bacteria	Bacteria	Acidobacteriota	Vicinamibacteria	Vicinamibacterales	JAMQPK01	0.000047097784916810435
SRR10070133	Groundwater	Bacteria	Bacteria	Pseudomonadota	Gammaproteobacteria	Unclassified	Unclassified	0.00420161818073651
SRR10070133	Groundwater	Bacteria	Bacteria	Pseudomonadota	Alphaproteobacteria	Rhizobiales	Rhizobiaceae	0.0004102464949332699
SRR10070133	Groundwater	Bacteria	Bacteria	Patescibacteriota	Gracilibacteria	UBA1369	Unclassified	0.00005453427727209629
SRR10070133	Groundwater	Bacteria	Bacteria	Pseudomonadota	Alphaproteobacteria	Rickettsiales	UBA1997	0.0003222480020623872
SRR10070133	Groundwater	Bacteria	Bacteria	Bdellovibrionota	Bdellovibrionia	Bdellovibrionales	JAMPXM01	0.00002850655402859579
SRR10070133	Groundwater	Bacteria	Bacteria	Pseudomonadota	Alphaproteobacteria	Caulobacterales	Caulobacteraceae	0.00006692843119757272
SRR10070133	Groundwater	Bacteria	Bacteria	Methylomirabilota	Methylomirabilia	Methylomirabilales	2-02-FULL-66-22	0.00018467289348959883
SRR10070133	Groundwater	Bacteria	Bacteria	Pseudomonadota	Gammaproteobacteria	Pseudomonadales	Pseudomonadaceae	0.0025085767545164296
SRR10070133	Groundwater	Bacteria	Bacteria	Planctomycetota	Planctomycetia	Planctomycetales	Planctomycetaceae	0.00004337953873916751
SRR10070133	Groundwater	Bacteria	Bacteria	Bdellovibrionota	Bdellovibrionia	Bdellovibrionales	Bdellovibrionaceae	0.00028506554028595794
SRR10070133	Groundwater	Bacteria	Bacteria	Pseudomonadota	Gammaproteobacteria	Steroidobacterales	Unclassified	0.000047097784916810435
SRR10070133	Groundwater	Bacteria	Bacteria	Desulfobacterota	Binatia	JACPRU01	JACPRU01	2.478830785095286e-6
SRR10070133	Groundwater	Bacteria	Bacteria	Pseudomonadota	Gammaproteobacteria	Acidiferrobacterales	Unclassified	0.00003470363099133401
SRR10070133	Groundwater	Bacteria	Bacteria	Cyanobacteriota	Vampirovibrionia	Obscuribacterales	Obscuribacteraceae	0.00007684375433795387
SRR10070133	Groundwater	Bacteria	Bacteria	Elusimicrobiota	Elusimicrobia	UBA1565	UBA9628	0.0015145656096932198
SRR10070133	Groundwater	Bacteria	Bacteria	Gemmatimonadota	Gemmatimonadetes	Gemmatimonadales	Unclassified	0.00007560433894540622
SRR10070133	Groundwater	Bacteria	Bacteria	Pseudomonadota	Gammaproteobacteria	Burkholderiales	JACQAP01	0.00004833720030935808
SRR10070133	Groundwater	Bacteria	Bacteria	Patescibacteriota	Saccharimonadia	Saccharimonadales	Unclassified	0.00003966129256152458
SRR10070133	Groundwater	Bacteria	Bacteria	Pseudomonadota	Gammaproteobacteria	Burkholderiales	Thiobacillaceae	7.436492355285858e-6
SRR10070133	Groundwater	Bacteria	Bacteria	Desulfobacterota	Desulfuromonadia	Desulfuromonadales	Unclassified	0.00030985384813691076
SRR10070133	Groundwater	Bacteria	Bacteria	Fibrobacterota	Fibrobacteria	UBA11236	UBA11236	0.00005701310805719158
SRR10070133	Groundwater	Bacteria	Bacteria	Patescibacteriota	Gracilibacteria	UM-FILTER-43-11	UM-FILTER-43-11	0.00003222480020623872
SRR10070133	Groundwater	Bacteria	Bacteria	Pseudomonadota	Gammaproteobacteria	Burkholderiales	Burkholderiaceae_D	0.00008551966208578736
SRR10070133	Groundwater	Bacteria	Bacteria	Chloroflexota	Anaerolineae	Aggregatilineales	Unclassified	0.00017351815495667003
SRR10070133	Groundwater	Bacteria	Bacteria	Nitrospirota	Nitrospiria	Nitrospirales	Nitrospiraceae	0.00017599698574176533
SRR10070133	Groundwater	Bacteria	Bacteria	Verrucomicrobiota	Verrucomicrobiia	JABWAM01	JABWAM01	0.000058252523449739226
SRR10070133	Groundwater	Bacteria	Bacteria	Pseudomonadota	Gammaproteobacteria	Pseudomonadales	Cellvibrionaceae	0.000021070061673309932
SRR10070133	Groundwater	Bacteria	Bacteria	Actinomycetota	Actinomycetes	Mycobacteriales	Mycobacteriaceae	0.00009419556983362087
SRR10070133	Groundwater	Bacteria	Bacteria	Omnitrophota	Omnitrophia	Omnitrophales	Aquincolibacteriaceae	0.00006692843119757272
SRR10070133	Groundwater	Bacteria	Bacteria	Verrucomicrobiota	Verrucomicrobiia	Chthoniobacterales	Terrimicrobiaceae	0.00004461895413171515
SRR10070133	Groundwater	Bacteria	Bacteria	Patescibacteriota	Saccharimonadia	Saccharimonadales	Saccharimonadaceae	0.0006382989271620362
SRR10070133	Groundwater	Bacteria	Bacteria	Pseudomonadota	Gammaproteobacteria	Ga0077536	Ga0077536	0.00005453427727209629
SRR10070133	Groundwater	Bacteria	Bacteria	Pseudomonadota	Alphaproteobacteria	UBA11222	UBA11222	0.00001983064628076229
SRR10070133	Groundwater	Bacteria	Bacteria	Bacteroidota	Bacteroidia	B-17B0	Aurantibacillaceae	0.00007436492355285859
SRR10070133	Groundwater	Bacteria	Bacteria	Bacillota	Bacilli	Bacillales	Unclassified	0.0004870902492712237
SRR10070133	Groundwater	Archaea	Archaea	Nanobdellota	Nanobdellia	SCGC-AAA011-G17	Unclassified	0.00001983064628076229
SRR10070133	Groundwater	Bacteria	Bacteria	Margulisbacteria	Marinamargulisbacteria	Unclassified	Unclassified	0.000037182461776429294
SRR10070133	Groundwater	Bacteria	Bacteria	Pseudomonadota	Gammaproteobacteria	DSM-16500	DSM-16500	0.00014625101632062188
SRR10070133	Groundwater	Bacteria	Bacteria	Omnitrophota	Gorgyraeia	Aquiviventales	Aquiviventaceae	0.00009047732365597795
SRR10070133	Groundwater	Bacteria	Bacteria	Pseudomonadota	Gammaproteobacteria	Burkholderiales	Burkholderiaceae	0.00027267138636048147
SRR10070133	Groundwater	Bacteria	Bacteria	Omnitrophota	Gorgyraeia	Unclassified	Unclassified	0.00014501160092807424
SRR10070133	Groundwater	Bacteria	Bacteria	Pseudomonadota	Gammaproteobacteria	Ga0077554	Ga007554	0.0007114244353223472
SRR10070133	Groundwater	Archaea	Archaea	Nanobdellota	Nanobdellia	Pacearchaeales	GW2011-AR1	0.00004337953873916751
SRR10070133	Groundwater	Archaea	Archaea	Thermoproteota	Nitrososphaeria	Nitrososphaerales	Nitrosopumilaceae	0.007876484819640272
SRR10070133	Groundwater	Bacteria	Bacteria	Methylomirabilota	Methylomirabilia	Methylomirabilales	Methylomirabilaceae	0.0000805620005155968
SRR10070133	Groundwater	Bacteria	Bacteria	Pseudomonadota	Gammaproteobacteria	Enterobacterales	Enterobacteriaceae	0.00003346421559878636
SRR10070133	Groundwater	Bacteria	Bacteria	Bacteroidota	Ignavibacteria	UBA10030	UBA10030	0.000013633569318024073
SRR10070133	Groundwater	Bacteria	Bacteria	Bacillota	Bacilli	Bacillales	Anaerobacillaceae	0.000350754556090983
SRR10070133	Groundwater	Archaea	Archaea	Thermoproteota	Nitrososphaeria	Nitrososphaerales	Gagatemarchaeaceae	0.00006444960041247745
SRR10070133	Groundwater	Bacteria	Bacteria	Acidobacteriota	Polarisedimenticolia	Gp22-AA2	Gp22-AA2	0.0001264203700398596
SRR10070133	Groundwater	Bacteria	Bacteria	Pseudomonadota	Gammaproteobacteria	Legionellales	Legionellaceae	0.0001784758165268606
SRR10070133	Groundwater	Bacteria	Bacteria	Bdellovibrionota	UBA1018	CAIPTA01	CAIPTA01	0.00004833720030935808
SRR10070133	Groundwater	Bacteria	Bacteria	Actinomycetota	Actinomycetes	Nanopelagicales	Nanopelagicaceae	0.000040900707954072215
SRR10070133	Groundwater	Bacteria	Bacteria	Patescibacteriota	Saccharimonadia	Saccharimonadales	JALRHH01	0.00021813710908838516
SRR10070133	Groundwater	Bacteria	Bacteria	Patescibacteriota	Minisyncoccia	Phycocordibacterales	UBA5272	0.00005081603109445337
SRR10070133	Groundwater	Bacteria	Bacteria	Pseudomonadota	Gammaproteobacteria	Xanthomonadales	Rhodanobacteraceae	9.915323140381145e-6
SRR10070133	Groundwater	Bacteria	Bacteria	Patescibacteriota	Minisyncoccia	UBA6257	Unclassified	0.00016856049338647946
SRR10070133	Groundwater	Bacteria	Bacteria	Pseudomonadota	Gammaproteobacteria	Acidiferrobacterales	Sulfurifustaceae	0.0005887223114601304
SRR10070133	Groundwater	Bacteria	Bacteria	Desulfobacterota	Deferrimicrobia	Deferrimicrobiales	Deferrimicrobiaceae	0.000018591230888214647
SRR10070133	Groundwater	Bacteria	Bacteria	Patescibacteriota	UBA1384	2-12-FULL-50-11	2-12-FULL-50-11	0.000022309477065857575
SRR10070133	Groundwater	Archaea	Archaea	Nanobdellota	Nanobdellia	Unclassified	Unclassified	0.0001722787395641224
SRR10070133	Groundwater	Bacteria	Bacteria	Patescibacteriota	Unclassified	Unclassified	Unclassified	0.00005081603109445337
SRR10070133	Groundwater	Bacteria	Bacteria	Margulisbacteria	WOR-1	O2-12-FULL-45-9	O2-12-FULL-45-9	0.00004337953873916751
SRR10070133	Groundwater	Archaea	Archaea	Unclassified	Unclassified	Unclassified	Unclassified	0.00007312550816031094
SRR10070133	Groundwater	Bacteria	Bacteria	UBA10199	UBA10199	JACPAL01	GCA-016699445	0.00001239415392547643
SRR10070133	Groundwater	Bacteria	Bacteria	Cyanobacteriota	Cyanobacteriia	Cyanobacteriales	Xenococcaceae	0.00011402621611438317
SRR10070133	Groundwater	Bacteria	Bacteria	Pseudomonadota	Alphaproteobacteria	Reyranellales	Reyranellaceae	0.000023548892458405218
SRR10070133	Groundwater	Bacteria	Bacteria	Bacteroidota	Bacteroidia	2-12-FULL-35-15	2-12-FULL-35-15	0.000042140123346619864
SRR10070133	Groundwater	Bacteria	Bacteria	Nitrospirota	Thermodesulfovibrionia	Thermodesulfovibrionales	UBA1546	0.0005205544648700101
SRR10070133	Groundwater	Archaea	Archaea	Nanobdellota	Nanobdellia	SCGC-AAA011-G17	GW2011-AR17	0.00004833720030935808
SRR10070133	Groundwater	Bacteria	Bacteria	Nitrospinota_A	UBA7883	JACRGQ01	JACRGQ01	0.00006444960041247745
SRR10070133	Groundwater	Bacteria	Bacteria	Patescibacteriota	Minisyncoccia	JAHIHE01	JAGLIN01	0.00008675907747833501
SRR10070133	Groundwater	Bacteria	Bacteria	Desulfobacterota	GWC2-55-46	GWC2-55-46	Unclassified	0.00005949193884228686
SRR10070133	Groundwater	Bacteria	Bacteria	Pseudomonadota	Alphaproteobacteria	Rickettsiales	Unclassified	0.00009047732365597795
SRR10070133	Groundwater	Bacteria	Bacteria	Nitrospirota	Thermodesulfovibrionia	UBA6902	Unclassified	0.00005577369266464394
SRR10070133	Groundwater	Bacteria	Bacteria	Patescibacteriota	Minisyncoccia	Minisyncoccales	UBA10102	0.0000805620005155968
SRR10070133	Groundwater	Bacteria	Bacteria	Patescibacteriota	JACPGU01	JACPGU01	JACPGU01	0.00004461895413171515
SRR10070133	Groundwater	Bacteria	Bacteria	Patescibacteriota	Minisyncoccia	UBA6257	GWB1-50-10	0.00008799849287088266
SRR10070133	Groundwater	Bacteria	Bacteria	Patescibacteriota	Gracilibacteria	Peribacterales	Peribacteraceae	0.00007560433894540622
SRR10070133	Groundwater	Bacteria	Bacteria	Patescibacteriota	Minisyncoccia	UBA6257	UBA11618	0.00005577369266464394
SRR10070133	Groundwater	Bacteria	Bacteria	Patescibacteriota	Minisyncoccia	UBA6257	Colwellbacteraceae	0.00008675907747833501
SRR10070133	Groundwater	Bacteria	Bacteria	Pseudomonadota	Gammaproteobacteria	DRLM01	DRLM01	0.00010287147758145438
SRR10070133	Groundwater	Bacteria	Bacteria	Pseudomonadota	Alphaproteobacteria	Rickettsiales	CANDYO01	0.00005329486187954865
SRR10070133	Groundwater	Bacteria	Bacteria	Myxococcota_A	UBA796	UBA796	SXON01	0.00003470363099133401
SRR10070133	Groundwater	Bacteria	Bacteria	Nitrospirota	Nitrospiria	Nitrospirales	NS-4	0.001759969857417653
SRR10070134	Riverwater	Bacteria	Bacteria	Pseudomonadota	Alphaproteobacteria	Rhizobiales	Devosiaceae	0.00002659890085157404
SRR10070134	Riverwater	Bacteria	Bacteria	Planctomycetota	Planctomycetia	Pirellulales	Pirellulaceae	0.00001329945042578702
SRR10070134	Riverwater	Bacteria	Bacteria	Actinomycetota	Acidimicrobiia	Acidimicrobiales	JABEUL01	0.0008644642776761563
SRR10070134	Riverwater	Bacteria	Bacteria	Myxococcota_A	Polyangia	Polyangiales	Polyangiaceae	0.000035806212684811205
SRR10070134	Riverwater	Bacteria	Bacteria	Bacteroidota	Bacteroidia	Flavobacteriales	Flavobacteriaceae	0.015406901800950196
SRR10070134	Riverwater	Bacteria	Bacteria	Verrucomicrobiota	Verrucomicrobiia	Chthoniobacterales	UBA10450	5.115173240687315e-6
SRR10070134	Riverwater	Bacteria	Bacteria	Actinomycetota	Thermoleophilia	Gaiellales	Gaiellaceae	0.000025575866203436576
SRR10070134	Riverwater	Bacteria	Bacteria	Pseudomonadota	Gammaproteobacteria	Burkholderiales	Burkholderiaceae_C	0.0135173568058403
SRR10070134	Riverwater	Bacteria	Bacteria	Fibrobacterota	Fibrobacteria	UBA5070	UBA5070	0.00023632100371975397
SRR10070134	Riverwater	Unclassified	Unclassified	Unclassified	Unclassified	Unclassified	Unclassified	0.00026087383527505307
SRR10070134	Riverwater	Bacteria	Bacteria	Bdellovibrionota	UBA2394	UBA2394	UBA2394	0.000014322485073924481
SRR10070134	Riverwater	Bacteria	Bacteria	Bacillota	Clostridia	Oscillospirales	Ruminococcaceae	0.000018414623666474337
SRR10070134	Riverwater	Bacteria	Bacteria	Verrucomicrobiota	Verrucomicrobiia	Verrucomicrobiales	Verrucomicrobiaceae	0.0001575473358131693
SRR10070134	Riverwater	Bacteria	Bacteria	Pseudomonadota	Alphaproteobacteria	Rhizobiales	Beijerinckiaceae	0.00001023034648137463
SRR10070134	Riverwater	Bacteria	Bacteria	Unclassified	Unclassified	Unclassified	Unclassified	0.004113622320160739
SRR10070134	Riverwater	Bacteria	Bacteria	Pseudomonadota	Gammaproteobacteria	Xanthomonadales	Xanthomonadaceae	0.0006138207888824778
SRR10070134	Riverwater	Bacteria	Bacteria	Actinomycetota	Actinomycetes	Actinomycetales	Microbacteriaceae	0.0000470595938143233
SRR10070134	Riverwater	Bacteria	Bacteria	Chloroflexota	Limnocylindria	Limnocylindrales	CSP1-4	0.00007775063325844719
SRR10070134	Riverwater	Bacteria	Bacteria	Pseudomonadota	Alphaproteobacteria	Rhizobiales	Xanthobacteraceae	0.00005626690564756047
SRR10070134	Riverwater	Bacteria	Bacteria	Verrucomicrobiota	Verrucomicrobiia	Verrucomicrobiales	V1-33	0.00007877366790658465
SRR10070134	Riverwater	Bacteria	Bacteria	Bacteroidota	Bacteroidia	Chitinophagales	Saprospiraceae	0.00011253381129512094
SRR10070134	Riverwater	Bacteria	Bacteria	Desulfobacterota	Binatia	UBA9968	UBA9968	0.00003682924733294867
SRR10070134	Riverwater	Bacteria	Bacteria	Planctomycetota	Brocadiia	Brocadiales	Brocadiaceae	0.000014322485073924481
SRR10070134	Riverwater	Bacteria	Bacteria	Pseudomonadota	Gammaproteobacteria	Steroidobacterales	Steroidobacteraceae	0.0003539699882555622
SRR10070134	Riverwater	Bacteria	Bacteria	Actinomycetota	UBA4738	UBA4738	HRBIN12	0.00001329945042578702
SRR10070134	Riverwater	Bacteria	Bacteria	Pseudomonadota	Gammaproteobacteria	Burkholderiales	Neisseriaceae	0.00007058939072148495
SRR10070134	Riverwater	Bacteria	Bacteria	Pseudomonadota	Alphaproteobacteria	UBA9655	UBA9655	0.00016675464764640647
SRR10070134	Riverwater	Bacteria	Bacteria	Pseudomonadota	Gammaproteobacteria	Burkholderiales	Rhodocyclaceae	0.002308989200846254
SRR10070134	Riverwater	Bacteria	Bacteria	Acidobacteriota	Vicinamibacteria	Vicinamibacterales	UBA2999	0.00004808262846246076
SRR10070134	Riverwater	Bacteria	Bacteria	Patescibacteriota	Minisyncoccia	Phycocordibacterales	DATDWN01	0.000031714074092261353
SRR10070134	Riverwater	Bacteria	Bacteria	Acidobacteriota	Terriglobia	Terriglobales	Acidobacteriaceae	0.000025575866203436576
SRR10070134	Riverwater	Bacteria	Bacteria	Myxococcota	Myxococcia	Myxococcales	Myxococcaceae	0.000011253381129512094
SRR10070134	Riverwater	Bacteria	Bacteria	Bacillota	Clostridia	Lachnospirales	Lachnospiraceae	0.00007365849466589735
SRR10070134	Riverwater	Bacteria	Bacteria	Nitrospirota	Leptospirillia	Leptospirillales	Leptospirillaceae	0.00002659890085157404
SRR10070134	Riverwater	Bacteria	Bacteria	Pseudomonadota	Gammaproteobacteria	Burkholderiales	SG8-41	0.000028644970147848963
SRR10070134	Riverwater	Bacteria	Bacteria	Pseudomonadota	Gammaproteobacteria	Enterobacterales	Alteromonadaceae	0.0006895253528446502
SRR10070134	Riverwater	Bacteria	Bacteria	Acidobacteriota	Vicinamibacteria	Vicinamibacterales	CAVVIG01	0.00006752028677707257
SRR10070134	Riverwater	Bacteria	Bacteria	Patescibacteriota	Saccharimonadia	Saccharimonadales	SZUA-47	0.000207676033571905
SRR10070134	Riverwater	Bacteria	Bacteria	Nitrospirota	Thermodesulfovibrionia	Thermodesulfovibrionales	SM23-35	0.000011253381129512094
SRR10070134	Riverwater	Bacteria	Bacteria	Acidobacteriota	Polarisedimenticolia	Polarisedimenticolales	DASRJG01	0.000012276415777649557
SRR10070134	Riverwater	Bacteria	Bacteria	Pseudomonadota	Gammaproteobacteria	Burkholderiales	Unclassified	0.015792585863298018
SRR10070134	Riverwater	Bacteria	Bacteria	Pseudomonadota	Alphaproteobacteria	Sphingomonadales	Sphingomonadaceae	0.0001606164397575817
SRR10070134	Riverwater	Bacteria	Bacteria	Pseudomonadota	Alphaproteobacteria	Rickettsiales	Rickettsiaceae	0.00012583326172090797
SRR10070134	Riverwater	Bacteria	Bacteria	Bacteroidota	Ignavibacteria	Ignavibacteriales	Ignavibacteriaceae	0.000034783178036673744
SRR10070134	Riverwater	Bacteria	Bacteria	Bdellovibrionota_B	Oligoflexia	Silvanigrellales	Silvanigrellaceae	0.00002046069296274926
SRR10070134	Riverwater	Bacteria	Bacteria	Pseudomonadota	Unclassified	Unclassified	Unclassified	0.0001831232020166059
SRR10070134	Riverwater	Bacteria	Bacteria	Bacteroidota	Bacteroidia	Cytophagales	Cyclobacteriaceae	0.00002966800479598643
SRR10070134	Riverwater	Bacteria	Bacteria	Bacteroidota	Bacteroidia	Sphingobacteriales	Sphingobacteriaceae	0.00005422083635128554
SRR10070134	Riverwater	Bacteria	Bacteria	Acidobacteriota	Thermoanaerobaculia	UBA5066	Gp7-AA6	7.161242536962241e-6
SRR10070134	Riverwater	Bacteria	Bacteria	Bacteroidota	Bacteroidia	Chitinophagales	Chitinophagaceae	0.0001053725687581587
SRR10070134	Riverwater	Bacteria	Bacteria	Pseudomonadota	Gammaproteobacteria	Pseudomonadales	Moraxellaceae	0.00455659632280426
SRR10070134	Riverwater	Bacteria	Bacteria	Campylobacterota	Campylobacteria	Campylobacterales	Arcobacteraceae	0.001827139881573509
SRR10070134	Riverwater	Bacteria	Bacteria	Pseudomonadota	Gammaproteobacteria	Burkholderiales	SG8-39	0.00006138207888824778
SRR10070134	Riverwater	Bacteria	Bacteria	Myxococcota_A	UBA9160	UBA9160	PR03	0.000016368554370199407
SRR10070134	Riverwater	Bacteria	Bacteria	Actinomycetota	Acidimicrobiia	Acidimicrobiales	Ilumatobacteraceae	0.000035806212684811205
SRR10070134	Riverwater	Bacteria	Bacteria	Acidobacteriota	Blastocatellia	UBA7656	UBA7656	3.0691039444123893e-6
SRR10070134	Riverwater	Bacteria	Bacteria	Bdellovibrionota	Bacteriovoracia	Bacteriovoracales	Bacteriovoracaceae	0.0001575473358131693
SRR10070134	Riverwater	Bacteria	Bacteria	Pseudomonadota	Gammaproteobacteria	Burkholderiales	Casimicrobiaceae	0.00004399048986991091
SRR10070134	Riverwater	Bacteria	Bacteria	Myxococcota_A	Polyangia	Nannocystales	Nannocystaceae	0.00005115173240687315
SRR10070134	Riverwater	Bacteria	Bacteria	Patescibacteriota	Saccharimonadia	Saccharimonadales	UBA4665	0.001425087264855486
SRR10070134	Riverwater	Bacteria	Bacteria	Eisenbacteria	RBG-16-71-46	RBG-16-71-46	RBG-16-71-46	0.00005319780170314808
SRR10070134	Riverwater	Bacteria	Bacteria	Acidobacteriota	Vicinamibacteria	Fen-336	JAGNNV01	0.00002659890085157404
SRR10070134	Riverwater	Bacteria	Bacteria	Pseudomonadota	Alphaproteobacteria	Azospirillales	Azospirillaceae	0.00003069103944412389
SRR10070134	Riverwater	Bacteria	Bacteria	Bdellovibrionota	UBA1018	UBA1018	CAIMNF01	0.00005319780170314808
SRR10070134	Riverwater	Bacteria	Bacteria	Bacteroidota	Bacteroidia	Cytophagales	Spirosomataceae	0.0004347897254584218
SRR10070134	Riverwater	Bacteria	Bacteria	Methylomirabilota	Methylomirabilia	Rokubacteriales	DASRDR01	9.207311833237168e-6
SRR10070134	Riverwater	Bacteria	Bacteria	Pseudomonadota	Gammaproteobacteria	Burkholderiales	Gallionellaceae	0.00016880071694268142
SRR10070134	Riverwater	Bacteria	Bacteria	Gemmatimonadota	Gemmatimonadetes	Gemmatimonadales	GWC2-71-9	0.00003682924733294867
SRR10070134	Riverwater	Bacteria	Bacteria	Krumholzibacteriota	Krumholzibacteriia	LZORAL124-64-63	LZORAL124-64-63	0.00003069103944412389
SRR10070134	Riverwater	Bacteria	Bacteria	Campylobacterota	Campylobacteria	Campylobacterales	Sulfurimonadaceae	0.00014015574679483245
SRR10070134	Riverwater	Bacteria	Bacteria	Bacteroidota	Bacteroidia	Bacteroidales	Bacteroidaceae	0.00016163947440571918
SRR10070134	Riverwater	Bacteria	Bacteria	Bacteroidota	Bacteroidia	AKYH767-A	2013-40CM-41-45	0.0001248102270727705
SRR10070134	Riverwater	Bacteria	Bacteria	Verrucomicrobiota	Verrucomicrobiia	Opitutales	Opitutaceae	0.0002680350778120153
SRR10070134	Riverwater	Bacteria	Bacteria	Cyanobacteriota	Vampirovibrionia	Gastranaerophilales	Gastranaerophilaceae	0.0000276219354997115
SRR10070134	Riverwater	Bacteria	Bacteria	Patescibacteriota	Gracilibacteria	BD1-5	UBA2023	0.00009309615298050915
SRR10070134	Riverwater	Bacteria	Bacteria	Pseudomonadota	Gammaproteobacteria	Burkholderiales	Nitrosomonadaceae	0.0000746815293140348
SRR10070134	Riverwater	Bacteria	Bacteria	Bacillota	Negativicutes	Selenomonadales	Selenomonadaceae	0.00003069103944412389
SRR10070134	Riverwater	Bacteria	Bacteria	Pseudomonadota	Gammaproteobacteria	Burkholderiales	Sulfuricellaceae	0.00005933600959197286
SRR10070134	Riverwater	Bacteria	Bacteria	Pseudomonadota	Gammaproteobacteria	Xanthomonadales	Unclassified	0.00001023034648137463
SRR10070134	Riverwater	Bacteria	Bacteria	Pseudomonadota	Gammaproteobacteria	Enterobacterales	Aeromonadaceae	0.0018404393319992962
SRR10070134	Riverwater	Bacteria	Bacteria	Acidobacteriota	Vicinamibacteria	Vicinamibacterales	JAMQPK01	9.207311833237168e-6
SRR10070134	Riverwater	Bacteria	Bacteria	Verrucomicrobiota	Verrucomicrobiia	Limisphaerales	JADLHS01	0.0001329945042578702
SRR10070134	Riverwater	Bacteria	Bacteria	Myxococcota_A	Polyangia	Haliangiales	Haliangiaceae	0.000021483727610886727
SRR10070134	Riverwater	Bacteria	Bacteria	Pseudomonadota	Gammaproteobacteria	Unclassified	Unclassified	0.00024757438484926603
SRR10070134	Riverwater	Bacteria	Bacteria	Acidobacteriota	Thermoanaerobaculia	Multivoradales	JAGPDF01	8.184277185099704e-6
SRR10070134	Riverwater	Bacteria	Bacteria	Pseudomonadota	Gammaproteobacteria	UBA6186	Azoamicaceae	0.0012869775873569286
SRR10070134	Riverwater	Bacteria	Bacteria	Bacteroidota	Bacteroidia	Bacteroidales	Rikenellaceae	0.000016368554370199407
SRR10070134	Riverwater	Bacteria	Bacteria	Pseudomonadota	Alphaproteobacteria	Rhizobiales	Rhizobiaceae	0.000042967455221773455
SRR10070134	Riverwater	Bacteria	Bacteria	Pseudomonadota	Gammaproteobacteria	Steroidobacterales	Rariloculaceae	0.00002352979690716165
SRR10070134	Riverwater	Bacteria	Bacteria	Spirochaetota	Spirochaetia	SZUA-6	DRHE01	4.092138592549852e-6
SRR10070134	Riverwater	Bacteria	Bacteria	Bacteroidota	Bacteroidia	Unclassified	Unclassified	0.000038875316629223596
SRR10070134	Riverwater	Bacteria	Bacteria	Pseudomonadota	Alphaproteobacteria	Rhodobacterales	Rhodobacteraceae	0.0005227707051982436
SRR10070134	Riverwater	Bacteria	Bacteria	Acidobacteriota	Thermoanaerobaculia	Gp7-AA8	Gp7-AA8	9.207311833237168e-6
SRR10070134	Riverwater	Bacteria	Bacteria	Pseudomonadota	Alphaproteobacteria	Rickettsiales	UBA1997	0.00011560291523953333
SRR10070134	Riverwater	Bacteria	Bacteria	Planctomycetota	JAJSAM01	JAJSAM01	JAKLKS01	0.000019437658314611798
SRR10070134	Riverwater	Bacteria	Bacteria	Bdellovibrionota	Bdellovibrionia	Bdellovibrionales	JAMPXM01	0.00002046069296274926
SRR10070134	Riverwater	Bacteria	Bacteria	Pseudomonadota	Alphaproteobacteria	Caulobacterales	Caulobacteraceae	0.00007775063325844719
SRR10070134	Riverwater	Bacteria	Bacteria	Methylomirabilota	Methylomirabilia	Methylomirabilales	2-02-FULL-66-22	0.000015345519722061946
SRR10070134	Riverwater	Bacteria	Bacteria	Pseudomonadota	Gammaproteobacteria	Pseudomonadales	Pseudomonadaceae	0.001049633548989037
SRR10070134	Riverwater	Bacteria	Bacteria	Pseudomonadota	Alphaproteobacteria	Paracaedibacterales	Unclassified	0.00004399048986991091
SRR10070134	Riverwater	Bacteria	Bacteria	Bacteroidota	Bacteroidia	Flavobacteriales_D	Crocinitomicaceae	0.00015243216257248199
SRR10070134	Riverwater	Bacteria	Bacteria	Planctomycetota	Planctomycetia	Planctomycetales	Planctomycetaceae	0.00003682924733294867
SRR10070134	Riverwater	Bacteria	Bacteria	Bacillota	Clostridia	Clostridiales	Clostridiaceae	0.0001278793310171829
SRR10070134	Riverwater	Bacteria	Bacteria	Pseudomonadota	Gammaproteobacteria	Xanthomonadales	Ahniellaceae	0.00006752028677707257
SRR10070134	Riverwater	Archaea	Archaea	Thermoproteota	Bathyarchaeia	TCS64	TCS64	7.161242536962241e-6
SRR10070134	Riverwater	Bacteria	Bacteria	Bdellovibrionota	Bdellovibrionia	Bdellovibrionales	Bdellovibrionaceae	0.00017289285553523127
SRR10070134	Riverwater	Bacteria	Bacteria	Actinomycetota	Actinomycetes	S36-B12	GCA-2699445	0.000031714074092261353
SRR10070134	Riverwater	Bacteria	Bacteria	Bacteroidota	Bacteroidia	Bacteroidales	VadinHA17	0.000037852281981086135
SRR10070134	Riverwater	Bacteria	Bacteria	Verrucomicrobiota	Lentisphaeria	Victivallales	Victivallaceae	0.000016368554370199407
SRR10070134	Riverwater	Bacteria	Bacteria	Pseudomonadota	Gammaproteobacteria	Pseudomonadales	Azotimanducaceae	9.207311833237168e-6
SRR10070134	Riverwater	Bacteria	Bacteria	Verrucomicrobiota	Verrucomicrobiia	Verrucomicrobiales	Akkermansiaceae	0.00015345519722061946
SRR10070134	Riverwater	Bacteria	Bacteria	Bacillota	Clostridia	Eubacteriales	Eubacteriaceae	0.00001023034648137463
SRR10070134	Riverwater	Bacteria	Bacteria	Bacteroidota	Bacteroidia	Chitinophagales	JADIYW01	0.00005217476705501062
SRR10070134	Riverwater	Bacteria	Bacteria	Patescibacteriota	Saccharimonadia	UBA4664	UBA4664	0.00003989835127736106
SRR10070134	Riverwater	Bacteria	Bacteria	Myxococcota_A	Polyangia	Palsa-1104	JAEUJZ01	0.00015550126651689438
SRR10070134	Riverwater	Bacteria	Bacteria	Pseudomonadota	Gammaproteobacteria	Acidiferrobacterales	Unclassified	0.000016368554370199407
SRR10070134	Riverwater	Bacteria	Bacteria	Cyanobacteriota	Vampirovibrionia	Obscuribacterales	Obscuribacteraceae	0.0005647151257718796
SRR10070134	Riverwater	Bacteria	Bacteria	Elusimicrobiota	Elusimicrobia	UBA1565	UBA9628	0.000024552831555299114
SRR10070134	Riverwater	Bacteria	Bacteria	Verrucomicrobiota	Verrucomicrobiia	Limisphaerales	Unclassified	0.000016368554370199407
SRR10070134	Riverwater	Bacteria	Bacteria	Pseudomonadota	Alphaproteobacteria	Rhizobiales	Aestuariivirgaceae	0.000011253381129512094
SRR10070134	Riverwater	Bacteria	Bacteria	Patescibacteriota	Gracilibacteria	Absconditabacterales	Absconditicoccaceae	0.000032737108740398815
SRR10070134	Riverwater	Bacteria	Bacteria	Pseudomonadota	Gammaproteobacteria	Burkholderiales	Burkholderiaceae_F	0.00002046069296274926
SRR10070134	Riverwater	Bacteria	Bacteria	Patescibacteriota	Saccharimonadia	Saccharimonadales	CAIOMD01	0.00005319780170314808
SRR10070134	Riverwater	Bacteria	Bacteria	Chloroflexota	Dehalococcoidia	Lucifugimonadales	UBA1123	0.00006956635607334749
SRR10070134	Riverwater	Bacteria	Bacteria	Chloroflexota	Dehalococcoidia	SM23-28-2	RBG-16-64-32	0.000018414623666474337
SRR10070134	Riverwater	Bacteria	Bacteria	Pseudomonadota	Gammaproteobacteria	Burkholderiales	JACQAP01	0.00002250676225902419
SRR10070134	Riverwater	Bacteria	Bacteria	Desulfobacterota	BSN033	BSN033	UBA1163	0.000017391589018336872
SRR10070134	Riverwater	Bacteria	Bacteria	Patescibacteriota	Saccharimonadia	Saccharimonadales	Unclassified	0.00012276415777649557
SRR10070134	Riverwater	Bacteria	Bacteria	Myxococcota	Unclassified	Unclassified	Unclassified	0.000035806212684811205
SRR10070134	Riverwater	Bacteria	Bacteria	Pseudomonadota	Gammaproteobacteria	Burkholderiales	Thiobacillaceae	0.00006752028677707257
SRR10070134	Riverwater	Bacteria	Bacteria	Acidobacteriota	Thermoanaerobaculia	Thermoanaerobaculales	Sulfomarinibacteraceae	6.138207888824779e-6
SRR10070134	Riverwater	Bacteria	Bacteria	Chloroflexota	Anaerolineae	Caldilineales	Caldilineaceae	0.0000276219354997115
SRR10070134	Riverwater	Bacteria	Bacteria	Bdellovibrionota	Bdellovibrionia	Bdellovibrionales	Unclassified	0.000097188291573059
SRR10070134	Riverwater	Bacteria	Bacteria	Bacteroidota	Bacteroidia	Bacteroidales	Paludibacteraceae	0.00006138207888824778
SRR10070134	Riverwater	Bacteria	Bacteria	Pseudomonadota	Gammaproteobacteria	Francisellales	Francisellaceae	0.000016368554370199407
SRR10070134	Riverwater	Bacteria	Bacteria	Desulfobacterota	Desulfuromonadia	Desulfuromonadales	Unclassified	5.115173240687315e-6
SRR10070134	Riverwater	Bacteria	Bacteria	Fibrobacterota	Fibrobacteria	UBA11236	UBA11236	6.138207888824779e-6
SRR10070134	Riverwater	Bacteria	Bacteria	Patescibacteriota	Saccharimonadia	CAILAD01	BJGX01	0.000014322485073924481
SRR10070134	Riverwater	Bacteria	Bacteria	Pseudomonadota	Gammaproteobacteria	Burkholderiales	Burkholderiaceae_D	0.0004654807649025457
SRR10070134	Riverwater	Bacteria	Bacteria	Actinomycetota	Actinomycetes	Actinomycetales	Dermatophilaceae	0.00011764898453580825
SRR10070134	Riverwater	Bacteria	Bacteria	Chloroflexota	Dehalococcoidia	DSTF01	JACRBR01	6.138207888824779e-6
SRR10070134	Riverwater	Bacteria	Bacteria	Bdellovibrionota	UBA1018	UBA1018	UBA1018	0.00013606360820228258
SRR10070134	Riverwater	Bacteria	Bacteria	Nitrospirota	Nitrospiria	Nitrospirales	Nitrospiraceae	0.00007979670255472211
SRR10070134	Riverwater	Bacteria	Bacteria	Cyanobacteriota	Cyanobacteriia	Cyanobacteriales	Microcoleaceae	0.000025575866203436576
SRR10070134	Riverwater	Bacteria	Bacteria	Patescibacteriota	Gracilibacteria	BD1-5	UBA6164	0.000018414623666474337
SRR10070134	Riverwater	Bacteria	Bacteria	Pseudomonadota	Alphaproteobacteria	WRAU01	Hepatincolaceae	0.000015345519722061946
SRR10070134	Riverwater	Bacteria	Bacteria	Patescibacteriota	Gracilibacteria	BD1-5	JAGOOR01	0.00008081973720285959
SRR10070134	Riverwater	Bacteria	Bacteria	Desulfobacterota	Binatia	UBA1149	CAYXZP01	0.000012276415777649557
SRR10070134	Riverwater	Bacteria	Bacteria	Acidobacteriota	Blastocatellia	UBA7656	JADIYM01	0.00001023034648137463
SRR10070134	Riverwater	Bacteria	Bacteria	Acidobacteriota	Terriglobia	Versatilivoradales	Versatilivoraceae	8.184277185099704e-6
SRR10070134	Riverwater	Bacteria	Bacteria	Acidobacteriota	Thermoanaerobaculia	UBA5066	UBA5066	0.000021483727610886727
SRR10070134	Riverwater	Bacteria	Bacteria	Chloroflexota	Anaerolineae	4572-78	J111	7.161242536962241e-6
SRR10070134	Riverwater	Bacteria	Bacteria	Desulfobacterota	Desulfobaccia	Desulfobaccales	0-14-0-80-60-11	0.000024552831555299114
SRR10070134	Riverwater	Bacteria	Bacteria	Acidobacteriota	Vicinamibacteria	Fen-336	Fen-336	0.00008081973720285959
SRR10070134	Riverwater	Bacteria	Bacteria	Pseudomonadota	Alphaproteobacteria	Unclassified	Unclassified	0.000017391589018336872
SRR10070134	Riverwater	Bacteria	Bacteria	Bacteroidota	Bacteroidia	Bacteroidales	Prolixibacteraceae	0.00002966800479598643
SRR10070134	Riverwater	Bacteria	Bacteria	Actinomycetota	Actinomycetes	S36-B12	S36-B12	0.000012276415777649557
SRR10070134	Riverwater	Bacteria	Bacteria	Pseudomonadota	Alphaproteobacteria	JAEUKQ01	JAEUKQ01	0.00013708664285042005
SRR10070134	Riverwater	Bacteria	Bacteria	Pseudomonadota	Gammaproteobacteria	Pseudomonadales	Cellvibrionaceae	0.0009636986385454903
SRR10070134	Riverwater	Bacteria	Bacteria	Eisenbacteria	RBG-16-71-46	RBG-16-71-46	DASYSL01	0.000014322485073924481
SRR10070134	Riverwater	Bacteria	Bacteria	Actinomycetota	Actinomycetes	Mycobacteriales	Mycobacteriaceae	5.115173240687315e-6
SRR10070134	Riverwater	Bacteria	Bacteria	Pseudomonadota	Alphaproteobacteria	Rhizobiales	Kaistiaceae	0.00001329945042578702
SRR10070134	Riverwater	Bacteria	Bacteria	Planctomycetota	Planctomycetia	Pirellulales	Lacipirellulaceae	0.000034783178036673744
SRR10070134	Riverwater	Bacteria	Bacteria	Acidobacteriota	Vicinamibacteria	Vicinamibacterales	Unclassified	0.000015345519722061946
SRR10070134	Riverwater	Bacteria	Bacteria	Omnitrophota	Omnitrophia	Omnitrophales	Aquincolibacteriaceae	0.0003150946716263386
SRR10070134	Riverwater	Bacteria	Bacteria	Planctomycetota	UBA1135	UBA1135	UBA2386	0.00007058939072148495
SRR10070134	Riverwater	Bacteria	Bacteria	Fusobacteriota	Fusobacteriia	Fusobacteriales	Fusobacteriaceae	0.00023427493442347905
SRR10070134	Riverwater	Bacteria	Bacteria	Spirochaetota	Spirochaetia	SZUA-6	Fen-1364	4.092138592549852e-6
SRR10070134	Riverwater	Bacteria	Bacteria	Patescibacteriota	Saccharimonadia	Saccharimonadales	Saccharimonadaceae	0.000596429199864141
SRR10070134	Riverwater	Bacteria	Bacteria	Pseudomonadota	Alphaproteobacteria	Acetobacterales	Acetobacteraceae	0.000021483727610886727
SRR10070134	Riverwater	Bacteria	Bacteria	Elusimicrobiota	Elusimicrobia	FEN-1173	FEN-1173	0.000025575866203436576
SRR10070134	Riverwater	Bacteria	Bacteria	Pseudomonadota	Gammaproteobacteria	Pseudomonadales	Unclassified	0.00006240511353638525
SRR10070134	Riverwater	Bacteria	Bacteria	Pseudomonadota	Alphaproteobacteria	Micavibrionales	Micavibrionaceae	0.0002015378256830802
SRR10070134	Riverwater	Bacteria	Bacteria	Chloroflexota	Anaerolineae	Aggregatilineales	Phototrophicaceae	7.161242536962241e-6
SRR10070134	Riverwater	Bacteria	Bacteria	Bacillota	Negativicutes	Acidaminococcales	Succinispiraceae	0.000021483727610886727
SRR10070134	Riverwater	Bacteria	Bacteria	Pseudomonadota	Gammaproteobacteria	Granulosicoccales	Granulosicoccaceae	0.000014322485073924481
SRR10070134	Riverwater	Bacteria	Bacteria	Pseudomonadota	Gammaproteobacteria	Burkholderiales	Chitinibacteraceae	0.00014629395468365722
SRR10070134	Riverwater	Bacteria	Bacteria	Myxococcota_A	Polyangia	Polyangiales	Houyiibacteriaceae	0.00005626690564756047
SRR10070134	Riverwater	Bacteria	Bacteria	Pseudomonadota	Gammaproteobacteria	Burkholderiales	Methylophilaceae	0.00023325189977534158
SRR10070134	Riverwater	Bacteria	Bacteria	Acidobacteriota	Holophagae	Holophagales	Holophagaceae	0.000024552831555299114
SRR10070134	Riverwater	Bacteria	Bacteria	Bacteroidota	Bacteroidia	B-17B0	Aurantibacillaceae	0.0002352979690716165
SRR10070134	Riverwater	Bacteria	Bacteria	Desulfobacterota	Desulfobacteria	Desulfobacterales	Desulfatirhabdiaceae	0.000014322485073924481
SRR10070134	Riverwater	Bacteria	Bacteria	Pseudomonadota	Alphaproteobacteria	Dongiales	Dongiaceae	0.00002046069296274926
SRR10070134	Riverwater	Bacteria	Bacteria	Bacteroidota	Ignavibacteria	Tepidaquicellales	OLB5	3.0691039444123893e-6
SRR10070134	Riverwater	Bacteria	Bacteria	Myxococcota_A	UBA796	UBA796	CAJQPC01	0.00004603655916618584
SRR10070134	Riverwater	Bacteria	Bacteria	Pseudomonadota	Gammaproteobacteria	Methylococcales	Methylomonadaceae	0.000011253381129512094
SRR10070134	Riverwater	Bacteria	Bacteria	Hydrogenedentota	Hydrogenedentia	Hydrogenedentales	JAEUWI01	0.000016368554370199407
SRR10070134	Riverwater	Bacteria	Bacteria	Patescibacteriota	Saccharimonadia	CAILAD01	GCA-016700035	0.000034783178036673744
SRR10070134	Riverwater	Bacteria	Bacteria	Patescibacteriota	Saccharimonadia	Saccharimonadales	UBA7683	0.0004838953885690201
SRR10070134	Riverwater	Bacteria	Bacteria	Desulfobacterota	Desulfobacteria	Desulfobacterales	SpSt-501	0.000011253381129512094
SRR10070134	Riverwater	Bacteria	Bacteria	Pseudomonadota	Alphaproteobacteria	Micavibrionales	UBA1664	0.00001023034648137463
SRR10070134	Riverwater	Bacteria	Bacteria	Pseudomonadota	Gammaproteobacteria	Steroidobacterales	GCA-2729495	0.00005626690564756047
SRR10070134	Riverwater	Bacteria	Bacteria	Babelota	Babeliae	Babelales	Unclassified	0.00006854332142521003
SRR10070134	Riverwater	Bacteria	Bacteria	Omnitrophota	Gorgyraeia	Unclassified	Unclassified	0.00009616525692492152
SRR10070134	Riverwater	Bacteria	Bacteria	Pseudomonadota	Alphaproteobacteria	Geminicoccales	Geminicoccaceae	6.138207888824779e-6
SRR10070134	Riverwater	Bacteria	Bacteria	Pseudomonadota	Gammaproteobacteria	Pseudomonadales	UBA7239	0.00011867201918394572
SRR10070134	Riverwater	Bacteria	Bacteria	Pseudomonadota	Gammaproteobacteria	Pseudomonadales	Halieaceae	0.00021176817216445488
SRR10070134	Riverwater	Bacteria	Bacteria	Bdellovibrionota_C	UBA2361	SZUA-149	Unclassified	0.000015345519722061946
SRR10070134	Riverwater	Archaea	Archaea	Thermoproteota	Nitrososphaeria	Nitrososphaerales	Nitrosopumilaceae	0.00009002704903609675
SRR10070134	Riverwater	Bacteria	Bacteria	Bacillota	Bacilli	Bacillales	Cytobacillaceae	0.00003376014338853628
SRR10070134	Riverwater	Bacteria	Bacteria	Patescibacteriota	Minisyncoccia	Phycocordibacterales	PALSA-1337	0.00004808262846246076
SRR10070134	Riverwater	Bacteria	Bacteria	Pseudomonadota	Alphaproteobacteria	Caedimonadales	Caedimonadaceae	0.000025575866203436576
SRR10070134	Riverwater	Bacteria	Bacteria	Methylomirabilota	Methylomirabilia	Methylomirabilales	Methylomirabilaceae	0.00002046069296274926
SRR10070134	Riverwater	Bacteria	Bacteria	Pseudomonadota	Gammaproteobacteria	Enterobacterales	Enterobacteriaceae	0.00024450528090485364
SRR10070134	Riverwater	Bacteria	Bacteria	Patescibacteriota	Minisyncoccia	Phycocordibacterales	XYD1-FULL-46-19	0.00002659890085157404
SRR10070134	Riverwater	Bacteria	Bacteria	Verrucomicrobiota	Verrucomicrobiia	Opitutales	UBA953	0.000015345519722061946
SRR10070134	Riverwater	Bacteria	Bacteria	Bdellovibrionota	UBA1018	UBA1018	UBA923	0.000015345519722061946
SRR10070134	Riverwater	Bacteria	Bacteria	Acidobacteriota	Polarisedimenticolia	Gp22-AA2	Gp22-AA2	8.184277185099704e-6
SRR10070134	Riverwater	Bacteria	Bacteria	Acidobacteriota	Terriglobia	Acidiferrales	2-02-FULL-67-57	7.161242536962241e-6
SRR10070134	Riverwater	Bacteria	Bacteria	Pseudomonadota	Gammaproteobacteria	Legionellales	Legionellaceae	0.00002966800479598643
SRR10070134	Riverwater	Bacteria	Bacteria	Pseudomonadota	Gammaproteobacteria	CAWJOP01	CAWJOP01	0.000016368554370199407
SRR10070134	Riverwater	Bacteria	Bacteria	Bacteroidota	Ignavibacteria	Kapaibacteriales	UBA961	0.00013197146960973273
SRR10070134	Riverwater	Bacteria	Bacteria	Bacteroidota	Bacteroidia	J057	JADKCL01	0.000037852281981086135
SRR10070134	Riverwater	Bacteria	Bacteria	Zixibacteria	MSB-5A5	CAIYYT01	CAIYYT01	5.115173240687315e-6
SRR10070134	Riverwater	Bacteria	Bacteria	Bdellovibrionota	UBA1018	CAIPTA01	CAIPTA01	0.00005217476705501062
SRR10070134	Riverwater	Bacteria	Bacteria	Bacillota	Bacilli	Lactobacillales	Unclassified	0.00005319780170314808
SRR10070134	Riverwater	Bacteria	Bacteria	Bacteroidota	Bacteroidia	Bacteroidales	Unclassified	0.00003376014338853628
SRR10070134	Riverwater	Bacteria	Bacteria	Bdellovibrionota_G	JALEGL01	JALEGL01	JAGRMV01	0.00001329945042578702
SRR10070134	Riverwater	Bacteria	Bacteria	Pseudomonadota	Gammaproteobacteria	Pseudomonadales	Oleiphilaceae	0.000035806212684811205
SRR10070134	Riverwater	Bacteria	Bacteria	Bacteroidota	Bacteroidia	AKYH767-A	OLB10	0.00001329945042578702
SRR10070134	Riverwater	Bacteria	Bacteria	Patescibacteriota	Saccharimonadia	Saccharimonadales	JAGQNJ01	0.000011253381129512094
SRR10070134	Riverwater	Bacteria	Bacteria	Patescibacteriota	Minisyncoccia	Phycocordibacterales	UBA5272	0.00010844167270257108
SRR10070134	Riverwater	Bacteria	Bacteria	Desulfobacterota	Desulfuromonadia	Desulfuromonadales	Syntrophotaleaceae	0.000011253381129512094
SRR10070134	Riverwater	Bacteria	Bacteria	Pseudomonadota	Gammaproteobacteria	Xanthomonadales	Rhodanobacteraceae	6.138207888824779e-6
SRR10070134	Riverwater	Bacteria	Bacteria	Pseudomonadota	Gammaproteobacteria	Burkholderiales	Aquaspirillaceae	0.000058312974943835394
SRR10070134	Riverwater	Bacteria	Bacteria	Pseudomonadota	Gammaproteobacteria	Enterobacterales	Unclassified	0.00002352979690716165
SRR10070134	Riverwater	Bacteria	Bacteria	Bacillota	Bacilli	Lactobacillales	Aerococcaceae	0.00013094843496159526
SRR10070134	Riverwater	Bacteria	Bacteria	Actinomycetota	Acidimicrobiia	IMCC26256	JAGPDB01	0.000011253381129512094
SRR10070134	Riverwater	Bacteria	Bacteria	Pseudomonadota	Gammaproteobacteria	Enterobacterales	Shewanellaceae	0.00006342814818452271
SRR10070134	Riverwater	Bacteria	Bacteria	Actinomycetota	Actinomycetes	S36-B12	CAIYMF01	0.00002046069296274926
SRR10070134	Riverwater	Bacteria	Bacteria	Desulfobacterota	Deferrimicrobia	Deferrimicrobiales	Deferrimicrobiaceae	0.00004092138592549852
SRR10070134	Riverwater	Bacteria	Bacteria	Patescibacteriota	Saccharimonadia	Saccharimonadales	HK-STAS-PATE-42	0.00006854332142521003
SRR10070134	Riverwater	Archaea	Archaea	Nanobdellota	Nanobdellia	Unclassified	Unclassified	0.00003069103944412389
SRR10070134	Riverwater	Bacteria	Bacteria	Patescibacteriota	Gracilibacteria	UBA1369	2-02-FULL-48-14	0.000021483727610886727
SRR10070134	Riverwater	Bacteria	Bacteria	Myxococcota	UBA727	UBA727	JABDBI01	0.0001381096774985575
SRR10070134	Riverwater	Bacteria	Bacteria	Patescibacteriota	Saccharimonadia	CAILAD01	JADZBC01	0.00008900401438795928
SRR10070134	Riverwater	Bacteria	Bacteria	Actinomycetota	Acidimicrobiia	Acidimicrobiales	Iamiaceae	0.00002659890085157404
SRR10070134	Riverwater	Bacteria	Bacteria	Omnitrophota	Gorgyraeia	2-02-FULL-51-18	2-02-FULL-51-18	0.00011969505383208319
SRR10070134	Riverwater	Bacteria	Bacteria	Pseudomonadota	Gammaproteobacteria	Thiotrichales	Thiotrichaceae	0.000034783178036673744
SRR10070134	Riverwater	Bacteria	Bacteria	Bdellovibrionota	Bdellovibrionia	Bdellovibrionales	UBA1609	0.000015345519722061946
SRR10070134	Riverwater	Bacteria	Bacteria	Verrucomicrobiota	Verrucomicrobiia	Opitutales	Unclassified	0.000031714074092261353
SRR10070134	Riverwater	Bacteria	Bacteria	Desulfobacterota	Desulfomonilia	Desulfomonilales	Desulfomonilaceae	9.207311833237168e-6
SRR10070134	Riverwater	Bacteria	Bacteria	Bacteroidota	Bacteroidia	2-12-FULL-35-15	2-12-FULL-35-15	0.00007058939072148495
SRR10070134	Riverwater	Bacteria	Bacteria	Pseudomonadota	Gammaproteobacteria	Xanthomonadales	SZUA-5	0.00008695794509168436
SRR10070134	Riverwater	Bacteria	Bacteria	Bacteroidota	Bacteroidia	Cytophagales	Unclassified	0.00003989835127736106
SRR10070134	Riverwater	Bacteria	Bacteria	Actinomycetota	Aquicultoria	Subteraquimicrobiales	UBA9087	0.000031714074092261353
SRR10070134	Riverwater	Bacteria	Bacteria	Planctomycetota	Planctomycetia	Isosphaerales	Isosphaeraceae	0.000019437658314611798
SRR10070134	Riverwater	Bacteria	Bacteria	Pseudomonadota	Gammaproteobacteria	Pseudomonadales	Ketobacteraceae	0.00004603655916618584
SRR10070134	Riverwater	Bacteria	Bacteria	Bacillota	Desulfitobacteriia	Desulfitobacteriales	Desulfitobacteriaceae	4.092138592549852e-6
SRR10070134	Riverwater	Bacteria	Bacteria	Actinomycetota	Actinomycetes	S36-B12	Unclassified	0.000011253381129512094
SRR10070134	Riverwater	Bacteria	Bacteria	Planctomycetota	B15-G4	B15-G4	B15-G4	2.046069296274926e-6
SRR10070134	Riverwater	Bacteria	Bacteria	Pseudomonadota	Gammaproteobacteria	Pseudomonadales	CAMLJR01	0.000015345519722061946
SRR10070134	Riverwater	Bacteria	Bacteria	Desulfobacterota_D	UBA1144	Nemesobacterales	CSP1-2	2.046069296274926e-6
SRR10070134	Riverwater	Bacteria	Bacteria	Campylobacterota	Campylobacteria	Campylobacterales	Sulfurospirillaceae	0.000016368554370199407
SRR10070134	Riverwater	Bacteria	Bacteria	Actinomycetota	Actinomycetes	S36-B12	UBA10799	0.00015243216257248199
SRR10070134	Riverwater	Bacteria	Bacteria	Patescibacteriota	Minisyncoccia	Phycocordibacterales	Unclassified	0.00003376014338853628
SRR10070134	Riverwater	Bacteria	Bacteria	Planctomycetota	UBA1135	UBA1135	JAKEFM01	5.115173240687315e-6
SRR10070134	Riverwater	Bacteria	Bacteria	Acidobacteriota	Vicinamibacteria	Vicinamibacterales	JAKQTR01	0.000032737108740398815
SRR10070134	Riverwater	Bacteria	Bacteria	Pseudomonadota	Gammaproteobacteria	Burkholderiales	Burkholderiaceae_E	0.00005933600959197286
SRR10070134	Riverwater	Bacteria	Bacteria	Bacteroidota	Bacteroidia	Flavobacteriales	Weeksellaceae	0.00005217476705501062
SRR10070134	Riverwater	Bacteria	Bacteria	Pseudomonadota	Gammaproteobacteria	Chromatiales	Chromatiaceae	0.00005115173240687315
SRR10070134	Riverwater	Archaea	Archaea	Nanobdellota	Nanobdellia	Woesearchaeales	SKIA01	0.000012276415777649557
SRR10070134	Riverwater	Bacteria	Bacteria	Bacteroidota	Bacteroidia	UKL13-3	UKL13-3	0.00001023034648137463
SRR10070134	Riverwater	Bacteria	Bacteria	Bdellovibrionota	UBA1018	UBA1018	Unclassified	0.000017391589018336872
SRR10070134	Riverwater	Bacteria	Bacteria	Pseudomonadota	Gammaproteobacteria	Pseudomonadales	Oceanobacteraceae	0.00009514222227678406
SRR10070134	Riverwater	Bacteria	Bacteria	Bdellovibrionota_B	Oligoflexia	Oligoflexales	Oligoflexaceae	0.00006854332142521003
SRR10070134	Riverwater	Bacteria	Bacteria	Pseudomonadota	Alphaproteobacteria	Rickettsiales	CANDYO01	8.184277185099704e-6
SRR10070134	Riverwater	Bacteria	Bacteria	Bdellovibrionota	FAC87	UBA2466	UBA2466	0.00002659890085157404
SRR10070134	Riverwater	Bacteria	Bacteria	Desulfobacterota	GWC2-55-46	GWC2-55-46	GWC2-55-46	5.115173240687315e-6
SRR10070134	Riverwater	Bacteria	Bacteria	Nitrospirota	JACRHJ01	JACRHJ01	JACRHJ01	2.046069296274926e-6
SRR10070134	Riverwater	Bacteria	Bacteria	Bacillota	Negativicutes	Acidaminococcales	Acidaminococcaceae	0.000021483727610886727
SRR10070134	Riverwater	Bacteria	Bacteria	Cyanobacteriota	Cyanobacteriia	Unclassified	Unclassified	0.00003376014338853628
SRR10070134	Riverwater	Bacteria	Bacteria	Planctomycetota	Phycisphaerae	Sedimentisphaerales	Unclassified	2.046069296274926e-6
SRR10070134	Riverwater	Bacteria	Bacteria	Pseudomonadota	Gammaproteobacteria	Burkholderiales	UBA11063	0.000012276415777649557
SRR10070134	Riverwater	Bacteria	Bacteria	Patescibacteriota	Gracilibacteria	UBA1369	UBA1369	8.184277185099704e-6
SRR10070134	Riverwater	Bacteria	Bacteria	Pseudomonadota	Alphaproteobacteria	Paracaedibacterales	JAKBAR01	0.000037852281981086135
SRR10070141	Groundwater	Bacteria	Bacteria	Pseudomonadota	Alphaproteobacteria	Rhizobiales	Devosiaceae	0.00005554047048949668
SRR10070141	Groundwater	Bacteria	Bacteria	Myxococcota_A	Polyangia	Polyangiales	Polyangiaceae	0.000010285272312869754
SRR10070141	Groundwater	Bacteria	Bacteria	Bacteroidota	Bacteroidia	Flavobacteriales	Flavobacteriaceae	0.00011313799544156731
SRR10070141	Groundwater	Bacteria	Bacteria	Methylomirabilota	Methylomirabilia	Rokubacteriales	CSP1-6	0.00012959443114215891
SRR10070141	Groundwater	Bacteria	Bacteria	Actinomycetota	Thermoleophilia	Gaiellales	Gaiellaceae	0.000020570544625739507
SRR10070141	Groundwater	Bacteria	Bacteria	Pseudomonadota	Gammaproteobacteria	Burkholderiales	Burkholderiaceae_C	0.027155175960438725
SRR10070141	Groundwater	Bacteria	Bacteria	Patescibacteriota	Minisyncoccia	Unclassified	Unclassified	0.00009873861420354965
SRR10070141	Groundwater	Unclassified	Unclassified	Unclassified	Unclassified	Unclassified	Unclassified	0.0013247430738976243
SRR10070141	Groundwater	Bacteria	Bacteria	Unclassified	Unclassified	Unclassified	Unclassified	0.001507820921066706
SRR10070141	Groundwater	Bacteria	Bacteria	Chloroflexota	Dehalococcoidia	Lucifugimonadales	Lucifugimonadaceae	0.00013987970345502866
SRR10070141	Groundwater	Bacteria	Bacteria	Pseudomonadota	Gammaproteobacteria	Xanthomonadales	Xanthomonadaceae	0.00023244715427085644
SRR10070141	Groundwater	Bacteria	Bacteria	Actinomycetota	Actinomycetes	Actinomycetales	Microbacteriaceae	0.00012959443114215891
SRR10070141	Groundwater	Bacteria	Bacteria	Chloroflexota	Limnocylindria	Limnocylindrales	CSP1-4	0.00008228217850295803
SRR10070141	Groundwater	Bacteria	Bacteria	Desulfobacterota	Binatia	UBA9968	UBA9968	0.00022216188195798672
SRR10070141	Groundwater	Bacteria	Bacteria	Pseudomonadota	Alphaproteobacteria	UBA9655	UBA9655	0.000034969925863757166
SRR10070141	Groundwater	Bacteria	Bacteria	Pseudomonadota	Gammaproteobacteria	Burkholderiales	Rhodocyclaceae	0.0007158549529757349
SRR10070141	Groundwater	Bacteria	Bacteria	Elusimicrobiota	Elusimicrobia	JACQPE01	JACQPE01	0.00007816806957781013
SRR10070141	Groundwater	Bacteria	Bacteria	Acidobacteriota	Vicinamibacteria	Vicinamibacterales	UBA2999	0.0004834077987048785
SRR10070141	Groundwater	Bacteria	Bacteria	Pseudomonadota	Gammaproteobacteria	Burkholderiales	SG8-41	0.0004237532192902339
SRR10070141	Groundwater	Bacteria	Bacteria	Acidobacteriota	Vicinamibacteria	Vicinamibacterales	CAVVIG01	0.00044432376391597344
SRR10070141	Groundwater	Bacteria	Bacteria	Acidobacteriota	Blastocatellia	Pyrinomonadales	Pyrinomonadaceae	0.00004525519817662692
SRR10070141	Groundwater	Bacteria	Bacteria	Pseudomonadota	Gammaproteobacteria	Burkholderiales	Unclassified	0.00033735693186212796
SRR10070141	Groundwater	Bacteria	Bacteria	Pseudomonadota	Alphaproteobacteria	Sphingomonadales	Sphingomonadaceae	0.002655657311182971
SRR10070141	Groundwater	Bacteria	Bacteria	Bacteroidota	Ignavibacteria	Ignavibacteriales	Ignavibacteriaceae	0.00004731225263920087
SRR10070141	Groundwater	Bacteria	Bacteria	Bacteroidota	Bacteroidia	Cytophagales	Cyclobacteriaceae	0.00018513490163165561
SRR10070141	Groundwater	Bacteria	Bacteria	Omnitrophota	Gorgyraeia	Gygaellales	UBA12090	0.004336270807105889
SRR10070141	Groundwater	Bacteria	Bacteria	Bacteroidota	Bacteroidia	Sphingobacteriales	Sphingobacteriaceae	0.00004525519817662692
SRR10070141	Groundwater	Bacteria	Bacteria	Bacteroidota	Bacteroidia	Chitinophagales	Chitinophagaceae	0.0008680769832062073
SRR10070141	Groundwater	Bacteria	Bacteria	Pseudomonadota	Gammaproteobacteria	Pseudomonadales	Moraxellaceae	0.0004751795808545827
SRR10070141	Groundwater	Bacteria	Bacteria	Campylobacterota	Campylobacteria	Campylobacterales	Arcobacteraceae	0.0001007956686661236
SRR10070141	Groundwater	Bacteria	Bacteria	Pseudomonadota	Gammaproteobacteria	Burkholderiales	SG8-39	0.00024273242658372622
SRR10070141	Groundwater	Bacteria	Bacteria	Patescibacteriota	Minisyncoccia	Phycocordibacterales	Zambryskibacteraceae	0.0000966815597409757
SRR10070141	Groundwater	Bacteria	Bacteria	Bdellovibrionota	Bacteriovoracia	Bacteriovoracales	Bacteriovoracaceae	0.00014810792130532448
SRR10070141	Groundwater	Bacteria	Bacteria	Patescibacteriota	Saccharimonadia	Saccharimonadales	UBA4665	0.00003702698032633112
SRR10070141	Groundwater	Bacteria	Bacteria	Myxococcota_A	UBA9160	SZUA-336	SZUA-336	0.000010285272312869754
SRR10070141	Groundwater	Bacteria	Bacteria	Acidobacteriota	Vicinamibacteria	Fen-336	JAGNNV01	0.00041141089251479023
SRR10070141	Groundwater	Bacteria	Bacteria	Eisenbacteria	RBG-16-71-46	SZUA-252	SZUA-252	0.0000802251240403841
SRR10070141	Groundwater	Bacteria	Bacteria	Patescibacteriota	Microgenomatia	Woykebacterales	RBG-16-39-9b	0.0000966815597409757
SRR10070141	Groundwater	Bacteria	Bacteria	Pseudomonadota	Alphaproteobacteria	Azospirillales	Azospirillaceae	8.228217850295803e-6
SRR10070141	Groundwater	Bacteria	Bacteria	Gemmatimonadota	Gemmatimonadetes	Gemmatimonadales	Gemmatimonadaceae	0.00021599071857026487
SRR10070141	Groundwater	Bacteria	Bacteria	Pseudomonadota	Gammaproteobacteria	Burkholderiales	Gallionellaceae	0.011239745583504069
SRR10070141	Groundwater	Bacteria	Bacteria	Gemmatimonadota	Gemmatimonadetes	Gemmatimonadales	GWC2-71-9	0.00009873861420354965
SRR10070141	Groundwater	Bacteria	Bacteria	Campylobacterota	Campylobacteria	Campylobacterales	Sulfurimonadaceae	0.000016456435700591606
SRR10070141	Groundwater	Bacteria	Bacteria	Verrucomicrobiota	Verrucomicrobiia	Opitutales	Opitutaceae	0.0009030469090699645
SRR10070141	Groundwater	Bacteria	Bacteria	Omnitrophota	Gorgyraeia	Gygaellales	Profunditerraquicolaceae	0.000631515720010203
SRR10070141	Groundwater	Bacteria	Bacteria	Actinomycetota	Actinomycetes	Propionibacteriales	Propionibacteriaceae	0.00007405396065266224
SRR10070141	Groundwater	Bacteria	Bacteria	Acidobacteriota	Vicinamibacteria	Vicinamibacterales	JAMQPK01	0.000020570544625739507
SRR10070141	Groundwater	Bacteria	Bacteria	Pseudomonadota	Gammaproteobacteria	Unclassified	Unclassified	0.0011663498802794302
SRR10070141	Groundwater	Bacteria	Bacteria	Pseudomonadota	Alphaproteobacteria	Rhizobiales	Rhizobiaceae	0.00006376868833979248
SRR10070141	Groundwater	Bacteria	Bacteria	Chloroflexota	Dehalococcoidia	Tepidiformales	Tepidiformaceae	0.00004731225263920087
SRR10070141	Groundwater	Bacteria	Bacteria	Pseudomonadota	Alphaproteobacteria	Rhodobacterales	Rhodobacteraceae	0.000049369307101774825
SRR10070141	Groundwater	Bacteria	Bacteria	Acidobacteriota	Thermoanaerobaculia	Gp7-AA8	Gp7-AA8	0.000024684653550887412
SRR10070141	Groundwater	Bacteria	Bacteria	Patescibacteriota	Gracilibacteria	UBA1369	Unclassified	0.000049369307101774825
SRR10070141	Groundwater	Bacteria	Bacteria	Pseudomonadota	Alphaproteobacteria	Rickettsiales	UBA1997	0.000294158788148075
SRR10070141	Groundwater	Bacteria	Bacteria	Bdellovibrionota	Bdellovibrionia	Bdellovibrionales	JAMPXM01	0.000012342326775443706
SRR10070141	Groundwater	Bacteria	Bacteria	Pseudomonadota	Alphaproteobacteria	Caulobacterales	Caulobacteraceae	0.00018307784716908165
SRR10070141	Groundwater	Bacteria	Bacteria	Methylomirabilota	Methylomirabilia	Methylomirabilales	2-02-FULL-66-22	0.00008228217850295803
SRR10070141	Groundwater	Bacteria	Bacteria	Pseudomonadota	Gammaproteobacteria	Pseudomonadales	Pseudomonadaceae	0.0011272658454905252
SRR10070141	Groundwater	Bacteria	Bacteria	Planctomycetota	Planctomycetia	Planctomycetales	Planctomycetaceae	0.00019542017394452534
SRR10070141	Groundwater	Bacteria	Bacteria	Bdellovibrionota	Bdellovibrionia	Bdellovibrionales	Bdellovibrionaceae	0.00011108094097899336
SRR10070141	Groundwater	Bacteria	Bacteria	Verrucomicrobiota	Lentisphaeria	Victivallales	Victivallaceae	4.1141089251479015e-6
SRR10070141	Groundwater	Bacteria	Bacteria	Verrucomicrobiota	Verrucomicrobiia	Verrucomicrobiales	Akkermansiaceae	0.000014399381238017659
SRR10070141	Groundwater	Bacteria	Bacteria	Desulfobacterota	Binatia	JACPRU01	JACPRU01	0.00010285272312869756
SRR10070141	Groundwater	Bacteria	Bacteria	Pseudomonadota	Gammaproteobacteria	Acidiferrobacterales	Unclassified	0.00004525519817662692
SRR10070141	Groundwater	Bacteria	Bacteria	Cyanobacteriota	Vampirovibrionia	Obscuribacterales	Obscuribacteraceae	0.00008228217850295803
SRR10070141	Groundwater	Bacteria	Bacteria	Elusimicrobiota	Elusimicrobia	UBA1565	UBA9628	0.000882476364444225
SRR10070141	Groundwater	Bacteria	Bacteria	Pseudomonadota	Alphaproteobacteria	Rhizobiales	Aestuariivirgaceae	0.00010696683205384545
SRR10070141	Groundwater	Bacteria	Bacteria	Gemmatimonadota	Gemmatimonadetes	Gemmatimonadales	Unclassified	0.000028798762476035317
SRR10070141	Groundwater	Bacteria	Bacteria	Patescibacteriota	Saccharimonadia	Saccharimonadales	Unclassified	8.228217850295803e-6
SRR10070141	Groundwater	Bacteria	Bacteria	Pseudomonadota	Gammaproteobacteria	Burkholderiales	Thiobacillaceae	0.000030855816938609265
SRR10070141	Groundwater	Bacteria	Bacteria	Desulfobacterota	Desulfuromonadia	Desulfuromonadales	Unclassified	0.0001090238865164194
SRR10070141	Groundwater	Bacteria	Bacteria	Fibrobacterota	Fibrobacteria	UBA11236	UBA11236	0.00004319814371405297
SRR10070141	Groundwater	Bacteria	Bacteria	Patescibacteriota	Gracilibacteria	UM-FILTER-43-11	UM-FILTER-43-11	6.171163387721853e-6
SRR10070141	Groundwater	Bacteria	Bacteria	Pseudomonadota	Gammaproteobacteria	Burkholderiales	Burkholderiaceae_D	0.0003065011149235187
SRR10070141	Groundwater	Bacteria	Bacteria	Actinomycetota	Actinomycetes	Actinomycetales	Dermatophilaceae	0.000010285272312869754
SRR10070141	Groundwater	Bacteria	Bacteria	Chloroflexota	Anaerolineae	Aggregatilineales	Unclassified	0.00003702698032633112
SRR10070141	Groundwater	Bacteria	Bacteria	Chloroflexota	Dehalococcoidia	DSTF01	JACRBR01	0.00009873861420354965
SRR10070141	Groundwater	Bacteria	Bacteria	Nitrospirota	Nitrospiria	Nitrospirales	Nitrospiraceae	0.000253017698896596
SRR10070141	Groundwater	Bacteria	Bacteria	Verrucomicrobiota	Verrucomicrobiia	JABWAM01	JABWAM01	0.00004319814371405297
SRR10070141	Groundwater	Bacteria	Bacteria	Pseudomonadota	Gammaproteobacteria	Pseudomonadales	Cellvibrionaceae	0.000024684653550887412
SRR10070141	Groundwater	Bacteria	Bacteria	Actinomycetota	Actinomycetes	Mycobacteriales	Mycobacteriaceae	0.0006829420815745517
SRR10070141	Groundwater	Bacteria	Bacteria	JAUVQV01	JAUVQV01	JAUVQV01	DATDCY01	0.00001851349016316556
SRR10070141	Groundwater	Bacteria	Bacteria	Planctomycetota	Planctomycetia	Pirellulales	Lacipirellulaceae	0.00002262759908831346
SRR10070141	Groundwater	Bacteria	Bacteria	Omnitrophota	Omnitrophia	Omnitrophales	Aquincolibacteriaceae	0.00019542017394452534
SRR10070141	Groundwater	Bacteria	Bacteria	Verrucomicrobiota	Verrucomicrobiia	Chthoniobacterales	Terrimicrobiaceae	0.00006376868833979248
SRR10070141	Groundwater	Bacteria	Bacteria	Patescibacteriota	Saccharimonadia	Saccharimonadales	Saccharimonadaceae	0.0015469049558556112
SRR10070141	Groundwater	Bacteria	Bacteria	Pseudomonadota	Gammaproteobacteria	Ga0077536	Ga0077536	0.00012548032221701102
SRR10070141	Groundwater	Bacteria	Bacteria	Desulfobacterota	Binatia	DP-6	DP-6	0.00001851349016316556
SRR10070141	Groundwater	Bacteria	Bacteria	Pseudomonadota	Gammaproteobacteria	Burkholderiales	Methylophilaceae	0.000041141089251479015
SRR10070141	Groundwater	Bacteria	Bacteria	Pseudomonadota	Alphaproteobacteria	UBA11222	UBA11222	0.0004813507442423045
SRR10070141	Groundwater	Bacteria	Bacteria	Bacteroidota	Bacteroidia	B-17B0	Aurantibacillaceae	0.000020570544625739507
SRR10070141	Groundwater	Bacteria	Bacteria	Pseudomonadota	Alphaproteobacteria	Dongiales	Dongiaceae	0.00003908403478890507
SRR10070141	Groundwater	Bacteria	Bacteria	Bacillota	Bacilli	Bacillales	Unclassified	0.00006993985172751433
SRR10070141	Groundwater	Archaea	Archaea	Nanobdellota	Nanobdellia	SCGC-AAA011-G17	Unclassified	8.228217850295803e-6
SRR10070141	Groundwater	Bacteria	Bacteria	Margulisbacteria	Marinamargulisbacteria	Unclassified	Unclassified	0.000016456435700591606
SRR10070141	Groundwater	Bacteria	Bacteria	Pseudomonadota	Gammaproteobacteria	DSM-16500	DSM-16500	0.0003023870059983708
SRR10070141	Groundwater	Bacteria	Bacteria	Omnitrophota	Gorgyraeia	Aquiviventales	Aquiviventaceae	0.00012342326775443706
SRR10070141	Groundwater	Bacteria	Bacteria	Pseudomonadota	Gammaproteobacteria	Burkholderiales	Burkholderiaceae	0.00007405396065266224
SRR10070141	Groundwater	Bacteria	Bacteria	Omnitrophota	Gorgyraeia	Unclassified	Unclassified	0.00012753737667958495
SRR10070141	Groundwater	Bacteria	Bacteria	Pseudomonadota	Gammaproteobacteria	Ga0077554	Ga007554	0.0030958669661737964
SRR10070141	Groundwater	Archaea	Archaea	Nanobdellota	Nanobdellia	Pacearchaeales	GW2011-AR1	0.00004319814371405297
SRR10070141	Groundwater	Archaea	Archaea	Thermoproteota	Nitrososphaeria	Nitrososphaerales	Nitrosopumilaceae	0.007483564134844034
SRR10070141	Groundwater	Bacteria	Bacteria	Patescibacteriota	Minisyncoccia	Phycocordibacterales	PALSA-1337	0.000014399381238017659
SRR10070141	Groundwater	Bacteria	Bacteria	Methylomirabilota	Methylomirabilia	Methylomirabilales	Methylomirabilaceae	0.0009462450527840175
SRR10070141	Groundwater	Bacteria	Bacteria	Bacillota	Bacilli	Bacillales	Anaerobacillaceae	0.0000802251240403841
SRR10070141	Groundwater	Archaea	Archaea	Thermoproteota	Nitrososphaeria	Nitrososphaerales	Gagatemarchaeaceae	0.00009873861420354965
SRR10070141	Groundwater	Bacteria	Bacteria	Acidobacteriota	Polarisedimenticolia	Gp22-AA2	Gp22-AA2	0.00003291287140118321
SRR10070141	Groundwater	Bacteria	Bacteria	Pseudomonadota	Gammaproteobacteria	Legionellales	Legionellaceae	0.0004463808183785474
SRR10070141	Groundwater	Bacteria	Bacteria	Bdellovibrionota	UBA1018	CAIPTA01	CAIPTA01	0.00006993985172751433
SRR10070141	Groundwater	Bacteria	Bacteria	Actinomycetota	Actinomycetes	Nanopelagicales	Nanopelagicaceae	0.000024684653550887412
SRR10070141	Groundwater	Bacteria	Bacteria	Patescibacteriota	Saccharimonadia	Saccharimonadales	JALRHH01	0.00030032995153579683
SRR10070141	Groundwater	Bacteria	Bacteria	Patescibacteriota	Minisyncoccia	Phycocordibacterales	UBA5272	0.00005142636156434878
SRR10070141	Groundwater	Bacteria	Bacteria	Pseudomonadota	Gammaproteobacteria	Xanthomonadales	Rhodanobacteraceae	0.000012342326775443706
SRR10070141	Groundwater	Bacteria	Bacteria	Patescibacteriota	Minisyncoccia	UBA6257	Unclassified	0.00017896373824393373
SRR10070141	Groundwater	Bacteria	Bacteria	Planctomycetota	UBA11346	UBA11346	UBA11346	4.1141089251479015e-6
SRR10070141	Groundwater	Bacteria	Bacteria	Pseudomonadota	Gammaproteobacteria	Acidiferrobacterales	Sulfurifustaceae	0.0005759752495207062
SRR10070141	Groundwater	Bacteria	Bacteria	Desulfobacterota	Deferrimicrobia	Deferrimicrobiales	Deferrimicrobiaceae	0.000049369307101774825
SRR10070141	Groundwater	Bacteria	Bacteria	Patescibacteriota	UBA1384	2-12-FULL-50-11	2-12-FULL-50-11	0.000024684653550887412
SRR10070141	Groundwater	Archaea	Archaea	Nanobdellota	Nanobdellia	Unclassified	Unclassified	0.00011108094097899336
SRR10070141	Groundwater	Bacteria	Bacteria	Patescibacteriota	Unclassified	Unclassified	Unclassified	0.000034969925863757166
SRR10070141	Groundwater	Bacteria	Bacteria	Margulisbacteria	WOR-1	O2-12-FULL-45-9	O2-12-FULL-45-9	0.00003291287140118321
SRR10070141	Groundwater	Archaea	Archaea	Unclassified	Unclassified	Unclassified	Unclassified	0.00003291287140118321
SRR10070141	Groundwater	Bacteria	Bacteria	UBA10199	UBA10199	JACPAL01	GCA-016699445	0.000014399381238017659
SRR10070141	Groundwater	Bacteria	Bacteria	Cyanobacteriota	Cyanobacteriia	Cyanobacteriales	Xenococcaceae	0.0001090238865164194
SRR10070141	Groundwater	Bacteria	Bacteria	Pseudomonadota	Alphaproteobacteria	Reyranellales	Reyranellaceae	0.00005554047048949668
SRR10070141	Groundwater	Bacteria	Bacteria	Bacteroidota	Bacteroidia	2-12-FULL-35-15	2-12-FULL-35-15	0.000024684653550887412
SRR10070141	Groundwater	Bacteria	Bacteria	Nitrospirota	Thermodesulfovibrionia	Thermodesulfovibrionales	UBA1546	0.0004278673282153818
SRR10070141	Groundwater	Archaea	Archaea	Nanobdellota	Nanobdellia	SCGC-AAA011-G17	GW2011-AR17	0.00003291287140118321
SRR10070141	Groundwater	Bacteria	Bacteria	Nitrospinota_A	UBA7883	JACRGQ01	JACRGQ01	0.000016456435700591606
SRR10070141	Groundwater	Bacteria	Bacteria	Planctomycetota	Phycisphaerae	UBA1845	UBA1845	0.000016456435700591606
SRR10070141	Groundwater	Bacteria	Bacteria	Patescibacteriota	Minisyncoccia	JAHIHE01	JAGLIN01	0.00006788279726494038
SRR10070141	Groundwater	Bacteria	Bacteria	Desulfobacterota	GWC2-55-46	GWC2-55-46	Unclassified	0.000028798762476035317
SRR10070141	Groundwater	Bacteria	Bacteria	Planctomycetota	Planctomycetia	Pirellulales	PALSA-1355	0.000034969925863757166
SRR10070141	Groundwater	Bacteria	Bacteria	Actinomycetota	Actinomycetes	Actinomycetales	Micrococcaceae	0.000049369307101774825
SRR10070141	Groundwater	Bacteria	Bacteria	Pseudomonadota	Alphaproteobacteria	Rickettsiales	Unclassified	0.00015633613915562027
SRR10070141	Groundwater	Bacteria	Bacteria	Nitrospirota	Thermodesulfovibrionia	UBA6902	Unclassified	0.00004525519817662692
SRR10070141	Groundwater	Bacteria	Bacteria	Patescibacteriota	Minisyncoccia	Minisyncoccales	UBA10102	0.00004731225263920087
SRR10070141	Groundwater	Bacteria	Bacteria	Patescibacteriota	JACPGU01	JACPGU01	JACPGU01	0.00006171163387721853
SRR10070141	Groundwater	Bacteria	Bacteria	Patescibacteriota	Minisyncoccia	UBA6257	GWB1-50-10	0.00009051039635325385
SRR10070141	Groundwater	Bacteria	Bacteria	Patescibacteriota	Gracilibacteria	Peribacterales	Peribacteraceae	0.00007611101511523619
SRR10070141	Groundwater	Bacteria	Bacteria	Patescibacteriota	Minisyncoccia	UBA6257	UBA11618	0.000034969925863757166
SRR10070141	Groundwater	Bacteria	Bacteria	Patescibacteriota	Minisyncoccia	UBA6257	Colwellbacteraceae	0.000034969925863757166
SRR10070141	Groundwater	Bacteria	Bacteria	Pseudomonadota	Gammaproteobacteria	DRLM01	DRLM01	0.00006582574280236642
SRR10070141	Groundwater	Bacteria	Bacteria	Pseudomonadota	Alphaproteobacteria	Rickettsiales	CANDYO01	0.000016456435700591606
SRR10070141	Groundwater	Bacteria	Bacteria	Myxococcota_A	UBA796	UBA796	SXON01	0.00019542017394452534
SRR10070141	Groundwater	Bacteria	Bacteria	Nitrospirota	Nitrospiria	Nitrospirales	NS-4	0.0014317099059514699
SRR10070149	Sediment	Bacteria	Bacteria	Planctomycetota	Planctomycetia	Pirellulales	Pirellulaceae	0.00009349872218413014
SRR10070149	Sediment	Bacteria	Bacteria	Acidobacteriota	Terriglobia	20CM-2-55-15	20CM-2-55-15	0.00017790729082258096
SRR10070149	Sediment	Bacteria	Bacteria	Myxococcota_A	Polyangia	Polyangiales	Polyangiaceae	0.00019998337800494504
SRR10070149	Sediment	Bacteria	Bacteria	Bacteroidota	Bacteroidia	Flavobacteriales	Flavobacteriaceae	0.00007142263500176609
SRR10070149	Sediment	Bacteria	Bacteria	Methylomirabilota	Methylomirabilia	Rokubacteriales	CSP1-6	0.0021037212491429283
SRR10070149	Sediment	Bacteria	Bacteria	Verrucomicrobiota	Verrucomicrobiia	Chthoniobacterales	UBA10450	0.00032724552764445546
SRR10070149	Sediment	Bacteria	Bacteria	Actinomycetota	Thermoleophilia	Gaiellales	Gaiellaceae	0.00035321739491782497
SRR10070149	Sediment	Bacteria	Bacteria	Pseudomonadota	Gammaproteobacteria	Burkholderiales	Burkholderiaceae_C	0.000429834403374265
SRR10070149	Sediment	Unclassified	Unclassified	Unclassified	Unclassified	Unclassified	Unclassified	0.0030984437657129793
SRR10070149	Sediment	Bacteria	Bacteria	Chloroflexota	Anaerolineae	UBA4142	SHND01	0.000028569054000706434
SRR10070149	Sediment	Archaea	Archaea	Halobacteriota	Methanosarcinia	Methanotrichales	Methanotrichaceae	0.00002467327390970101
SRR10070149	Sediment	Bacteria	Bacteria	Bacteroidota	Ignavibacteria	UBA10030	UBA6906	0.0003934737891915477
SRR10070149	Sediment	Bacteria	Bacteria	Verrucomicrobiota	Verrucomicrobiia	Verrucomicrobiales	Verrucomicrobiaceae	2.597186727336948e-6
SRR10070149	Sediment	Bacteria	Bacteria	Pseudomonadota	Alphaproteobacteria	Rhizobiales	Beijerinckiaceae	0.00002207608718236406
SRR10070149	Sediment	Bacteria	Bacteria	Unclassified	Unclassified	Unclassified	Unclassified	0.004785316545118328
SRR10070149	Sediment	Bacteria	Bacteria	Pseudomonadota	Gammaproteobacteria	Xanthomonadales	Xanthomonadaceae	0.00022076087182364062
SRR10070149	Sediment	Bacteria	Bacteria	Actinomycetota	Actinomycetes	Actinomycetales	Microbacteriaceae	0.00003506202081904881
SRR10070149	Sediment	Bacteria	Bacteria	Chloroflexota	Limnocylindria	Limnocylindrales	CSP1-4	0.0009635562758420078
SRR10070149	Sediment	Bacteria	Bacteria	Pseudomonadota	Alphaproteobacteria	Rhizobiales	Xanthobacteraceae	0.0005246317189220636
SRR10070149	Sediment	Bacteria	Bacteria	Verrucomicrobiota	Verrucomicrobiia	Verrucomicrobiales	V1-33	0.000020777493818695585
SRR10070149	Sediment	Bacteria	Bacteria	Desulfobacterota	Binatia	UBA9968	UBA9968	0.0008090236655654595
SRR10070149	Sediment	Bacteria	Bacteria	Planctomycetota	Brocadiia	Brocadiales	Brocadiaceae	0.000051943734546738966
SRR10070149	Sediment	Bacteria	Bacteria	Desulfobacterota	Binatia	Bin18	Bin18	0.00007142263500176609
SRR10070149	Sediment	Bacteria	Bacteria	Pseudomonadota	Gammaproteobacteria	Steroidobacterales	Steroidobacteraceae	0.0014648133142180389
SRR10070149	Sediment	Bacteria	Bacteria	Actinomycetota	UBA4738	UBA4738	HRBIN12	0.000506451411830705
SRR10070149	Sediment	Bacteria	Bacteria	Bacteroidota	Bacteroidia	Bacteroidales	UBA10428	0.0002740031997340481
SRR10070149	Sediment	Archaea	Archaea	Halobacteriota	Methanomicrobia	Methanomicrobiales	Methanospirillaceae	0.00006882544827442914
SRR10070149	Sediment	Bacteria	Bacteria	Acidobacteriota	Thermoanaerobaculia	Thermoanaerobaculales	Thermoanaerobaculaceae	0.00009869309563880404
SRR10070149	Sediment	Bacteria	Bacteria	Pseudomonadota	Alphaproteobacteria	Rhizobiales	Methyloligellaceae	0.0007518855575640466
SRR10070149	Sediment	Bacteria	Bacteria	Pseudomonadota	Gammaproteobacteria	Burkholderiales	Rhodocyclaceae	0.0005570965530137754
SRR10070149	Sediment	Bacteria	Bacteria	Desulfobacterota	Desulfuromonadia	Geobacterales	Pseudopelobacteraceae	0.0001558312036402169
SRR10070149	Sediment	Bacteria	Bacteria	Chloroflexota	Anaerolineae	Anaerolineales	DRKV01	0.00005973529472874982
SRR10070149	Sediment	Bacteria	Bacteria	Actinomycetota	Actinomycetes	Propionibacteriales	Nocardioidaceae	0.00002986764736437491
SRR10070149	Sediment	Bacteria	Bacteria	Acidobacteriota	Vicinamibacteria	Vicinamibacterales	UBA2999	0.001064846558208149
SRR10070149	Sediment	Bacteria	Bacteria	Actinomycetota	Actinomycetes	Actinomycetales	Kineosporiaceae	0.00046749361092065074
SRR10070149	Sediment	Bacteria	Bacteria	Acidobacteriota	Terriglobia	Terriglobales	Acidobacteriaceae	0.000042853581001059646
SRR10070149	Sediment	Bacteria	Bacteria	Myxococcota	Myxococcia	Myxococcales	Myxococcaceae	0.00018959463109559724
SRR10070149	Sediment	Bacteria	Bacteria	Nitrospirota	Leptospirillia	Leptospirillales	Leptospirillaceae	0.000025971867273369483
SRR10070149	Sediment	Bacteria	Bacteria	Pseudomonadota	Gammaproteobacteria	Burkholderiales	SG8-41	0.0013453427247605394
SRR10070149	Sediment	Bacteria	Bacteria	Chloroflexota	Anaerolineae	Anaerolineales	UBA4823	0.0023322736811485795
SRR10070149	Sediment	Bacteria	Bacteria	Acidobacteriota	Vicinamibacteria	Vicinamibacterales	CAVVIG01	0.000279197573188722
SRR10070149	Sediment	Archaea	Archaea	Thermoproteota	Nitrososphaeria	Nitrososphaerales	Nitrososphaeraceae	0.0004713893910116561
SRR10070149	Sediment	Bacteria	Bacteria	Nitrospirota	Thermodesulfovibrionia	Thermodesulfovibrionales	SM23-35	0.0018089405555901845
SRR10070149	Sediment	Bacteria	Bacteria	Acidobacteriota	Blastocatellia	Pyrinomonadales	Pyrinomonadaceae	0.0005207359388310582
SRR10070149	Sediment	Bacteria	Bacteria	Myxococcota_A	UBA9160	UBA9160	Unclassified	0.00008181138191111386
SRR10070149	Sediment	Bacteria	Bacteria	Acidobacteriota	Polarisedimenticolia	Polarisedimenticolales	DASRJG01	0.00007791560182010845
SRR10070149	Sediment	Bacteria	Bacteria	Pseudomonadota	Gammaproteobacteria	Burkholderiales	Unclassified	0.00030516944046209143
SRR10070149	Sediment	Bacteria	Bacteria	Pseudomonadota	Alphaproteobacteria	Sphingomonadales	Sphingomonadaceae	0.00018180307091358638
SRR10070149	Sediment	Bacteria	Bacteria	Bacteroidota	Ignavibacteria	Ignavibacteriales	Ignavibacteriaceae	0.0005661867065594548
SRR10070149	Sediment	Bacteria	Bacteria	Bacillota	Negativicutes	JARBTT01	JARBTT01	0.000010388746909347793
SRR10070149	Sediment	Bacteria	Bacteria	Chloroflexota	Limnocylindria	QHBO01	QHBO01	0.00020777493818695586
SRR10070149	Sediment	Bacteria	Bacteria	Pseudomonadota	Unclassified	Unclassified	Unclassified	0.0001558312036402169
SRR10070149	Sediment	Bacteria	Bacteria	Bacteroidota	Bacteroidia	Cytophagales	Cyclobacteriaceae	0.0001973861912776081
SRR10070149	Sediment	Bacteria	Bacteria	Actinomycetota	Humimicrobiia	Humimicrobiales	Humimicrobiaceae	0.000011687340273016268
SRR10070149	Sediment	Bacteria	Bacteria	Acidobacteriota	Thermoanaerobaculia	UBA5066	Gp7-AA6	0.0004700907976479877
SRR10070149	Sediment	Bacteria	Bacteria	Nitrospirota	Thermodesulfovibrionia	Thermodesulfovibrionales	UBA6898	0.002072555008414885
SRR10070149	Sediment	Bacteria	Bacteria	Bacteroidota	Bacteroidia	Chitinophagales	Chitinophagaceae	0.00016621995054956468
SRR10070149	Sediment	Bacteria	Bacteria	Pseudomonadota	Gammaproteobacteria	Pseudomonadales	Moraxellaceae	7.791560182010845e-6
SRR10070149	Sediment	Bacteria	Bacteria	Chloroflexota	Dehalococcoidia	Dehalococcoidales	UBA3254	0.000051943734546738966
SRR10070149	Sediment	Bacteria	Bacteria	Pseudomonadota	Gammaproteobacteria	Burkholderiales	SG8-39	0.0026932826362484155
SRR10070149	Sediment	Bacteria	Bacteria	Chloroflexota	Anaerolineae	Aggregatilineales	UBA3940	0.00014803964345820608
SRR10070149	Sediment	Bacteria	Bacteria	Myxococcota_A	UBA9160	UBA9160	PR03	0.0000805127885474454
SRR10070149	Sediment	Bacteria	Bacteria	Bacillota	Clostridia	Peptostreptococcales	Peptostreptococcaceae	0.00005843670136508134
SRR10070149	Sediment	Bacteria	Bacteria	Actinomycetota	Acidimicrobiia	Acidimicrobiales	Ilumatobacteraceae	0.00003765920754638575
SRR10070149	Sediment	Bacteria	Bacteria	Zixibacteria	MSB-5A5	JAABVY01	JAHJOQ01	0.000019478900455027113
SRR10070149	Sediment	Bacteria	Bacteria	Acidobacteriota	Vicinamibacteria	Vicinamibacterales	SCN-69-37	0.00042723721664692806
SRR10070149	Sediment	Bacteria	Bacteria	Acidobacteriota	Blastocatellia	UBA7656	UBA7656	0.000506451411830705
SRR10070149	Sediment	Bacteria	Bacteria	Pseudomonadota	Gammaproteobacteria	Burkholderiales	Casimicrobiaceae	0.0010038126701157305
SRR10070149	Sediment	Bacteria	Bacteria	Myxococcota_A	Polyangia	Nannocystales	Nannocystaceae	0.000016881713727690166
SRR10070149	Sediment	Bacteria	Bacteria	Eisenbacteria	RBG-16-71-46	RBG-16-71-46	RBG-16-71-46	0.0006116374742878513
SRR10070149	Sediment	Bacteria	Bacteria	Myxococcota_A	UBA9160	SZUA-336	SZUA-336	0.00022595524527831452
SRR10070149	Sediment	Bacteria	Bacteria	Desulfobacterota	WTBG01	CAIYCZ01	CAIYCZ01	0.00002467327390970101
SRR10070149	Sediment	Bacteria	Bacteria	Acidobacteriota	Terriglobia	Acidiferrales	UBA7541	0.000042853581001059646
SRR10070149	Sediment	Bacteria	Bacteria	Eisenbacteria	RBG-16-71-46	SZUA-252	SZUA-252	0.0002778989798250535
SRR10070149	Sediment	Bacteria	Bacteria	Pseudomonadota	Alphaproteobacteria	Azospirillales	Azospirillaceae	9.09015354567932e-6
SRR10070149	Sediment	Bacteria	Bacteria	Chloroflexota	Dehalococcoidia	DSTF01	JALHUB01	0.00014024808327619523
SRR10070149	Sediment	Bacteria	Bacteria	Actinomycetota	Acidimicrobiia	Acidimicrobiales	DATKAS01	0.000042853581001059646
SRR10070149	Sediment	Bacteria	Bacteria	Gemmatimonadota	Gemmatimonadetes	Gemmatimonadales	Gemmatimonadaceae	0.0002064763448232874
SRR10070149	Sediment	Bacteria	Bacteria	Pseudomonadota	Alphaproteobacteria	Micropepsales	Micropepsaceae	0.000101290282366141
SRR10070149	Sediment	Bacteria	Bacteria	Actinomycetota	Acidimicrobiia	Acidimicrobiales	VFJN01	0.00001818030709135864
SRR10070149	Sediment	Bacteria	Bacteria	Methylomirabilota	Methylomirabilia	Rokubacteriales	DASRDR01	0.0002454341457333416
SRR10070149	Sediment	Bacteria	Bacteria	Pseudomonadota	Gammaproteobacteria	Burkholderiales	Usitatibacteraceae	0.000023374680546032536
SRR10070149	Sediment	Bacteria	Bacteria	Pseudomonadota	Gammaproteobacteria	Burkholderiales	Gallionellaceae	0.0005960543539238296
SRR10070149	Sediment	Bacteria	Bacteria	Eisenbacteria	RBG-16-71-46	JABDJR01	JABDJR01	0.00016362276382222773
SRR10070149	Sediment	Bacteria	Bacteria	Gemmatimonadota	Gemmatimonadetes	Gemmatimonadales	GWC2-71-9	0.0004921668848303517
SRR10070149	Sediment	Bacteria	Bacteria	Krumholzibacteriota	Krumholzibacteriia	LZORAL124-64-63	LZORAL124-64-63	0.00015712979700388538
SRR10070149	Sediment	Bacteria	Bacteria	Campylobacterota	Campylobacteria	Campylobacterales	Sulfurimonadaceae	0.0000506451411830705
SRR10070149	Sediment	Bacteria	Bacteria	Orphanbacterota	Orphanbacteria	Orphanbacterales	Orphanbacteraceae	0.00008700575536578777
SRR10070149	Sediment	Bacteria	Bacteria	Bacteroidota	Bacteroidia	AKYH767-A	2013-40CM-41-45	0.000011687340273016268
SRR10070149	Sediment	Bacteria	Bacteria	Bacillota	Clostridia	Saccharofermentanales	UBA5734	0.000025971867273369483
SRR10070149	Sediment	Bacteria	Bacteria	Bacteroidota	Bacteroidia	Bacteroidales	JAGOPY01	0.00004415217436472812
SRR10070149	Sediment	Bacteria	Bacteria	Verrucomicrobiota	Verrucomicrobiia	Opitutales	Opitutaceae	0.00011557480936649421
SRR10070149	Sediment	Bacteria	Bacteria	Chloroflexota	Dehalococcoidia	Lucifugimonadales	Unclassified	0.000019478900455027113
SRR10070149	Sediment	Bacteria	Bacteria	Omnitrophota	Gorgyraeia	Gygaellales	Profunditerraquicolaceae	0.00009349872218413014
SRR10070149	Sediment	Bacteria	Bacteria	Chloroflexota	Anaerolineae	Anaerolineales	Unclassified	0.00013765089654885828
SRR10070149	Sediment	Bacteria	Bacteria	Pseudomonadota	Alphaproteobacteria	CACIAM-22H2	CACIAM-22H2	0.00007661700845643998
SRR10070149	Sediment	Bacteria	Bacteria	Pseudomonadota	Gammaproteobacteria	Burkholderiales	Nitrosomonadaceae	0.00002207608718236406
SRR10070149	Sediment	Bacteria	Bacteria	Acidobacteriota	Vicinamibacteria	Vicinamibacterales	2-12-FULL-66-21	0.0003389328679174718
SRR10070149	Sediment	Bacteria	Bacteria	Pseudomonadota	Gammaproteobacteria	Burkholderiales	Sulfuricellaceae	0.00005973529472874982
SRR10070149	Sediment	Bacteria	Bacteria	Actinomycetota	Actinomycetes	Propionibacteriales	Propionibacteriaceae	0.00003506202081904881
SRR10070149	Sediment	Bacteria	Bacteria	Pseudomonadota	Gammaproteobacteria	Xanthomonadales	Unclassified	9.09015354567932e-6
SRR10070149	Sediment	Bacteria	Bacteria	Pseudomonadota	Alphaproteobacteria	Rhizobiales	Hyphomicrobiaceae	0.00011947058945749964
SRR10070149	Sediment	Bacteria	Bacteria	Acidobacteriota	Vicinamibacteria	Vicinamibacterales	JAMQPK01	0.00011038043591182031
SRR10070149	Sediment	Bacteria	Bacteria	Acidobacteriota	Terriglobia	Bryobacterales	Bryobacteraceae	0.00013245652309418438
SRR10070149	Sediment	Bacteria	Bacteria	Verrucomicrobiota	Verrucomicrobiia	Limisphaerales	JADLHS01	0.0004389245569199443
SRR10070149	Sediment	Bacteria	Bacteria	Myxococcota_A	Polyangia	Haliangiales	Haliangiaceae	0.00009999168900247252
SRR10070149	Sediment	Bacteria	Bacteria	Pseudomonadota	Gammaproteobacteria	Unclassified	Unclassified	0.00023634399218766232
SRR10070149	Sediment	Bacteria	Bacteria	Chloroflexota	Anaerolineae	CG2-30-64-16	CG2-30-64-16	0.0002467327390970101
SRR10070149	Sediment	Bacteria	Bacteria	Acidobacteriota	Thermoanaerobaculia	Multivoradales	JAGPDF01	0.00015842839036755386
SRR10070149	Sediment	Bacteria	Bacteria	Acidobacteriota	Aminicenantia	Aminicenantales	Unclassified	0.00015323401691287995
SRR10070149	Sediment	Bacteria	Bacteria	Desulfobacterota	DSM-4660	Desulfatiglandales	Desulfatiglandaceae	0.0003726962953728521
SRR10070149	Sediment	Bacteria	Bacteria	Pseudomonadota	Alphaproteobacteria	Rhizobiales	Rhizobiaceae	0.00005973529472874982
SRR10070149	Sediment	Bacteria	Bacteria	Pseudomonadota	Gammaproteobacteria	Steroidobacterales	Rariloculaceae	0.0003934737891915477
SRR10070149	Sediment	Bacteria	Bacteria	Chloroflexota	Dehalococcoidia	Tepidiformales	Tepidiformaceae	0.00005843670136508134
SRR10070149	Sediment	Bacteria	Bacteria	Chloroflexota	Dehalococcoidia	Dehalococcoidales	RBG-16-60-22	0.00013245652309418438
SRR10070149	Sediment	Bacteria	Bacteria	Spirochaetota	Spirochaetia	SZUA-6	DRHE01	0.0003350370878264663
SRR10070149	Sediment	Bacteria	Bacteria	Planctomycetota	Phycisphaerae	Sedimentisphaerales	Anaerobacaceae	0.000503854225103368
SRR10070149	Sediment	Bacteria	Bacteria	Pseudomonadota	Alphaproteobacteria	Rhodobacterales	Rhodobacteraceae	0.00010908184254815183
SRR10070149	Sediment	Bacteria	Bacteria	Acidobacteriota	Thermoanaerobaculia	Gp7-AA8	Gp7-AA8	0.00014803964345820608
SRR10070149	Sediment	Bacteria	Bacteria	Acidobacteriota	Polarisedimenticolia	Polarisedimenticolales	DASUFT01	0.00007661700845643998
SRR10070149	Sediment	Bacteria	Bacteria	Zixibacteria	MSB-5A5	GN15	JAAZOE01	0.00003376342745538033
SRR10070149	Sediment	Bacteria	Bacteria	Desulfobacterota	Syntrophia	Syntrophales	Fen-1087	0.00023634399218766232
SRR10070149	Sediment	Bacteria	Bacteria	Chloroflexota	Dehalococcoidia	SM23-28-2	SM23-28-2	0.00018180307091358638
SRR10070149	Sediment	Bacteria	Bacteria	Planctomycetota	JAJSAM01	JAJSAM01	JAKLKS01	0.000019478900455027113
SRR10070149	Sediment	Bacteria	Bacteria	Verrucomicrobiota	Verrucomicrobiia	Limisphaerales	SIBE01	0.00002727046063703796
SRR10070149	Sediment	Bacteria	Bacteria	Planctomycetota	Phycisphaerae	SM23-33	SM23-33	0.00005583951463774439
SRR10070149	Sediment	Bacteria	Bacteria	Desulfobacterota	Desulfuromonadia	Geobacterales	Geobacteraceae	0.000405161129464564
SRR10070149	Sediment	Bacteria	Bacteria	Methylomirabilota	Methylomirabilia	Methylomirabilales	2-02-FULL-66-22	0.0004934654781940202
SRR10070149	Sediment	Bacteria	Bacteria	Pseudomonadota	Gammaproteobacteria	Pseudomonadales	Pseudomonadaceae	0.00006882544827442914
SRR10070149	Sediment	Bacteria	Bacteria	Desulfobacterota	DSWW01	DSWW01	DSWW01	0.00006363107481975524
SRR10070149	Sediment	Bacteria	Bacteria	Desulfobacterota	Binatia	HRBIN30	CADEER01	0.000042853581001059646
SRR10070149	Sediment	Bacteria	Bacteria	Bacillota	Clostridia	Clostridiales	Clostridiaceae	0.000150636830185543
SRR10070149	Sediment	Bacteria	Bacteria	Acidobacteriota	UBA6911	UBA6911	UBA6911	0.0012323651021213821
SRR10070149	Sediment	Bacteria	Bacteria	Planctomycetota	Phycisphaerae	Tepidisphaerales	Tepidisphaeraceae	0.00003506202081904881
SRR10070149	Sediment	Bacteria	Bacteria	Desulfobacterota	Syntrophorhabdia	Syntrophorhabdales	Syntrophorhabdaceae	0.000025971867273369483
SRR10070149	Sediment	Bacteria	Bacteria	Desulfobacterota	Desulfobulbia	Desulfobulbales	VMSU01	0.0001311579297305159
SRR10070149	Sediment	Bacteria	Bacteria	Chloroflexota	Anaerolineae	UBA4142	UBA4142	0.000025971867273369483
SRR10070149	Sediment	Bacteria	Bacteria	Hydrogenedentota	Hydrogenedentia	Hydrogenedentales	GCA-2746185	0.000016881713727690166
SRR10070149	Sediment	Bacteria	Bacteria	Pseudomonadota	Gammaproteobacteria	Xanthomonadales	Ahniellaceae	0.000014284527000353217
SRR10070149	Sediment	Archaea	Archaea	Thermoproteota	Bathyarchaeia	TCS64	TCS64	0.00009349872218413014
SRR10070149	Sediment	Bacteria	Bacteria	Pseudomonadota	Alphaproteobacteria	Caulobacterales	Aquidulcibacteraceae	0.000011687340273016268
SRR10070149	Sediment	Bacteria	Bacteria	Desulfobacterota	SM23-61	SM23-61	SM23-61	0.0004895696981030148
SRR10070149	Sediment	Bacteria	Bacteria	Verrucomicrobiota	Verrucomicrobiia	Palsa-1439	Palsa-1439	0.00009090153545679319
SRR10070149	Sediment	Bacteria	Bacteria	Chloroflexota	Anaerolineae	Anaerolineales	Villigracilaceae	0.00011687340273016269
SRR10070149	Sediment	Bacteria	Bacteria	Pseudomonadota	Gammaproteobacteria	Steroidobacterales	Unclassified	0.000019478900455027113
SRR10070149	Sediment	Bacteria	Bacteria	Bacteroidota	Bacteroidia	Bacteroidales	VadinHA17	0.001294697583577469
SRR10070149	Sediment	Bacteria	Bacteria	Zixibacteria	MSB-5A5	WJJR01	WJJR01	0.00017141432400423858
SRR10070149	Sediment	Bacteria	Bacteria	Nitrospirota	UBA9217	UBA9217	UBA9217	0.0003895780091005423
SRR10070149	Sediment	Bacteria	Bacteria	Pseudomonadota	Gammaproteobacteria	Pseudomonadales	Azotimanducaceae	0.00014414386336720065
SRR10070149	Sediment	Bacteria	Bacteria	Chloroflexota	Anaerolineae	Aggregatilineales	Aggregatilineaceae	0.00018829603773192876
SRR10070149	Sediment	Bacteria	Bacteria	Verrucomicrobiota	Verrucomicrobiia	Verrucomicrobiales	Akkermansiaceae	0.00018180307091358638
SRR10070149	Sediment	Bacteria	Bacteria	Patescibacteriota	Saccharimonadia	UBA4664	UBA4664	0.000042853581001059646
SRR10070149	Sediment	Bacteria	Bacteria	Planctomycetota	Unclassified	Unclassified	Unclassified	0.00019868478464127656
SRR10070149	Sediment	Bacteria	Bacteria	Planctomycetota	UBA1135	UBA1135	GCA-002686595	0.00010388746909347793
SRR10070149	Sediment	Bacteria	Bacteria	Pseudomonadota	Gammaproteobacteria	Acidiferrobacterales	Unclassified	0.00005843670136508134
SRR10070149	Sediment	Bacteria	Bacteria	Zhuqueibacterota	Zhuqueibacteria	Zhuqueibacterales	Zhuqueibacteraceae	9.09015354567932e-6
SRR10070149	Sediment	Bacteria	Bacteria	Verrucomicrobiota	Verrucomicrobiia	Limisphaerales	Unclassified	0.000125963556275842
SRR10070149	Sediment	Bacteria	Bacteria	Pseudomonadota	Alphaproteobacteria	Rhizobiales	Aestuariivirgaceae	0.00009220012882046167
SRR10070149	Sediment	Bacteria	Bacteria	Acidobacteriota	HRBIN11	JAKEFK01	JAKEFK01	0.00009999168900247252
SRR10070149	Sediment	Bacteria	Bacteria	Pseudomonadota	Gammaproteobacteria	Burkholderiales	Burkholderiaceae_F	0.0009077167612042635
SRR10070149	Sediment	Bacteria	Bacteria	Gemmatimonadota	Gemmatimonadetes	Gemmatimonadales	Unclassified	0.00001558312036402169
SRR10070149	Sediment	Bacteria	Bacteria	Myxococcota_A	UBA9160	UBA9160	SMWR01	0.00033114130773546094
SRR10070149	Sediment	Bacteria	Bacteria	JAJVIF01	JAJVIF01	JAPKYR01	JAPKYR01	0.00003376342745538033
SRR10070149	Sediment	Bacteria	Bacteria	Chloroflexota	Dehalococcoidia	SM23-28-2	RBG-16-64-32	0.00025971867273369485
SRR10070149	Sediment	Bacteria	Bacteria	Pseudomonadota	Gammaproteobacteria	Burkholderiales	JACQAP01	0.0006168318477425252
SRR10070149	Sediment	Bacteria	Bacteria	Desulfobacterota	BSN033	BSN033	UBA1163	0.002114109996052276
SRR10070149	Sediment	Bacteria	Bacteria	Patescibacteriota	Saccharimonadia	Saccharimonadales	Unclassified	0.000042853581001059646
SRR10070149	Sediment	Bacteria	Bacteria	Verrucomicrobiota	Verrucomicrobiia	Limisphaerales	UBA8199	0.00026491304618836875
SRR10070149	Sediment	Bacteria	Bacteria	Pseudomonadota	Gammaproteobacteria	Burkholderiales	Thiobacillaceae	0.0005713810800141287
SRR10070149	Sediment	Bacteria	Bacteria	Acidobacteriota	Vicinamibacteria	Vicinamibacterales	Fen-181	0.00033633568119013484
SRR10070149	Sediment	Bacteria	Bacteria	Acidobacteriota	Thermoanaerobaculia	Thermoanaerobaculales	Sulfomarinibacteraceae	0.0003402314612811402
SRR10070149	Sediment	Bacteria	Bacteria	Chloroflexota	Anaerolineae	Caldilineales	Caldilineaceae	0.00013245652309418438
SRR10070149	Sediment	Bacteria	Bacteria	Bacillota	Bacilli	Paenibacillales	Paenibacillaceae	0.00002727046063703796
SRR10070149	Sediment	Bacteria	Bacteria	Desulfobacterota	Desulfuromonadia	Desulfuromonadales	Unclassified	0.00004415217436472812
SRR10070149	Sediment	Bacteria	Bacteria	Fibrobacterota	Fibrobacteria	UBA11236	UBA11236	0.000012985933636684742
SRR10070149	Sediment	Bacteria	Bacteria	Actinomycetota	Acidimicrobiia	Acidimicrobiales	Unclassified	0.00005973529472874982
SRR10070149	Sediment	Bacteria	Bacteria	Pseudomonadota	Gammaproteobacteria	Burkholderiales	Burkholderiaceae_D	0.00001558312036402169
SRR10070149	Sediment	Bacteria	Bacteria	Actinomycetota	Actinomycetes	Actinomycetales	Dermatophilaceae	0.00002727046063703796
SRR10070149	Sediment	Bacteria	Bacteria	Chloroflexota	Dehalococcoidia	Dehalococcoidales	UBA1222	0.00002467327390970101
SRR10070149	Sediment	Bacteria	Bacteria	Chloroflexota	Anaerolineae	Aggregatilineales	Unclassified	0.00011427621600282573
SRR10070149	Sediment	Bacteria	Bacteria	Pseudomonadota	Alphaproteobacteria	Rhodospirillales	Defluviicoccaceae	0.00003636061418271728
SRR10070149	Sediment	Bacteria	Bacteria	Desulfobacterota	Desulfobulbia	Desulfobulbales	Unclassified	0.000125963556275842
SRR10070149	Sediment	Bacteria	Bacteria	Desulfobacterota	DSM-4660	Desulfatiglandales	HGW-15	0.0005934571671964927
SRR10070149	Sediment	Bacteria	Bacteria	Nitrospirota	Nitrospiria	Nitrospirales	Nitrospiraceae	0.0013089821105778218
SRR10070149	Sediment	Bacteria	Bacteria	Armatimonadota	Zipacnadia	Zipacnadales	VGFC01	0.00003765920754638575
SRR10070149	Sediment	Bacteria	Bacteria	Myxococcota_A	Polyangia	Fen-1088	Fen-1088	0.00014284527000353218
SRR10070149	Sediment	Bacteria	Bacteria	Myxococcota_A	Polyangia	GCA-2747355	GCA-2747355	0.00006752685491076066
SRR10070149	Sediment	Bacteria	Bacteria	Acidobacteriota	Vicinamibacteria	Vicinamibacterales	CAVPJW01	0.00003116624072804338
SRR10070149	Sediment	Bacteria	Bacteria	Pseudomonadota	Gammaproteobacteria	Xanthomonadales	SZUA-36	0.0002571214860063579
SRR10070149	Sediment	Bacteria	Bacteria	Chloroflexota	Dehalococcoidia	DSTF01	WHTK01	0.00008830434872945624
SRR10070149	Sediment	Bacteria	Bacteria	Armatimonadota	UBA5829	UBA5829	UBA5829	0.00012206777618483659
SRR10070149	Sediment	Bacteria	Bacteria	Armatimonadota	UBA5829	DTJY01	DTJY01	0.00002207608718236406
SRR10070149	Sediment	Bacteria	Bacteria	UBA10199	UBA10199	2-02-FULL-44-16	JAAZCA01	0.00006363107481975524
SRR10070149	Sediment	Bacteria	Bacteria	Bacillota	Bacilli	Unclassified	Unclassified	0.00004155498763739117
SRR10070149	Sediment	Bacteria	Bacteria	Desulfobacterota	Binatia	UBA1149	CAYXZP01	0.00006233248145608676
SRR10070149	Sediment	Bacteria	Bacteria	Acidobacteriota	Blastocatellia	UBA7656	JADIYM01	0.00002986764736437491
SRR10070149	Sediment	Bacteria	Bacteria	Acidobacteriota	Terriglobia	Versatilivoradales	Versatilivoraceae	0.00017401151073157553
SRR10070149	Sediment	Bacteria	Bacteria	Zixibacteria	MSB-5A5	Unclassified	Unclassified	0.00004934654781940202
SRR10070149	Sediment	Bacteria	Bacteria	Bacillota	Clostridia	Acetivibrionales	DTU013	0.00010518606245714641
SRR10070149	Sediment	Bacteria	Bacteria	Acidobacteriota	Thermoanaerobaculia	UBA5066	UBA5066	0.00004934654781940202
SRR10070149	Sediment	Bacteria	Bacteria	Hydrogenedentota	Hydrogenedentia	Hydrogenedentales	SLHB01	0.00005454092127407592
SRR10070149	Sediment	Bacteria	Bacteria	Chloroflexota	Anaerolineae	4572-78	J111	0.0002688088262793742
SRR10070149	Sediment	Bacteria	Bacteria	Desulfobacterota	Desulfobaccia	Desulfobaccales	0-14-0-80-60-11	0.0017920588418624947
SRR10070149	Sediment	Bacteria	Bacteria	Verrucomicrobiota	Lentisphaeria	Victivallales	GWF2-50-93	0.000045450767728396596
SRR10070149	Sediment	Bacteria	Bacteria	Acidobacteriota	Vicinamibacteria	Fen-336	Fen-336	0.00078305179829209
SRR10070149	Sediment	Bacteria	Bacteria	Chloroflexota	Anaerolineae	Anaerolineales	Anaerolineaceae	0.0000402563942737227
SRR10070149	Sediment	Bacteria	Bacteria	Pseudomonadota	Alphaproteobacteria	Unclassified	Unclassified	0.00017790729082258096
SRR10070149	Sediment	Bacteria	Bacteria	Actinomycetota	Acidimicrobiia	Spongiisociales	UBA11373	0.000020777493818695585
SRR10070149	Sediment	Bacteria	Bacteria	Bacteroidota	Bacteroidia	Bacteroidales	Prolixibacteraceae	0.00007791560182010845
SRR10070149	Sediment	Bacteria	Bacteria	Planctomycetota	Phycisphaerae	Phycisphaerales	SM1A02	0.000028569054000706434
SRR10070149	Sediment	Bacteria	Bacteria	Eisenbacteria	RBG-16-71-46	RBG-16-71-46	DASYSL01	0.00005843670136508134
SRR10070149	Sediment	Bacteria	Bacteria	Actinomycetota	Actinomycetes	Mycobacteriales	Mycobacteriaceae	0.00003116624072804338
SRR10070149	Sediment	Bacteria	Bacteria	Pseudomonadota	Alphaproteobacteria	Rhizobiales	Kaistiaceae	0.000020777493818695585
SRR10070149	Sediment	Bacteria	Bacteria	JAUVQV01	JAUVQV01	JAUVQV01	DATDCY01	0.0001311579297305159
SRR10070149	Sediment	Bacteria	Bacteria	Planctomycetota	Planctomycetia	Pirellulales	Lacipirellulaceae	0.00015453261027654843
SRR10070149	Sediment	Bacteria	Bacteria	Acidobacteriota	Vicinamibacteria	Vicinamibacterales	Unclassified	0.0002843919466433959
SRR10070149	Sediment	Bacteria	Bacteria	Desulfobacterota	Syntrophia	Syntrophales	Smithellaceae	0.000011687340273016268
SRR10070149	Sediment	Bacteria	Bacteria	Eisenbacteria	RBG-16-71-46	CAIMUX01	VGJL01	0.00011167902927548878
SRR10070149	Sediment	Bacteria	Bacteria	Planctomycetota	UBA1135	UBA1135	UBA2386	0.000038957800910054226
SRR10070149	Sediment	Bacteria	Bacteria	Spirochaetota	Spirochaetia	SZUA-6	Fen-1364	0.0002467327390970101
SRR10070149	Sediment	Bacteria	Bacteria	Armatimonadota	Zipacnadia	Zipacnadales	UBA11051	0.000012985933636684742
SRR10070149	Sediment	Bacteria	Bacteria	Verrucomicrobiota	Verrucomicrobiia	Chthoniobacterales	Terrimicrobiaceae	0.0008713561470215462
SRR10070149	Sediment	Bacteria	Bacteria	Desulfobacterota	JAZDOA01	JAZDOA01	JAZDOA01	0.00001818030709135864
SRR10070149	Sediment	Bacteria	Bacteria	Patescibacteriota	Saccharimonadia	Saccharimonadales	Saccharimonadaceae	0.00012856074300317895
SRR10070149	Sediment	Bacteria	Bacteria	Pseudomonadota	Alphaproteobacteria	Acetobacterales	Acetobacteraceae	0.000012985933636684742
SRR10070149	Sediment	Bacteria	Bacteria	Planctomycetota	Brocadiia	CAIUPP01	CAIUPP01	0.0000805127885474454
SRR10070149	Sediment	Bacteria	Bacteria	Myxococcota_A	UBA9160	UBA9160	UBA6930	0.0005402148392860853
SRR10070149	Sediment	Bacteria	Bacteria	Bipolaricaulota	Bipolaricaulia	UBA7950	UBA9294	0.00002727046063703796
SRR10070149	Sediment	Bacteria	Bacteria	Acidobacteriota	Vicinamibacteria	Marinacidobacterales	DATDRI01	0.000012985933636684742
SRR10070149	Sediment	Bacteria	Bacteria	Krumholzibacteriota	Krumholzibacteriia	G020349025	G020349025	0.00013505370982152133
SRR10070149	Sediment	Bacteria	Bacteria	Chloroflexota	Anaerolineae	JAAYEA01	JAAYEA01	0.000025971867273369483
SRR10070149	Sediment	Bacteria	Bacteria	Desulfobacterota	Binatia	UTPRO1	UTPRO1	0.00007791560182010845
SRR10070149	Sediment	Bacteria	Bacteria	Bacillota	Clostridia	Peptostreptococcales	Acidaminobacteraceae	5.194373454673896e-6
SRR10070149	Sediment	Bacteria	Bacteria	Chloroflexota	Anaerolineae	Aggregatilineales	Phototrophicaceae	0.00005324232791040744
SRR10070149	Sediment	Bacteria	Bacteria	Myxococcota_A	Polyangia	Polyangiales	DASUME01	0.000019478900455027113
SRR10070149	Sediment	Bacteria	Bacteria	Desulfobacterota	Syntrophobacteria	Syntrophobacterales	Syntrophobacteraceae	0.00040256394273722703
SRR10070149	Sediment	Bacteria	Bacteria	Desulfobacterota	Binatia	DP-6	DP-6	0.00021426790500529824
SRR10070149	Sediment	Bacteria	Bacteria	Chloroflexota	Dehalococcoidia	Dehalococcoidales	Unclassified	0.00014414386336720065
SRR10070149	Sediment	Bacteria	Bacteria	Pseudomonadota	Gammaproteobacteria	Burkholderiales	Methylophilaceae	0.00003376342745538033
SRR10070149	Sediment	Bacteria	Bacteria	Acidobacteriota	Aminicenantia	Aminicenantales	UBA8522	0.00003506202081904881
SRR10070149	Sediment	Bacteria	Bacteria	Acidobacteriota	Holophagae	Holophagales	Holophagaceae	0.00001558312036402169
SRR10070149	Sediment	Bacteria	Bacteria	Desulfobacterota	Zymogenia	Zymogenales	Zymogenaceae	0.00005454092127407592
SRR10070149	Sediment	Bacteria	Bacteria	Hydrogenedentota	Hydrogenedentia	Hydrogenedentales	Unclassified	7.791560182010845e-6
SRR10070149	Sediment	Bacteria	Bacteria	Krumholzibacteriota	Krumholzibacteriia	WVZY01	JAKEHA01	0.00020128197136861351
SRR10070149	Sediment	Bacteria	Bacteria	Desulfobacterota	Desulfobacteria	Desulfobacterales	Desulfatirhabdiaceae	0.000023374680546032536
SRR10070149	Sediment	Bacteria	Bacteria	Pseudomonadota	Alphaproteobacteria	Dongiales	Dongiaceae	0.00040645972282823246
SRR10070149	Sediment	Bacteria	Bacteria	Bacteroidota	Ignavibacteria	Tepidaquicellales	OLB5	0.0001805044775499179
SRR10070149	Sediment	Bacteria	Bacteria	Spirochaetota	Leptospiria	Leptospirales	Leptonemataceae	0.00003376342745538033
SRR10070149	Sediment	Bacteria	Bacteria	Acidobacteriota	Blastocatellia	RBC074	RBC074	0.00004804795445573355
SRR10070149	Sediment	Bacteria	Bacteria	Desulfobacterota	Desulfobaccia	Desulfobaccales	Desulfobaccaceae	0.00004415217436472812
SRR10070149	Sediment	Bacteria	Bacteria	Pseudomonadota	Gammaproteobacteria	Methylococcales	Methylomonadaceae	0.000032464834091711856
SRR10070149	Sediment	Bacteria	Bacteria	4484-113	4484-113	4484-113	JAFGCY01	0.0000753184150927715
SRR10070149	Sediment	Bacteria	Bacteria	Planctomycetota	Planctomycetia	Gemmatales	HRBIN36	0.00001818030709135864
SRR10070149	Sediment	Bacteria	Bacteria	Chloroflexota	Chloroflexia	QHBQ01	JADMIH01	7.791560182010845e-6
SRR10070149	Sediment	Bacteria	Bacteria	Desulfobacterota	Desulfobacteria	Desulfobacterales	SpSt-501	0.00040645972282823246
SRR10070149	Sediment	Bacteria	Bacteria	Pseudomonadota	Gammaproteobacteria	Steroidobacterales	GCA-2729495	0.00010388746909347793
SRR10070149	Sediment	Bacteria	Bacteria	Desulfobacterota	Desulfobulbia	Desulfobulbales	Desulfocapsaceae	0.00018699744436826029
SRR10070149	Sediment	Bacteria	Bacteria	Desulfobacterota	WTBG01	JAGOGO01	JAGOGO01	0.0000805127885474454
SRR10070149	Sediment	Bacteria	Bacteria	Planctomycetota	Planctomycetia	Pirellulales	JADZDJ01	0.000025971867273369483
SRR10070149	Sediment	Bacteria	Bacteria	Pseudomonadota	Alphaproteobacteria	Geminicoccales	Geminicoccaceae	0.000012985933636684742
SRR10070149	Sediment	Bacteria	Bacteria	Chloroflexota	Anaerolineae	UBA1429	UBA1429	0.00010648465582081488
SRR10070149	Sediment	Bacteria	Bacteria	Verrucomicrobiota	Verrucomicrobiia	Limisphaerales	DASXHY01	9.09015354567932e-6
SRR10070149	Sediment	Bacteria	Bacteria	Desulfobacterota	RBG-13-43-22	RBG-13-43-22	RBG-13-43-22	0.00009220012882046167
SRR10070149	Sediment	Bacteria	Bacteria	Acidobacteriota	Terriglobia	UBA7540	UBA7540	0.00005454092127407592
SRR10070149	Sediment	Bacteria	Bacteria	Desulfobacterota_D	UBA1144	Nemesobacterales	UBA2774	0.00021556649836896672
SRR10070149	Sediment	Bacteria	Bacteria	Pseudomonadota	Gammaproteobacteria	Pseudomonadales	Halieaceae	0.0000753184150927715
SRR10070149	Sediment	Archaea	Archaea	Nanobdellota	Nanobdellia	Pacearchaeales	GW2011-AR1	0.000014284527000353217
SRR10070149	Sediment	Archaea	Archaea	Thermoproteota	Nitrososphaeria	Nitrososphaerales	Nitrosopumilaceae	0.00013894948991252675
SRR10070149	Sediment	Bacteria	Bacteria	Desulfobacterota	Desulfuromonadia	Geobacterales	DSM-12255	0.000051943734546738966
SRR10070149	Sediment	Bacteria	Bacteria	Bacillota	Bacilli	Bacillales	Cytobacillaceae	0.00024023977227866775
SRR10070149	Sediment	Bacteria	Bacteria	Acidobacteriota	Unclassified	Unclassified	Unclassified	0.000012985933636684742
SRR10070149	Sediment	Bacteria	Bacteria	Moduliflexota	Moduliflexia	Moduliflexales	Moduliflexaceae	0.000020777493818695585
SRR10070149	Sediment	Bacteria	Bacteria	Pseudomonadota	Gammaproteobacteria	Burkholderiales	SHXO01	0.0003545159882814935
SRR10070149	Sediment	Bacteria	Bacteria	Desulfobacterota	Binatia	UBA1149	CAITLU01	0.000025971867273369483
SRR10070149	Sediment	Bacteria	Bacteria	Desulfobacterota	Desulfobacteria	Desulfobacterales	SURF-7	0.00011817199609383116
SRR10070149	Sediment	Bacteria	Bacteria	Methylomirabilota	Methylomirabilia	Methylomirabilales	Methylomirabilaceae	0.000051943734546738966
SRR10070149	Sediment	Bacteria	Bacteria	UBA10199	UBA10199	DSSB01	DSSB01	0.00001558312036402169
SRR10070149	Sediment	Bacteria	Bacteria	Pseudomonadota	Alphaproteobacteria	Rhizobiales	Afifellaceae	0.0000402563942737227
SRR10070149	Sediment	Bacteria	Bacteria	Nitrospirota	Thermodesulfovibrionia	UBA6902	UBA6902	0.00001818030709135864
SRR10070149	Sediment	Bacteria	Bacteria	Bacteroidota	Ignavibacteria	UBA10030	UBA10030	0.00004934654781940202
SRR10070149	Sediment	Bacteria	Bacteria	Verrucomicrobiota	Verrucomicrobiia	Limisphaerales	UBA11358	0.00006752685491076066
SRR10070149	Sediment	Bacteria	Bacteria	Krumholzibacteriota	Krumholzibacteriia	JAJRXK01	JAJRXK01	0.00001818030709135864
SRR10070149	Sediment	Bacteria	Bacteria	Pseudomonadota	Alphaproteobacteria	UBA828	UBA828	0.00002986764736437491
SRR10070149	Sediment	Bacteria	Bacteria	Electryoneota	RPQS01	RPQS01	RPQS01	0.000028569054000706434
SRR10070149	Sediment	Bacteria	Bacteria	Bacteroidota	Bacteroidia	Bacteroidales	FEN-979	6.492966818342371e-6
SRR10070149	Sediment	Bacteria	Bacteria	Acidobacteriota	Vicinamibacteria	Vicinamibacterales	Vicinamibacteraceae	0.00002207608718236406
SRR10070149	Sediment	Bacteria	Bacteria	Bacillota	Bacilli	Bacillales	Bacillaceae_G	0.00002467327390970101
SRR10070149	Sediment	Bacteria	Bacteria	Desulfobacterota	Desulfobacteria	Desulfobacterales	RPRI01	0.000061033888092418293
SRR10070149	Sediment	Bacteria	Bacteria	Acidobacteriota	Polarisedimenticolia	Gp22-AA2	Gp22-AA2	0.000032464834091711856
SRR10070149	Sediment	Bacteria	Bacteria	Chloroflexota	Ktedonobacteria	Ktedonobacterales	Ktedonobacteraceae	0.00004415217436472812
SRR10070149	Sediment	Bacteria	Bacteria	Acidobacteriota	Terriglobia	Acidiferrales	2-02-FULL-67-57	0.00007791560182010845
SRR10070149	Sediment	Bacteria	Bacteria	Pseudomonadota	Gammaproteobacteria	Legionellales	Legionellaceae	0.00005713810800141287
SRR10070149	Sediment	Bacteria	Bacteria	Chloroflexota	Anaerolineae	Anaerolineales	UBA11579	0.00002467327390970101
SRR10070149	Sediment	Bacteria	Bacteria	Acidobacteriota	Terriglobia	2-12-FULL-54-10	2-12-FULL-54-10	0.00005973529472874982
SRR10070149	Sediment	Bacteria	Bacteria	Desulfobacterota	Desulfobacteria	Desulfobacterales	Desulfosalsimonadaceae	0.00011038043591182031
SRR10070149	Sediment	Bacteria	Bacteria	Actinomycetota	Actinomycetes	Mycobacteriales	Micromonosporaceae	0.00005454092127407592
SRR10070149	Sediment	Bacteria	Bacteria	Acidobacteriota	Thermoanaerobaculia	Multivoradales	Unclassified	0.000023374680546032536
SRR10070149	Sediment	Bacteria	Bacteria	Desulfobacterota	Desulfobulbia	Desulfobulbales	Desulfurivibrionaceae	0.00009090153545679319
SRR10070149	Sediment	Bacteria	Bacteria	Zixibacteria	MSB-5A5	CAIYYT01	CAIYYT01	0.00016362276382222773
SRR10070149	Sediment	Bacteria	Bacteria	Bacteroidota	Bacteroidia	Bacteroidales	Unclassified	0.00003765920754638575
SRR10070149	Sediment	Bacteria	Bacteria	Desulfobacterota	Desulfobulbia	Desulfobulbales	Desulfobulbaceae	0.00024803133246067857
SRR10070149	Sediment	Bacteria	Bacteria	Zixibacteria	MSB-5A5	UBA10806	UBA10806	0.000025971867273369483
SRR10070149	Sediment	Bacteria	Bacteria	Actinomycetota	Coriobacteriia	Anaerosomatales	PHET01	0.00002467327390970101
SRR10070149	Sediment	Bacteria	Bacteria	Pseudomonadota	Gammaproteobacteria	Burkholderiales	JAEUMW01	0.00007272122836543456
SRR10070149	Sediment	Bacteria	Bacteria	Verrucomicrobiota	Verrucomicrobiia	Limisphaerales	SIBH01	0.000014284527000353217
SRR10070149	Sediment	Bacteria	Bacteria	Desulfobacterota	Unclassified	Unclassified	Unclassified	0.000032464834091711856
SRR10070149	Sediment	Bacteria	Bacteria	Desulfobacterota	Desulfuromonadia	Desulfuromonadales	Syntrophotaleaceae	0.000101290282366141
SRR10070149	Sediment	Bacteria	Bacteria	Krumholzibacteriota	Krumholzibacteriia	Unclassified	Unclassified	0.00005713810800141287
SRR10070149	Sediment	Bacteria	Bacteria	Bacillota	Clostridia	Acetivibrionales	Unclassified	0.00001558312036402169
SRR10070149	Sediment	Bacteria	Bacteria	Chloroflexota	Anaerolineae	Anaerolineales	E44-bin32	0.000405161129464564
SRR10070149	Sediment	Bacteria	Bacteria	Spirochaetota	Spirochaetia	Treponematales	Breznakiellaceae	9.09015354567932e-6
SRR10070149	Sediment	Bacteria	Bacteria	Acidobacteriota	UBA4820	UBA4820	DSQY01	0.000032464834091711856
SRR10070149	Sediment	Bacteria	Bacteria	Acidobacteriota	Aminicenantia	Aminicenantales	Saccharicenantaceae	0.0010609507781171434
SRR10070149	Sediment	Bacteria	Bacteria	Chloroflexota	Dehalococcoidia	Unclassified	Unclassified	0.000032464834091711856
SRR10070149	Sediment	Bacteria	Bacteria	Nitrospirota	Thermodesulfovibrionia	Thermodesulfovibrionales	Unclassified	0.00004155498763739117
SRR10070149	Sediment	Bacteria	Bacteria	Pseudomonadota	Gammaproteobacteria	Acidiferrobacterales	Sulfurifustaceae	0.00007272122836543456
SRR10070149	Sediment	Bacteria	Bacteria	Desulfobacterota	Syntrophorhabdia	Syntrophorhabdales	WCHB1-27	0.00004155498763739117
SRR10070149	Sediment	Bacteria	Bacteria	Oederibacteriota	JAAXVQ01	JAAXVQ01	JAAXVQ01	0.00004155498763739117
SRR10070149	Sediment	Bacteria	Bacteria	Chloroflexota	Dehalococcoidia	UBA2979	UBA2979	0.000020777493818695585
SRR10070149	Sediment	Bacteria	Bacteria	Chloroflexota	Anaerolineae	JAAYZQ01	JAAYZQ01	0.0002558228926426894
SRR10070149	Sediment	Bacteria	Bacteria	Desulfobacterota	Deferrimicrobia	Deferrimicrobiales	Deferrimicrobiaceae	0.002667310768975046
SRR10070149	Sediment	Bacteria	Bacteria	Desulfobacterota	Desulfobulbia	Desulfobulbales	SURF-16	0.000019478900455027113
SRR10070149	Sediment	Bacteria	Bacteria	Calditrichota	Calditrichia	JAJRVZ01	JAJRVZ01	0.00008830434872945624
SRR10070149	Sediment	Bacteria	Bacteria	Krumholzibacteriota	Krumholzibacteriia	JACNKJ01	JACNKJ01	0.00004674936109206507
SRR10070149	Sediment	Bacteria	Bacteria	Planctomycetota	PLA2	PLA2	PLA2	0.000051943734546738966
SRR10070149	Sediment	Bacteria	Bacteria	Pseudomonadota	Alphaproteobacteria	Reyranellales	Reyranellaceae	0.00002467327390970101
SRR10070149	Sediment	Bacteria	Bacteria	Synergistota	Synergistia	Synergistales	Synergistaceae	0.000011687340273016268
SRR10070149	Sediment	Bacteria	Bacteria	Desulfobacterota	Desulfomonilia	Desulfomonilales	Desulfomonilaceae	0.00012856074300317895
SRR10070149	Sediment	Bacteria	Bacteria	Bacteroidota	Bacteroidia	2-12-FULL-35-15	2-12-FULL-35-15	0.00001558312036402169
SRR10070149	Sediment	Bacteria	Bacteria	Planctomycetota	Planctomycetia	Pirellulales	Thermoguttaceae	0.000051943734546738966
SRR10070149	Sediment	Bacteria	Bacteria	Gemmatimonadota	Gemmatimonadetes	JACCXV01	JAHWKZ01	0.00007791560182010845
SRR10070149	Sediment	Bacteria	Bacteria	Chloroflexota	Anaerolineae	Unclassified	Unclassified	0.00005454092127407592
SRR10070149	Sediment	Bacteria	Bacteria	Eisenbacteria	RBG-16-71-46	CAIMUX01	WJJG01	0.00001558312036402169
SRR10070149	Sediment	Bacteria	Bacteria	Eisenbacteria	RBG-16-71-46	Unclassified	Unclassified	0.00001558312036402169
SRR10070149	Sediment	Bacteria	Bacteria	Desulfobacterota	Syntrophia	Syntrophales	UBA2192	0.000125963556275842
SRR10070149	Sediment	Bacteria	Bacteria	Actinomycetota	Acidimicrobiia	Spongiisociales	ZC4RG35	0.00019868478464127656
SRR10070149	Sediment	Bacteria	Bacteria	Desulfobacterota	Desulfobacteria	Desulfobacterales	Unclassified	0.000025971867273369483
SRR10070149	Sediment	Bacteria	Bacteria	Planctomycetota	UBA8108	Unclassified	Unclassified	0.00007272122836543456
SRR10070149	Sediment	Bacteria	Bacteria	Myxococcota	Myxococcia	Myxococcales	Anaeromyxobacteraceae	7.791560182010845e-6
SRR10070149	Sediment	Bacteria	Bacteria	Myxococcota_A	UBA9160	UBA9160	UBA9160	0.000020777493818695585
SRR10070149	Sediment	Bacteria	Bacteria	Desulfobacterota	Binatia	UBA1149	Unclassified	0.00002467327390970101
SRR10070149	Sediment	Bacteria	Bacteria	Planctomycetota	Phycisphaerae	UBA1845	UTPLA1	0.00001818030709135864
SRR10070149	Sediment	Bacteria	Bacteria	Myxococcota_A	UBA9160	UBA9160	UBA4427	0.00005583951463774439
SRR10070149	Sediment	Bacteria	Bacteria	Planctomycetota	B15-G4	B15-G4	B15-G4	0.000014284527000353217
SRR10070149	Sediment	Bacteria	Bacteria	Chloroflexota	Dehalococcoidia	GIF9	UBA5629	0.00003116624072804338
SRR10070149	Sediment	Bacteria	Bacteria	Desulfobacterota_D	UBA1144	Nemesobacterales	CSP1-2	0.0000506451411830705
SRR10070149	Sediment	Bacteria	Bacteria	Acidobacteriota	UBA6911	RPQK01	Unclassified	0.0004856739180120094
SRR10070149	Sediment	Bacteria	Bacteria	Pseudomonadota	Alphaproteobacteria	MPNO01	DASWLB01	0.00002727046063703796
SRR10070149	Sediment	Bacteria	Bacteria	Krumholzibacteriota	Krumholzibacteriia	WVZY01	WVZY01	0.000175310104095244
SRR10070149	Sediment	Bacteria	Bacteria	Armatimonadota	Hebobacteria	Hebobacterales	Hebobacteraceae	0.000028569054000706434
SRR10070149	Sediment	Bacteria	Bacteria	Acidobacteriota	JAAYUB01	JAAYUB01	JAAYUB01	0.00003376342745538033
SRR10070149	Sediment	Bacteria	Bacteria	Eisenbacteria	RBG-16-71-46	CAIMUX01	CAIMUX01	0.00006752685491076066
SRR10070149	Sediment	Bacteria	Bacteria	Pseudomonadota	Gammaproteobacteria	Steroidobacterales	Woeseiaceae	0.0002778989798250535
SRR10070149	Sediment	Bacteria	Bacteria	Bacteroidota	Ignavibacteria	UBA10030	SZUA-254	0.000014284527000353217
SRR10070149	Sediment	Bacteria	Bacteria	Planctomycetota	Phycisphaerae	Sedimentisphaerales	Anaerohalosphaeraceae	0.00002207608718236406
SRR10070149	Sediment	Bacteria	Bacteria	Acidobacteriota	Polarisedimenticolia	QHYA01	CAVVHA01	0.000019478900455027113
SRR10070149	Sediment	Bacteria	Bacteria	Planctomycetota	UBA1135	UBA1135	JAKEFM01	0.000028569054000706434
SRR10070149	Sediment	Bacteria	Bacteria	Acidobacteriota	Vicinamibacteria	Vicinamibacterales	JAKQTR01	0.00022595524527831452
SRR10070149	Sediment	Bacteria	Bacteria	Acidobacteriota	Polarisedimenticolia	JACPZX01	DASXTC01	0.000014284527000353217
SRR10070149	Sediment	Bacteria	Bacteria	Vulcanimicrobiota	JAMCWD01	JAMCWD01	JAMCWD01	6.492966818342371e-6
SRR10070149	Sediment	Bacteria	Bacteria	Actinomycetota	Actinomycetes	Actinomycetales	Micrococcaceae	0.0000805127885474454
SRR10070149	Sediment	Bacteria	Bacteria	Pseudomonadota	Alphaproteobacteria	Rhizobiales	Rhodomicrobiaceae	0.00009220012882046167
SRR10070149	Sediment	Bacteria	Bacteria	Desulfobacterota	Desulfarculia	JACQYL01	Unclassified	0.00001558312036402169
SRR10070149	Sediment	Bacteria	Bacteria	Spirochaetota	Spirochaetia	SZUA-6	CAVTHK01	0.00003116624072804338
SRR10070149	Sediment	Bacteria	Bacteria	Actinomycetota	Acidimicrobiia	IMCC26256	DASPTH01	0.00002207608718236406
SRR10070149	Sediment	Bacteria	Bacteria	Myxococcota_A	Unclassified	Unclassified	Unclassified	0.000011687340273016268
SRR10070149	Sediment	Bacteria	Bacteria	ARS69	ARS69	ARS69	ARS69	0.000038957800910054226
SRR10070149	Sediment	Bacteria	Bacteria	Chloroflexota	Anaerolineae	Anaerolineales	RBG-16-64-43	0.00011947058945749964
SRR10070149	Sediment	Bacteria	Bacteria	Methylomirabilota	Methylomirabilia	CAVQYV01	CAVQYV01	0.0000402563942737227
SRR10070149	Sediment	Bacteria	Bacteria	Actinomycetota	Rubrobacteria	Rubrobacterales	Rubrobacteraceae	7.791560182010845e-6
SRR10070149	Sediment	Bacteria	Bacteria	Zixibacteria	MSB-5A5	GN15	FEB-12	0.00011297762263915726
SRR10070149	Sediment	Bacteria	Bacteria	Acidobacteriota	Aminicenantia	Aminicenantales	UBA4085	0.00002986764736437491
SRR10070149	Sediment	Bacteria	Bacteria	Zhuqueibacterota	QNDG01	QNDG01	DTFT01	0.000038957800910054226
SRR10070149	Sediment	Bacteria	Bacteria	Bacteroidota	Bacteroidia	Chitinophagales	CAIOSU01	0.00001558312036402169
SRR10070149	Sediment	Bacteria	Bacteria	Desulfobacterota	Binatia	HRBIN30	Unclassified	0.00003636061418271728
SRR10070149	Sediment	Bacteria	Bacteria	Acidobacteriota	Terriglobia	Unclassified	Unclassified	9.09015354567932e-6
SRR10070149	Sediment	Bacteria	Bacteria	Krumholzibacteriota	Krumholzibacteriia	Krumholzibacteriales	Krumholzibacteriaceae	7.791560182010845e-6
SRR10070149	Sediment	Bacteria	Bacteria	Actinomycetota	Acidimicrobiia	IMCC26256	PALSA-555	0.000025971867273369483
SRR10070149	Sediment	Bacteria	Bacteria	Acidobacteriota	Aminicenantia	UBA2199	UBA2199	0.00001818030709135864
SRR10070149	Sediment	Bacteria	Bacteria	Chloroflexota	Anaerolineae	Fen-1058	Fen-1058	0.000014284527000353217
SRR10070149	Sediment	Bacteria	Bacteria	Desulfobacterota	GWC2-55-46	GWC2-55-46	GWC2-55-46	0.00003765920754638575
SRR10070149	Sediment	Archaea	Archaea	Asgardarchaeota	Lokiarchaeia	Sigyniarchaeales	Unclassified	0.00003116624072804338
SRR10070149	Sediment	Bacteria	Bacteria	Acidobacteriota	Polarisedimenticolia	Polarisedimenticolales	Unclassified	0.00004155498763739117
SRR10070149	Sediment	Bacteria	Bacteria	Myxococcota_A	Polyangia	Unclassified	Unclassified	0.000012985933636684742
SRR10070149	Sediment	Bacteria	Bacteria	Zixibacteria	MSB-5A5	GN15	PGXB01	0.000042853581001059646
SRR10070149	Sediment	Bacteria	Bacteria	Desulfobacterota	Desulfuromonadia	Desulfuromonadales	UBA2197	0.000042853581001059646
SRR10070149	Sediment	Bacteria	Bacteria	Pseudomonadota	Gammaproteobacteria	Pseudomonadales	UBA5518	0.000042853581001059646
SRR10070149	Sediment	Bacteria	Bacteria	Planctomycetota	GCA-002687715	GCA-002687715	CAIWVZ01	0.000025971867273369483
SRR10070149	Sediment	Bacteria	Bacteria	Spirochaetota	Spirochaetia	Treponematales	Rectinemataceae	0.0000506451411830705
SRR10070149	Sediment	Bacteria	Bacteria	Acidobacteriota	UBA6911	RPQK01	JADFOI01	0.00003765920754638575
SRR10070149	Sediment	Bacteria	Bacteria	Nitrospirota	JACRHJ01	JACRHJ01	JACRHJ01	0.00011038043591182031
SRR10070149	Sediment	Archaea	Archaea	Thermoproteota	Bathyarchaeia	Bathyarchaeales	Bathycorpusculaceae	0.00003116624072804338
SRR10070149	Sediment	Bacteria	Bacteria	Planctomycetota	Phycisphaerae	Sedimentisphaerales	Unclassified	0.000010388746909347793
SRR10070150	Sediment	Bacteria	Bacteria	Planctomycetota	Planctomycetia	Pirellulales	Pirellulaceae	0.00009060334580035371
SRR10070150	Sediment	Bacteria	Bacteria	Acidobacteriota	Terriglobia	20CM-2-55-15	20CM-2-55-15	0.00011114010418176721
SRR10070150	Sediment	Bacteria	Bacteria	Myxococcota_A	Polyangia	Polyangiales	Polyangiaceae	0.0001618779778299653
SRR10070150	Sediment	Bacteria	Bacteria	Bacteroidota	Bacteroidia	Flavobacteriales	Flavobacteriaceae	0.00005194591825886946
SRR10070150	Sediment	Bacteria	Bacteria	Methylomirabilota	Methylomirabilia	Rokubacteriales	CSP1-6	0.0015499212354913843
SRR10070150	Sediment	Bacteria	Bacteria	Verrucomicrobiota	Verrucomicrobiia	Chthoniobacterales	UBA10450	0.00021744802992084892
SRR10070150	Sediment	Bacteria	Bacteria	Actinomycetota	Thermoleophilia	Gaiellales	Gaiellaceae	0.0001824147362113788
SRR10070150	Sediment	Bacteria	Bacteria	Pseudomonadota	Gammaproteobacteria	Burkholderiales	Burkholderiaceae_C	0.0005979820822823345
SRR10070150	Sediment	Unclassified	Unclassified	Unclassified	Unclassified	Unclassified	Unclassified	0.0032496400027060197
SRR10070150	Sediment	Bacteria	Bacteria	Chloroflexota	Anaerolineae	UBA4142	SHND01	0.000021744802992084888
SRR10070150	Sediment	Bacteria	Bacteria	Bacillota	Bacilli	Paenibacillales	NBRC-103111	0.000013288490717385211
SRR10070150	Sediment	Archaea	Archaea	Halobacteriota	Methanosarcinia	Methanotrichales	Methanotrichaceae	0.00003382524909879872
SRR10070150	Sediment	Bacteria	Bacteria	Bacteroidota	Ignavibacteria	UBA10030	UBA6906	0.0003455007586520155
SRR10070150	Sediment	Bacteria	Bacteria	Pseudomonadota	Alphaproteobacteria	Rhizobiales	Beijerinckiaceae	0.000032617204488127335
SRR10070150	Sediment	Bacteria	Bacteria	Unclassified	Unclassified	Unclassified	Unclassified	0.004585737342108569
SRR10070150	Sediment	Bacteria	Bacteria	Pseudomonadota	Gammaproteobacteria	Xanthomonadales	Xanthomonadaceae	0.00021019976225682062
SRR10070150	Sediment	Bacteria	Bacteria	Chloroflexota	Limnocylindria	Limnocylindrales	CSP1-4	0.0007175784987388013
SRR10070150	Sediment	Bacteria	Bacteria	Pseudomonadota	Alphaproteobacteria	Rhizobiales	Xanthobacteraceae	0.00037690991852947143
SRR10070150	Sediment	Bacteria	Bacteria	Verrucomicrobiota	Verrucomicrobiia	Verrucomicrobiales	V1-33	0.00006040223053356914
SRR10070150	Sediment	Bacteria	Bacteria	Bacteroidota	Bacteroidia	Chitinophagales	Saprospiraceae	0.000026576981434770422
SRR10070150	Sediment	Bacteria	Bacteria	Desulfobacterota	Binatia	UBA9968	UBA9968	0.0006873773834720168
SRR10070150	Sediment	Bacteria	Bacteria	Planctomycetota	Brocadiia	Brocadiales	Brocadiaceae	0.00006644245358692605
SRR10070150	Sediment	Bacteria	Bacteria	Desulfobacterota	Binatia	Bin18	Bin18	0.000057986141312226376
SRR10070150	Sediment	Bacteria	Bacteria	Pseudomonadota	Gammaproteobacteria	Steroidobacterales	Steroidobacteraceae	0.001634484358238381
SRR10070150	Sediment	Bacteria	Bacteria	Actinomycetota	UBA4738	UBA4738	HRBIN12	0.00034429271404134407
SRR10070150	Sediment	Bacteria	Bacteria	Bacteroidota	Bacteroidia	Bacteroidales	UBA10428	0.00032013182182791646
SRR10070150	Sediment	Archaea	Archaea	Halobacteriota	Methanomicrobia	Methanomicrobiales	Methanospirillaceae	0.00011355619340311
SRR10070150	Sediment	Bacteria	Bacteria	Acidobacteriota	Thermoanaerobaculia	Thermoanaerobaculales	Thermoanaerobaculaceae	0.00016066993321929392
SRR10070150	Sediment	Bacteria	Bacteria	Pseudomonadota	Alphaproteobacteria	Rhizobiales	Methyloligellaceae	0.0007852289969363988
SRR10070150	Sediment	Bacteria	Bacteria	Pseudomonadota	Alphaproteobacteria	UBA9655	UBA9655	0.000014496535328056594
SRR10070150	Sediment	Bacteria	Bacteria	Pseudomonadota	Gammaproteobacteria	Burkholderiales	Rhodocyclaceae	0.0003551651155373865
SRR10070150	Sediment	Bacteria	Bacteria	Desulfobacterota	Desulfuromonadia	Geobacterales	Pseudopelobacteraceae	0.00018966300387540712
SRR10070150	Sediment	Bacteria	Bacteria	Chloroflexota	Anaerolineae	Anaerolineales	DRKV01	0.000032617204488127335
SRR10070150	Sediment	Bacteria	Bacteria	Actinomycetota	Actinomycetes	Propionibacteriales	Nocardioidaceae	0.000027785026045441803
SRR10070150	Sediment	Bacteria	Bacteria	Acidobacteriota	Vicinamibacteria	Vicinamibacterales	UBA2999	0.0009579793762624066
SRR10070150	Sediment	Bacteria	Bacteria	Actinomycetota	Actinomycetes	Actinomycetales	Kineosporiaceae	0.0004916741565432529
SRR10070150	Sediment	Bacteria	Bacteria	Acidobacteriota	Terriglobia	Terriglobales	Acidobacteriaceae	0.00004590569520551255
SRR10070150	Sediment	Bacteria	Bacteria	Myxococcota	Myxococcia	Myxococcales	Myxococcaceae	0.00018966300387540712
SRR10070150	Sediment	Bacteria	Bacteria	Nitrospirota	Leptospirillia	Leptospirillales	Leptospirillaceae	0.00004590569520551255
SRR10070150	Sediment	Bacteria	Bacteria	Pseudomonadota	Gammaproteobacteria	Burkholderiales	SG8-41	0.0014979753172325145
SRR10070150	Sediment	Bacteria	Bacteria	Chloroflexota	Anaerolineae	Anaerolineales	UBA4823	0.002813535898253651
SRR10070150	Sediment	Bacteria	Bacteria	Acidobacteriota	Vicinamibacteria	Vicinamibacterales	CAVVIG01	0.0002742261266224039
SRR10070150	Sediment	Archaea	Archaea	Thermoproteota	Nitrososphaeria	Nitrososphaerales	Nitrososphaeraceae	0.00028026634967576083
SRR10070150	Sediment	Bacteria	Bacteria	Nitrospirota	Thermodesulfovibrionia	Thermodesulfovibrionales	SM23-35	0.002174480299208489
SRR10070150	Sediment	Bacteria	Bacteria	Acidobacteriota	Blastocatellia	Pyrinomonadales	Pyrinomonadaceae	0.0004240236583456554
SRR10070150	Sediment	Bacteria	Bacteria	Myxococcota_A	UBA9160	UBA9160	Unclassified	0.00005919418592289776
SRR10070150	Sediment	Bacteria	Bacteria	Acidobacteriota	Polarisedimenticolia	Polarisedimenticolales	DASRJG01	0.0001413412194485518
SRR10070150	Sediment	Bacteria	Bacteria	Pseudomonadota	Gammaproteobacteria	Burkholderiales	Unclassified	0.0002536893682409904
SRR10070150	Sediment	Bacteria	Bacteria	Pseudomonadota	Alphaproteobacteria	Sphingomonadales	Sphingomonadaceae	0.0001413412194485518
SRR10070150	Sediment	Bacteria	Bacteria	Bacteroidota	Ignavibacteria	Ignavibacteriales	Ignavibacteriaceae	0.0008903288780648091
SRR10070150	Sediment	Bacteria	Bacteria	Bacillota	Negativicutes	JARBTT01	JARBTT01	7.248267664028297e-6
SRR10070150	Sediment	Bacteria	Bacteria	Chloroflexota	Limnocylindria	QHBO01	QHBO01	0.00011838837184579552
SRR10070150	Sediment	Bacteria	Bacteria	Pseudomonadota	Unclassified	Unclassified	Unclassified	0.00013167686256318072
SRR10070150	Sediment	Bacteria	Bacteria	Bacteroidota	Bacteroidia	Cytophagales	Cyclobacteriaceae	0.000170334290104665
SRR10070150	Sediment	Bacteria	Bacteria	Pseudomonadota	Gammaproteobacteria	DSM-5130	Acidihalobacteraceae	0.00001691262454939936
SRR10070150	Sediment	Bacteria	Bacteria	Actinomycetota	Humimicrobiia	Humimicrobiales	Humimicrobiaceae	0.000024160892213427657
SRR10070150	Sediment	Bacteria	Bacteria	Acidobacteriota	Thermoanaerobaculia	UBA5066	Gp7-AA6	0.00035637316014805795
SRR10070150	Sediment	Bacteria	Bacteria	Nitrospirota	Thermodesulfovibrionia	Thermodesulfovibrionales	UBA6898	0.0019159587525248132
SRR10070150	Sediment	Bacteria	Bacteria	Bacteroidota	Bacteroidia	Chitinophagales	Chitinophagaceae	0.00021382389608883478
SRR10070150	Sediment	Bacteria	Bacteria	Pseudomonadota	Gammaproteobacteria	Pseudomonadales	Moraxellaceae	7.248267664028297e-6
SRR10070150	Sediment	Bacteria	Bacteria	Chloroflexota	Dehalococcoidia	Dehalococcoidales	UBA3254	0.00006402636436558329
SRR10070150	Sediment	Bacteria	Bacteria	Pseudomonadota	Gammaproteobacteria	Burkholderiales	SG8-39	0.0029210518686034036
SRR10070150	Sediment	Bacteria	Bacteria	Chloroflexota	Anaerolineae	Aggregatilineales	UBA3940	0.00006040223053356914
SRR10070150	Sediment	Bacteria	Bacteria	Myxococcota_A	UBA9160	UBA9160	PR03	0.00006402636436558329
SRR10070150	Sediment	Bacteria	Bacteria	Bacillota	Clostridia	Peptostreptococcales	Peptostreptococcaceae	0.00003624133832014148
SRR10070150	Sediment	Bacteria	Bacteria	Actinomycetota	Acidimicrobiia	Acidimicrobiales	Ilumatobacteraceae	7.248267664028297e-6
SRR10070150	Sediment	Bacteria	Bacteria	Zixibacteria	MSB-5A5	JAABVY01	JAHJOQ01	0.000022952847602756275
SRR10070150	Sediment	Bacteria	Bacteria	Acidobacteriota	Vicinamibacteria	Vicinamibacterales	SCN-69-37	0.0004578489074444541
SRR10070150	Sediment	Bacteria	Bacteria	Acidobacteriota	Blastocatellia	UBA7656	UBA7656	0.0004046949445749133
SRR10070150	Sediment	Bacteria	Bacteria	Bdellovibrionota	Bacteriovoracia	Bacteriovoracales	Bacteriovoracaceae	4.832178442685531e-6
SRR10070150	Sediment	Bacteria	Bacteria	Pseudomonadota	Gammaproteobacteria	Burkholderiales	Casimicrobiaceae	0.00097851613464382
SRR10070150	Sediment	Bacteria	Bacteria	Myxococcota_A	Polyangia	Nannocystales	Nannocystaceae	0.000022952847602756275
SRR10070150	Sediment	Bacteria	Bacteria	Eisenbacteria	RBG-16-71-46	RBG-16-71-46	RBG-16-71-46	0.0005061706918713094
SRR10070150	Sediment	Bacteria	Bacteria	Myxococcota_A	UBA9160	SZUA-336	SZUA-336	0.00024764914518763347
SRR10070150	Sediment	Bacteria	Bacteria	Desulfobacterota	WTBG01	CAIYCZ01	CAIYCZ01	0.000035033293709470104
SRR10070150	Sediment	Bacteria	Bacteria	Acidobacteriota	Terriglobia	Acidiferrales	UBA7541	0.000043489605984169775
SRR10070150	Sediment	Bacteria	Bacteria	Actinomycetota	Actinomycetes	Streptomycetales	Streptomycetaceae	0.000021744802992084888
SRR10070150	Sediment	Bacteria	Bacteria	Eisenbacteria	RBG-16-71-46	SZUA-252	SZUA-252	0.0002464411005769621
SRR10070150	Sediment	Bacteria	Bacteria	Pseudomonadota	Alphaproteobacteria	Azospirillales	Azospirillaceae	0.000013288490717385211
SRR10070150	Sediment	Bacteria	Bacteria	Chloroflexota	Dehalococcoidia	DSTF01	JALHUB01	0.00015825384399795114
SRR10070150	Sediment	Bacteria	Bacteria	Actinomycetota	Acidimicrobiia	Acidimicrobiales	DATKAS01	0.000021744802992084888
SRR10070150	Sediment	Bacteria	Bacteria	Gemmatimonadota	Gemmatimonadetes	Gemmatimonadales	Gemmatimonadaceae	0.00019207909309674987
SRR10070150	Sediment	Bacteria	Bacteria	Pseudomonadota	Alphaproteobacteria	Micropepsales	Micropepsaceae	0.0001195964164564669
SRR10070150	Sediment	Bacteria	Bacteria	Actinomycetota	Acidimicrobiia	Acidimicrobiales	VFJN01	0.000028993070656113188
SRR10070150	Sediment	Bacteria	Bacteria	Bacteroidota	Bacteroidia	Cytophagales	Spirosomataceae	2.4160892213427657e-6
SRR10070150	Sediment	Bacteria	Bacteria	Methylomirabilota	Methylomirabilia	Rokubacteriales	DASRDR01	0.00014496535328056593
SRR10070150	Sediment	Bacteria	Bacteria	Pseudomonadota	Gammaproteobacteria	Burkholderiales	Usitatibacteraceae	0.000028993070656113188
SRR10070150	Sediment	Bacteria	Bacteria	Pseudomonadota	Gammaproteobacteria	Burkholderiales	Gallionellaceae	0.0007876450861577417
SRR10070150	Sediment	Bacteria	Bacteria	Bacillota	Bacilli	Bacillales	DSM-1321	0.000057986141312226376
SRR10070150	Sediment	Bacteria	Bacteria	Eisenbacteria	RBG-16-71-46	JABDJR01	JABDJR01	0.0001836227808220502
SRR10070150	Sediment	Bacteria	Bacteria	Gemmatimonadota	Gemmatimonadetes	Gemmatimonadales	GWC2-71-9	0.0004240236583456554
SRR10070150	Sediment	Bacteria	Bacteria	Krumholzibacteriota	Krumholzibacteriia	LZORAL124-64-63	LZORAL124-64-63	0.00013771708561653763
SRR10070150	Sediment	Bacteria	Bacteria	Campylobacterota	Campylobacteria	Campylobacterales	Sulfurimonadaceae	0.000022952847602756275
SRR10070150	Sediment	Bacteria	Bacteria	Orphanbacterota	Orphanbacteria	Orphanbacterales	Orphanbacteraceae	0.00007610681047229712
SRR10070150	Sediment	Bacteria	Bacteria	Bacillota	Clostridia	Saccharofermentanales	UBA5734	0.000035033293709470104
SRR10070150	Sediment	Bacteria	Bacteria	Bacteroidota	Bacteroidia	Bacteroidales	JAGOPY01	0.000053153962869540844
SRR10070150	Sediment	Bacteria	Bacteria	Verrucomicrobiota	Verrucomicrobiia	Opitutales	Opitutaceae	0.000097851613464382
SRR10070150	Sediment	Bacteria	Bacteria	Chloroflexota	Dehalococcoidia	Lucifugimonadales	Unclassified	0.000010872401496042444
SRR10070150	Sediment	Bacteria	Bacteria	Omnitrophota	Gorgyraeia	Gygaellales	Profunditerraquicolaceae	0.00011838837184579552
SRR10070150	Sediment	Bacteria	Bacteria	Chloroflexota	Anaerolineae	Anaerolineales	Unclassified	0.00016429406705130805
SRR10070150	Sediment	Bacteria	Bacteria	Pseudomonadota	Alphaproteobacteria	CACIAM-22H2	CACIAM-22H2	0.00006765049819759744
SRR10070150	Sediment	Bacteria	Bacteria	Acidobacteriota	Vicinamibacteria	Vicinamibacterales	2-12-FULL-66-21	0.00021986411914219167
SRR10070150	Sediment	Bacteria	Bacteria	Pseudomonadota	Gammaproteobacteria	Burkholderiales	Sulfuricellaceae	0.000037449382930812866
SRR10070150	Sediment	Bacteria	Bacteria	Actinomycetota	Actinomycetes	Propionibacteriales	Propionibacteriaceae	0.000019328713770742125
SRR10070150	Sediment	Bacteria	Bacteria	Pseudomonadota	Gammaproteobacteria	Xanthomonadales	Unclassified	0.000027785026045441803
SRR10070150	Sediment	Bacteria	Bacteria	Pseudomonadota	Alphaproteobacteria	Rhizobiales	Hyphomicrobiaceae	0.00010509988112841031
SRR10070150	Sediment	Bacteria	Bacteria	Acidobacteriota	Vicinamibacteria	Vicinamibacterales	JAMQPK01	0.00008214703352565403
SRR10070150	Sediment	Bacteria	Bacteria	Acidobacteriota	Terriglobia	Bryobacterales	Bryobacteraceae	0.00013409295178452347
SRR10070150	Sediment	Bacteria	Bacteria	Verrucomicrobiota	Verrucomicrobiia	Limisphaerales	JADLHS01	0.00047959371043653897
SRR10070150	Sediment	Bacteria	Bacteria	Myxococcota_A	Polyangia	Haliangiales	Haliangiaceae	0.00006402636436558329
SRR10070150	Sediment	Bacteria	Bacteria	Pseudomonadota	Gammaproteobacteria	Unclassified	Unclassified	0.00031529964338523095
SRR10070150	Sediment	Bacteria	Bacteria	Chloroflexota	Anaerolineae	CG2-30-64-16	CG2-30-64-16	0.0003382524909879872
SRR10070150	Sediment	Bacteria	Bacteria	Acidobacteriota	Thermoanaerobaculia	Multivoradales	JAGPDF01	0.00013650904100586625
SRR10070150	Sediment	Bacteria	Bacteria	Acidobacteriota	Aminicenantia	Aminicenantales	Unclassified	0.00012805272873116658
SRR10070150	Sediment	Bacteria	Bacteria	Desulfobacterota	DSM-4660	Desulfatiglandales	Desulfatiglandaceae	0.00033946053559865856
SRR10070150	Sediment	Bacteria	Bacteria	Pseudomonadota	Alphaproteobacteria	Rhizobiales	Rhizobiaceae	0.00002536893682409904
SRR10070150	Sediment	Bacteria	Bacteria	Pseudomonadota	Gammaproteobacteria	Steroidobacterales	Rariloculaceae	0.0003430846694306727
SRR10070150	Sediment	Bacteria	Bacteria	Chloroflexota	Dehalococcoidia	Tepidiformales	Tepidiformaceae	0.00005919418592289776
SRR10070150	Sediment	Bacteria	Bacteria	Chloroflexota	Dehalococcoidia	Dehalococcoidales	RBG-16-60-22	0.00018120669160070742
SRR10070150	Sediment	Bacteria	Bacteria	Spirochaetota	Spirochaetia	SZUA-6	DRHE01	0.00034187662482000137
SRR10070150	Sediment	Bacteria	Bacteria	Planctomycetota	Phycisphaerae	Sedimentisphaerales	Anaerobacaceae	0.0006414716882665042
SRR10070150	Sediment	Bacteria	Bacteria	Pseudomonadota	Alphaproteobacteria	Rhodobacterales	Rhodobacteraceae	0.0001618779778299653
SRR10070150	Sediment	Bacteria	Bacteria	Acidobacteriota	Thermoanaerobaculia	Gp7-AA8	Gp7-AA8	0.00027060199279038975
SRR10070150	Sediment	Bacteria	Bacteria	Acidobacteriota	Polarisedimenticolia	Polarisedimenticolales	DASUFT01	0.000037449382930812866
SRR10070150	Sediment	Bacteria	Bacteria	Zixibacteria	MSB-5A5	GN15	JAAZOE01	0.00004711373981618393
SRR10070150	Sediment	Bacteria	Bacteria	Desulfobacterota	Syntrophia	Syntrophales	Fen-1087	0.00028026634967576083
SRR10070150	Sediment	Bacteria	Bacteria	Chloroflexota	Dehalococcoidia	SM23-28-2	SM23-28-2	0.00014979753172325146
SRR10070150	Sediment	Bacteria	Bacteria	Planctomycetota	JAJSAM01	JAJSAM01	JAKLKS01	0.00002536893682409904
SRR10070150	Sediment	Bacteria	Bacteria	Verrucomicrobiota	Verrucomicrobiia	Limisphaerales	SIBE01	0.00004590569520551255
SRR10070150	Sediment	Bacteria	Bacteria	Planctomycetota	Phycisphaerae	SM23-33	SM23-33	0.00003986547215215563
SRR10070150	Sediment	Bacteria	Bacteria	Desulfobacterota	Desulfuromonadia	Geobacterales	Geobacteraceae	0.0005496602978554792
SRR10070150	Sediment	Bacteria	Bacteria	Methylomirabilota	Methylomirabilia	Methylomirabilales	2-02-FULL-66-22	0.0004916741565432529
SRR10070150	Sediment	Bacteria	Bacteria	Pseudomonadota	Gammaproteobacteria	Pseudomonadales	Pseudomonadaceae	0.0000845631227469968
SRR10070150	Sediment	Bacteria	Bacteria	Desulfobacterota	DSWW01	DSWW01	DSWW01	0.00005194591825886946
SRR10070150	Sediment	Bacteria	Bacteria	Desulfobacterota	Binatia	HRBIN30	CADEER01	0.00003986547215215563
SRR10070150	Sediment	Bacteria	Bacteria	Planctomycetota	Planctomycetia	Planctomycetales	Planctomycetaceae	0.000032617204488127335
SRR10070150	Sediment	Bacteria	Bacteria	Bacillota	Clostridia	Clostridiales	Clostridiaceae	0.0001461733978912373
SRR10070150	Sediment	Bacteria	Bacteria	Acidobacteriota	UBA6911	UBA6911	UBA6911	0.001426700685202903
SRR10070150	Sediment	Bacteria	Bacteria	Planctomycetota	Phycisphaerae	Tepidisphaerales	Tepidisphaeraceae	0.000019328713770742125
SRR10070150	Sediment	Bacteria	Bacteria	Desulfobacterota	Syntrophorhabdia	Syntrophorhabdales	Syntrophorhabdaceae	0.00003020111526678457
SRR10070150	Sediment	Bacteria	Bacteria	Desulfobacterota	Desulfobulbia	Desulfobulbales	VMSU01	0.00010147574729639616
SRR10070150	Sediment	Bacteria	Bacteria	Chloroflexota	Anaerolineae	UBA4142	UBA4142	0.00001570457993872798
SRR10070150	Sediment	Bacteria	Bacteria	Hydrogenedentota	Hydrogenedentia	Hydrogenedentales	GCA-2746185	0.00002536893682409904
SRR10070150	Sediment	Archaea	Archaea	Thermoproteota	Bathyarchaeia	TCS64	TCS64	0.0000918113904110251
SRR10070150	Sediment	Bacteria	Bacteria	Pseudomonadota	Alphaproteobacteria	Caulobacterales	Aquidulcibacteraceae	0.000024160892213427657
SRR10070150	Sediment	Bacteria	Bacteria	Desulfobacterota	SM23-61	SM23-61	SM23-61	0.0005979820822823345
SRR10070150	Sediment	Bacteria	Bacteria	Verrucomicrobiota	Verrucomicrobiia	Palsa-1439	Palsa-1439	0.00006161027514424052
SRR10070150	Sediment	Bacteria	Bacteria	Chloroflexota	Anaerolineae	Anaerolineales	Villigracilaceae	0.0001691262454939936
SRR10070150	Sediment	Bacteria	Bacteria	Pseudomonadota	Gammaproteobacteria	Steroidobacterales	Unclassified	0.00001812066916007074
SRR10070150	Sediment	Bacteria	Bacteria	Bacteroidota	Bacteroidia	Bacteroidales	VadinHA17	0.0015825384399795117
SRR10070150	Sediment	Bacteria	Bacteria	Zixibacteria	MSB-5A5	WJJR01	WJJR01	0.00026335372512636143
SRR10070150	Sediment	Bacteria	Bacteria	Nitrospirota	UBA9217	UBA9217	UBA9217	0.0004191914799029698
SRR10070150	Sediment	Bacteria	Bacteria	Pseudomonadota	Gammaproteobacteria	Pseudomonadales	Azotimanducaceae	0.00019449518231809263
SRR10070150	Sediment	Bacteria	Bacteria	Chloroflexota	Anaerolineae	Aggregatilineales	Aggregatilineaceae	0.00019811931615010676
SRR10070150	Sediment	Bacteria	Bacteria	Verrucomicrobiota	Verrucomicrobiia	Verrucomicrobiales	Akkermansiaceae	0.00020899171764614922
SRR10070150	Sediment	Bacteria	Bacteria	Patescibacteriota	Saccharimonadia	UBA4664	UBA4664	0.000022952847602756275
SRR10070150	Sediment	Bacteria	Bacteria	Planctomycetota	Unclassified	Unclassified	Unclassified	0.00017999864699003604
SRR10070150	Sediment	Bacteria	Bacteria	Planctomycetota	UBA1135	UBA1135	GCA-002686595	0.00006885854280826882
SRR10070150	Sediment	Bacteria	Bacteria	Pseudomonadota	Gammaproteobacteria	Acidiferrobacterales	Unclassified	0.00009301943502169648
SRR10070150	Sediment	Bacteria	Bacteria	Zhuqueibacterota	Zhuqueibacteria	Zhuqueibacterales	Zhuqueibacteraceae	0.000012080446106713828
SRR10070150	Sediment	Bacteria	Bacteria	Verrucomicrobiota	Verrucomicrobiia	Limisphaerales	Unclassified	0.00009301943502169648
SRR10070150	Sediment	Bacteria	Bacteria	Pseudomonadota	Alphaproteobacteria	Rhizobiales	Aestuariivirgaceae	0.00019932736076077817
SRR10070150	Sediment	Bacteria	Bacteria	Acidobacteriota	HRBIN11	JAKEFK01	JAKEFK01	0.00014013317483788041
SRR10070150	Sediment	Bacteria	Bacteria	Pseudomonadota	Gammaproteobacteria	Burkholderiales	Burkholderiaceae_F	0.000782812907715056
SRR10070150	Sediment	Bacteria	Bacteria	Gemmatimonadota	Gemmatimonadetes	Gemmatimonadales	Unclassified	0.00003140915987745596
SRR10070150	Sediment	Bacteria	Bacteria	Myxococcota_A	UBA9160	UBA9160	SMWR01	0.00025731350207300454
SRR10070150	Sediment	Bacteria	Bacteria	JAJVIF01	JAJVIF01	JAPKYR01	JAPKYR01	0.00004107351676282701
SRR10070150	Sediment	Bacteria	Bacteria	Chloroflexota	Dehalococcoidia	SM23-28-2	RBG-16-64-32	0.00025610545746233317
SRR10070150	Sediment	Bacteria	Bacteria	Pseudomonadota	Gammaproteobacteria	Burkholderiales	JACQAP01	0.0006885854280826881
SRR10070150	Sediment	Bacteria	Bacteria	Desulfobacterota	BSN033	BSN033	UBA1163	0.002017434499821209
SRR10070150	Sediment	Bacteria	Bacteria	Patescibacteriota	Saccharimonadia	Saccharimonadales	Unclassified	0.00001570457993872798
SRR10070150	Sediment	Bacteria	Bacteria	Verrucomicrobiota	Verrucomicrobiia	Limisphaerales	UBA8199	0.0002863065727291177
SRR10070150	Sediment	Bacteria	Bacteria	Actinomycetota	Acidimicrobiia	Acidimicrobiales	Acidimicrobilacustridaceae	3.6241338320141485e-6
SRR10070150	Sediment	Bacteria	Bacteria	Pseudomonadota	Gammaproteobacteria	Burkholderiales	Thiobacillaceae	0.0004989224242072811
SRR10070150	Sediment	Bacteria	Bacteria	Acidobacteriota	Vicinamibacteria	Vicinamibacterales	Fen-181	0.00034066858020933
SRR10070150	Sediment	Bacteria	Bacteria	Acidobacteriota	Thermoanaerobaculia	Thermoanaerobaculales	Sulfomarinibacteraceae	0.0004965063349859384
SRR10070150	Sediment	Bacteria	Bacteria	Chloroflexota	Anaerolineae	Caldilineales	Caldilineaceae	0.00016429406705130805
SRR10070150	Sediment	Bacteria	Bacteria	Bacillota	Bacilli	Paenibacillales	Paenibacillaceae	0.00003140915987745596
SRR10070150	Sediment	Bacteria	Bacteria	Desulfobacterota	Desulfuromonadia	Desulfuromonadales	Unclassified	0.00003382524909879872
SRR10070150	Sediment	Bacteria	Bacteria	Actinomycetota	Acidimicrobiia	Acidimicrobiales	Unclassified	0.000010872401496042444
SRR10070150	Sediment	Bacteria	Bacteria	Pseudomonadota	Gammaproteobacteria	Burkholderiales	Burkholderiaceae_D	0.00003624133832014148
SRR10070150	Sediment	Bacteria	Bacteria	Actinomycetota	Actinomycetes	Actinomycetales	Dermatophilaceae	0.000035033293709470104
SRR10070150	Sediment	Bacteria	Bacteria	Chloroflexota	Dehalococcoidia	Dehalococcoidales	UBA1222	0.00003140915987745596
SRR10070150	Sediment	Bacteria	Bacteria	Chloroflexota	Anaerolineae	Aggregatilineales	Unclassified	0.00004952982903752669
SRR10070150	Sediment	Bacteria	Bacteria	Pseudomonadota	Alphaproteobacteria	Rhodospirillales	Defluviicoccaceae	0.00003865742754148425
SRR10070150	Sediment	Bacteria	Bacteria	Desulfobacterota	Desulfobulbia	Desulfobulbales	Unclassified	0.00007127463202961159
SRR10070150	Sediment	Bacteria	Bacteria	Desulfobacterota	DSM-4660	Desulfatiglandales	HGW-15	0.0005653648777942072
SRR10070150	Sediment	Bacteria	Bacteria	Nitrospirota	Nitrospiria	Nitrospirales	Nitrospiraceae	0.001129521710977743
SRR10070150	Sediment	Bacteria	Bacteria	Armatimonadota	Zipacnadia	Zipacnadales	VGFC01	0.00003624133832014148
SRR10070150	Sediment	Bacteria	Bacteria	Myxococcota_A	Polyangia	Fen-1088	Fen-1088	0.00008818725657901095
SRR10070150	Sediment	Bacteria	Bacteria	Myxococcota_A	Polyangia	GCA-2747355	GCA-2747355	0.00003865742754148425
SRR10070150	Sediment	Bacteria	Bacteria	Acidobacteriota	Vicinamibacteria	Vicinamibacterales	CAVPJW01	0.000032617204488127335
SRR10070150	Sediment	Bacteria	Bacteria	Pseudomonadota	Gammaproteobacteria	Xanthomonadales	SZUA-36	0.00023556869908091964
SRR10070150	Sediment	Bacteria	Bacteria	Chloroflexota	Dehalococcoidia	DSTF01	WHTK01	0.00007127463202961159
SRR10070150	Sediment	Bacteria	Bacteria	Armatimonadota	UBA5829	UBA5829	UBA5829	0.00012201250567780967
SRR10070150	Sediment	Bacteria	Bacteria	Armatimonadota	UBA5829	DTJY01	DTJY01	0.000019328713770742125
SRR10070150	Sediment	Bacteria	Bacteria	UBA10199	UBA10199	2-02-FULL-44-16	JAAZCA01	0.00010389183651773892
SRR10070150	Sediment	Bacteria	Bacteria	Bacillota	Bacilli	Unclassified	Unclassified	0.00005194591825886946
SRR10070150	Sediment	Bacteria	Bacteria	Desulfobacterota	Binatia	UBA1149	CAYXZP01	0.00006765049819759744
SRR10070150	Sediment	Bacteria	Bacteria	Acidobacteriota	Blastocatellia	UBA7656	JADIYM01	0.000026576981434770422
SRR10070150	Sediment	Bacteria	Bacteria	Acidobacteriota	Terriglobia	Versatilivoradales	Versatilivoraceae	0.00016550211166197946
SRR10070150	Sediment	Bacteria	Bacteria	Zixibacteria	MSB-5A5	Unclassified	Unclassified	0.00005194591825886946
SRR10070150	Sediment	Bacteria	Bacteria	Bacillota	Clostridia	Acetivibrionales	DTU013	0.00010268379190706754
SRR10070150	Sediment	Bacteria	Bacteria	Actinomycetota	Actinomycetes	Mycobacteriales	Geodermatophilaceae	7.248267664028297e-6
SRR10070150	Sediment	Bacteria	Bacteria	Acidobacteriota	Thermoanaerobaculia	UBA5066	UBA5066	0.000020536758381413506
SRR10070150	Sediment	Bacteria	Bacteria	Hydrogenedentota	Hydrogenedentia	Hydrogenedentales	SLHB01	0.000056778096701555
SRR10070150	Sediment	Bacteria	Bacteria	Chloroflexota	Anaerolineae	4572-78	J111	0.00022469629758487718
SRR10070150	Sediment	Bacteria	Bacteria	Desulfobacterota	Desulfobaccia	Desulfobaccales	0-14-0-80-60-11	0.001977569027669054
SRR10070150	Sediment	Bacteria	Bacteria	Verrucomicrobiota	Lentisphaeria	Victivallales	GWF2-50-93	0.000021744802992084888
SRR10070150	Sediment	Bacteria	Bacteria	Acidobacteriota	Vicinamibacteria	Fen-336	Fen-336	0.0007634841939443139
SRR10070150	Sediment	Bacteria	Bacteria	Chloroflexota	Anaerolineae	Anaerolineales	Anaerolineaceae	0.00003140915987745596
SRR10070150	Sediment	Bacteria	Bacteria	Pseudomonadota	Alphaproteobacteria	Unclassified	Unclassified	0.00017154233471533634
SRR10070150	Sediment	Bacteria	Bacteria	Actinomycetota	Acidimicrobiia	Spongiisociales	UBA11373	0.000043489605984169775
SRR10070150	Sediment	Bacteria	Bacteria	Bacteroidota	Bacteroidia	Bacteroidales	Prolixibacteraceae	0.00014496535328056593
SRR10070150	Sediment	Bacteria	Bacteria	Planctomycetota	Phycisphaerae	Phycisphaerales	SM1A02	0.00002536893682409904
SRR10070150	Sediment	Bacteria	Bacteria	Eisenbacteria	RBG-16-71-46	RBG-16-71-46	DASYSL01	0.00003140915987745596
SRR10070150	Sediment	Bacteria	Bacteria	Actinomycetota	Actinomycetes	Mycobacteriales	Mycobacteriaceae	0.00001691262454939936
SRR10070150	Sediment	Bacteria	Bacteria	Pseudomonadota	Alphaproteobacteria	Rhizobiales	Kaistiaceae	0.000053153962869540844
SRR10070150	Sediment	Bacteria	Bacteria	JAUVQV01	JAUVQV01	JAUVQV01	DATDCY01	0.00011234814879243859
SRR10070150	Sediment	Bacteria	Bacteria	Planctomycetota	Planctomycetia	Pirellulales	Lacipirellulaceae	0.00015704579938727976
SRR10070150	Sediment	Bacteria	Bacteria	Acidobacteriota	Vicinamibacteria	Vicinamibacterales	Unclassified	0.00024764914518763347
SRR10070150	Sediment	Bacteria	Bacteria	Desulfobacterota	Syntrophia	Syntrophales	Smithellaceae	0.000014496535328056594
SRR10070150	Sediment	Bacteria	Bacteria	Eisenbacteria	RBG-16-71-46	CAIMUX01	VGJL01	0.00010389183651773892
SRR10070150	Sediment	Bacteria	Bacteria	Planctomycetota	UBA1135	UBA1135	UBA2386	0.000032617204488127335
SRR10070150	Sediment	Bacteria	Bacteria	Spirochaetota	Spirochaetia	SZUA-6	Fen-1364	0.00013892513022720904
SRR10070150	Sediment	Bacteria	Bacteria	Armatimonadota	Zipacnadia	Zipacnadales	UBA11051	9.664356885371063e-6
SRR10070150	Sediment	Bacteria	Bacteria	Verrucomicrobiota	Verrucomicrobiia	Chthoniobacterales	Terrimicrobiaceae	0.0006366395098238187
SRR10070150	Sediment	Bacteria	Bacteria	Desulfobacterota	JAZDOA01	JAZDOA01	JAZDOA01	0.000020536758381413506
SRR10070150	Sediment	Bacteria	Bacteria	Patescibacteriota	Saccharimonadia	Saccharimonadales	Saccharimonadaceae	0.00023677674369159104
SRR10070150	Sediment	Bacteria	Bacteria	Pseudomonadota	Alphaproteobacteria	Acetobacterales	Acetobacteraceae	0.000032617204488127335
SRR10070150	Sediment	Bacteria	Bacteria	Planctomycetota	Brocadiia	CAIUPP01	CAIUPP01	0.00007852289969363988
SRR10070150	Sediment	Bacteria	Bacteria	Myxococcota_A	UBA9160	UBA9160	UBA6930	0.0004385201936737119
SRR10070150	Sediment	Bacteria	Bacteria	Bipolaricaulota	Bipolaricaulia	UBA7950	UBA9294	0.000014496535328056594
SRR10070150	Sediment	Bacteria	Bacteria	Acidobacteriota	Vicinamibacteria	Marinacidobacterales	DATDRI01	0.00001570457993872798
SRR10070150	Sediment	Bacteria	Bacteria	Krumholzibacteriota	Krumholzibacteriia	G020349025	G020349025	0.00009664356885371063
SRR10070150	Sediment	Bacteria	Bacteria	Chloroflexota	Anaerolineae	JAAYEA01	JAAYEA01	0.00001812066916007074
SRR10070150	Sediment	Bacteria	Bacteria	Desulfobacterota	Binatia	UTPRO1	UTPRO1	0.00005436200748021223
SRR10070150	Sediment	Bacteria	Bacteria	Actinomycetota	Actinomycetes	Mycobacteriales	Pseudonocardiaceae	0.000021744802992084888
SRR10070150	Sediment	Bacteria	Bacteria	Bacillota	Clostridia	Peptostreptococcales	Acidaminobacteraceae	0.000020536758381413506
SRR10070150	Sediment	Bacteria	Bacteria	Chloroflexota	Anaerolineae	Aggregatilineales	Phototrophicaceae	0.00006402636436558329
SRR10070150	Sediment	Bacteria	Bacteria	Myxococcota_A	Polyangia	Polyangiales	DASUME01	0.00001570457993872798
SRR10070150	Sediment	Bacteria	Bacteria	Desulfobacterota	Syntrophobacteria	Syntrophobacterales	Syntrophobacteraceae	0.0003781179631401428
SRR10070150	Sediment	Bacteria	Bacteria	Desulfobacterota	Binatia	DP-6	DP-6	0.00020295149459279233
SRR10070150	Sediment	Bacteria	Bacteria	Chloroflexota	Dehalococcoidia	Dehalococcoidales	Unclassified	0.00012322055028848105
SRR10070150	Sediment	Bacteria	Bacteria	Pseudomonadota	Gammaproteobacteria	Burkholderiales	Methylophilaceae	0.000020536758381413506
SRR10070150	Sediment	Bacteria	Bacteria	Acidobacteriota	Aminicenantia	Aminicenantales	UBA8522	0.000044697650594841166
SRR10070150	Sediment	Bacteria	Bacteria	Acidobacteriota	Holophagae	Holophagales	Holophagaceae	0.000019328713770742125
SRR10070150	Sediment	Bacteria	Bacteria	Desulfobacterota	Zymogenia	Zymogenales	Zymogenaceae	0.00003624133832014148
SRR10070150	Sediment	Bacteria	Bacteria	Hydrogenedentota	Hydrogenedentia	Hydrogenedentales	Unclassified	0.000021744802992084888
SRR10070150	Sediment	Bacteria	Bacteria	Krumholzibacteriota	Krumholzibacteriia	WVZY01	JAKEHA01	0.00017999864699003604
SRR10070150	Sediment	Bacteria	Bacteria	Desulfobacterota	Desulfobacteria	Desulfobacterales	Desulfatirhabdiaceae	0.00001812066916007074
SRR10070150	Sediment	Bacteria	Bacteria	Pseudomonadota	Alphaproteobacteria	Dongiales	Dongiaceae	0.0004421443275057261
SRR10070150	Sediment	Bacteria	Bacteria	Bacteroidota	Ignavibacteria	Tepidaquicellales	OLB5	0.00020657562842480646
SRR10070150	Sediment	Bacteria	Bacteria	Spirochaetota	Leptospiria	Leptospirales	Leptonemataceae	0.00005557005209088361
SRR10070150	Sediment	Bacteria	Bacteria	Acidobacteriota	Blastocatellia	RBC074	RBC074	0.000028993070656113188
SRR10070150	Sediment	Bacteria	Bacteria	Desulfobacterota	Desulfobaccia	Desulfobaccales	Desulfobaccaceae	0.00004832178442685531
SRR10070150	Sediment	Bacteria	Bacteria	Pseudomonadota	Gammaproteobacteria	Methylococcales	Methylomonadaceae	0.00005194591825886946
SRR10070150	Sediment	Bacteria	Bacteria	4484-113	4484-113	4484-113	JAFGCY01	0.00011114010418176721
SRR10070150	Sediment	Bacteria	Bacteria	Planctomycetota	Planctomycetia	Gemmatales	HRBIN36	0.00001812066916007074
SRR10070150	Sediment	Bacteria	Bacteria	Chloroflexota	Chloroflexia	QHBQ01	JADMIH01	9.664356885371063e-6
SRR10070150	Sediment	Bacteria	Bacteria	Desulfobacterota	Desulfobacteria	Desulfobacterales	SpSt-501	0.0003527490263160438
SRR10070150	Sediment	Bacteria	Bacteria	Pseudomonadota	Gammaproteobacteria	Steroidobacterales	GCA-2729495	0.0001473814425019087
SRR10070150	Sediment	Bacteria	Bacteria	Desulfobacterota	Desulfobulbia	Desulfobulbales	Desulfocapsaceae	0.00013046881795250934
SRR10070150	Sediment	Bacteria	Bacteria	Desulfobacterota	WTBG01	JAGOGO01	JAGOGO01	0.00006161027514424052
SRR10070150	Sediment	Bacteria	Bacteria	Planctomycetota	Planctomycetia	Pirellulales	JADZDJ01	0.000021744802992084888
SRR10070150	Sediment	Bacteria	Bacteria	Pseudomonadota	Alphaproteobacteria	Geminicoccales	Geminicoccaceae	0.000014496535328056594
SRR10070150	Sediment	Bacteria	Bacteria	Chloroflexota	Anaerolineae	UBA1429	UBA1429	0.00010751597034975307
SRR10070150	Sediment	Bacteria	Bacteria	Desulfobacterota	RBG-13-43-22	RBG-13-43-22	RBG-13-43-22	0.00010268379190706754
SRR10070150	Sediment	Bacteria	Bacteria	Acidobacteriota	Terriglobia	UBA7540	UBA7540	0.00006644245358692605
SRR10070150	Sediment	Bacteria	Bacteria	Desulfobacterota_D	UBA1144	Nemesobacterales	UBA2774	0.00031650768799590227
SRR10070150	Sediment	Bacteria	Bacteria	Pseudomonadota	Gammaproteobacteria	Pseudomonadales	Halieaceae	0.0000918113904110251
SRR10070150	Sediment	Archaea	Archaea	Nanobdellota	Nanobdellia	Pacearchaeales	GW2011-AR1	0.000044697650594841166
SRR10070150	Sediment	Archaea	Archaea	Thermoproteota	Nitrososphaeria	Nitrososphaerales	Nitrosopumilaceae	0.0002536893682409904
SRR10070150	Sediment	Bacteria	Bacteria	Desulfobacterota	Desulfuromonadia	Geobacterales	DSM-12255	0.000053153962869540844
SRR10070150	Sediment	Bacteria	Bacteria	Bacillota	Bacilli	Bacillales	Cytobacillaceae	0.00023436065447024829
SRR10070150	Sediment	Bacteria	Bacteria	Acidobacteriota	Unclassified	Unclassified	Unclassified	0.000026576981434770422
SRR10070150	Sediment	Bacteria	Bacteria	Moduliflexota	Moduliflexia	Moduliflexales	Moduliflexaceae	0.00001570457993872798
SRR10070150	Sediment	Bacteria	Bacteria	Pseudomonadota	Gammaproteobacteria	Burkholderiales	SHXO01	0.0003020111526678457
SRR10070150	Sediment	Bacteria	Bacteria	Desulfobacterota	Binatia	UBA1149	CAITLU01	0.00004590569520551255
SRR10070150	Sediment	Bacteria	Bacteria	Pseudomonadota	Alphaproteobacteria	Caedimonadales	Caedimonadaceae	2.4160892213427657e-6
SRR10070150	Sediment	Bacteria	Bacteria	Desulfobacterota	Desulfobacteria	Desulfobacterales	SURF-7	0.00009422747963236786
SRR10070150	Sediment	Bacteria	Bacteria	Methylomirabilota	Methylomirabilia	Methylomirabilales	Methylomirabilaceae	0.0000773148550829685
SRR10070150	Sediment	Bacteria	Bacteria	UBA10199	UBA10199	DSSB01	DSSB01	0.000010872401496042444
SRR10070150	Sediment	Bacteria	Bacteria	Pseudomonadota	Alphaproteobacteria	Rhizobiales	Afifellaceae	0.00003624133832014148
SRR10070150	Sediment	Bacteria	Bacteria	Nitrospirota	Thermodesulfovibrionia	UBA6902	UBA6902	0.000014496535328056594
SRR10070150	Sediment	Bacteria	Bacteria	Bacteroidota	Ignavibacteria	UBA10030	UBA10030	0.000056778096701555
SRR10070150	Sediment	Bacteria	Bacteria	Verrucomicrobiota	Verrucomicrobiia	Limisphaerales	UBA11358	0.00004590569520551255
SRR10070150	Sediment	Bacteria	Bacteria	Krumholzibacteriota	Krumholzibacteriia	JAJRXK01	JAJRXK01	0.000013288490717385211
SRR10070150	Sediment	Bacteria	Bacteria	Pseudomonadota	Alphaproteobacteria	UBA828	UBA828	0.00004952982903752669
SRR10070150	Sediment	Bacteria	Bacteria	Electryoneota	RPQS01	RPQS01	RPQS01	0.00001570457993872798
SRR10070150	Sediment	Bacteria	Bacteria	Bacteroidota	Bacteroidia	Bacteroidales	FEN-979	0.00001570457993872798
SRR10070150	Sediment	Bacteria	Bacteria	Bacillota	Bacilli	Bacillales	Bacillaceae_G	0.000019328713770742125
SRR10070150	Sediment	Bacteria	Bacteria	Desulfobacterota	Desulfobacteria	Desulfobacterales	RPRI01	0.00002536893682409904
SRR10070150	Sediment	Bacteria	Bacteria	Chloroflexota	Ktedonobacteria	Ktedonobacterales	Ktedonobacteraceae	0.00007006658741894021
SRR10070150	Sediment	Bacteria	Bacteria	Acidobacteriota	Terriglobia	Acidiferrales	2-02-FULL-67-57	0.00005919418592289776
SRR10070150	Sediment	Bacteria	Bacteria	Pseudomonadota	Gammaproteobacteria	Legionellales	Legionellaceae	0.000043489605984169775
SRR10070150	Sediment	Bacteria	Bacteria	Chloroflexota	Anaerolineae	Anaerolineales	UBA11579	0.000019328713770742125
SRR10070150	Sediment	Bacteria	Bacteria	Acidobacteriota	Terriglobia	2-12-FULL-54-10	2-12-FULL-54-10	0.00004590569520551255
SRR10070150	Sediment	Bacteria	Bacteria	Desulfobacterota	Desulfobacteria	Desulfobacterales	Desulfosalsimonadaceae	0.00010509988112841031
SRR10070150	Sediment	Bacteria	Bacteria	Actinomycetota	Actinomycetes	Mycobacteriales	Micromonosporaceae	0.00006523440897625467
SRR10070150	Sediment	Bacteria	Bacteria	Acidobacteriota	Thermoanaerobaculia	Multivoradales	Unclassified	0.000020536758381413506
SRR10070150	Sediment	Bacteria	Bacteria	Desulfobacterota	Desulfobulbia	Desulfobulbales	Desulfurivibrionaceae	0.00022348825297420583
SRR10070150	Sediment	Bacteria	Bacteria	Zixibacteria	MSB-5A5	CAIYYT01	CAIYYT01	0.000170334290104665
SRR10070150	Sediment	Bacteria	Bacteria	Bacteroidota	Bacteroidia	Bacteroidales	Unclassified	0.00004590569520551255
SRR10070150	Sediment	Bacteria	Bacteria	Desulfobacterota	Desulfobulbia	Desulfobulbales	Desulfobulbaceae	0.00019328713770742125
SRR10070150	Sediment	Bacteria	Bacteria	Zixibacteria	MSB-5A5	UBA10806	UBA10806	0.000032617204488127335
SRR10070150	Sediment	Bacteria	Bacteria	Actinomycetota	Coriobacteriia	Anaerosomatales	PHET01	0.000013288490717385211
SRR10070150	Sediment	Bacteria	Bacteria	Pseudomonadota	Gammaproteobacteria	Burkholderiales	JAEUMW01	0.00005557005209088361
SRR10070150	Sediment	Bacteria	Bacteria	Verrucomicrobiota	Verrucomicrobiia	Limisphaerales	SIBH01	0.000020536758381413506
SRR10070150	Sediment	Bacteria	Bacteria	Desulfobacterota	Unclassified	Unclassified	Unclassified	0.00002536893682409904
SRR10070150	Sediment	Bacteria	Bacteria	Desulfobacterota	Desulfuromonadia	Desulfuromonadales	Syntrophotaleaceae	0.00013771708561653763
SRR10070150	Sediment	Bacteria	Bacteria	Krumholzibacteriota	Krumholzibacteriia	Unclassified	Unclassified	0.00008214703352565403
SRR10070150	Sediment	Bacteria	Bacteria	Bacillota	Clostridia	Acetivibrionales	Unclassified	0.00003865742754148425
SRR10070150	Sediment	Bacteria	Bacteria	Chloroflexota	Anaerolineae	Anaerolineales	E44-bin32	0.0003430846694306727
SRR10070150	Sediment	Bacteria	Bacteria	Spirochaetota	Spirochaetia	Treponematales	Breznakiellaceae	0.00001691262454939936
SRR10070150	Sediment	Bacteria	Bacteria	Acidobacteriota	UBA4820	UBA4820	DSQY01	0.000014496535328056594
SRR10070150	Sediment	Bacteria	Bacteria	Acidobacteriota	Aminicenantia	Aminicenantales	Saccharicenantaceae	0.0011005286403216298
SRR10070150	Sediment	Bacteria	Bacteria	Chloroflexota	Dehalococcoidia	Unclassified	Unclassified	0.00002536893682409904
SRR10070150	Sediment	Bacteria	Bacteria	Nitrospirota	Thermodesulfovibrionia	Thermodesulfovibrionales	Unclassified	0.000035033293709470104
SRR10070150	Sediment	Bacteria	Bacteria	Pseudomonadota	Gammaproteobacteria	Acidiferrobacterales	Sulfurifustaceae	0.00006523440897625467
SRR10070150	Sediment	Bacteria	Bacteria	Desulfobacterota	Syntrophorhabdia	Syntrophorhabdales	WCHB1-27	0.00008818725657901095
SRR10070150	Sediment	Bacteria	Bacteria	Oederibacteriota	JAAXVQ01	JAAXVQ01	JAAXVQ01	0.000024160892213427657
SRR10070150	Sediment	Bacteria	Bacteria	Actinomycetota	Actinomycetes	S36-B12	CAIYMF01	7.248267664028297e-6
SRR10070150	Sediment	Bacteria	Bacteria	Actinomycetota	Thermoleophilia	Solirubrobacterales	JBBDJG01	0.000010872401496042444
SRR10070150	Sediment	Bacteria	Bacteria	Chloroflexota	Dehalococcoidia	UBA2979	UBA2979	0.000020536758381413506
SRR10070150	Sediment	Bacteria	Bacteria	Chloroflexota	Anaerolineae	JAAYZQ01	JAAYZQ01	0.0002259043421955486
SRR10070150	Sediment	Bacteria	Bacteria	Desulfobacterota	Deferrimicrobia	Deferrimicrobiales	Deferrimicrobiaceae	0.002342398500091811
SRR10070150	Sediment	Bacteria	Bacteria	Desulfobacterota	Desulfobulbia	Desulfobulbales	SURF-16	0.000019328713770742125
SRR10070150	Sediment	Bacteria	Bacteria	Calditrichota	Calditrichia	JAJRVZ01	JAJRVZ01	0.00009422747963236786
SRR10070150	Sediment	Bacteria	Bacteria	Krumholzibacteriota	Krumholzibacteriia	JACNKJ01	JACNKJ01	0.000053153962869540844
SRR10070150	Sediment	Bacteria	Bacteria	Planctomycetota	PLA2	PLA2	PLA2	0.000032617204488127335
SRR10070150	Sediment	Bacteria	Bacteria	Pseudomonadota	Alphaproteobacteria	Reyranellales	Reyranellaceae	0.000032617204488127335
SRR10070150	Sediment	Bacteria	Bacteria	Synergistota	Synergistia	Synergistales	Synergistaceae	0.000014496535328056594
SRR10070150	Sediment	Bacteria	Bacteria	Desulfobacterota	Desulfomonilia	Desulfomonilales	Desulfomonilaceae	0.0001739584239366791
SRR10070150	Sediment	Bacteria	Bacteria	Planctomycetota	Planctomycetia	Pirellulales	Thermoguttaceae	0.000024160892213427657
SRR10070150	Sediment	Bacteria	Bacteria	Gemmatimonadota	Gemmatimonadetes	JACCXV01	JAHWKZ01	0.00010026770268572479
SRR10070150	Sediment	Bacteria	Bacteria	Chloroflexota	Anaerolineae	Unclassified	Unclassified	0.00006523440897625467
SRR10070150	Sediment	Bacteria	Bacteria	Eisenbacteria	RBG-16-71-46	CAIMUX01	WJJG01	0.000024160892213427657
SRR10070150	Sediment	Bacteria	Bacteria	Eisenbacteria	RBG-16-71-46	Unclassified	Unclassified	0.000012080446106713828
SRR10070150	Sediment	Bacteria	Bacteria	Desulfobacterota	Syntrophia	Syntrophales	UBA2192	0.0001618779778299653
SRR10070150	Sediment	Bacteria	Bacteria	Actinomycetota	Acidimicrobiia	Spongiisociales	ZC4RG35	0.0001195964164564669
SRR10070150	Sediment	Bacteria	Bacteria	Desulfobacterota	Desulfobacteria	Desulfobacterales	Unclassified	0.00004590569520551255
SRR10070150	Sediment	Bacteria	Bacteria	Planctomycetota	UBA8108	Unclassified	Unclassified	0.00007248267664028296
SRR10070150	Sediment	Bacteria	Bacteria	Myxococcota	Myxococcia	Myxococcales	Anaeromyxobacteraceae	0.00002536893682409904
SRR10070150	Sediment	Bacteria	Bacteria	Bacillota	Desulfitobacteriia	Desulfitobacteriales	Desulfitobacteriaceae	0.000014496535328056594
SRR10070150	Sediment	Bacteria	Bacteria	Myxococcota_A	UBA9160	UBA9160	UBA9160	0.000024160892213427657
SRR10070150	Sediment	Bacteria	Bacteria	Desulfobacterota	Binatia	UBA1149	Unclassified	0.00005073787364819808
SRR10070150	Sediment	Bacteria	Bacteria	Planctomycetota	Phycisphaerae	UBA1845	UTPLA1	0.000010872401496042444
SRR10070150	Sediment	Bacteria	Bacteria	Myxococcota_A	UBA9160	UBA9160	UBA4427	0.00006161027514424052
SRR10070150	Sediment	Bacteria	Bacteria	Planctomycetota	B15-G4	B15-G4	B15-G4	0.00001691262454939936
SRR10070150	Sediment	Bacteria	Bacteria	Chloroflexota	Dehalococcoidia	GIF9	UBA5629	0.00003382524909879872
SRR10070150	Sediment	Bacteria	Bacteria	Desulfobacterota_D	UBA1144	Nemesobacterales	CSP1-2	0.00006523440897625467
SRR10070150	Sediment	Bacteria	Bacteria	Acidobacteriota	UBA6911	RPQK01	Unclassified	0.00041798343529229843
SRR10070150	Sediment	Bacteria	Bacteria	Campylobacterota	Campylobacteria	Campylobacterales	Sulfurospirillaceae	3.6241338320141485e-6
SRR10070150	Sediment	Bacteria	Bacteria	Planctomycetota	Phycisphaerae	UBA1845	UBA1845	0.000019328713770742125
SRR10070150	Sediment	Bacteria	Bacteria	Pseudomonadota	Alphaproteobacteria	MPNO01	DASWLB01	0.000026576981434770422
SRR10070150	Sediment	Bacteria	Bacteria	Krumholzibacteriota	Krumholzibacteriia	WVZY01	WVZY01	0.00029838701883583155
SRR10070150	Sediment	Bacteria	Bacteria	Armatimonadota	Hebobacteria	Hebobacterales	Hebobacteraceae	0.00003020111526678457
SRR10070150	Sediment	Bacteria	Bacteria	Acidobacteriota	JAAYUB01	JAAYUB01	JAAYUB01	0.00005557005209088361
SRR10070150	Sediment	Bacteria	Bacteria	Eisenbacteria	RBG-16-71-46	CAIMUX01	CAIMUX01	0.00007610681047229712
SRR10070150	Sediment	Bacteria	Bacteria	Pseudomonadota	Gammaproteobacteria	Steroidobacterales	Woeseiaceae	0.00041798343529229843
SRR10070150	Sediment	Bacteria	Bacteria	Bacteroidota	Ignavibacteria	UBA10030	SZUA-254	0.00001812066916007074
SRR10070150	Sediment	Bacteria	Bacteria	Planctomycetota	Phycisphaerae	Sedimentisphaerales	Anaerohalosphaeraceae	0.00001812066916007074
SRR10070150	Sediment	Bacteria	Bacteria	Acidobacteriota	Polarisedimenticolia	QHYA01	CAVVHA01	0.00001691262454939936
SRR10070150	Sediment	Bacteria	Bacteria	Planctomycetota	UBA1135	UBA1135	JAKEFM01	8.45631227469968e-6
SRR10070150	Sediment	Bacteria	Bacteria	Acidobacteriota	Vicinamibacteria	Vicinamibacterales	JAKQTR01	0.00021140780686749197
SRR10070150	Sediment	Bacteria	Bacteria	Acidobacteriota	Polarisedimenticolia	JACPZX01	DASXTC01	0.00001691262454939936
SRR10070150	Sediment	Bacteria	Bacteria	Vulcanimicrobiota	JAMCWD01	JAMCWD01	JAMCWD01	0.00001691262454939936
SRR10070150	Sediment	Bacteria	Bacteria	Actinomycetota	Actinomycetes	Actinomycetales	Micrococcaceae	0.00006644245358692605
SRR10070150	Sediment	Bacteria	Bacteria	Pseudomonadota	Alphaproteobacteria	Rhizobiales	Rhodomicrobiaceae	0.00015100557633392284
SRR10070150	Sediment	Bacteria	Bacteria	Desulfobacterota	Desulfarculia	JACQYL01	Unclassified	0.000024160892213427657
SRR10070150	Sediment	Bacteria	Bacteria	Spirochaetota	Spirochaetia	SZUA-6	CAVTHK01	0.000028993070656113188
SRR10070150	Sediment	Bacteria	Bacteria	Myxococcota_A	Unclassified	Unclassified	Unclassified	0.00001691262454939936
SRR10070150	Sediment	Bacteria	Bacteria	ARS69	ARS69	ARS69	ARS69	0.000024160892213427657
SRR10070150	Sediment	Bacteria	Bacteria	Chloroflexota	Anaerolineae	Anaerolineales	RBG-16-64-43	0.00013892513022720904
SRR10070150	Sediment	Bacteria	Bacteria	Methylomirabilota	Methylomirabilia	CAVQYV01	CAVQYV01	0.00004107351676282701
SRR10070150	Sediment	Bacteria	Bacteria	Zixibacteria	MSB-5A5	GN15	FEB-12	0.00016429406705130805
SRR10070150	Sediment	Bacteria	Bacteria	Acidobacteriota	Aminicenantia	Aminicenantales	UBA4085	0.000043489605984169775
SRR10070150	Sediment	Bacteria	Bacteria	Zhuqueibacterota	QNDG01	QNDG01	DTFT01	0.000012080446106713828
SRR10070150	Sediment	Bacteria	Bacteria	Bacteroidota	Bacteroidia	Chitinophagales	CAIOSU01	0.00001812066916007074
SRR10070150	Sediment	Bacteria	Bacteria	Desulfobacterota	Binatia	HRBIN30	Unclassified	0.000021744802992084888
SRR10070150	Sediment	Bacteria	Bacteria	Acidobacteriota	Terriglobia	Unclassified	Unclassified	8.45631227469968e-6
SRR10070150	Sediment	Bacteria	Bacteria	Krumholzibacteriota	Krumholzibacteriia	Krumholzibacteriales	Krumholzibacteriaceae	0.00001570457993872798
SRR10070150	Sediment	Bacteria	Bacteria	Actinomycetota	Acidimicrobiia	IMCC26256	PALSA-555	0.000020536758381413506
SRR10070150	Sediment	Bacteria	Bacteria	Acidobacteriota	Aminicenantia	UBA2199	UBA2199	0.00006040223053356914
SRR10070150	Sediment	Bacteria	Bacteria	Chloroflexota	Anaerolineae	Fen-1058	Fen-1058	0.000024160892213427657
SRR10070150	Sediment	Bacteria	Bacteria	Desulfobacterota	GWC2-55-46	GWC2-55-46	GWC2-55-46	0.000012080446106713828
SRR10070150	Sediment	Archaea	Archaea	Asgardarchaeota	Lokiarchaeia	Sigyniarchaeales	Unclassified	0.00001570457993872798
SRR10070150	Sediment	Bacteria	Bacteria	Acidobacteriota	Polarisedimenticolia	Polarisedimenticolales	Unclassified	0.00003865742754148425
SRR10070150	Sediment	Bacteria	Bacteria	Myxococcota_A	Polyangia	Unclassified	Unclassified	0.000035033293709470104
SRR10070150	Sediment	Bacteria	Bacteria	Zixibacteria	MSB-5A5	GN15	PGXB01	0.00007248267664028296
SRR10070150	Sediment	Bacteria	Bacteria	Desulfobacterota	Desulfuromonadia	Desulfuromonadales	UBA2197	0.000032617204488127335
SRR10070150	Sediment	Bacteria	Bacteria	Pseudomonadota	Gammaproteobacteria	Pseudomonadales	UBA5518	0.00004590569520551255
SRR10070150	Sediment	Bacteria	Bacteria	Planctomycetota	GCA-002687715	GCA-002687715	CAIWVZ01	0.000022952847602756275
SRR10070150	Sediment	Bacteria	Bacteria	Spirochaetota	Spirochaetia	Treponematales	Rectinemataceae	0.000035033293709470104
SRR10070150	Sediment	Bacteria	Bacteria	Acidobacteriota	UBA6911	RPQK01	JADFOI01	0.00007127463202961159
SRR10070150	Sediment	Bacteria	Bacteria	Nitrospirota	JACRHJ01	JACRHJ01	JACRHJ01	0.0001328849071738521
SRR10070150	Sediment	Archaea	Archaea	Thermoproteota	Bathyarchaeia	Bathyarchaeales	Bathycorpusculaceae	0.000053153962869540844
SRR10070150	Sediment	Bacteria	Bacteria	Planctomycetota	Phycisphaerae	Sedimentisphaerales	Unclassified	0.00001570457993872798
SRR10070151	Sediment	Bacteria	Bacteria	Planctomycetota	Planctomycetia	Pirellulales	Pirellulaceae	0.000057492033246821506
SRR10070151	Sediment	Bacteria	Bacteria	Acidobacteriota	Terriglobia	20CM-2-55-15	20CM-2-55-15	0.00009992662921471357
SRR10070151	Sediment	Bacteria	Bacteria	Myxococcota_A	Polyangia	Polyangiales	Polyangiaceae	0.0001450989410515019
SRR10070151	Sediment	Bacteria	Bacteria	Bacteroidota	Bacteroidia	Flavobacteriales	Flavobacteriaceae	0.000052016601509028985
SRR10070151	Sediment	Bacteria	Bacteria	Methylomirabilota	Methylomirabilia	Rokubacteriales	CSP1-6	0.001565973477008662
SRR10070151	Sediment	Bacteria	Bacteria	Verrucomicrobiota	Verrucomicrobiia	Chthoniobacterales	UBA10450	0.0001943778266916346
SRR10070151	Sediment	Bacteria	Bacteria	Actinomycetota	Thermoleophilia	Gaiellales	Gaiellaceae	0.000052016601509028985
SRR10070151	Sediment	Bacteria	Bacteria	Pseudomonadota	Gammaproteobacteria	Burkholderiales	Burkholderiaceae_C	0.0006775846775518249
SRR10070151	Sediment	Unclassified	Unclassified	Unclassified	Unclassified	Unclassified	Unclassified	0.002151844672952462
SRR10070151	Sediment	Bacteria	Bacteria	Chloroflexota	Anaerolineae	UBA4142	SHND01	0.000019164011082273836
SRR10070151	Sediment	Archaea	Archaea	Halobacteriota	Methanosarcinia	Methanotrichales	Methanotrichaceae	0.000019164011082273836
SRR10070151	Sediment	Bacteria	Bacteria	Bacteroidota	Ignavibacteria	UBA10030	UBA6906	0.0005242725888936343
SRR10070151	Sediment	Bacteria	Bacteria	Pseudomonadota	Alphaproteobacteria	Rhizobiales	Beijerinckiaceae	0.00001231972141003318
SRR10070151	Sediment	Bacteria	Bacteria	Unclassified	Unclassified	Unclassified	Unclassified	0.004377607674365123
SRR10070151	Sediment	Bacteria	Bacteria	Pseudomonadota	Gammaproteobacteria	Xanthomonadales	Xanthomonadaceae	0.00014646779898595003
SRR10070151	Sediment	Bacteria	Bacteria	Chloroflexota	Limnocylindria	Limnocylindrales	CSP1-4	0.0006803223934207212
SRR10070151	Sediment	Bacteria	Bacteria	Pseudomonadota	Alphaproteobacteria	Rhizobiales	Xanthobacteraceae	0.00030936189318527766
SRR10070151	Sediment	Bacteria	Bacteria	Verrucomicrobiota	Verrucomicrobiia	Verrucomicrobiales	V1-33	0.00004654116977123646
SRR10070151	Sediment	Bacteria	Bacteria	Bacteroidota	Bacteroidia	Chitinophagales	Saprospiraceae	0.00004517231183678833
SRR10070151	Sediment	Bacteria	Bacteria	Desulfobacterota	Binatia	UBA9968	UBA9968	0.0006912732568963062
SRR10070151	Sediment	Bacteria	Bacteria	Planctomycetota	Brocadiia	Brocadiales	Brocadiaceae	0.000026008300754514493
SRR10070151	Sediment	Bacteria	Bacteria	Desulfobacterota	Binatia	Bin18	Bin18	0.000039696880098995805
SRR10070151	Sediment	Bacteria	Bacteria	Pseudomonadota	Gammaproteobacteria	Steroidobacterales	Steroidobacteraceae	0.001598826067435417
SRR10070151	Sediment	Bacteria	Bacteria	Actinomycetota	UBA4738	UBA4738	HRBIN12	0.00023681242265952672
SRR10070151	Sediment	Bacteria	Bacteria	Bacteroidota	Bacteroidia	Bacteroidales	UBA10428	0.0003559030629565141
SRR10070151	Sediment	Archaea	Archaea	Halobacteriota	Methanomicrobia	Methanomicrobiales	Methanospirillaceae	0.00009034462367357666
SRR10070151	Sediment	Bacteria	Bacteria	Acidobacteriota	Thermoanaerobaculia	Thermoanaerobaculales	Thermoanaerobaculaceae	0.00018616467908494583
SRR10070151	Sediment	Bacteria	Bacteria	Pseudomonadota	Alphaproteobacteria	Rhizobiales	Methyloligellaceae	0.0003531653470876179
SRR10070151	Sediment	Bacteria	Bacteria	Pseudomonadota	Gammaproteobacteria	Burkholderiales	Rhodocyclaceae	0.00068853554102741
SRR10070151	Sediment	Bacteria	Bacteria	Desulfobacterota	Desulfuromonadia	Geobacterales	Pseudopelobacteraceae	0.000281984734496315
SRR10070151	Sediment	Bacteria	Bacteria	Chloroflexota	Anaerolineae	Anaerolineales	DRKV01	0.000016426295213377573
SRR10070151	Sediment	Bacteria	Bacteria	Actinomycetota	Actinomycetes	Propionibacteriales	Nocardioidaceae	0.000016426295213377573
SRR10070151	Sediment	Bacteria	Bacteria	Acidobacteriota	Vicinamibacteria	Vicinamibacterales	UBA2999	0.0007145438417819244
SRR10070151	Sediment	Bacteria	Bacteria	Actinomycetota	Actinomycetes	Actinomycetales	Kineosporiaceae	0.00021627955364280472
SRR10070151	Sediment	Bacteria	Bacteria	Acidobacteriota	Terriglobia	Terriglobales	Acidobacteriaceae	0.00004791002770568459
SRR10070151	Sediment	Bacteria	Bacteria	Myxococcota	Myxococcia	Myxococcales	Myxococcaceae	0.00012456607203477994
SRR10070151	Sediment	Bacteria	Bacteria	Pseudomonadota	Gammaproteobacteria	Burkholderiales	SG8-41	0.0014934240064829111
SRR10070151	Sediment	Bacteria	Bacteria	Chloroflexota	Anaerolineae	Anaerolineales	UBA4823	0.0023530667893163376
SRR10070151	Sediment	Bacteria	Bacteria	Acidobacteriota	Vicinamibacteria	Vicinamibacterales	CAVVIG01	0.0001711072418060164
SRR10070151	Sediment	Archaea	Archaea	Thermoproteota	Nitrososphaeria	Nitrososphaerales	Nitrososphaeraceae	0.00008486919193578412
SRR10070151	Sediment	Bacteria	Bacteria	Nitrospirota	Thermodesulfovibrionia	Thermodesulfovibrionales	SM23-35	0.0024146653963665033
SRR10070151	Sediment	Bacteria	Bacteria	Acidobacteriota	Blastocatellia	Pyrinomonadales	Pyrinomonadaceae	0.00036822278436654727
SRR10070151	Sediment	Bacteria	Bacteria	Myxococcota_A	UBA9160	UBA9160	Unclassified	0.00006981175465685469
SRR10070151	Sediment	Bacteria	Bacteria	Acidobacteriota	Polarisedimenticolia	Polarisedimenticolales	DASRJG01	0.0001368857934448131
SRR10070151	Sediment	Bacteria	Bacteria	Pseudomonadota	Gammaproteobacteria	Burkholderiales	Unclassified	0.00026966501308628183
SRR10070151	Sediment	Bacteria	Bacteria	Pseudomonadota	Alphaproteobacteria	Sphingomonadales	Sphingomonadaceae	0.0001628940941993276
SRR10070151	Sediment	Bacteria	Bacteria	Bacteroidota	Ignavibacteria	Ignavibacteriales	Ignavibacteriaceae	0.0010417008881150277
SRR10070151	Sediment	Bacteria	Bacteria	Bacillota	Negativicutes	JARBTT01	JARBTT01	0.00003559030629565141
SRR10070151	Sediment	Bacteria	Bacteria	Chloroflexota	Limnocylindria	QHBO01	QHBO01	0.0001273037879036762
SRR10070151	Sediment	Bacteria	Bacteria	Pseudomonadota	Unclassified	Unclassified	Unclassified	0.00021080412190501222
SRR10070151	Sediment	Bacteria	Bacteria	Bacteroidota	Bacteroidia	Cytophagales	Cyclobacteriaceae	0.00019164011082273836
SRR10070151	Sediment	Bacteria	Bacteria	Pseudomonadota	Gammaproteobacteria	DSM-5130	Acidihalobacteraceae	0.000027377158688962624
SRR10070151	Sediment	Bacteria	Bacteria	Actinomycetota	Humimicrobiia	Humimicrobiales	Humimicrobiaceae	0.00002327058488561823
SRR10070151	Sediment	Bacteria	Bacteria	Acidobacteriota	Thermoanaerobaculia	UBA5066	Gp7-AA6	0.00032852590426755144
SRR10070151	Sediment	Bacteria	Bacteria	Nitrospirota	Thermodesulfovibrionia	Thermodesulfovibrionales	UBA6898	0.0022490335862982796
SRR10070151	Sediment	Bacteria	Bacteria	Bacteroidota	Bacteroidia	Chitinophagales	Chitinophagaceae	0.00020395983223277155
SRR10070151	Sediment	Bacteria	Bacteria	Chloroflexota	Dehalococcoidia	Dehalococcoidales	UBA3254	0.00004517231183678833
SRR10070151	Sediment	Bacteria	Bacteria	Pseudomonadota	Gammaproteobacteria	Burkholderiales	SG8-39	0.0026761172618460964
SRR10070151	Sediment	Bacteria	Bacteria	Chloroflexota	Anaerolineae	Aggregatilineales	UBA3940	0.00004927888564013272
SRR10070151	Sediment	Bacteria	Bacteria	Myxococcota_A	UBA9160	UBA9160	PR03	0.00008486919193578412
SRR10070151	Sediment	Bacteria	Bacteria	Bacillota	Clostridia	Peptostreptococcales	Peptostreptococcaceae	0.000020532869016721965
SRR10070151	Sediment	Bacteria	Bacteria	Zixibacteria	MSB-5A5	JAABVY01	JAHJOQ01	0.000020532869016721965
SRR10070151	Sediment	Bacteria	Bacteria	Acidobacteriota	Vicinamibacteria	Vicinamibacterales	SCN-69-37	0.0004927888564013272
SRR10070151	Sediment	Bacteria	Bacteria	Acidobacteriota	Blastocatellia	UBA7656	UBA7656	0.00035453420502206594
SRR10070151	Sediment	Bacteria	Bacteria	Bdellovibrionota	Bacteriovoracia	Bacteriovoracales	Bacteriovoracaceae	0.00003422144836120328
SRR10070151	Sediment	Bacteria	Bacteria	Pseudomonadota	Gammaproteobacteria	Burkholderiales	Casimicrobiaceae	0.000918503674014696
SRR10070151	Sediment	Bacteria	Bacteria	Myxococcota_A	Polyangia	Nannocystales	Nannocystaceae	0.000016426295213377573
SRR10070151	Sediment	Bacteria	Bacteria	Eisenbacteria	RBG-16-71-46	RBG-16-71-46	RBG-16-71-46	0.0005174282992213935
SRR10070151	Sediment	Bacteria	Bacteria	Myxococcota_A	UBA9160	SZUA-336	SZUA-336	0.00023407470679063044
SRR10070151	Sediment	Bacteria	Bacteria	Desulfobacterota	WTBG01	CAIYCZ01	CAIYCZ01	0.00004791002770568459
SRR10070151	Sediment	Bacteria	Bacteria	Acidobacteriota	Terriglobia	Acidiferrales	UBA7541	0.0000438034539023402
SRR10070151	Sediment	Bacteria	Bacteria	Actinomycetota	Actinomycetes	Streptomycetales	Streptomycetaceae	0.000015057437278929444
SRR10070151	Sediment	Bacteria	Bacteria	Eisenbacteria	RBG-16-71-46	SZUA-252	SZUA-252	0.00028472245036521127
SRR10070151	Sediment	Bacteria	Bacteria	Pseudomonadota	Alphaproteobacteria	Azospirillales	Azospirillaceae	5.475431737792525e-6
SRR10070151	Sediment	Bacteria	Bacteria	Chloroflexota	Dehalococcoidia	DSTF01	JALHUB01	0.00015604980452708694
SRR10070151	Sediment	Bacteria	Bacteria	Actinomycetota	Acidimicrobiia	Acidimicrobiales	DATKAS01	0.00003422144836120328
SRR10070151	Sediment	Bacteria	Bacteria	Gemmatimonadota	Gemmatimonadetes	Gemmatimonadales	Gemmatimonadaceae	0.00021217297983946033
SRR10070151	Sediment	Bacteria	Bacteria	Pseudomonadota	Alphaproteobacteria	Micropepsales	Micropepsaceae	0.00013277921964146872
SRR10070151	Sediment	Bacteria	Bacteria	Actinomycetota	Acidimicrobiia	Acidimicrobiales	VFJN01	8.213147606688786e-6
SRR10070151	Sediment	Bacteria	Bacteria	Methylomirabilota	Methylomirabilia	Rokubacteriales	DASRDR01	0.00011635292442809116
SRR10070151	Sediment	Bacteria	Bacteria	Pseudomonadota	Gammaproteobacteria	Burkholderiales	Usitatibacteraceae	0.000030114874557858888
SRR10070151	Sediment	Bacteria	Bacteria	Pseudomonadota	Gammaproteobacteria	Burkholderiales	Gallionellaceae	0.0009376676850969698
SRR10070151	Sediment	Bacteria	Bacteria	Eisenbacteria	RBG-16-71-46	JABDJR01	JABDJR01	0.000219017269511701
SRR10070151	Sediment	Bacteria	Bacteria	Gemmatimonadota	Gemmatimonadetes	Gemmatimonadales	GWC2-71-9	0.0005338545944347712
SRR10070151	Sediment	Bacteria	Bacteria	Krumholzibacteriota	Krumholzibacteriia	LZORAL124-64-63	LZORAL124-64-63	0.00013277921964146872
SRR10070151	Sediment	Bacteria	Bacteria	Campylobacterota	Campylobacteria	Campylobacterales	Sulfurimonadaceae	0.00009308233954247291
SRR10070151	Sediment	Bacteria	Bacteria	Orphanbacterota	Orphanbacteria	Orphanbacterales	Orphanbacteraceae	0.00010403320301805797
SRR10070151	Sediment	Bacteria	Bacteria	Bacteroidota	Bacteroidia	AKYH767-A	2013-40CM-41-45	9.582005541136918e-6
SRR10070151	Sediment	Bacteria	Bacteria	Bacillota	Clostridia	Saccharofermentanales	UBA5734	0.00004517231183678833
SRR10070151	Sediment	Bacteria	Bacteria	Bacteroidota	Bacteroidia	Bacteroidales	JAGOPY01	0.00007254947052575094
SRR10070151	Sediment	Bacteria	Bacteria	Verrucomicrobiota	Verrucomicrobiia	Opitutales	Opitutaceae	0.00016563181006822386
SRR10070151	Sediment	Bacteria	Bacteria	Chloroflexota	Dehalococcoidia	Lucifugimonadales	Unclassified	9.582005541136918e-6
SRR10070151	Sediment	Bacteria	Bacteria	Omnitrophota	Gorgyraeia	Gygaellales	Profunditerraquicolaceae	0.0001273037879036762
SRR10070151	Sediment	Bacteria	Bacteria	Chloroflexota	Anaerolineae	Anaerolineales	Unclassified	0.00008623804987023228
SRR10070151	Sediment	Bacteria	Bacteria	Pseudomonadota	Alphaproteobacteria	CACIAM-22H2	CACIAM-22H2	0.00006296746498461403
SRR10070151	Sediment	Bacteria	Bacteria	Acidobacteriota	Vicinamibacteria	Vicinamibacterales	2-12-FULL-66-21	0.000167000668002672
SRR10070151	Sediment	Bacteria	Bacteria	Pseudomonadota	Gammaproteobacteria	Burkholderiales	Sulfuricellaceae	0.0001368857934448131
SRR10070151	Sediment	Bacteria	Bacteria	Actinomycetota	Actinomycetes	Propionibacteriales	Propionibacteriaceae	8.213147606688786e-6
SRR10070151	Sediment	Bacteria	Bacteria	Pseudomonadota	Gammaproteobacteria	Xanthomonadales	Unclassified	0.00003148373249230701
SRR10070151	Sediment	Bacteria	Bacteria	Pseudomonadota	Alphaproteobacteria	Rhizobiales	Hyphomicrobiaceae	0.00005475431737792525
SRR10070151	Sediment	Bacteria	Bacteria	Acidobacteriota	Vicinamibacteria	Vicinamibacterales	JAMQPK01	0.00006844289672240655
SRR10070151	Sediment	Bacteria	Bacteria	Acidobacteriota	Terriglobia	Bryobacterales	Bryobacteraceae	0.00016426295213377572
SRR10070151	Sediment	Bacteria	Bacteria	Verrucomicrobiota	Verrucomicrobiia	Limisphaerales	JADLHS01	0.0004640428397779165
SRR10070151	Sediment	Bacteria	Bacteria	Myxococcota_A	Polyangia	Haliangiales	Haliangiaceae	0.00010266434508360985
SRR10070151	Sediment	Bacteria	Bacteria	Pseudomonadota	Gammaproteobacteria	Unclassified	Unclassified	0.00025323871787290427
SRR10070151	Sediment	Bacteria	Bacteria	Chloroflexota	Anaerolineae	CG2-30-64-16	CG2-30-64-16	0.00016015637833043133
SRR10070151	Sediment	Bacteria	Bacteria	Acidobacteriota	Thermoanaerobaculia	Multivoradales	JAGPDF01	0.00009855777128026544
SRR10070151	Sediment	Bacteria	Bacteria	Acidobacteriota	Aminicenantia	Aminicenantales	Unclassified	0.00011361520855919489
SRR10070151	Sediment	Bacteria	Bacteria	Desulfobacterota	DSM-4660	Desulfatiglandales	Desulfatiglandaceae	0.00043392796522005755
SRR10070151	Sediment	Bacteria	Bacteria	Pseudomonadota	Alphaproteobacteria	Rhizobiales	Rhizobiaceae	0.000020532869016721965
SRR10070151	Sediment	Bacteria	Bacteria	Pseudomonadota	Gammaproteobacteria	Steroidobacterales	Rariloculaceae	0.0003901245113177174
SRR10070151	Sediment	Bacteria	Bacteria	Chloroflexota	Dehalococcoidia	Tepidiformales	Tepidiformaceae	0.00009034462367357666
SRR10070151	Sediment	Bacteria	Bacteria	Chloroflexota	Dehalococcoidia	Dehalococcoidales	RBG-16-60-22	0.00021217297983946033
SRR10070151	Sediment	Bacteria	Bacteria	Spirochaetota	Spirochaetia	SZUA-6	DRHE01	0.0003312636201364477
SRR10070151	Sediment	Bacteria	Bacteria	Planctomycetota	Phycisphaerae	Sedimentisphaerales	Anaerobacaceae	0.0005612317531237338
SRR10070151	Sediment	Bacteria	Bacteria	Pseudomonadota	Alphaproteobacteria	Rhodobacterales	Rhodobacteraceae	0.0001368857934448131
SRR10070151	Sediment	Bacteria	Bacteria	Acidobacteriota	Thermoanaerobaculia	Gp7-AA8	Gp7-AA8	0.0003312636201364477
SRR10070151	Sediment	Bacteria	Bacteria	Acidobacteriota	Polarisedimenticolia	Polarisedimenticolales	DASUFT01	0.00006981175465685469
SRR10070151	Sediment	Bacteria	Bacteria	Zixibacteria	MSB-5A5	GN15	JAAZOE01	0.0000615986070501659
SRR10070151	Sediment	Bacteria	Bacteria	Desulfobacterota	Syntrophia	Syntrophales	Fen-1087	0.00040107537479330244
SRR10070151	Sediment	Bacteria	Bacteria	Chloroflexota	Dehalococcoidia	SM23-28-2	SM23-28-2	0.00017384495767491266
SRR10070151	Sediment	Bacteria	Bacteria	Planctomycetota	JAJSAM01	JAJSAM01	JAKLKS01	0.000016426295213377573
SRR10070151	Sediment	Bacteria	Bacteria	Verrucomicrobiota	Verrucomicrobiia	Limisphaerales	SIBE01	0.000028746016623410753
SRR10070151	Sediment	Bacteria	Bacteria	Pseudomonadota	Alphaproteobacteria	Caulobacterales	Caulobacteraceae	0.00001095086347558505
SRR10070151	Sediment	Bacteria	Bacteria	Planctomycetota	Phycisphaerae	SM23-33	SM23-33	0.00006570518085351029
SRR10070151	Sediment	Bacteria	Bacteria	Desulfobacterota	Desulfuromonadia	Geobacterales	Geobacteraceae	0.0006036663490916258
SRR10070151	Sediment	Bacteria	Bacteria	Methylomirabilota	Methylomirabilia	Methylomirabilales	2-02-FULL-66-22	0.0005475431737792524
SRR10070151	Sediment	Bacteria	Bacteria	Pseudomonadota	Gammaproteobacteria	Pseudomonadales	Pseudomonadaceae	0.000057492033246821506
SRR10070151	Sediment	Bacteria	Bacteria	Desulfobacterota	DSWW01	DSWW01	DSWW01	0.00007665604432909535
SRR10070151	Sediment	Bacteria	Bacteria	Desulfobacterota	Binatia	HRBIN30	CADEER01	0.000032852590426755145
SRR10070151	Sediment	Bacteria	Bacteria	Planctomycetota	Planctomycetia	Planctomycetales	Planctomycetaceae	0.000020532869016721965
SRR10070151	Sediment	Bacteria	Bacteria	Bacillota	Clostridia	Clostridiales	Clostridiaceae	0.00006707403878795843
SRR10070151	Sediment	Bacteria	Bacteria	Acidobacteriota	UBA6911	UBA6911	UBA6911	0.0015262765969096662
SRR10070151	Sediment	Bacteria	Bacteria	Planctomycetota	Phycisphaerae	Tepidisphaerales	Tepidisphaeraceae	0.000027377158688962624
SRR10070151	Sediment	Bacteria	Bacteria	Desulfobacterota	Syntrophorhabdia	Syntrophorhabdales	Syntrophorhabdaceae	0.00004106573803344393
SRR10070151	Sediment	Bacteria	Bacteria	Desulfobacterota	Desulfobulbia	Desulfobulbales	VMSU01	0.00018205810528160144
SRR10070151	Sediment	Bacteria	Bacteria	Chloroflexota	Anaerolineae	UBA4142	UBA4142	0.000019164011082273836
SRR10070151	Sediment	Bacteria	Bacteria	Hydrogenedentota	Hydrogenedentia	Hydrogenedentales	GCA-2746185	0.00002327058488561823
SRR10070151	Sediment	Bacteria	Bacteria	Pseudomonadota	Gammaproteobacteria	Xanthomonadales	Ahniellaceae	0.000013688579344481312
SRR10070151	Sediment	Archaea	Archaea	Thermoproteota	Bathyarchaeia	TCS64	TCS64	0.00006981175465685469
SRR10070151	Sediment	Bacteria	Bacteria	Pseudomonadota	Alphaproteobacteria	Caulobacterales	Aquidulcibacteraceae	0.000019164011082273836
SRR10070151	Sediment	Bacteria	Bacteria	Desulfobacterota	SM23-61	SM23-61	SM23-61	0.0007706670170942978
SRR10070151	Sediment	Bacteria	Bacteria	Verrucomicrobiota	Verrucomicrobiia	Palsa-1439	Palsa-1439	0.00004654116977123646
SRR10070151	Sediment	Bacteria	Bacteria	Chloroflexota	Anaerolineae	Anaerolineales	Villigracilaceae	0.0001889023949538421
SRR10070151	Sediment	Bacteria	Bacteria	Pseudomonadota	Gammaproteobacteria	Steroidobacterales	Unclassified	0.0000219017269511701
SRR10070151	Sediment	Bacteria	Bacteria	Bacteroidota	Bacteroidia	Bacteroidales	VadinHA17	0.001616621220583243
SRR10070151	Sediment	Bacteria	Bacteria	Zixibacteria	MSB-5A5	WJJR01	WJJR01	0.00034084562567758466
SRR10070151	Sediment	Bacteria	Bacteria	Nitrospirota	UBA9217	UBA9217	UBA9217	0.00038738679544882116
SRR10070151	Sediment	Bacteria	Bacteria	Pseudomonadota	Gammaproteobacteria	Pseudomonadales	Azotimanducaceae	0.0001533120886581907
SRR10070151	Sediment	Bacteria	Bacteria	Chloroflexota	Anaerolineae	Aggregatilineales	Aggregatilineaceae	0.00018342696321604958
SRR10070151	Sediment	Bacteria	Bacteria	Verrucomicrobiota	Verrucomicrobiia	Verrucomicrobiales	Akkermansiaceae	0.0003791736478421324
SRR10070151	Sediment	Bacteria	Bacteria	Patescibacteriota	Saccharimonadia	UBA4664	UBA4664	0.00003422144836120328
SRR10070151	Sediment	Bacteria	Bacteria	Planctomycetota	Unclassified	Unclassified	Unclassified	0.0002149106957083566
SRR10070151	Sediment	Bacteria	Bacteria	Planctomycetota	UBA1135	UBA1135	GCA-002686595	0.000052016601509028985
SRR10070151	Sediment	Bacteria	Bacteria	Pseudomonadota	Gammaproteobacteria	Acidiferrobacterales	Unclassified	0.00007939376019799161
SRR10070151	Sediment	Bacteria	Bacteria	Zhuqueibacterota	Zhuqueibacteria	Zhuqueibacterales	Zhuqueibacteraceae	0.0000219017269511701
SRR10070151	Sediment	Bacteria	Bacteria	Elusimicrobiota	Elusimicrobia	UBA1565	UBA9628	6.844289672240656e-6
SRR10070151	Sediment	Bacteria	Bacteria	Verrucomicrobiota	Verrucomicrobiia	Limisphaerales	Unclassified	0.00013277921964146872
SRR10070151	Sediment	Bacteria	Bacteria	Pseudomonadota	Alphaproteobacteria	Rhizobiales	Aestuariivirgaceae	0.000198484400494979
SRR10070151	Sediment	Bacteria	Bacteria	Acidobacteriota	HRBIN11	JAKEFK01	JAKEFK01	0.00011224635062474675
SRR10070151	Sediment	Bacteria	Bacteria	Pseudomonadota	Gammaproteobacteria	Burkholderiales	Burkholderiaceae_F	0.0007679293012254016
SRR10070151	Sediment	Bacteria	Bacteria	Gemmatimonadota	Gemmatimonadetes	Gemmatimonadales	Unclassified	0.00003148373249230701
SRR10070151	Sediment	Bacteria	Bacteria	Myxococcota_A	UBA9160	UBA9160	SMWR01	0.0003216816145953108
SRR10070151	Sediment	Bacteria	Bacteria	JAJVIF01	JAJVIF01	JAPKYR01	JAPKYR01	0.00003695916423009954
SRR10070151	Sediment	Bacteria	Bacteria	Chloroflexota	Dehalococcoidia	SM23-28-2	RBG-16-64-32	0.0002450255702662155
SRR10070151	Sediment	Bacteria	Bacteria	Pseudomonadota	Gammaproteobacteria	Burkholderiales	JACQAP01	0.0007364455687330945
SRR10070151	Sediment	Bacteria	Bacteria	Desulfobacterota	BSN033	BSN033	UBA1163	0.002224394143478213
SRR10070151	Sediment	Bacteria	Bacteria	Patescibacteriota	Saccharimonadia	Saccharimonadales	Unclassified	0.000017795153147825705
SRR10070151	Sediment	Bacteria	Bacteria	Verrucomicrobiota	Verrucomicrobiia	Limisphaerales	UBA8199	0.0003271570463331034
SRR10070151	Sediment	Bacteria	Bacteria	Pseudomonadota	Gammaproteobacteria	Burkholderiales	Thiobacillaceae	0.0009458808327036587
SRR10070151	Sediment	Bacteria	Bacteria	Acidobacteriota	Vicinamibacteria	Vicinamibacterales	Fen-181	0.0004051819485966469
SRR10070151	Sediment	Bacteria	Bacteria	Acidobacteriota	Thermoanaerobaculia	Thermoanaerobaculales	Sulfomarinibacteraceae	0.0006009286332227296
SRR10070151	Sediment	Bacteria	Bacteria	Chloroflexota	Anaerolineae	Caldilineales	Caldilineaceae	0.000056123175312373374
SRR10070151	Sediment	Bacteria	Bacteria	Bacillota	Bacilli	Paenibacillales	Paenibacillaceae	0.000030114874557858888
SRR10070151	Sediment	Bacteria	Bacteria	Desulfobacterota	Desulfuromonadia	Desulfuromonadales	Unclassified	0.00003559030629565141
SRR10070151	Sediment	Bacteria	Bacteria	Actinomycetota	Acidimicrobiia	Acidimicrobiales	Unclassified	0.000019164011082273836
SRR10070151	Sediment	Bacteria	Bacteria	Pseudomonadota	Gammaproteobacteria	Burkholderiales	Burkholderiaceae_D	0.00001095086347558505
SRR10070151	Sediment	Bacteria	Bacteria	Chloroflexota	Dehalococcoidia	Dehalococcoidales	UBA1222	0.000027377158688962624
SRR10070151	Sediment	Bacteria	Bacteria	Chloroflexota	Anaerolineae	Aggregatilineales	Unclassified	0.000056123175312373374
SRR10070151	Sediment	Bacteria	Bacteria	Pseudomonadota	Alphaproteobacteria	Rhodospirillales	Defluviicoccaceae	0.000017795153147825705
SRR10070151	Sediment	Bacteria	Bacteria	Desulfobacterota	Desulfobulbia	Desulfobulbales	Unclassified	0.00006707403878795843
SRR10070151	Sediment	Bacteria	Bacteria	Desulfobacterota	DSM-4660	Desulfatiglandales	HGW-15	0.0006351500815839329
SRR10070151	Sediment	Bacteria	Bacteria	Nitrospirota	Nitrospiria	Nitrospirales	Nitrospiraceae	0.0013072593273979654
SRR10070151	Sediment	Bacteria	Bacteria	Armatimonadota	Zipacnadia	Zipacnadales	VGFC01	0.000032852590426755145
SRR10070151	Sediment	Bacteria	Bacteria	Myxococcota_A	Polyangia	Fen-1088	Fen-1088	0.000083500334001336
SRR10070151	Sediment	Bacteria	Bacteria	Myxococcota_A	Polyangia	GCA-2747355	GCA-2747355	0.000060229749115717776
SRR10070151	Sediment	Bacteria	Bacteria	Acidobacteriota	Vicinamibacteria	Vicinamibacterales	CAVPJW01	0.00005475431737792525
SRR10070151	Sediment	Bacteria	Bacteria	Pseudomonadota	Gammaproteobacteria	Xanthomonadales	SZUA-36	0.00031894389872641455
SRR10070151	Sediment	Bacteria	Bacteria	Chloroflexota	Dehalococcoidia	DSTF01	WHTK01	0.00010540206095250611
SRR10070151	Sediment	Bacteria	Bacteria	Armatimonadota	UBA5829	UBA5829	UBA5829	0.00014783665692039816
SRR10070151	Sediment	Bacteria	Bacteria	Armatimonadota	UBA5829	DTJY01	DTJY01	0.000019164011082273836
SRR10070151	Sediment	Bacteria	Bacteria	UBA10199	UBA10199	2-02-FULL-44-16	JAAZCA01	0.00012593492996922805
SRR10070151	Sediment	Bacteria	Bacteria	Bacillota	Bacilli	Unclassified	Unclassified	0.000020532869016721965
SRR10070151	Sediment	Bacteria	Bacteria	Desulfobacterota	Binatia	UBA1149	CAYXZP01	0.00003832802216454767
SRR10070151	Sediment	Bacteria	Bacteria	Acidobacteriota	Blastocatellia	UBA7656	JADIYM01	0.00002463944282006636
SRR10070151	Sediment	Bacteria	Bacteria	Acidobacteriota	Terriglobia	Versatilivoradales	Versatilivoraceae	0.0001683695259371201
SRR10070151	Sediment	Bacteria	Bacteria	Zixibacteria	MSB-5A5	Unclassified	Unclassified	0.00006433632291906217
SRR10070151	Sediment	Bacteria	Bacteria	Bacillota	Clostridia	Acetivibrionales	DTU013	0.0000438034539023402
SRR10070151	Sediment	Bacteria	Bacteria	Acidobacteriota	Thermoanaerobaculia	UBA5066	UBA5066	0.00005338545944347712
SRR10070151	Sediment	Bacteria	Bacteria	Hydrogenedentota	Hydrogenedentia	Hydrogenedentales	SLHB01	0.00007391832846019908
SRR10070151	Sediment	Bacteria	Bacteria	Chloroflexota	Anaerolineae	4572-78	J111	0.0001492055148548463
SRR10070151	Sediment	Bacteria	Bacteria	Desulfobacterota	Desulfobaccia	Desulfobaccales	0-14-0-80-60-11	0.0018808108019317323
SRR10070151	Sediment	Bacteria	Bacteria	Verrucomicrobiota	Lentisphaeria	Victivallales	GWF2-50-93	0.00004106573803344393
SRR10070151	Sediment	Bacteria	Bacteria	Acidobacteriota	Vicinamibacteria	Fen-336	Fen-336	0.0007692981591598498
SRR10070151	Sediment	Bacteria	Bacteria	Chloroflexota	Anaerolineae	Anaerolineales	Anaerolineaceae	0.000032852590426755145
SRR10070151	Sediment	Bacteria	Bacteria	Pseudomonadota	Alphaproteobacteria	Unclassified	Unclassified	0.00021627955364280472
SRR10070151	Sediment	Bacteria	Bacteria	Actinomycetota	Acidimicrobiia	Spongiisociales	UBA11373	0.00004243459596789206
SRR10070151	Sediment	Bacteria	Bacteria	Bacteroidota	Bacteroidia	Bacteroidales	Prolixibacteraceae	0.00014646779898595003
SRR10070151	Sediment	Bacteria	Bacteria	Planctomycetota	Phycisphaerae	Phycisphaerales	SM1A02	0.000020532869016721965
SRR10070151	Sediment	Bacteria	Bacteria	Eisenbacteria	RBG-16-71-46	RBG-16-71-46	DASYSL01	0.000039696880098995805
SRR10070151	Sediment	Bacteria	Bacteria	Actinomycetota	Actinomycetes	Mycobacteriales	Mycobacteriaceae	0.000032852590426755145
SRR10070151	Sediment	Bacteria	Bacteria	Pseudomonadota	Alphaproteobacteria	Rhizobiales	Kaistiaceae	0.000030114874557858888
SRR10070151	Sediment	Bacteria	Bacteria	JAUVQV01	JAUVQV01	JAUVQV01	DATDCY01	0.0001409923672481575
SRR10070151	Sediment	Bacteria	Bacteria	Planctomycetota	Planctomycetia	Pirellulales	Lacipirellulaceae	0.00011087749269029862
SRR10070151	Sediment	Bacteria	Bacteria	Acidobacteriota	Vicinamibacteria	Vicinamibacterales	Unclassified	0.0003120996090541739
SRR10070151	Sediment	Bacteria	Bacteria	Desulfobacterota	Syntrophia	Syntrophales	Smithellaceae	0.000016426295213377573
SRR10070151	Sediment	Bacteria	Bacteria	Eisenbacteria	RBG-16-71-46	CAIMUX01	VGJL01	0.00016426295213377572
SRR10070151	Sediment	Bacteria	Bacteria	Planctomycetota	UBA1135	UBA1135	UBA2386	0.00004243459596789206
SRR10070151	Sediment	Bacteria	Bacteria	Spirochaetota	Spirochaetia	SZUA-6	Fen-1364	0.0001943778266916346
SRR10070151	Sediment	Bacteria	Bacteria	Armatimonadota	Zipacnadia	Zipacnadales	UBA11051	0.000030114874557858888
SRR10070151	Sediment	Bacteria	Bacteria	Verrucomicrobiota	Verrucomicrobiia	Chthoniobacterales	Terrimicrobiaceae	0.0002901978821030038
SRR10070151	Sediment	Bacteria	Bacteria	Desulfobacterota	JAZDOA01	JAZDOA01	JAZDOA01	0.00002327058488561823
SRR10070151	Sediment	Bacteria	Bacteria	Patescibacteriota	Saccharimonadia	Saccharimonadales	Saccharimonadaceae	0.00019164011082273836
SRR10070151	Sediment	Bacteria	Bacteria	Pseudomonadota	Alphaproteobacteria	Acetobacterales	Acetobacteraceae	0.000026008300754514493
SRR10070151	Sediment	Bacteria	Bacteria	Planctomycetota	Brocadiia	CAIUPP01	CAIUPP01	0.0000876069078046804
SRR10070151	Sediment	Bacteria	Bacteria	Myxococcota_A	UBA9160	UBA9160	UBA6930	0.00042845253348226505
SRR10070151	Sediment	Bacteria	Bacteria	Bipolaricaulota	Bipolaricaulia	UBA7950	UBA9294	0.000028746016623410753
SRR10070151	Sediment	Bacteria	Bacteria	Acidobacteriota	Vicinamibacteria	Marinacidobacterales	DATDRI01	0.000016426295213377573
SRR10070151	Sediment	Bacteria	Bacteria	Krumholzibacteriota	Krumholzibacteriia	G020349025	G020349025	0.0001095086347558505
SRR10070151	Sediment	Bacteria	Bacteria	Chloroflexota	Anaerolineae	JAAYEA01	JAAYEA01	9.582005541136918e-6
SRR10070151	Sediment	Bacteria	Bacteria	Desulfobacterota	Binatia	UTPRO1	UTPRO1	0.000057492033246821506
SRR10070151	Sediment	Bacteria	Bacteria	Bacillota	Clostridia	Peptostreptococcales	Acidaminobacteraceae	0.000015057437278929444
SRR10070151	Sediment	Bacteria	Bacteria	Chloroflexota	Anaerolineae	Aggregatilineales	Phototrophicaceae	0.00009582005541136918
SRR10070151	Sediment	Bacteria	Bacteria	Desulfobacterota	Syntrophobacteria	Syntrophobacterales	Syntrophobacteraceae	0.0003531653470876179
SRR10070151	Sediment	Bacteria	Bacteria	Desulfobacterota	Binatia	DP-6	DP-6	0.0002203861274461491
SRR10070151	Sediment	Bacteria	Bacteria	Chloroflexota	Dehalococcoidia	Dehalococcoidales	Unclassified	0.00015468094659263883
SRR10070151	Sediment	Bacteria	Bacteria	Pseudomonadota	Gammaproteobacteria	Burkholderiales	Methylophilaceae	0.000015057437278929444
SRR10070151	Sediment	Bacteria	Bacteria	Acidobacteriota	Aminicenantia	Aminicenantales	UBA8522	0.00004927888564013272
SRR10070151	Sediment	Bacteria	Bacteria	Acidobacteriota	Holophagae	Holophagales	Holophagaceae	0.000056123175312373374
SRR10070151	Sediment	Bacteria	Bacteria	Desulfobacterota	Zymogenia	Zymogenales	Zymogenaceae	0.00004927888564013272
SRR10070151	Sediment	Bacteria	Bacteria	Hydrogenedentota	Hydrogenedentia	Hydrogenedentales	Unclassified	0.000013688579344481312
SRR10070151	Sediment	Bacteria	Bacteria	Krumholzibacteriota	Krumholzibacteriia	WVZY01	JAKEHA01	0.00019574668462608275
SRR10070151	Sediment	Bacteria	Bacteria	Pseudomonadota	Alphaproteobacteria	Dongiales	Dongiaceae	0.0003887556533832692
SRR10070151	Sediment	Bacteria	Bacteria	Bacteroidota	Ignavibacteria	Tepidaquicellales	OLB5	0.0002244927012494935
SRR10070151	Sediment	Bacteria	Bacteria	Spirochaetota	Leptospiria	Leptospirales	Leptonemataceae	0.000058860891181269645
SRR10070151	Sediment	Bacteria	Bacteria	Acidobacteriota	Blastocatellia	RBC074	RBC074	0.00003422144836120328
SRR10070151	Sediment	Bacteria	Bacteria	Desulfobacterota	Desulfobaccia	Desulfobaccales	Desulfobaccaceae	0.000019164011082273836
SRR10070151	Sediment	Bacteria	Bacteria	Pseudomonadota	Gammaproteobacteria	Methylococcales	Methylomonadaceae	0.000026008300754514493
SRR10070151	Sediment	Bacteria	Bacteria	4484-113	4484-113	4484-113	JAFGCY01	0.00012045949823143555
SRR10070151	Sediment	Bacteria	Bacteria	Planctomycetota	Planctomycetia	Gemmatales	HRBIN36	9.582005541136918e-6
SRR10070151	Sediment	Bacteria	Bacteria	Desulfobacterota	Desulfobacteria	Desulfobacterales	SpSt-501	0.0003709605002354435
SRR10070151	Sediment	Bacteria	Bacteria	Pseudomonadota	Gammaproteobacteria	Steroidobacterales	GCA-2729495	0.0002244927012494935
SRR10070151	Sediment	Bacteria	Bacteria	Desulfobacterota	Desulfobulbia	Desulfobulbales	Desulfocapsaceae	0.00010266434508360985
SRR10070151	Sediment	Bacteria	Bacteria	Desulfobacterota	WTBG01	JAGOGO01	JAGOGO01	0.00009034462367357666
SRR10070151	Sediment	Bacteria	Bacteria	Planctomycetota	Planctomycetia	Pirellulales	JADZDJ01	0.00001231972141003318
SRR10070151	Sediment	Bacteria	Bacteria	Pseudomonadota	Alphaproteobacteria	Geminicoccales	Geminicoccaceae	0.00004243459596789206
SRR10070151	Sediment	Bacteria	Bacteria	Chloroflexota	Anaerolineae	UBA1429	UBA1429	0.00007254947052575094
SRR10070151	Sediment	Bacteria	Bacteria	Verrucomicrobiota	Verrucomicrobiia	Limisphaerales	DASXHY01	0.00001095086347558505
SRR10070151	Sediment	Bacteria	Bacteria	Desulfobacterota	RBG-13-43-22	RBG-13-43-22	RBG-13-43-22	0.00008897576573912853
SRR10070151	Sediment	Bacteria	Bacteria	Acidobacteriota	Terriglobia	UBA7540	UBA7540	0.00008897576573912853
SRR10070151	Sediment	Bacteria	Bacteria	Desulfobacterota_D	UBA1144	Nemesobacterales	UBA2774	0.0002053286901672197
SRR10070151	Sediment	Bacteria	Bacteria	Pseudomonadota	Gammaproteobacteria	Pseudomonadales	Halieaceae	0.00011087749269029862
SRR10070151	Sediment	Archaea	Archaea	Nanobdellota	Nanobdellia	Pacearchaeales	GW2011-AR1	0.00003832802216454767
SRR10070151	Sediment	Archaea	Archaea	Thermoproteota	Nitrososphaeria	Nitrososphaerales	Nitrosopumilaceae	0.00012867264583812433
SRR10070151	Sediment	Bacteria	Bacteria	Desulfobacterota	Desulfuromonadia	Geobacterales	DSM-12255	0.0000438034539023402
SRR10070151	Sediment	Bacteria	Bacteria	Bacillota	Bacilli	Bacillales	Cytobacillaceae	0.00007665604432909535
SRR10070151	Sediment	Bacteria	Bacteria	Acidobacteriota	Unclassified	Unclassified	Unclassified	0.000013688579344481312
SRR10070151	Sediment	Bacteria	Bacteria	Moduliflexota	Moduliflexia	Moduliflexales	Moduliflexaceae	0.00002327058488561823
SRR10070151	Sediment	Bacteria	Bacteria	Pseudomonadota	Gammaproteobacteria	Burkholderiales	SHXO01	0.000302517603513037
SRR10070151	Sediment	Bacteria	Bacteria	Desulfobacterota	Binatia	UBA1149	CAITLU01	0.00004517231183678833
SRR10070151	Sediment	Bacteria	Bacteria	Desulfobacterota	Desulfobacteria	Desulfobacterales	SURF-7	0.00009855777128026544
SRR10070151	Sediment	Bacteria	Bacteria	Methylomirabilota	Methylomirabilia	Methylomirabilales	Methylomirabilaceae	0.00008076261813243973
SRR10070151	Sediment	Bacteria	Bacteria	UBA10199	UBA10199	DSSB01	DSSB01	0.000019164011082273836
SRR10070151	Sediment	Bacteria	Bacteria	Pseudomonadota	Alphaproteobacteria	Rhizobiales	Afifellaceae	0.000015057437278929444
SRR10070151	Sediment	Bacteria	Bacteria	Nitrospirota	Thermodesulfovibrionia	UBA6902	UBA6902	0.000013688579344481312
SRR10070151	Sediment	Bacteria	Bacteria	Bacteroidota	Ignavibacteria	UBA10030	UBA10030	0.00004654116977123646
SRR10070151	Sediment	Bacteria	Bacteria	Verrucomicrobiota	Verrucomicrobiia	Limisphaerales	UBA11358	0.00005475431737792525
SRR10070151	Sediment	Bacteria	Bacteria	Krumholzibacteriota	Krumholzibacteriia	JAJRXK01	JAJRXK01	0.000019164011082273836
SRR10070151	Sediment	Bacteria	Bacteria	Pseudomonadota	Alphaproteobacteria	UBA828	UBA828	0.000039696880098995805
SRR10070151	Sediment	Bacteria	Bacteria	Electryoneota	RPQS01	RPQS01	RPQS01	0.00003148373249230701
SRR10070151	Sediment	Bacteria	Bacteria	Bacteroidota	Bacteroidia	Bacteroidales	FEN-979	0.00002327058488561823
SRR10070151	Sediment	Bacteria	Bacteria	Desulfobacterota	Desulfobacteria	Desulfobacterales	RPRI01	0.000058860891181269645
SRR10070151	Sediment	Bacteria	Bacteria	Acidobacteriota	Polarisedimenticolia	Gp22-AA2	Gp22-AA2	0.000039696880098995805
SRR10070151	Sediment	Bacteria	Bacteria	Chloroflexota	Ktedonobacteria	Ktedonobacterales	Ktedonobacteraceae	0.00002327058488561823
SRR10070151	Sediment	Bacteria	Bacteria	Acidobacteriota	Terriglobia	Acidiferrales	2-02-FULL-67-57	0.000083500334001336
SRR10070151	Sediment	Bacteria	Bacteria	Pseudomonadota	Gammaproteobacteria	Legionellales	Legionellaceae	0.00004517231183678833
SRR10070151	Sediment	Bacteria	Bacteria	Chloroflexota	Anaerolineae	Anaerolineales	UBA11579	9.582005541136918e-6
SRR10070151	Sediment	Bacteria	Bacteria	Acidobacteriota	Terriglobia	2-12-FULL-54-10	2-12-FULL-54-10	0.00004106573803344393
SRR10070151	Sediment	Bacteria	Bacteria	Desulfobacterota	Desulfobacteria	Desulfobacterales	Desulfosalsimonadaceae	0.0001683695259371201
SRR10070151	Sediment	Bacteria	Bacteria	Actinomycetota	Actinomycetes	Mycobacteriales	Micromonosporaceae	0.000039696880098995805
SRR10070151	Sediment	Bacteria	Bacteria	Acidobacteriota	Thermoanaerobaculia	Multivoradales	Unclassified	0.000017795153147825705
SRR10070151	Sediment	Bacteria	Bacteria	Desulfobacterota	Desulfobulbia	Desulfobulbales	Desulfurivibrionaceae	0.000219017269511701
SRR10070151	Sediment	Bacteria	Bacteria	Zixibacteria	MSB-5A5	CAIYYT01	CAIYYT01	0.0002518698599384561
SRR10070151	Sediment	Bacteria	Bacteria	Bacteroidota	Bacteroidia	Bacteroidales	Unclassified	0.00005475431737792525
SRR10070151	Sediment	Bacteria	Bacteria	Desulfobacterota	Desulfobulbia	Desulfobulbales	Desulfobulbaceae	0.0001533120886581907
SRR10070151	Sediment	Bacteria	Bacteria	Zixibacteria	MSB-5A5	UBA10806	UBA10806	0.00005064774357458086
SRR10070151	Sediment	Bacteria	Bacteria	Actinomycetota	Coriobacteriia	Anaerosomatales	PHET01	0.000030114874557858888
SRR10070151	Sediment	Bacteria	Bacteria	Pseudomonadota	Gammaproteobacteria	Burkholderiales	JAEUMW01	0.000032852590426755145
SRR10070151	Sediment	Bacteria	Bacteria	Verrucomicrobiota	Verrucomicrobiia	Limisphaerales	SIBH01	0.00003559030629565141
SRR10070151	Sediment	Bacteria	Bacteria	Desulfobacterota	Unclassified	Unclassified	Unclassified	0.00004517231183678833
SRR10070151	Sediment	Bacteria	Bacteria	Desulfobacterota	Desulfuromonadia	Desulfuromonadales	Syntrophotaleaceae	0.00011909064029698741
SRR10070151	Sediment	Bacteria	Bacteria	Krumholzibacteriota	Krumholzibacteriia	Unclassified	Unclassified	0.00010540206095250611
SRR10070151	Sediment	Bacteria	Bacteria	Bacillota	Clostridia	Acetivibrionales	Unclassified	0.000020532869016721965
SRR10070151	Sediment	Bacteria	Bacteria	Chloroflexota	Anaerolineae	Anaerolineales	E44-bin32	0.00042571481761336877
SRR10070151	Sediment	Bacteria	Bacteria	Spirochaetota	Spirochaetia	Treponematales	Breznakiellaceae	0.000017795153147825705
SRR10070151	Sediment	Bacteria	Bacteria	Acidobacteriota	UBA4820	UBA4820	DSQY01	0.0000219017269511701
SRR10070151	Sediment	Bacteria	Bacteria	Acidobacteriota	Aminicenantia	Aminicenantales	Saccharicenantaceae	0.0012511361520855919
SRR10070151	Sediment	Bacteria	Bacteria	Chloroflexota	Dehalococcoidia	Unclassified	Unclassified	0.00003148373249230701
SRR10070151	Sediment	Bacteria	Bacteria	Nitrospirota	Thermodesulfovibrionia	Thermodesulfovibrionales	Unclassified	0.00003148373249230701
SRR10070151	Sediment	Bacteria	Bacteria	Pseudomonadota	Gammaproteobacteria	Acidiferrobacterales	Sulfurifustaceae	0.0000971889133458173
SRR10070151	Sediment	Bacteria	Bacteria	Desulfobacterota	Syntrophorhabdia	Syntrophorhabdales	WCHB1-27	0.00009855777128026544
SRR10070151	Sediment	Bacteria	Bacteria	Oederibacteriota	JAAXVQ01	JAAXVQ01	JAAXVQ01	0.000015057437278929444
SRR10070151	Sediment	Bacteria	Bacteria	Chloroflexota	Dehalococcoidia	UBA2979	UBA2979	0.00002463944282006636
SRR10070151	Sediment	Bacteria	Bacteria	Chloroflexota	Anaerolineae	JAAYZQ01	JAAYZQ01	0.00032852590426755144
SRR10070151	Sediment	Bacteria	Bacteria	Desulfobacterota	Deferrimicrobia	Deferrimicrobiales	Deferrimicrobiaceae	0.0026227318024026197
SRR10070151	Sediment	Bacteria	Bacteria	Desulfobacterota	Desulfobulbia	Desulfobulbales	SURF-16	0.000020532869016721965
SRR10070151	Sediment	Bacteria	Bacteria	Calditrichota	Calditrichia	JAJRVZ01	JAJRVZ01	0.00006570518085351029
SRR10070151	Sediment	Bacteria	Bacteria	Krumholzibacteriota	Krumholzibacteriia	JACNKJ01	JACNKJ01	0.00004791002770568459
SRR10070151	Sediment	Bacteria	Bacteria	Planctomycetota	PLA2	PLA2	PLA2	0.0000219017269511701
SRR10070151	Sediment	Bacteria	Bacteria	Pseudomonadota	Alphaproteobacteria	Reyranellales	Reyranellaceae	8.213147606688786e-6
SRR10070151	Sediment	Bacteria	Bacteria	Synergistota	Synergistia	Synergistales	Synergistaceae	0.00002463944282006636
SRR10070151	Sediment	Bacteria	Bacteria	Desulfobacterota	Desulfomonilia	Desulfomonilales	Desulfomonilaceae	0.0001273037879036762
SRR10070151	Sediment	Bacteria	Bacteria	Bacteroidota	Bacteroidia	2-12-FULL-35-15	2-12-FULL-35-15	0.00001095086347558505
SRR10070151	Sediment	Bacteria	Bacteria	Planctomycetota	Planctomycetia	Pirellulales	Thermoguttaceae	0.000039696880098995805
SRR10070151	Sediment	Bacteria	Bacteria	Gemmatimonadota	Gemmatimonadetes	JACCXV01	JAHWKZ01	0.00007391832846019908
SRR10070151	Sediment	Bacteria	Bacteria	Chloroflexota	Anaerolineae	Unclassified	Unclassified	0.00008486919193578412
SRR10070151	Sediment	Bacteria	Bacteria	Eisenbacteria	RBG-16-71-46	CAIMUX01	WJJG01	0.000028746016623410753
SRR10070151	Sediment	Bacteria	Bacteria	Eisenbacteria	RBG-16-71-46	Unclassified	Unclassified	0.000013688579344481312
SRR10070151	Sediment	Bacteria	Bacteria	Desulfobacterota	Syntrophia	Syntrophales	UBA2192	0.00021354183777390847
SRR10070151	Sediment	Bacteria	Bacteria	Actinomycetota	Acidimicrobiia	Spongiisociales	ZC4RG35	0.00010129548714916172
SRR10070151	Sediment	Bacteria	Bacteria	Desulfobacterota	Desulfobacteria	Desulfobacterales	Unclassified	0.00003695916423009954
SRR10070151	Sediment	Bacteria	Bacteria	Planctomycetota	UBA8108	Unclassified	Unclassified	0.000057492033246821506
SRR10070151	Sediment	Bacteria	Bacteria	Myxococcota	Myxococcia	Myxococcales	Anaeromyxobacteraceae	0.000016426295213377573
SRR10070151	Sediment	Bacteria	Bacteria	Myxococcota_A	UBA9160	UBA9160	UBA9160	0.000020532869016721965
SRR10070151	Sediment	Bacteria	Bacteria	Desulfobacterota	Binatia	UBA1149	Unclassified	0.00004791002770568459
SRR10070151	Sediment	Bacteria	Bacteria	Planctomycetota	Phycisphaerae	UBA1845	UTPLA1	0.000013688579344481312
SRR10070151	Sediment	Bacteria	Bacteria	Myxococcota_A	UBA9160	UBA9160	UBA4427	0.000058860891181269645
SRR10070151	Sediment	Bacteria	Bacteria	Planctomycetota	B15-G4	B15-G4	B15-G4	6.844289672240656e-6
SRR10070151	Sediment	Bacteria	Bacteria	Chloroflexota	Dehalococcoidia	GIF9	UBA5629	0.00003422144836120328
SRR10070151	Sediment	Bacteria	Bacteria	Desulfobacterota_D	UBA1144	Nemesobacterales	CSP1-2	0.00004106573803344393
SRR10070151	Sediment	Bacteria	Bacteria	Acidobacteriota	UBA6911	RPQK01	Unclassified	0.00047225598738460527
SRR10070151	Sediment	Bacteria	Bacteria	Planctomycetota	Phycisphaerae	UBA1845	UBA1845	0.000030114874557858888
SRR10070151	Sediment	Bacteria	Bacteria	Pseudomonadota	Alphaproteobacteria	MPNO01	DASWLB01	0.00002327058488561823
SRR10070151	Sediment	Bacteria	Bacteria	Krumholzibacteriota	Krumholzibacteriia	WVZY01	WVZY01	0.0003476899153498253
SRR10070151	Sediment	Bacteria	Bacteria	Armatimonadota	Hebobacteria	Hebobacterales	Hebobacteraceae	0.00003559030629565141
SRR10070151	Sediment	Bacteria	Bacteria	Acidobacteriota	JAAYUB01	JAAYUB01	JAAYUB01	0.00006844289672240655
SRR10070151	Sediment	Bacteria	Bacteria	Eisenbacteria	RBG-16-71-46	CAIMUX01	CAIMUX01	0.00007665604432909535
SRR10070151	Sediment	Bacteria	Bacteria	Pseudomonadota	Gammaproteobacteria	Steroidobacterales	Woeseiaceae	0.00038054250577658044
SRR10070151	Sediment	Bacteria	Bacteria	Bacteroidota	Ignavibacteria	UBA10030	SZUA-254	0.0000219017269511701
SRR10070151	Sediment	Bacteria	Bacteria	Planctomycetota	Phycisphaerae	Sedimentisphaerales	Anaerohalosphaeraceae	0.000019164011082273836
SRR10070151	Sediment	Bacteria	Bacteria	Acidobacteriota	Polarisedimenticolia	QHYA01	CAVVHA01	0.000016426295213377573
SRR10070151	Sediment	Bacteria	Bacteria	Acidobacteriota	Vicinamibacteria	Vicinamibacterales	JAKQTR01	0.0002997798876441407
SRR10070151	Sediment	Bacteria	Bacteria	Acidobacteriota	Polarisedimenticolia	JACPZX01	DASXTC01	0.0000219017269511701
SRR10070151	Sediment	Bacteria	Bacteria	Vulcanimicrobiota	JAMCWD01	JAMCWD01	JAMCWD01	0.000017795153147825705
SRR10070151	Sediment	Bacteria	Bacteria	Actinomycetota	Actinomycetes	Actinomycetales	Micrococcaceae	0.000017795153147825705
SRR10070151	Sediment	Bacteria	Bacteria	Pseudomonadota	Alphaproteobacteria	Rhizobiales	Rhodomicrobiaceae	0.00014236122518260564
SRR10070151	Sediment	Bacteria	Bacteria	Desulfobacterota	Desulfarculia	JACQYL01	Unclassified	0.00002463944282006636
SRR10070151	Sediment	Bacteria	Bacteria	Spirochaetota	Spirochaetia	SZUA-6	CAVTHK01	0.00002327058488561823
SRR10070151	Sediment	Bacteria	Bacteria	Myxococcota_A	Unclassified	Unclassified	Unclassified	0.00002327058488561823
SRR10070151	Sediment	Bacteria	Bacteria	ARS69	ARS69	ARS69	ARS69	0.00003422144836120328
SRR10070151	Sediment	Bacteria	Bacteria	Chloroflexota	Anaerolineae	Anaerolineales	RBG-16-64-43	0.00014646779898595003
SRR10070151	Sediment	Bacteria	Bacteria	Methylomirabilota	Methylomirabilia	CAVQYV01	CAVQYV01	0.00007802490226354347
SRR10070151	Sediment	Bacteria	Bacteria	Zixibacteria	MSB-5A5	GN15	FEB-12	0.00016563181006822386
SRR10070151	Sediment	Bacteria	Bacteria	Acidobacteriota	Aminicenantia	Aminicenantales	UBA4085	0.000039696880098995805
SRR10070151	Sediment	Bacteria	Bacteria	Zhuqueibacterota	QNDG01	QNDG01	DTFT01	0.00003832802216454767
SRR10070151	Sediment	Bacteria	Bacteria	Bacteroidota	Bacteroidia	Chitinophagales	CAIOSU01	0.0000219017269511701
SRR10070151	Sediment	Bacteria	Bacteria	Desulfobacterota	Binatia	HRBIN30	Unclassified	0.000030114874557858888
SRR10070151	Sediment	Bacteria	Bacteria	Acidobacteriota	Terriglobia	Unclassified	Unclassified	0.00002327058488561823
SRR10070151	Sediment	Bacteria	Bacteria	Krumholzibacteriota	Krumholzibacteriia	Krumholzibacteriales	Krumholzibacteriaceae	0.0000219017269511701
SRR10070151	Sediment	Bacteria	Bacteria	Actinomycetota	Acidimicrobiia	IMCC26256	PALSA-555	0.00002327058488561823
SRR10070151	Sediment	Bacteria	Bacteria	Acidobacteriota	Aminicenantia	UBA2199	UBA2199	0.000027377158688962624
SRR10070151	Sediment	Bacteria	Bacteria	Chloroflexota	Anaerolineae	Fen-1058	Fen-1058	0.000027377158688962624
SRR10070151	Sediment	Bacteria	Bacteria	Desulfobacterota	GWC2-55-46	GWC2-55-46	GWC2-55-46	0.00001231972141003318
SRR10070151	Sediment	Archaea	Archaea	Asgardarchaeota	Lokiarchaeia	Sigyniarchaeales	Unclassified	0.000019164011082273836
SRR10070151	Sediment	Bacteria	Bacteria	Acidobacteriota	Polarisedimenticolia	Polarisedimenticolales	Unclassified	0.00004927888564013272
SRR10070151	Sediment	Bacteria	Bacteria	Myxococcota_A	Polyangia	Unclassified	Unclassified	0.00004654116977123646
SRR10070151	Sediment	Bacteria	Bacteria	Zixibacteria	MSB-5A5	GN15	PGXB01	0.00006296746498461403
SRR10070151	Sediment	Bacteria	Bacteria	Desulfobacterota	Desulfuromonadia	Desulfuromonadales	UBA2197	0.00004791002770568459
SRR10070151	Sediment	Bacteria	Bacteria	Pseudomonadota	Gammaproteobacteria	Pseudomonadales	UBA5518	0.00004243459596789206
SRR10070151	Sediment	Bacteria	Bacteria	Planctomycetota	GCA-002687715	GCA-002687715	CAIWVZ01	0.000017795153147825705
SRR10070151	Sediment	Bacteria	Bacteria	Spirochaetota	Spirochaetia	Treponematales	Rectinemataceae	0.00006844289672240655
SRR10070151	Sediment	Bacteria	Bacteria	Acidobacteriota	UBA6911	RPQK01	JADFOI01	0.0000876069078046804
SRR10070151	Sediment	Bacteria	Bacteria	Nitrospirota	JACRHJ01	JACRHJ01	JACRHJ01	0.0001628940941993276
SRR10070151	Sediment	Archaea	Archaea	Thermoproteota	Bathyarchaeia	Bathyarchaeales	Bathycorpusculaceae	0.00004654116977123646
SRR10070151	Sediment	Bacteria	Bacteria	Planctomycetota	Phycisphaerae	Sedimentisphaerales	Unclassified	0.000019164011082273836
SRR10102392	Soil	Bacteria	Bacteria	Pseudomonadota	Alphaproteobacteria	Rhizobiales	Devosiaceae	0.00006582411795681937
SRR10102392	Soil	Bacteria	Bacteria	Planctomycetota	Planctomycetia	Pirellulales	Pirellulaceae	0.00029620853080568717
SRR10102392	Soil	Bacteria	Bacteria	Acidobacteriota	Terriglobia	20CM-2-55-15	20CM-2-55-15	0.0004265909182970794
SRR10102392	Soil	Bacteria	Bacteria	Actinomycetota	Thermoleophilia	Solirubrobacterales	70-9	0.00037595698140721834
SRR10102392	Soil	Bacteria	Bacteria	Myxococcota_A	Polyangia	Polyangiales	Polyangiaceae	0.00028481589500546845
SRR10102392	Soil	Bacteria	Bacteria	Bacteroidota	Bacteroidia	Flavobacteriales	Flavobacteriaceae	0.00007848260217928464
SRR10102392	Soil	Bacteria	Bacteria	Verrucomicrobiota	Verrucomicrobiia	Chthoniobacterales	Chthoniobacteraceae	0.0008822963503058289
SRR10102392	Soil	Bacteria	Bacteria	Methylomirabilota	Methylomirabilia	Rokubacteriales	CSP1-6	0.0005202637015433223
SRR10102392	Soil	Bacteria	Bacteria	Verrucomicrobiota	Verrucomicrobiia	Chthoniobacterales	UBA10450	0.005312765828168671
SRR10102392	Soil	Bacteria	Bacteria	Actinomycetota	Thermoleophilia	Gaiellales	Gaiellaceae	0.0014443330497832868
SRR10102392	Soil	Bacteria	Bacteria	Pseudomonadota	Gammaproteobacteria	Burkholderiales	Burkholderiaceae_C	0.0022329566168428727
SRR10102392	Soil	Unclassified	Unclassified	Unclassified	Unclassified	Unclassified	Unclassified	0.008725493174545306
SRR10102392	Soil	Bacteria	Bacteria	Chloroflexota	Anaerolineae	UBA4142	SHND01	0.0000759509053347916
SRR10102392	Soil	Bacteria	Bacteria	Bacillota	Bacilli	Paenibacillales	NBRC-103111	0.000072153360068052
SRR10102392	Soil	Bacteria	Bacteria	Verrucomicrobiota	Verrucomicrobiia	Verrucomicrobiales	Verrucomicrobiaceae	0.00002911451371167011
SRR10102392	Soil	Bacteria	Bacteria	Pseudomonadota	Alphaproteobacteria	Rhizobiales	Beijerinckiaceae	0.00047722485518694047
SRR10102392	Soil	Bacteria	Bacteria	Unclassified	Unclassified	Unclassified	Unclassified	0.002098776684084741
SRR10102392	Soil	Bacteria	Bacteria	Pseudomonadota	Gammaproteobacteria	Xanthomonadales	Xanthomonadaceae	0.0014177502329161097
SRR10102392	Soil	Bacteria	Bacteria	Actinomycetota	Actinomycetes	Actinomycetales	Microbacteriaceae	0.0001721553854255276
SRR10102392	Soil	Bacteria	Bacteria	Chloroflexota	Limnocylindria	Limnocylindrales	CSP1-4	0.0008443208976384332
SRR10102392	Soil	Bacteria	Bacteria	Pseudomonadota	Alphaproteobacteria	Rhizobiales	Xanthobacteraceae	0.0015114230161623525
SRR10102392	Soil	Bacteria	Bacteria	Verrucomicrobiota	Verrucomicrobiia	Verrucomicrobiales	V1-33	0.00007721675375703811
SRR10102392	Soil	Bacteria	Bacteria	Desulfobacterota	Binatia	UBA9968	UBA9968	0.00042279337303033983
SRR10102392	Soil	Bacteria	Bacteria	Desulfobacterota	Binatia	Bin18	Bin18	0.0001430408717138575
SRR10102392	Soil	Bacteria	Bacteria	Pseudomonadota	Gammaproteobacteria	Steroidobacterales	Steroidobacteraceae	0.0012177461822011585
SRR10102392	Soil	Bacteria	Bacteria	Actinomycetota	UBA4738	UBA4738	HRBIN12	0.0004886174909871591
SRR10102392	Soil	Bacteria	Bacteria	Acidobacteriota	Blastocatellia	Unclassified	Unclassified	0.000024051120022684002
SRR10102392	Soil	Bacteria	Bacteria	Pseudomonadota	Alphaproteobacteria	Rhizobiales	Methyloligellaceae	0.0008177380807712561
SRR10102392	Soil	Bacteria	Bacteria	Pseudomonadota	Gammaproteobacteria	Burkholderiales	Rhodocyclaceae	8.860938955725685e-6
SRR10102392	Soil	Bacteria	Bacteria	Desulfobacterota	Desulfuromonadia	Geobacterales	Pseudopelobacteraceae	0.00002911451371167011
SRR10102392	Soil	Bacteria	Bacteria	Actinomycetota	Actinomycetes	Propionibacteriales	Nocardioidaceae	0.0006810264511686313
SRR10102392	Soil	Bacteria	Bacteria	Acidobacteriota	Vicinamibacteria	Vicinamibacterales	UBA2999	0.006221644995341677
SRR10102392	Soil	Bacteria	Bacteria	Actinomycetota	Actinomycetes	Actinomycetales	Kineosporiaceae	0.0001050654190464617
SRR10102392	Soil	Bacteria	Bacteria	Acidobacteriota	Terriglobia	Terriglobales	Acidobacteriaceae	0.00014810426540284359
SRR10102392	Soil	Bacteria	Bacteria	Myxococcota	Myxococcia	Myxococcales	Myxococcaceae	0.000288613440272208
SRR10102392	Soil	Bacteria	Bacteria	Bacillota	Clostridia	Lachnospirales	Lachnospiraceae	0.00021266253493741643
SRR10102392	Soil	Bacteria	Bacteria	Nitrospirota	Leptospirillia	Leptospirillales	Leptospirillaceae	0.000024051120022684002
SRR10102392	Soil	Bacteria	Bacteria	Pseudomonadota	Gammaproteobacteria	Burkholderiales	SG8-41	0.000358235103495767
SRR10102392	Soil	Bacteria	Bacteria	Actinomycetota	Acidimicrobiia	IMCC26256	Unclassified	0.0000189877263336979
SRR10102392	Soil	Bacteria	Bacteria	Acidobacteriota	Vicinamibacteria	Vicinamibacterales	CAVVIG01	0.0021101693198849595
SRR10102392	Soil	Archaea	Archaea	Thermoproteota	Nitrososphaeria	Nitrososphaerales	Nitrososphaeraceae	0.0036076680034026008
SRR10102392	Soil	Bacteria	Bacteria	Acidobacteriota	Blastocatellia	Pyrinomonadales	Pyrinomonadaceae	0.007768511767326933
SRR10102392	Soil	Bacteria	Bacteria	Acidobacteriota	Polarisedimenticolia	Polarisedimenticolales	DASRJG01	0.00003924130108964232
SRR10102392	Soil	Bacteria	Bacteria	Pseudomonadota	Gammaproteobacteria	Burkholderiales	Unclassified	0.00009873617693522907
SRR10102392	Soil	Bacteria	Bacteria	Pseudomonadota	Alphaproteobacteria	Sphingomonadales	Sphingomonadaceae	0.0024772653623364523
SRR10102392	Soil	Bacteria	Bacteria	Chloroflexota	Limnocylindria	QHBO01	QHBO01	0.00006455826953457284
SRR10102392	Soil	Bacteria	Bacteria	Pseudomonadota	Unclassified	Unclassified	Unclassified	0.00018607971807023938
SRR10102392	Soil	Bacteria	Bacteria	Bacteroidota	Bacteroidia	Cytophagales	Cyclobacteriaceae	0.00007721675375703811
SRR10102392	Soil	Bacteria	Bacteria	Pseudomonadota	Gammaproteobacteria	DSM-5130	Acidihalobacteraceae	0.0000379754526673958
SRR10102392	Soil	Bacteria	Bacteria	Bacteroidota	Bacteroidia	Sphingobacteriales	Sphingobacteriaceae	0.00006962166322355896
SRR10102392	Soil	Bacteria	Bacteria	Acidobacteriota	Thermoanaerobaculia	UBA5066	Gp7-AA6	0.0003468424676955483
SRR10102392	Soil	Bacteria	Bacteria	Bacteroidota	Bacteroidia	Chitinophagales	Chitinophagaceae	0.0026684084740956774
SRR10102392	Soil	Bacteria	Bacteria	Pseudomonadota	Gammaproteobacteria	Burkholderiales	SG8-39	0.00010633126746870821
SRR10102392	Soil	Bacteria	Bacteria	Myxococcota_A	UBA9160	UBA9160	PR03	0.00001012678737797221
SRR10102392	Soil	Bacteria	Bacteria	Bacillota	Clostridia	Peptostreptococcales	Peptostreptococcaceae	0.00005063393688986106
SRR10102392	Soil	Bacteria	Bacteria	Actinomycetota	Acidimicrobiia	Acidimicrobiales	Ilumatobacteraceae	0.00020506744440393728
SRR10102392	Soil	Bacteria	Bacteria	Acidobacteriota	Vicinamibacteria	Vicinamibacterales	SCN-69-37	0.000673431360635152
SRR10102392	Soil	Bacteria	Bacteria	Acidobacteriota	Blastocatellia	UBA7656	UBA7656	0.0006354559079677563
SRR10102392	Soil	Bacteria	Bacteria	Pseudomonadota	Gammaproteobacteria	Burkholderiales	Casimicrobiaceae	0.0009126767124397456
SRR10102392	Soil	Bacteria	Bacteria	Myxococcota_A	Polyangia	Nannocystales	Nannocystaceae	0.000013924332644711792
SRR10102392	Soil	Bacteria	Bacteria	Patescibacteriota	Saccharimonadia	Saccharimonadales	UBA4665	0.00013038238749139223
SRR10102392	Soil	Bacteria	Bacteria	Myxococcota_A	UBA9160	SZUA-336	SZUA-336	2.5316968444930526e-6
SRR10102392	Soil	Bacteria	Bacteria	Chloroflexota	Chloroflexia	Chloroflexales	Roseiflexaceae	0.00025190383602705877
SRR10102392	Soil	Bacteria	Bacteria	Verrucomicrobiota	Verrucomicrobiia	Chthoniobacterales	Unclassified	0.000032912058978409687
SRR10102392	Soil	Bacteria	Bacteria	Actinomycetota	Actinomycetes	Streptomycetales	Streptomycetaceae	0.00019367480860371853
SRR10102392	Soil	Bacteria	Bacteria	Eisenbacteria	RBG-16-71-46	SZUA-252	SZUA-252	0.00015063596224733664
SRR10102392	Soil	Bacteria	Bacteria	Pseudomonadota	Alphaproteobacteria	Azospirillales	Azospirillaceae	0.00040760319196338153
SRR10102392	Soil	Bacteria	Bacteria	Actinomycetota	Acidimicrobiia	Acidimicrobiales	DATKAS01	0.00002531696844493053
SRR10102392	Soil	Bacteria	Bacteria	Gemmatimonadota	Gemmatimonadetes	Gemmatimonadales	Gemmatimonadaceae	0.0006759630574796451
SRR10102392	Soil	Bacteria	Bacteria	Pseudomonadota	Alphaproteobacteria	Micropepsales	Micropepsaceae	0.00001772187791145137
SRR10102392	Soil	Bacteria	Bacteria	Actinomycetota	Acidimicrobiia	Acidimicrobiales	VFJN01	0.00005822902742334022
SRR10102392	Soil	Bacteria	Bacteria	Actinomycetota	Thermoleophilia	Solirubrobacterales	Thermoleophilaceae	0.0002594989265605379
SRR10102392	Soil	Bacteria	Bacteria	Planctomycetota	Planctomycetia	Gemmatales	Gemmataceae	0.00017342123384777414
SRR10102392	Soil	Bacteria	Bacteria	Methylomirabilota	Methylomirabilia	Rokubacteriales	DASRDR01	0.00004050714951188884
SRR10102392	Soil	Bacteria	Bacteria	Pseudomonadota	Gammaproteobacteria	Burkholderiales	Usitatibacteraceae	0.00020506744440393728
SRR10102392	Soil	Bacteria	Bacteria	Bacillota	Bacilli	Bacillales	DSM-1321	0.0005468465184104993
SRR10102392	Soil	Bacteria	Bacteria	Gemmatimonadota	Gemmatimonadetes	Gemmatimonadales	GWC2-71-9	0.0001430408717138575
SRR10102392	Soil	Bacteria	Bacteria	Bacteroidota	Bacteroidia	AKYH767-A	2013-40CM-41-45	0.000030380362133916635
SRR10102392	Soil	Bacteria	Bacteria	Verrucomicrobiota	Verrucomicrobiia	Opitutales	Opitutaceae	0.0003430449224288087
SRR10102392	Soil	Bacteria	Bacteria	Bacillota	Bacilli	Bacillales_A	Planococcaceae	0.00009620448009073601
SRR10102392	Soil	Bacteria	Bacteria	Pseudomonadota	Gammaproteobacteria	Burkholderiales	Nitrosomonadaceae	0.00036962773929598573
SRR10102392	Soil	Bacteria	Bacteria	Acidobacteriota	Vicinamibacteria	Vicinamibacterales	2-12-FULL-66-21	0.0015354741361850366
SRR10102392	Soil	Bacteria	Bacteria	Actinomycetota	Thermoleophilia	Solirubrobacterales	Solirubrobacteraceae	0.0002506379876048122
SRR10102392	Soil	Bacteria	Bacteria	Actinomycetota	Actinomycetes	Propionibacteriales	Propionibacteriaceae	0.0003734252845627253
SRR10102392	Soil	Bacteria	Bacteria	Pseudomonadota	Gammaproteobacteria	Enterobacterales	Aeromonadaceae	0.00004936808846761453
SRR10102392	Soil	Bacteria	Bacteria	Pseudomonadota	Alphaproteobacteria	Rhizobiales	Hyphomicrobiaceae	0.0000620265726900798
SRR10102392	Soil	Bacteria	Bacteria	Acidobacteriota	Vicinamibacteria	Vicinamibacterales	JAMQPK01	0.0002506379876048122
SRR10102392	Soil	Bacteria	Bacteria	Acidobacteriota	Terriglobia	Bryobacterales	Bryobacteraceae	0.0007265969943695061
SRR10102392	Soil	Bacteria	Bacteria	Verrucomicrobiota	Verrucomicrobiia	Limisphaerales	JADLHS01	0.00005063393688986106
SRR10102392	Soil	Bacteria	Bacteria	Armatimonadota	Chthonomonadetes	Chthonomonadales	Chthonomonadaceae	0.00024177704864908654
SRR10102392	Soil	Bacteria	Bacteria	Myxococcota_A	Polyangia	Haliangiales	Haliangiaceae	0.0001151922064244339
SRR10102392	Soil	Bacteria	Bacteria	Pseudomonadota	Gammaproteobacteria	Unclassified	Unclassified	0.00017848462753676023
SRR10102392	Soil	Bacteria	Bacteria	Chloroflexota	Chloroflexia	Thermomicrobiales	Unclassified	0.0000379754526673958
SRR10102392	Soil	Bacteria	Bacteria	Pseudomonadota	Alphaproteobacteria	Rhizobiales	Rhizobiaceae	0.00020759914124843034
SRR10102392	Soil	Bacteria	Bacteria	Pseudomonadota	Gammaproteobacteria	Steroidobacterales	Rariloculaceae	0.00004177299793413537
SRR10102392	Soil	Bacteria	Bacteria	Chloroflexota	Dehalococcoidia	Tepidiformales	Tepidiformaceae	0.0000379754526673958
SRR10102392	Soil	Bacteria	Bacteria	Bacteroidota	Bacteroidia	Unclassified	Unclassified	0.00002911451371167011
SRR10102392	Soil	Bacteria	Bacteria	Pseudomonadota	Gammaproteobacteria	JACCYU01	JACCYU01	0.000024051120022684002
SRR10102392	Soil	Bacteria	Bacteria	Pseudomonadota	Alphaproteobacteria	Rhodobacterales	Rhodobacteraceae	0.00014050917486936444
SRR10102392	Soil	Bacteria	Bacteria	Acidobacteriota	Thermoanaerobaculia	Gp7-AA8	Gp7-AA8	0.00023544780653785393
SRR10102392	Soil	Bacteria	Bacteria	Verrucomicrobiota	Verrucomicrobiia	Limisphaerales	SIBE01	0.0001430408717138575
SRR10102392	Soil	Bacteria	Bacteria	Pseudomonadota	Alphaproteobacteria	Caulobacterales	Caulobacteraceae	0.00018354802122574632
SRR10102392	Soil	Bacteria	Bacteria	Desulfobacterota	Desulfuromonadia	Geobacterales	Geobacteraceae	0.00005822902742334022
SRR10102392	Soil	Bacteria	Bacteria	Pseudomonadota	Gammaproteobacteria	Pseudomonadales	Pseudomonadaceae	0.00011392635800218739
SRR10102392	Soil	Bacteria	Bacteria	Desulfobacterota	Binatia	HRBIN30	CADEER01	0.00001772187791145137
SRR10102392	Soil	Bacteria	Bacteria	Planctomycetota	Planctomycetia	Planctomycetales	Planctomycetaceae	0.00019367480860371853
SRR10102392	Soil	Bacteria	Bacteria	Bacillota	Clostridia	Clostridiales	Clostridiaceae	0.00008860938955725686
SRR10102392	Soil	Bacteria	Bacteria	Acidobacteriota	UBA6911	UBA6911	UBA6911	0.00005316563373435411
SRR10102392	Soil	Bacteria	Bacteria	Planctomycetota	Phycisphaerae	Tepidisphaerales	Tepidisphaeraceae	0.00044431279620853084
SRR10102392	Soil	Bacteria	Bacteria	Pseudomonadota	Gammaproteobacteria	Steroidobacterales	Unclassified	0.00001772187791145137
SRR10102392	Soil	Bacteria	Bacteria	Pseudomonadota	Gammaproteobacteria	Pseudomonadales	Azotimanducaceae	0.00004936808846761453
SRR10102392	Soil	Bacteria	Bacteria	Actinomycetota	Actinomycetes	Unclassified	Unclassified	0.0005734293352776765
SRR10102392	Soil	Bacteria	Bacteria	Verrucomicrobiota	Verrucomicrobiia	Verrucomicrobiales	Akkermansiaceae	0.00009367278324624295
SRR10102392	Soil	Bacteria	Bacteria	Cyanobacteriota	Vampirovibrionia	Vampirovibrionales	Vampirovibrionaceae	0.00013544578118037832
SRR10102392	Soil	Bacteria	Bacteria	Verrucomicrobiota	Verrucomicrobiia	Limisphaerales	Unclassified	0.0003911471624741767
SRR10102392	Soil	Bacteria	Bacteria	Pseudomonadota	Alphaproteobacteria	Rhizobiales	Aestuariivirgaceae	0.00013671162960262484
SRR10102392	Soil	Bacteria	Bacteria	Chloroflexota	Unclassified	Unclassified	Unclassified	0.000051899785312107585
SRR10102392	Soil	Bacteria	Bacteria	Acidobacteriota	HRBIN11	JAKEFK01	JAKEFK01	0.00008734354113501033
SRR10102392	Soil	Bacteria	Bacteria	Chloroflexota	Chloroflexia	Unclassified	Unclassified	0.000030380362133916635
SRR10102392	Soil	Bacteria	Bacteria	Pseudomonadota	Gammaproteobacteria	Burkholderiales	Burkholderiaceae_F	0.00027468910762749627
SRR10102392	Soil	Bacteria	Bacteria	Bacteroidota	Bacteroidia	Cytophagales	Hymenobacteraceae	0.0005240612468100619
SRR10102392	Soil	Bacteria	Bacteria	Acidobacteriota	Vicinamibacteria	Vicinamibacterales	JAENWD01	0.0003962105561631628
SRR10102392	Soil	Bacteria	Bacteria	Chloroflexota	UBA6077	UBA6077	JACCZL01	0.0002696257139385101
SRR10102392	Soil	Bacteria	Bacteria	Verrucomicrobiota	Verrucomicrobiia	Limisphaerales	UBA8199	0.00009747032851298252
SRR10102392	Soil	Bacteria	Bacteria	Actinomycetota	Acidimicrobiia	Acidimicrobiales	Acidimicrobilacustridaceae	0.00006962166322355896
SRR10102392	Soil	Bacteria	Bacteria	Chloroflexota	Anaerolineae	Caldilineales	Caldilineaceae	0.0002721574107830032
SRR10102392	Soil	Bacteria	Bacteria	Actinomycetota	Actinomycetes	Mycobacteriales	SCTD01	0.00008987523797950338
SRR10102392	Soil	Bacteria	Bacteria	Bacillota	Bacilli	Paenibacillales	Paenibacillaceae	0.000030380362133916635
SRR10102392	Soil	Bacteria	Bacteria	Bacillota	Bacilli	Tumebacillales	Tumebacillaceae	0.00004050714951188884
SRR10102392	Soil	Bacteria	Bacteria	Actinomycetota	Acidimicrobiia	Acidimicrobiales	Unclassified	0.00003544375582290274
SRR10102392	Soil	Bacteria	Bacteria	Pseudomonadota	Gammaproteobacteria	Burkholderiales	Burkholderiaceae_D	0.0016709199173654148
SRR10102392	Soil	Bacteria	Bacteria	Actinomycetota	Actinomycetes	Actinomycetales	Dermatophilaceae	0.0002721574107830032
SRR10102392	Soil	Bacteria	Bacteria	Pseudomonadota	Alphaproteobacteria	Rhodospirillales	Defluviicoccaceae	7.595090533479159e-6
SRR10102392	Soil	Bacteria	Bacteria	Bacteroidota	Bacteroidia	Chitinophagales	UBA10324	0.000013924332644711792
SRR10102392	Soil	Bacteria	Bacteria	Nitrospirota	Nitrospiria	Nitrospirales	Nitrospiraceae	0.0003303864382063434
SRR10102392	Soil	Bacteria	Bacteria	Myxococcota_A	Polyangia	Fen-1088	Fen-1088	0.000055697330578847166
SRR10102392	Soil	Bacteria	Bacteria	Bacillota	UBA4882	UBA10575	UBA10575	0.00003670960424514927
SRR10102392	Soil	Bacteria	Bacteria	Bacillota	Bacilli	Thermoactinomycetales	Thermoactinomycetaceae	0.000016456029489204843
SRR10102392	Soil	Bacteria	Bacteria	Chloroflexota	Dehalococcoidia	DSTF01	WHTK01	0.0001253189938024061
SRR10102392	Soil	Bacteria	Bacteria	Bacillota	Bacilli	Unclassified	Unclassified	0.00005822902742334022
SRR10102392	Soil	Bacteria	Bacteria	Acidobacteriota	Blastocatellia	UBA7656	JADIYM01	0.00005822902742334022
SRR10102392	Soil	Bacteria	Bacteria	Acidobacteriota	Terriglobia	Versatilivoradales	Versatilivoraceae	0.00013164823591363875
SRR10102392	Soil	Bacteria	Bacteria	Actinomycetota	Actinomycetes	Mycobacteriales	Geodermatophilaceae	0.00024684044233807265
SRR10102392	Soil	Bacteria	Bacteria	Chloroflexota	Anaerolineae	4572-78	J111	0.000011392635800218738
SRR10102392	Soil	Bacteria	Bacteria	Acidobacteriota	Vicinamibacteria	Fen-336	Fen-336	0.00007088751164580548
SRR10102392	Soil	Bacteria	Bacteria	Pseudomonadota	Alphaproteobacteria	Unclassified	Unclassified	0.000046836391623121475
SRR10102392	Soil	Bacteria	Bacteria	Eisenbacteria	RBG-16-71-46	RBG-16-71-46	DASYSL01	0.00004050714951188884
SRR10102392	Soil	Bacteria	Bacteria	Actinomycetota	Actinomycetes	Mycobacteriales	Mycobacteriaceae	0.0002582330781382914
SRR10102392	Soil	Bacteria	Bacteria	Planctomycetota	Planctomycetia	Pirellulales	Lacipirellulaceae	0.00012025560011342001
SRR10102392	Soil	Bacteria	Bacteria	Acidobacteriota	Vicinamibacteria	Vicinamibacterales	Unclassified	0.00009747032851298252
SRR10102392	Soil	Bacteria	Bacteria	Actinomycetota	Thermoleophilia	Gaiellales	JAICJC01	0.00004050714951188884
SRR10102392	Soil	Bacteria	Bacteria	Actinomycetota	Actinomycetes	JACCUZ01	JACCUZ01	0.00006329242111232633
SRR10102392	Soil	Bacteria	Bacteria	Verrucomicrobiota	Verrucomicrobiia	Chthoniobacterales	Terrimicrobiaceae	0.0004164641309191072
SRR10102392	Soil	Bacteria	Bacteria	Patescibacteriota	Saccharimonadia	Saccharimonadales	Saccharimonadaceae	0.0000860776927127638
SRR10102392	Soil	Bacteria	Bacteria	Pseudomonadota	Alphaproteobacteria	Acetobacterales	Acetobacteraceae	0.0000911410864017499
SRR10102392	Soil	Bacteria	Bacteria	Desulfobacterota	Binatia	UTPRO1	UTPRO1	0.0000379754526673958
SRR10102392	Soil	Bacteria	Bacteria	Chloroflexota	Chloroflexia	Thermomicrobiales	UBA6265	0.00021772592862640255
SRR10102392	Soil	Bacteria	Bacteria	Actinomycetota	Actinomycetes	Mycobacteriales	Pseudonocardiaceae	0.00007088751164580548
SRR10102392	Soil	Bacteria	Bacteria	Chloroflexota	Anaerolineae	Aggregatilineales	Phototrophicaceae	0.000030380362133916635
SRR10102392	Soil	Bacteria	Bacteria	Actinomycetota	Thermoleophilia	Solirubrobacterales	JACPNS01	0.000022785271600437476
SRR10102392	Soil	Bacteria	Bacteria	Pseudomonadota	Alphaproteobacteria	ATCC43930	CGMCC-115725	0.00003924130108964232
SRR10102392	Soil	Bacteria	Bacteria	Myxococcota_A	Polyangia	Polyangiales	DASUME01	0.000024051120022684002
SRR10102392	Soil	Bacteria	Bacteria	Desulfobacterota	Binatia	DP-6	DP-6	0.00008481184429051729
SRR10102392	Soil	Bacteria	Bacteria	Myxococcota_A	Polyangia	Polyangiales	Houyiibacteriaceae	8.860938955725685e-6
SRR10102392	Soil	Bacteria	Bacteria	Krumholzibacteriota	Krumholzibacteriia	WVZY01	JAKEHA01	0.00003417790740065621
SRR10102392	Soil	Bacteria	Bacteria	Actinomycetota	Actinomycetes	Streptosporangiales	Streptosporangiaceae	0.000011392635800218738
SRR10102392	Soil	Bacteria	Bacteria	Pseudomonadota	Alphaproteobacteria	Dongiales	Dongiaceae	0.00008734354113501033
SRR10102392	Soil	Bacteria	Bacteria	Acidobacteriota	Blastocatellia	RBC074	RBC074	0.00009493863166848948
SRR10102392	Soil	Bacteria	Bacteria	Tectomicrobia	Entotheonellia	Entotheonellales	Entotheonellaceae	0.00008101429902377768
SRR10102392	Soil	Bacteria	Bacteria	Pseudomonadota	Alphaproteobacteria	Rhizobiales	Labraceae	0.000016456029489204843
SRR10102392	Soil	Bacteria	Bacteria	Pseudomonadota	Gammaproteobacteria	Steroidobacterales	GCA-2729495	0.000013924332644711792
SRR10102392	Soil	Bacteria	Bacteria	Pseudomonadota	Alphaproteobacteria	Geminicoccales	Geminicoccaceae	0.000026582816867177054
SRR10102392	Soil	Bacteria	Bacteria	Pseudomonadota	Gammaproteobacteria	Pseudomonadales	Halieaceae	0.0000430388463563819
SRR10102392	Soil	Bacteria	Bacteria	Bacillota	Bacilli	Bacillales	Cytobacillaceae	0.0006000121521448536
SRR10102392	Soil	Bacteria	Bacteria	Cyanobacteriota	Cyanobacteriia	FACHB-46	FACHB-46	0.00002911451371167011
SRR10102392	Soil	Bacteria	Bacteria	Pseudomonadota	Gammaproteobacteria	Burkholderiales	SHXO01	0.00002151942317819095
SRR10102392	Soil	Bacteria	Bacteria	Desulfobacterota	Binatia	UBA1149	CAITLU01	0.000032912058978409687
SRR10102392	Soil	Bacteria	Bacteria	Verrucomicrobiota	Verrucomicrobiia	Limisphaerales	BJHT01	0.000031646210556163164
SRR10102392	Soil	Bacteria	Bacteria	Pseudomonadota	Gammaproteobacteria	Enterobacterales	Enterobacteriaceae	0.00003544375582290274
SRR10102392	Soil	Bacteria	Bacteria	Armatimonadota	Armatimonadia	Armatimonadales	Armatimonadaceae	0.00004177299793413537
SRR10102392	Soil	Bacteria	Bacteria	UBA10199	UBA10199	DSSB01	DSSB01	0.00002531696844493053
SRR10102392	Soil	Bacteria	Bacteria	Acidobacteriota	Vicinamibacteria	Vicinamibacterales	Vicinamibacteraceae	0.00024304289707133308
SRR10102392	Soil	Bacteria	Bacteria	Bacillota	Bacilli	Bacillales	Bacillaceae_G	0.00005063393688986106
SRR10102392	Soil	Bacteria	Bacteria	Pseudomonadota	Gammaproteobacteria	Legionellales	Legionellaceae	0.00005063393688986106
SRR10102392	Soil	Bacteria	Bacteria	Actinomycetota	Actinomycetes	Mycobacteriales	Micromonosporaceae	0.00008101429902377768
SRR10102392	Soil	Bacteria	Bacteria	Verrucomicrobiota	Verrucomicrobiia	Limisphaerales	SIBH01	0.00013671162960262484
SRR10102392	Soil	Bacteria	Bacteria	Planctomycetota	Phycisphaerae	WQYP01	WQYP01	0.000027848665289423583
SRR10102392	Soil	Bacteria	Bacteria	Chloroflexota	Anaerolineae	J036	Brachytrichaceae	0.000013924332644711792
SRR10102392	Soil	Bacteria	Bacteria	Pseudomonadota	Gammaproteobacteria	Xanthomonadales	Rhodanobacteraceae	0.0001000020253574756
SRR10102392	Soil	Bacteria	Bacteria	Actinomycetota	CADDZG01	CADDZG01	WHSQ01	0.000012658484222465266
SRR10102392	Soil	Bacteria	Bacteria	Bacillota	Bacilli	Lactobacillales	Aerococcaceae	0.00001012678737797221
SRR10102392	Soil	Bacteria	Bacteria	Sumerlaeota	Sumerlaeia	Sumerlaeales	Sumerlaeaceae	0.00002911451371167011
SRR10102392	Soil	Bacteria	Bacteria	Actinomycetota	Thermoleophilia	Solirubrobacterales	JBBDJG01	0.00007088751164580548
SRR10102392	Soil	Bacteria	Bacteria	Chloroflexota	Dehalococcoidia	UBA2979	UBA2979	8.860938955725685e-6
SRR10102392	Soil	Bacteria	Bacteria	Actinomycetota	Acidimicrobiia	IMCC26256	PALSA-610	0.00005443148215660064
SRR10102392	Soil	Bacteria	Bacteria	Pseudomonadota	Alphaproteobacteria	Reyranellales	Reyranellaceae	0.00008481184429051729
SRR10102392	Soil	Bacteria	Bacteria	Gemmatimonadota	Gemmatimonadetes	JACCXV01	JAHWKZ01	0.00001772187791145137
SRR10102392	Soil	Bacteria	Bacteria	Planctomycetota	Planctomycetia	Pirellulales	JAICIG01	0.000026582816867177054
SRR10102392	Soil	Bacteria	Bacteria	Actinomycetota	Actinomycetes	Actinomycetales	Cellulomonadaceae	0.00006835581480131242
SRR10102392	Soil	Bacteria	Bacteria	Planctomycetota	Planctomycetia	Isosphaerales	Isosphaeraceae	0.00007088751164580548
SRR10102392	Soil	Bacteria	Bacteria	Myxococcota	Myxococcia	Myxococcales	Anaeromyxobacteraceae	0.0000379754526673958
SRR10102392	Soil	Bacteria	Bacteria	Actinomycetota	CALGFH01	CALGFH01	CALGFH01	0.00007341920849029854
SRR10102392	Soil	Bacteria	Bacteria	Acidobacteriota	Blastocatellia	UBA7656	Unclassified	0.0000430388463563819
SRR10102392	Soil	Bacteria	Bacteria	Planctomycetota	Planctomycetia	Pirellulales	PALSA-1355	0.00005063393688986106
SRR10102392	Soil	Bacteria	Bacteria	Acidobacteriota	Thermoanaerobaculia	Multivoradales	UBA5704	0.000030380362133916635
SRR10102392	Soil	Bacteria	Bacteria	Actinomycetota	Actinomycetes	Actinomycetales	Micrococcaceae	0.0008076112933932839
SRR10102392	Soil	Bacteria	Bacteria	Chloroflexota	UBA6077	UBA6077	CF-72	0.000022785271600437476
SRR10102392	Soil	Bacteria	Bacteria	Actinomycetota	Acidimicrobiia	IMCC26256	DASPTH01	0.00004050714951188884
SRR10102392	Soil	Archaea	Archaea	Methanobacteriota	Methanobacteria	Methanobacteriales	Methanobacteriaceae	0.00002151942317819095
SRR10102392	Soil	Bacteria	Bacteria	Actinomycetota	Rubrobacteria	Rubrobacterales	Rubrobacteraceae	0.00020633329282618382
SRR10102392	Soil	Bacteria	Bacteria	Actinomycetota	Thermoleophilia	Solirubrobacterales	Unclassified	0.0000189877263336979
SRR10102392	Soil	Bacteria	Bacteria	Actinomycetota	Acidimicrobiia	IMCC26256	PALSA-555	0.000013924332644711792
SRR10102392	Soil	Bacteria	Bacteria	Actinomycetota	Acidimicrobiia	IMCC26256	JACDBD01	0.000016456029489204843
SRR10102392	Soil	Bacteria	Bacteria	Desulfobacterota	Desulfuromonadia	Desulfuromonadales	UBA2197	0.00010633126746870821
SRR10102392	Soil	Bacteria	Bacteria	Patescibacteriota	Saccharimonadia	Saccharimonadales	2-12-FULL-41-12	0.000013924332644711792
SRR10102392	Soil	Bacteria	Bacteria	Bacteroidota	Bacteroidia	Cytophagales	172606-1	0.00001772187791145137
SRR10102392	Soil	Bacteria	Bacteria	Actinomycetota	Acidimicrobiia	Acidimicrobiales	CADCSY01	0.000024051120022684002
SRR10102393	Soil	Bacteria	Bacteria	Pseudomonadota	Alphaproteobacteria	Rhizobiales	Devosiaceae	0.00006696996113472086
SRR10102393	Soil	Bacteria	Bacteria	Planctomycetota	Planctomycetia	Pirellulales	Pirellulaceae	0.0002633395081907667
SRR10102393	Soil	Bacteria	Bacteria	Acidobacteriota	Terriglobia	20CM-2-55-15	20CM-2-55-15	0.0003757128328066543
SRR10102393	Soil	Bacteria	Bacteria	Actinomycetota	Thermoleophilia	Solirubrobacterales	70-9	0.000468789727943046
SRR10102393	Soil	Bacteria	Bacteria	Myxococcota_A	Polyangia	Polyangiales	Polyangiaceae	0.00029512186262758343
SRR10102393	Soil	Bacteria	Bacteria	Bacteroidota	Bacteroidia	Flavobacteriales	Flavobacteriaceae	0.0004858159892484835
SRR10102393	Soil	Bacteria	Bacteria	Verrucomicrobiota	Verrucomicrobiia	Chthoniobacterales	Chthoniobacteraceae	0.0009330391195379753
SRR10102393	Soil	Bacteria	Bacteria	Methylomirabilota	Methylomirabilia	Rokubacteriales	CSP1-6	0.0005073825869020376
SRR10102393	Soil	Bacteria	Bacteria	Verrucomicrobiota	Verrucomicrobiia	Chthoniobacterales	UBA10450	0.0053507863862554935
SRR10102393	Soil	Bacteria	Bacteria	Actinomycetota	Thermoleophilia	Gaiellales	Gaiellaceae	0.0016061439831462714
SRR10102393	Soil	Bacteria	Bacteria	Pseudomonadota	Gammaproteobacteria	Burkholderiales	Burkholderiaceae_C	0.0014926355744433548
SRR10102393	Soil	Unclassified	Unclassified	Unclassified	Unclassified	Unclassified	Unclassified	0.010843458283389633
SRR10102393	Soil	Bacteria	Bacteria	Chloroflexota	Anaerolineae	UBA4142	SHND01	0.00010215756783262503
SRR10102393	Soil	Bacteria	Bacteria	Bacillota	Bacilli	Paenibacillales	NBRC-103111	0.00006356470887363335
SRR10102393	Soil	Bacteria	Bacteria	Verrucomicrobiota	Verrucomicrobiia	Verrucomicrobiales	Verrucomicrobiaceae	0.000060159456612545854
SRR10102393	Soil	Bacteria	Bacteria	Pseudomonadota	Alphaproteobacteria	Rhizobiales	Beijerinckiaceae	0.0004472231302894918
SRR10102393	Soil	Bacteria	Bacteria	Unclassified	Unclassified	Unclassified	Unclassified	0.0024699429733754676
SRR10102393	Soil	Bacteria	Bacteria	Pseudomonadota	Gammaproteobacteria	Xanthomonadales	Xanthomonadaceae	0.001303076531909484
SRR10102393	Soil	Bacteria	Bacteria	Actinomycetota	Actinomycetes	Actinomycetales	Microbacteriaceae	0.00015096618357487922
SRR10102393	Soil	Bacteria	Bacteria	Chloroflexota	Limnocylindria	Limnocylindrales	CSP1-4	0.0009443899604082669
SRR10102393	Soil	Bacteria	Bacteria	Pseudomonadota	Alphaproteobacteria	Rhizobiales	Xanthobacteraceae	0.0020488267770876465
SRR10102393	Soil	Bacteria	Bacteria	Verrucomicrobiota	Verrucomicrobiia	Verrucomicrobiales	V1-33	0.00015664160401002505
SRR10102393	Soil	Bacteria	Bacteria	Desulfobacterota	Binatia	UBA9968	UBA9968	0.00048808615742254184
SRR10102393	Soil	Bacteria	Bacteria	Desulfobacterota	Binatia	Bin18	Bin18	0.00014983109948785004
SRR10102393	Soil	Bacteria	Bacteria	Pseudomonadota	Gammaproteobacteria	Steroidobacterales	Steroidobacteraceae	0.001400693763393992
SRR10102393	Soil	Bacteria	Bacteria	Actinomycetota	UBA4738	UBA4738	HRBIN12	0.0006197559115179252
SRR10102393	Soil	Bacteria	Bacteria	Acidobacteriota	Blastocatellia	Unclassified	Unclassified	0.000017026261305437506
SRR10102393	Soil	Bacteria	Bacteria	Pseudomonadota	Alphaproteobacteria	Rhizobiales	Methyloligellaceae	0.0011396244233772839
SRR10102393	Soil	Bacteria	Bacteria	Pseudomonadota	Gammaproteobacteria	Burkholderiales	Rhodocyclaceae	0.00004426827939413751
SRR10102393	Soil	Bacteria	Bacteria	Desulfobacterota	Desulfuromonadia	Geobacterales	Pseudopelobacteraceae	0.00005561912026442919
SRR10102393	Soil	Bacteria	Bacteria	Actinomycetota	Actinomycetes	Propionibacteriales	Nocardioidaceae	0.0007446151610911336
SRR10102393	Soil	Bacteria	Bacteria	Acidobacteriota	Vicinamibacteria	Vicinamibacterales	UBA2999	0.005565317278704006
SRR10102393	Soil	Bacteria	Bacteria	Actinomycetota	Actinomycetes	Actinomycetales	Kineosporiaceae	0.000024971849914641678
SRR10102393	Soil	Bacteria	Bacteria	Acidobacteriota	Terriglobia	Terriglobales	Acidobacteriaceae	0.00009761723148450837
SRR10102393	Soil	Bacteria	Bacteria	Myxococcota	Myxococcia	Myxococcales	Myxococcaceae	0.00032803930115142923
SRR10102393	Soil	Bacteria	Bacteria	Bacillota	Clostridia	Lachnospirales	Lachnospiraceae	0.00019750463114307507
SRR10102393	Soil	Bacteria	Bacteria	Pseudomonadota	Gammaproteobacteria	Burkholderiales	SG8-41	0.0003303094693254876
SRR10102393	Soil	Bacteria	Bacteria	Actinomycetota	Acidimicrobiia	IMCC26256	Unclassified	0.000010215756783262504
SRR10102393	Soil	Bacteria	Bacteria	Acidobacteriota	Vicinamibacteria	Vicinamibacterales	CAVVIG01	0.0023655152373687842
SRR10102393	Soil	Archaea	Archaea	Thermoproteota	Nitrososphaeria	Nitrososphaerales	Nitrososphaeraceae	0.004777568922305764
SRR10102393	Soil	Bacteria	Bacteria	Acidobacteriota	Blastocatellia	Pyrinomonadales	Pyrinomonadaceae	0.005214576295811993
SRR10102393	Soil	Bacteria	Bacteria	Acidobacteriota	Polarisedimenticolia	Polarisedimenticolales	DASRJG01	0.000036322690784933346
SRR10102393	Soil	Bacteria	Bacteria	Pseudomonadota	Gammaproteobacteria	Burkholderiales	Unclassified	0.00012939958592132503
SRR10102393	Soil	Bacteria	Bacteria	Pseudomonadota	Alphaproteobacteria	Sphingomonadales	Sphingomonadaceae	0.0020885547201336674
SRR10102393	Soil	Bacteria	Bacteria	Chloroflexota	Limnocylindria	QHBO01	QHBO01	0.00006924012930877919
SRR10102393	Soil	Bacteria	Bacteria	Pseudomonadota	Unclassified	Unclassified	Unclassified	0.00023950274236315424
SRR10102393	Soil	Bacteria	Bacteria	Bacteroidota	Bacteroidia	Cytophagales	Cyclobacteriaceae	0.00013961534270458755
SRR10102393	Soil	Bacteria	Bacteria	Bacteroidota	Bacteroidia	Sphingobacteriales	Sphingobacteriaceae	0.00005788928843848752
SRR10102393	Soil	Bacteria	Bacteria	Acidobacteriota	Thermoanaerobaculia	UBA5066	Gp7-AA6	0.0003007972830627293
SRR10102393	Soil	Bacteria	Bacteria	Bacteroidota	Bacteroidia	Chitinophagales	Chitinophagaceae	0.001644736842105263
SRR10102393	Soil	Bacteria	Bacteria	Pseudomonadota	Gammaproteobacteria	Burkholderiales	SG8-39	0.00009534706331045003
SRR10102393	Soil	Bacteria	Bacteria	Bacillota	Clostridia	Peptostreptococcales	Peptostreptococcaceae	0.00008513130652718754
SRR10102393	Soil	Bacteria	Bacteria	Actinomycetota	Acidimicrobiia	Acidimicrobiales	Ilumatobacteraceae	0.00025652900366859177
SRR10102393	Soil	Bacteria	Bacteria	Acidobacteriota	Vicinamibacteria	Vicinamibacterales	SCN-69-37	0.0005346246049907377
SRR10102393	Soil	Bacteria	Bacteria	Acidobacteriota	Blastocatellia	UBA7656	UBA7656	0.0005595964549053793
SRR10102393	Soil	Bacteria	Bacteria	Pseudomonadota	Gammaproteobacteria	Burkholderiales	Casimicrobiaceae	0.000849042897097817
SRR10102393	Soil	Bacteria	Bacteria	Myxococcota_A	Polyangia	Nannocystales	Nannocystaceae	7.945588609204169e-6
SRR10102393	Soil	Bacteria	Bacteria	Patescibacteriota	Saccharimonadia	Saccharimonadales	UBA4665	0.00007151029748283752
SRR10102393	Soil	Bacteria	Bacteria	Chloroflexota	Chloroflexia	Chloroflexales	Roseiflexaceae	0.00013621009044350005
SRR10102393	Soil	Bacteria	Bacteria	Verrucomicrobiota	Verrucomicrobiia	Chthoniobacterales	Unclassified	0.00001135084087029167
SRR10102393	Soil	Bacteria	Bacteria	Actinomycetota	Actinomycetes	Streptomycetales	Streptomycetaceae	0.0002542588354945334
SRR10102393	Soil	Bacteria	Bacteria	Eisenbacteria	RBG-16-71-46	SZUA-252	SZUA-252	0.0000930768951363917
SRR10102393	Soil	Bacteria	Bacteria	Pseudomonadota	Alphaproteobacteria	Azospirillales	Azospirillaceae	0.00037798300098071267
SRR10102393	Soil	Bacteria	Bacteria	Actinomycetota	Acidimicrobiia	Acidimicrobiales	DATKAS01	0.000040863027133050016
SRR10102393	Soil	Bacteria	Bacteria	Gemmatimonadota	Gemmatimonadetes	Gemmatimonadales	Gemmatimonadaceae	0.0005323544368166794
SRR10102393	Soil	Bacteria	Bacteria	Pseudomonadota	Alphaproteobacteria	Micropepsales	Micropepsaceae	0.00006242962478660419
SRR10102393	Soil	Bacteria	Bacteria	Actinomycetota	Acidimicrobiia	Acidimicrobiales	VFJN01	0.00007151029748283752
SRR10102393	Soil	Bacteria	Bacteria	Actinomycetota	Thermoleophilia	Solirubrobacterales	Thermoleophilaceae	0.0002792306854091751
SRR10102393	Soil	Bacteria	Bacteria	Planctomycetota	Planctomycetia	Gemmatales	Gemmataceae	0.00018161345392466672
SRR10102393	Soil	Bacteria	Bacteria	Methylomirabilota	Methylomirabilia	Rokubacteriales	DASRDR01	0.00004540336348116668
SRR10102393	Soil	Bacteria	Bacteria	Pseudomonadota	Gammaproteobacteria	Burkholderiales	Usitatibacteraceae	0.0002519886673204751
SRR10102393	Soil	Bacteria	Bacteria	Bacillota	Bacilli	Bacillales	DSM-1321	0.0006140804910827794
SRR10102393	Soil	Bacteria	Bacteria	Gemmatimonadota	Gemmatimonadetes	Gemmatimonadales	GWC2-71-9	0.00009988739965856671
SRR10102393	Soil	Bacteria	Bacteria	Bacteroidota	Bacteroidia	AKYH767-A	2013-40CM-41-45	0.000020431513566525008
SRR10102393	Soil	Bacteria	Bacteria	Verrucomicrobiota	Verrucomicrobiia	Opitutales	Opitutaceae	0.0003439304783698376
SRR10102393	Soil	Bacteria	Bacteria	Bacillota	Bacilli	Bacillales_A	Planococcaceae	0.00011804874505103337
SRR10102393	Soil	Bacteria	Bacteria	Pseudomonadota	Gammaproteobacteria	Burkholderiales	Nitrosomonadaceae	0.00032917438523845843
SRR10102393	Soil	Bacteria	Bacteria	Acidobacteriota	Vicinamibacteria	Vicinamibacterales	2-12-FULL-66-21	0.0017287330645454216
SRR10102393	Soil	Bacteria	Bacteria	Actinomycetota	Thermoleophilia	Solirubrobacterales	Solirubrobacteraceae	0.0002962569467146126
SRR10102393	Soil	Bacteria	Bacteria	Actinomycetota	Actinomycetes	Propionibacteriales	Propionibacteriaceae	0.000489221241509571
SRR10102393	Soil	Bacteria	Bacteria	Pseudomonadota	Gammaproteobacteria	Enterobacterales	Aeromonadaceae	0.00012939958592132503
SRR10102393	Soil	Bacteria	Bacteria	Pseudomonadota	Alphaproteobacteria	Rhizobiales	Hyphomicrobiaceae	0.00008513130652718754
SRR10102393	Soil	Bacteria	Bacteria	Acidobacteriota	Vicinamibacteria	Vicinamibacterales	JAMQPK01	0.00020658530383930838
SRR10102393	Soil	Bacteria	Bacteria	Acidobacteriota	Terriglobia	Bryobacterales	Bryobacteraceae	0.0006129454069957502
SRR10102393	Soil	Bacteria	Bacteria	Verrucomicrobiota	Verrucomicrobiia	Limisphaerales	JADLHS01	0.00010556282009371253
SRR10102393	Soil	Bacteria	Bacteria	Armatimonadota	Chthonomonadetes	Chthonomonadales	Chthonomonadaceae	0.00018161345392466672
SRR10102393	Soil	Bacteria	Bacteria	Myxococcota_A	Polyangia	Haliangiales	Haliangiaceae	0.00012145399731212087
SRR10102393	Soil	Bacteria	Bacteria	Pseudomonadota	Gammaproteobacteria	Unclassified	Unclassified	0.00008399622244015836
SRR10102393	Soil	Bacteria	Bacteria	Chloroflexota	Chloroflexia	Thermomicrobiales	Unclassified	0.000028377102175729177
SRR10102393	Soil	Bacteria	Bacteria	Pseudomonadota	Alphaproteobacteria	Rhizobiales	Rhizobiaceae	0.00022928698557989177
SRR10102393	Soil	Bacteria	Bacteria	Pseudomonadota	Gammaproteobacteria	Steroidobacterales	Rariloculaceae	0.00002951218626275834
SRR10102393	Soil	Bacteria	Bacteria	Chloroflexota	Dehalococcoidia	Tepidiformales	Tepidiformaceae	0.00006242962478660419
SRR10102393	Soil	Bacteria	Bacteria	Bacteroidota	Bacteroidia	Unclassified	Unclassified	0.000012485924957320839
SRR10102393	Soil	Bacteria	Bacteria	Pseudomonadota	Gammaproteobacteria	JACCYU01	JACCYU01	0.00003291743852384584
SRR10102393	Soil	Bacteria	Bacteria	Pseudomonadota	Alphaproteobacteria	Rhodobacterales	Rhodobacteraceae	0.0001486960154008209
SRR10102393	Soil	Bacteria	Bacteria	Acidobacteriota	Thermoanaerobaculia	Gp7-AA8	Gp7-AA8	0.00027015001271294174
SRR10102393	Soil	Bacteria	Bacteria	Verrucomicrobiota	Verrucomicrobiia	Limisphaerales	SIBE01	0.00010102248374559588
SRR10102393	Soil	Bacteria	Bacteria	Pseudomonadota	Alphaproteobacteria	Caulobacterales	Caulobacteraceae	0.0001577766880970542
SRR10102393	Soil	Bacteria	Bacteria	Desulfobacterota	Desulfuromonadia	Geobacterales	Geobacteraceae	0.000031782354436816676
SRR10102393	Soil	Bacteria	Bacteria	Pseudomonadota	Gammaproteobacteria	Pseudomonadales	Pseudomonadaceae	0.0004256565326359377
SRR10102393	Soil	Bacteria	Bacteria	Desulfobacterota	Binatia	HRBIN30	CADEER01	0.000017026261305437506
SRR10102393	Soil	Bacteria	Bacteria	Planctomycetota	Planctomycetia	Planctomycetales	Planctomycetaceae	0.0001782082016635792
SRR10102393	Soil	Bacteria	Bacteria	Bacillota	Clostridia	Clostridiales	Clostridiaceae	0.00011350840870291671
SRR10102393	Soil	Bacteria	Bacteria	Acidobacteriota	UBA6911	UBA6911	UBA6911	0.0000828611383531292
SRR10102393	Soil	Bacteria	Bacteria	Planctomycetota	Phycisphaerae	Tepidisphaerales	Tepidisphaeraceae	0.00036436199193636264
SRR10102393	Soil	Bacteria	Bacteria	Pseudomonadota	Gammaproteobacteria	Steroidobacterales	Unclassified	0.000028377102175729177
SRR10102393	Soil	Bacteria	Bacteria	Bacteroidota	Bacteroidia	Bacteroidales	VadinHA17	7.945588609204169e-6
SRR10102393	Soil	Bacteria	Bacteria	Pseudomonadota	Gammaproteobacteria	Pseudomonadales	Azotimanducaceae	0.00006583487704769168
SRR10102393	Soil	Bacteria	Bacteria	Actinomycetota	Actinomycetes	Unclassified	Unclassified	0.0006447277614325668
SRR10102393	Soil	Bacteria	Bacteria	Verrucomicrobiota	Verrucomicrobiia	Verrucomicrobiales	Akkermansiaceae	0.0002383676582761251
SRR10102393	Soil	Bacteria	Bacteria	Cyanobacteriota	Vampirovibrionia	Vampirovibrionales	Vampirovibrionaceae	0.000018161345392466673
SRR10102393	Soil	Bacteria	Bacteria	Verrucomicrobiota	Verrucomicrobiia	Limisphaerales	Unclassified	0.00025652900366859177
SRR10102393	Soil	Bacteria	Bacteria	Pseudomonadota	Alphaproteobacteria	Rhizobiales	Aestuariivirgaceae	0.0001657222767062584
SRR10102393	Soil	Bacteria	Bacteria	Chloroflexota	Unclassified	Unclassified	Unclassified	0.00003291743852384584
SRR10102393	Soil	Bacteria	Bacteria	Acidobacteriota	HRBIN11	JAKEFK01	JAKEFK01	0.0000930768951363917
SRR10102393	Soil	Bacteria	Bacteria	Chloroflexota	Chloroflexia	Unclassified	Unclassified	0.000020431513566525008
SRR10102393	Soil	Bacteria	Bacteria	Pseudomonadota	Gammaproteobacteria	Burkholderiales	Burkholderiaceae_F	0.00026674476045185423
SRR10102393	Soil	Bacteria	Bacteria	Bacteroidota	Bacteroidia	Cytophagales	Hymenobacteraceae	0.0004199811122007918
SRR10102393	Soil	Bacteria	Bacteria	Acidobacteriota	Vicinamibacteria	Vicinamibacterales	JAENWD01	0.0004449529621154335
SRR10102393	Soil	Bacteria	Bacteria	Chloroflexota	Dehalococcoidia	SM23-28-2	RBG-16-64-32	0.00003291743852384584
SRR10102393	Soil	Bacteria	Bacteria	Chloroflexota	UBA6077	UBA6077	JACCZL01	0.00028036576949620425
SRR10102393	Soil	Bacteria	Bacteria	Verrucomicrobiota	Verrucomicrobiia	Limisphaerales	UBA8199	0.00004313319530710835
SRR10102393	Soil	Bacteria	Bacteria	Actinomycetota	Acidimicrobiia	Acidimicrobiales	Acidimicrobilacustridaceae	0.000031782354436816676
SRR10102393	Soil	Bacteria	Bacteria	Chloroflexota	Anaerolineae	Caldilineales	Caldilineaceae	0.0003155533761941084
SRR10102393	Soil	Bacteria	Bacteria	Actinomycetota	Actinomycetes	Mycobacteriales	SCTD01	0.00006924012930877919
SRR10102393	Soil	Bacteria	Bacteria	Bacillota	Bacilli	Paenibacillales	Paenibacillaceae	0.00004540336348116668
SRR10102393	Soil	Bacteria	Bacteria	Bacillota	Bacilli	Tumebacillales	Tumebacillaceae	0.000048808615742254186
SRR10102393	Soil	Bacteria	Bacteria	Actinomycetota	Acidimicrobiia	Acidimicrobiales	Unclassified	0.00003405252261087501
SRR10102393	Soil	Bacteria	Bacteria	Pseudomonadota	Gammaproteobacteria	Burkholderiales	Burkholderiaceae_D	0.0008240710471831753
SRR10102393	Soil	Bacteria	Bacteria	Actinomycetota	Actinomycetes	Actinomycetales	Dermatophilaceae	0.0002383676582761251
SRR10102393	Soil	Bacteria	Bacteria	Pseudomonadota	Alphaproteobacteria	Rhodospirillales	Defluviicoccaceae	0.000020431513566525008
SRR10102393	Soil	Bacteria	Bacteria	Bacteroidota	Bacteroidia	Chitinophagales	UBA10324	0.000013621009044350005
SRR10102393	Soil	Bacteria	Bacteria	Nitrospirota	Nitrospiria	Nitrospirales	Nitrospiraceae	0.0004801405688133377
SRR10102393	Soil	Bacteria	Bacteria	Bacillota	UBA4882	UBA10575	UBA10575	0.000023836765827612507
SRR10102393	Soil	Bacteria	Bacteria	Bacillota	Bacilli	Thermoactinomycetales	Thermoactinomycetaceae	0.000024971849914641678
SRR10102393	Soil	Bacteria	Bacteria	Chloroflexota	Dehalococcoidia	DSTF01	WHTK01	0.00012939958592132503
SRR10102393	Soil	Bacteria	Bacteria	Bacillota	Bacilli	Unclassified	Unclassified	0.00007832080200501253
SRR10102393	Soil	Bacteria	Bacteria	Desulfobacterota	Binatia	UBA1149	CAYXZP01	9.080672696233337e-6
SRR10102393	Soil	Bacteria	Bacteria	Acidobacteriota	Blastocatellia	UBA7656	JADIYM01	0.00008172605426610003
SRR10102393	Soil	Bacteria	Bacteria	Acidobacteriota	Terriglobia	Versatilivoradales	Versatilivoraceae	0.00016458719261922922
SRR10102393	Soil	Bacteria	Bacteria	Actinomycetota	Actinomycetes	Mycobacteriales	Geodermatophilaceae	0.0002542588354945334
SRR10102393	Soil	Bacteria	Bacteria	Hydrogenedentota	Hydrogenedentia	Hydrogenedentales	SLHB01	2.270168174058334e-6
SRR10102393	Soil	Bacteria	Bacteria	Chloroflexota	Anaerolineae	4572-78	J111	6.8105045221750025e-6
SRR10102393	Soil	Bacteria	Bacteria	Acidobacteriota	Vicinamibacteria	Fen-336	Fen-336	0.00008740147470124587
SRR10102393	Soil	Bacteria	Bacteria	Pseudomonadota	Alphaproteobacteria	Unclassified	Unclassified	0.000047673531655225015
SRR10102393	Soil	Bacteria	Bacteria	Eisenbacteria	RBG-16-71-46	RBG-16-71-46	DASYSL01	0.000039727943046020846
SRR10102393	Soil	Bacteria	Bacteria	Actinomycetota	Actinomycetes	Mycobacteriales	Mycobacteriaceae	0.00029285169445352507
SRR10102393	Soil	Bacteria	Bacteria	Planctomycetota	Planctomycetia	Pirellulales	Lacipirellulaceae	0.00018501870618575422
SRR10102393	Soil	Bacteria	Bacteria	Acidobacteriota	Vicinamibacteria	Vicinamibacterales	Unclassified	0.00014075042679161673
SRR10102393	Soil	Bacteria	Bacteria	Actinomycetota	Thermoleophilia	Gaiellales	JAICJC01	0.000036322690784933346
SRR10102393	Soil	Bacteria	Bacteria	Actinomycetota	Actinomycetes	JACCUZ01	JACCUZ01	0.00005788928843848752
SRR10102393	Soil	Bacteria	Bacteria	Verrucomicrobiota	Verrucomicrobiia	Chthoniobacterales	Terrimicrobiaceae	0.000550515782209146
SRR10102393	Soil	Bacteria	Bacteria	Patescibacteriota	Saccharimonadia	Saccharimonadales	Saccharimonadaceae	0.000013621009044350005
SRR10102393	Soil	Bacteria	Bacteria	Pseudomonadota	Alphaproteobacteria	Acetobacterales	Acetobacteraceae	0.00004653844756819585
SRR10102393	Soil	Bacteria	Bacteria	Desulfobacterota	Binatia	UTPRO1	UTPRO1	0.000036322690784933346
SRR10102393	Soil	Bacteria	Bacteria	Chloroflexota	Chloroflexia	Thermomicrobiales	UBA6265	0.0002519886673204751
SRR10102393	Soil	Bacteria	Bacteria	Actinomycetota	Actinomycetes	Mycobacteriales	Pseudonocardiaceae	0.00002724201808870001
SRR10102393	Soil	Bacteria	Bacteria	Actinomycetota	Thermoleophilia	Solirubrobacterales	JACPNS01	0.000028377102175729177
SRR10102393	Soil	Bacteria	Bacteria	Pseudomonadota	Alphaproteobacteria	ATCC43930	CGMCC-115725	0.00007378046565689586
SRR10102393	Soil	Bacteria	Bacteria	Myxococcota_A	Polyangia	Polyangiales	DASUME01	0.000026106934001670842
SRR10102393	Soil	Bacteria	Bacteria	Desulfobacterota	Binatia	DP-6	DP-6	0.00004313319530710835
SRR10102393	Soil	Bacteria	Bacteria	Myxococcota_A	Polyangia	Polyangiales	Houyiibacteriaceae	0.000010215756783262504
SRR10102393	Soil	Bacteria	Bacteria	Krumholzibacteriota	Krumholzibacteriia	WVZY01	JAKEHA01	0.000015891177218408338
SRR10102393	Soil	Bacteria	Bacteria	Actinomycetota	Actinomycetes	Streptosporangiales	Streptosporangiaceae	0.000018161345392466673
SRR10102393	Soil	Bacteria	Bacteria	Pseudomonadota	Alphaproteobacteria	Dongiales	Dongiaceae	0.00009875231557153754
SRR10102393	Soil	Bacteria	Bacteria	Acidobacteriota	Blastocatellia	RBC074	RBC074	0.00009421197922342087
SRR10102393	Soil	Bacteria	Bacteria	Tectomicrobia	Entotheonellia	Entotheonellales	Entotheonellaceae	0.00008853655878827502
SRR10102393	Soil	Bacteria	Bacteria	Pseudomonadota	Alphaproteobacteria	Rhizobiales	Labraceae	0.000020431513566525008
SRR10102393	Soil	Bacteria	Bacteria	Pseudomonadota	Gammaproteobacteria	Steroidobacterales	GCA-2729495	0.000021566597653554176
SRR10102393	Soil	Bacteria	Bacteria	Pseudomonadota	Alphaproteobacteria	Geminicoccales	Geminicoccaceae	0.00002951218626275834
SRR10102393	Soil	Bacteria	Bacteria	Verrucomicrobiota	Verrucomicrobiia	Limisphaerales	DASXHY01	0.00001475609313137917
SRR10102393	Soil	Bacteria	Bacteria	Pseudomonadota	Gammaproteobacteria	Pseudomonadales	Halieaceae	0.00006583487704769168
SRR10102393	Soil	Bacteria	Bacteria	Bacillota	Bacilli	Bacillales	Cytobacillaceae	0.0008138552903999127
SRR10102393	Soil	Bacteria	Bacteria	Cyanobacteriota	Cyanobacteriia	FACHB-46	FACHB-46	0.000010215756783262504
SRR10102393	Soil	Bacteria	Bacteria	Pseudomonadota	Gammaproteobacteria	Burkholderiales	SHXO01	0.000024971849914641678
SRR10102393	Soil	Bacteria	Bacteria	Desulfobacterota	Binatia	UBA1149	CAITLU01	0.000024971849914641678
SRR10102393	Soil	Bacteria	Bacteria	Verrucomicrobiota	Verrucomicrobiia	Limisphaerales	BJHT01	0.000015891177218408338
SRR10102393	Soil	Bacteria	Bacteria	Armatimonadota	Armatimonadia	Armatimonadales	Armatimonadaceae	0.000031782354436816676
SRR10102393	Soil	Bacteria	Bacteria	UBA10199	UBA10199	DSSB01	DSSB01	0.00001475609313137917
SRR10102393	Soil	Bacteria	Bacteria	Acidobacteriota	Vicinamibacteria	Vicinamibacterales	Vicinamibacteraceae	0.00027015001271294174
SRR10102393	Soil	Bacteria	Bacteria	Bacillota	Bacilli	Bacillales	Bacillaceae_G	0.00006924012930877919
SRR10102393	Soil	Bacteria	Bacteria	Pseudomonadota	Gammaproteobacteria	Legionellales	Legionellaceae	0.00007718571791798336
SRR10102393	Soil	Bacteria	Bacteria	Actinomycetota	Actinomycetes	Mycobacteriales	Micromonosporaceae	0.00006129454069957502
SRR10102393	Soil	Bacteria	Bacteria	Verrucomicrobiota	Verrucomicrobiia	Limisphaerales	SIBH01	0.00007491554974392502
SRR10102393	Soil	Bacteria	Bacteria	Planctomycetota	Phycisphaerae	WQYP01	WQYP01	0.00003405252261087501
SRR10102393	Soil	Bacteria	Bacteria	Chloroflexota	Anaerolineae	J036	Brachytrichaceae	0.000020431513566525008
SRR10102393	Soil	Bacteria	Bacteria	Pseudomonadota	Gammaproteobacteria	Xanthomonadales	Rhodanobacteraceae	0.00008399622244015836
SRR10102393	Soil	Bacteria	Bacteria	Actinomycetota	CADDZG01	CADDZG01	WHSQ01	0.000015891177218408338
SRR10102393	Soil	Bacteria	Bacteria	Bacillota	Bacilli	Lactobacillales	Aerococcaceae	0.000013621009044350005
SRR10102393	Soil	Bacteria	Bacteria	Sumerlaeota	Sumerlaeia	Sumerlaeales	Sumerlaeaceae	0.000052213868003341685
SRR10102393	Soil	Bacteria	Bacteria	Actinomycetota	Thermoleophilia	Solirubrobacterales	JBBDJG01	0.00007264538156986669
SRR10102393	Soil	Bacteria	Bacteria	Actinomycetota	Acidimicrobiia	IMCC26256	PALSA-610	0.00006242962478660419
SRR10102393	Soil	Bacteria	Bacteria	Actinomycetota	Acidimicrobiia	Acidimicrobiales	Iamiaceae	0.000015891177218408338
SRR10102393	Soil	Bacteria	Bacteria	Pseudomonadota	Alphaproteobacteria	Reyranellales	Reyranellaceae	0.00009648214739747921
SRR10102393	Soil	Bacteria	Bacteria	Gemmatimonadota	Gemmatimonadetes	JACCXV01	JAHWKZ01	0.000024971849914641678
SRR10102393	Soil	Bacteria	Bacteria	Planctomycetota	Planctomycetia	Pirellulales	JAICIG01	0.00002951218626275834
SRR10102393	Soil	Bacteria	Bacteria	Actinomycetota	Actinomycetes	Actinomycetales	Cellulomonadaceae	0.000047673531655225015
SRR10102393	Soil	Bacteria	Bacteria	Planctomycetota	Planctomycetia	Isosphaerales	Isosphaeraceae	0.00007718571791798336
SRR10102393	Soil	Bacteria	Bacteria	Myxococcota	Myxococcia	Myxococcales	Anaeromyxobacteraceae	0.00003405252261087501
SRR10102393	Soil	Bacteria	Bacteria	Bacillota	Desulfitobacteriia	Desulfitobacteriales	Desulfitobacteriaceae	0.000015891177218408338
SRR10102393	Soil	Bacteria	Bacteria	Pseudomonadota	Gammaproteobacteria	Pseudomonadales	CAMLJR01	9.080672696233337e-6
SRR10102393	Soil	Bacteria	Bacteria	Actinomycetota	CALGFH01	CALGFH01	CALGFH01	0.00010442773600668337
SRR10102393	Soil	Bacteria	Bacteria	Acidobacteriota	Blastocatellia	UBA7656	Unclassified	0.000052213868003341685
SRR10102393	Soil	Bacteria	Bacteria	Planctomycetota	Planctomycetia	Pirellulales	PALSA-1355	0.0000896716428753042
SRR10102393	Soil	Bacteria	Bacteria	Acidobacteriota	Thermoanaerobaculia	Multivoradales	UBA5704	0.000024971849914641678
SRR10102393	Soil	Bacteria	Bacteria	Actinomycetota	Actinomycetes	Actinomycetales	Micrococcaceae	0.0004971668301187752
SRR10102393	Soil	Bacteria	Bacteria	Chloroflexota	UBA6077	UBA6077	CF-72	0.00003518760669790418
SRR10102393	Soil	Bacteria	Bacteria	Actinomycetota	Acidimicrobiia	IMCC26256	DASPTH01	0.00005334895209037085
SRR10102393	Soil	Archaea	Archaea	Methanobacteriota	Methanobacteria	Methanobacteriales	Methanobacteriaceae	0.000017026261305437506
SRR10102393	Soil	Bacteria	Bacteria	Actinomycetota	Rubrobacteria	Rubrobacterales	Rubrobacteraceae	0.0002724201808870001
SRR10102393	Soil	Bacteria	Bacteria	Actinomycetota	Thermoleophilia	Solirubrobacterales	Unclassified	0.000015891177218408338
SRR10102393	Soil	Bacteria	Bacteria	Actinomycetota	Acidimicrobiia	IMCC26256	JACDBD01	0.000021566597653554176
SRR10102393	Soil	Bacteria	Bacteria	Desulfobacterota	Desulfuromonadia	Desulfuromonadales	UBA2197	0.00008740147470124587
SRR10102393	Soil	Bacteria	Bacteria	Patescibacteriota	Saccharimonadia	Saccharimonadales	2-12-FULL-41-12	0.000010215756783262504
SRR10102393	Soil	Bacteria	Bacteria	Bacteroidota	Bacteroidia	Cytophagales	172606-1	0.00003859285895899168
SRR10102393	Soil	Bacteria	Bacteria	Actinomycetota	Acidimicrobiia	Acidimicrobiales	CADCSY01	0.00003405252261087501
SRR10102394	Soil	Bacteria	Bacteria	Pseudomonadota	Alphaproteobacteria	Rhizobiales	Devosiaceae	0.00006922707965564473
SRR10102394	Soil	Bacteria	Bacteria	Planctomycetota	Planctomycetia	Pirellulales	Pirellulaceae	0.00023364139383780095
SRR10102394	Soil	Bacteria	Bacteria	Acidobacteriota	Terriglobia	20CM-2-55-15	20CM-2-55-15	0.00023982238309276923
SRR10102394	Soil	Bacteria	Bacteria	Actinomycetota	Thermoleophilia	Solirubrobacterales	70-9	0.0005352736694802529
SRR10102394	Soil	Bacteria	Bacteria	Myxococcota_A	Polyangia	Polyangiales	Polyangiaceae	0.0003584973767881602
SRR10102394	Soil	Bacteria	Bacteria	Bacteroidota	Bacteroidia	Flavobacteriales	Flavobacteriaceae	0.00009147864097353053
SRR10102394	Soil	Bacteria	Bacteria	Verrucomicrobiota	Verrucomicrobiia	Chthoniobacterales	Chthoniobacteraceae	0.0008158905816558128
SRR10102394	Soil	Bacteria	Bacteria	Methylomirabilota	Methylomirabilia	Rokubacteriales	CSP1-6	0.0004104176865298937
SRR10102394	Soil	Bacteria	Bacteria	Verrucomicrobiota	Verrucomicrobiia	Chthoniobacterales	UBA10450	0.005942403069726503
SRR10102394	Soil	Bacteria	Bacteria	Actinomycetota	Thermoleophilia	Gaiellales	Gaiellaceae	0.001828336621619617
SRR10102394	Soil	Bacteria	Bacteria	Pseudomonadota	Gammaproteobacteria	Burkholderiales	Burkholderiaceae_C	0.0017887782903878201
SRR10102394	Soil	Unclassified	Unclassified	Unclassified	Unclassified	Unclassified	Unclassified	0.009717751306661127
SRR10102394	Soil	Bacteria	Bacteria	Chloroflexota	Anaerolineae	UBA4142	SHND01	0.00005439270544372086
SRR10102394	Soil	Bacteria	Bacteria	Bacillota	Bacilli	Paenibacillales	NBRC-103111	0.00006675468395365741
SRR10102394	Soil	Bacteria	Bacteria	Verrucomicrobiota	Verrucomicrobiia	Verrucomicrobiales	Verrucomicrobiaceae	0.000040794529082790637
SRR10102394	Soil	Bacteria	Bacteria	Pseudomonadota	Alphaproteobacteria	Rhizobiales	Beijerinckiaceae	0.0005983197598809294
SRR10102394	Soil	Bacteria	Bacteria	Unclassified	Unclassified	Unclassified	Unclassified	0.0024105858094376287
SRR10102394	Soil	Bacteria	Bacteria	Pseudomonadota	Gammaproteobacteria	Xanthomonadales	Xanthomonadaceae	0.0011199952530002522
SRR10102394	Soil	Bacteria	Bacteria	Actinomycetota	Actinomycetes	Actinomycetales	Microbacteriaceae	0.000297923682089471
SRR10102394	Soil	Bacteria	Bacteria	Chloroflexota	Limnocylindria	Limnocylindrales	CSP1-4	0.0011101056701923028
SRR10102394	Soil	Bacteria	Bacteria	Pseudomonadota	Alphaproteobacteria	Rhizobiales	Xanthobacteraceae	0.0022152665489806314
SRR10102394	Soil	Bacteria	Bacteria	Verrucomicrobiota	Verrucomicrobiia	Verrucomicrobiales	V1-33	0.00008900624527154321
SRR10102394	Soil	Bacteria	Bacteria	Bacteroidota	Bacteroidia	Chitinophagales	Saprospiraceae	0.000017306769913911183
SRR10102394	Soil	Bacteria	Bacteria	Desulfobacterota	Binatia	UBA9968	UBA9968	0.00036838695959610945
SRR10102394	Soil	Bacteria	Bacteria	Desulfobacterota	Binatia	Bin18	Bin18	0.00011743879584439731
SRR10102394	Soil	Bacteria	Bacteria	Pseudomonadota	Gammaproteobacteria	Steroidobacterales	Steroidobacteraceae	0.0011904585305068905
SRR10102394	Soil	Bacteria	Bacteria	Actinomycetota	UBA4738	UBA4738	HRBIN12	0.0006193351233478215
SRR10102394	Soil	Bacteria	Bacteria	Acidobacteriota	Blastocatellia	Unclassified	Unclassified	7.417187105961935e-6
SRR10102394	Soil	Bacteria	Bacteria	Pseudomonadota	Alphaproteobacteria	Rhizobiales	Methyloligellaceae	0.001289354358586383
SRR10102394	Soil	Bacteria	Bacteria	Pseudomonadota	Gammaproteobacteria	Burkholderiales	Rhodocyclaceae	0.00003214114412583505
SRR10102394	Soil	Bacteria	Bacteria	Desulfobacterota	Desulfuromonadia	Geobacterales	Pseudopelobacteraceae	0.00003708593552980967
SRR10102394	Soil	Bacteria	Bacteria	Actinomycetota	Actinomycetes	Propionibacteriales	Nocardioidaceae	0.0008233077687617748
SRR10102394	Soil	Bacteria	Bacteria	Acidobacteriota	Vicinamibacteria	Vicinamibacterales	UBA2999	0.005049868221309084
SRR10102394	Soil	Bacteria	Bacteria	Actinomycetota	Actinomycetes	Actinomycetales	Kineosporiaceae	0.00004326692478477795
SRR10102394	Soil	Bacteria	Bacteria	Acidobacteriota	Terriglobia	Terriglobales	Acidobacteriaceae	0.0001446351485662577
SRR10102394	Soil	Bacteria	Bacteria	Myxococcota	Myxococcia	Myxococcales	Myxococcaceae	0.0003634421681921348
SRR10102394	Soil	Bacteria	Bacteria	Bacillota	Clostridia	Lachnospirales	Lachnospiraceae	0.00031152185845040125
SRR10102394	Soil	Bacteria	Bacteria	Nitrospirota	Leptospirillia	Leptospirillales	Leptospirillaceae	0.000019779165615898492
SRR10102394	Soil	Bacteria	Bacteria	Pseudomonadota	Gammaproteobacteria	Burkholderiales	SG8-41	0.00025342055945369943
SRR10102394	Soil	Bacteria	Bacteria	Actinomycetota	Acidimicrobiia	IMCC26256	Unclassified	0.000022251561317885802
SRR10102394	Soil	Bacteria	Bacteria	Acidobacteriota	Vicinamibacteria	Vicinamibacterales	CAVVIG01	0.0021410946779210115
SRR10102394	Soil	Archaea	Archaea	Thermoproteota	Nitrososphaeria	Nitrososphaerales	Nitrososphaeraceae	0.004552916685209634
SRR10102394	Soil	Bacteria	Bacteria	Acidobacteriota	Blastocatellia	Pyrinomonadales	Pyrinomonadaceae	0.005026380462140204
SRR10102394	Soil	Bacteria	Bacteria	Pseudomonadota	Gammaproteobacteria	Burkholderiales	Unclassified	0.0001310369722053275
SRR10102394	Soil	Bacteria	Bacteria	Pseudomonadota	Alphaproteobacteria	Sphingomonadales	Sphingomonadaceae	0.0022436990995534853
SRR10102394	Soil	Bacteria	Bacteria	Chloroflexota	Limnocylindria	QHBO01	QHBO01	0.00007540806891061301
SRR10102394	Soil	Bacteria	Bacteria	Pseudomonadota	Unclassified	Unclassified	Unclassified	0.0002324051959868073
SRR10102394	Soil	Bacteria	Bacteria	Bacteroidota	Bacteroidia	Cytophagales	Cyclobacteriaceae	0.00009642343237750516
SRR10102394	Soil	Bacteria	Bacteria	Bacteroidota	Bacteroidia	Sphingobacteriales	Sphingobacteriaceae	0.00008158905816558127
SRR10102394	Soil	Bacteria	Bacteria	Acidobacteriota	Thermoanaerobaculia	UBA5066	Gp7-AA6	0.0002744359229205916
SRR10102394	Soil	Bacteria	Bacteria	Bacteroidota	Bacteroidia	Chitinophagales	Chitinophagaceae	0.0018913827120202932
SRR10102394	Soil	Bacteria	Bacteria	Pseudomonadota	Gammaproteobacteria	Burkholderiales	SG8-39	0.00006675468395365741
SRR10102394	Soil	Bacteria	Bacteria	Bacillota	Clostridia	Peptostreptococcales	Peptostreptococcaceae	0.00011249400444042268
SRR10102394	Soil	Bacteria	Bacteria	Actinomycetota	Acidimicrobiia	Acidimicrobiales	Ilumatobacteraceae	0.00030904946274841396
SRR10102394	Soil	Bacteria	Bacteria	Acidobacteriota	Vicinamibacteria	Vicinamibacterales	SCN-69-37	0.000642822882516701
SRR10102394	Soil	Bacteria	Bacteria	Acidobacteriota	Blastocatellia	UBA7656	UBA7656	0.00028061691217555983
SRR10102394	Soil	Bacteria	Bacteria	Pseudomonadota	Gammaproteobacteria	Burkholderiales	Casimicrobiaceae	0.0009110778161823242
SRR10102394	Soil	Bacteria	Bacteria	Myxococcota_A	Polyangia	Nannocystales	Nannocystaceae	0.00003090494627484139
SRR10102394	Soil	Bacteria	Bacteria	Patescibacteriota	Saccharimonadia	Saccharimonadales	UBA4665	0.000058101298996701826
SRR10102394	Soil	Bacteria	Bacteria	Chloroflexota	Chloroflexia	Chloroflexales	Roseiflexaceae	0.0001705953034371245
SRR10102394	Soil	Bacteria	Bacteria	Verrucomicrobiota	Verrucomicrobiia	Chthoniobacterales	Unclassified	0.000013598176360930214
SRR10102394	Soil	Bacteria	Bacteria	Actinomycetota	Actinomycetes	Streptomycetales	Streptomycetaceae	0.00025836535085767406
SRR10102394	Soil	Bacteria	Bacteria	Eisenbacteria	RBG-16-71-46	SZUA-252	SZUA-252	0.000058101298996701826
SRR10102394	Soil	Bacteria	Bacteria	Pseudomonadota	Alphaproteobacteria	Azospirillales	Azospirillaceae	0.0003906385209139952
SRR10102394	Soil	Bacteria	Bacteria	Actinomycetota	Acidimicrobiia	Acidimicrobiales	DATKAS01	0.000039558331231796985
SRR10102394	Soil	Bacteria	Bacteria	Gemmatimonadota	Gemmatimonadetes	Gemmatimonadales	Gemmatimonadaceae	0.0005192030974173355
SRR10102394	Soil	Bacteria	Bacteria	Pseudomonadota	Alphaproteobacteria	Micropepsales	Micropepsaceae	0.000013598176360930214
SRR10102394	Soil	Bacteria	Bacteria	Actinomycetota	Thermoleophilia	Solirubrobacterales	Thermoleophilaceae	0.00039558331231796985
SRR10102394	Soil	Bacteria	Bacteria	Planctomycetota	Planctomycetia	Gemmatales	Gemmataceae	0.00024353097664575022
SRR10102394	Soil	Bacteria	Bacteria	Methylomirabilota	Methylomirabilia	Rokubacteriales	DASRDR01	0.00005686510114570816
SRR10102394	Soil	Bacteria	Bacteria	Pseudomonadota	Gammaproteobacteria	Burkholderiales	Usitatibacteraceae	0.00023982238309276923
SRR10102394	Soil	Bacteria	Bacteria	Bacillota	Bacilli	Bacillales	DSM-1321	0.0007553168869571236
SRR10102394	Soil	Bacteria	Bacteria	Gemmatimonadota	Gemmatimonadetes	Gemmatimonadales	GWC2-71-9	0.00010384061948346708
SRR10102394	Soil	Bacteria	Bacteria	Bacteroidota	Bacteroidia	AKYH767-A	2013-40CM-41-45	0.00003090494627484139
SRR10102394	Soil	Bacteria	Bacteria	Verrucomicrobiota	Verrucomicrobiia	Opitutales	Opitutaceae	0.0003584973767881602
SRR10102394	Soil	Bacteria	Bacteria	Bacillota	Bacilli	Bacillales_A	Planococcaceae	0.00011125780658942902
SRR10102394	Soil	Bacteria	Bacteria	Pseudomonadota	Gammaproteobacteria	Burkholderiales	Nitrosomonadaceae	0.0003065770670464266
SRR10102394	Soil	Bacteria	Bacteria	Acidobacteriota	Vicinamibacteria	Vicinamibacterales	2-12-FULL-66-21	0.0018802569313613505
SRR10102394	Soil	Bacteria	Bacteria	Actinomycetota	Thermoleophilia	Solirubrobacterales	Solirubrobacteraceae	0.000380748938106046
SRR10102394	Soil	Bacteria	Bacteria	Actinomycetota	Actinomycetes	Propionibacteriales	Propionibacteriaceae	0.0005884301770729801
SRR10102394	Soil	Bacteria	Bacteria	Pseudomonadota	Alphaproteobacteria	Rhizobiales	Hyphomicrobiaceae	0.00002966874842384774
SRR10102394	Soil	Bacteria	Bacteria	Acidobacteriota	Vicinamibacteria	Vicinamibacterales	JAMQPK01	0.0002126260303709088
SRR10102394	Soil	Bacteria	Bacteria	Acidobacteriota	Terriglobia	Bryobacterales	Bryobacteraceae	0.0006378780911127263
SRR10102394	Soil	Bacteria	Bacteria	Verrucomicrobiota	Verrucomicrobiia	Limisphaerales	JADLHS01	0.000040794529082790637
SRR10102394	Soil	Bacteria	Bacteria	Armatimonadota	Chthonomonadetes	Chthonomonadales	Chthonomonadaceae	0.00019408306260600394
SRR10102394	Soil	Bacteria	Bacteria	Myxococcota_A	Polyangia	Haliangiales	Haliangiaceae	0.00017801249054308642
SRR10102394	Soil	Bacteria	Bacteria	Pseudomonadota	Gammaproteobacteria	Unclassified	Unclassified	0.00010384061948346708
SRR10102394	Soil	Bacteria	Bacteria	Chloroflexota	Chloroflexia	Thermomicrobiales	Unclassified	0.0000865338495695559
SRR10102394	Soil	Bacteria	Bacteria	Pseudomonadota	Alphaproteobacteria	Rhizobiales	Rhizobiaceae	0.0002212794153278644
SRR10102394	Soil	Bacteria	Bacteria	Pseudomonadota	Gammaproteobacteria	Steroidobacterales	Rariloculaceae	0.00003214114412583505
SRR10102394	Soil	Bacteria	Bacteria	Chloroflexota	Dehalococcoidia	Tepidiformales	Tepidiformaceae	0.00002843255057285408
SRR10102394	Soil	Bacteria	Bacteria	Bacteroidota	Bacteroidia	Unclassified	Unclassified	9.889582807949246e-6
SRR10102394	Soil	Bacteria	Bacteria	Pseudomonadota	Gammaproteobacteria	JACCYU01	JACCYU01	0.00003584973767881602
SRR10102394	Soil	Bacteria	Bacteria	Pseudomonadota	Alphaproteobacteria	Rhodobacterales	Rhodobacteraceae	0.00011743879584439731
SRR10102394	Soil	Bacteria	Bacteria	Acidobacteriota	Thermoanaerobaculia	Gp7-AA8	Gp7-AA8	0.00022251561317885804
SRR10102394	Soil	Bacteria	Bacteria	Verrucomicrobiota	Verrucomicrobiia	Limisphaerales	SIBE01	0.0001285645765033402
SRR10102394	Soil	Bacteria	Bacteria	Pseudomonadota	Alphaproteobacteria	Caulobacterales	Caulobacteraceae	0.00014957993997023235
SRR10102394	Soil	Bacteria	Bacteria	Desulfobacterota	Desulfuromonadia	Geobacterales	Geobacteraceae	0.00006675468395365741
SRR10102394	Soil	Bacteria	Bacteria	Pseudomonadota	Gammaproteobacteria	Pseudomonadales	Pseudomonadaceae	0.00028556170357953446
SRR10102394	Soil	Bacteria	Bacteria	Desulfobacterota	Binatia	HRBIN30	CADEER01	0.000017306769913911183
SRR10102394	Soil	Bacteria	Bacteria	Planctomycetota	Planctomycetia	Planctomycetales	Planctomycetaceae	0.00014092655501327675
SRR10102394	Soil	Bacteria	Bacteria	Bacillota	Clostridia	Clostridiales	Clostridiaceae	0.00015081613782122602
SRR10102394	Soil	Bacteria	Bacteria	Acidobacteriota	UBA6911	UBA6911	UBA6911	0.00003832213338080333
SRR10102394	Soil	Bacteria	Bacteria	Planctomycetota	Phycisphaerae	Tepidisphaerales	Tepidisphaeraceae	0.00043143304999678585
SRR10102394	Soil	Bacteria	Bacteria	Pseudomonadota	Gammaproteobacteria	Steroidobacterales	Unclassified	0.000024723957019873116
SRR10102394	Soil	Bacteria	Bacteria	Pseudomonadota	Gammaproteobacteria	Pseudomonadales	Azotimanducaceae	0.000034613539827822365
SRR10102394	Soil	Bacteria	Bacteria	Actinomycetota	Actinomycetes	Unclassified	Unclassified	0.0005476356479901895
SRR10102394	Soil	Bacteria	Bacteria	Verrucomicrobiota	Verrucomicrobiia	Verrucomicrobiales	Akkermansiaceae	0.00008035286031458763
SRR10102394	Soil	Bacteria	Bacteria	Cyanobacteriota	Vampirovibrionia	Vampirovibrionales	Vampirovibrionaceae	0.00001483437421192387
SRR10102394	Soil	Bacteria	Bacteria	Verrucomicrobiota	Verrucomicrobiia	Limisphaerales	Unclassified	0.00020768123896693416
SRR10102394	Soil	Bacteria	Bacteria	Pseudomonadota	Alphaproteobacteria	Rhizobiales	Aestuariivirgaceae	0.0001730676991391118
SRR10102394	Soil	Bacteria	Bacteria	Chloroflexota	Unclassified	Unclassified	Unclassified	0.00002966874842384774
SRR10102394	Soil	Bacteria	Bacteria	Acidobacteriota	HRBIN11	JAKEFK01	JAKEFK01	0.00004944791403974623
SRR10102394	Soil	Bacteria	Bacteria	Chloroflexota	Chloroflexia	Unclassified	Unclassified	0.000024723957019873116
SRR10102394	Soil	Bacteria	Bacteria	Pseudomonadota	Gammaproteobacteria	Burkholderiales	Burkholderiaceae_F	0.00021757082177488343
SRR10102394	Soil	Bacteria	Bacteria	Bacteroidota	Bacteroidia	Cytophagales	Hymenobacteraceae	0.00044008643495374144
SRR10102394	Soil	Bacteria	Bacteria	Myxococcota_A	UBA9160	UBA9160	SMWR01	9.889582807949246e-6
SRR10102394	Soil	Bacteria	Bacteria	Acidobacteriota	Vicinamibacteria	Vicinamibacterales	JAENWD01	0.0003992919058709508
SRR10102394	Soil	Bacteria	Bacteria	Chloroflexota	UBA6077	UBA6077	JACCZL01	0.0003078132648974203
SRR10102394	Soil	Bacteria	Bacteria	Verrucomicrobiota	Verrucomicrobiia	Limisphaerales	UBA8199	0.000044503122635771605
SRR10102394	Soil	Bacteria	Bacteria	Actinomycetota	Acidimicrobiia	Acidimicrobiales	Acidimicrobilacustridaceae	0.00005192030974173354
SRR10102394	Soil	Bacteria	Bacteria	Chloroflexota	Anaerolineae	Caldilineales	Caldilineaceae	0.0002645463401126423
SRR10102394	Soil	Bacteria	Bacteria	Actinomycetota	Actinomycetes	Mycobacteriales	SCTD01	0.000060573694698689136
SRR10102394	Soil	Bacteria	Bacteria	Bacillota	Bacilli	Paenibacillales	Paenibacillaceae	0.00005439270544372086
SRR10102394	Soil	Bacteria	Bacteria	Bacillota	Bacilli	Tumebacillales	Tumebacillaceae	0.00008035286031458763
SRR10102394	Soil	Bacteria	Bacteria	Actinomycetota	Acidimicrobiia	Acidimicrobiales	Unclassified	0.00005562890329471451
SRR10102394	Soil	Bacteria	Bacteria	Pseudomonadota	Gammaproteobacteria	Burkholderiales	Burkholderiaceae_D	0.0011113418680432966
SRR10102394	Soil	Bacteria	Bacteria	Actinomycetota	Actinomycetes	Actinomycetales	Dermatophilaceae	0.0004289606542947985
SRR10102394	Soil	Bacteria	Bacteria	Pseudomonadota	Alphaproteobacteria	Rhodospirillales	Defluviicoccaceae	0.00002966874842384774
SRR10102394	Soil	Bacteria	Bacteria	Bacteroidota	Bacteroidia	Chitinophagales	UBA10324	0.00001483437421192387
SRR10102394	Soil	Bacteria	Bacteria	Nitrospirota	Nitrospiria	Nitrospirales	Nitrospiraceae	0.00035602498108617284
SRR10102394	Soil	Bacteria	Bacteria	Myxococcota_A	Polyangia	Fen-1088	Fen-1088	0.000022251561317885802
SRR10102394	Soil	Bacteria	Bacteria	Bacillota	UBA4882	UBA10575	UBA10575	0.00002348775916887946
SRR10102394	Soil	Bacteria	Bacteria	Bacillota	Bacilli	Thermoactinomycetales	Thermoactinomycetaceae	0.00003090494627484139
SRR10102394	Soil	Bacteria	Bacteria	Chloroflexota	Dehalococcoidia	DSTF01	WHTK01	0.00014339895071526407
SRR10102394	Soil	Bacteria	Bacteria	Bacillota	Bacilli	Unclassified	Unclassified	0.00007664426676160665
SRR10102394	Soil	Bacteria	Bacteria	Acidobacteriota	Blastocatellia	UBA7656	JADIYM01	0.00003832213338080333
SRR10102394	Soil	Bacteria	Bacteria	Acidobacteriota	Terriglobia	Versatilivoradales	Versatilivoraceae	0.00011496640014240998
SRR10102394	Soil	Bacteria	Bacteria	Actinomycetota	Actinomycetes	Mycobacteriales	Geodermatophilaceae	0.00039434711446697623
SRR10102394	Soil	Bacteria	Bacteria	Chloroflexota	Anaerolineae	4572-78	J111	7.417187105961935e-6
SRR10102394	Soil	Bacteria	Bacteria	Acidobacteriota	Vicinamibacteria	Fen-336	Fen-336	0.00006304609040067644
SRR10102394	Soil	Bacteria	Bacteria	Pseudomonadota	Alphaproteobacteria	Unclassified	Unclassified	0.00003708593552980967
SRR10102394	Soil	Bacteria	Bacteria	Eisenbacteria	RBG-16-71-46	RBG-16-71-46	DASYSL01	0.00002719635272186043
SRR10102394	Soil	Bacteria	Bacteria	Actinomycetota	Actinomycetes	Mycobacteriales	Mycobacteriaceae	0.00043143304999678585
SRR10102394	Soil	Bacteria	Bacteria	Planctomycetota	Planctomycetia	Pirellulales	Lacipirellulaceae	0.00016935910558613082
SRR10102394	Soil	Bacteria	Bacteria	Acidobacteriota	Vicinamibacteria	Vicinamibacterales	Unclassified	0.0001310369722053275
SRR10102394	Soil	Bacteria	Bacteria	Actinomycetota	Thermoleophilia	Gaiellales	JAICJC01	0.000034613539827822365
SRR10102394	Soil	Bacteria	Bacteria	Actinomycetota	Actinomycetes	JACCUZ01	JACCUZ01	0.00005933749684769548
SRR10102394	Soil	Bacteria	Bacteria	Verrucomicrobiota	Verrucomicrobiia	Chthoniobacterales	Terrimicrobiaceae	0.0005575252307981388
SRR10102394	Soil	Bacteria	Bacteria	Patescibacteriota	Saccharimonadia	Saccharimonadales	Saccharimonadaceae	0.000040794529082790637
SRR10102394	Soil	Bacteria	Bacteria	Pseudomonadota	Alphaproteobacteria	Acetobacterales	Acetobacteraceae	0.00006304609040067644
SRR10102394	Soil	Bacteria	Bacteria	Desulfobacterota	Binatia	UTPRO1	UTPRO1	0.00002843255057285408
SRR10102394	Soil	Bacteria	Bacteria	Chloroflexota	Chloroflexia	Thermomicrobiales	UBA6265	0.00047346377693057015
SRR10102394	Soil	Bacteria	Bacteria	Actinomycetota	Actinomycetes	Mycobacteriales	Pseudonocardiaceae	0.00011249400444042268
SRR10102394	Soil	Bacteria	Bacteria	Actinomycetota	Thermoleophilia	Solirubrobacterales	JACPNS01	0.000017306769913911183
SRR10102394	Soil	Bacteria	Bacteria	Pseudomonadota	Alphaproteobacteria	ATCC43930	CGMCC-115725	0.00007788046461260031
SRR10102394	Soil	Bacteria	Bacteria	Myxococcota_A	Polyangia	Polyangiales	DASUME01	0.00004821171618875258
SRR10102394	Soil	Bacteria	Bacteria	Desulfobacterota	Binatia	DP-6	DP-6	0.00004573932048676526
SRR10102394	Soil	Bacteria	Bacteria	Myxococcota_A	Polyangia	Polyangiales	Houyiibacteriaceae	0.000018542967764904834
SRR10102394	Soil	Bacteria	Bacteria	Krumholzibacteriota	Krumholzibacteriia	WVZY01	JAKEHA01	0.000017306769913911183
SRR10102394	Soil	Bacteria	Bacteria	Actinomycetota	Actinomycetes	Streptosporangiales	Streptosporangiaceae	0.000013598176360930214
SRR10102394	Soil	Bacteria	Bacteria	Pseudomonadota	Alphaproteobacteria	Dongiales	Dongiaceae	0.00007293567320862569
SRR10102394	Soil	Bacteria	Bacteria	Acidobacteriota	Blastocatellia	RBC074	RBC074	0.00003584973767881602
SRR10102394	Soil	Bacteria	Bacteria	Tectomicrobia	Entotheonellia	Entotheonellales	Entotheonellaceae	0.00007540806891061301
SRR10102394	Soil	Bacteria	Bacteria	Chloroflexota	Chloroflexia	QHBQ01	JADMIH01	0.00003584973767881602
SRR10102394	Soil	Bacteria	Bacteria	Pseudomonadota	Alphaproteobacteria	Rhizobiales	Labraceae	0.00004326692478477795
SRR10102394	Soil	Bacteria	Bacteria	Pseudomonadota	Gammaproteobacteria	Steroidobacterales	GCA-2729495	0.000018542967764904834
SRR10102394	Soil	Bacteria	Bacteria	Pseudomonadota	Alphaproteobacteria	Geminicoccales	Geminicoccaceae	0.00003708593552980967
SRR10102394	Soil	Bacteria	Bacteria	Verrucomicrobiota	Verrucomicrobiia	Limisphaerales	DASXHY01	0.000022251561317885802
SRR10102394	Soil	Bacteria	Bacteria	Pseudomonadota	Gammaproteobacteria	Pseudomonadales	Halieaceae	0.00003214114412583505
SRR10102394	Soil	Bacteria	Bacteria	Bacillota	Bacilli	Bacillales	Cytobacillaceae	0.0008851176613114576
SRR10102394	Soil	Bacteria	Bacteria	Cyanobacteriota	Cyanobacteriia	FACHB-46	FACHB-46	6.180989254968279e-6
SRR10102394	Soil	Bacteria	Bacteria	Pseudomonadota	Gammaproteobacteria	Burkholderiales	SHXO01	0.000018542967764904834
SRR10102394	Soil	Bacteria	Bacteria	Desulfobacterota	Binatia	UBA1149	CAITLU01	0.00004326692478477795
SRR10102394	Soil	Bacteria	Bacteria	Verrucomicrobiota	Verrucomicrobiia	Limisphaerales	BJHT01	0.000016070572062917524
SRR10102394	Soil	Bacteria	Bacteria	Armatimonadota	Armatimonadia	Armatimonadales	Armatimonadaceae	0.000024723957019873116
SRR10102394	Soil	Bacteria	Bacteria	UBA10199	UBA10199	DSSB01	DSSB01	6.180989254968279e-6
SRR10102394	Soil	Bacteria	Bacteria	Acidobacteriota	Vicinamibacteria	Vicinamibacterales	Vicinamibacteraceae	0.00026083774655966135
SRR10102394	Soil	Bacteria	Bacteria	Bacillota	Bacilli	Bacillales	Bacillaceae_G	0.000060573694698689136
SRR10102394	Soil	Bacteria	Bacteria	Pseudomonadota	Gammaproteobacteria	Legionellales	Legionellaceae	0.00005439270544372086
SRR10102394	Soil	Bacteria	Bacteria	Actinomycetota	Actinomycetes	Mycobacteriales	Micromonosporaceae	0.00008035286031458763
SRR10102394	Soil	Bacteria	Bacteria	Verrucomicrobiota	Verrucomicrobiia	Limisphaerales	SIBH01	0.00008777004742054956
SRR10102394	Soil	Bacteria	Bacteria	Planctomycetota	Phycisphaerae	WQYP01	WQYP01	0.00003090494627484139
SRR10102394	Soil	Bacteria	Bacteria	Chloroflexota	Anaerolineae	J036	Brachytrichaceae	0.00003090494627484139
SRR10102394	Soil	Bacteria	Bacteria	Pseudomonadota	Gammaproteobacteria	Xanthomonadales	Rhodanobacteraceae	0.00006922707965564473
SRR10102394	Soil	Bacteria	Bacteria	Actinomycetota	CADDZG01	CADDZG01	WHSQ01	0.000011125780658942901
SRR10102394	Soil	Bacteria	Bacteria	Sumerlaeota	Sumerlaeia	Sumerlaeales	Sumerlaeaceae	0.00003832213338080333
SRR10102394	Soil	Bacteria	Bacteria	Actinomycetota	Thermoleophilia	Solirubrobacterales	JBBDJG01	0.0000976596302284988
SRR10102394	Soil	Bacteria	Bacteria	Desulfobacterota	Deferrimicrobia	Deferrimicrobiales	Deferrimicrobiaceae	6.180989254968279e-6
SRR10102394	Soil	Bacteria	Bacteria	Actinomycetota	Acidimicrobiia	IMCC26256	PALSA-610	0.00008158905816558127
SRR10102394	Soil	Bacteria	Bacteria	Actinomycetota	Acidimicrobiia	Acidimicrobiales	Iamiaceae	0.000013598176360930214
SRR10102394	Soil	Bacteria	Bacteria	Pseudomonadota	Alphaproteobacteria	Reyranellales	Reyranellaceae	0.00009271483882452417
SRR10102394	Soil	Bacteria	Bacteria	Gemmatimonadota	Gemmatimonadetes	JACCXV01	JAHWKZ01	7.417187105961935e-6
SRR10102394	Soil	Bacteria	Bacteria	Planctomycetota	Planctomycetia	Pirellulales	JAICIG01	0.00003832213338080333
SRR10102394	Soil	Bacteria	Bacteria	Actinomycetota	Actinomycetes	Actinomycetales	Cellulomonadaceae	0.00008035286031458763
SRR10102394	Soil	Bacteria	Bacteria	Planctomycetota	Planctomycetia	Isosphaerales	Isosphaeraceae	0.00009024244312253687
SRR10102394	Soil	Bacteria	Bacteria	Myxococcota	Myxococcia	Myxococcales	Anaeromyxobacteraceae	0.00003584973767881602
SRR10102394	Soil	Bacteria	Bacteria	Bacillota	Desulfitobacteriia	Desulfitobacteriales	Desulfitobacteriaceae	0.000011125780658942901
SRR10102394	Soil	Bacteria	Bacteria	Actinomycetota	CALGFH01	CALGFH01	CALGFH01	0.00006799088180465106
SRR10102394	Soil	Bacteria	Bacteria	Acidobacteriota	Blastocatellia	UBA7656	Unclassified	0.00003214114412583505
SRR10102394	Soil	Bacteria	Bacteria	Planctomycetota	Planctomycetia	Pirellulales	PALSA-1355	0.00005068411189073988
SRR10102394	Soil	Bacteria	Bacteria	Acidobacteriota	Thermoanaerobaculia	Multivoradales	UBA5704	0.00002101536346689215
SRR10102394	Soil	Bacteria	Bacteria	Actinomycetota	Actinomycetes	Actinomycetales	Micrococcaceae	0.0009419827624571657
SRR10102394	Soil	Bacteria	Bacteria	Chloroflexota	UBA6077	UBA6077	CF-72	0.00002719635272186043
SRR10102394	Soil	Bacteria	Bacteria	Actinomycetota	Acidimicrobiia	IMCC26256	DASPTH01	0.00009024244312253687
SRR10102394	Soil	Archaea	Archaea	Methanobacteriota	Methanobacteria	Methanobacteriales	Methanobacteriaceae	0.000013598176360930214
SRR10102394	Soil	Bacteria	Bacteria	Actinomycetota	Rubrobacteria	Rubrobacterales	Rubrobacteraceae	0.0003671507617451158
SRR10102394	Soil	Bacteria	Bacteria	Actinomycetota	Thermoleophilia	Solirubrobacterales	Unclassified	0.000019779165615898492
SRR10102394	Soil	Bacteria	Bacteria	Actinomycetota	Acidimicrobiia	IMCC26256	PALSA-555	0.00002596015487086677
SRR10102394	Soil	Bacteria	Bacteria	Actinomycetota	Acidimicrobiia	IMCC26256	JACDBD01	0.000058101298996701826
SRR10102394	Soil	Bacteria	Bacteria	Desulfobacterota	Desulfuromonadia	Desulfuromonadales	UBA2197	0.00006304609040067644
SRR10102394	Soil	Bacteria	Bacteria	Patescibacteriota	Saccharimonadia	Saccharimonadales	2-12-FULL-41-12	0.000012361978509936558
SRR10102394	Soil	Bacteria	Bacteria	Bacteroidota	Bacteroidia	Cytophagales	172606-1	0.000034613539827822365
SRR10102394	Soil	Bacteria	Bacteria	Actinomycetota	Acidimicrobiia	Acidimicrobiales	CADCSY01	0.0000420307269337843
