sample_id	Habitat	Kingdom	Phylum	Class	Order	Family	Genus	abundance
SRR10070150	Sediment	Bacteria	Pseudomonadota	Gammaproteobacteria	Steroidobacterales	Steroidobacteraceae	DASTQG01	0.000115972282624453
SRR10070133	Groundwater	Bacteria	Pseudomonadota	Gammaproteobacteria	Burkholderiales	Gallionellaceae	Gallionella	0.000743649235528586
SRR10070134	Riverwater	Bacteria	Bacillota	Clostridia	Lachnospirales	Lachnospiraceae	Roseburia	0.000380568889107136
SRR10070134	Riverwater	Bacteria	Pseudomonadota	Gammaproteobacteria	Burkholderiales	Rhodocyclaceae	Sulfuritalea	0.0023816246608640112
SRR10070151	Sediment	Bacteria	Desulfobacterota	Unclassified	Unclassified	Unclassified	Unclassified	0.00054206774204146
SRR10070150	Sediment	Bacteria	Desulfobacterota	Desulfobaccia	Desulfobaccales	0-14-0-80-60-11	Unclassified	0.00134817778550926
SRR10070134	Riverwater	Bacteria	Pseudomonadota	Gammaproteobacteria	Burkholderiales	Gallionellaceae	Sideroxyarcus	0.000184146236664743
SRR10070151	Sediment	Bacteria	Bacteroidota	Bacteroidia	AKYH767-A	2013-40CM-41-45	JAPLDB01	0.000114984066493643
SRR10070134	Riverwater	Bacteria	Bacillota	Negativicutes	Acidaminococcales	Succinispiraceae	Succinispira	0.000257804731330641
SRR10102392	Soil	Bacteria	Pseudomonadota	Gammaproteobacteria	Pseudomonadales	Azotimanducaceae	DATJGR01	0.000486085794142666
SRR10070132	Groundwater	Bacteria	Verrucomicrobiota	Verrucomicrobiia	Opitutales	Opitutaceae	Unclassified	0.0020040934675081
SRR10070130	Riverwater	Bacteria	Pseudomonadota	Gammaproteobacteria	Xanthomonadales	Unclassified	Unclassified	0.000258779474220998
SRR10070130	Riverwater	Bacteria	Desulfobacterota	GWC2-55-46	GWC2-55-46	GWC2-55-46	GWA2-54-12	0.0000608892880519995
SRR10102393	Soil	Bacteria	Pseudomonadota	Gammaproteobacteria	Burkholderiales	Rhodocyclaceae	Unclassified	0.0003269042170644
SRR10070131	Riverwater	Bacteria	Pseudomonadota	Alphaproteobacteria	Caulobacterales	Caulobacteraceae	Phenylobacterium	0.000572334243198028
SRR10070149	Sediment	Bacteria	Eisenbacteria	RBG-16-71-46	JABDJR01	JABDJR01	CAVSKL01	0.001963473165866734
SRR10070151	Sediment	Bacteria	Chloroflexota	Anaerolineae	Unclassified	Unclassified	Unclassified	0.00101843030322941
SRR10102393	Soil	Bacteria	Pseudomonadota	Alphaproteobacteria	Rhizobiales	Aestuariivirgaceae	DATAFF01	0.0006810504522175
SRR10102393	Soil	Bacteria	Actinomycetota	Actinomycetes	Actinomycetales	Microbacteriaceae	Agromyces	0.00104881769641495
SRR10070134	Riverwater	Bacteria	Bacillota	Clostridia	Clostridiales	Clostridiaceae	Clostridium_J	0.000147316989331795
SRR10102392	Soil	Bacteria	Planctomycetota	Phycisphaerae	Tepidisphaerales	Tepidisphaeraceae	CAVSQX01	0.000288613440272208
SRR10070131	Riverwater	Bacteria	Campylobacterota	Campylobacteria	Campylobacterales	Arcobacteraceae	Aliarcobacter	0.021616624108479327
SRR10070150	Sediment	Bacteria	Pseudomonadota	Gammaproteobacteria	Steroidobacterales	Rariloculaceae	CBDCWM01	0.000217448029920849
SRR10070149	Sediment	Bacteria	Chloroflexota	Anaerolineae	Anaerolineales	Anaerolineaceae	Anaerolinea	0.000202580564732282
SRR10070130	Riverwater	Bacteria	Pseudomonadota	Gammaproteobacteria	CAWJOP01	CAWJOP01	CAWJOP01	0.000167445542142998
SRR10070150	Sediment	Bacteria	Desulfobacterota	Desulfuromonadia	Geobacterales	Geobacteraceae	RPRC01	0.0024934040764257336
SRR10070151	Sediment	Bacteria	Pseudomonadota	Gammaproteobacteria	Xanthomonadales	SZUA-36	SHZL01	0.002332533920299611
SRR10070141	Groundwater	Bacteria	Desulfobacterota	Binatia	DP-6	DP-6	JAHCID01	0.000222161881957987
SRR10102393	Soil	Bacteria	Krumholzibacteriota	Krumholzibacteriia	WVZY01	JAKEHA01	JAKEHA01	0.0001906941266209
SRR10070131	Riverwater	Bacteria	Pseudomonadota	Gammaproteobacteria	Xanthomonadales	SZUA-36	Unclassified	0.000161427607055854
SRR10070151	Sediment	Bacteria	Bacteroidota	Ignavibacteria	Ignavibacteriales	Ignavibacteriaceae	IGN3	0.000837741055882256
SRR10070141	Groundwater	Bacteria	Gemmatimonadota	Gemmatimonadetes	Gemmatimonadales	GWC2-71-9	20CM-2-65-7	0.0011848633704426
SRR10070151	Sediment	Bacteria	Bacteroidota	Bacteroidia	Chitinophagales	Chitinophagaceae	Unclassified	0.000213541837773908
SRR10102394	Soil	Bacteria	Bacillota	Clostridia	Clostridiales	Clostridiaceae	Clostridium	0.000801056207443889
SRR10070134	Riverwater	Bacteria	Pseudomonadota	Gammaproteobacteria	Burkholderiales	Burkholderiaceae_E	Quisquiliibacterium	0.000712032115103674
SRR10070150	Sediment	Bacteria	Calditrichota	Calditrichia	JAJRVZ01	JAJRVZ01	CAWCNS01	0.000492882201153924
SRR10102393	Soil	Bacteria	Actinomycetota	Acidimicrobiia	Acidimicrobiales	Ilumatobacteraceae	WLMZ01	0.00025879917184265
SRR10102393	Soil	Bacteria	Actinomycetota	Actinomycetes	Actinomycetales	Cellulomonadaceae	Cellulomonas	0.0005720823798627
SRR10070134	Riverwater	Bacteria	Pseudomonadota	Gammaproteobacteria	Burkholderiales	SG8-41	SG8-41	0.000343739641774188
SRR10070130	Riverwater	Bacteria	Bdellovibrionota	Bacteriovoracia	Bacteriovoracales	Bacteriovoracaceae	GCA-2720865	0.000121778576103999
SRR10070133	Groundwater	Bacteria	Pseudomonadota	Gammaproteobacteria	Steroidobacterales	Unclassified	Unclassified	0.000565173419001725
SRR10070151	Sediment	Bacteria	Actinomycetota	Actinomycetes	Propionibacteriales	Propionibacteriaceae	Microlunatus	0.0000985577712802654
SRR10070150	Sediment	Bacteria	Verrucomicrobiota	Verrucomicrobiia	Chthoniobacterales	UBA10450	Udaeobacter	0.0015946188860862282
SRR10102392	Soil	Bacteria	Verrucomicrobiota	Verrucomicrobiia	Chthoniobacterales	UBA10450	JACCTI01	0.000820269777615749
SRR10102394	Soil	Bacteria	Planctomycetota	Planctomycetia	Planctomycetales	Planctomycetaceae	JACQFH01	0.000207681238966934
SRR10102394	Soil	Bacteria	Desulfobacterota	Binatia	UBA9968	UBA9968	DAIRFP01	0.00155760929225201
SRR10102393	Soil	Bacteria	Actinomycetota	Actinomycetes	Propionibacteriales	Nocardioidaceae	JANLYC01	0.00039500926228615
SRR10102392	Soil	Bacteria	Chloroflexota	Limnocylindria	Limnocylindrales	CSP1-4	JAFMJV01	0.000227852716004375
SRR10070134	Riverwater	Bacteria	Pseudomonadota	Gammaproteobacteria	Burkholderiales	Burkholderiaceae_C	Rhodoferax	0.00117853591465436
SRR10070151	Sediment	Bacteria	Acidobacteriota	Terriglobia	Acidiferrales	UBA7541	Palsa-189	0.000525641446828082
SRR10070132	Groundwater	Bacteria	Patescibacteriota	Gracilibacteria	UBA1369	Unclassified	Unclassified	0.000341122292341805
SRR10070151	Sediment	Bacteria	Planctomycetota	Brocadiia	CAIUPP01	CAIUPP01	JBEKCB01	0.000854167351095633
SRR10070151	Sediment	Bacteria	Chloroflexota	Anaerolineae	JAAYZQ01	JAAYZQ01	JAFGOG01	0.003745195308650088
SRR10102393	Soil	Bacteria	Actinomycetota	Rubrobacteria	Rubrobacterales	Rubrobacteraceae	Rubrobacter_D	0.0020159093385638
SRR10070130	Riverwater	Bacteria	Bacteroidota	Bacteroidia	Bacteroidales	Paludibacteraceae	Paludibacter	0.001035117896883991
SRR10070131	Riverwater	Bacteria	Pseudomonadota	Gammaproteobacteria	Steroidobacterales	Steroidobacteraceae	ZC4RG30	0.000337530451116786
SRR10070130	Riverwater	Bacteria	Patescibacteriota	Saccharimonadia	Saccharimonadales	Saccharimonadaceae	JAPUDS01	0.0034706894189639598
SRR10070151	Sediment	Bacteria	Pseudomonadota	Alphaproteobacteria	Geminicoccales	Geminicoccaceae	DATAOG01	0.000361378494694307
SRR10102393	Soil	Bacteria	Acidobacteriota	Vicinamibacteria	Vicinamibacterales	SCN-69-37	DASQFI01	0.001906941266209
SRR10070130	Riverwater	Bacteria	Bacteroidota	Bacteroidia	Chitinophagales	JADIYW01	JADIYW01	0.000319668762272997
SRR10102392	Soil	Bacteria	Pseudomonadota	Gammaproteobacteria	Steroidobacterales	Steroidobacteraceae	Steroidobacter	0.00154939846882975
SRR10102393	Soil	Bacteria	Acidobacteriota	Vicinamibacteria	Vicinamibacterales	CAVVIG01	CAVQFD01	0.0018252152119429001
SRR10070149	Sediment	Bacteria	Methylomirabilota	Methylomirabilia	Rokubacteriales	CSP1-6	AR31	0.00141806395312597
SRR10102394	Soil	Bacteria	Bacteroidota	Bacteroidia	Cytophagales	Hymenobacteraceae	Adhaeribacter_A	0.002907537345537082
SRR10070149	Sediment	Bacteria	Desulfobacterota	Desulfobacteria	Desulfobacterales	Desulfatirhabdiaceae	RAAP-1	0.00028049616655239
SRR10102394	Soil	Bacteria	Verrucomicrobiota	Verrucomicrobiia	Opitutales	Opitutaceae	Unclassified	0.002284493628636272
SRR10070130	Riverwater	Bacteria	Bdellovibrionota	Bdellovibrionia	Bdellovibrionales	Bdellovibrionaceae	Unclassified	0.000487114304415996
SRR10070149	Sediment	Bacteria	Pseudomonadota	Gammaproteobacteria	Burkholderiales	Unclassified	Unclassified	0.003662033285545094
SRR10070141	Groundwater	Bacteria	Nitrospinota_A	UBA7883	JACRGQ01	JACRGQ01	JACRGQ01	0.000197477228407099
SRR10070130	Riverwater	Bacteria	Pseudomonadota	Gammaproteobacteria	Pseudomonadales	Pseudomonadaceae	Aquipseudomonas	0.012467081728646892
SRR10070131	Riverwater	Bacteria	Fibrobacterota	Fibrobacteria	UBA5070	UBA5070	UBA5070	0.00261219218690382
SRR10102392	Soil	Bacteria	Bacillota	Bacilli	Paenibacillales	NBRC-103111	Paenibacillus_AC	0.000151901810669583
SRR10102393	Soil	Bacteria	Pseudomonadota	Alphaproteobacteria	Rhizobiales	Hyphomicrobiaceae	Hyphomicrobium_C	0.00017707311757655
SRR10070149	Sediment	Bacteria	Acidobacteriota	Vicinamibacteria	Vicinamibacterales	SCN-69-37	CAVXSP01	0.00215047061023499
SRR10070151	Sediment	Bacteria	Planctomycetota	Brocadiia	Brocadiales	Brocadiaceae	Brocadia	0.000312099609054174
SRR10102392	Soil	Bacteria	Chloroflexota	Limnocylindria	Limnocylindrales	CSP1-4	Unclassified	0.000197472353870458
SRR10070150	Sediment	Bacteria	Planctomycetota	Planctomycetia	Planctomycetales	Planctomycetaceae	Planctellipticum	0.000101475747296396
SRR10070130	Riverwater	Bacteria	Pseudomonadota	Gammaproteobacteria	Burkholderiales	Rhodocyclaceae	Accumulibacter	0.000913339320779992
SRR10102393	Soil	Bacteria	Bacillota	Clostridia	Peptostreptococcales	Peptostreptococcaceae	Terrisporobacter	0.00028604118993135
SRR10070141	Groundwater	Bacteria	Pseudomonadota	Gammaproteobacteria	Burkholderiales	Burkholderiaceae	Ralstonia	0.000888647527831947
SRR10070150	Sediment	Bacteria	Actinomycetota	Thermoleophilia	Gaiellales	Gaiellaceae	GMQP-bins7	0.001058247078948131
SRR10070151	Sediment	Bacteria	Pseudomonadota	Gammaproteobacteria	Burkholderiales	Burkholderiaceae_F	JACCZX01	0.00116626696014981
SRR10070150	Sediment	Bacteria	Actinomycetota	Actinomycetes	Mycobacteriales	Mycobacteriaceae	Mycobacterium	0.000202951494592792
SRR10070132	Groundwater	Bacteria	Patescibacteriota	Minisyncoccia	UBA6257	UBA11618	CALRGO01	0.000469043151969981
SRR10102394	Soil	Bacteria	Verrucomicrobiota	Verrucomicrobiia	Opitutales	Opitutaceae	Lacunisphaera	0.000934565575351204
SRR10070132	Groundwater	Bacteria	Pseudomonadota	Alphaproteobacteria	Rhizobiales	Rhizobiaceae	Unclassified	0.000682244584683609
SRR10070134	Riverwater	Bacteria	Pseudomonadota	Gammaproteobacteria	Burkholderiales	Aquaspirillaceae	Rivihabitans	0.000699755699326025
SRR10070149	Sediment	Bacteria	Pseudomonadota	Gammaproteobacteria	Xanthomonadales	SZUA-36	Unclassified	0.000140248083276195
SRR10070149	Sediment	Bacteria	Verrucomicrobiota	Verrucomicrobiia	Limisphaerales	JADLHS01	Unclassified	0.00243096677678738
SRR10070130	Riverwater	Bacteria	Bdellovibrionota_B	Oligoflexia	Oligoflexales	Oligoflexaceae	Oligoflexus	0.000624115202532994
SRR10070134	Riverwater	Bacteria	Pseudomonadota	Gammaproteobacteria	Burkholderiales	Rhodocyclaceae	Sterolibacterium	0.00180463311931448
SRR10070150	Sediment	Bacteria	Planctomycetota	Brocadiia	Brocadiales	Brocadiaceae	Brocadia	0.000797309443043113
SRR10070151	Sediment	Bacteria	Acidobacteriota	Holophagae	Holophagales	Holophagaceae	Mesoterricola	0.000673478103748481
SRR10102392	Soil	Bacteria	Actinomycetota	Actinomycetes	Actinomycetales	Microbacteriaceae	Cryobacterium	0.000318993802406125
SRR10070133	Groundwater	Bacteria	Methylomirabilota	Methylomirabilia	Methylomirabilales	Methylomirabilaceae	Methylomirabilis	0.000966744006187162
SRR10070131	Riverwater	Bacteria	Krumholzibacteriota	Krumholzibacteriia	LZORAL124-64-63	LZORAL124-64-63	CAINDZ01	0.000205453318071087
SRR10102393	Soil	Bacteria	Chloroflexota	Limnocylindria	Limnocylindrales	CSP1-4	JALYGJ01	0.0015527950310559
SRR10070151	Sediment	Bacteria	Acidobacteriota	Blastocatellia	UBA7656	UBA7656	Unclassified	0.0022011235585926
SRR10070150	Sediment	Bacteria	Desulfobacterota	Desulfobaccia	Desulfobaccales	Desulfobaccaceae	Desulfobacca	0.000579861413122264
SRR10070131	Riverwater	Bacteria	Pseudomonadota	Gammaproteobacteria	Burkholderiales	Rhodocyclaceae	Zoogloea	0.001628951307563621
SRR10070131	Riverwater	Bacteria	Bacteroidota	Bacteroidia	Flavobacteriales_D	Crocinitomicaceae	Unclassified	0.00101259135335036
SRR10070130	Riverwater	Bacteria	Pseudomonadota	Gammaproteobacteria	Burkholderiales	Sulfuricellaceae	Sulfurimicrobium	0.000471891982402996
SRR10070130	Riverwater	Bacteria	Pseudomonadota	Alphaproteobacteria	WRAU01	Hepatincolaceae	Hepatincola	0.000106556254090999
SRR10070151	Sediment	Bacteria	Spirochaetota	Spirochaetia	SZUA-6	Fen-1364	Unclassified	0.000788462170242124
SRR10102392	Soil	Bacteria	Bacteroidota	Bacteroidia	Cytophagales	Hymenobacteraceae	Hymenobacter	0.002096244987240248
SRR10102392	Soil	Bacteria	Verrucomicrobiota	Verrucomicrobiia	Chthoniobacterales	UBA10450	JAICXG01	0.002065864625106328
SRR10102394	Soil	Bacteria	Pseudomonadota	Gammaproteobacteria	Pseudomonadales	Azotimanducaceae	DATJGR01	0.000415362477933868
SRR10070130	Riverwater	Bacteria	Pseudomonadota	Gammaproteobacteria	Pseudomonadales	Moraxellaceae	Unclassified	0.000700226812597994
SRR10070150	Sediment	Bacteria	Desulfobacterota	Desulfobulbia	Desulfobulbales	Unclassified	Unclassified	0.000855295584355339
SRR10070134	Riverwater	Bacteria	Bdellovibrionota	Bacteriovoracia	Bacteriovoracales	Bacteriovoracaceae	Peredibacter	0.000687479283548375
SRR10070134	Riverwater	Bacteria	Pseudomonadota	Gammaproteobacteria	Burkholderiales	SG8-39	Unclassified	0.000356016057551837
SRR10102392	Soil	Bacteria	Actinomycetota	Acidimicrobiia	Acidimicrobiales	Ilumatobacteraceae	JAENVT01	0.00027342325920525
SRR10070130	Riverwater	Bacteria	Verrucomicrobiota	Verrucomicrobiia	Verrucomicrobiales	V1-33	CAIZWU01	0.000441447338376996
SRR10102393	Soil	Bacteria	Methylomirabilota	Methylomirabilia	Rokubacteriales	CSP1-6	Unclassified	0.00044949329846355
SRR10102394	Soil	Bacteria	Actinomycetota	Actinomycetes	Actinomycetales	Microbacteriaceae	Unclassified	0.000771387459020041
SRR10070132	Groundwater	Bacteria	Pseudomonadota	Gammaproteobacteria	Legionellales	Legionellaceae	Legionella	0.000938086303939962
SRR10070149	Sediment	Bacteria	Acidobacteriota	Vicinamibacteria	Vicinamibacterales	SCN-69-37	DATKDF01	0.000389578009100542
SRR10070149	Sediment	Bacteria	UBA10199	UBA10199	DSSB01	DSSB01	DSSB01	0.00018699744436826
SRR10070130	Riverwater	Bacteria	Verrucomicrobiota	Verrucomicrobiia	Limisphaerales	Unclassified	Unclassified	0.000152223220129999
SRR10070151	Sediment	Bacteria	Verrucomicrobiota	Verrucomicrobiia	Verrucomicrobiales	V1-33	CAIZWU01	0.000114984066493643
SRR10070134	Riverwater	Bacteria	Pseudomonadota	Gammaproteobacteria	Burkholderiales	Thiobacillaceae	Thiobacillus	0.0008102434413248711
SRR10070133	Groundwater	Bacteria	Pseudomonadota	Alphaproteobacteria	Rhizobiales	Rhizobiaceae	Unclassified	0.000580046403712297
SRR10070149	Sediment	Bacteria	Acidobacteriota	Vicinamibacteria	Vicinamibacterales	JAKQTR01	JAKQTR01	0.00271146294333978
SRR10070149	Sediment	Bacteria	Nitrospirota	UBA9217	UBA9217	UBA9217	Unclassified	0.0015738951567661908
SRR10070134	Riverwater	Bacteria	Bacteroidota	Bacteroidia	Chitinophagales	Saprospiraceae	OLB9	0.00028235756288594
SRR10070151	Sediment	Bacteria	Zixibacteria	MSB-5A5	WJJR01	WJJR01	JACRMA01	0.001314103617070206
SRR10070133	Groundwater	Bacteria	Bdellovibrionota	Bdellovibrionia	Bdellovibrionales	Bdellovibrionaceae	Pseudobdellovibrio	0.00243916949253376
SRR10070149	Sediment	Bacteria	Chloroflexota	Anaerolineae	UBA4142	UBA4142	JAMDCU01	0.000311662407280434
SRR10070130	Riverwater	Bacteria	Bacillota	Negativicutes	Acidaminococcales	Succinispiraceae	Succinispira	0.000137000898116999
SRR10070130	Riverwater	Bacteria	Pseudomonadota	Gammaproteobacteria	Pseudomonadales	CAMLJR01	CAMLJR01	0.000182667864155998
SRR10070149	Sediment	Bacteria	Methylomirabilota	Methylomirabilia	Methylomirabilales	Methylomirabilaceae	Methylomirabilis	0.000623324814560868
SRR10102393	Soil	Bacteria	Bacillota	Bacilli	Paenibacillales	Paenibacillaceae	Pristimantibacillus	0.00017707311757655
SRR10102394	Soil	Bacteria	Pseudomonadota	Alphaproteobacteria	Rhizobiales	Xanthobacteraceae	Bradyrhizobium	0.007743543338624259
SRR10102392	Soil	Bacteria	Acidobacteriota	Vicinamibacteria	Vicinamibacterales	2-12-FULL-66-21	CAWAZT01	0.000258233078138291
SRR10070130	Riverwater	Bacteria	Pseudomonadota	Alphaproteobacteria	Caulobacterales	Caulobacteraceae	Caulobacter	0.000304446440259997
SRR10070141	Groundwater	Bacteria	Desulfobacterota	Deferrimicrobia	Deferrimicrobiales	Deferrimicrobiaceae	Deferrimicrobium	0.000592431685221298
SRR10070131	Riverwater	Bacteria	Patescibacteriota	Saccharimonadia	Saccharimonadales	HK-STAS-PATE-42	DAISWL01	0.00132077133045699
SRR10070133	Groundwater	Bacteria	Pseudomonadota	Gammaproteobacteria	Burkholderiales	Burkholderiaceae	Ralstonia	0.00327205663632578
SRR10070149	Sediment	Bacteria	Spirochaetota	Spirochaetia	SZUA-6	CAVTHK01	CAVTHK01	0.000373994888736521
SRR10102392	Soil	Bacteria	Sumerlaeota	Sumerlaeia	Sumerlaeales	Sumerlaeaceae	JAKFFN01	0.000349374164540041
SRR10102392	Soil	Bacteria	Acidobacteriota	Blastocatellia	Pyrinomonadales	Pyrinomonadaceae	GCA-002050365	0.000713938510147041
SRR10102393	Soil	Bacteria	Bacteroidota	Bacteroidia	Chitinophagales	Chitinophagaceae	Ferruginibacter	0.0041407867494824
SRR10070150	Sediment	Bacteria	Desulfobacterota	Desulfobulbia	Desulfobulbales	Desulfurivibrionaceae	Thiovibrio	0.00268185903569047
SRR10102393	Soil	Bacteria	Pseudomonadota	Gammaproteobacteria	Burkholderiales	Burkholderiaceae_C	Variovorax	0.00093984962406015
SRR10102392	Soil	Bacteria	Pseudomonadota	Gammaproteobacteria	Burkholderiales	Burkholderiaceae_C	Rhizobacter	0.000926601045084457
SRR10102393	Soil	Bacteria	Actinomycetota	Actinomycetes	Mycobacteriales	Mycobacteriaceae	Mycobacterium	0.0035142203334423
SRR10102393	Soil	Bacteria	Planctomycetota	Planctomycetia	Pirellulales	PALSA-1355	PALSA-1355	0.00107605971450365
SRR10070134	Riverwater	Bacteria	Bacillota	Clostridia	Oscillospirales	Ruminococcaceae	Unclassified	0.000220975483997692
SRR10070150	Sediment	Bacteria	Methylomirabilota	Methylomirabilia	Rokubacteriales	CSP1-6	AR31	0.000768316372386999
SRR10070151	Sediment	Bacteria	Acidobacteriota	Thermoanaerobaculia	Thermoanaerobaculales	Sulfomarinibacteraceae	Unclassified	0.00198758172081869
SRR10070150	Sediment	Bacteria	Pseudomonadota	Gammaproteobacteria	Burkholderiales	Burkholderiaceae_F	JACCZX01	0.000811805978371169
SRR10070150	Sediment	Bacteria	Pseudomonadota	Gammaproteobacteria	Pseudomonadales	Halieaceae	Marimicrobium	0.000898785190339509
SRR10102394	Soil	Bacteria	Myxococcota	Myxococcia	Myxococcales	Myxococcaceae	Archangium_A	0.000237349987390782
SRR10070134	Riverwater	Bacteria	Pseudomonadota	Gammaproteobacteria	Burkholderiales	Rhodocyclaceae	Azonexus	0.00995617319567379
SRR10102392	Soil	Bacteria	Verrucomicrobiota	Verrucomicrobiia	Chthoniobacterales	UBA10450	Unclassified	0.0057570786243772
SRR10070130	Riverwater	Bacteria	Actinomycetota	Acidimicrobiia	Acidimicrobiales	Acidimicrobilacustridaceae	Unclassified	0.000152223220129999
SRR10070150	Sediment	Bacteria	Acidobacteriota	Thermoanaerobaculia	UBA5066	Gp7-AA6	Gp7-AA6	0.001058247078948131
SRR10070134	Riverwater	Bacteria	Eisenbacteria	RBG-16-71-46	RBG-16-71-46	DASYSL01	JANPEF01	0.000171869820887094
SRR10070134	Riverwater	Bacteria	Pseudomonadota	Gammaproteobacteria	Burkholderiales	Burkholderiaceae_C	Scleromatobacter	0.00121536516198731
SRR10102393	Soil	Bacteria	Chloroflexota	Limnocylindria	Limnocylindrales	CSP1-4	CAIXZV01	0.0009534706331045
SRR10070149	Sediment	Bacteria	Pseudomonadota	Gammaproteobacteria	Unclassified	Unclassified	Unclassified	0.0028361279062519454
SRR10102393	Soil	Bacteria	Verrucomicrobiota	Verrucomicrobiia	Chthoniobacterales	UBA10450	JAICXG01	0.00243816061893865
SRR10070134	Riverwater	Bacteria	Pseudomonadota	Gammaproteobacteria	Burkholderiales	SG8-39	JAGVSZ01	0.000171869820887094
SRR10102394	Soil	Bacteria	Bacillota	Bacilli	Paenibacillales	NBRC-103111	Paenibacillus_E	0.000623043716900802
SRR10070150	Sediment	Bacteria	Desulfobacterota	WTBG01	JAGOGO01	JAGOGO01	G026625185	0.000739323301730886
SRR10070141	Groundwater	Bacteria	Pseudomonadota	Alphaproteobacteria	Caulobacterales	Caulobacteraceae	Phenylobacterium	0.000296215842610649
SRR10070132	Groundwater	Bacteria	Gemmatimonadota	Gemmatimonadetes	Gemmatimonadales	Gemmatimonadaceae	JACDCY01	0.00076752515776906
SRR10102393	Soil	Archaea	Thermoproteota	Nitrososphaeria	Nitrososphaerales	Nitrososphaeraceae	Nitrosocosmicus	0.018619919363626447
SRR10070132	Groundwater	Bacteria	Patescibacteriota	Minisyncoccia	UBA6257	Unclassified	Unclassified	0.001108647450110864
SRR10070151	Sediment	Bacteria	Myxococcota_A	Polyangia	GCA-2747355	GCA-2747355	JADJTL01	0.000722756989388613
SRR10070131	Riverwater	Bacteria	Bdellovibrionota	Bdellovibrionia	Bdellovibrionales	Bdellovibrionaceae	Unclassified	0.000513633295177717
SRR10070134	Riverwater	Bacteria	Myxococcota_A	Polyangia	Palsa-1104	JAEUJZ01	Unclassified	0.000724308530881324
SRR10070134	Riverwater	Bacteria	Gemmatimonadota	Gemmatimonadetes	Gemmatimonadales	GWC2-71-9	SPDF01	0.000245528315552991
SRR10070141	Groundwater	Bacteria	Bacteroidota	Bacteroidia	Cytophagales	Cyclobacteriaceae	ELB16-189	0.001900718323418334
SRR10070150	Sediment	Bacteria	Chloroflexota	Anaerolineae	Aggregatilineales	Phototrophicaceae	Unclassified	0.0007683163723869991
SRR10070149	Sediment	Bacteria	ARS69	ARS69	ARS69	ARS69	Unclassified	0.000467493610920651
SRR10070134	Riverwater	Bacteria	Omnitrophota	Gorgyraeia	2-02-FULL-51-18	2-02-FULL-51-18	Unclassified	0.000810243441324871
SRR10070134	Riverwater	Bacteria	Bacteroidota	Bacteroidia	Cytophagales	Spirosomataceae	Leadbetterella	0.000257804731330641
SRR10102393	Soil	Unclassified	Unclassified	Unclassified	Unclassified	Unclassified	Unclassified	0.13012149940067566
SRR10070149	Sediment	Bacteria	Pseudomonadota	Gammaproteobacteria	Steroidobacterales	Rariloculaceae	Rariloculus	0.000545409212740759
SRR10102392	Soil	Bacteria	Acidobacteriota	Vicinamibacteria	Vicinamibacterales	CAVVIG01	CAVTHG01	0.00161015919309758
SRR10070132	Groundwater	Bacteria	Bdellovibrionota	Bdellovibrionia	Bdellovibrionales	JAMPXM01	JANOUF01	0.00038376257888453
SRR10070130	Riverwater	Bacteria	Myxococcota_A	Polyangia	Polyangiales	Houyiibacteriaceae	JADJJE01	0.000334891084285997
SRR10070149	Sediment	Bacteria	Acidobacteriota	Thermoanaerobaculia	Thermoanaerobaculales	Thermoanaerobaculaceae	Unclassified	0.000467493610920651
SRR10102393	Soil	Bacteria	Acidobacteriota	Vicinamibacteria	Vicinamibacterales	UBA2999	CAWAQA01	0.00232919254658385
SRR10070131	Riverwater	Bacteria	Omnitrophota	Omnitrophia	Omnitrophales	Aquincolibacteriaceae	JAHFHB01	0.000205453318071087
SRR10070134	Riverwater	Bacteria	Bacteroidota	Bacteroidia	AKYH767-A	OLB10	JAJTFW01	0.000159593405109444
SRR10070149	Sediment	Bacteria	Pseudomonadota	Gammaproteobacteria	Steroidobacterales	GCA-2729495	QUBU01	0.000607741694196846
SRR10070131	Riverwater	Bacteria	Actinomycetota	Aquicultoria	Subteraquimicrobiales	UBA9087	UBA9087	0.000366880925126941
SRR10070133	Groundwater	Bacteria	Verrucomicrobiota	Verrucomicrobiia	Chthoniobacterales	Chthoniobacteraceae	SXWH01	0.0000446189541317151
SRR10070134	Riverwater	Bacteria	Pseudomonadota	Gammaproteobacteria	Granulosicoccales	Granulosicoccaceae	Granulosicoccus	0.000171869820887094
SRR10070130	Riverwater	Bacteria	Patescibacteriota	Minisyncoccia	Phycocordibacterales	XYD1-FULL-46-19	JAIOOX01	0.000197890186168998
SRR10070133	Groundwater	Bacteria	Pseudomonadota	Gammaproteobacteria	Burkholderiales	Thiobacillaceae	Thiobacillus	0.0000892379082634303
SRR10102392	Soil	Bacteria	Pseudomonadota	Alphaproteobacteria	Rhizobiales	Aestuariivirgaceae	DATAFF01	0.00045570543200875
SRR10102392	Soil	Bacteria	Acidobacteriota	Terriglobia	Bryobacterales	Bryobacteraceae	JAPKYZ01	0.000258233078138291
SRR10102393	Soil	Bacteria	Planctomycetota	Planctomycetia	Gemmatales	Gemmataceae	SIAQ01	0.00009534706331045
SRR10102394	Soil	Bacteria	Acidobacteriota	Vicinamibacteria	Vicinamibacterales	CAVVIG01	CAWBVG01	0.00356024981086173
SRR10102393	Soil	Bacteria	Patescibacteriota	Saccharimonadia	Saccharimonadales	UBA4665	DATLCF01	0.00028604118993135
SRR10070151	Sediment	Bacteria	Pseudomonadota	Gammaproteobacteria	Burkholderiales	JACQAP01	JACQAP01	0.008837346824797133
SRR10070130	Riverwater	Bacteria	Pseudomonadota	Gammaproteobacteria	Enterobacterales	Aeromonadaceae	Aeromonas	0.0157398809614419
SRR10070134	Riverwater	Bacteria	Desulfobacterota	Deferrimicrobia	Deferrimicrobiales	Deferrimicrobiaceae	Deferrimicrobium	0.000491056631105982
SRR10070149	Sediment	Bacteria	Moduliflexota	Moduliflexia	Moduliflexales	Moduliflexaceae	Unclassified	0.000249329925824347
SRR10070151	Sediment	Bacteria	Planctomycetota	Phycisphaerae	Sedimentisphaerales	Anaerobacaceae	JAFGPS01	0.000558494037254838
SRR10070130	Riverwater	Bacteria	Pseudomonadota	Gammaproteobacteria	Burkholderiales	Burkholderiaceae_C	Simplicispira	0.003151020656690969
SRR10102392	Soil	Bacteria	Pseudomonadota	Alphaproteobacteria	Rhizobiales	Aestuariivirgaceae	CAWBJO01	0.000805079596548791
SRR10070141	Groundwater	Bacteria	Patescibacteriota	Saccharimonadia	Saccharimonadales	Unclassified	Unclassified	0.0000987386142035496
SRR10070134	Riverwater	Bacteria	Cyanobacteriota	Vampirovibrionia	Gastranaerophilales	Gastranaerophilaceae	Unclassified	0.000331463225996538
SRR10070151	Sediment	Bacteria	Desulfobacterota_D	UBA1144	Nemesobacterales	UBA2774	2-12-FULL-53-21	0.00246394428200664
SRR10070141	Groundwater	Bacteria	Pseudomonadota	Alphaproteobacteria	Azospirillales	Azospirillaceae	Skermanella	0.0000987386142035496
SRR10070132	Groundwater	Bacteria	Pseudomonadota	Gammaproteobacteria	Steroidobacterales	Steroidobacteraceae	RPQJ01	0.000469043151969981
SRR10102394	Soil	Bacteria	Pseudomonadota	Gammaproteobacteria	Burkholderiales	Burkholderiaceae_F	JALORV01	0.000860393704291584
SRR10070149	Sediment	Bacteria	Acidobacteriota	Terriglobia	20CM-2-55-15	20CM-2-55-15	Unclassified	0.000997319703297388
SRR10070130	Riverwater	Bacteria	Bacteroidota	Bacteroidia	Cytophagales	Spirosomataceae	Leadbetterella	0.000289224118246997
SRR10070141	Groundwater	Bacteria	Gemmatimonadota	Gemmatimonadetes	Gemmatimonadales	Unclassified	Unclassified	0.000345585149712424
SRR10070149	Sediment	Bacteria	Acidobacteriota	Blastocatellia	Pyrinomonadales	Pyrinomonadaceae	OLB17	0.002181636850963041
SRR10070131	Riverwater	Bacteria	Pseudomonadota	Gammaproteobacteria	Burkholderiales	Unclassified	Unclassified	0.20763992838484335
SRR10102392	Soil	Bacteria	Acidobacteriota	HRBIN11	JAKEFK01	JAKEFK01	CAVZQN01	0.00042532506987483297
SRR10070130	Riverwater	Bacteria	Pseudomonadota	Gammaproteobacteria	Steroidobacterales	Rariloculaceae	FEN-1219	0.000167445542142998
SRR10070132	Groundwater	Bacteria	Patescibacteriota	Microgenomatia	Woykebacterales	RBG-16-39-9b	CAZXPY01	0.000213201432713628
SRR10070150	Sediment	Bacteria	Gemmatimonadota	Gemmatimonadetes	Gemmatimonadales	GWC2-71-9	JADJOM01	0.000318923777217245
SRR10070151	Sediment	Bacteria	Bacteroidota	Bacteroidia	Chitinophagales	Chitinophagaceae	Terrimonas_B	0.000344952199480929
SRR10070131	Riverwater	Bacteria	Acidobacteriota	Terriglobia	20CM-2-55-15	20CM-2-55-15	DASTBJ01	0.0000587009480203105
SRR10070134	Riverwater	Bacteria	Acidobacteriota	Polarisedimenticolia	Polarisedimenticolales	DASRJG01	DASRJG01	0.0001473169893317947
SRR10070150	Sediment	Bacteria	Acidobacteriota	UBA6911	UBA6911	UBA6911	JAFNAG01	0.0031022585602041132
SRR10070151	Sediment	Bacteria	Pseudomonadota	Alphaproteobacteria	Caulobacterales	Caulobacteraceae	Phenylobacterium	0.000131410361707021
SRR10070149	Sediment	Bacteria	Desulfobacterota	Unclassified	Unclassified	Unclassified	Unclassified	0.000389578009100542
SRR10070151	Sediment	Bacteria	Planctomycetota	Unclassified	Unclassified	Unclassified	Unclassified	0.002578928348500279
SRR10070132	Groundwater	Bacteria	Pseudomonadota	Gammaproteobacteria	Burkholderiales	Methylophilaceae	Unclassified	0.00076752515776906
SRR10070151	Sediment	Bacteria	Actinomycetota	Coriobacteriia	Anaerosomatales	PHET01	DASRYH01	0.000361378494694307
SRR10102392	Soil	Bacteria	Acidobacteriota	Vicinamibacteria	Vicinamibacterales	UBA2999	DATCJA01	0.000774699234414874
SRR10070130	Riverwater	Bacteria	Pseudomonadota	Gammaproteobacteria	Burkholderiales	Rhodocyclaceae	JADJEF01	0.000471891982402996
SRR10070151	Sediment	Bacteria	Chloroflexota	Limnocylindria	QHBO01	QHBO01	JACDBZ01	0.000361378494694307
SRR10070130	Riverwater	Bacteria	Pseudomonadota	Gammaproteobacteria	Burkholderiales	Burkholderiaceae_C	Aquabacterium	0.02004779809112086
SRR10070150	Sediment	Bacteria	Planctomycetota	Planctomycetia	Pirellulales	Thermoguttaceae	Unclassified	0.000159461888608623
SRR10070132	Groundwater	Bacteria	Acidobacteriota	Thermoanaerobaculia	Gp7-AA8	Gp7-AA8	QHVT01	0.000469043151969981
SRR10102394	Soil	Bacteria	Verrucomicrobiota	Verrucomicrobiia	Limisphaerales	SIBE01	JAXMHN01	0.0015427749180400821
SRR10070133	Groundwater	Bacteria	Verrucomicrobiota	Verrucomicrobiia	Opitutales	Opitutaceae	Lacunisphaera	0.006811826997441845
SRR10070131	Riverwater	Bacteria	Patescibacteriota	Saccharimonadia	CAILAD01	JADZBC01	CAYPSN01	0.00126207038243668
SRR10102394	Soil	Bacteria	Actinomycetota	UBA4738	UBA4738	HRBIN12	CAVSJR01	0.000682381213748498
SRR10070150	Sediment	Bacteria	Planctomycetota	UBA1135	UBA1135	GCA-002686595	Unclassified	0.000231944565248906
SRR10102392	Soil	Bacteria	Acidobacteriota	Terriglobia	Bryobacterales	Bryobacteraceae	TMP-7	0.000151901810669583
SRR10070134	Riverwater	Bacteria	Bdellovibrionota	Bacteriovoracia	Bacteriovoracales	Bacteriovoracaceae	GCA-2720865	0.00027008114710829
SRR10070149	Sediment	Bacteria	Pseudomonadota	Gammaproteobacteria	Xanthomonadales	SZUA-36	SHZL01	0.001542728916038147
SRR10070141	Groundwater	Bacteria	Planctomycetota	Planctomycetia	Pirellulales	PALSA-1355	PALSA-1355	0.000419639110365086
SRR10070134	Riverwater	Bacteria	Fibrobacterota	Fibrobacteria	UBA11236	UBA11236	UBA11236	0.0000736584946658973
SRR10102393	Soil	Bacteria	Pseudomonadota	Gammaproteobacteria	Steroidobacterales	Steroidobacteraceae	RPQJ01	0.00257437070938215
SRR10102394	Soil	Bacteria	Actinomycetota	Acidimicrobiia	Acidimicrobiales	Unclassified	Unclassified	0.000667546839536574
SRR10102393	Soil	Bacteria	Actinomycetota	Acidimicrobiia	Acidimicrobiales	DATKAS01	DATKAS01	0.0004903563255966
SRR10102394	Soil	Bacteria	Bacillota	Desulfitobacteriia	Desulfitobacteriales	Desulfitobacteriaceae	Desulfosporosinus	0.000133509367907315
SRR10070131	Riverwater	Bacteria	Actinomycetota	Actinomycetes	Actinomycetales	Micrococcaceae	Arthrobacter	0.0000587009480203105
SRR10070133	Groundwater	Bacteria	Omnitrophota	Omnitrophia	Omnitrophales	Aquincolibacteriaceae	JBMONI01	0.000803141174370873
SRR10102394	Soil	Bacteria	Pseudomonadota	Gammaproteobacteria	Burkholderiales	Nitrosomonadaceae	Nitrosospira	0.00367892480455712
SRR10102394	Soil	Bacteria	Actinomycetota	Actinomycetes	Actinomycetales	Dermatophilaceae	Monashia	0.000815890581655813
SRR10070151	Sediment	Bacteria	Planctomycetota	Planctomycetia	Pirellulales	Pirellulaceae	Anammoximicrobium	0.000295673313840796
SRR10070149	Sediment	Bacteria	Pseudomonadota	Gammaproteobacteria	Pseudomonadales	Halieaceae	JARRPM01	0.000109081842548152
SRR10070133	Groundwater	Bacteria	Pseudomonadota	Gammaproteobacteria	Burkholderiales	SG8-39	RBG-16-66-20	0.00487833898506752
SRR10102393	Soil	Bacteria	Actinomycetota	Thermoleophilia	Gaiellales	Gaiellaceae	AC-32	0.00129399585921325
SRR10070134	Riverwater	Bacteria	Pseudomonadota	Gammaproteobacteria	Steroidobacterales	Rariloculaceae	FEN-1219	0.000171869820887094
SRR10070131	Riverwater	Bacteria	Actinomycetota	Acidimicrobiia	Acidimicrobiales	Ilumatobacteraceae	Sva-07	0.000220128555076164
SRR10070151	Sediment	Bacteria	Verrucomicrobiota	Verrucomicrobiia	Chthoniobacterales	UBA10450	Unclassified	0.000509215151614705
SRR10102392	Soil	Bacteria	Pseudomonadota	Alphaproteobacteria	Acetobacterales	Acetobacteraceae	Unclassified	0.000486085794142666
SRR10070151	Sediment	Bacteria	Methylomirabilota	Methylomirabilia	Rokubacteriales	CSP1-6	AR31	0.00060777292289497
SRR10070151	Sediment	Bacteria	Bacteroidota	Ignavibacteria	UBA10030	UBA10030	JACQPU01	0.000361378494694307
SRR10070151	Sediment	Bacteria	Patescibacteriota	Saccharimonadia	Saccharimonadales	Saccharimonadaceae	Unclassified	0.00229968132987286
SRR10102392	Soil	Bacteria	Eisenbacteria	RBG-16-71-46	SZUA-252	SZUA-252	DASQJL01	0.000516466156276583
SRR10070131	Riverwater	Bacteria	Gemmatimonadota	Gemmatimonadetes	Gemmatimonadales	Gemmatimonadaceae	JABWBJ01	0.0000440257110152329
SRR10070130	Riverwater	Bacteria	Pseudomonadota	Alphaproteobacteria	Caedimonadales	Caedimonadaceae	Caedimonas	0.000152223220129999
SRR10102392	Soil	Bacteria	Actinomycetota	Actinomycetes	Propionibacteriales	Nocardioidaceae	Nocardioides	0.005346943735569333
SRR10070149	Sediment	Archaea	Asgardarchaeota	Lokiarchaeia	Sigyniarchaeales	Unclassified	Unclassified	0.000373994888736521
SRR10102394	Soil	Bacteria	Acidobacteriota	Terriglobia	20CM-2-55-15	20CM-2-55-15	DASTBJ01	0.000237349987390782
SRR10070149	Sediment	Bacteria	Methylomirabilota	Methylomirabilia	Rokubacteriales	CSP1-6	CAWIZN01	0.00723056784890606
SRR10070150	Sediment	Bacteria	Bacillota	Clostridia	Clostridiales	Clostridiaceae	Clostridium	0.000695833695746717
SRR10102394	Soil	Bacteria	Verrucomicrobiota	Verrucomicrobiia	Chthoniobacterales	Chthoniobacteraceae	Unclassified	0.004806337244663338
SRR10102392	Soil	Bacteria	Pseudomonadota	Alphaproteobacteria	Rhizobiales	Xanthobacteraceae	VAZQ01	0.004116539069145705
SRR10070134	Riverwater	Bacteria	Acidobacteriota	Terriglobia	Acidiferrales	2-02-FULL-67-57	Unclassified	0.0000859349104435469
SRR10102394	Soil	Bacteria	Actinomycetota	Actinomycetes	Propionibacteriales	Propionibacteriaceae	Microlunatus	0.007061162124875761
SRR10070149	Sediment	Bacteria	Bacillota	Negativicutes	JARBTT01	JARBTT01	JARBTT01	0.000124664962912174
SRR10102393	Soil	Bacteria	Nitrospirota	Nitrospiria	Nitrospirales	Nitrospiraceae	Nitrospira_C	0.0028604118993135
SRR10070150	Sediment	Bacteria	Methylomirabilota	Methylomirabilia	Rokubacteriales	DASRDR01	DASRDR01	0.00173958423936679
SRR10070141	Groundwater	Bacteria	Bdellovibrionota	UBA1018	CAIPTA01	CAIPTA01	JAKFYM01	0.000839278220730172
SRR10070134	Riverwater	Archaea	Nanobdellota	Nanobdellia	Unclassified	Unclassified	Unclassified	0.000368292473329487
SRR10070151	Sediment	Bacteria	Pseudomonadota	Alphaproteobacteria	Rhizobiales	Hyphomicrobiaceae	Hyphomicrobium_C	0.0000821314760668879
SRR10070131	Riverwater	Bacteria	Fusobacteriota	Fusobacteriia	Fusobacteriales	Fusobacteriaceae	Fusobacterium	0.00239206363182765
SRR10102392	Soil	Bacteria	Pseudomonadota	Alphaproteobacteria	Sphingomonadales	Sphingomonadaceae	Unclassified	0.0015949690120306231
SRR10070150	Sediment	Bacteria	Planctomycetota	Planctomycetia	Pirellulales	Lacipirellulaceae	DASYDU01	0.000797309443043113
SRR10102393	Soil	Bacteria	Actinomycetota	Acidimicrobiia	Acidimicrobiales	Iamiaceae	Aquihabitans	0.0001906941266209
SRR10102394	Soil	Bacteria	Chloroflexota	Limnocylindria	Limnocylindrales	CSP1-4	JAFMJV01	0.000207681238966934
SRR10070134	Riverwater	Bacteria	Pseudomonadota	Alphaproteobacteria	JAEUKQ01	JAEUKQ01	JAEUKQ01	0.001645039714205039
SRR10102394	Soil	Bacteria	Pseudomonadota	Unclassified	Unclassified	Unclassified	Unclassified	0.002788862351841683
SRR10070149	Sediment	Bacteria	Verrucomicrobiota	Verrucomicrobiia	Chthoniobacterales	Terrimicrobiaceae	DASTFP01	0.010456273764258561
SRR10070149	Sediment	Bacteria	Gemmatimonadota	Gemmatimonadetes	Gemmatimonadales	GWC2-71-9	JADJOM01	0.000436327370192607
SRR10102393	Soil	Bacteria	Actinomycetota	Thermoleophilia	Gaiellales	Gaiellaceae	JAIBJN01	0.00028604118993135
SRR10070150	Sediment	Bacteria	Acidobacteriota	Thermoanaerobaculia	Gp7-AA8	Gp7-AA8	JACPDH01	0.0017540807746948492
SRR10070150	Sediment	Bacteria	Acidobacteriota	Vicinamibacteria	Vicinamibacterales	CAVVIG01	CAVQFD01	0.000739323301730886
SRR10070150	Sediment	Bacteria	Acidobacteriota	Terriglobia	Bryobacterales	Bryobacteraceae	Unclassified	0.001217708967556753
SRR10070131	Riverwater	Bacteria	Bdellovibrionota	Bdellovibrionia	Bdellovibrionales	Unclassified	Unclassified	0.0009098646943148132
SRR10070151	Sediment	Bacteria	Chloroflexota	Dehalococcoidia	DSTF01	JALHUB01	DAOUEO01	0.000394231085121062
SRR10070131	Riverwater	Bacteria	Pseudomonadota	Gammaproteobacteria	Burkholderiales	Burkholderiaceae_C	Malikia	0.0137066713627425
SRR10102394	Soil	Bacteria	Bacillota	Bacilli	Paenibacillales	Paenibacillaceae	Pristimantibacillus	0.000296687484238477
SRR10070131	Riverwater	Bacteria	Pseudomonadota	Gammaproteobacteria	Pseudomonadales	Cellvibrionaceae	Cellvibrio	0.01033136685157466
SRR10070149	Sediment	Bacteria	Planctomycetota	Phycisphaerae	Sedimentisphaerales	Unclassified	Unclassified	0.000124664962912174
SRR10102393	Soil	Archaea	Thermoproteota	Nitrososphaeria	Nitrososphaerales	Nitrososphaeraceae	TH5896	0.018565435327449052
SRR10070130	Riverwater	Bacteria	Verrucomicrobiota	Verrucomicrobiia	Opitutales	Opitutaceae	UBA2377	0.000563225914480995
SRR10070132	Groundwater	Bacteria	Gemmatimonadota	Gemmatimonadetes	Gemmatimonadales	GWC2-71-9	20CM-2-65-7	0.00123656830973904
SRR10102393	Soil	Bacteria	Verrucomicrobiota	Verrucomicrobiia	Chthoniobacterales	Chthoniobacteraceae	DASZPK01	0.0013076168682576
SRR10070131	Riverwater	Bacteria	Pseudomonadota	Gammaproteobacteria	Burkholderiales	Rhodocyclaceae	JADJEF01	0.000366880925126941
SRR10070149	Sediment	Bacteria	Armatimonadota	Hebobacteria	Hebobacterales	Hebobacteraceae	Unclassified	0.000342828648008477
SRR10070130	Riverwater	Bacteria	Bacteroidota	Bacteroidia	B-17B0	Aurantibacillaceae	Aurantibacillus	0.0007002268125979941
SRR10070149	Sediment	Bacteria	Desulfobacterota	BSN033	BSN033	UBA1163	Unclassified	0.002991959109892165
SRR10070131	Riverwater	Bacteria	Campylobacterota	Campylobacteria	Campylobacterales	Sulfurospirillaceae	Sulfurospirillum	0.000102726659035543
SRR10102394	Soil	Bacteria	Actinomycetota	Actinomycetes	Streptomycetales	Streptomycetaceae	Unclassified	0.000400528103721944
SRR10070149	Sediment	Bacteria	Bacteroidota	Ignavibacteria	Tepidaquicellales	OLB5	DASXTZ01	0.000623324814560868
SRR10070150	Sediment	Bacteria	Desulfobacterota	DSM-4660	Desulfatiglandales	HGW-15	CAVPDE01	0.006784378533530486
SRR10070134	Riverwater	Bacteria	Pseudomonadota	Alphaproteobacteria	Rhizobiales	Rhizobiaceae	Unclassified	0.000515609462661281
SRR10070149	Sediment	Bacteria	Nitrospirota	Nitrospiria	Nitrospirales	Nitrospiraceae	Nitrospira_D	0.000436327370192607
SRR10070151	Sediment	Bacteria	Verrucomicrobiota	Verrucomicrobiia	Chthoniobacterales	UBA10450	Udaeobacter	0.001346956207496966
SRR10102394	Soil	Bacteria	Verrucomicrobiota	Verrucomicrobiia	Chthoniobacterales	UBA10450	Palsa-1392	0.000385693729510021
SRR10102394	Soil	Bacteria	Pseudomonadota	Alphaproteobacteria	Dongiales	Dongiaceae	Dongia_A	0.000875228078503508
SRR10102392	Soil	Bacteria	Acidobacteriota	Blastocatellia	Pyrinomonadales	Pyrinomonadaceae	PSRF01	0.06475574188844332
SRR10070150	Sediment	Bacteria	Bacteroidota	Ignavibacteria	UBA10030	UBA6906	CAWABB01	0.00063784755443449
SRR10102394	Soil	Bacteria	Acidobacteriota	Blastocatellia	UBA7656	UBA7656	Unclassified	0.000237349987390782
SRR10070131	Riverwater	Bacteria	Bacillota	Clostridia	Lachnospirales	Lachnospiraceae	Roseburia	0.000425581873147251
SRR10070151	Sediment	Bacteria	Pseudomonadota	Gammaproteobacteria	Burkholderiales	Sulfuricellaceae	Sulfuricella	0.00111698807450968
SRR10070132	Groundwater	Bacteria	Elusimicrobiota	Elusimicrobia	JACQPE01	JACQPE01	JACPAN01	0.000810165444311786
SRR10102394	Soil	Bacteria	Actinomycetota	Acidimicrobiia	IMCC26256	JACDBD01	JALZAA01	0.000697215587960422
SRR10102392	Soil	Bacteria	Actinomycetota	Actinomycetes	Actinomycetales	Dermatophilaceae	Unclassified	0.001913962814436751
SRR10070133	Groundwater	Bacteria	Verrucomicrobiota	Verrucomicrobiia	Opitutales	Opitutaceae	Unclassified	0.000550300434291154
SRR10070130	Riverwater	Bacteria	Bacillota	Negativicutes	Selenomonadales	Selenomonadaceae	G963678095	0.000395780372337996
SRR10070149	Sediment	Bacteria	Desulfobacterota	Desulfobulbia	Desulfobulbales	SURF-16	DB1	0.000233746805460325
SRR10070151	Sediment	Bacteria	Acidobacteriota	Vicinamibacteria	Fen-336	Fen-336	CAVXEA01	0.000952725122375899
SRR10070130	Riverwater	Bacteria	Pseudomonadota	Gammaproteobacteria	UBA6186	Azoamicaceae	JAGVLG01	0.000441447338376996
SRR10070151	Sediment	Bacteria	Patescibacteriota	Saccharimonadia	Saccharimonadales	Unclassified	Unclassified	0.000213541837773908
SRR10070131	Riverwater	Bacteria	Bdellovibrionota	Bacteriovoracia	Bacteriovoracales	Bacteriovoracaceae	GCA-2720865	0.000176102844060932
SRR10070149	Sediment	Bacteria	Pseudomonadota	Gammaproteobacteria	Burkholderiales	Thiobacillaceae	Thiobacillus	0.006856572960169547
SRR10070134	Riverwater	Bacteria	Pseudomonadota	Gammaproteobacteria	Burkholderiales	Rhodocyclaceae	Accumulibacter	0.000896178351768418
SRR10070149	Sediment	Bacteria	Desulfobacterota	Syntrophorhabdia	Syntrophorhabdales	WCHB1-27	JADGQN01	0.000171414324004239
SRR10070150	Sediment	Bacteria	Pseudomonadota	Alphaproteobacteria	Rhizobiales	Xanthobacteraceae	Pseudolabrys	0.00256588675306602
SRR10070130	Riverwater	Bacteria	Desulfobacterota	Deferrimicrobia	Deferrimicrobiales	Deferrimicrobiaceae	Deferrimicrobium	0.0008220053887019929
SRR10070141	Groundwater	Bacteria	Pseudomonadota	Gammaproteobacteria	Burkholderiales	Rhodocyclaceae	Unclassified	0.0062699020019254
SRR10070141	Groundwater	Bacteria	Omnitrophota	Gorgyraeia	Gygaellales	Profunditerraquicolaceae	UBA6249	0.003036212386759156
SRR10070134	Riverwater	Bacteria	Myxococcota_A	Polyangia	Polyangiales	Polyangiaceae	Labilithrix	0.000245528315552991
SRR10102394	Soil	Bacteria	Actinomycetota	Acidimicrobiia	Acidimicrobiales	CADCSY01	JAEKLB01	0.000281853110026554
SRR10070130	Riverwater	Bacteria	Bacteroidota	Bacteroidia	Flavobacteriales	Flavobacteriaceae	Namhaeicola	0.000106556254090999
SRR10070149	Sediment	Bacteria	Acidobacteriota	Aminicenantia	Aminicenantales	UBA4085	UBA4085	0.000358411768372499
SRR10070150	Sediment	Bacteria	Chloroflexota	Dehalococcoidia	DSTF01	JALHUB01	JALHUB01	0.00101475747296396
SRR10070131	Riverwater	Bacteria	Myxococcota_A	UBA796	UBA796	CAJQPC01	JADKFE01	0.000278829503096475
SRR10070131	Riverwater	Bacteria	Patescibacteriota	Saccharimonadia	Saccharimonadales	Saccharimonadaceae	Saccharimonas	0.00231868744680227
SRR10070134	Riverwater	Bacteria	Pseudomonadota	Gammaproteobacteria	Burkholderiales	Casimicrobiaceae	VBCG01	0.000159593405109444
SRR10102394	Soil	Bacteria	UBA10199	UBA10199	DSSB01	DSSB01	DSSB01	0.0000741718710596194
SRR10070130	Riverwater	Bacteria	Pseudomonadota	Alphaproteobacteria	Rickettsiales	Rickettsiaceae	Megaera	0.000943783964805992
SRR10070141	Groundwater	Bacteria	Omnitrophota	Gorgyraeia	Gygaellales	Profunditerraquicolaceae	Unclassified	0.0027399965441485003
SRR10070134	Riverwater	Bacteria	Pseudomonadota	Gammaproteobacteria	Enterobacterales	Alteromonadaceae	Pararheinheimera	0.0082743042341358
SRR10070130	Riverwater	Bacteria	Acidobacteriota	Vicinamibacteria	Vicinamibacterales	Unclassified	Unclassified	0.000197890186168998
SRR10070149	Sediment	Bacteria	Desulfobacterota	Syntrophorhabdia	Syntrophorhabdales	WCHB1-27	CAWEPK01	0.000327245527644456
SRR10070151	Sediment	Bacteria	Pseudomonadota	Gammaproteobacteria	Burkholderiales	Burkholderiaceae_C	CAIKUF01	0.000624199218108348
SRR10070130	Riverwater	Bacteria	Pseudomonadota	Gammaproteobacteria	Burkholderiales	Gallionellaceae	Gallionella	0.000471891982402996
SRR10070131	Riverwater	Bacteria	Patescibacteriota	Saccharimonadia	Saccharimonadales	Unclassified	Unclassified	0.001599600833553464
SRR10070149	Sediment	Bacteria	Chloroflexota	Anaerolineae	Anaerolineales	UBA4823	UTCFX2	0.004067194415009665
SRR10070130	Riverwater	Bacteria	Pseudomonadota	Gammaproteobacteria	Burkholderiales	Thiobacillaceae	Thiobacillus	0.0006241152025329941
SRR10070149	Sediment	Bacteria	Desulfobacterota	Zymogenia	Zymogenales	Zymogenaceae	JAFGAS01	0.000654491055288911
SRR10070134	Riverwater	Bacteria	Pseudomonadota	Gammaproteobacteria	Chromatiales	Chromatiaceae	M0108	0.000613820788882478
SRR10070151	Sediment	Bacteria	Desulfobacterota	Desulfuromonadia	Geobacterales	Pseudopelobacteraceae	Pseudopelobacter	0.000936298827162522
SRR10102393	Soil	Bacteria	Acidobacteriota	Vicinamibacteria	Vicinamibacterales	CAVVIG01	CAVTHG01	0.00227470851040645
SRR10102393	Soil	Bacteria	Acidobacteriota	Terriglobia	20CM-2-55-15	20CM-2-55-15	Unclassified	0.0026697177726926003
SRR10070134	Riverwater	Bacteria	Nitrospirota	Thermodesulfovibrionia	Thermodesulfovibrionales	SM23-35	DASPRG01	0.000135040573554145
SRR10070131	Riverwater	Bacteria	Patescibacteriota	Saccharimonadia	UBA4664	UBA4664	Unclassified	0.000440257110152329
SRR10070131	Riverwater	Bacteria	Omnitrophota	Gorgyraeia	2-02-FULL-51-18	2-02-FULL-51-18	JACPAX01	0.000719086613248804
SRR10070131	Riverwater	Bacteria	Cyanobacteriota	Cyanobacteriia	Unclassified	Unclassified	Unclassified	0.000337530451116786
SRR10102393	Soil	Bacteria	Acidobacteriota	HRBIN11	JAKEFK01	JAKEFK01	CAZDDB01	0.0005175983436853
SRR10070134	Riverwater	Bacteria	Patescibacteriota	Saccharimonadia	Saccharimonadales	UBA4665	JAJZMH01	0.014117878144296991
SRR10102392	Soil	Bacteria	Actinomycetota	Actinomycetes	Unclassified	Unclassified	Unclassified	0.00688115202333212
SRR10102393	Soil	Bacteria	Actinomycetota	Thermoleophilia	Solirubrobacterales	Thermoleophilaceae	Unclassified	0.0005175983436853
SRR10070131	Riverwater	Bacteria	Pseudomonadota	Gammaproteobacteria	Burkholderiales	Rhodocyclaceae	Accumulibacter	0.00110064277538082
SRR10070134	Riverwater	Bacteria	Acidobacteriota	Blastocatellia	UBA7656	UBA7656	Onstottus_A	0.0000368292473329487
SRR10070134	Riverwater	Bacteria	Pseudomonadota	Alphaproteobacteria	Rhizobiales	Aestuariivirgaceae	Aestuariivirga	0.000135040573554145
SRR10070151	Sediment	Bacteria	Chloroflexota	Limnocylindria	Limnocylindrales	CSP1-4	SPCO01	0.002036860606458819
SRR10102392	Soil	Bacteria	Pseudomonadota	Alphaproteobacteria	Rhizobiales	Rhizobiaceae	Rhizobium	0.000501275975209624
SRR10070130	Riverwater	Bacteria	Pseudomonadota	Gammaproteobacteria	Burkholderiales	Neisseriaceae	Vitreoscilla	0.000548003592467995
SRR10070131	Riverwater	Bacteria	Bacteroidota	Bacteroidia	Chitinophagales	Saprospiraceae	Opimibacter	0.000469607584162484
SRR10070149	Sediment	Bacteria	Desulfobacterota	Syntrophia	Syntrophales	Fen-1087	Unclassified	0.000670074175652933
SRR10102392	Soil	Bacteria	Actinomycetota	Thermoleophilia	Gaiellales	Gaiellaceae	AC-32	0.00110888321788796
SRR10070151	Sediment	Bacteria	Methylomirabilota	Methylomirabilia	Methylomirabilales	2-02-FULL-66-22	2-02-FULL-66-22	0.006570518085351028
SRR10070150	Sediment	Bacteria	Pseudomonadota	Gammaproteobacteria	Burkholderiales	SG8-41	Unclassified	0.00456640862833783
SRR10070134	Riverwater	Bacteria	Pseudomonadota	Gammaproteobacteria	Burkholderiales	Rhodocyclaceae	Desulfobacillus	0.000491056631105982
SRR10102394	Soil	Bacteria	Acidobacteriota	Vicinamibacteria	Vicinamibacterales	UBA2999	DASYRM01	0.001780124905430867
SRR10102392	Soil	Bacteria	Actinomycetota	Actinomycetes	Mycobacteriales	SCTD01	Unclassified	0.00107850285575404
SRR10102393	Soil	Bacteria	Bacteroidota	Bacteroidia	Chitinophagales	Chitinophagaceae	Unclassified	0.00464476408412335
SRR10102392	Soil	Bacteria	Actinomycetota	Acidimicrobiia	IMCC26256	DASPTH01	DASUAS01	0.000349374164540041
SRR10070149	Sediment	Bacteria	Methylomirabilota	Methylomirabilia	Rokubacteriales	CSP1-6	DASRWT01	0.00367761640590912
SRR10070131	Riverwater	Bacteria	Pseudomonadota	Gammaproteobacteria	Burkholderiales	Neisseriaceae	Neisseria	0.000645710428223416
SRR10070131	Riverwater	Bacteria	Pseudomonadota	Gammaproteobacteria	Burkholderiales	Thiobacillaceae	Thiobacillus	0.000675060902233571
SRR10070151	Sediment	Bacteria	Actinomycetota	Actinomycetes	Actinomycetales	Kineosporiaceae	Unclassified	0.00259535464371366
SRR10070149	Sediment	Bacteria	Chloroflexota	Limnocylindria	QHBO01	QHBO01	JACDBZ01	0.000514242972012716
SRR10070151	Sediment	Bacteria	Zixibacteria	MSB-5A5	GN15	PGXB01	DYGG01	0.000755609579815368
SRR10070130	Riverwater	Bacteria	Pseudomonadota	Alphaproteobacteria	Sphingomonadales	Sphingomonadaceae	Sphingopyxis	0.000334891084285997
SRR10070149	Sediment	Bacteria	Armatimonadota	Zipacnadia	Zipacnadales	UBA11051	JABLXH01	0.000155831203640217
SRR10102394	Soil	Bacteria	Actinomycetota	Actinomycetes	Streptosporangiales	Streptosporangiaceae	Unclassified	0.000163178116331163
SRR10070130	Riverwater	Bacteria	Bdellovibrionota	UBA1018	UBA1018	UBA1018	JBBCAW01	0.000152223220129999
SRR10102394	Soil	Bacteria	Acidobacteriota	Blastocatellia	Pyrinomonadales	Pyrinomonadaceae	OLB17	0.01640681787838779
SRR10102394	Soil	Bacteria	Bacillota	Bacilli	Thermoactinomycetales	Thermoactinomycetaceae	Thermoflavimicrobium	0.000370859355298097
SRR10070130	Riverwater	Bacteria	Pseudomonadota	Gammaproteobacteria	Burkholderiales	Burkholderiaceae_C	Rhodoferax	0.00111122950694899
SRR10070141	Groundwater	Bacteria	Omnitrophota	Omnitrophia	Omnitrophales	Aquincolibacteriaceae	JBMONI01	0.0023450420873343
SRR10070149	Sediment	Bacteria	Desulfobacterota	Binatia	UTPRO1	UTPRO1	DP-19	0.000560992333104781
SRR10070131	Riverwater	Bacteria	Pseudomonadota	Gammaproteobacteria	Pseudomonadales	Halieaceae	Marimicrobium	0.00115934372340113
SRR10070130	Riverwater	Bacteria	Bacteroidota	Bacteroidia	Flavobacteriales_D	Crocinitomicaceae	UBA952	0.000700226812597994
SRR10102393	Soil	Bacteria	Acidobacteriota	Thermoanaerobaculia	UBA5066	Gp7-AA6	DAHUXD01	0.00181159420289855
SRR10102393	Soil	Bacteria	Pseudomonadota	Gammaproteobacteria	Burkholderiales	Burkholderiaceae_C	Schlegelella_A	0.00459028004794595
SRR10102393	Soil	Bacteria	Pseudomonadota	Gammaproteobacteria	Burkholderiales	Burkholderiaceae_D	Telluria_A	0.0006538084341288
SRR10102392	Soil	Bacteria	Actinomycetota	CALGFH01	CALGFH01	CALGFH01	CALGFH01	0.000881030501883582
SRR10070133	Groundwater	Bacteria	Desulfobacterota	Binatia	JACPRU01	JACPRU01	CAVQIG01	0.0000297459694211434
SRR10102393	Soil	Bacteria	Acidobacteriota	Terriglobia	20CM-2-55-15	20CM-2-55-15	DASTBJ01	0.0008036395336166501
SRR10102392	Soil	Bacteria	Methylomirabilota	Methylomirabilia	Rokubacteriales	CSP1-6	VGLJ01	0.000410134888807875
SRR10102392	Soil	Bacteria	Bacteroidota	Bacteroidia	Cytophagales	172606-1	Rhodocytophaga	0.000212662534937416
SRR10070151	Sediment	Bacteria	Zixibacteria	MSB-5A5	GN15	FEB-12	Unclassified	0.000558494037254838
SRR10070130	Riverwater	Bacteria	Pseudomonadota	Gammaproteobacteria	Burkholderiales	Burkholderiaceae_C	Pseudaquabacterium	0.00184190096357298
SRR10070130	Riverwater	Bacteria	Nitrospirota	Nitrospiria	Nitrospirales	Nitrospiraceae	Nitrospira_D	0.000578448236493995
SRR10070150	Sediment	Bacteria	Spirochaetota	Spirochaetia	SZUA-6	Fen-1364	CAVTER01	0.000376909918529471
SRR10102392	Soil	Bacteria	Bacillota	Bacilli	Bacillales	Cytobacillaceae	Neobacillus	0.001822821728035
SRR10102393	Soil	Bacteria	Verrucomicrobiota	Verrucomicrobiia	Chthoniobacterales	UBA10450	JACCTI01	0.0006265664160401
SRR10070149	Sediment	Bacteria	Actinomycetota	Coriobacteriia	Anaerosomatales	PHET01	DASRYH01	0.000296079286916412
SRR10070151	Sediment	Bacteria	Pseudomonadota	Alphaproteobacteria	Dongiales	Dongiaceae	Unclassified	0.00157692434048425
SRR10102393	Soil	Bacteria	Pseudomonadota	Gammaproteobacteria	Burkholderiales	Nitrosomonadaceae	Nitrosospira	0.0039500926228615
SRR10070132	Groundwater	Bacteria	Pseudomonadota	Alphaproteobacteria	Sphingomonadales	Sphingomonadaceae	Rhizorhabdus	0.0017056114617090262
SRR10070134	Riverwater	Bacteria	Actinomycetota	UBA4738	UBA4738	HRBIN12	HRBIN12	0.0000859349104435469
SRR10070131	Riverwater	Bacteria	Bdellovibrionota	UBA1018	UBA1018	CAIMNF01	CAIMNF01	0.000484282821167562
SRR10102392	Soil	Bacteria	Armatimonadota	Chthonomonadetes	Chthonomonadales	Chthonomonadaceae	Unclassified	0.0012607850285575358
SRR10102394	Soil	Bacteria	Desulfobacterota	Desulfuromonadia	Geobacterales	Geobacteraceae	Geomonas	0.000578540594265031
SRR10070134	Riverwater	Bacteria	Pseudomonadota	Gammaproteobacteria	Burkholderiales	Burkholderiaceae_D	Rugamonas	0.00189056802975803
SRR10070149	Sediment	Bacteria	Acidobacteriota	Vicinamibacteria	Vicinamibacterales	CAVVIG01	Unclassified	0.001979056286230759
SRR10070131	Riverwater	Bacteria	Bacteroidota	Bacteroidia	Unclassified	Unclassified	Unclassified	0.000631035191218338
SRR10102393	Soil	Bacteria	Actinomycetota	Acidimicrobiia	IMCC26256	PALSA-610	Unclassified	0.0003541462351531
SRR10070149	Sediment	Bacteria	Pseudomonadota	Gammaproteobacteria	Burkholderiales	Burkholderiaceae_F	Unclassified	0.00465935298884249
SRR10102393	Soil	Bacteria	Pseudomonadota	Alphaproteobacteria	Rhizobiales	Xanthobacteraceae	Pseudorhodoplanes	0.00042225128037485
SRR10070151	Sediment	Bacteria	Chloroflexota	Anaerolineae	Anaerolineales	UBA4823	JAAYXE01	0.00047636256118795
SRR10102392	Soil	Bacteria	Pseudomonadota	Alphaproteobacteria	Caulobacterales	Caulobacteraceae	Caulobacter	0.000410134888807875
SRR10070134	Riverwater	Bacteria	Acidobacteriota	Thermoanaerobaculia	Gp7-AA8	Gp7-AA8	JACPDH01	0.000110487741998846
SRR10070134	Riverwater	Archaea	Thermoproteota	Nitrososphaeria	Nitrososphaerales	Nitrosopumilaceae	Nitrosarchaeum	0.00104349534110021
SRR10070149	Sediment	Bacteria	Desulfobacterota	Binatia	HRBIN30	CADEER01	CAYYWP01	0.000514242972012716
SRR10102393	Soil	Bacteria	Acidobacteriota	Blastocatellia	Pyrinomonadales	Pyrinomonadaceae	Unclassified	0.0000817260542661
SRR10070151	Sediment	Bacteria	Krumholzibacteriota	Krumholzibacteriia	JACNKJ01	JACNKJ01	VGXI01	0.000574920332468215
SRR10102392	Soil	Bacteria	Acidobacteriota	Vicinamibacteria	Vicinamibacterales	JAENWD01	JAENWD01	0.0008506501397496651
SRR10070134	Riverwater	Bacteria	Myxococcota_A	Polyangia	Polyangiales	Polyangiaceae	Xiheicaenibacterium	0.000184146236664743
SRR10070149	Sediment	Bacteria	Myxococcota_A	Polyangia	Polyangiales	DASUME01	DASUME01	0.000233746805460325
SRR10070133	Groundwater	Bacteria	Bdellovibrionota	Bdellovibrionia	Bdellovibrionales	JAMPXM01	JANOUF01	0.00034207864834315
SRR10070132	Groundwater	Bacteria	Bacteroidota	Bacteroidia	Cytophagales	Cyclobacteriaceae	Ohtaekwangia	0.000469043151969981
SRR10070130	Riverwater	Bacteria	Cyanobacteriota	Cyanobacteriia	Cyanobacteriales	Microcoleaceae	Microcoleus	0.000669782168571994
SRR10070130	Riverwater	Bacteria	Bdellovibrionota	Bdellovibrionia	Bdellovibrionales	Unclassified	Unclassified	0.000822005388701992
SRR10070150	Sediment	Bacteria	Chloroflexota	Dehalococcoidia	Lucifugimonadales	Unclassified	Unclassified	0.000130468817952509
SRR10102392	Soil	Bacteria	Verrucomicrobiota	Verrucomicrobiia	Verrucomicrobiales	Verrucomicrobiaceae	Verrucomicrobium	0.000045570543200875
SRR10102394	Soil	Bacteria	Pseudomonadota	Alphaproteobacteria	Rhizobiales	Labraceae	Labrys	0.000519203097417335
SRR10070134	Riverwater	Bacteria	Chloroflexota	Limnocylindria	Limnocylindrales	CSP1-4	CAIXZV01	0.00055243870999423
SRR10070150	Sediment	Bacteria	Eisenbacteria	RBG-16-71-46	SZUA-252	SZUA-252	WS-9	0.001333681250181206
SRR10070131	Riverwater	Bacteria	Zhuqueibacterota	Zhuqueibacteria	Zhuqueibacterales	Zhuqueibacteraceae	JBIOXB01	0.0000733761850253882
SRR10070133	Groundwater	Bacteria	Fibrobacterota	Fibrobacteria	UBA11236	UBA11236	UBA11236	0.000684157296686299
SRR10102393	Soil	Bacteria	Pseudomonadota	Gammaproteobacteria	Burkholderiales	SG8-41	PALSA-1004	0.00222022447422905
SRR10070141	Groundwater	Bacteria	Pseudomonadota	Gammaproteobacteria	Acidiferrobacterales	Unclassified	Unclassified	0.0005430623781195231
SRR10070134	Riverwater	Bacteria	Acidobacteriota	Vicinamibacteria	Vicinamibacterales	JAMQPK01	JAMQPK01	0.000110487741998846
SRR10070150	Sediment	Bacteria	Desulfobacterota	RBG-13-43-22	RBG-13-43-22	RBG-13-43-22	CAVQFQ01	0.000478385665825868
SRR10070149	Sediment	Bacteria	Verrucomicrobiota	Verrucomicrobiia	Chthoniobacterales	UBA10450	AV133	0.0000934987221841302
SRR10070149	Sediment	Bacteria	Chloroflexota	Dehalococcoidia	SM23-28-2	RBG-16-64-32	DATKKM01	0.001682976999314342
SRR10070134	Riverwater	Bacteria	Patescibacteriota	Saccharimonadia	Saccharimonadales	JAGQNJ01	HK-STAS-PATE-36	0.000135040573554145
SRR10070149	Sediment	Bacteria	Planctomycetota	Phycisphaerae	Sedimentisphaerales	Anaerobacaceae	JAFGPS01	0.000545409212740759
SRR10070151	Sediment	Bacteria	Acidobacteriota	Thermoanaerobaculia	UBA5066	Gp7-AA6	DAHUXD01	0.00239823910115312
SRR10070149	Sediment	Bacteria	Bacteroidota	Ignavibacteria	UBA10030	UBA6906	Unclassified	0.000545409212740759
SRR10070149	Sediment	Bacteria	Myxococcota_A	Polyangia	Fen-1088	Fen-1088	JADGRB01	0.00121548338839369
SRR10070149	Sediment	Bacteria	Bacteroidota	Bacteroidia	AKYH767-A	2013-40CM-41-45	JAPLDB01	0.000140248083276195
SRR10070150	Sediment	Bacteria	Chloroflexota	Dehalococcoidia	Dehalococcoidales	RBG-16-60-22	Unclassified	0.000159461888608623
SRR10102393	Soil	Bacteria	Bacteroidota	Bacteroidia	Chitinophagales	Chitinophagaceae	VBAU01	0.0002996621989757
SRR10070151	Sediment	Bacteria	Pseudomonadota	Gammaproteobacteria	Burkholderiales	SG8-39	JAGVSZ01	0.004895035973586514
SRR10070151	Sediment	Bacteria	Zixibacteria	MSB-5A5	CAIYYT01	CAIYYT01	JADJGC01	0.000344952199480929
SRR10070131	Riverwater	Bacteria	Pseudomonadota	Gammaproteobacteria	Xanthomonadales	Ahniellaceae	JADKHK01	0.0007337618502538819
SRR10070150	Sediment	Bacteria	Bacteroidota	Bacteroidia	Chitinophagales	Chitinophagaceae	Terrimonas_B	0.000217448029920849
SRR10070151	Sediment	Bacteria	Krumholzibacteriota	Krumholzibacteriia	WVZY01	WVZY01	Unclassified	0.00238181280593975
SRR10070131	Riverwater	Bacteria	Myxococcota_A	Polyangia	Polyangiales	Polyangiaceae	Xiheicaenibacterium	0.000176102844060932
SRR10070151	Sediment	Bacteria	Pseudomonadota	Alphaproteobacteria	Rhizobiales	Xanthobacteraceae	Unclassified	0.000804888465455501
SRR10070134	Riverwater	Bacteria	Bacteroidota	Bacteroidia	Bacteroidales	VadinHA17	LD21	0.000454227383773034
SRR10102392	Soil	Bacteria	Actinomycetota	Thermoleophilia	Gaiellales	JAICJC01	DATLLX01	0.000364564345607
SRR10070151	Sediment	Bacteria	Chloroflexota	Anaerolineae	Anaerolineales	Unclassified	Unclassified	0.0010348565984427869
SRR10102392	Soil	Bacteria	Actinomycetota	Acidimicrobiia	Acidimicrobiales	Ilumatobacteraceae	JALZMG01	0.000349374164540041
SRR10070132	Groundwater	Bacteria	Bacteroidota	Bacteroidia	Cytophagales	Cyclobacteriaceae	ELB16-189	0.003198021490704413
SRR10102394	Soil	Bacteria	Bacteroidota	Bacteroidia	Cytophagales	Hymenobacteraceae	Adhaeribacter	0.000949399949563127
SRR10070149	Sediment	Bacteria	Acidobacteriota	Vicinamibacteria	Fen-336	Fen-336	CAVXEA01	0.000794739138565106
SRR10070149	Sediment	Bacteria	Nitrospirota	Thermodesulfovibrionia	Thermodesulfovibrionales	SM23-35	DYFC01	0.000529826092376738
SRR10102394	Soil	Bacteria	Actinomycetota	Thermoleophilia	Solirubrobacterales	70-9	DASUPK01	0.00197297177018587
SRR10102394	Soil	Bacteria	Acidobacteriota	Vicinamibacteria	Vicinamibacterales	Unclassified	Unclassified	0.00157244366646393
SRR10070151	Sediment	Bacteria	Planctomycetota	Phycisphaerae	SM23-33	SM23-33	JAWLCQ01	0.000229968132987286
SRR10070149	Sediment	Bacteria	Acidobacteriota	Vicinamibacteria	Fen-336	Fen-336	CAVPGH01	0.001823225082590542
SRR10070133	Groundwater	Bacteria	Desulfobacterota	GWC2-55-46	GWC2-55-46	Unclassified	Unclassified	0.000713903266107442
SRR10070141	Groundwater	Bacteria	Pseudomonadota	Gammaproteobacteria	Legionellales	Legionellaceae	Legionella	0.00130828663819703
SRR10102392	Soil	Bacteria	Pseudomonadota	Gammaproteobacteria	Burkholderiales	Rhodocyclaceae	Propionivibrio	0.000106331267468708
SRR10070131	Riverwater	Bacteria	Verrucomicrobiota	Verrucomicrobiia	Opitutales	Opitutaceae	UBA2377	0.000572334243198028
SRR10070134	Riverwater	Bacteria	Fibrobacterota	Fibrobacteria	UBA5070	UBA5070	UBA5070	0.00283585204463705
SRR10070133	Groundwater	Bacteria	Acidobacteriota	Polarisedimenticolia	Gp22-AA2	Gp22-AA2	Gp22-AA3	0.00151704444047832
SRR10070149	Sediment	Bacteria	Eisenbacteria	RBG-16-71-46	SZUA-252	SZUA-252	SZUA-252	0.000124664962912174
SRR10102394	Soil	Bacteria	Acidobacteriota	Blastocatellia	Pyrinomonadales	Pyrinomonadaceae	JAIBCC01	0.000252184361602706
SRR10102392	Soil	Bacteria	Verrucomicrobiota	Verrucomicrobiia	Limisphaerales	UBA8199	Unclassified	0.001169643942155791
SRR10070149	Sediment	Bacteria	Actinomycetota	Thermoleophilia	Gaiellales	Gaiellaceae	VAXT01	0.000124664962912174
SRR10070149	Sediment	Bacteria	Desulfobacterota	Desulfuromonadia	Geobacterales	Pseudopelobacteraceae	Pseudopelobacter	0.000218163685096304
SRR10070151	Sediment	Bacteria	Desulfobacterota	Desulfobacteria	Desulfobacterales	Desulfosalsimonadaceae	SURF-3	0.000492788856401327
SRR10070150	Sediment	Bacteria	Chloroflexota	Dehalococcoidia	Unclassified	Unclassified	Unclassified	0.000304427241889188
SRR10102394	Soil	Bacteria	Acidobacteriota	HRBIN11	JAKEFK01	JAKEFK01	CAVZQN01	0.00040052810372194405
SRR10070150	Sediment	Bacteria	Bacillota	Bacilli	Paenibacillales	Paenibacillaceae	Paenibacillus_AQ	0.000376909918529471
SRR10102392	Soil	Bacteria	Acidobacteriota	Vicinamibacteria	Vicinamibacterales	CAVVIG01	CAVSWN01	0.00177725118483412
SRR10102393	Soil	Bacteria	Acidobacteriota	Vicinamibacteria	Vicinamibacterales	Vicinamibacteraceae	Unclassified	0.00121226980494715
SRR10070150	Sediment	Bacteria	Verrucomicrobiota	Verrucomicrobiia	Limisphaerales	UBA8199	Unclassified	0.00242092139978545
SRR10070133	Groundwater	Bacteria	Verrucomicrobiota	Verrucomicrobiia	Chthoniobacterales	Terrimicrobiaceae	QYQL01	0.000535427449580582
SRR10070149	Sediment	Bacteria	Acidobacteriota	Thermoanaerobaculia	Gp7-AA8	Gp7-AA8	Unclassified	0.000670074175652932
SRR10102392	Soil	Bacteria	Acidobacteriota	Blastocatellia	UBA7656	Unclassified	Unclassified	0.000516466156276583
SRR10070131	Riverwater	Bacteria	Pseudomonadota	Gammaproteobacteria	Burkholderiales	SG8-41	SG8-41	0.000337530451116786
SRR10070134	Riverwater	Bacteria	Pseudomonadota	Gammaproteobacteria	Pseudomonadales	Unclassified	Unclassified	0.000748861362436623
SRR10102394	Soil	Bacteria	Pseudomonadota	Alphaproteobacteria	Rhizobiales	Xanthobacteraceae	VAZQ01	0.0069573215053922895
SRR10070141	Groundwater	Bacteria	Pseudomonadota	Gammaproteobacteria	Burkholderiales	Methylophilaceae	Unclassified	0.000493693071017748
SRR10070149	Sediment	Bacteria	Chloroflexota	Anaerolineae	CG2-30-64-16	CG2-30-64-16	CAKZKT01	0.00028049616655239
SRR10070134	Riverwater	Bacteria	Spirochaetota	Spirochaetia	SZUA-6	Fen-1364	CAVTER01	0.0000491056631105982
SRR10102392	Soil	Bacteria	Actinomycetota	Thermoleophilia	Gaiellales	Gaiellaceae	Unclassified	0.004146919431279621
SRR10070132	Groundwater	Bacteria	Nitrospinota_A	UBA7883	JACRGQ01	JACRGQ01	JACRGQ01	0.000255841719256353
SRR10102393	Soil	Bacteria	Pseudomonadota	Gammaproteobacteria	Burkholderiales	Burkholderiaceae_F	JALORV01	0.0007355344883949
SRR10070151	Sediment	Bacteria	Pseudomonadota	Alphaproteobacteria	Reyranellales	Reyranellaceae	Reyranella	0.0000985577712802654
SRR10102394	Soil	Bacteria	Acidobacteriota	Vicinamibacteria	Vicinamibacterales	2-12-FULL-66-21	CAWAZT01	0.000133509367907315
SRR10070141	Groundwater	Bacteria	Cyanobacteriota	Vampirovibrionia	Obscuribacterales	Obscuribacteraceae	Ga0077546	0.000987386142035496
SRR10070141	Groundwater	Bacteria	Pseudomonadota	Gammaproteobacteria	Burkholderiales	Gallionellaceae	Sideroxyarcus	0.00629458665547629
SRR10070149	Sediment	Bacteria	Desulfobacterota	Desulfuromonadia	Geobacterales	Pseudopelobacteraceae	JACRCG01	0.00082590537929315
SRR10070150	Sediment	Bacteria	Verrucomicrobiota	Verrucomicrobiia	Opitutales	Opitutaceae	CAWCPJ01	0.000376909918529471
SRR10070151	Sediment	Bacteria	Myxococcota_A	Polyangia	Haliangiales	Haliangiaceae	JABFXX01	0.000854167351095634
SRR10070149	Sediment	Bacteria	Krumholzibacteriota	Krumholzibacteriia	LZORAL124-64-63	LZORAL124-64-63	JACZKN01	0.000342828648008477
SRR10070130	Riverwater	Bacteria	Bacteroidota	Bacteroidia	Sphingobacteriales	Sphingobacteriaceae	Pedobacter	0.000258779474220998
SRR10070151	Sediment	Bacteria	Pseudomonadota	Alphaproteobacteria	MPNO01	DASWLB01	CAWGHZ01	0.000279247018627419
SRR10070151	Sediment	Bacteria	Pseudomonadota	Gammaproteobacteria	Burkholderiales	Burkholderiaceae_C	Pseudaquabacterium	0.000410657380334439
SRR10102393	Soil	Bacteria	Pseudomonadota	Gammaproteobacteria	Burkholderiales	SG8-41	Unclassified	0.0004631143075079
SRR10102393	Soil	Bacteria	Chloroflexota	Limnocylindria	QHBO01	QHBO01	JACDBZ01	0.00020431513566525
SRR10070133	Groundwater	Bacteria	Margulisbacteria	WOR-1	O2-12-FULL-45-9	O2-12-FULL-45-9	Unclassified	0.00052055446487001
SRR10070149	Sediment	Bacteria	Pseudomonadota	Gammaproteobacteria	Burkholderiales	Rhodocyclaceae	Unclassified	0.004020445053917589
SRR10102393	Soil	Bacteria	Planctomycetota	Planctomycetia	Planctomycetales	Planctomycetaceae	Unclassified	0.0002451781627983
SRR10070149	Sediment	Bacteria	Pseudomonadota	Gammaproteobacteria	Burkholderiales	Gallionellaceae	Unclassified	0.002586797980427598
SRR10070134	Riverwater	Bacteria	Bdellovibrionota	UBA2394	UBA2394	UBA2394	Unclassified	0.000171869820887094
SRR10070131	Riverwater	Bacteria	Bacteroidota	Bacteroidia	J057	JADKCL01	JADKCL01	0.000396231399137096
SRR10070150	Sediment	Bacteria	Krumholzibacteriota	Krumholzibacteriia	LZORAL124-64-63	LZORAL124-64-63	Unclassified	0.000202951494592792
SRR10070132	Groundwater	Bacteria	UBA10199	UBA10199	JACPAL01	GCA-016699445	DASUFF01	0.000554323725055432
SRR10102393	Soil	Bacteria	Pseudomonadota	Gammaproteobacteria	Steroidobacterales	GCA-2729495	QUBU01	0.00025879917184265
SRR10070149	Sediment	Bacteria	Acidobacteriota	UBA6911	UBA6911	UBA6911	Unclassified	0.005017764757214986
SRR10070149	Sediment	Bacteria	Chloroflexota	Anaerolineae	Aggregatilineales	Phototrophicaceae	Unclassified	0.000638907934924889
SRR10070150	Sediment	Bacteria	Desulfobacterota	Deferrimicrobia	Deferrimicrobiales	Deferrimicrobiaceae	Deferrimicrobium	0.02810878200110169
SRR10102393	Soil	Bacteria	Actinomycetota	UBA4738	UBA4738	HRBIN12	AC-69	0.00053121935272965
SRR10070132	Groundwater	Archaea	Thermoproteota	Nitrososphaeria	Nitrososphaerales	Nitrososphaeraceae	Nitrosocosmicus	0.000469043151969981
SRR10102394	Soil	Bacteria	Acidobacteriota	Vicinamibacteria	Vicinamibacterales	UBA2999	DASPWV01	0.000430196852145792
SRR10070130	Riverwater	Bacteria	Bacteroidota	Ignavibacteria	Ignavibacteriales	Ignavibacteriaceae	IGN3	0.000167445542142998
SRR10070151	Sediment	Bacteria	Desulfobacterota	Desulfobulbia	Desulfobulbales	SURF-16	DB1	0.000246394428200664
SRR10070133	Groundwater	Bacteria	Pseudomonadota	Gammaproteobacteria	Burkholderiales	Rhodocyclaceae	Unclassified	0.00041644357189600826
SRR10070150	Sediment	Bacteria	Bacteroidota	Ignavibacteria	UBA10030	UBA10030	JACQPU01	0.000391406453857528
SRR10102394	Soil	Bacteria	Acidobacteriota	Thermoanaerobaculia	Gp7-AA8	Gp7-AA8	DASVHS01	0.001082909317470443
SRR10070151	Sediment	Bacteria	Planctomycetota	B15-G4	B15-G4	B15-G4	BQJR01	0.0000821314760668879
SRR10102392	Soil	Bacteria	Acidobacteriota	Blastocatellia	Unclassified	Unclassified	Unclassified	0.000288613440272208
SRR10070151	Sediment	Bacteria	Methylomirabilota	Methylomirabilia	Rokubacteriales	CSP1-6	Unclassified	0.000361378494694307
SRR10070150	Sediment	Bacteria	Bacteroidota	Ignavibacteria	UBA10030	UBA6906	JAERML01	0.000289930706561132
SRR10102393	Soil	Bacteria	Actinomycetota	Actinomycetes	Mycobacteriales	SCTD01	Unclassified	0.00083088155170535
SRR10070133	Groundwater	Bacteria	Acidobacteriota	Vicinamibacteria	Vicinamibacterales	CAVVIG01	CAVQFD01	0.000803141174370873
SRR10070131	Riverwater	Bacteria	Pseudomonadota	Gammaproteobacteria	Enterobacterales	Aeromonadaceae	Aeromonas	0.0184027472043673
SRR10070141	Groundwater	Bacteria	Patescibacteriota	Minisyncoccia	UBA6257	Colwellbacteraceae	2-12-FULL-43-11	0.000419639110365086
SRR10102392	Soil	Bacteria	Pseudomonadota	Gammaproteobacteria	Steroidobacterales	Steroidobacteraceae	CADEED01	0.007245716368939119
SRR10102393	Soil	Bacteria	Actinomycetota	Actinomycetes	Actinomycetales	Micrococcaceae	Arthrobacter	0.0059660019614253
SRR10070150	Sediment	Bacteria	Pseudomonadota	Gammaproteobacteria	Burkholderiales	JAEUMW01	JAEUMW01	0.000666840625090603
SRR10070150	Sediment	Bacteria	Pseudomonadota	Gammaproteobacteria	Steroidobacterales	Steroidobacteraceae	DATBVX01	0.000840799049027282
SRR10070134	Riverwater	Bacteria	Methylomirabilota	Methylomirabilia	Methylomirabilales	2-02-FULL-66-22	2-02-FULL-66-22	0.000184146236664743
SRR10102394	Soil	Bacteria	Planctomycetota	Planctomycetia	Pirellulales	Pirellulaceae	SXOA01	0.000578540594265031
SRR10070134	Riverwater	Bacteria	Actinomycetota	Actinomycetes	S36-B12	S36-B12	UBA10649	0.000147316989331795
SRR10070130	Riverwater	Bacteria	Bacteroidota	Bacteroidia	Chitinophagales	Chitinophagaceae	Sediminibacterium	0.000548003592467995
SRR10102394	Soil	Bacteria	Pseudomonadota	Gammaproteobacteria	Burkholderiales	SG8-41	Unclassified	0.000237349987390782
SRR10070149	Sediment	Bacteria	Pseudomonadota	Gammaproteobacteria	Burkholderiales	Burkholderiaceae_F	JADJWR01	0.000373994888736521
SRR10102393	Soil	Bacteria	Pseudomonadota	Gammaproteobacteria	Xanthomonadales	Xanthomonadaceae	Noviluteimonas	0.0019205622752533499
SRR10070150	Sediment	Bacteria	JAUVQV01	JAUVQV01	JAUVQV01	DATDCY01	DATDCY01	0.001348177785509263
SRR10070151	Sediment	Bacteria	Desulfobacterota	BSN033	BSN033	UBA1163	CAWEAV01	0.000262820723414041
SRR10102392	Soil	Bacteria	Actinomycetota	Thermoleophilia	Solirubrobacterales	JBBDJG01	JBBQNR01	0.000668367966946166
SRR10070149	Sediment	Bacteria	Planctomycetota	Planctomycetia	Pirellulales	Thermoguttaceae	Unclassified	0.000358411768372499
SRR10070130	Riverwater	Bacteria	Bacteroidota	Bacteroidia	Sphingobacteriales	Sphingobacteriaceae	Daejeonella	0.000197890186168998
SRR10102394	Soil	Bacteria	Myxococcota_A	Polyangia	Polyangiales	Polyangiaceae	CAWHDJ01	0.000712049962172346
SRR10070149	Sediment	Bacteria	Planctomycetota	Unclassified	Unclassified	Unclassified	Unclassified	0.0023842174156953203
SRR10070131	Riverwater	Bacteria	Cyanobacteriota	Vampirovibrionia	Obscuribacterales	Obscuribacteraceae	Obscuribacter	0.00355140735522879
SRR10070132	Groundwater	Bacteria	Nitrospirota	Nitrospiria	Nitrospirales	Nitrospiraceae	Palsa-1315	0.00106600716356814
SRR10070150	Sediment	Bacteria	Desulfobacterota	Syntrophia	Syntrophales	UBA2192	UBA2192	0.00194253573395958
SRR10070151	Sediment	Bacteria	Actinomycetota	Acidimicrobiia	Spongiisociales	ZC4RG35	JANQRA01	0.000673478103748481
SRR10102394	Soil	Bacteria	Actinomycetota	Thermoleophilia	Solirubrobacterales	Unclassified	Unclassified	0.000237349987390782
SRR10070130	Riverwater	Bacteria	Actinomycetota	Acidimicrobiia	Acidimicrobiales	Iamiaceae	Aquihabitans	0.000350113406298997
SRR10102392	Soil	Bacteria	Bacteroidota	Bacteroidia	Chitinophagales	Chitinophagaceae	Flavitalea	0.000926601045084457
SRR10102393	Soil	Bacteria	Actinomycetota	UBA4738	UBA4738	HRBIN12	CAVSJR01	0.0006265664160401
SRR10070131	Riverwater	Bacteria	Pseudomonadota	Gammaproteobacteria	Burkholderiales	Burkholderiaceae_C	Unclassified	0.04910334301898974
SRR10070151	Sediment	Bacteria	Desulfobacterota	JAZDOA01	JAZDOA01	JAZDOA01	JAZDOA01	0.000279247018627419
SRR10070149	Sediment	Bacteria	Acidobacteriota	Vicinamibacteria	Vicinamibacterales	SCN-69-37	DASUGC01	0.000810322258929128
SRR10070151	Sediment	Bacteria	Bacteroidota	Ignavibacteria	UBA10030	SZUA-254	JACOSY01	0.000262820723414041
SRR10102392	Soil	Bacteria	Pseudomonadota	Alphaproteobacteria	Rhizobiales	Xanthobacteraceae	Tardiphaga	0.000364564345607
SRR10070150	Sediment	Bacteria	Actinomycetota	UBA4738	UBA4738	HRBIN12	CALGFI01	0.000304427241889188
SRR10070131	Riverwater	Bacteria	Planctomycetota	UBA1135	UBA1135	UBA2386	UBA2386	0.000528308532182795
SRR10070149	Sediment	Bacteria	Myxococcota_A	UBA9160	UBA9160	SMWR01	DATBRV01	0.00225955245278315
SRR10070150	Sediment	Bacteria	Acidobacteriota	Vicinamibacteria	Vicinamibacterales	CAVVIG01	Unclassified	0.002145487228552377
SRR10070131	Riverwater	Bacteria	Bdellovibrionota_C	UBA2361	SZUA-149	Unclassified	Unclassified	0.0000440257110152329
SRR10102392	Soil	Bacteria	Acidobacteriota	Thermoanaerobaculia	UBA5066	Gp7-AA6	DAHUXD01	0.00159496901203062
SRR10102392	Soil	Bacteria	Pseudomonadota	Alphaproteobacteria	Rhizobiales	Beijerinckiaceae	JAJKJG01	0.000334183983473083
SRR10070131	Riverwater	Bacteria	Bacillota	Negativicutes	Acidaminococcales	Succinispiraceae	Succinispira	0.000205453318071087
SRR10070149	Sediment	Bacteria	Campylobacterota	Campylobacteria	Campylobacterales	Sulfurimonadaceae	Sulfuricurvum	0.000607741694196846
SRR10070131	Riverwater	Bacteria	Acidobacteriota	Vicinamibacteria	Vicinamibacterales	JAMQPK01	JAMQPK01	0.000132077133045699
SRR10070149	Sediment	Bacteria	Bacteroidota	Ignavibacteria	UBA10030	UBA10030	Fen-1298	0.00018699744436826
SRR10070150	Sediment	Bacteria	Bacteroidota	Bacteroidia	Bacteroidales	JAGOPY01	JAGOPY01	0.00063784755443449
SRR10070132	Groundwater	Bacteria	Chloroflexota	Dehalococcoidia	DSTF01	JACRBR01	CAYJMJ01	0.00136448916936722
SRR10070151	Sediment	Bacteria	Desulfobacterota	Desulfuromonadia	Geobacterales	DSM-12255	Geomobilibacter	0.000525641446828082
SRR10102392	Soil	Bacteria	Pseudomonadota	Alphaproteobacteria	Dongiales	Dongiaceae	Dongia	0.000136711629602625
SRR10070134	Riverwater	Bacteria	Pseudomonadota	Gammaproteobacteria	Pseudomonadales	UBA7239	UBA7239	0.001424064230207348
SRR10070149	Sediment	Bacteria	Electryoneota	RPQS01	RPQS01	RPQS01	Unclassified	0.000342828648008477
SRR10070149	Sediment	Bacteria	Pseudomonadota	Gammaproteobacteria	Steroidobacterales	Woeseiaceae	Unclassified	0.00333478775790064
SRR10070151	Sediment	Bacteria	Chloroflexota	Limnocylindria	Limnocylindrales	CSP1-4	CAIXZV01	0.000837741055882256
SRR10070151	Sediment	Bacteria	Myxococcota_A	Polyangia	Polyangiales	Polyangiaceae	JAJZQG01	0.000344952199480929
SRR10102393	Soil	Bacteria	Pseudomonadota	Alphaproteobacteria	Rhodobacterales	Rhodobacteraceae	Cypionkella	0.0002451781627983
SRR10070149	Sediment	Bacteria	Nitrospirota	UBA9217	UBA9217	UBA9217	CAWBNQ01	0.000327245527644456
SRR10070151	Sediment	Bacteria	Chloroflexota	Anaerolineae	Anaerolineales	E44-bin32	PFL42	0.000180689247347153
SRR10070134	Riverwater	Bacteria	Pseudomonadota	Gammaproteobacteria	Acidiferrobacterales	Unclassified	Unclassified	0.000196422652442393
SRR10102392	Soil	Bacteria	Acidobacteriota	Vicinamibacteria	Vicinamibacterales	CAVVIG01	CAVQFC01	0.000744318872280958
SRR10102393	Soil	Bacteria	Bacillota	Bacilli	Bacillales	DSM-1321	Peribacillus	0.007368965892993349
SRR10102393	Soil	Bacteria	Acidobacteriota	Vicinamibacteria	Vicinamibacterales	CAVVIG01	Unclassified	0.009807126511932
SRR10070130	Riverwater	Bacteria	Patescibacteriota	Saccharimonadia	Saccharimonadales	Unclassified	Unclassified	0.001644010777403988
SRR10102393	Soil	Bacteria	Desulfobacterota	Desulfuromonadia	Desulfuromonadales	UBA2197	UBA2197	0.00104881769641495
SRR10070151	Sediment	Archaea	Thermoproteota	Nitrososphaeria	Nitrososphaerales	Nitrososphaeraceae	Nitrosocosmicus	0.000344952199480929
SRR10070134	Riverwater	Bacteria	Actinomycetota	Aquicultoria	Subteraquimicrobiales	UBA9087	UBA9087	0.000380568889107136
SRR10070151	Sediment	Bacteria	Acidobacteriota	Terriglobia	20CM-2-55-15	20CM-2-55-15	DASTBJ01	0.000229968132987286
SRR10070132	Groundwater	Bacteria	Myxococcota	Myxococcia	Myxococcales	Myxococcaceae	Archangium_A	0.000341122292341805
SRR10070130	Riverwater	Bacteria	Pseudomonadota	Alphaproteobacteria	Rhizobiales	Rhizobiaceae	Unclassified	0.000487114304415996
SRR10070151	Sediment	Bacteria	Bacillota	Bacilli	Unclassified	Unclassified	Unclassified	0.000246394428200664
SRR10102392	Soil	Bacteria	Chloroflexota	Chloroflexia	Thermomicrobiales	UBA6265	JACCXM01	0.000941791226151415
SRR10070134	Riverwater	Bacteria	Pseudomonadota	Gammaproteobacteria	Xanthomonadales	Xanthomonadaceae	Arenimonas	0.004235363443289098
SRR10070134	Riverwater	Bacteria	Bacteroidota	Bacteroidia	Flavobacteriales_D	Crocinitomicaceae	UBA952	0.000638373620437777
SRR10070151	Sediment	Bacteria	Eisenbacteria	RBG-16-71-46	CAIMUX01	VGJL01	VGJL01	0.001971155425605309
SRR10102394	Soil	Bacteria	Actinomycetota	Acidimicrobiia	Acidimicrobiales	Iamiaceae	Aquihabitans	0.000163178116331163
SRR10070149	Sediment	Bacteria	Planctomycetota	UBA1135	UBA1135	GCA-002686595	JABFRZ01	0.000638907934924889
SRR10102394	Soil	Bacteria	Pseudomonadota	Alphaproteobacteria	Rhizobiales	Devosiaceae	Devosia_A	0.000830724955867737
SRR10070130	Riverwater	Bacteria	Pseudomonadota	Gammaproteobacteria	Acidiferrobacterales	Unclassified	Unclassified	0.000167445542142998
SRR10070149	Sediment	Bacteria	Actinomycetota	Actinomycetes	Actinomycetales	Microbacteriaceae	Cryobacterium	0.000420744249828586
SRR10102394	Soil	Bacteria	Pseudomonadota	Alphaproteobacteria	Rhodospirillales	Defluviicoccaceae	Defluviicoccus	0.000356024981086173
SRR10102394	Soil	Bacteria	Chloroflexota	Limnocylindria	QHBO01	QHBO01	DASSCW01	0.000534037471629259
SRR10102394	Soil	Bacteria	Actinomycetota	Actinomycetes	Mycobacteriales	Geodermatophilaceae	Unclassified	0.000370859355298097
SRR10102393	Soil	Bacteria	Chloroflexota	UBA6077	UBA6077	CF-72	CF-72	0.00042225128037485
SRR10070149	Sediment	Bacteria	Acidobacteriota	Terriglobia	UBA7540	UBA7540	Unclassified	0.0006544910552889109
SRR10070149	Sediment	Bacteria	Pseudomonadota	Gammaproteobacteria	Xanthomonadales	SZUA-36	CALKKN01	0.00140248083276195
SRR10070149	Sediment	Bacteria	Chloroflexota	Anaerolineae	UBA4142	SHND01	SHND01	0.000342828648008477
SRR10070150	Sediment	Bacteria	Chloroflexota	Anaerolineae	Aggregatilineales	Unclassified	Unclassified	0.00059435794845032
SRR10070150	Sediment	Bacteria	Zixibacteria	MSB-5A5	GN15	FEB-12	JAGGTI01	0.00102925400829202
SRR10102394	Soil	Bacteria	Bacillota	Bacilli	Paenibacillales	NBRC-103111	Paenibacillus_AC	0.000178012490543086
SRR10070150	Sediment	Bacteria	Nitrospirota	UBA9217	UBA9217	UBA9217	JALNZF01	0.00150763967411789
SRR10070141	Groundwater	Bacteria	Pseudomonadota	Alphaproteobacteria	Rhizobiales	Devosiaceae	Devosia_A	0.00066648564587396
SRR10070151	Sediment	Bacteria	Pseudomonadota	Alphaproteobacteria	Rhizobiales	Rhodomicrobiaceae	Rhodomicrobium	0.00170833470219127
SRR10102393	Soil	Bacteria	Actinomycetota	UBA4738	UBA4738	HRBIN12	JAJNBA01	0.00047673531655225
SRR10070149	Sediment	Bacteria	Chloroflexota	Chloroflexia	QHBQ01	JADMIH01	JADMIH01	0.0000934987221841302
SRR10102392	Soil	Bacteria	Planctomycetota	Planctomycetia	Pirellulales	JAICIG01	JAICLL01	0.000318993802406125
SRR10070134	Riverwater	Bacteria	Pseudomonadota	Alphaproteobacteria	WRAU01	Hepatincolaceae	Hepatincola	0.000184146236664743
SRR10070131	Riverwater	Bacteria	Patescibacteriota	Minisyncoccia	Phycocordibacterales	PALSA-1337	CAIOGI01	0.000587009480203105
SRR10070151	Sediment	Bacteria	Acidobacteriota	Terriglobia	Versatilivoradales	Versatilivoraceae	VFZK01	0.00129767732185683
SRR10102393	Soil	Bacteria	Pseudomonadota	Gammaproteobacteria	Xanthomonadales	Xanthomonadaceae	Thermomonas	0.00058570338890705
SRR10070150	Sediment	Bacteria	Acidobacteriota	UBA4820	UBA4820	DSQY01	JBFLVU01	0.000173958423936679
SRR10070150	Sediment	Bacteria	Gemmatimonadota	Gemmatimonadetes	Gemmatimonadales	GWC2-71-9	Unclassified	0.0016526050273984521
SRR10070150	Sediment	Bacteria	Myxococcota_A	UBA9160	UBA9160	UBA6930	CAVXZE01	0.001725087704038731
SRR10070134	Riverwater	Bacteria	Patescibacteriota	Saccharimonadia	Saccharimonadales	UBA7683	JACKGS01	0.00580674466282824
SRR10070150	Sediment	Bacteria	Pseudomonadota	Gammaproteobacteria	Xanthomonadales	Xanthomonadaceae	Unclassified	0.0011017366849323
SRR10102394	Soil	Bacteria	Actinomycetota	Acidimicrobiia	Acidimicrobiales	Ilumatobacteraceae	DASXAI01	0.000341190606874249
SRR10070149	Sediment	Bacteria	Methylomirabilota	Methylomirabilia	Rokubacteriales	CSP1-6	CAVWFS01	0.000483076731284672
SRR10070130	Riverwater	Bacteria	Chloroflexota	Dehalococcoidia	Lucifugimonadales	UBA1123	VXRN01	0.000761116100649993
SRR10070131	Riverwater	Bacteria	Pseudomonadota	Alphaproteobacteria	Sphingomonadales	Sphingomonadaceae	Alteraurantiacibacter	0.000176102844060932
SRR10070150	Sediment	Bacteria	Pseudomonadota	Gammaproteobacteria	Burkholderiales	Burkholderiaceae_C	Unclassified	0.0044214432750572605
SRR10070151	Sediment	Bacteria	Bacteroidota	Bacteroidia	Bacteroidales	VadinHA17	LD21	0.018955944676237714
SRR10070149	Sediment	Bacteria	Chloroflexota	Dehalococcoidia	Tepidiformales	Tepidiformaceae	PNKC01	0.000264913046188369
SRR10102394	Soil	Bacteria	Bacteroidota	Bacteroidia	Chitinophagales	UBA10324	DASRAJ01	0.000178012490543086
SRR10102392	Soil	Bacteria	Myxococcota_A	Polyangia	Fen-1088	Fen-1088	Unclassified	0.000151901810669583
SRR10070150	Sediment	Bacteria	Chloroflexota	Anaerolineae	Anaerolineales	UBA4823	JAAYXE01	0.00072482676640283
SRR10070149	Sediment	Bacteria	Bacteroidota	Ignavibacteria	Tepidaquicellales	OLB5	CAVUOA01	0.001293398990213801
SRR10070149	Sediment	Bacteria	Pseudomonadota	Gammaproteobacteria	Burkholderiales	Usitatibacteraceae	FEB-7	0.00028049616655239
SRR10070133	Groundwater	Bacteria	Pseudomonadota	Alphaproteobacteria	Rickettsiales	CANDYO01	CANDYO01	0.000639538342554584
SRR10070131	Riverwater	Bacteria	Desulfobacterota	Desulfobaccia	Desulfobaccales	0-14-0-80-60-11	0-14-0-80-60-11	0.000161427607055854
SRR10070149	Sediment	Bacteria	Pseudomonadota	Alphaproteobacteria	Dongiales	Dongiaceae	JBGPEQ01	0.000202580564732282
SRR10070150	Sediment	Bacteria	Pseudomonadota	Gammaproteobacteria	Pseudomonadales	Pseudomonadaceae	Geopseudomonas	0.000623351019106434
SRR10102393	Soil	Bacteria	Acidobacteriota	Terriglobia	Bryobacterales	Bryobacteraceae	Ga0077553	0.00020431513566525
SRR10070150	Sediment	Bacteria	Actinomycetota	Acidimicrobiia	Acidimicrobiales	Ilumatobacteraceae	Sva-07	0.0000869792119683396
SRR10070150	Sediment	Bacteria	Chloroflexota	Anaerolineae	JAAYZQ01	JAAYZQ01	Unclassified	0.000217448029920849
SRR10070141	Groundwater	Bacteria	Patescibacteriota	Gracilibacteria	Peribacterales	Peribacteraceae	Unclassified	0.000246846535508874
SRR10070141	Groundwater	Bacteria	Pseudomonadota	Alphaproteobacteria	UBA9655	UBA9655	UBA9655	0.000419639110365086
SRR10102393	Soil	Bacteria	Pseudomonadota	Alphaproteobacteria	Rhizobiales	Labraceae	Labrys	0.0002451781627983
SRR10070151	Sediment	Bacteria	Pseudomonadota	Gammaproteobacteria	Pseudomonadales	UBA5518	UBA5518	0.000509215151614705
SRR10070131	Riverwater	Bacteria	Actinomycetota	Actinomycetes	S36-B12	CAIYMF01	Prado023	0.000117401896040621
SRR10102392	Soil	Bacteria	Verrucomicrobiota	Verrucomicrobiia	Limisphaerales	SIBE01	JAXMHN01	0.0017164904605662902
SRR10070151	Sediment	Bacteria	Planctomycetota	Phycisphaerae	Sedimentisphaerales	Anaerobacaceae	Unclassified	0.001445513978777226
SRR10102393	Soil	Bacteria	Pseudomonadota	Alphaproteobacteria	Caulobacterales	Caulobacteraceae	Brevundimonas	0.0001634521085322
SRR10070149	Sediment	Bacteria	Verrucomicrobiota	Verrucomicrobiia	Verrucomicrobiales	Akkermansiaceae	Luteolibacter	0.002181636850963041
SRR10070150	Sediment	Bacteria	Chloroflexota	Anaerolineae	Anaerolineales	RBG-16-64-43	RBG-16-64-43	0.00166710156272651
SRR10070150	Sediment	Bacteria	Acidobacteriota	Vicinamibacteria	Vicinamibacterales	SCN-69-37	Unclassified	0.002391928329129339
SRR10070151	Sediment	Bacteria	Chloroflexota	Limnocylindria	Limnocylindrales	CSP1-4	CTSoil-043	0.000525641446828082
SRR10070130	Riverwater	Bacteria	Bdellovibrionota	UBA1018	CAIPTA01	CAIPTA01	JAKFYM01	0.000304446440259997
SRR10070149	Sediment	Bacteria	Acidobacteriota	Vicinamibacteria	Vicinamibacterales	Fen-181	JARKSS01	0.001994639406594773
SRR10070150	Sediment	Bacteria	Pseudomonadota	Gammaproteobacteria	Burkholderiales	Usitatibacteraceae	FEB-7	0.000347916847873358
SRR10102392	Soil	Bacteria	Actinomycetota	Thermoleophilia	Gaiellales	Gaiellaceae	Gaiellasilicea	0.001640539555231502
SRR10070131	Riverwater	Bacteria	Pseudomonadota	Gammaproteobacteria	Pseudomonadales	Pseudomonadaceae	Unclassified	0.000220128555076164
SRR10070133	Groundwater	Bacteria	Actinomycetota	Actinomycetes	Propionibacteriales	Propionibacteriaceae	Cutibacterium	0.000535427449580582
SRR10070151	Sediment	Bacteria	Bacillota	Bacilli	Bacillales	Cytobacillaceae	Bacillus_BD	0.000919872531949144
SRR10070150	Sediment	Archaea	Halobacteriota	Methanosarcinia	Methanotrichales	Methanotrichaceae	Unclassified	0.000405902989185585
SRR10102393	Soil	Bacteria	Acidobacteriota	Terriglobia	Bryobacterales	Bryobacteraceae	Unclassified	0.00121226980494715
SRR10070151	Sediment	Bacteria	Desulfobacterota	Deferrimicrobia	Deferrimicrobiales	Deferrimicrobiaceae	Deferrimicrobium	0.03147278162883148
SRR10102392	Soil	Bacteria	Pseudomonadota	Gammaproteobacteria	Steroidobacterales	GCA-2729495	QUBU01	0.000167091991736542
SRR10070130	Riverwater	Bacteria	Pseudomonadota	Alphaproteobacteria	Sphingomonadales	Sphingomonadaceae	Novosphingobium	0.001476565235260988
SRR10102393	Soil	Bacteria	Actinomycetota	Thermoleophilia	Solirubrobacterales	70-9	DASUPK01	0.0019886673204751
SRR10070131	Riverwater	Bacteria	Bdellovibrionota_G	JALEGL01	JALEGL01	JAGRMV01	JAWKOB01	0.000234803792081242
SRR10070133	Groundwater	Bacteria	Patescibacteriota	Minisyncoccia	Phycocordibacterales	Zambryskibacteraceae	UBA5004	0.000877506097923731
SRR10070150	Sediment	Bacteria	Chloroflexota	Anaerolineae	Aggregatilineales	Aggregatilineaceae	Unclassified	0.001130729755588414
SRR10102393	Soil	Bacteria	Verrucomicrobiota	Verrucomicrobiia	Limisphaerales	SIBE01	JAXMHN01	0.00121226980494715
SRR10070132	Groundwater	Bacteria	Pseudomonadota	Alphaproteobacteria	Rickettsiales	Unclassified	Unclassified	0.000255841719256353
SRR10070131	Riverwater	Bacteria	Pseudomonadota	Alphaproteobacteria	Dongiales	Dongiaceae	DATKFM01	0.0000587009480203105
SRR10070134	Riverwater	Bacteria	Actinomycetota	Acidimicrobiia	Acidimicrobiales	Iamiaceae	Aquihabitans	0.000319186810218889
SRR10070130	Riverwater	Bacteria	Pseudomonadota	Gammaproteobacteria	Xanthomonadales	Ahniellaceae	JADKHK01	0.000852450032727993
SRR10102392	Soil	Bacteria	Chloroflexota	Limnocylindria	Limnocylindrales	CSP1-4	JALYGJ01	0.001184834123222748
SRR10102393	Soil	Bacteria	Planctomycetota	Planctomycetia	Gemmatales	Gemmataceae	Gemmata	0.00123951182303585
SRR10070134	Riverwater	Bacteria	Acidobacteriota	Polarisedimenticolia	Gp22-AA2	Gp22-AA2	Gp22-AA3	0.0000982113262211965
SRR10070131	Riverwater	Bacteria	Acidobacteriota	Thermoanaerobaculia	Multivoradales	JAGPDF01	JAGPDF01	0.000205453318071087
SRR10070132	Groundwater	Bacteria	Verrucomicrobiota	Verrucomicrobiia	Chthoniobacterales	Terrimicrobiaceae	QYQL01	0.000724884871226335
SRR10102394	Soil	Bacteria	Pseudomonadota	Gammaproteobacteria	JACCYU01	JACCYU01	JACCYU01	0.000430196852145792
SRR10070131	Riverwater	Bacteria	Eisenbacteria	RBG-16-71-46	SZUA-252	SZUA-252	WS-9	0.0000440257110152329
SRR10070149	Sediment	Bacteria	Chloroflexota	Anaerolineae	Unclassified	Unclassified	Unclassified	0.000654491055288911
SRR10070132	Groundwater	Archaea	Nanobdellota	Nanobdellia	Pacearchaeales	GW2011-AR1	Unclassified	0.00208937404059355
SRR10070150	Sediment	Bacteria	Acidobacteriota	Aminicenantia	Aminicenantales	UBA8522	CAVSCD01	0.000536371807138094
SRR10102392	Soil	Bacteria	Bacteroidota	Bacteroidia	AKYH767-A	2013-40CM-41-45	JAPLDB01	0.000364564345607
SRR10070151	Sediment	Bacteria	Pseudomonadota	Gammaproteobacteria	Burkholderiales	Rhodocyclaceae	Unclassified	0.0033673905187424002
SRR10070130	Riverwater	Bacteria	Acidobacteriota	Terriglobia	Terriglobales	Acidobacteriaceae	Unclassified	0.000243557152207998
SRR10070150	Sediment	Bacteria	Acidobacteriota	Aminicenantia	UBA2199	UBA2199	JAKAGC01	0.00072482676640283
SRR10070130	Riverwater	Bacteria	Chloroflexota	Limnocylindria	Limnocylindrales	CSP1-4	SPCO01	0.000350113406298997
SRR10070151	Sediment	Bacteria	Actinomycetota	Actinomycetes	Streptomycetales	Streptomycetaceae	Streptomyces	0.000180689247347153
SRR10070131	Riverwater	Bacteria	Pseudomonadota	Gammaproteobacteria	Burkholderiales	Rhodocyclaceae	Sulfuritalea	0.002538816001878427
SRR10070150	Sediment	Bacteria	Bacteroidota	Bacteroidia	Chitinophagales	CAIOSU01	BPHB01	0.000217448029920849
SRR10070150	Sediment	Bacteria	Pseudomonadota	Gammaproteobacteria	Legionellales	Legionellaceae	Unclassified	0.000521875271810037
SRR10070150	Sediment	Bacteria	Chloroflexota	Anaerolineae	4572-78	J111	DSQQ01	0.002696355571018525
SRR10070151	Sediment	Bacteria	Armatimonadota	UBA5829	DTJY01	DTJY01	Unclassified	0.000229968132987286
SRR10070149	Sediment	Bacteria	Actinomycetota	UBA4738	UBA4738	HRBIN12	DASSJM01	0.003864613850277379
SRR10070131	Riverwater	Bacteria	Pseudomonadota	Gammaproteobacteria	Pseudomonadales	Cellvibrionaceae	Pseudomaricurvus	0.000205453318071087
SRR10102394	Soil	Bacteria	Gemmatimonadota	Gemmatimonadetes	Gemmatimonadales	Gemmatimonadaceae	UBA4720	0.003545415436649804
SRR10070150	Sediment	Bacteria	Pseudomonadota	Gammaproteobacteria	Burkholderiales	SG8-41	PALSA-1004	0.000289930706561132
SRR10102393	Soil	Bacteria	Pseudomonadota	Alphaproteobacteria	Reyranellales	Reyranellaceae	Reyranella	0.00115778576876975
SRR10070141	Groundwater	Bacteria	Planctomycetota	Planctomycetia	Planctomycetales	Planctomycetaceae	Planctellipticum	0.000271531189059762
SRR10070134	Riverwater	Bacteria	Pseudomonadota	Gammaproteobacteria	Burkholderiales	UBA11063	Aquella	0.000147316989331795
SRR10102392	Soil	Bacteria	Myxococcota_A	Polyangia	Nannocystales	Nannocystaceae	Plesiocystis	0.000167091991736542
SRR10102394	Soil	Bacteria	Pseudomonadota	Gammaproteobacteria	Burkholderiales	SHXO01	SHXO01	0.000222515613178858
SRR10070150	Sediment	Bacteria	Bacteroidota	Ignavibacteria	UBA10030	UBA6906	Fen-1255	0.000521875271810037
SRR10070150	Sediment	Bacteria	Planctomycetota	B15-G4	B15-G4	B15-G4	BQJR01	0.000202951494592792
SRR10070131	Riverwater	Bacteria	Verrucomicrobiota	Verrucomicrobiia	Verrucomicrobiales	Verrucomicrobiaceae	Prosthecobacter	0.001893105573655014
SRR10102392	Soil	Bacteria	Armatimonadota	Armatimonadia	Armatimonadales	Armatimonadaceae	CAIVZM01	0.000318993802406125
SRR10070134	Riverwater	Bacteria	Pseudomonadota	Alphaproteobacteria	Micavibrionales	Micavibrionaceae	UBA7657	0.000515609462661281
SRR10102392	Soil	Bacteria	Bacillota	UBA4882	UBA10575	UBA10575	Capillibacterium	0.000440515250941791
SRR10070149	Sediment	Bacteria	Acidobacteriota	Vicinamibacteria	Marinacidobacterales	DATDRI01	CBDCNP01	0.000155831203640217
SRR10070151	Sediment	Bacteria	Acidobacteriota	Vicinamibacteria	Vicinamibacterales	CAVPJW01	Unclassified	0.000657051808535103
SRR10070141	Groundwater	Bacteria	Gemmatimonadota	Gemmatimonadetes	Gemmatimonadales	Gemmatimonadaceae	Fen-1231	0.00103675544913727
SRR10070150	Sediment	Bacteria	Acidobacteriota	Vicinamibacteria	Vicinamibacterales	UBA2999	DASYRM01	0.000289930706561132
SRR10070150	Sediment	Bacteria	Desulfobacterota	Binatia	UBA9968	UBA9968	DATACQ01	0.000710330231074773
SRR10070149	Sediment	Bacteria	Planctomycetota	Brocadiia	CAIUPP01	CAIUPP01	Unclassified	0.000218163685096304
SRR10070131	Riverwater	Bacteria	Patescibacteriota	Saccharimonadia	CAILAD01	BJGX01	JAHFOQ01	0.0000880514220304658
SRR10102393	Soil	Bacteria	Bacteroidota	Bacteroidia	AKYH767-A	2013-40CM-41-45	JAPLDB01	0.0002451781627983
SRR10102393	Soil	Bacteria	Planctomycetota	Planctomycetia	Isosphaerales	Isosphaeraceae	Singulisphaera	0.0004903563255966
SRR10070149	Sediment	Bacteria	Pseudomonadota	Gammaproteobacteria	Burkholderiales	Casimicrobiaceae	VBCG01	0.0019167238047746679
SRR10070130	Riverwater	Bacteria	Fibrobacterota	Fibrobacteria	UBA5070	UBA5070	UBA5070	0.00292268582649597
SRR10070141	Groundwater	Bacteria	Planctomycetota	Planctomycetia	Pirellulales	Lacipirellulaceae	Lacipirellula	0.000271531189059762
SRR10102393	Soil	Bacteria	Pseudomonadota	Gammaproteobacteria	Burkholderiales	Burkholderiaceae_C	Unclassified	0.0077912171733682
SRR10102394	Soil	Bacteria	Planctomycetota	Planctomycetia	Gemmatales	Gemmataceae	Gemmata	0.0016466155375235501
SRR10102394	Soil	Bacteria	Bacteroidota	Bacteroidia	Sphingobacteriales	Sphingobacteriaceae	Daejeonella	0.000979068697986975
SRR10102393	Soil	Bacteria	Actinomycetota	Acidimicrobiia	Acidimicrobiales	Ilumatobacteraceae	Sva-07	0.00099433366023755
SRR10070149	Sediment	Archaea	Thermoproteota	Bathyarchaeia	TCS64	TCS64	UBA8941	0.0006233248145608679
SRR10102394	Soil	Bacteria	Acidobacteriota	Thermoanaerobaculia	Gp7-AA8	Gp7-AA8	JADGNZ01	0.000326356232662325
SRR10070131	Riverwater	Bacteria	Omnitrophota	Omnitrophia	Omnitrophales	Aquincolibacteriaceae	JAUYMS01	0.000381556162132018
SRR10102394	Soil	Bacteria	Acidobacteriota	Terriglobia	Versatilivoradales	Versatilivoraceae	VFZK01	0.00123125305958968
SRR10070149	Sediment	Bacteria	Myxococcota_A	Unclassified	Unclassified	Unclassified	Unclassified	0.000140248083276195
SRR10070130	Riverwater	Bacteria	Pseudomonadota	Gammaproteobacteria	Burkholderiales	SG8-39	SCGC-AG-212-J23	0.000121778576103999
SRR10070151	Sediment	Bacteria	Unclassified	Unclassified	Unclassified	Unclassified	Unclassified	0.052531292092381526
SRR10070132	Groundwater	Bacteria	Bacteroidota	Bacteroidia	Sphingobacteriales	Sphingobacteriaceae	Pedobacter	0.000895446017397237
SRR10070131	Riverwater	Bacteria	Pseudomonadota	Alphaproteobacteria	UBA9655	UBA9655	UBA9655	0.0020985588917260987
SRR10070151	Sediment	Bacteria	Eisenbacteria	RBG-16-71-46	SZUA-252	SZUA-252	DASQJL01	0.0015112191596307369
SRR10102393	Soil	Bacteria	Planctomycetota	Planctomycetia	Pirellulales	Lacipirellulaceae	JABDGM01	0.0019886673204751
SRR10070149	Sediment	Bacteria	Chloroflexota	Anaerolineae	Anaerolineales	UBA4823	CAWBUW01	0.000576575453468803
SRR10070151	Sediment	Bacteria	Desulfobacterota	Desulfuromonadia	Geobacterales	Geobacteraceae	Geotalea	0.000509215151614705
SRR10102393	Soil	Bacteria	Pseudomonadota	Gammaproteobacteria	Burkholderiales	Casimicrobiaceae	CAIWHR01	0.0037593984962406
SRR10102394	Soil	Bacteria	Chloroflexota	Chloroflexia	Thermomicrobiales	Unclassified	Unclassified	0.00103840619483467
SRR10102393	Soil	Bacteria	Actinomycetota	UBA4738	UBA4738	HRBIN12	AC-51	0.00061294540699575
SRR10070131	Riverwater	Bacteria	Pseudomonadota	Alphaproteobacteria	Micavibrionales	Micavibrionaceae	UBA7657	0.000381556162132018
SRR10070150	Sediment	Bacteria	Pseudomonadota	Gammaproteobacteria	Burkholderiales	Gallionellaceae	Sideroxyarcus	0.006276999797048503
SRR10070149	Sediment	Bacteria	Eisenbacteria	RBG-16-71-46	RBG-16-71-46	DASYSL01	CAYLSO01	0.00028049616655239
SRR10070149	Sediment	Bacteria	Bacillota	Clostridia	Clostridiales	Clostridiaceae	Clostridium_AD	0.00091940410147728
SRR10070130	Riverwater	Bacteria	Bacteroidota	Bacteroidia	AKYH767-A	OLB10	JAJTFW01	0.000274001796233998
SRR10102393	Soil	Bacteria	Desulfobacterota	Desulfuromonadia	Geobacterales	Pseudopelobacteraceae	JACRCG01	0.00023155715375395
SRR10070151	Sediment	Bacteria	Acidobacteriota	Polarisedimenticolia	Polarisedimenticolales	DASRJG01	DASRJG01	0.001642629521337753
SRR10070134	Riverwater	Bacteria	Chloroflexota	Anaerolineae	Caldilineales	Caldilineaceae	Fredericiella	0.000122764157776496
SRR10070130	Riverwater	Bacteria	Pseudomonadota	Gammaproteobacteria	Burkholderiales	Rhodocyclaceae	Proximibacter	0.00394258140136697
SRR10102394	Soil	Bacteria	Actinomycetota	Thermoleophilia	Solirubrobacterales	Solirubrobacteraceae	DATFQI01	0.0019878061443978
SRR10070130	Riverwater	Bacteria	Patescibacteriota	Saccharimonadia	Saccharimonadales	HK-STAS-PATE-42	DAISWL01	0.00118734111701399
SRR10070149	Sediment	Bacteria	Acidobacteriota	HRBIN11	JAKEFK01	JAKEFK01	CAVZQN01	0.000389578009100542
SRR10070134	Riverwater	Bacteria	Pseudomonadota	Alphaproteobacteria	Rhizobiales	Xanthobacteraceae	Bradyrhizobium	0.00027008114710829
SRR10070131	Riverwater	Bacteria	Planctomycetota	Brocadiia	Brocadiales	Brocadiaceae	Brocadia	0.000117401896040621
SRR10070151	Sediment	Bacteria	Chloroflexota	Anaerolineae	Aggregatilineales	Phototrophicaceae	CFX2	0.000197115542560531
SRR10070149	Sediment	Bacteria	Acidobacteriota	Thermoanaerobaculia	Gp7-AA8	Gp7-AA8	JACPDH01	0.00091940410147728
SRR10070151	Sediment	Bacteria	Krumholzibacteriota	Krumholzibacteriia	WVZY01	JAKEHA01	JAKEHA01	0.0023489602155129918
SRR10070151	Sediment	Bacteria	Desulfobacterota	Desulfuromonadia	Desulfuromonadales	Syntrophotaleaceae	Unclassified	0.00142908768356385
SRR10102392	Soil	Bacteria	Actinomycetota	Actinomycetes	Actinomycetales	Dermatophilaceae	Terrabacter	0.000349374164540041
SRR10070149	Sediment	Bacteria	Pseudomonadota	Alphaproteobacteria	Unclassified	Unclassified	Unclassified	0.002134887489870968
SRR10102393	Soil	Bacteria	Chloroflexota	UBA6077	UBA6077	JACCZL01	JADZEM01	0.0019341832842977
SRR10070132	Groundwater	Bacteria	Acidobacteriota	Vicinamibacteria	Vicinamibacterales	UBA2999	12-FULL-67-14b	0.000639604298140884
SRR10102392	Soil	Bacteria	Actinomycetota	Thermoleophilia	Solirubrobacterales	Unclassified	Unclassified	0.000227852716004375
SRR10070134	Riverwater	Bacteria	Pseudomonadota	Gammaproteobacteria	Burkholderiales	Burkholderiaceae_D	Janthinobacterium	0.000405121720662435
SRR10070130	Riverwater	Bacteria	Eisenbacteria	RBG-16-71-46	RBG-16-71-46	RBG-16-71-46	CAIXRL01	0.000593670558506995
SRR10070151	Sediment	Bacteria	Chloroflexota	Dehalococcoidia	Dehalococcoidales	Unclassified	Unclassified	0.001856171359111666
SRR10070131	Riverwater	Bacteria	Bacillota	Clostridia	Lachnospirales	Lachnospiraceae	Anaerostipes	0.000176102844060932
SRR10102393	Soil	Bacteria	Actinomycetota	Thermoleophilia	Solirubrobacterales	Unclassified	Unclassified	0.0001906941266209
SRR10070151	Sediment	Bacteria	Eisenbacteria	RBG-16-71-46	SZUA-252	SZUA-252	SZUA-252	0.000180689247347153
SRR10102392	Soil	Bacteria	Methylomirabilota	Methylomirabilia	Rokubacteriales	CSP1-6	AR5	0.000789889415481833
SRR10102394	Soil	Bacteria	Bacillota	Bacilli	Bacillales_A	Planococcaceae	Psychrobacillus	0.000356024981086173
SRR10070133	Groundwater	Bacteria	Cyanobacteriota	Cyanobacteriia	Cyanobacteriales	Xenococcaceae	LEGE-06147	0.0013683145933725978
SRR10070150	Sediment	Bacteria	Pseudomonadota	Alphaproteobacteria	Rhizobiales	Hyphomicrobiaceae	AWTP1-13	0.00063784755443449
SRR10070151	Sediment	Bacteria	Actinomycetota	Humimicrobiia	Humimicrobiales	Humimicrobiaceae	CAWKAO01	0.000279247018627419
SRR10070130	Riverwater	Bacteria	Pseudomonadota	Gammaproteobacteria	Burkholderiales	Burkholderiaceae_D	Undibacterium	0.00214634740383298
SRR10070151	Sediment	Bacteria	Pseudomonadota	Gammaproteobacteria	Burkholderiales	SG8-39	Unclassified	0.002907454252767833
SRR10070134	Riverwater	Bacteria	Pseudomonadota	Gammaproteobacteria	Burkholderiales	Rhodocyclaceae	Propionivibrio	0.003584713407073674
SRR10070149	Sediment	Bacteria	Desulfobacterota	Binatia	Bin18	Bin18	JABFSC01	0.000389578009100542
SRR10070150	Sediment	Bacteria	Bacteroidota	Bacteroidia	Bacteroidales	Unclassified	Unclassified	0.0005508683424661511
SRR10070150	Sediment	Bacteria	Chloroflexota	Anaerolineae	Anaerolineales	Anaerolineaceae	Anaerolinea	0.000144965353280566
SRR10070134	Riverwater	Bacteria	Acidobacteriota	Thermoanaerobaculia	UBA5066	UBA5066	UBA5066	0.000257804731330641
SRR10102394	Soil	Bacteria	Actinomycetota	UBA4738	UBA4738	HRBIN12	AC-51	0.00091973120113928
SRR10102394	Soil	Bacteria	Acidobacteriota	Vicinamibacteria	Fen-336	Fen-336	Unclassified	0.000430196852145792
SRR10070131	Riverwater	Bacteria	Pseudomonadota	Gammaproteobacteria	Pseudomonadales	Ketobacteraceae	HdN1	0.000513633295177717
SRR10070130	Riverwater	Bacteria	Patescibacteriota	Saccharimonadia	Saccharimonadales	SZUA-47	RFTN01	0.000517558948441995
SRR10070151	Sediment	Bacteria	Chloroflexota	Anaerolineae	Anaerolineales	Anaerolineaceae	Anaerolinea	0.000164262952133776
SRR10070150	Sediment	Bacteria	Pseudomonadota	Gammaproteobacteria	Steroidobacterales	GCA-2729495	QUBU01	0.000913281725667566
SRR10070150	Sediment	Bacteria	Pseudomonadota	Unclassified	Unclassified	Unclassified	Unclassified	0.001580122350758174
SRR10102394	Soil	Bacteria	Actinomycetota	Thermoleophilia	Solirubrobacterales	JACPNS01	JACPNS01	0.000207681238966934
SRR10070130	Riverwater	Bacteria	Pseudomonadota	Gammaproteobacteria	Burkholderiales	Burkholderiaceae_E	Quisquiliibacterium	0.000608892880519994
SRR10102392	Soil	Bacteria	Acidobacteriota	Blastocatellia	Pyrinomonadales	Pyrinomonadaceae	OLB17	0.024486571879936806
SRR10070151	Sediment	Bacteria	Desulfobacterota	Desulfuromonadia	Desulfuromonadales	Unclassified	Unclassified	0.000427083675547817
SRR10070150	Sediment	Bacteria	Verrucomicrobiota	Verrucomicrobiia	Chthoniobacterales	Terrimicrobiaceae	DASTFP01	0.007639674117885822
SRR10070149	Sediment	Bacteria	Pseudomonadota	Gammaproteobacteria	Burkholderiales	SG8-39	JAABQT01	0.004223025618649874
SRR10070131	Riverwater	Bacteria	Planctomycetota	JAJSAM01	JAJSAM01	JAKLKS01	CAZSIX01	0.000176102844060932
SRR10070130	Riverwater	Bacteria	Pseudomonadota	Gammaproteobacteria	Pseudomonadales	Unclassified	Unclassified	0.000882894676753992
SRR10102394	Soil	Bacteria	Actinomycetota	Acidimicrobiia	Acidimicrobiales	Ilumatobacteraceae	DASTFY01	0.000474699974781564
SRR10070150	Sediment	Bacteria	Acidobacteriota	Thermoanaerobaculia	UBA5066	UBA5066	Fen-183	0.000246441100576962
SRR10070151	Sediment	Bacteria	Desulfobacterota	Binatia	UBA1149	CAYXZP01	CAYXZP01	0.000459936265974572
SRR10070150	Sediment	Bacteria	Eisenbacteria	RBG-16-71-46	CAIMUX01	WJJG01	Unclassified	0.000289930706561132
SRR10070133	Groundwater	Bacteria	Pseudomonadota	Alphaproteobacteria	Sphingomonadales	Sphingomonadaceae	Sphingorhabdus_B	0.00095187102147659
SRR10070149	Sediment	Bacteria	Pseudomonadota	Alphaproteobacteria	Rhizobiales	Beijerinckiaceae	Alsobacter	0.0000779156018201085
SRR10070149	Sediment	Bacteria	Acidobacteriota	Terriglobia	Versatilivoradales	Versatilivoraceae	VFZK01	0.00130898211057782
SRR10070151	Sediment	Bacteria	Acidobacteriota	Terriglobia	Acidiferrales	2-02-FULL-67-57	Unclassified	0.00100200400801603
SRR10102394	Soil	Bacteria	Acidobacteriota	Terriglobia	20CM-2-55-15	20CM-2-55-15	Unclassified	0.00176529053121894
SRR10070149	Sediment	Bacteria	Pseudomonadota	Gammaproteobacteria	Burkholderiales	SG8-39	JAGVSZ01	0.00384903072991336
SRR10102392	Soil	Bacteria	Verrucomicrobiota	Verrucomicrobiia	Chthoniobacterales	UBA10450	AV80	0.002172195892575036
SRR10070131	Riverwater	Bacteria	Pseudomonadota	Alphaproteobacteria	Micropepsales	Micropepsaceae	SZUA-430	0.0000733761850253882
SRR10070134	Riverwater	Bacteria	Pseudomonadota	Alphaproteobacteria	Rhodobacterales	Rhodobacteraceae	Cypionkella	0.00122764157776496
SRR10070149	Sediment	Bacteria	Eisenbacteria	RBG-16-71-46	SZUA-252	SZUA-252	DASQJL01	0.001433647073489995
SRR10070149	Sediment	Bacteria	Myxococcota_A	UBA9160	UBA9160	SMWR01	JACZVU01	0.000202580564732282
SRR10070149	Sediment	Bacteria	Acidobacteriota	Vicinamibacteria	Vicinamibacterales	2-12-FULL-66-21	DATBJJ01	0.003272455276444553
SRR10102393	Soil	Bacteria	Pseudomonadota	Gammaproteobacteria	Burkholderiales	Burkholderiaceae_D	Noviherbaspirillum_A	0.0005993243979514
SRR10070130	Riverwater	Bacteria	Pseudomonadota	Gammaproteobacteria	Steroidobacterales	Steroidobacteraceae	ZC4RG30	0.000228334830194998
SRR10070134	Riverwater	Bacteria	Acidobacteriota	Vicinamibacteria	Vicinamibacterales	CAVVIG01	CAVVIG01	0.000810243441324871
SRR10070151	Sediment	Bacteria	Desulfobacterota	Syntrophobacteria	Syntrophobacterales	Syntrophobacteraceae	Unclassified	0.001560498045270867
SRR10102394	Soil	Bacteria	Acidobacteriota	Terriglobia	Terriglobales	Acidobacteriaceae	Edaphobacter	0.000237349987390782
SRR10102393	Soil	Bacteria	Chloroflexota	Chloroflexia	Thermomicrobiales	UBA6265	JAMLHN01	0.0004358722894192
SRR10070150	Sediment	Bacteria	Acidobacteriota	Thermoanaerobaculia	Multivoradales	Unclassified	Unclassified	0.000246441100576962
SRR10070141	Groundwater	Bacteria	Patescibacteriota	Saccharimonadia	Saccharimonadales	Saccharimonadaceae	UBA1547	0.00076522426007751
SRR10070131	Riverwater	Bacteria	Bacteroidota	Bacteroidia	Flavobacteriales	Weeksellaceae	Cloacibacterium	0.000675060902233571
SRR10070151	Sediment	Bacteria	Myxococcota_A	UBA9160	UBA9160	UBA6930	CAVXZE01	0.001724760997404642
SRR10102394	Soil	Bacteria	Pseudomonadota	Alphaproteobacteria	Rhizobiales	Beijerinckiaceae	JAJKJG01	0.000504368723205412
SRR10070131	Riverwater	Bacteria	JAUVQV01	JAUVQV01	JAUVQV01	DATDCY01	DATDCY01	0.000264154266091397
SRR10070150	Sediment	Bacteria	Chloroflexota	Chloroflexia	QHBQ01	JADMIH01	JADMIH01	0.000115972282624453
SRR10070150	Sediment	Bacteria	Pseudomonadota	Alphaproteobacteria	Rhodobacterales	Rhodobacteraceae	Unclassified	0.00129019164419704
SRR10070131	Riverwater	Bacteria	Pseudomonadota	Gammaproteobacteria	Burkholderiales	Burkholderiaceae_C	Simplicispira	0.003243227378122157
SRR10102393	Soil	Bacteria	Pseudomonadota	Gammaproteobacteria	Pseudomonadales	Halieaceae	Marimicrobium	0.0007900185245723
SRR10070151	Sediment	Bacteria	Actinomycetota	Acidimicrobiia	Acidimicrobiales	VFJN01	ZC4RG19	0.0000985577712802654
SRR10070149	Sediment	Bacteria	Chloroflexota	Limnocylindria	QHBO01	QHBO01	DASTEQ01	0.001776475721498472
SRR10070150	Sediment	Bacteria	Acidobacteriota	Blastocatellia	UBA7656	UBA7656	Onstottus_A	0.002928300136267431
SRR10102392	Soil	Bacteria	Pseudomonadota	Alphaproteobacteria	Rhizobiales	Methyloligellaceae	Methyloceanibacter	0.009812856969255072
SRR10070134	Riverwater	Bacteria	Pseudomonadota	Gammaproteobacteria	Xanthomonadales	Xanthomonadaceae	Aquimonas	0.000896178351768418
SRR10070134	Riverwater	Bacteria	Pseudomonadota	Gammaproteobacteria	Pseudomonadales	Halieaceae	JARRPM01	0.00100666609376726
SRR10070149	Sediment	Bacteria	Pseudomonadota	Gammaproteobacteria	Steroidobacterales	Steroidobacteraceae	RPQJ01	0.001994639406594777
SRR10070150	Sediment	Bacteria	Actinomycetota	Acidimicrobiia	Spongiisociales	ZC4RG35	JALYNX01	0.000492882201153924
SRR10102394	Soil	Bacteria	Bacillota	UBA4882	UBA10575	UBA10575	Capillibacterium	0.000281853110026554
SRR10070151	Sediment	Bacteria	Desulfobacterota	DSWW01	DSWW01	DSWW01	JBFLZG01	0.000919872531949144
SRR10070149	Sediment	Bacteria	Bacteroidota	Bacteroidia	Bacteroidales	Prolixibacteraceae	G963677325	0.00082590537929315
SRR10070141	Groundwater	Bacteria	Campylobacterota	Campylobacteria	Campylobacterales	Sulfurimonadaceae	Sulfuricurvum	0.000197477228407099
SRR10070150	Sediment	Bacteria	Pseudomonadota	Alphaproteobacteria	Caedimonadales	Caedimonadaceae	Caedimonas	0.0000289930706561132
SRR10102392	Soil	Bacteria	Actinomycetota	Thermoleophilia	Gaiellales	Gaiellaceae	3-1-20CM-4-69-9	0.000516466156276583
SRR10102393	Soil	Archaea	Thermoproteota	Nitrososphaeria	Nitrososphaerales	Nitrososphaeraceae	Nitrososphaera	0.00393647161381715
SRR10070150	Sediment	Bacteria	Actinomycetota	Thermoleophilia	Solirubrobacterales	JBBDJG01	CAWACB01	0.000130468817952509
SRR10102392	Soil	Bacteria	Acidobacteriota	Vicinamibacteria	Vicinamibacterales	UBA2999	Unclassified	0.01617754283631062
SRR10070149	Sediment	Bacteria	Myxococcota_A	Polyangia	Unclassified	Unclassified	Unclassified	0.000155831203640217
SRR10070133	Groundwater	Bacteria	Pseudomonadota	Gammaproteobacteria	Burkholderiales	Gallionellaceae	Nitrotoga	0.0250461062526028
SRR10070141	Groundwater	Bacteria	Bdellovibrionota	Bdellovibrionia	Bdellovibrionales	Bdellovibrionaceae	Pseudobdellovibrio	0.00111080940978993
SRR10102393	Soil	Bacteria	Acidobacteriota	Thermoanaerobaculia	Gp7-AA8	Gp7-AA8	DASXHZ01	0.0004903563255966
SRR10102393	Soil	Bacteria	Sumerlaeota	Sumerlaeia	Sumerlaeales	Sumerlaeaceae	JAKFFN01	0.0006265664160401
SRR10102393	Soil	Bacteria	Gemmatimonadota	Gemmatimonadetes	Gemmatimonadales	Gemmatimonadaceae	JABWBJ01	0.00039500926228615
SRR10070149	Sediment	Bacteria	Acidobacteriota	Vicinamibacteria	Vicinamibacterales	JAMQPK01	JAMQPK01	0.001324565230941844
SRR10102392	Soil	Bacteria	Planctomycetota	Planctomycetia	Pirellulales	Pirellulaceae	Aureliella	0.000364564345607
SRR10070151	Sediment	Bacteria	Chloroflexota	Anaerolineae	Caldilineales	Caldilineaceae	Fredericiella	0.000673478103748481
SRR10070149	Sediment	Bacteria	Desulfobacterota	Desulfobulbia	Desulfobulbales	Desulfobulbaceae	Electronema	0.00185439132331858
SRR10070133	Groundwater	Bacteria	Bacteroidota	Bacteroidia	Chitinophagales	Chitinophagaceae	Sediminibacterium	0.008031411743708729
SRR10102392	Soil	Bacteria	Bacteroidota	Bacteroidia	Chitinophagales	Chitinophagaceae	Parafilimonas	0.000653177785879207
SRR10070132	Groundwater	Bacteria	Pseudomonadota	Gammaproteobacteria	Burkholderiales	SG8-41	Ga0077527	0.000938086303939962
SRR10070149	Sediment	Bacteria	Acidobacteriota	Vicinamibacteria	Fen-336	Fen-336	DATBSL01	0.006451411830704981
SRR10102394	Soil	Bacteria	Desulfobacterota	Desulfuromonadia	Geobacterales	Geobacteraceae	Geotalea	0.000222515613178858
SRR10070130	Riverwater	Bacteria	Bdellovibrionota	UBA1018	UBA1018	CAIMNF01	CAIMNF01	0.000350113406298997
SRR10070151	Sediment	Bacteria	Krumholzibacteriota	Krumholzibacteriia	LZORAL124-64-63	LZORAL124-64-63	JACZKN01	0.000229968132987286
SRR10070151	Sediment	Bacteria	Chloroflexota	Anaerolineae	4572-78	J111	DSQQ01	0.0017904661782581549
SRR10070151	Sediment	Bacteria	Chloroflexota	Anaerolineae	Anaerolineales	E44-bin32	DYJB01	0.00213541837773908
SRR10070150	Sediment	Bacteria	Pseudomonadota	Alphaproteobacteria	Rhizobiales	Xanthobacteraceae	Unclassified	0.000869792119683396
SRR10070131	Riverwater	Bacteria	Nitrospirota	Thermodesulfovibrionia	Thermodesulfovibrionales	UBA6898	JAOUFP01	0.0000587009480203105
SRR10102393	Soil	Bacteria	Patescibacteriota	Saccharimonadia	Saccharimonadales	UBA4665	JAXLZZ01	0.0005720823798627
SRR10070149	Sediment	Bacteria	Pseudomonadota	Gammaproteobacteria	Burkholderiales	Burkholderiaceae_F	JACCZX01	0.00115315090693761
SRR10070151	Sediment	Bacteria	Verrucomicrobiota	Verrucomicrobiia	Limisphaerales	UBA8199	Unclassified	0.002578928348500283
SRR10070132	Groundwater	Bacteria	Bacillota	Bacilli	Bacillales	Unclassified	Unclassified	0.00818693501620331
SRR10102392	Soil	Bacteria	Acidobacteriota	Vicinamibacteria	Vicinamibacterales	CAVVIG01	Unclassified	0.00832421922469316
SRR10102393	Soil	Bacteria	Myxococcota_A	Polyangia	Polyangiales	Polyangiaceae	SZUA-265	0.0000817260542661
SRR10070151	Sediment	Bacteria	Desulfobacterota	Desulfuromonadia	Geobacterales	Geobacteraceae	Geobacter	0.000443509970761195
SRR10102392	Soil	Bacteria	Chloroflexota	Limnocylindria	QHBO01	QHBO01	DASSCW01	0.000410134888807875
SRR10070151	Sediment	Bacteria	Pseudomonadota	Gammaproteobacteria	Xanthomonadales	Ahniellaceae	JADKHK01	0.000164262952133776
SRR10070131	Riverwater	Bacteria	Pseudomonadota	Gammaproteobacteria	Steroidobacterales	Steroidobacteraceae	SCUD01	0.000102726659035543
SRR10070134	Riverwater	Bacteria	Patescibacteriota	Minisyncoccia	Phycocordibacterales	Unclassified	Unclassified	0.000405121720662435
SRR10070131	Riverwater	Bacteria	Myxococcota_A	Polyangia	Polyangiales	Houyiibacteriaceae	Unclassified	0.000205453318071087
SRR10070134	Riverwater	Bacteria	Bdellovibrionota_B	Oligoflexia	Oligoflexales	Oligoflexaceae	Oligoflexus	0.00082251985710252
SRR10102392	Soil	Bacteria	Methylomirabilota	Methylomirabilia	Rokubacteriales	CSP1-6	Unclassified	0.000562036699477458
SRR10070131	Riverwater	Bacteria	Actinomycetota	Thermoleophilia	Gaiellales	Gaiellaceae	JAIBJN01	0.0000733761850253882
SRR10070132	Groundwater	Bacteria	Bdellovibrionota	Bdellovibrionia	Bdellovibrionales	Bdellovibrionaceae	Pseudobdellovibrio	0.00234521575984991
SRR10070134	Riverwater	Bacteria	Verrucomicrobiota	Lentisphaeria	Victivallales	Victivallaceae	CAYMSF01	0.000196422652442393
SRR10102394	Soil	Bacteria	Planctomycetota	Phycisphaerae	WQYP01	WQYP01	DATKPA01	0.000370859355298097
SRR10070133	Groundwater	Bacteria	Campylobacterota	Campylobacteria	Campylobacterales	Sulfurimonadaceae	Sulfuricurvum	0.000936998036766018
SRR10070150	Sediment	Bacteria	Acidobacteriota	Thermoanaerobaculia	Multivoradales	JAGPDF01	JACTMI01	0.00136267432083732
SRR10102392	Soil	Bacteria	Pseudomonadota	Alphaproteobacteria	Rhizobiales	Xanthobacteraceae	Z2-YC6860	0.000683558148013124
SRR10070151	Sediment	Bacteria	Pseudomonadota	Alphaproteobacteria	Rhizobiales	Xanthobacteraceae	Bradyrhizobium	0.00054206774204146
SRR10070141	Groundwater	Bacteria	Nitrospirota	Nitrospiria	Nitrospirales	Nitrospiraceae	Nitrospira_D	0.00133297129174792
SRR10070134	Riverwater	Bacteria	Pseudomonadota	Gammaproteobacteria	UBA6186	Azoamicaceae	JAGVLG01	0.000233251899775342
SRR10070151	Sediment	Bacteria	Desulfobacterota	Syntrophorhabdia	Syntrophorhabdales	WCHB1-27	JADGQN01	0.00054206774204146
SRR10070149	Sediment	Bacteria	Pseudomonadota	Gammaproteobacteria	Burkholderiales	Methylophilaceae	JBCKUK01	0.000405161129464564
SRR10102394	Soil	Bacteria	Actinomycetota	Acidimicrobiia	Acidimicrobiales	Ilumatobacteraceae	JAENVT01	0.000148343742119239
SRR10070134	Riverwater	Bacteria	Myxococcota_A	Polyangia	Haliangiales	Haliangiaceae	UBA2376	0.000257804731330641
SRR10102392	Soil	Bacteria	Actinomycetota	UBA4738	UBA4738	HRBIN12	DASSJM01	0.00290132458378904
SRR10070130	Riverwater	Bacteria	Patescibacteriota	Saccharimonadia	CAILAD01	GCA-016700035	GCA-016700035	0.000502336626428996
SRR10102392	Soil	Bacteria	Acidobacteriota	Vicinamibacteria	Vicinamibacterales	Unclassified	Unclassified	0.00116964394215579
SRR10070134	Riverwater	Bacteria	Myxococcota	UBA727	UBA727	JABDBI01	G023898405	0.00165731612998269
SRR10070133	Groundwater	Archaea	Nanobdellota	Nanobdellia	Pacearchaeales	GW2011-AR1	Unclassified	0.00052055446487001
SRR10070132	Groundwater	Bacteria	Omnitrophota	Gorgyraeia	Gygaellales	Profunditerraquicolaceae	Unclassified	0.001108647450110865
SRR10102393	Soil	Bacteria	Pseudomonadota	Alphaproteobacteria	Geminicoccales	Geminicoccaceae	DATAOG01	0.0001634521085322
SRR10070150	Sediment	Bacteria	Nitrospirota	Nitrospiria	Nitrospirales	Nitrospiraceae	DASPUC01	0.000362413383201415
SRR10102394	Soil	Bacteria	Pseudomonadota	Alphaproteobacteria	Rhizobiales	Beijerinckiaceae	Alsobacter	0.00106807494325852
SRR10070132	Groundwater	Bacteria	Pseudomonadota	Gammaproteobacteria	Burkholderiales	Gallionellaceae	Gallionella	0.00127920859628177
SRR10070150	Sediment	Bacteria	Pseudomonadota	Gammaproteobacteria	Pseudomonadales	Azotimanducaceae	Unclassified	0.000739323301730886
SRR10070134	Riverwater	Bacteria	Desulfobacterota_D	UBA1144	Nemesobacterales	CSP1-2	DASWID01	0.0000245528315552991
SRR10102393	Soil	Bacteria	Verrucomicrobiota	Verrucomicrobiia	Verrucomicrobiales	Verrucomicrobiaceae	Unclassified	0.0002451781627983
SRR10070149	Sediment	Bacteria	Bacteroidota	Ignavibacteria	UBA10030	UBA6906	UBA11986	0.0008570716200211931
SRR10102394	Soil	Bacteria	Acidobacteriota	Terriglobia	Terriglobales	Acidobacteriaceae	Unclassified	0.001097743691682367
SRR10070141	Groundwater	Bacteria	Elusimicrobiota	Elusimicrobia	JACQPE01	JACQPE01	JACPAN01	0.000938016834933722
SRR10070130	Riverwater	Bacteria	Bacteroidota	Bacteroidia	Chitinophagales	Saprospiraceae	Vicinibacter	0.000319668762272997
SRR10070141	Groundwater	Bacteria	Actinomycetota	Actinomycetes	Mycobacteriales	Mycobacteriaceae	Rhodococcus_F	0.00160450248080768
SRR10070149	Sediment	Bacteria	Verrucomicrobiota	Verrucomicrobiia	Chthoniobacterales	UBA10450	Unclassified	0.000233746805460325
SRR10102392	Soil	Bacteria	Pseudomonadota	Gammaproteobacteria	Steroidobacterales	Unclassified	Unclassified	0.000212662534937416
SRR10070149	Sediment	Bacteria	Acidobacteriota	Aminicenantia	UBA2199	UBA2199	JAKAGC01	0.000218163685096304
SRR10070151	Sediment	Bacteria	Methylomirabilota	Methylomirabilia	Methylomirabilales	Methylomirabilaceae	Methylomirabilis	0.000969151417589277
SRR10070149	Sediment	Bacteria	Acidobacteriota	Terriglobia	Unclassified	Unclassified	Unclassified	0.000109081842548152
SRR10070151	Sediment	Bacteria	Elusimicrobiota	Elusimicrobia	UBA1565	UBA9628	GWA2-66-18	0.0000821314760668879
SRR10070149	Sediment	Bacteria	Bacteroidota	Ignavibacteria	UBA10030	SZUA-254	JACOSY01	0.000171414324004239
SRR10102394	Soil	Bacteria	Actinomycetota	Actinomycetes	Mycobacteriales	Mycobacteriaceae	Mycobacterium	0.005177196599961437
SRR10070130	Riverwater	Bacteria	Planctomycetota	UBA1135	UBA1135	GCA-002686595	JADJQU01	0.0000304446440259997
SRR10070132	Groundwater	Bacteria	Omnitrophota	Gorgyraeia	Aquiviventales	Aquiviventaceae	Aquivivens	0.000639604298140884
SRR10070149	Sediment	Bacteria	Chloroflexota	Dehalococcoidia	Dehalococcoidales	Unclassified	Unclassified	0.001729726360406408
SRR10102393	Soil	Bacteria	Gemmatimonadota	Gemmatimonadetes	Gemmatimonadales	GWC2-71-9	CAVVWJ01	0.00083088155170535
SRR10070150	Sediment	Bacteria	Bacteroidota	Ignavibacteria	Tepidaquicellales	OLB5	Unclassified	0.000159461888608623
SRR10070130	Riverwater	Bacteria	Pseudomonadota	Gammaproteobacteria	Enterobacterales	Shewanellaceae	Shewanella	0.00100467325285799
SRR10070149	Sediment	Bacteria	Zixibacteria	MSB-5A5	GN15	PGXB01	DYGG01	0.000514242972012716
SRR10070150	Sediment	Bacteria	Bacteroidota	Bacteroidia	Flavobacteriales	Flavobacteriaceae	Flavobacterium	0.000565364877794207
SRR10102392	Soil	Bacteria	Desulfobacterota	Binatia	UBA1149	CAITLU01	DATNBU01	0.000394944707740916
SRR10070150	Sediment	Bacteria	Verrucomicrobiota	Verrucomicrobiia	Limisphaerales	SIBE01	SIBE01	0.000550868342466151
SRR10102392	Soil	Bacteria	Desulfobacterota	Desulfuromonadia	Desulfuromonadales	UBA2197	UBA2197	0.0012759752096245
SRR10070133	Groundwater	Bacteria	Patescibacteriota	Saccharimonadia	Saccharimonadales	JALRHH01	JALRHH01	0.00261764530906062
SRR10070131	Riverwater	Bacteria	Patescibacteriota	Saccharimonadia	Saccharimonadales	Saccharimonadaceae	Unclassified	0.0000733761850253882
SRR10070132	Groundwater	Bacteria	Pseudomonadota	Gammaproteobacteria	Burkholderiales	Burkholderiaceae_C	Aquabacterium	0.03108476888964691
SRR10070132	Groundwater	Unclassified	Unclassified	Unclassified	Unclassified	Unclassified	Unclassified	0.023963841037011737
SRR10102392	Soil	Bacteria	Actinomycetota	Actinomycetes	Mycobacteriales	Pseudonocardiaceae	Amycolatopsis	0.000106331267468708
SRR10070131	Riverwater	Bacteria	Pseudomonadota	Gammaproteobacteria	Burkholderiales	Casimicrobiaceae	CAIWHR01	0.0005283085321827952
SRR10070133	Groundwater	Bacteria	Patescibacteriota	Saccharimonadia	Saccharimonadales	Unclassified	Unclassified	0.000475935510738295
SRR10102394	Soil	Bacteria	Pseudomonadota	Alphaproteobacteria	Unclassified	Unclassified	Unclassified	0.000445031226357716
SRR10102392	Soil	Bacteria	Desulfobacterota	Desulfuromonadia	Geobacterales	Geobacteraceae	Geomonas	0.000698748329080083
SRR10070133	Groundwater	Bacteria	Eisenbacteria	RBG-16-71-46	SZUA-252	SZUA-252	WS-7	0.000981616990897733
SRR10102392	Soil	Bacteria	Pseudomonadota	Alphaproteobacteria	Rhizobiales	Xanthobacteraceae	Bradyrhizobium	0.00507352047636408
SRR10102392	Soil	Bacteria	Pseudomonadota	Alphaproteobacteria	Rhizobiales	Xanthobacteraceae	DATFWC01	0.000243042897071333
SRR10070149	Sediment	Bacteria	JAUVQV01	JAUVQV01	JAUVQV01	DATDCY01	DATDCY01	0.00157389515676619
SRR10102392	Soil	Bacteria	Actinomycetota	Actinomycetes	Mycobacteriales	Micromonosporaceae	Rhizocola	0.000318993802406125
SRR10070151	Sediment	Bacteria	Pseudomonadota	Gammaproteobacteria	Burkholderiales	Rhodocyclaceae	Fen-999	0.00361378494694307
SRR10070151	Sediment	Bacteria	Verrucomicrobiota	Verrucomicrobiia	Verrucomicrobiales	Akkermansiaceae	Luteolibacter	0.004550083774105588
SRR10070133	Groundwater	Bacteria	Pseudomonadota	Alphaproteobacteria	Rhizobiales	Xanthobacteraceae	Bradyrhizobium	0.000118983877684574
SRR10070131	Riverwater	Bacteria	Campylobacterota	Campylobacteria	Campylobacterales	Sulfurimonadaceae	Sulfuricurvum	0.001262070382436676
SRR10070149	Sediment	Bacteria	Unclassified	Unclassified	Unclassified	Unclassified	Unclassified	0.057423798541419935
SRR10070130	Riverwater	Bacteria	Bacteroidota	Bacteroidia	Unclassified	Unclassified	Unclassified	0.000593670558506995
SRR10070150	Sediment	Bacteria	Zixibacteria	MSB-5A5	GN15	JAAZOE01	JAZGGI01	0.000565364877794207
SRR10070134	Riverwater	Bacteria	Bacteroidota	Bacteroidia	Sphingobacteriales	Sphingobacteriaceae	Daejeonella	0.000441950967995384
SRR10102392	Soil	Bacteria	Acidobacteriota	Blastocatellia	RBC074	RBC074	JAJVID01	0.000577226880544416
SRR10102392	Soil	Bacteria	Acidobacteriota	Polarisedimenticolia	Polarisedimenticolales	DASRJG01	DASRJG01	0.0004708956130757079
SRR10070131	Riverwater	Bacteria	Bacteroidota	Bacteroidia	Chitinophagales	Saprospiraceae	JAAFJT01	0.000322855214111708
SRR10070151	Sediment	Bacteria	Desulfobacterota	Desulfobulbia	Desulfobulbales	Desulfobulbaceae	Unclassified	0.000903446236735767
SRR10070130	Riverwater	Bacteria	Patescibacteriota	Minisyncoccia	Phycocordibacterales	DATDWN01	C7867-006	0.000304446440259997
SRR10070149	Sediment	Bacteria	Spirochaetota	Leptospiria	Leptospirales	Leptonemataceae	Unclassified	0.000342828648008477
SRR10070134	Riverwater	Bacteria	Bacteroidota	Bacteroidia	Chitinophagales	JADIYW01	JADJSS01	0.000331463225996538
SRR10070131	Riverwater	Bacteria	Pseudomonadota	Gammaproteobacteria	Burkholderiales	Burkholderiaceae_C	Hydrogenophaga	0.013031610460508939
SRR10102394	Soil	Bacteria	Pseudomonadota	Gammaproteobacteria	Burkholderiales	Casimicrobiaceae	PALSA-1003	0.000341190606874249
SRR10102392	Soil	Bacteria	Methylomirabilota	Methylomirabilia	Rokubacteriales	CSP1-6	AR31	0.000318993802406125
SRR10102393	Soil	Bacteria	Methylomirabilota	Methylomirabilia	Rokubacteriales	CSP1-6	VGLJ01	0.0004358722894192
SRR10070150	Sediment	Archaea	Halobacteriota	Methanomicrobia	Methanomicrobiales	Methanospirillaceae	Methanoregula	0.00136267432083732
SRR10070150	Sediment	Bacteria	Nitrospirota	Thermodesulfovibrionia	Thermodesulfovibrionales	UBA6898	JAOUFP01	0.02152735496216409
SRR10102392	Soil	Bacteria	Planctomycetota	Planctomycetia	Planctomycetales	Planctomycetaceae	SIAF01	0.0015342082877627889
SRR10070151	Sediment	Bacteria	Acidobacteriota	Blastocatellia	Pyrinomonadales	Pyrinomonadaceae	PSRF01	0.002283255034659484
SRR10070130	Riverwater	Bacteria	Pseudomonadota	Gammaproteobacteria	Xanthomonadales	Xanthomonadaceae	Aquimonas	0.000715449134610994
SRR10070134	Riverwater	Bacteria	Bdellovibrionota	UBA1018	UBA1018	CAIMNF01	CAIMNF01	0.0006383736204377769
SRR10102392	Soil	Bacteria	Acidobacteriota	Blastocatellia	RBC074	RBC074	JAHBSF01	0.000562036699477458
SRR10070132	Groundwater	Bacteria	Pseudomonadota	Gammaproteobacteria	Xanthomonadales	Xanthomonadaceae	Pseudoxanthomonas_A	0.000554323725055432
SRR10102392	Soil	Bacteria	Bacteroidota	Bacteroidia	Chitinophagales	Chitinophagaceae	Ginsengibacter	0.00205067444403937
SRR10070149	Sediment	Bacteria	Nitrospirota	Thermodesulfovibrionia	Thermodesulfovibrionales	SM23-35	Unclassified	0.000654491055288911
SRR10102394	Soil	Bacteria	Chloroflexota	Unclassified	Unclassified	Unclassified	Unclassified	0.000356024981086173
SRR10070141	Groundwater	Bacteria	Verrucomicrobiota	Lentisphaeria	Victivallales	Victivallaceae	CAYMSF01	0.0000493693071017748
SRR10102393	Soil	Bacteria	Actinomycetota	Thermoleophilia	Gaiellales	Gaiellaceae	PALSA-612	0.0004086302713305
SRR10102392	Soil	Bacteria	Pseudomonadota	Gammaproteobacteria	Burkholderiales	Unclassified	Unclassified	0.00118483412322275
SRR10070130	Riverwater	Bacteria	Myxococcota_A	Polyangia	Nannocystales	Nannocystaceae	Nannocystis	0.000319668762272997
SRR10102393	Soil	Bacteria	Actinomycetota	Acidimicrobiia	IMCC26256	JACDBD01	JALZAA01	0.00025879917184265
SRR10070134	Riverwater	Bacteria	Pseudomonadota	Gammaproteobacteria	Burkholderiales	Burkholderiaceae_C	Serpentinimonas	0.00179235670353684
SRR10070141	Groundwater	Bacteria	Pseudomonadota	Alphaproteobacteria	Rickettsiales	Unclassified	Unclassified	0.00187603366986744
SRR10102393	Soil	Bacteria	Chloroflexota	Chloroflexia	Chloroflexales	Roseiflexaceae	Unclassified	0.00014983109948785
SRR10102394	Soil	Bacteria	Actinomycetota	Actinomycetes	Unclassified	Unclassified	Unclassified	0.00657162777588227
SRR10070134	Riverwater	Bacteria	Acidobacteriota	Vicinamibacteria	Vicinamibacterales	UBA2999	12-FULL-67-14b	0.00027008114710829
SRR10070151	Sediment	Bacteria	Nitrospirota	UBA9217	UBA9217	UBA9217	JAJYKN01	0.000903446236735766
SRR10070131	Riverwater	Bacteria	Bacteroidota	Ignavibacteria	Ignavibacteriales	Ignavibacteriaceae	IGN3	0.000220128555076164
SRR10070130	Riverwater	Bacteria	Pseudomonadota	Alphaproteobacteria	Azospirillales	Azospirillaceae	Niveispirillum	0.000350113406298997
SRR10070134	Riverwater	Bacteria	Planctomycetota	UBA1135	UBA1135	UBA2386	UBA2386	0.000589267957327179
SRR10070151	Sediment	Bacteria	Acidobacteriota	Terriglobia	Versatilivoradales	Versatilivoraceae	CAWBAT01	0.000624199218108348
SRR10070150	Sediment	Bacteria	Chloroflexota	Dehalococcoidia	SM23-28-2	RBG-16-64-32	Unclassified	0.001652605027398451
SRR10070130	Riverwater	Bacteria	Verrucomicrobiota	Verrucomicrobiia	Limisphaerales	JADLHS01	Unclassified	0.000456669660389996
SRR10102394	Soil	Bacteria	Bacillota	Bacilli	Bacillales	DSM-1321	Peribacillus	0.00906380264348549
SRR10070141	Groundwater	Bacteria	Patescibacteriota	Gracilibacteria	UBA1369	Unclassified	Unclassified	0.000592431685221298
SRR10070149	Sediment	Bacteria	Pseudomonadota	Gammaproteobacteria	Burkholderiales	SG8-41	PALSA-1004	0.000311662407280434
SRR10070150	Sediment	Bacteria	Pseudomonadota	Alphaproteobacteria	Rhizobiales	Beijerinckiaceae	Methylocystis	0.000391406453857528
SRR10070151	Sediment	Bacteria	Desulfobacterota	Desulfuromonadia	Geobacterales	Pseudopelobacteraceae	Trichlorobacter	0.00114984066493643
SRR10102393	Soil	Bacteria	Bacteroidota	Bacteroidia	Chitinophagales	Chitinophagaceae	Parafilimonas	0.00047673531655224996
SRR10070149	Sediment	Bacteria	Krumholzibacteriota	Krumholzibacteriia	Unclassified	Unclassified	Unclassified	0.000685657296016954
SRR10070134	Riverwater	Bacteria	Pseudomonadota	Alphaproteobacteria	Rickettsiales	CANDYO01	CANDYO01	0.0000982113262211965
SRR10102392	Soil	Bacteria	Pseudomonadota	Gammaproteobacteria	Xanthomonadales	Rhodanobacteraceae	Rudaea	0.000653177785879208
SRR10102392	Soil	Bacteria	Bacillota	Clostridia	Clostridiales	Clostridiaceae	Clostridium_J	0.0000607607242678333
SRR10070149	Sediment	Bacteria	Eisenbacteria	RBG-16-71-46	CAIMUX01	CAIMUX01	CAWHYG01	0.000810322258929128
SRR10070151	Sediment	Bacteria	Chloroflexota	Anaerolineae	UBA4142	UBA4142	JAMDCU01	0.000229968132987286
SRR10070132	Groundwater	Bacteria	Desulfobacterota	Binatia	UBA1149	CAITLU01	DATNBU01	0.000938086303939962
SRR10102393	Soil	Bacteria	Actinomycetota	UBA4738	UBA4738	HRBIN12	JAOUEA01	0.0005993243979514
SRR10070134	Riverwater	Bacteria	Acidobacteriota	Vicinamibacteria	Fen-336	JAGNNV01	JAGNNV01	0.000319186810218889
SRR10102392	Soil	Bacteria	Verrucomicrobiota	Verrucomicrobiia	Verrucomicrobiales	V1-33	V1-33	0.000501275975209624
SRR10102392	Soil	Bacteria	Pseudomonadota	Gammaproteobacteria	Burkholderiales	Burkholderiaceae_D	Noviherbaspirillum_A	0.00126078502855754
SRR10070150	Sediment	Bacteria	Verrucomicrobiota	Verrucomicrobiia	Chthoniobacterales	UBA10450	JACCTI01	0.000159461888608623
SRR10102392	Soil	Bacteria	Planctomycetota	Phycisphaerae	Tepidisphaerales	Tepidisphaeraceae	DASPKW01	0.001063312674687083
SRR10070151	Sediment	Bacteria	Pseudomonadota	Gammaproteobacteria	Methylococcales	Methylomonadaceae	Methylomonas	0.000312099609054174
SRR10070131	Riverwater	Bacteria	Patescibacteriota	Gracilibacteria	Absconditabacterales	Absconditicoccaceae	Unclassified	0.0008658389832995801
SRR10102394	Soil	Bacteria	Chloroflexota	Anaerolineae	UBA4142	SHND01	SHND01	0.0006527124653246509
SRR10102393	Soil	Bacteria	Actinomycetota	Actinomycetes	Mycobacteriales	Geodermatophilaceae	Unclassified	0.00014983109948785
SRR10102393	Soil	Bacteria	Gemmatimonadota	Gemmatimonadetes	Gemmatimonadales	Gemmatimonadaceae	Unclassified	0.0023155715375395
SRR10070134	Riverwater	Bacteria	Pseudomonadota	Gammaproteobacteria	Burkholderiales	Burkholderiaceae_C	Malikia	0.0182427538455872
SRR10102394	Soil	Bacteria	Actinomycetota	Acidimicrobiia	IMCC26256	PALSA-610	Unclassified	0.000608209342688879
SRR10070141	Groundwater	Bacteria	Bacillota	Bacilli	Bacillales	Anaerobacillaceae	Anaerobacillus	0.000962701488484609
SRR10102393	Soil	Bacteria	Myxococcota_A	Polyangia	Nannocystales	Nannocystaceae	Plesiocystis	0.00009534706331045
SRR10070151	Sediment	Bacteria	Desulfobacterota	BSN033	BSN033	UBA1163	UBA1163	0.0142087453595716
SRR10070149	Sediment	Bacteria	Verrucomicrobiota	Verrucomicrobiia	Limisphaerales	UBA8199	Unclassified	0.002197219971327059
SRR10070149	Sediment	Bacteria	Myxococcota_A	UBA9160	UBA9160	UBA4427	UBA4427	0.000670074175652933
SRR10070149	Sediment	Bacteria	Desulfobacterota	DSM-4660	Desulfatiglandales	Desulfatiglandaceae	UBA5623	0.0012933989902138
SRR10102394	Soil	Bacteria	Acidobacteriota	Blastocatellia	Pyrinomonadales	Pyrinomonadaceae	UBA11740	0.000979068697986975
SRR10070149	Sediment	Bacteria	Hydrogenedentota	Hydrogenedentia	Hydrogenedentales	SLHB01	G963674865	0.000155831203640217
SRR10070131	Riverwater	Bacteria	Acidobacteriota	Vicinamibacteria	Vicinamibacterales	CAVVIG01	CAVVIG01	0.000410906636142174
SRR10102393	Soil	Bacteria	Actinomycetota	Thermoleophilia	Solirubrobacterales	Thermoleophilaceae	JACVRW01	0.00183883622098725
SRR10102392	Soil	Bacteria	Acidobacteriota	Blastocatellia	Pyrinomonadales	Pyrinomonadaceae	Unclassified	0.000136711629602625
SRR10102392	Soil	Bacteria	Actinomycetota	Thermoleophilia	Gaiellales	Gaiellaceae	JACDER01	0.000531656337343541
SRR10070141	Groundwater	Bacteria	Patescibacteriota	Saccharimonadia	Saccharimonadales	Saccharimonadaceae	UBA6022	0.00239441139443608
SRR10070130	Riverwater	Bacteria	Elusimicrobiota	Elusimicrobia	UBA1565	UBA9628	GWA2-66-18	0.000213112508181998
SRR10102392	Soil	Bacteria	Pseudomonadota	Gammaproteobacteria	Enterobacterales	Enterobacteriaceae	Unclassified	0.000425325069874833
SRR10070133	Groundwater	Bacteria	Nitrospirota	Thermodesulfovibrionia	Thermodesulfovibrionales	UBA1546	SCSY01	0.00162115533345232
SRR10070151	Sediment	Bacteria	Desulfobacterota	DSM-4660	Desulfatiglandales	Desulfatiglandaceae	Unclassified	0.00338381681395578
SRR10070149	Sediment	Bacteria	Pseudomonadota	Alphaproteobacteria	CACIAM-22H2	CACIAM-22H2	Unclassified	0.000919404101477279
SRR10102393	Soil	Bacteria	Acidobacteriota	Vicinamibacteria	Vicinamibacterales	SCN-69-37	DATEGZ01	0.0003269042170644
SRR10102394	Soil	Bacteria	Actinomycetota	Actinomycetes	Streptomycetales	Streptomycetaceae	Streptomyces	0.0026998561065701408
SRR10070133	Groundwater	Bacteria	Pseudomonadota	Gammaproteobacteria	Burkholderiales	Gallionellaceae	Unclassified	0.23963352965673143
SRR10070131	Riverwater	Bacteria	Pseudomonadota	Gammaproteobacteria	Burkholderiales	Nitrosomonadaceae	Nitrosomonas	0.000909864694314814
SRR10070151	Sediment	Bacteria	Chloroflexota	Anaerolineae	Aggregatilineales	Phototrophicaceae	Unclassified	0.0009527251223759
SRR10102393	Soil	Bacteria	Actinomycetota	Actinomycetes	Propionibacteriales	Nocardioidaceae	Nocardioides_B	0.0008445025607497
SRR10070151	Sediment	Bacteria	Chloroflexota	Anaerolineae	Anaerolineales	UBA4823	UTCFX2	0.00430368934590493
SRR10070149	Sediment	Bacteria	Pseudomonadota	Gammaproteobacteria	Xanthomonadales	Ahniellaceae	JADKHK01	0.000171414324004239
SRR10070150	Sediment	Bacteria	Verrucomicrobiota	Verrucomicrobiia	Chthoniobacterales	UBA10450	AV133	0.000188454959264736
SRR10070132	Groundwater	Archaea	Thermoproteota	Nitrososphaeria	Nitrososphaerales	Gagatemarchaeaceae	JACPTA01	0.0036670646426744
SRR10070130	Riverwater	Bacteria	Pseudomonadota	Alphaproteobacteria	Micavibrionales	UBA1664	UBA6145	0.000365335728311997
SRR10070151	Sediment	Bacteria	Planctomycetota	Planctomycetia	Gemmatales	HRBIN36	JANWWR01	0.000114984066493643
SRR10070150	Sediment	Bacteria	Myxococcota	Myxococcia	Myxococcales	Myxococcaceae	Cystobacter	0.000666840625090603
SRR10070134	Riverwater	Bacteria	Actinomycetota	Actinomycetes	Actinomycetales	Dermatophilaceae	Fodinibacter	0.0014117878144297002
SRR10102394	Soil	Bacteria	Planctomycetota	Phycisphaerae	Tepidisphaerales	Tepidisphaeraceae	CAVSQX01	0.000148343742119239
SRR10102394	Soil	Bacteria	Verrucomicrobiota	Verrucomicrobiia	Chthoniobacterales	UBA10450	AV133	0.000845559330079661
SRR10070133	Groundwater	Bacteria	Chloroflexota	Anaerolineae	Aggregatilineales	Unclassified	Unclassified	0.00208221785948004
SRR10070134	Riverwater	Bacteria	Pseudomonadota	Gammaproteobacteria	Burkholderiales	Sulfuricellaceae	Sulfuricella	0.000368292473329487
SRR10070149	Sediment	Bacteria	Desulfobacterota	Syntrophobacteria	Syntrophobacterales	Syntrophobacteraceae	Desulforhabdus	0.000358411768372499
SRR10070150	Sediment	Bacteria	Planctomycetota	Unclassified	Unclassified	Unclassified	Unclassified	0.0021599837638804327
SRR10070149	Sediment	Bacteria	Bacteroidota	Ignavibacteria	UBA10030	UBA10030	JACQPU01	0.000405161129464564
SRR10070131	Riverwater	Bacteria	Desulfobacterota	Syntrophorhabdia	Syntrophorhabdales	Syntrophorhabdaceae	PNOF01	0.000102726659035543
SRR10070150	Sediment	Bacteria	Desulfobacterota	Syntrophobacteria	Syntrophobacterales	Syntrophobacteraceae	Unclassified	0.0016960946333826271
SRR10102393	Soil	Bacteria	Verrucomicrobiota	Verrucomicrobiia	Chthoniobacterales	Terrimicrobiaceae	DASTFP01	0.00660618938650975
SRR10070150	Sediment	Bacteria	Eisenbacteria	RBG-16-71-46	Unclassified	Unclassified	Unclassified	0.000144965353280566
SRR10102393	Soil	Bacteria	Acidobacteriota	Vicinamibacteria	Vicinamibacterales	CAVVIG01	CAVVIG01	0.0030783480440231
SRR10102394	Soil	Bacteria	Acidobacteriota	Thermoanaerobaculia	Gp7-AA8	Gp7-AA8	DASXHZ01	0.000252184361602706
SRR10102394	Soil	Bacteria	Verrucomicrobiota	Verrucomicrobiia	Limisphaerales	JADLHS01	Unclassified	0.000237349987390782
SRR10102393	Soil	Bacteria	Pseudomonadota	Alphaproteobacteria	Caulobacterales	Caulobacteraceae	Unclassified	0.00017707311757655
SRR10070141	Groundwater	Bacteria	Pseudomonadota	Gammaproteobacteria	Burkholderiales	Thiobacillaceae	Thiobacillus	0.000370269803263311
SRR10070150	Sediment	Bacteria	Myxococcota_A	UBA9160	UBA9160	UBA4427	UBA4427	0.000739323301730886
SRR10070151	Sediment	Bacteria	Bacteroidota	Bacteroidia	Chitinophagales	Saprospiraceae	Opimibacter	0.00054206774204146
SRR10102392	Soil	Bacteria	Bacillota	Bacilli	Bacillales_A	Planococcaceae	Sporosarcina	0.000501275975209624
SRR10070149	Sediment	Bacteria	Acidobacteriota	Thermoanaerobaculia	Thermoanaerobaculales	Sulfomarinibacteraceae	Unclassified	0.000467493610920651
SRR10102392	Soil	Bacteria	Verrucomicrobiota	Verrucomicrobiia	Chthoniobacterales	UBA10450	Udaeobacter	0.043216065135496445
SRR10070130	Riverwater	Bacteria	Verrucomicrobiota	Verrucomicrobiia	Verrucomicrobiales	Verrucomicrobiaceae	Prosthecobacter	0.002115902759806981
SRR10070134	Riverwater	Bacteria	Bdellovibrionota	Bdellovibrionia	Bdellovibrionales	Bdellovibrionaceae	UBA2316	0.000245528315552991
SRR10070150	Sediment	Bacteria	Desulfobacterota	WTBG01	CAIYCZ01	CAIYCZ01	JAPLIX01	0.000420399524513642
SRR10070151	Sediment	Bacteria	Pseudomonadota	Alphaproteobacteria	Dongiales	Dongiaceae	Dongia_A	0.00133052991228358
SRR10070151	Sediment	Bacteria	Acidobacteriota	Vicinamibacteria	Vicinamibacterales	UBA2999	Unclassified	0.001314103617070206
SRR10102394	Soil	Bacteria	Pseudomonadota	Gammaproteobacteria	Steroidobacterales	Steroidobacteraceae	CADEED01	0.005147527851537588
SRR10102392	Soil	Bacteria	Bacillota	Bacilli	Bacillales_A	Planococcaceae	Solibacillus	0.000334183983473083
SRR10070133	Groundwater	Bacteria	Planctomycetota	Planctomycetia	Planctomycetales	Planctomycetaceae	SXKJ01	0.000446189541317152
SRR10070149	Sediment	Bacteria	Desulfobacterota	Desulfobacteria	Desulfobacterales	RPRI01	RPRI01	0.00073240665710902
SRR10070141	Groundwater	Bacteria	Pseudomonadota	Gammaproteobacteria	Burkholderiales	Gallionellaceae	Nitrotoga	0.01557601639061
SRR10070149	Sediment	Bacteria	Chloroflexota	Dehalococcoidia	Unclassified	Unclassified	Unclassified	0.000389578009100542
SRR10070150	Sediment	Bacteria	Bacillota	Bacilli	Unclassified	Unclassified	Unclassified	0.000623351019106434
SRR10070141	Groundwater	Bacteria	Omnitrophota	Gorgyraeia	Unclassified	Unclassified	Unclassified	0.00153044852015502
SRR10070134	Riverwater	Bacteria	Patescibacteriota	Gracilibacteria	BD1-5	JAGOOR01	JAGOOR01	0.000969836846434315
SRR10102393	Soil	Bacteria	Bacteroidota	Bacteroidia	Chitinophagales	Chitinophagaceae	Flavihumibacter	0.00006810504522175
SRR10070150	Sediment	Bacteria	Pseudomonadota	Gammaproteobacteria	Pseudomonadales	Halieaceae	JARRPM01	0.000202951494592792
SRR10070149	Sediment	Bacteria	Bacillota	Clostridia	Saccharofermentanales	UBA5734	Unclassified	0.000171414324004239
SRR10070131	Riverwater	Bacteria	Pseudomonadota	Gammaproteobacteria	Steroidobacterales	Steroidobacteraceae	CAILZL01	0.0000587009480203105
SRR10102394	Soil	Bacteria	Actinomycetota	Thermoleophilia	Gaiellales	Gaiellaceae	PALSA-612	0.000281853110026554
SRR10102394	Soil	Bacteria	Planctomycetota	Planctomycetia	Gemmatales	Gemmataceae	CAVVSQ01	0.000237349987390782
SRR10070133	Groundwater	Bacteria	Patescibacteriota	Minisyncoccia	UBA6257	UBA11618	CALRGO01	0.000669284311975727
SRR10070149	Sediment	Bacteria	Spirochaetota	Spirochaetia	SZUA-6	DRHE01	MIBK01	0.004020445053917595
SRR10070149	Sediment	Bacteria	Calditrichota	Calditrichia	JAJRVZ01	JAJRVZ01	CAVQJT01	0.000483076731284672
SRR10070131	Riverwater	Bacteria	Pseudomonadota	Gammaproteobacteria	Burkholderiales	Methylophilaceae	Methylotenera_A	0.000278829503096475
SRR10070150	Sediment	Bacteria	Pseudomonadota	Gammaproteobacteria	DSM-5130	Acidihalobacteraceae	Acidihalobacter_A	0.000202951494592792
SRR10070151	Sediment	Bacteria	Chloroflexota	Anaerolineae	Aggregatilineales	Unclassified	Unclassified	0.000673478103748481
SRR10070149	Sediment	Bacteria	Pseudomonadota	Gammaproteobacteria	Pseudomonadales	Pseudomonadaceae	Geopseudomonas	0.000436327370192607
SRR10070141	Groundwater	Bacteria	Pseudomonadota	Gammaproteobacteria	Xanthomonadales	Xanthomonadaceae	Arenimonas	0.000518377724568636
SRR10070130	Riverwater	Bacteria	Pseudomonadota	Gammaproteobacteria	Burkholderiales	Gallionellaceae	Unclassified	0.001278675049091988
SRR10070151	Sediment	Bacteria	Gemmatimonadota	Gemmatimonadetes	Gemmatimonadales	Unclassified	Unclassified	0.000377804789907684
SRR10102394	Soil	Bacteria	Acidobacteriota	Blastocatellia	UBA7656	JADIYM01	JADIYM01	0.00045986560056964
SRR10102394	Soil	Bacteria	Actinomycetota	Thermoleophilia	Gaiellales	JAICJC01	JAICYJ01	0.000281853110026554
SRR10102393	Soil	Bacteria	Planctomycetota	Planctomycetia	Isosphaerales	Isosphaeraceae	CAWGMM01	0.0004358722894192
SRR10070132	Groundwater	Bacteria	Actinomycetota	Actinomycetes	Nanopelagicales	Nanopelagicaceae	Planktophila	0.00102336687702541
SRR10070150	Sediment	Bacteria	Pseudomonadota	Gammaproteobacteria	Burkholderiales	Burkholderiaceae_C	Piscinibacter	0.000753819837058943
SRR10070141	Groundwater	Bacteria	Pseudomonadota	Gammaproteobacteria	Legionellales	Legionellaceae	Unclassified	0.00362864407198045
SRR10070131	Riverwater	Bacteria	Pseudomonadota	Gammaproteobacteria	Pseudomonadales	Oleiphilaceae	PZPK01	0.000440257110152329
SRR10070132	Groundwater	Bacteria	Pseudomonadota	Gammaproteobacteria	Burkholderiales	Gallionellaceae	Sideroxyarcus	0.0124509636704759
SRR10102394	Soil	Bacteria	Acidobacteriota	Thermoanaerobaculia	Multivoradales	UBA5704	DATARR01	0.000252184361602706
SRR10070150	Sediment	Bacteria	Bacteroidota	Ignavibacteria	UBA10030	SZUA-254	JACOSY01	0.000217448029920849
SRR10070150	Sediment	Bacteria	Chloroflexota	Anaerolineae	Unclassified	Unclassified	Unclassified	0.000782812907715056
SRR10102394	Soil	Bacteria	Pseudomonadota	Gammaproteobacteria	Xanthomonadales	Xanthomonadaceae	Unclassified	0.005800240316862232
SRR10070149	Sediment	Bacteria	Krumholzibacteriota	Krumholzibacteriia	G020349025	G020349025	JANLSU01	0.001620644517858252
SRR10102392	Soil	Bacteria	Bacillota	Clostridia	Peptostreptococcales	Peptostreptococcaceae	Terrisporobacter	0.000349374164540041
SRR10070130	Riverwater	Bacteria	Gemmatimonadota	Gemmatimonadetes	Gemmatimonadales	Gemmatimonadaceae	JABWBJ01	0.0000761116100649993
SRR10070150	Sediment	Bacteria	Myxococcota_A	UBA9160	SZUA-336	SZUA-336	VGRW01	0.002594879823722129
SRR10102393	Soil	Bacteria	Pseudomonadota	Gammaproteobacteria	Steroidobacterales	Steroidobacteraceae	ZC4RG30	0.00025879917184265
SRR10102392	Soil	Bacteria	Chloroflexota	UBA6077	UBA6077	JACCZL01	CAVXYC01	0.001230404666423624
SRR10070133	Groundwater	Bacteria	Pseudomonadota	Alphaproteobacteria	Rickettsiales	UBA1997	JAJTCH01	0.000282586709500863
SRR10070149	Sediment	Bacteria	Verrucomicrobiota	Verrucomicrobiia	Limisphaerales	SIBE01	SIBE01	0.000327245527644456
SRR10070134	Riverwater	Bacteria	Bacteroidota	Bacteroidia	Cytophagales	Spirosomataceae	Aquirufa	0.000368292473329487
SRR10102393	Soil	Bacteria	Acidobacteriota	Vicinamibacteria	Vicinamibacterales	SCN-69-37	CAVXSP01	0.00164814209436635
SRR10070149	Sediment	Bacteria	Planctomycetota	Phycisphaerae	UBA1845	UTPLA1	DATEMU01	0.000218163685096304
SRR10070131	Riverwater	Bacteria	Pseudomonadota	Gammaproteobacteria	Methylococcales	Methylomonadaceae	Unclassified	0.000146752370050776
SRR10102394	Soil	Bacteria	Actinomycetota	Actinomycetes	Propionibacteriales	Nocardioidaceae	Nocardioides_B	0.0012460874338016
SRR10070151	Sediment	Bacteria	UBA10199	UBA10199	DSSB01	DSSB01	DSSB01	0.000229968132987286
SRR10070149	Sediment	Bacteria	Planctomycetota	Phycisphaerae	Sedimentisphaerales	Anaerohalosphaeraceae	4572-13	0.000264913046188369
SRR10070149	Sediment	Bacteria	Desulfobacterota	Desulfuromonadia	Geobacterales	Geobacteraceae	Unclassified	0.002836127906251952
SRR10070149	Sediment	Bacteria	Actinomycetota	Thermoleophilia	Gaiellales	Gaiellaceae	GMQP-bins7	0.001386897712397931
SRR10070131	Riverwater	Bacteria	Pseudomonadota	Gammaproteobacteria	Granulosicoccales	Granulosicoccaceae	Granulosicoccus	0.00024947902908632
SRR10070150	Sediment	Bacteria	Pseudomonadota	Gammaproteobacteria	Pseudomonadales	Pseudomonadaceae	Aquipseudomonas	0.000391406453857528
SRR10070133	Groundwater	Bacteria	Bacteroidota	Bacteroidia	B-17B0	Aurantibacillaceae	JAHEYG01	0.000104110892974002
SRR10070134	Riverwater	Bacteria	Pseudomonadota	Gammaproteobacteria	Xanthomonadales	Ahniellaceae	JADKHK01	0.000810243441324871
SRR10070149	Sediment	Bacteria	Planctomycetota	Brocadiia	Brocadiales	Brocadiaceae	Brocadia	0.000623324814560868
SRR10102394	Soil	Bacteria	Acidobacteriota	Blastocatellia	RBC074	RBC074	JAHBSF01	0.000148343742119239
SRR10070150	Sediment	Bacteria	Chloroflexota	Anaerolineae	Anaerolineales	UBA4823	CAVPDG01	0.000391406453857528
SRR10102392	Soil	Bacteria	Acidobacteriota	Vicinamibacteria	Vicinamibacterales	JAENWD01	Unclassified	0.003903876534208289
SRR10070130	Riverwater	Bacteria	Patescibacteriota	Saccharimonadia	Saccharimonadales	SZUA-47	JAGONL01	0.002755240284352975
SRR10070151	Sediment	Bacteria	Pseudomonadota	Alphaproteobacteria	Dongiales	Dongiaceae	Dongia	0.0000657051808535103
SRR10070150	Sediment	Bacteria	Acidobacteriota	Thermoanaerobaculia	Gp7-AA8	Gp7-AA8	JBHEPS01	0.000362413383201415
SRR10070151	Sediment	Bacteria	Myxococcota_A	UBA9160	UBA9160	SMWR01	DATBRV01	0.00182331876868491
SRR10070150	Sediment	Bacteria	Planctomycetota	Phycisphaerae	UBA1845	UBA1845	Unclassified	0.000231944565248906
SRR10070130	Riverwater	Archaea	Thermoproteota	Bathyarchaeia	TCS64	TCS64	RBG-16-57-9	0.0000456669660389996
SRR10102392	Soil	Bacteria	Bacillota	Bacilli	Bacillales	DSM-1321	Peribacillus	0.006562158220925991
SRR10070130	Riverwater	Bacteria	Pseudomonadota	Gammaproteobacteria	Legionellales	Legionellaceae	Unclassified	0.000852450032727992
SRR10070141	Groundwater	Bacteria	Acidobacteriota	Vicinamibacteria	Fen-336	JAGNNV01	JAGNNV01	0.00493693071017748
SRR10070150	Sediment	Bacteria	Actinomycetota	UBA4738	UBA4738	HRBIN12	DASSJM01	0.002406424864457398
SRR10070149	Sediment	Bacteria	Methylomirabilota	Methylomirabilia	Rokubacteriales	CSP1-6	AR37	0.00182322508259054
SRR10070150	Sediment	Bacteria	Pseudomonadota	Gammaproteobacteria	Steroidobacterales	Steroidobacteraceae	SCUD01	0.005885593343190986
SRR10070149	Sediment	Bacteria	Bacteroidota	Bacteroidia	Bacteroidales	Prolixibacteraceae	Draconibacterium	0.000109081842548152
SRR10102392	Soil	Bacteria	Myxococcota_A	UBA9160	SZUA-336	SZUA-336	VGRW01	0.0000303803621339166
SRR10102394	Soil	Bacteria	Pseudomonadota	Gammaproteobacteria	Burkholderiales	SG8-41	SG8-41	0.000519203097417335
SRR10070134	Riverwater	Bacteria	Pseudomonadota	Gammaproteobacteria	Pseudomonadales	Moraxellaceae	Fluviicoccus	0.00105577175687786
SRR10070149	Sediment	Bacteria	Chloroflexota	Anaerolineae	Anaerolineales	DRKV01	JAGUYX01	0.000716823536744998
SRR10070151	Sediment	Bacteria	Planctomycetota	Planctomycetia	Pirellulales	Thermoguttaceae	CAWGAJ01	0.000213541837773908
SRR10070132	Groundwater	Bacteria	Pseudomonadota	Gammaproteobacteria	Burkholderiales	Burkholderiaceae_C	Unclassified	0.015265222582295748
SRR10070149	Sediment	Bacteria	Bacteroidota	Bacteroidia	Cytophagales	Cyclobacteriaceae	ELB16-189	0.000451910490556629
SRR10102392	Soil	Bacteria	Planctomycetota	Planctomycetia	Pirellulales	Pirellulaceae	SXOA01	0.000896220682950541
SRR10070150	Sediment	Bacteria	Pseudomonadota	Gammaproteobacteria	Burkholderiales	Unclassified	Unclassified	0.003044272418891882
SRR10102394	Soil	Bacteria	Acidobacteriota	Vicinamibacteria	Vicinamibacterales	2-12-FULL-66-21	CAVSUB01	0.005310705967868752
SRR10070131	Riverwater	Bacteria	Pseudomonadota	Gammaproteobacteria	Steroidobacterales	GCA-2729495	SHZI01	0.0006603856652284939
SRR10070141	Groundwater	Bacteria	Pseudomonadota	Alphaproteobacteria	Sphingomonadales	Sphingomonadaceae	Sphingopyxis	0.00407296783589642
SRR10070149	Sediment	Bacteria	Pseudomonadota	Gammaproteobacteria	Pseudomonadales	Azotimanducaceae	Unclassified	0.00063890793492489
SRR10070149	Sediment	Bacteria	Planctomycetota	Brocadiia	CAIUPP01	CAIUPP01	JBEKCB01	0.0007479897774730409
SRR10102392	Soil	Bacteria	Actinomycetota	Actinomycetes	Mycobacteriales	Micromonosporaceae	Hamadaea	0.000243042897071333
SRR10070149	Sediment	Bacteria	Bacteroidota	Bacteroidia	Bacteroidales	FEN-979	CAIYUC01	0.0000779156018201085
SRR10070151	Sediment	Bacteria	Methylomirabilota	Methylomirabilia	Rokubacteriales	CSP1-6	AR37	0.00203686060645882
SRR10070151	Sediment	Bacteria	Pseudomonadota	Alphaproteobacteria	Micropepsales	Micropepsaceae	SZUA-430	0.000706330694175236
SRR10070131	Riverwater	Bacteria	Pseudomonadota	Gammaproteobacteria	Xanthomonadales	Unclassified	Unclassified	0.000161427607055854
SRR10070150	Sediment	Bacteria	Planctomycetota	Planctomycetia	Pirellulales	Pirellulaceae	Anammoximicrobium	0.000173958423936679
SRR10070149	Sediment	Bacteria	Bacillota	Bacilli	Unclassified	Unclassified	Unclassified	0.000498659851648694
SRR10102393	Soil	Bacteria	Pseudomonadota	Gammaproteobacteria	Pseudomonadales	Azotimanducaceae	Unclassified	0.00004086302713305
SRR10102394	Soil	Bacteria	Planctomycetota	Planctomycetia	Planctomycetales	Planctomycetaceae	SIAF01	0.001157081188530061
SRR10102393	Soil	Bacteria	Acidobacteriota	Terriglobia	Terriglobales	Acidobacteriaceae	Edaphobacter	0.0001634521085322
SRR10102392	Soil	Bacteria	Bacillota	Bacilli	Tumebacillales	Tumebacillaceae	Tumebacillus_A	0.00048608579414266605
SRR10070151	Sediment	Bacteria	JAUVQV01	JAUVQV01	JAUVQV01	DATDCY01	DATDCY01	0.00169190840697789
SRR10070130	Riverwater	Bacteria	Bdellovibrionota	UBA1018	UBA1018	UBA1018	Unclassified	0.000654559846558993
SRR10070149	Sediment	Bacteria	Bacteroidota	Ignavibacteria	Ignavibacteriales	Ignavibacteriaceae	DATFVA01	0.000124664962912174
SRR10070130	Riverwater	Bacteria	Methylomirabilota	Methylomirabilia	Methylomirabilales	Methylomirabilaceae	Methylomirabilis	0.000106556254090999
SRR10070149	Sediment	Bacteria	Acidobacteriota	Aminicenantia	Aminicenantales	Unclassified	Unclassified	0.001838808202954563
SRR10070131	Riverwater	Bacteria	Pseudomonadota	Alphaproteobacteria	Rhodobacterales	Rhodobacteraceae	Acidimangrovimonas	0.000469607584162484
SRR10070130	Riverwater	Bacteria	Pseudomonadota	Alphaproteobacteria	UBA9655	UBA9655	UBA9655	0.0022072366918849803
SRR10070132	Groundwater	Bacteria	Pseudomonadota	Gammaproteobacteria	Burkholderiales	SG8-41	PALSA-1004	0.00119392802319632
SRR10070131	Riverwater	Bacteria	Bacillota	Desulfitobacteriia	Desulfitobacteriales	Desulfitobacteriaceae	Desulfosporosinus	0.0000587009480203105
SRR10070151	Sediment	Bacteria	Planctomycetota	Phycisphaerae	Sedimentisphaerales	Unclassified	Unclassified	0.000229968132987286
SRR10070141	Groundwater	Bacteria	Methylomirabilota	Methylomirabilia	Methylomirabilales	Methylomirabilaceae	Methylomirabilis	0.0113549406334082
SRR10070134	Riverwater	Bacteria	Verrucomicrobiota	Verrucomicrobiia	Opitutales	Opitutaceae	Lacunisphaera	0.001608210466872092
SRR10070131	Riverwater	Bacteria	Desulfobacterota_D	UBA1144	Nemesobacterales	UBA2774	2-12-FULL-53-21	0.0000587009480203105
SRR10102392	Soil	Archaea	Thermoproteota	Nitrososphaeria	Nitrososphaerales	Nitrososphaeraceae	TH5896	0.01383825495199901
SRR10102392	Soil	Bacteria	Verrucomicrobiota	Verrucomicrobiia	Chthoniobacterales	UBA10450	AV133	0.00104812249362012
SRR10070149	Sediment	Bacteria	Pseudomonadota	Gammaproteobacteria	Acidiferrobacterales	Sulfurifustaceae	Sulfuricaulis	0.000872654740385215
SRR10102393	Soil	Bacteria	Actinomycetota	Acidimicrobiia	Acidimicrobiales	CADCSY01	JAEKLB01	0.00028604118993135
SRR10070130	Riverwater	Bacteria	Elusimicrobiota	Elusimicrobia	FEN-1173	FEN-1173	Unclassified	0.000197890186168998
SRR10070150	Sediment	Bacteria	Bacillota	Clostridia	Peptostreptococcales	Peptostreptococcaceae	Alkalithermobacter	0.0000869792119683396
SRR10102393	Soil	Bacteria	Pseudomonadota	Gammaproteobacteria	Xanthomonadales	Rhodanobacteraceae	Dokdonella_A	0.00044949329846355
SRR10102394	Soil	Bacteria	Actinomycetota	Actinomycetes	Propionibacteriales	Nocardioidaceae	Unclassified	0.00045986560056964
SRR10070133	Groundwater	Bacteria	Pseudomonadota	Gammaproteobacteria	Burkholderiales	SG8-41	Ga0077527	0.000580046403712297
SRR10070134	Riverwater	Bacteria	Pseudomonadota	Gammaproteobacteria	Francisellales	Francisellaceae	Caedibacter	0.000196422652442393
SRR10070131	Riverwater	Bacteria	Bdellovibrionota	UBA1018	UBA1018	Unclassified	Unclassified	0.000117401896040621
SRR10102394	Soil	Bacteria	Armatimonadota	Chthonomonadetes	Chthonomonadales	Chthonomonadaceae	CAIXIX01	0.0012460874338016
SRR10070130	Riverwater	Bacteria	Pseudomonadota	Alphaproteobacteria	Rickettsiales	UBA1997	Unclassified	0.00150700987928699
SRR10102393	Soil	Bacteria	Pseudomonadota	Alphaproteobacteria	Dongiales	Dongiaceae	JBGPEQ01	0.00006810504522175
SRR10070150	Sediment	Bacteria	Planctomycetota	Planctomycetia	Pirellulales	Pirellulaceae	Unclassified	0.0007103302310747729
SRR10070141	Groundwater	Bacteria	Pseudomonadota	Gammaproteobacteria	Xanthomonadales	Xanthomonadaceae	Unclassified	0.00209819555182543
SRR10070151	Sediment	Archaea	Halobacteriota	Methanosarcinia	Methanotrichales	Methanotrichaceae	Unclassified	0.000229968132987286
SRR10070134	Riverwater	Bacteria	Bdellovibrionota	UBA1018	UBA1018	UBA1018	CAVWVI01	0.000491056631105982
SRR10070134	Riverwater	Bacteria	Bacteroidota	Bacteroidia	2-12-FULL-35-15	2-12-FULL-35-15	2-12-FULL-35-15	0.00084707268865782
SRR10070149	Sediment	Bacteria	Zixibacteria	MSB-5A5	Unclassified	Unclassified	Unclassified	0.000592158573832824
SRR10070150	Sediment	Bacteria	Nitrospirota	Thermodesulfovibrionia	Thermodesulfovibrionales	Unclassified	Unclassified	0.000420399524513641
SRR10070151	Sediment	Bacteria	Actinomycetota	Actinomycetes	Mycobacteriales	Micromonosporaceae	Micromonospora	0.00047636256118795
SRR10070151	Sediment	Bacteria	Chloroflexota	Anaerolineae	Anaerolineales	UBA4823	CAWCPR01	0.000443509970761195
SRR10070131	Riverwater	Bacteria	Nitrospirota	Nitrospiria	Nitrospirales	Nitrospiraceae	Palsa-1315	0.000322855214111708
SRR10070133	Groundwater	Bacteria	Pseudomonadota	Gammaproteobacteria	DSM-16500	DSM-16500	Aquicella	0.00175501219584746
SRR10070133	Groundwater	Bacteria	Patescibacteriota	Minisyncoccia	Phycocordibacterales	UBA5272	UBA11704	0.00060979237313344
SRR10070149	Sediment	Bacteria	Zixibacteria	MSB-5A5	GN15	JAAZOE01	JAZGGI01	0.000405161129464564
SRR10102392	Soil	Bacteria	Pseudomonadota	Gammaproteobacteria	Legionellales	Legionellaceae	Unclassified	0.000607607242678333
SRR10070131	Riverwater	Bacteria	Bacillota	Bacilli	Bacillales	Cytobacillaceae	Bacillus_BD	0.000337530451116786
SRR10070151	Sediment	Bacteria	Pseudomonadota	Alphaproteobacteria	Azospirillales	Azospirillaceae	Skermanella	0.0000657051808535103
SRR10070151	Sediment	Bacteria	Pseudomonadota	Alphaproteobacteria	UBA828	UBA828	SHWC01	0.00047636256118795
SRR10102394	Soil	Archaea	Thermoproteota	Nitrososphaeria	Nitrososphaerales	Nitrososphaeraceae	Nitrosocosmicus	0.01786058655115634
SRR10070141	Groundwater	Bacteria	Patescibacteriota	UBA1384	2-12-FULL-50-11	2-12-FULL-50-11	GCA-016432625	0.000296215842610649
SRR10070151	Sediment	Bacteria	Pseudomonadota	Gammaproteobacteria	Burkholderiales	Thiobacillaceae	Thiobacillus	0.01135056999244391
SRR10070150	Sediment	Bacteria	Nitrospirota	Thermodesulfovibrionia	Thermodesulfovibrionales	SM23-35	CAVRAA01	0.001841059986663187
SRR10070131	Riverwater	Bacteria	Pseudomonadota	Alphaproteobacteria	Rickettsiales	Rickettsiaceae	Megaera	0.00123271990842652
SRR10070131	Riverwater	Bacteria	Bacteroidota	Bacteroidia	B-17B0	Aurantibacillaceae	UBA4416	0.001702327492589006
SRR10070132	Groundwater	Bacteria	Actinomycetota	Actinomycetes	Mycobacteriales	Mycobacteriaceae	Rhodococcoides	0.00341122292341805
SRR10102393	Soil	Bacteria	Bacillota	Bacilli	Paenibacillales	Paenibacillaceae	Paenibacillus_Z	0.00036776724419745
SRR10070150	Sediment	Bacteria	Chloroflexota	Anaerolineae	Anaerolineales	UBA4823	FEB-25	0.009611202922501515
SRR10102392	Soil	Bacteria	Myxococcota_A	Polyangia	Haliangiales	Haliangiaceae	JABFXX01	0.000956981407218375
SRR10102393	Soil	Bacteria	Actinomycetota	Actinomycetes	Streptomycetales	Streptomycetaceae	Unclassified	0.0003541462351531
SRR10070151	Sediment	Bacteria	Bacillota	Clostridia	Peptostreptococcales	Acidaminobacteraceae	JAFGTX01	0.000180689247347153
SRR10102392	Soil	Bacteria	Pseudomonadota	Alphaproteobacteria	Caulobacterales	Caulobacteraceae	Phenylobacterium	0.001351926114959291
SRR10070150	Sediment	Bacteria	Acidobacteriota	Vicinamibacteria	Vicinamibacterales	SCN-69-37	DASUGC01	0.00059435794845032
SRR10070134	Riverwater	Bacteria	Pseudomonadota	Alphaproteobacteria	Paracaedibacterales	Unclassified	Unclassified	0.000527885878438931
SRR10102392	Soil	Bacteria	Actinomycetota	Thermoleophilia	Solirubrobacterales	JBBDJG01	CAWACB01	0.0001822821728035
SRR10070131	Riverwater	Bacteria	Bacteroidota	Ignavibacteria	UBA10030	UBA10030	Unclassified	0.000102726659035543
SRR10070149	Sediment	Bacteria	Acidobacteriota	UBA6911	RPQK01	JADFOI01	JALLOL01	0.000451910490556629
SRR10070131	Riverwater	Bacteria	Pseudomonadota	Gammaproteobacteria	Burkholderiales	SG8-39	JAABQT01	0.000234803792081242
SRR10102393	Soil	Bacteria	Pseudomonadota	Alphaproteobacteria	Rhodobacterales	Rhodobacteraceae	Unclassified	0.0006674294431731501
SRR10070151	Sediment	Bacteria	Zixibacteria	MSB-5A5	GN15	FEB-12	JAGGTI01	0.00142908768356385
SRR10070133	Groundwater	Bacteria	Actinomycetota	Actinomycetes	Propionibacteriales	Nocardioidaceae	Nocardioides	0.000104110892974002
SRR10070150	Sediment	Bacteria	Bacteroidota	Ignavibacteria	Tepidaquicellales	OLB5	CAVUOA01	0.001797570380679017
SRR10070150	Sediment	Bacteria	Desulfobacterota	Desulfobaccia	Desulfobaccales	0-14-0-80-60-11	0-14-0-80-60-11	0.01825113797802323
SRR10102392	Soil	Bacteria	Bacteroidota	Bacteroidia	Chitinophagales	UBA10324	DASRAJ01	0.000167091991736542
SRR10070132	Groundwater	Bacteria	Bdellovibrionota	UBA1018	CAIPTA01	CAIPTA01	JAKFYM01	0.00144976974245267
SRR10070141	Groundwater	Bacteria	Bdellovibrionota	Bdellovibrionia	Bdellovibrionales	JAMPXM01	JANOUF01	0.000148107921305324
SRR10102393	Soil	Bacteria	Desulfobacterota	Desulfuromonadia	Geobacterales	Pseudopelobacteraceae	Oryzomonas	0.0001634521085322
SRR10070141	Groundwater	Bacteria	Actinomycetota	Thermoleophilia	Gaiellales	Gaiellaceae	Gaiella	0.000246846535508874
SRR10102394	Soil	Bacteria	Pseudomonadota	Alphaproteobacteria	Caulobacterales	Caulobacteraceae	Brevundimonas	0.000163178116331163
SRR10070151	Sediment	Bacteria	Actinomycetota	Acidimicrobiia	IMCC26256	PALSA-555	PALSA-555	0.000279247018627419
SRR10070150	Sediment	Bacteria	Bacteroidota	Ignavibacteria	UBA10030	UBA6906	JAGDMJ01	0.000333420312545302
SRR10070151	Sediment	Bacteria	Krumholzibacteriota	Krumholzibacteriia	LZORAL124-64-63	LZORAL124-64-63	Unclassified	0.000213541837773908
SRR10102394	Soil	Bacteria	Acidobacteriota	Vicinamibacteria	Vicinamibacterales	CAVVIG01	CAVRXZ01	0.00246250611917936
SRR10102393	Soil	Bacteria	Pseudomonadota	Alphaproteobacteria	Rhizobiales	Beijerinckiaceae	Microvirga	0.0039909556499945495
SRR10102394	Soil	Bacteria	Myxococcota_A	Polyangia	Polyangiales	Polyangiaceae	Unclassified	0.0012609218080135288
SRR10070134	Riverwater	Bacteria	Bdellovibrionota	UBA1018	CAIPTA01	CAIPTA01	JAKFYM01	0.000626097204660127
SRR10102393	Soil	Bacteria	Methylomirabilota	Methylomirabilia	Rokubacteriales	CSP1-6	AR5	0.00115778576876975
SRR10102392	Soil	Bacteria	Pseudomonadota	Gammaproteobacteria	Pseudomonadales	Halieaceae	Marimicrobium	0.000516466156276583
SRR10070130	Riverwater	Bacteria	Bacillota	Clostridia	Lachnospirales	Lachnospiraceae	Anaerostipes	0.000167445542142998
SRR10102393	Soil	Bacteria	Pseudomonadota	Alphaproteobacteria	Sphingomonadales	Sphingomonadaceae	Rhizorhabdus	0.0001906941266209
SRR10102394	Soil	Bacteria	Nitrospirota	Nitrospiria	Nitrospirales	Nitrospiraceae	DASSBQ01	0.000623043716900802
SRR10070134	Riverwater	Bacteria	Patescibacteriota	Saccharimonadia	Saccharimonadales	UBA4665	Unclassified	0.000233251899775342
SRR10102392	Soil	Bacteria	Pseudomonadota	Alphaproteobacteria	Rhizobiales	Xanthobacteraceae	Pseudorhodoplanes	0.000334183983473083
SRR10070130	Riverwater	Bacteria	Pseudomonadota	Gammaproteobacteria	Thiotrichales	Thiotrichaceae	Thiolinea	0.000319668762272997
SRR10102393	Soil	Bacteria	Pseudomonadota	Gammaproteobacteria	Burkholderiales	Burkholderiaceae_C	Polaromonas	0.00080363953361665
SRR10070133	Groundwater	Bacteria	Pseudomonadota	Gammaproteobacteria	DRLM01	DRLM01	JARRQJ01	0.00123445773097745
SRR10102392	Soil	Bacteria	Pseudomonadota	Gammaproteobacteria	Xanthomonadales	Rhodanobacteraceae	Dokdonella_A	0.000546846518410499
SRR10102393	Soil	Bacteria	Verrucomicrobiota	Verrucomicrobiia	Chthoniobacterales	Chthoniobacteraceae	DASYIS01	0.0010351966873706
SRR10070150	Sediment	Bacteria	Desulfobacterota	Desulfarculia	JACQYL01	Unclassified	Unclassified	0.000289930706561132
SRR10070151	Sediment	Bacteria	Acidobacteriota	Polarisedimenticolia	Polarisedimenticolales	Unclassified	Unclassified	0.000591346627681593
SRR10070131	Riverwater	Bacteria	Pseudomonadota	Alphaproteobacteria	Rhodobacterales	Rhodobacteraceae	Tabrizicola_A	0.000792462798274192
SRR10102393	Soil	Bacteria	Bacillota	Bacilli	Bacillales	Bacillaceae_G	Bacillus_A	0.00083088155170535
SRR10070150	Sediment	Bacteria	Myxococcota_A	UBA9160	UBA9160	PR03	PR03	0.000768316372386999
SRR10102392	Soil	Bacteria	Acidobacteriota	Vicinamibacteria	Vicinamibacterales	CAVVIG01	CAVQFD01	0.002187386073642
SRR10070151	Sediment	Bacteria	Gemmatimonadota	Gemmatimonadetes	Gemmatimonadales	GWC2-71-9	JAGGAG01	0.00154407175005749
SRR10102393	Soil	Bacteria	Actinomycetota	Rubrobacteria	Rubrobacterales	Rubrobacteraceae	JALYGY01	0.0012531328320802
SRR10070149	Sediment	Bacteria	Actinomycetota	Actinomycetes	Propionibacteriales	Propionibacteriaceae	Microlunatus	0.000420744249828586
SRR10070131	Riverwater	Bacteria	Verrucomicrobiota	Verrucomicrobiia	Verrucomicrobiales	V1-33	CAIZWU01	0.00024947902908632
SRR10070134	Riverwater	Bacteria	Bacteroidota	Ignavibacteria	Kapaibacteriales	UBA961	JADJXV01	0.00158365763531679
SRR10070134	Riverwater	Bacteria	Bacteroidota	Bacteroidia	Chitinophagales	JADIYW01	JADIYW01	0.000294633978663589
SRR10070131	Riverwater	Bacteria	Desulfobacterota	Desulfobacteria	Desulfobacterales	SpSt-501	SpSt-501	0.000234803792081242
SRR10070150	Sediment	Bacteria	Verrucomicrobiota	Verrucomicrobiia	Chthoniobacterales	UBA10450	CAVTTH01	0.000289930706561132
SRR10070151	Sediment	Bacteria	Chloroflexota	Dehalococcoidia	SM23-28-2	SM23-28-2	G963701285	0.0020861394920989483
SRR10102394	Soil	Bacteria	Acidobacteriota	Vicinamibacteria	Fen-336	Fen-336	DATBSL01	0.000326356232662325
SRR10070131	Riverwater	Bacteria	Pseudomonadota	Gammaproteobacteria	Burkholderiales	Burkholderiaceae_C	Limnohabitans_A	0.00261219218690382
SRR10070141	Groundwater	Bacteria	Acidobacteriota	Vicinamibacteria	Vicinamibacterales	UBA2999	Gp6-AA40	0.00056774703167041
SRR10102392	Soil	Bacteria	Bacteroidota	Bacteroidia	Chitinophagales	Chitinophagaceae	Pollutibacter	0.0001822821728035
SRR10070151	Sediment	Bacteria	Myxococcota_A	UBA9160	UBA9160	UBA6930	Unclassified	0.002923880547981206
SRR10070151	Sediment	Bacteria	Chloroflexota	Anaerolineae	Anaerolineales	UBA4823	CAVPDG01	0.000443509970761195
SRR10070141	Groundwater	Bacteria	Pseudomonadota	Gammaproteobacteria	Burkholderiales	Unclassified	Unclassified	0.004048283182345539
SRR10102392	Soil	Bacteria	Pseudomonadota	Gammaproteobacteria	Burkholderiales	Burkholderiaceae_C	Variovorax	0.00138230647709321
SRR10070134	Riverwater	Bacteria	Pseudomonadota	Gammaproteobacteria	Pseudomonadales	Moraxellaceae	UBA2031	0.000515609462661281
SRR10102392	Soil	Bacteria	Nitrospirota	Nitrospiria	Nitrospirales	Nitrospiraceae	Nitrospira_C	0.00226333697897679
SRR10070151	Sediment	Bacteria	Chloroflexota	Ktedonobacteria	Ktedonobacterales	Ktedonobacteraceae	Unclassified	0.000279247018627419
SRR10070150	Sediment	Bacteria	Desulfobacterota	Binatia	DP-6	DP-6	Unclassified	0.000971267866979792
SRR10070131	Riverwater	Bacteria	Myxococcota_A	Polyangia	Polyangiales	Polyangiaceae	SZUA-265	0.000205453318071087
SRR10102393	Soil	Bacteria	Bacillota	Clostridia	Peptostreptococcales	Peptostreptococcaceae	Alkalithermobacter	0.0001906941266209
SRR10070132	Groundwater	Bacteria	Bacillota	Bacilli	Bacillales	Bacillaceae_G	Bacillus_A	0.00123656830973904
SRR10070130	Riverwater	Bacteria	Nitrospirota	Nitrospiria	Nitrospirales	Nitrospiraceae	Palsa-1315	0.000258779474220998
SRR10070149	Sediment	Bacteria	Bacteroidota	Bacteroidia	2-12-FULL-35-15	2-12-FULL-35-15	2-12-FULL-35-15	0.00018699744436826
SRR10102394	Soil	Bacteria	Bacteroidota	Bacteroidia	Flavobacteriales	Flavobacteriaceae	Flavobacterium	0.001097743691682366
SRR10070131	Riverwater	Bacteria	Pseudomonadota	Alphaproteobacteria	Rhodobacterales	Rhodobacteraceae	Cypionkella	0.00126207038243668
SRR10070150	Sediment	Bacteria	Bacteroidota	Ignavibacteria	UBA10030	UBA6906	JAGDMK01	0.000956771331651734
SRR10070134	Riverwater	Bacteria	Chloroflexota	Anaerolineae	Aggregatilineales	Phototrophicaceae	CFX2	0.0000859349104435469
SRR10070149	Sediment	Bacteria	Verrucomicrobiota	Verrucomicrobiia	Chthoniobacterales	UBA10450	Udaeobacter	0.00311662407280434
SRR10070150	Sediment	Bacteria	Myxococcota	Myxococcia	Myxococcales	Myxococcaceae	RPRB01	0.000913281725667566
SRR10070151	Sediment	Bacteria	Bacteroidota	Bacteroidia	Flavobacteriales	Flavobacteriaceae	Namhaeicola	0.0000657051808535103
SRR10102393	Soil	Bacteria	Acidobacteriota	Terriglobia	Bryobacterales	Bryobacteraceae	JAPKYZ01	0.0002179361447096
SRR10070133	Groundwater	Bacteria	Patescibacteriota	Minisyncoccia	Minisyncoccales	UBA10102	UBA10102	0.000966744006187162
SRR10102394	Soil	Bacteria	Nitrospirota	Leptospirillia	Leptospirillales	Leptospirillaceae	UBA4572	0.000237349987390782
SRR10070130	Riverwater	Bacteria	Myxococcota_A	Polyangia	Polyangiales	Polyangiaceae	Labilithrix	0.000167445542142998
SRR10070150	Sediment	Bacteria	Omnitrophota	Gorgyraeia	Gygaellales	Profunditerraquicolaceae	Unclassified	0.0014206604621495478
SRR10070132	Groundwater	Bacteria	Desulfobacterota	GWC2-55-46	GWC2-55-46	Unclassified	Unclassified	0.000341122292341805
SRR10070131	Riverwater	Bacteria	Bacillota	Negativicutes	Selenomonadales	Selenomonadaceae	G963678095	0.000352205688121863
SRR10102392	Soil	Bacteria	Actinomycetota	Actinomycetes	Streptomycetales	Streptomycetaceae	Streptomyces	0.002035484262972414
SRR10070151	Sediment	Bacteria	Desulfobacterota	Syntrophorhabdia	Syntrophorhabdales	Syntrophorhabdaceae	PNOF01	0.000492788856401327
SRR10102392	Soil	Bacteria	Pseudomonadota	Alphaproteobacteria	Unclassified	Unclassified	Unclassified	0.000562036699477458
SRR10102394	Soil	Bacteria	Actinomycetota	Actinomycetes	Propionibacteriales	Nocardioidaceae	Nocardioides	0.006022755930041087
SRR10070141	Groundwater	Bacteria	Acidobacteriota	Vicinamibacteria	Vicinamibacterales	JAMQPK01	JAMQPK01	0.000246846535508874
SRR10070150	Sediment	Bacteria	Desulfobacterota	Binatia	HRBIN30	CADEER01	CAYYWP01	0.000478385665825868
SRR10070151	Sediment	Bacteria	Desulfobacterota	Binatia	UBA9968	UBA9968	DP-20	0.003580932356516307
SRR10102392	Soil	Bacteria	Gemmatimonadota	Gemmatimonadetes	Gemmatimonadales	GWC2-71-9	CAVVWJ01	0.0007898894154818321
SRR10070134	Riverwater	Bacteria	Pseudomonadota	Gammaproteobacteria	Burkholderiales	Burkholderiaceae_C	Limnohabitans_A	0.00203788501908983
SRR10070134	Riverwater	Bacteria	Methylomirabilota	Methylomirabilia	Methylomirabilales	Methylomirabilaceae	Methylomirabilis	0.0002455283155529908
SRR10102392	Soil	Archaea	Thermoproteota	Nitrososphaeria	Nitrososphaerales	Nitrososphaeraceae	Unclassified	0.0063798760481224934
SRR10070130	Riverwater	Bacteria	Actinomycetota	Acidimicrobiia	IMCC26256	JAGPDB01	JAGPDB01	0.000304446440259997
SRR10070133	Groundwater	Bacteria	Pseudomonadota	Gammaproteobacteria	Legionellales	Legionellaceae	Legionella	0.000743649235528586
SRR10070149	Sediment	Bacteria	Actinomycetota	UBA4738	UBA4738	HRBIN12	JAOUEA01	0.00123106650875771
SRR10070150	Sediment	Bacteria	Pseudomonadota	Alphaproteobacteria	Dongiales	Dongiaceae	JBGPEQ01	0.000405902989185585
SRR10102394	Soil	Bacteria	Pseudomonadota	Gammaproteobacteria	Xanthomonadales	Xanthomonadaceae	Alkalisalibacterium	0.00045986560056964
SRR10070149	Sediment	Bacteria	Spirochaetota	Spirochaetia	SZUA-6	Fen-1364	CAVTER01	0.00028049616655239
SRR10070149	Sediment	Bacteria	Desulfobacterota	Desulfobulbia	Desulfobulbales	VMSU01	VMSU01	0.001573895156766192
SRR10070150	Sediment	Bacteria	Chloroflexota	Dehalococcoidia	Dehalococcoidales	Unclassified	Unclassified	0.001478646603461772
SRR10070131	Riverwater	Bacteria	Pseudomonadota	Gammaproteobacteria	Enterobacterales	Enterobacteriaceae	Unclassified	0.0019958322326905573
SRR10070149	Sediment	Bacteria	Acidobacteriota	UBA6911	UBA6911	UBA6911	UBA6911	0.006638409275073236
SRR10102394	Soil	Bacteria	Chloroflexota	Chloroflexia	Thermomicrobiales	UBA6265	DASQCG01	0.000504368723205412
SRR10070141	Groundwater	Bacteria	Bacteroidota	Bacteroidia	B-17B0	Aurantibacillaceae	UBA4416	0.000246846535508874
SRR10102393	Soil	Bacteria	Bacillota	Clostridia	Lachnospirales	Lachnospiraceae	Mobilitalea	0.0023700555737169
SRR10070130	Riverwater	Bacteria	Pseudomonadota	Gammaproteobacteria	Burkholderiales	Burkholderiaceae_C	Malikia	0.0126801942368289
SRR10102394	Soil	Bacteria	Pseudomonadota	Gammaproteobacteria	Burkholderiales	Unclassified	Unclassified	0.001572443666463931
SRR10070149	Sediment	Bacteria	Verrucomicrobiota	Verrucomicrobiia	Opitutales	Opitutaceae	ER46	0.000436327370192607
SRR10070149	Sediment	Bacteria	Acidobacteriota	Blastocatellia	UBA7656	UBA7656	Onstottus_A	0.003817864489185311
SRR10102392	Soil	Bacteria	Acidobacteriota	Vicinamibacteria	Vicinamibacterales	2-12-FULL-66-21	CAVQAH01	0.000577226880544416
SRR10070150	Sediment	Bacteria	Pseudomonadota	Alphaproteobacteria	Rhizobiales	Afifellaceae	DASWJZ01	0.000434896059841698
SRR10070149	Sediment	Bacteria	Bacillota	Clostridia	Acetivibrionales	DTU013	MnB-11	0.00126223274948576
SRR10070134	Riverwater	Bacteria	Acidobacteriota	Vicinamibacteria	Vicinamibacterales	Unclassified	Unclassified	0.000184146236664743
SRR10070151	Sediment	Bacteria	Desulfobacterota	Binatia	UBA1149	CAITLU01	DATNBU01	0.00054206774204146
SRR10070149	Sediment	Bacteria	Pseudomonadota	Alphaproteobacteria	Rhizobiales	Hyphomicrobiaceae	Hyphomicrobium_A	0.000389578009100542
SRR10102393	Soil	Bacteria	Bacteroidota	Bacteroidia	Flavobacteriales	Flavobacteriaceae	Flavobacterium	0.0058297918709818
SRR10070150	Sediment	Bacteria	Verrucomicrobiota	Verrucomicrobiia	Opitutales	Opitutaceae	Unclassified	0.000391406453857528
SRR10102393	Soil	Bacteria	Myxococcota_A	Polyangia	Polyangiales	Houyiibacteriaceae	Unclassified	0.00012258908139915
SRR10070150	Sediment	Bacteria	Myxococcota	Myxococcia	Myxococcales	Myxococcaceae	Unclassified	0.000347916847873358
SRR10102394	Soil	Bacteria	Acidobacteriota	Blastocatellia	Pyrinomonadales	Pyrinomonadaceae	PSRF01	0.04202578214238035
SRR10070131	Riverwater	Bacteria	Bdellovibrionota	UBA1018	UBA1018	UBA1018	CAIOHW01	0.000264154266091397
SRR10070150	Sediment	Bacteria	Acidobacteriota	Vicinamibacteria	Vicinamibacterales	UBA2999	12-FULL-67-14b	0.00204401148125598
SRR10102392	Soil	Bacteria	Verrucomicrobiota	Verrucomicrobiia	Verrucomicrobiales	Akkermansiaceae	Luteolibacter	0.0011240733989549162
SRR10070131	Riverwater	Bacteria	Planctomycetota	PLA2	PLA2	PLA2	Unclassified	0.0000440257110152329
SRR10070131	Riverwater	Bacteria	Acidobacteriota	Vicinamibacteria	Vicinamibacterales	SCN-69-37	Unclassified	0.000117401896040621
SRR10070141	Groundwater	Bacteria	Pseudomonadota	Gammaproteobacteria	Burkholderiales	Burkholderiaceae_C	Hylemonella	0.00812125101824196
SRR10070149	Sediment	Bacteria	Myxococcota_A	Polyangia	Fen-1088	Fen-1088	Unclassified	0.000140248083276195
SRR10070151	Sediment	Bacteria	Bdellovibrionota	Bacteriovoracia	Bacteriovoracales	Bacteriovoracaceae	GCA-2720865	0.000262820723414041
SRR10070149	Sediment	Bacteria	Bacteroidota	Bacteroidia	Chitinophagales	CAIOSU01	BPHB01	0.00018699744436826
SRR10102393	Soil	Bacteria	Actinomycetota	Thermoleophilia	Gaiellales	JAICJC01	DATLLX01	0.0002451781627983
SRR10070149	Sediment	Bacteria	Eisenbacteria	RBG-16-71-46	RBG-16-71-46	RBG-16-71-46	JAIOPA01	0.001729726360406407
SRR10102392	Soil	Bacteria	Pseudomonadota	Alphaproteobacteria	Micropepsales	Micropepsaceae	CAIYRG01	0.000212662534937416
SRR10102394	Soil	Bacteria	Bacteroidota	Bacteroidia	Chitinophagales	Chitinophagaceae	JJ008	0.000237349987390782
SRR10070151	Sediment	Bacteria	Pseudomonadota	Gammaproteobacteria	Xanthomonadales	Unclassified	Unclassified	0.000377804789907684
SRR10070149	Sediment	Bacteria	Myxococcota_A	Polyangia	Fen-1088	Fen-1088	CAVYGB01	0.000358411768372499
SRR10070130	Riverwater	Bacteria	Pseudomonadota	Gammaproteobacteria	Burkholderiales	Rhodocyclaceae	Sterolibacterium	0.00135478665915699
SRR10070149	Sediment	Bacteria	Bacteroidota	Bacteroidia	Bacteroidales	VadinHA17	SR-FBR-E99	0.000358411768372499
SRR10070134	Riverwater	Bacteria	Pseudomonadota	Gammaproteobacteria	Burkholderiales	Burkholderiaceae_C	Ideonella	0.00654332960948721
SRR10102393	Soil	Bacteria	Methylomirabilota	Methylomirabilia	Rokubacteriales	CSP1-6	CAMLFJ01	0.0004903563255966
SRR10070130	Riverwater	Bacteria	Pseudomonadota	Gammaproteobacteria	Xanthomonadales	Xanthomonadaceae	Pseudoxanthomonas_A	0.000137000898116999
SRR10070133	Groundwater	Archaea	Unclassified	Unclassified	Unclassified	Unclassified	Unclassified	0.000877506097923731
SRR10102394	Soil	Bacteria	Planctomycetota	Phycisphaerae	Tepidisphaerales	Tepidisphaeraceae	Unclassified	0.002403168622331667
SRR10070150	Sediment	Bacteria	Krumholzibacteriota	Krumholzibacteriia	WVZY01	WVZY01	Unclassified	0.00192803919863153
SRR10102393	Soil	Bacteria	Acidobacteriota	Blastocatellia	UBA7656	UBA7656	Unclassified	0.0003541462351531
SRR10070150	Sediment	Bacteria	Chloroflexota	Dehalococcoidia	Dehalococcoidales	RBG-16-60-22	JBFYTX01	0.001725087704038737
SRR10070151	Sediment	Bacteria	Planctomycetota	Planctomycetia	Pirellulales	Lacipirellulaceae	JABDGM01	0.000344952199480929
SRR10070149	Sediment	Bacteria	Planctomycetota	UBA1135	UBA1135	GCA-002686595	Unclassified	0.000389578009100542
SRR10070149	Sediment	Bacteria	Verrucomicrobiota	Verrucomicrobiia	Chthoniobacterales	UBA10450	CAVTTH01	0.000483076731284672
SRR10070150	Sediment	Bacteria	Chloroflexota	Anaerolineae	Anaerolineales	Villigracilaceae	JBGPQJ01	0.0015656258154301138
SRR10070150	Sediment	Bacteria	Armatimonadota	Zipacnadia	Zipacnadales	UBA11051	JABLXH01	0.000115972282624453
SRR10070134	Riverwater	Bacteria	Pseudomonadota	Gammaproteobacteria	Burkholderiales	Rhodocyclaceae	Uliginosibacterium	0.0010312189253225631
SRR10070134	Riverwater	Bacteria	Planctomycetota	Planctomycetia	Pirellulales	Pirellulaceae	CAIXSC01	0.000159593405109444
SRR10070151	Sediment	Bacteria	Zixibacteria	MSB-5A5	UBA10806	UBA10806	UBA10806	0.00060777292289497
SRR10102394	Soil	Bacteria	Gemmatimonadota	Gemmatimonadetes	Gemmatimonadales	GWC2-71-9	CAVVWJ01	0.000712049962172346
SRR10102392	Soil	Bacteria	Actinomycetota	Acidimicrobiia	Acidimicrobiales	Ilumatobacteraceae	DASTFY01	0.000607607242678333
SRR10070150	Sediment	Bacteria	Chloroflexota	Limnocylindria	Limnocylindrales	CSP1-4	CAIXZV01	0.000971267866979792
SRR10102393	Soil	Bacteria	Verrucomicrobiota	Verrucomicrobiia	Opitutales	Opitutaceae	ER46	0.0008445025607497
SRR10070134	Riverwater	Bacteria	Pseudomonadota	Gammaproteobacteria	Burkholderiales	Rhodocyclaceae	Proximibacter	0.00347422566507482
SRR10070149	Sediment	Bacteria	Acidobacteriota	UBA4820	UBA4820	DSQY01	JBFLVU01	0.000389578009100542
SRR10070141	Groundwater	Bacteria	Patescibacteriota	Minisyncoccia	Phycocordibacterales	Zambryskibacteraceae	UBA5004	0.001160178716891709
SRR10070130	Riverwater	Bacteria	Pseudomonadota	Gammaproteobacteria	Burkholderiales	Burkholderiaceae_C	Comamonas	0.002679128674287977
SRR10070150	Sediment	Bacteria	Acidobacteriota	Blastocatellia	UBA7656	UBA7656	Unclassified	0.00192803919863153
SRR10070149	Sediment	Bacteria	Pseudomonadota	Alphaproteobacteria	Caulobacterales	Aquidulcibacteraceae	Vitreimonas	0.000140248083276195
SRR10102392	Soil	Bacteria	Pseudomonadota	Gammaproteobacteria	Steroidobacterales	Steroidobacteraceae	DATJKD01	0.00120002430428971
SRR10070151	Sediment	Bacteria	Pseudomonadota	Gammaproteobacteria	Xanthomonadales	Xanthomonadaceae	Arenimonas	0.000591346627681592
SRR10070130	Riverwater	Bacteria	Bacteroidota	Bacteroidia	Chitinophagales	Chitinophagaceae	JJ008	0.000456669660389996
SRR10070151	Sediment	Bacteria	Pseudomonadota	Gammaproteobacteria	DSM-5130	Acidihalobacteraceae	Acidihalobacter_A	0.000328525904267551
SRR10102394	Soil	Bacteria	Pseudomonadota	Alphaproteobacteria	Rhizobiales	Rhizobiaceae	Rhizobium	0.00045986560056964
SRR10102393	Soil	Bacteria	Planctomycetota	Planctomycetia	Pirellulales	Pirellulaceae	Unclassified	0.0023972975918056
SRR10070149	Sediment	Bacteria	Acidobacteriota	Thermoanaerobaculia	Thermoanaerobaculales	Sulfomarinibacteraceae	FEB-10	0.002181636850963032
SRR10070130	Riverwater	Bacteria	Cyanobacteriota	Vampirovibrionia	Gastranaerophilales	Gastranaerophilaceae	Unclassified	0.000471891982402996
SRR10102393	Soil	Bacteria	Hydrogenedentota	Hydrogenedentia	Hydrogenedentales	SLHB01	JAKJDA01	0.0000272420180887
SRR10070134	Riverwater	Bacteria	Bdellovibrionota_C	UBA2361	SZUA-149	Unclassified	Unclassified	0.000184146236664743
SRR10102393	Soil	Bacteria	Pseudomonadota	Alphaproteobacteria	Acetobacterales	Acetobacteraceae	Rhodopila	0.00020431513566525
SRR10070131	Riverwater	Bacteria	Pseudomonadota	Gammaproteobacteria	Xanthomonadales	SZUA-5	JADKFD01	0.000748437087258959
SRR10070133	Groundwater	Bacteria	Pseudomonadota	Gammaproteobacteria	Pseudomonadales	Pseudomonadaceae	Aquipseudomonas	0.03010292105419715
SRR10070151	Sediment	Bacteria	Methylomirabilota	Methylomirabilia	Rokubacteriales	CSP1-6	AR5	0.00397516344163738
SRR10102393	Soil	Bacteria	Desulfobacterota	Binatia	DP-6	DP-6	DATGIZ01	0.00017707311757655
SRR10070131	Riverwater	Bacteria	Pseudomonadota	Alphaproteobacteria	Rhizobiales	Xanthobacteraceae	Unclassified	0.000190778081066009
SRR10070150	Sediment	Bacteria	Bacillota	Negativicutes	JARBTT01	JARBTT01	JARBTT01	0.0000869792119683396
SRR10070149	Sediment	Bacteria	Desulfobacterota	Syntrophia	Syntrophales	Fen-1087	JAPLJM01	0.002166053730599018
SRR10070149	Sediment	Bacteria	Desulfobacterota	Syntrophorhabdia	Syntrophorhabdales	Syntrophorhabdaceae	PNOF01	0.000311662407280434
SRR10070151	Sediment	Bacteria	Chloroflexota	Anaerolineae	CG2-30-64-16	CG2-30-64-16	Unclassified	0.001166266960149808
SRR10070134	Riverwater	Bacteria	Pseudomonadota	Alphaproteobacteria	Rhizobiales	Xanthobacteraceae	Pseudolabrys	0.000135040573554145
SRR10102392	Soil	Bacteria	Chloroflexota	Chloroflexia	Thermomicrobiales	UBA6265	JADLGF01	0.000820269777615749
SRR10070141	Groundwater	Bacteria	Chloroflexota	Dehalococcoidia	Tepidiformales	Tepidiformaceae	Amarobacter	0.000148107921305324
SRR10070150	Sediment	Bacteria	Bipolaricaulota	Bipolaricaulia	UBA7950	UBA9294	CAIOGO01	0.000173958423936679
SRR10102392	Soil	Bacteria	Pseudomonadota	Alphaproteobacteria	ATCC43930	CGMCC-115725	AP-15	0.000106331267468708
SRR10102394	Soil	Bacteria	Verrucomicrobiota	Verrucomicrobiia	Limisphaerales	UBA8199	Unclassified	0.000534037471629259
SRR10070149	Sediment	Bacteria	Chloroflexota	Dehalococcoidia	DSTF01	JALHUB01	JALHUB01	0.000888237860749236
SRR10070151	Sediment	Bacteria	Acidobacteriota	Thermoanaerobaculia	Thermoanaerobaculales	Thermoanaerobaculaceae	Unclassified	0.001002004008016032
SRR10070150	Sediment	Archaea	Thermoproteota	Bathyarchaeia	TCS64	TCS64	UBA8941	0.000492882201153924
SRR10070150	Sediment	Bacteria	Acidobacteriota	Vicinamibacteria	Vicinamibacterales	Unclassified	Unclassified	0.002971789742251602
SRR10070150	Sediment	Bacteria	Chloroflexota	Anaerolineae	UBA4142	UBA4142	JAMDCU01	0.000188454959264736
SRR10070133	Groundwater	Bacteria	Patescibacteriota	UBA1384	2-12-FULL-50-11	2-12-FULL-50-11	GCA-016432625	0.000267713724790291
SRR10102392	Soil	Bacteria	Actinomycetota	Thermoleophilia	Gaiellales	JAICJC01	JAICYJ01	0.000121521448535667
SRR10070130	Riverwater	Bacteria	Bdellovibrionota	Bacteriovoracia	Bacteriovoracales	Bacteriovoracaceae	BSW11-IV	0.000152223220129999
SRR10070134	Riverwater	Bacteria	Patescibacteriota	Saccharimonadia	Saccharimonadales	Saccharimonadaceae	JAPUDS01	0.00283585204463705
SRR10070132	Groundwater	Bacteria	Verrucomicrobiota	Verrucomicrobiia	JABWAM01	JABWAM01	JABDCI01	0.000255841719256353
SRR10070149	Sediment	Bacteria	Desulfobacterota	Desulfuromonadia	Geobacterales	Geobacteraceae	Geobacter	0.00028049616655239
SRR10070149	Sediment	Bacteria	Gemmatimonadota	Gemmatimonadetes	JACCXV01	JAHWKZ01	CAMYLR01	0.000934987221841301
SRR10102394	Soil	Bacteria	Pseudomonadota	Gammaproteobacteria	Burkholderiales	Burkholderiaceae_D	Paucimonas	0.000534037471629259
SRR10070133	Groundwater	Bacteria	Bdellovibrionota	Bdellovibrionia	Bdellovibrionales	Bdellovibrionaceae	21-14-0-10-47-8	0.000981616990897733
SRR10070151	Sediment	Bacteria	Desulfobacterota	Binatia	UBA1149	Unclassified	Unclassified	0.000574920332468215
SRR10070150	Sediment	Bacteria	Chloroflexota	Dehalococcoidia	DSTF01	WHTK01	WHTK01	0.000855295584355339
SRR10070150	Sediment	Bacteria	Myxococcota_A	UBA9160	UBA9160	SMWR01	DASUFZ01	0.00124670203821287
SRR10070130	Riverwater	Bacteria	Pseudomonadota	Alphaproteobacteria	Micavibrionales	Micavibrionaceae	UBA1573	0.000989450930844991
SRR10070150	Sediment	Bacteria	Acidobacteriota	Vicinamibacteria	Vicinamibacterales	CAVPJW01	Unclassified	0.000391406453857528
SRR10070131	Riverwater	Bacteria	Pseudomonadota	Gammaproteobacteria	Pseudomonadales	Pseudomonadaceae	Aquipseudomonas	0.010947726805787912
SRR10070149	Sediment	Bacteria	Desulfobacterota	Desulfobulbia	Desulfobulbales	Unclassified	Unclassified	0.0015115626753101
SRR10102393	Soil	Bacteria	Actinomycetota	Acidimicrobiia	Acidimicrobiales	CADCSY01	CAWIVE01	0.00012258908139915
SRR10070134	Riverwater	Bacteria	Bdellovibrionota	Bdellovibrionia	Bdellovibrionales	Bdellovibrionaceae	Unclassified	0.000662926451993076
SRR10070130	Riverwater	Bacteria	Bacteroidota	Bacteroidia	Flavobacteriales_D	Crocinitomicaceae	JADJGJ01	0.000137000898116999
SRR10070132	Groundwater	Bacteria	Desulfobacterota	Binatia	JACPRU01	JACPRU01	CAVQIG01	0.000341122292341805
SRR10070150	Sediment	Bacteria	Gemmatimonadota	Gemmatimonadetes	Gemmatimonadales	Unclassified	Unclassified	0.000376909918529471
SRR10102392	Soil	Bacteria	Actinomycetota	Actinomycetes	Actinomycetales	Microbacteriaceae	Agromyces	0.000637987604812249
SRR10102393	Soil	Bacteria	Actinomycetota	Actinomycetes	Propionibacteriales	Nocardioidaceae	Nocardioides	0.005857033889070501
SRR10070150	Sediment	Bacteria	Gemmatimonadota	Gemmatimonadetes	Gemmatimonadales	Gemmatimonadaceae	JABWBJ01	0.002304949117161
SRR10102394	Soil	Bacteria	Bacteroidota	Bacteroidia	Cytophagales	Cyclobacteriaceae	Chryseolinea	0.000801056207443889
SRR10102392	Soil	Bacteria	Planctomycetota	Planctomycetia	Pirellulales	Lacipirellulaceae	Lacipirellula	0.000303803621339166
SRR10070151	Sediment	Unclassified	Unclassified	Unclassified	Unclassified	Unclassified	Unclassified	0.02582213607542954
SRR10070130	Riverwater	Bacteria	Pseudomonadota	Gammaproteobacteria	Burkholderiales	Rhodocyclaceae	Zoogloea	0.00118734111701399
SRR10102393	Soil	Bacteria	Actinomycetota	Thermoleophilia	Solirubrobacterales	Thermoleophilaceae	DASPHG01	0.00053121935272965
SRR10102393	Soil	Bacteria	Pseudomonadota	Gammaproteobacteria	Xanthomonadales	Xanthomonadaceae	Alkalisalibacterium	0.0006265664160401
SRR10070130	Riverwater	Bacteria	Pseudomonadota	Alphaproteobacteria	Rhodobacterales	Rhodobacteraceae	Tabrizicola_A	0.000791560744675993
SRR10070132	Groundwater	Archaea	Nanobdellota	Nanobdellia	Unclassified	Unclassified	Unclassified	0.00038376257888453
SRR10070131	Riverwater	Bacteria	Bacteroidota	Bacteroidia	Sphingobacteriales	Sphingobacteriaceae	CAJBVG01	0.000234803792081242
SRR10070131	Riverwater	Bacteria	Elusimicrobiota	Elusimicrobia	FEN-1173	FEN-1173	Unclassified	0.000161427607055854
SRR10070130	Riverwater	Bacteria	Eisenbacteria	RBG-16-71-46	SZUA-252	SZUA-252	WS-9	0.000182667864155998
SRR10102393	Soil	Bacteria	Armatimonadota	Armatimonadia	Armatimonadales	Armatimonadaceae	Unclassified	0.0001089680723548
SRR10070151	Sediment	Bacteria	Desulfobacterota	SM23-61	SM23-61	SM23-61	JAHJQK01	0.00924800420513157
SRR10070151	Sediment	Bacteria	Planctomycetota	Planctomycetia	Pirellulales	Thermoguttaceae	Unclassified	0.000262820723414041
SRR10070131	Riverwater	Bacteria	Bacillota	Bacilli	Lactobacillales	Unclassified	Unclassified	0.000616359954213261
SRR10070150	Sediment	Bacteria	Acidobacteriota	Vicinamibacteria	Vicinamibacterales	UBA2999	Gp6-AA40	0.0041750021744803014
SRR10102393	Soil	Bacteria	Acidobacteriota	Vicinamibacteria	Vicinamibacterales	UBA2999	12-FULL-67-14b	0.0071918927754168
SRR10070130	Riverwater	Bacteria	Bacillota	Clostridia	Clostridiales	Clostridiaceae	Clostridium_J	0.000228334830194998
SRR10070149	Sediment	Bacteria	Pseudomonadota	Alphaproteobacteria	Geminicoccales	Geminicoccaceae	DASUGG01	0.000155831203640217
SRR10070151	Sediment	Bacteria	Pseudomonadota	Gammaproteobacteria	Burkholderiales	Rhodocyclaceae	Desulfobacillus	0.001133414369723053
SRR10102392	Soil	Bacteria	Verrucomicrobiota	Verrucomicrobiia	Opitutales	Opitutaceae	Lacunisphaera	0.000516466156276583
SRR10070132	Groundwater	Bacteria	Nitrospirota	Thermodesulfovibrionia	UBA6902	Unclassified	Unclassified	0.00038376257888453
SRR10070130	Riverwater	Bacteria	Pseudomonadota	Gammaproteobacteria	Burkholderiales	Burkholderiaceae_C	Allorhodoferax	0.00791560744675993
SRR10070132	Groundwater	Bacteria	Gemmatimonadota	Gemmatimonadetes	Gemmatimonadales	Gemmatimonadaceae	Unclassified	0.000639604298140884
SRR10070131	Riverwater	Bacteria	Pseudomonadota	Gammaproteobacteria	Burkholderiales	Chitinibacteraceae	Formivibrio	0.000293504740101553
SRR10102394	Soil	Bacteria	Actinomycetota	Thermoleophilia	Gaiellales	Gaiellaceae	GMQP-bins7	0.003026212339232464
SRR10102393	Soil	Bacteria	Planctomycetota	Planctomycetia	Pirellulales	Pirellulaceae	SXOA01	0.00042225128037485
SRR10102394	Soil	Bacteria	Acidobacteriota	Terriglobia	Terriglobales	Acidobacteriaceae	JANXZS01	0.000400528103721944
SRR10070150	Sediment	Bacteria	Krumholzibacteriota	Krumholzibacteriia	LZORAL124-64-63	LZORAL124-64-63	CAVSGO01	0.001101736684932301
SRR10070131	Riverwater	Bacteria	Patescibacteriota	Saccharimonadia	Saccharimonadales	CAIOMD01	Unclassified	0.000528308532182795
SRR10070150	Sediment	Bacteria	Pseudomonadota	Gammaproteobacteria	Steroidobacterales	Steroidobacteraceae	Steroidobacter	0.000550868342466151
SRR10070130	Riverwater	Bacteria	Actinomycetota	Actinomycetes	S36-B12	Unclassified	Unclassified	0.000304446440259997
SRR10070151	Sediment	Bacteria	Desulfobacterota	Desulfuromonadia	Desulfuromonadales	UBA2197	UBA2197	0.000574920332468215
SRR10070131	Riverwater	Bacteria	Pseudomonadota	Gammaproteobacteria	Burkholderiales	Rhodocyclaceae	Proximibacter	0.00435854539050805
SRR10102393	Soil	Bacteria	Bacillota	Bacilli	Tumebacillales	Tumebacillaceae	Tumebacillus_A	0.00058570338890705
SRR10070134	Riverwater	Bacteria	Pseudomonadota	Gammaproteobacteria	Burkholderiales	Neisseriaceae	Neisseria	0.000491056631105982
SRR10070150	Sediment	Bacteria	Myxococcota_A	UBA9160	UBA9160	SMWR01	DATBRV01	0.00172508770403873
SRR10070151	Sediment	Bacteria	Acidobacteriota	Terriglobia	UBA7540	UBA7540	Unclassified	0.001067709188869542
SRR10070130	Riverwater	Bacteria	Bacteroidota	Bacteroidia	Bacteroidales	VadinHA17	LD21	0.000213112508181998
SRR10070150	Sediment	Bacteria	Pseudomonadota	Alphaproteobacteria	UBA9655	UBA9655	UBA9655	0.000173958423936679
SRR10070131	Riverwater	Bacteria	Actinomycetota	Acidimicrobiia	Acidimicrobiales	Ilumatobacteraceae	JAKOUY01	0.000234803792081242
SRR10102392	Soil	Bacteria	Actinomycetota	Actinomycetes	Mycobacteriales	Pseudonocardiaceae	Pseudonocardia	0.0007443188722809581
SRR10070132	Groundwater	Bacteria	Pseudomonadota	Alphaproteobacteria	Caulobacterales	Caulobacteraceae	Brevundimonas	0.00277161862527716
SRR10102392	Soil	Bacteria	Gemmatimonadota	Gemmatimonadetes	Gemmatimonadales	Gemmatimonadaceae	Unclassified	0.0030987969376594926
SRR10102392	Soil	Bacteria	Bacteroidota	Bacteroidia	Chitinophagales	Chitinophagaceae	Niastella	0.000349374164540041
SRR10070150	Sediment	Bacteria	Desulfobacterota	Desulfuromonadia	Desulfuromonadales	Unclassified	Unclassified	0.000405902989185585
SRR10070150	Sediment	Bacteria	Desulfobacterota	GWC2-55-46	GWC2-55-46	GWC2-55-46	GWA2-54-12	0.000144965353280566
SRR10102394	Soil	Bacteria	Pseudomonadota	Gammaproteobacteria	Burkholderiales	Burkholderiaceae_D	Unclassified	0.005503552832623754
SRR10102393	Soil	Bacteria	Chloroflexota	Dehalococcoidia	DSTF01	WHTK01	WHTK01	0.0015527950310559
SRR10070130	Riverwater	Bacteria	Bacillota	Clostridia	Oscillospirales	Ruminococcaceae	Unclassified	0.000289224118246997
SRR10070133	Groundwater	Bacteria	Patescibacteriota	Saccharimonadia	Saccharimonadales	UBA4665	JARIHD01	0.00178475816526861
SRR10070151	Sediment	Bacteria	Moduliflexota	Moduliflexia	Moduliflexales	Moduliflexaceae	Unclassified	0.000279247018627419
SRR10070131	Riverwater	Bacteria	Pseudomonadota	Alphaproteobacteria	Sphingomonadales	Sphingomonadaceae	Aquisediminimonas	0.000190778081066009
SRR10102393	Soil	Bacteria	Planctomycetota	Planctomycetia	Planctomycetales	Planctomycetaceae	Caulifigura	0.0002451781627983
SRR10070131	Riverwater	Bacteria	Planctomycetota	UBA11346	UBA11346	UBA11346	BOG-1363	0.000337530451116786
SRR10102394	Soil	Bacteria	Pseudomonadota	Gammaproteobacteria	Burkholderiales	Usitatibacteraceae	Usitatibacter	0.002877868597113235
SRR10102392	Soil	Bacteria	Patescibacteriota	Saccharimonadia	Saccharimonadales	Saccharimonadaceae	UBA6022	0.000258233078138291
SRR10070131	Riverwater	Bacteria	Pseudomonadota	Gammaproteobacteria	Burkholderiales	Gallionellaceae	Unclassified	0.001511549411523
SRR10070134	Riverwater	Bacteria	Pseudomonadota	Gammaproteobacteria	Burkholderiales	Casimicrobiaceae	CAIWHR01	0.00036829247332948703
SRR10070131	Riverwater	Bacteria	Bdellovibrionota	Bdellovibrionia	Bdellovibrionales	Bdellovibrionaceae	21-14-0-10-47-8	0.000293504740101553
SRR10070130	Riverwater	Bacteria	Pseudomonadota	Gammaproteobacteria	Steroidobacterales	Woeseiaceae	Unclassified	0.000106556254090999
SRR10070133	Groundwater	Bacteria	Pseudomonadota	Gammaproteobacteria	Xanthomonadales	Xanthomonadaceae	Unclassified	0.000624665357844012
SRR10102394	Soil	Bacteria	Chloroflexota	Chloroflexia	Thermomicrobiales	UBA6265	JAMLHN01	0.000890062452715432
SRR10070130	Riverwater	Bacteria	Pseudomonadota	Alphaproteobacteria	Caulobacterales	Caulobacteraceae	Brevundimonas	0.000395780372337996
SRR10070151	Sediment	Bacteria	Acidobacteriota	Thermoanaerobaculia	Thermoanaerobaculales	Thermoanaerobaculaceae	RBG-13-68-16	0.0010348565984427869
SRR10070130	Riverwater	Bacteria	Unclassified	Unclassified	Unclassified	Unclassified	Unclassified	0.04616930266542858
SRR10102394	Soil	Bacteria	Pseudomonadota	Gammaproteobacteria	Burkholderiales	Burkholderiaceae_D	Oxalicibacterium	0.00178012490543086
SRR10070149	Sediment	Bacteria	Bacteroidota	Ignavibacteria	Ignavibacteriales	Ignavibacteriaceae	CAVXTT01	0.00109081842548152
SRR10070150	Sediment	Bacteria	Acidobacteriota	Blastocatellia	RBC074	RBC074	JAHBSF01	0.000347916847873358
SRR10070130	Riverwater	Archaea	Nanobdellota	Nanobdellia	Unclassified	Unclassified	Unclassified	0.000274001796233998
SRR10070149	Sediment	Bacteria	Verrucomicrobiota	Verrucomicrobiia	Limisphaerales	UBA8199	PALSA-1440	0.000981736582933366
SRR10070151	Sediment	Bacteria	ARS69	ARS69	ARS69	ARS69	Unclassified	0.000410657380334439
SRR10070150	Sediment	Bacteria	Planctomycetota	UBA1135	UBA1135	GCA-002686595	JABFRZ01	0.000434896059841698
SRR10070150	Sediment	Bacteria	Chloroflexota	Anaerolineae	Anaerolineales	UBA4823	CAWJHE01	0.00139166739149343
SRR10102394	Soil	Bacteria	Bacillota	Bacilli	Bacillales	Cytobacillaceae	Unclassified	0.000593374968476955
SRR10070149	Sediment	Bacteria	Desulfobacterota	Desulfobulbia	Desulfobulbales	Desulfurivibrionaceae	Thiovibrio	0.00109081842548152
SRR10070134	Riverwater	Bacteria	Verrucomicrobiota	Verrucomicrobiia	Limisphaerales	JADLHS01	JADLHS01	0.000454227383773034
SRR10070130	Riverwater	Bacteria	Patescibacteriota	Saccharimonadia	Saccharimonadales	JAGQNJ01	HK-STAS-PATE-36	0.000106556254090999
SRR10070151	Sediment	Bacteria	Methylomirabilota	Methylomirabilia	Rokubacteriales	DASRDR01	DASRDR01	0.001396235093137094
SRR10102393	Soil	Bacteria	Unclassified	Unclassified	Unclassified	Unclassified	Unclassified	0.02963931568050565
SRR10070150	Sediment	Bacteria	Acidobacteriota	Terriglobia	Terriglobales	Acidobacteriaceae	Unclassified	0.00055086834246615
SRR10102393	Soil	Bacteria	Methylomirabilota	Methylomirabilia	Rokubacteriales	CSP1-6	AR31	0.00058570338890705
SRR10070130	Riverwater	Bacteria	Pseudomonadota	Gammaproteobacteria	Pseudomonadales	Cellvibrionaceae	Pseudomaricurvus	0.000243557152207998
SRR10070131	Riverwater	Bacteria	Myxococcota_A	Polyangia	Palsa-1104	JAEUJZ01	Unclassified	0.000601684717208183
SRR10102394	Soil	Bacteria	Pseudomonadota	Alphaproteobacteria	Geminicoccales	Geminicoccaceae	DATAOG01	0.000148343742119239
SRR10070133	Groundwater	Bacteria	Pseudomonadota	Gammaproteobacteria	Xanthomonadales	Rhodanobacteraceae	Tahibacter	0.000118983877684574
SRR10070149	Sediment	Bacteria	Desulfobacterota	Desulfobacteria	Desulfobacterales	SURF-7	QZKS01	0.001418063953125977
SRR10070151	Sediment	Bacteria	Planctomycetota	Planctomycetia	Pirellulales	Pirellulaceae	Unclassified	0.000394231085121061
SRR10070149	Sediment	Bacteria	Methylomirabilota	Methylomirabilia	Rokubacteriales	CSP1-6	Unclassified	0.000872654740385215
SRR10102392	Soil	Bacteria	Verrucomicrobiota	Verrucomicrobiia	Opitutales	Opitutaceae	Unclassified	0.002202576254708952
SRR10070133	Groundwater	Bacteria	Pseudomonadota	Alphaproteobacteria	Sphingomonadales	Sphingomonadaceae	Sphingomicrobium	0.00034207864834315
SRR10070150	Sediment	Bacteria	Nitrospirota	Nitrospiria	Nitrospirales	Nitrospiraceae	2-02-FULL-62-14	0.000362413383201415
SRR10070150	Sediment	Bacteria	Bacteroidota	Bacteroidia	Bacteroidales	Prolixibacteraceae	Draconibacterium	0.000289930706561132
SRR10070151	Sediment	Bacteria	Acidobacteriota	Thermoanaerobaculia	UBA5066	Gp7-AA6	Gp7-AA6	0.00067347810374848
SRR10070133	Groundwater	Bacteria	Desulfobacterota	Deferrimicrobia	Deferrimicrobiales	Deferrimicrobiaceae	Deferrimicrobium	0.000223094770658576
SRR10070150	Sediment	Bacteria	Desulfobacterota	Desulfuromonadia	Geobacterales	Geobacteraceae	Geobacter	0.000420399524513641
SRR10070132	Groundwater	Bacteria	Nitrospirota	Thermodesulfovibrionia	Thermodesulfovibrionales	UBA1546	UBA1546	0.000213201432713628
SRR10102393	Soil	Bacteria	Acidobacteriota	Vicinamibacteria	Vicinamibacterales	2-12-FULL-66-21	Unclassified	0.00805001634521085
SRR10102392	Soil	Bacteria	Acidobacteriota	Vicinamibacteria	Vicinamibacterales	UBA2999	DASYRM01	0.002111435168307206
SRR10102392	Soil	Bacteria	Pseudomonadota	Gammaproteobacteria	Xanthomonadales	Xanthomonadaceae	Thermomonas	0.00129116539069146
SRR10070132	Groundwater	Bacteria	Omnitrophota	Omnitrophia	Omnitrophales	Aquincolibacteriaceae	JBMONI01	0.000213201432713628
SRR10070132	Groundwater	Bacteria	Fibrobacterota	Fibrobacteria	UBA11236	UBA11236	UBA11236	0.000938086303939962
SRR10070130	Riverwater	Bacteria	Pseudomonadota	Gammaproteobacteria	Xanthomonadales	Xanthomonadaceae	JALCLA01	0.000106556254090999
SRR10102393	Soil	Bacteria	Acidobacteriota	Blastocatellia	RBC074	RBC074	JAHBSF01	0.00074915549743925
SRR10070150	Sediment	Bacteria	Myxococcota_A	Polyangia	GCA-2747355	GCA-2747355	JADJTL01	0.000463889130497811
SRR10070149	Sediment	Bacteria	Pseudomonadota	Gammaproteobacteria	Xanthomonadales	Xanthomonadaceae	Unclassified	0.00102848594402543
SRR10102393	Soil	Bacteria	Acidobacteriota	Vicinamibacteria	Vicinamibacterales	UBA2999	CAWJWY01	0.00042225128037485
SRR10102392	Soil	Bacteria	Acidobacteriota	Vicinamibacteria	Vicinamibacterales	UBA2999	CAVVST01	0.000546846518410499
SRR10070150	Sediment	Bacteria	Desulfobacterota	SM23-61	SM23-61	SM23-61	JAHJQK01	0.007175784987388015
SRR10070150	Sediment	Bacteria	Acidobacteriota	Terriglobia	Unclassified	Unclassified	Unclassified	0.000101475747296396
SRR10070149	Sediment	Bacteria	Pseudomonadota	Gammaproteobacteria	Xanthomonadales	Xanthomonadaceae	Agrilutibacter	0.000514242972012716
SRR10070130	Riverwater	Bacteria	Bacillota	Clostridia	Eubacteriales	Eubacteriaceae	Acetobacterium	0.000243557152207998
SRR10070149	Sediment	Bacteria	Chloroflexota	Anaerolineae	Anaerolineales	RBG-16-64-43	RBG-16-64-43	0.00143364707349
SRR10070130	Riverwater	Bacteria	Pseudomonadota	Alphaproteobacteria	Rhizobiales	Aestuariivirgaceae	Aestuariivirga	0.000182667864155998
SRR10070150	Sediment	Bacteria	Methylomirabilota	Methylomirabilia	CAVQYV01	CAVQYV01	CAVQYV01	0.000492882201153924
SRR10070151	Sediment	Bacteria	Chloroflexota	Limnocylindria	Limnocylindrales	CSP1-4	Fen-1039	0.000821314760668879
SRR10070134	Riverwater	Bacteria	Verrucomicrobiota	Verrucomicrobiia	Opitutales	Opitutaceae	CAWCPJ01	0.0000491056631105982
SRR10102392	Soil	Bacteria	Nitrospirota	Leptospirillia	Leptospirillales	Leptospirillaceae	UBA4572	0.000288613440272208
SRR10070151	Sediment	Bacteria	Actinomycetota	UBA4738	UBA4738	HRBIN12	JAOUEA01	0.000509215151614705
SRR10070150	Sediment	Bacteria	Nitrospirota	Thermodesulfovibrionia	Thermodesulfovibrionales	UBA6898	UBA6898	0.00146415006813372
SRR10070130	Riverwater	Bacteria	Bdellovibrionota	Bacteriovoracia	Bacteriovoracales	Bacteriovoracaceae	Peredibacter	0.000730671456623993
SRR10102392	Soil	Bacteria	Actinomycetota	Actinomycetes	Mycobacteriales	Mycobacteriaceae	Mycobacterium	0.003098796937659499
SRR10070132	Groundwater	Bacteria	Omnitrophota	Gorgyraeia	Gygaellales	Profunditerraquicolaceae	UBA6249	0.002771618625277161
SRR10102393	Soil	Bacteria	Acidobacteriota	Vicinamibacteria	Vicinamibacterales	2-12-FULL-66-21	DATBJJ01	0.0028876539174022
SRR10070150	Sediment	Bacteria	Pseudomonadota	Gammaproteobacteria	Burkholderiales	Rhodocyclaceae	Desulfobacillus	0.001377170856165376
SRR10070133	Groundwater	Bacteria	Patescibacteriota	Minisyncoccia	Unclassified	Unclassified	Unclassified	0.000743649235528586
SRR10070132	Groundwater	Bacteria	Patescibacteriota	Minisyncoccia	UBA6257	GWB1-50-10	JBBTQX01	0.000895446017397237
SRR10102394	Soil	Bacteria	Gemmatimonadota	Gemmatimonadetes	Gemmatimonadales	Gemmatimonadaceae	Unclassified	0.0025515123644509062
SRR10070149	Sediment	Bacteria	Chloroflexota	Limnocylindria	Limnocylindrales	CSP1-4	SPCO01	0.004347690581562055
SRR10070131	Riverwater	Bacteria	Omnitrophota	Gorgyraeia	Unclassified	Unclassified	Unclassified	0.00148219893751284
SRR10070141	Groundwater	Bacteria	Myxococcota_A	UBA9160	SZUA-336	SZUA-336	VGRW01	0.000123423267754437
SRR10070130	Riverwater	Bacteria	Myxococcota_A	Polyangia	Palsa-1104	JAEUJZ01	JAEUKA01	0.000548003592467995
SRR10070150	Sediment	Bacteria	Acidobacteriota	JAAYUB01	JAAYUB01	JAAYUB01	JAAYUB01	0.000666840625090603
SRR10070134	Riverwater	Bacteria	Pseudomonadota	Gammaproteobacteria	Pseudomonadales	Halieaceae	Marimicrobium	0.00153455197220619
SRR10102393	Soil	Bacteria	Chloroflexota	UBA6077	UBA6077	JACCZL01	CAVXYC01	0.0014302059496567499
SRR10070151	Sediment	Bacteria	Pseudomonadota	Gammaproteobacteria	Steroidobacterales	Rariloculaceae	FEN-1219	0.004155852688984528
SRR10070149	Sediment	Bacteria	Chloroflexota	Dehalococcoidia	DSTF01	JALHUB01	DAOUEO01	0.000514242972012716
SRR10102393	Soil	Bacteria	Acidobacteriota	Blastocatellia	Pyrinomonadales	Pyrinomonadaceae	JAIBCC01	0.00031328320802005
SRR10102393	Soil	Bacteria	Acidobacteriota	Vicinamibacteria	Vicinamibacterales	UBA2999	DATCJA01	0.00151193200392285
SRR10070150	Sediment	Bacteria	Chloroflexota	Limnocylindria	Limnocylindrales	CSP1-4	JALYGJ01	0.000304427241889188
SRR10070134	Riverwater	Bacteria	Bacillota	Negativicutes	Acidaminococcales	Acidaminococcaceae	Phascolarctobacterium_A	0.000257804731330641
SRR10070134	Riverwater	Bacteria	Pseudomonadota	Gammaproteobacteria	Burkholderiales	Gallionellaceae	Gallionella	0.000822519857102521
SRR10102393	Soil	Bacteria	Verrucomicrobiota	Verrucomicrobiia	Chthoniobacterales	Chthoniobacteraceae	Chthoniobacter	0.00123951182303585
SRR10102393	Soil	Bacteria	Gemmatimonadota	Gemmatimonadetes	Gemmatimonadales	GWC2-71-9	Unclassified	0.0001089680723548
SRR10070133	Groundwater	Bacteria	Pseudomonadota	Gammaproteobacteria	Legionellales	Legionellaceae	Unclassified	0.000892379082634303
SRR10102394	Soil	Bacteria	Acidobacteriota	Thermoanaerobaculia	Gp7-AA8	Gp7-AA8	QHVT01	0.000623043716900802
SRR10070130	Riverwater	Bacteria	Verrucomicrobiota	Verrucomicrobiia	Opitutales	UBA953	Unclassified	0.0000608892880519995
SRR10102394	Soil	Bacteria	Pseudomonadota	Alphaproteobacteria	Rhizobiales	Aestuariivirgaceae	JAEUMG01	0.000356024981086173
SRR10070131	Riverwater	Bacteria	Verrucomicrobiota	Verrucomicrobiia	Opitutales	Opitutaceae	Lacunisphaera	0.001584925596548384
SRR10070150	Sediment	Bacteria	Myxococcota_A	Polyangia	Polyangiales	DASUME01	DASUME01	0.000188454959264736
SRR10102393	Soil	Bacteria	Actinomycetota	Actinomycetes	Actinomycetales	Dermatophilaceae	Monashia	0.00053121935272965
SRR10070149	Sediment	Archaea	Thermoproteota	Bathyarchaeia	Bathyarchaeales	Bathycorpusculaceae	Bathycorpusculum	0.000373994888736521
SRR10070150	Sediment	Bacteria	Acidobacteriota	Terriglobia	Versatilivoradales	Versatilivoraceae	CAWBAT01	0.000550868342466151
SRR10070130	Riverwater	Bacteria	Desulfobacterota	Desulfobacteria	Desulfobacterales	RPRI01	RPRI01	0.0000913339320779992
SRR10070130	Riverwater	Bacteria	Verrucomicrobiota	Verrucomicrobiia	Opitutales	Opitutaceae	JADKHC01	0.000654559846558994
SRR10070130	Riverwater	Bacteria	Patescibacteriota	Saccharimonadia	Saccharimonadales	CAIOMD01	Unclassified	0.000776338422662993
SRR10070130	Riverwater	Bacteria	Verrucomicrobiota	Verrucomicrobiia	Verrucomicrobiales	Akkermansiaceae	Haloferula	0.000121778576103999
SRR10070131	Riverwater	Bacteria	Bacteroidota	Bacteroidia	Sphingobacteriales	Sphingobacteriaceae	Daejeonella	0.000381556162132018
SRR10070150	Sediment	Bacteria	Acidobacteriota	Aminicenantia	Aminicenantales	Saccharicenantaceae	JALHVH01	0.0019570322692876417
SRR10070150	Sediment	Bacteria	Pseudomonadota	Alphaproteobacteria	Sphingomonadales	Sphingomonadaceae	Sphingomicrobium	0.001696094633382624
SRR10070134	Riverwater	Bacteria	Bacteroidota	Bacteroidia	AKYH767-A	2013-40CM-41-45	JADKIH01	0.0009943896779896141
SRR10070151	Sediment	Bacteria	Pseudomonadota	Gammaproteobacteria	Burkholderiales	Burkholderiaceae_F	Unclassified	0.00259535464371366
SRR10070149	Sediment	Bacteria	Pseudomonadota	Gammaproteobacteria	Burkholderiales	JACQAP01	JACQAP01	0.007401982172910298
SRR10070134	Riverwater	Bacteria	Patescibacteriota	Saccharimonadia	CAILAD01	GCA-016700035	GCA-016700035	0.000417398136440085
SRR10070134	Riverwater	Bacteria	Bacteroidota	Bacteroidia	Flavobacteriales_D	Crocinitomicaceae	JADJGJ01	0.000208699068220042
SRR10070150	Sediment	Bacteria	Verrucomicrobiota	Lentisphaeria	Victivallales	GWF2-50-93	GWF2-50-93	0.000260937635905019
SRR10070150	Sediment	Bacteria	4484-113	4484-113	4484-113	JAFGCY01	JAFGCY01	0.00133368125018121
SRR10102392	Soil	Bacteria	Actinomycetota	Thermoleophilia	Gaiellales	Gaiellaceae	JACDAN01	0.0014734475634949529
SRR10102392	Soil	Bacteria	Acidobacteriota	Vicinamibacteria	Vicinamibacterales	Vicinamibacteraceae	Unclassified	0.000850650139749666
SRR10102394	Soil	Bacteria	Desulfobacterota	Binatia	DP-6	DP-6	DATGIZ01	0.000207681238966934
SRR10070151	Sediment	Bacteria	Methylomirabilota	Methylomirabilia	Rokubacteriales	CSP1-6	CAWIZN01	0.0046814941358126125
SRR10070134	Riverwater	Bacteria	Bacteroidota	Bacteroidia	Chitinophagales	Chitinophagaceae	Ferruginibacter	0.000147316989331795
SRR10070150	Sediment	Bacteria	Planctomycetota	Phycisphaerae	Sedimentisphaerales	Anaerobacaceae	JAFGPS01	0.000608854483778377
SRR10070150	Sediment	Bacteria	UBA10199	UBA10199	2-02-FULL-44-16	JAAZCA01	Unclassified	0.001246702038212867
SRR10070149	Sediment	Bacteria	Methylomirabilota	Methylomirabilia	Rokubacteriales	CSP1-6	CAMLFJ01	0.005235928442311284
SRR10070134	Riverwater	Bacteria	Bacteroidota	Bacteroidia	Chitinophagales	Chitinophagaceae	Sediminibacterium	0.000576991541549529
SRR10070150	Sediment	Bacteria	Chloroflexota	Anaerolineae	CG2-30-64-16	CG2-30-64-16	Unclassified	0.002522397147081848
SRR10070149	Sediment	Bacteria	Verrucomicrobiota	Verrucomicrobiia	Limisphaerales	SIBH01	JANNGC01	0.000171414324004239
SRR10070130	Riverwater	Bacteria	Pseudomonadota	Gammaproteobacteria	Burkholderiales	Neisseriaceae	Neisseria	0.000928561642792992
SRR10070134	Riverwater	Bacteria	Bacteroidota	Bacteroidia	AKYH767-A	2013-40CM-41-45	JADKJP01	0.000503333046883632
SRR10102394	Soil	Bacteria	Acidobacteriota	Terriglobia	Bryobacterales	Bryobacteraceae	JAPKYZ01	0.000148343742119239
SRR10070131	Riverwater	Bacteria	Pseudomonadota	Gammaproteobacteria	Enterobacterales	Aeromonadaceae	Tolumonas	0.0061195738311173725
SRR10070133	Groundwater	Bacteria	Bacteroidota	Bacteroidia	Cytophagales	Cyclobacteriaceae	ELB16-189	0.00535427449580582
SRR10070150	Sediment	Bacteria	Chloroflexota	Anaerolineae	Anaerolineales	UBA4823	CAVZGO01	0.000391406453857528
SRR10070151	Sediment	Bacteria	Planctomycetota	UBA1135	UBA1135	GCA-002686595	JABFRZ01	0.000229968132987286
SRR10070131	Riverwater	Bacteria	Pseudomonadota	Gammaproteobacteria	Unclassified	Unclassified	Unclassified	0.002993748349035841
SRR10070149	Sediment	Bacteria	Chloroflexota	Limnocylindria	Limnocylindrales	CSP1-4	Unclassified	0.001792058841862499
SRR10102393	Soil	Bacteria	Actinomycetota	Acidimicrobiia	Acidimicrobiales	Ilumatobacteraceae	JALZMG01	0.0004631143075079
SRR10070134	Riverwater	Bacteria	Pseudomonadota	Gammaproteobacteria	Xanthomonadales	SZUA-5	JADKFD01	0.00104349534110021
SRR10070149	Sediment	Bacteria	Acidobacteriota	Aminicenantia	Aminicenantales	Saccharicenantaceae	RBG-16-66-30	0.01140684410646388
SRR10070133	Groundwater	Bacteria	Pseudomonadota	Alphaproteobacteria	Rickettsiales	Unclassified	Unclassified	0.00108572788387174
SRR10070151	Sediment	Bacteria	Desulfobacterota	DSM-4660	Desulfatiglandales	Desulfatiglandaceae	CAWHLE01	0.000262820723414041
SRR10070134	Riverwater	Bacteria	Patescibacteriota	Saccharimonadia	Saccharimonadales	Saccharimonadaceae	JAPUDQ01	0.002958616202413541
SRR10070149	Sediment	Bacteria	Bacillota	Bacilli	Bacillales	Cytobacillaceae	Bacillus_BD	0.002882877267344018
SRR10070149	Sediment	Bacteria	Desulfobacterota	Desulfuromonadia	Desulfuromonadales	Unclassified	Unclassified	0.0005298260923767371
SRR10102394	Soil	Bacteria	Planctomycetota	Planctomycetia	Pirellulales	Lacipirellulaceae	JABDGM01	0.00203230926703357
SRR10070130	Riverwater	Bacteria	Actinomycetota	Acidimicrobiia	Acidimicrobiales	Ilumatobacteraceae	JAKOUY01	0.000289224118246997
SRR10070150	Sediment	Bacteria	Methylomirabilota	Methylomirabilia	Rokubacteriales	CSP1-6	AR37	0.00218897683453655
SRR10070149	Sediment	Bacteria	Acidobacteriota	Vicinamibacteria	Vicinamibacterales	UBA2999	12-FULL-67-14b	0.002415383656423362
SRR10102393	Soil	Bacteria	Pseudomonadota	Alphaproteobacteria	Rhizobiales	Aestuariivirgaceae	Aestuariivirga	0.00020431513566525
SRR10070150	Sediment	Bacteria	Chloroflexota	Anaerolineae	Anaerolineales	UBA4823	CAVVUF01	0.00169609463338262
SRR10070131	Riverwater	Bacteria	Desulfobacterota	Desulfobulbia	Desulfobulbales	Desulfocapsaceae	Unclassified	0.000322855214111708
SRR10070134	Riverwater	Bacteria	Acidobacteriota	Thermoanaerobaculia	Thermoanaerobaculales	Sulfomarinibacteraceae	FEB-10	0.0000736584946658973
SRR10070131	Riverwater	Bacteria	Pseudomonadota	Gammaproteobacteria	Burkholderiales	Rhodocyclaceae	Propionivibrio	0.003023098823045988
SRR10070130	Riverwater	Bacteria	Bacteroidota	Bacteroidia	Bacteroidales	Rikenellaceae	Alistipes	0.000289224118246997
SRR10102392	Soil	Bacteria	Acidobacteriota	Vicinamibacteria	Vicinamibacterales	Vicinamibacteraceae	JBDSLU01	0.00206586462510633
SRR10102394	Soil	Bacteria	Actinomycetota	Acidimicrobiia	Acidimicrobiales	Ilumatobacteraceae	Sva-07	0.00146860304698046
SRR10102394	Soil	Bacteria	Bacillota	Bacilli	Bacillales_A	Planococcaceae	Sporosarcina	0.000578540594265031
SRR10102392	Soil	Bacteria	Pseudomonadota	Gammaproteobacteria	Pseudomonadales	Azotimanducaceae	UBA7803	0.000106331267468708
SRR10102393	Soil	Bacteria	Armatimonadota	Chthonomonadetes	Chthonomonadales	Chthonomonadaceae	CAIXIX01	0.0013348588863463
SRR10070134	Riverwater	Bacteria	Patescibacteriota	Minisyncoccia	Phycocordibacterales	PALSA-1337	C7867-002	0.000159593405109444
SRR10102394	Soil	Bacteria	Myxococcota_A	Polyangia	Polyangiales	Polyangiaceae	JAICQQ01	0.000237349987390782
SRR10102394	Soil	Bacteria	Actinomycetota	Acidimicrobiia	Acidimicrobiales	Ilumatobacteraceae	WLMZ01	0.000311521858450401
SRR10070134	Riverwater	Bacteria	Planctomycetota	Planctomycetia	Pirellulales	Lacipirellulaceae	Lacipirellula	0.000417398136440085
SRR10070133	Groundwater	Bacteria	Patescibacteriota	Gracilibacteria	UM-FILTER-43-11	UM-FILTER-43-11	JAZDOH01	0.000386697602474865
SRR10070151	Sediment	Bacteria	Myxococcota_A	Unclassified	Unclassified	Unclassified	Unclassified	0.000279247018627419
SRR10070149	Sediment	Bacteria	Desulfobacterota	DSM-4660	Desulfatiglandales	HGW-15	CAVPDE01	0.007121486006357919
SRR10070149	Sediment	Bacteria	Armatimonadota	UBA5829	DTJY01	DTJY01	Unclassified	0.000264913046188369
SRR10070150	Sediment	Bacteria	Spirochaetota	Leptospiria	Leptospirales	Leptonemataceae	Unclassified	0.000391406453857528
SRR10070150	Sediment	Bacteria	Actinomycetota	Thermoleophilia	Gaiellales	Gaiellaceae	VAXT01	0.0000579861413122264
SRR10070150	Sediment	Bacteria	Myxococcota	Myxococcia	Myxococcales	Myxococcaceae	JADGHL01	0.000188454959264736
SRR10102394	Soil	Bacteria	Actinomycetota	CALGFH01	CALGFH01	CALGFH01	CALGFH01	0.000815890581655813
SRR10070149	Sediment	Bacteria	Pseudomonadota	Alphaproteobacteria	Rhizobiales	Rhizobiaceae	Unclassified	0.000483076731284672
SRR10070130	Riverwater	Bacteria	Myxococcota	UBA727	UBA727	JABDBI01	G023898405	0.00127867504909199
SRR10070134	Riverwater	Bacteria	Actinomycetota	Thermoleophilia	Gaiellales	Gaiellaceae	Gaiella	0.000159593405109444
SRR10102393	Soil	Bacteria	Actinomycetota	Actinomycetes	Unclassified	Unclassified	Unclassified	0.0077367331371908
SRR10102394	Soil	Bacteria	Bacteroidota	Bacteroidia	Cytophagales	Cyclobacteriaceae	Ohtaekwangia	0.000356024981086173
SRR10070151	Sediment	Bacteria	Pseudomonadota	Gammaproteobacteria	Steroidobacterales	Steroidobacteraceae	CADEED01	0.000821314760668879
SRR10070150	Sediment	Bacteria	Nitrospirota	Thermodesulfovibrionia	Thermodesulfovibrionales	SM23-35	CAVSHJ01	0.00661042010959381
SRR10070151	Sediment	Bacteria	Nitrospirota	UBA9217	UBA9217	UBA9217	CAWBNQ01	0.000952725122375899
SRR10102392	Soil	Bacteria	Nitrospirota	Nitrospiria	Nitrospirales	Nitrospiraceae	DASSBQ01	0.000212662534937416
SRR10102394	Soil	Bacteria	Desulfobacterota	Binatia	Bin18	Bin18	VGTJ01	0.00115708118853006
SRR10070151	Sediment	Bacteria	Planctomycetota	Planctomycetia	Planctomycetales	Planctomycetaceae	Planctellipticum	0.0000821314760668879
SRR10070150	Sediment	Bacteria	Pseudomonadota	Alphaproteobacteria	Unclassified	Unclassified	Unclassified	0.002058508016584036
SRR10070130	Riverwater	Bacteria	Bacteroidota	Bacteroidia	Bacteroidales	Prolixibacteraceae	Draconibacterium	0.000258779474220998
SRR10070151	Sediment	Bacteria	Pseudomonadota	Gammaproteobacteria	Burkholderiales	Burkholderiaceae_C	JAEUPI01	0.001264824731430074
SRR10102392	Soil	Bacteria	Actinomycetota	Thermoleophilia	Gaiellales	Gaiellaceae	GMQP-bins7	0.002475999513914206
SRR10070131	Riverwater	Bacteria	Eisenbacteria	RBG-16-71-46	RBG-16-71-46	RBG-16-71-46	CAIXRL01	0.000513633295177717
SRR10070141	Groundwater	Bacteria	Patescibacteriota	Microgenomatia	Woykebacterales	RBG-16-39-9b	CAZXPY01	0.000172792574856212
SRR10102392	Soil	Bacteria	Pseudomonadota	Alphaproteobacteria	Geminicoccales	Geminicoccaceae	Benzoatithermus	0.000151901810669583
SRR10070150	Sediment	Bacteria	Actinomycetota	Actinomycetes	Mycobacteriales	Geodermatophilaceae	Blastococcus_B	0.0000869792119683396
SRR10070149	Sediment	Bacteria	Bacteroidota	Ignavibacteria	UBA10030	UBA6906	JAGDMK01	0.0013089821105778218
SRR10070131	Riverwater	Bacteria	Bacteroidota	Bacteroidia	Chitinophagales	Chitinophagaceae	Pollutibacter	0.0000733761850253882
SRR10070151	Sediment	Bacteria	Bacteroidota	Ignavibacteria	Tepidaquicellales	OLB5	CAVUOA01	0.002069713196885573
SRR10070149	Sediment	Bacteria	JAJVIF01	JAJVIF01	JAPKYR01	JAPKYR01	JAPKYR01	0.000405161129464564
SRR10070141	Groundwater	Bacteria	Patescibacteriota	Minisyncoccia	Unclassified	Unclassified	Unclassified	0.001184863370442596
SRR10102392	Soil	Bacteria	Nitrospirota	Nitrospiria	Nitrospirales	Nitrospiraceae	JAICXS01	0.00107850285575404
SRR10070151	Sediment	Bacteria	Desulfobacterota	Desulfobaccia	Desulfobaccales	Desulfobaccaceae	Desulfobacca	0.000229968132987286
SRR10070151	Sediment	Bacteria	Chloroflexota	Anaerolineae	Anaerolineales	RBG-16-64-43	RBG-16-64-43	0.0017576135878314
SRR10102392	Soil	Bacteria	Actinomycetota	Thermoleophilia	Solirubrobacterales	Solirubrobacteraceae	DASQFQ01	0.000729128691213999
SRR10070130	Riverwater	Bacteria	Bacteroidota	Bacteroidia	Cytophagales	Unclassified	Unclassified	0.000350113406298997
SRR10070141	Groundwater	Bacteria	Acidobacteriota	Polarisedimenticolia	Gp22-AA2	Gp22-AA2	Gp22-AA3	0.000394954456814199
SRR10070151	Sediment	Archaea	Thermoproteota	Bathyarchaeia	TCS64	TCS64	UBA8941	0.00047636256118795
SRR10070134	Riverwater	Bacteria	Patescibacteriota	Gracilibacteria	BD1-5	UBA6164	UBA7396	0.000220975483997692
SRR10102392	Soil	Archaea	Methanobacteriota	Methanobacteria	Methanobacteriales	Methanobacteriaceae	Methanobacterium	0.000258233078138291
SRR10070151	Sediment	Bacteria	Acidobacteriota	UBA4820	UBA4820	DSQY01	JBFLVU01	0.000262820723414041
SRR10102392	Soil	Bacteria	Actinomycetota	Thermoleophilia	Solirubrobacterales	Thermoleophilaceae	DATBDN01	0.000167091991736542
SRR10070150	Sediment	Bacteria	Pseudomonadota	Alphaproteobacteria	UBA828	UBA828	SHWC01	0.00059435794845032
SRR10070149	Sediment	Bacteria	Methylomirabilota	Methylomirabilia	Rokubacteriales	CSP1-6	AR5	0.003817864489185323
SRR10070131	Riverwater	Bacteria	Elusimicrobiota	Elusimicrobia	FEN-1173	FEN-1173	JADJJR01	0.000102726659035543
SRR10070131	Riverwater	Bacteria	Bdellovibrionota	Bdellovibrionia	Bdellovibrionales	UBA1609	JALHOQ01	0.000352205688121863
SRR10070131	Riverwater	Bacteria	Pseudomonadota	Gammaproteobacteria	Burkholderiales	Burkholderiaceae_C	Allorhodoferax	0.00600217193507675
SRR10070149	Sediment	Bacteria	Planctomycetota	Planctomycetia	Pirellulales	Lacipirellulaceae	CAYGQU01	0.000358411768372499
SRR10070149	Sediment	Bacteria	Acidobacteriota	Thermoanaerobaculia	UBA5066	Gp7-AA6	Gp7-AA6	0.00091940410147728
SRR10102392	Soil	Bacteria	Planctomycetota	Planctomycetia	Pirellulales	Lacipirellulaceae	JABDGM01	0.001139263580021874
SRR10102393	Soil	Bacteria	Acidobacteriota	Vicinamibacteria	Vicinamibacterales	CAVVIG01	CAVRXZ01	0.0032145581344666
SRR10070141	Groundwater	Bacteria	Pseudomonadota	Gammaproteobacteria	Burkholderiales	SG8-41	PALSA-1004	0.00382612130038755
SRR10070150	Sediment	Bacteria	Chloroflexota	Anaerolineae	CG2-30-64-16	CG2-30-64-16	JALOOB01	0.00127569510886898
SRR10070150	Sediment	Bacteria	Verrucomicrobiota	Verrucomicrobiia	Verrucomicrobiales	V1-33	CAIZWU01	0.000159461888608623
SRR10070133	Groundwater	Bacteria	Omnitrophota	Gorgyraeia	Gygaellales	UBA12090	UBA12090	0.06332916889761439
SRR10102392	Soil	Bacteria	Myxococcota_A	Polyangia	Polyangiales	DASUME01	DASUME01	0.000288613440272208
SRR10070131	Riverwater	Bacteria	Bdellovibrionota	Bacteriovoracia	Bacteriovoracales	Bacteriovoracaceae	Unclassified	0.0002054533180710869
SRR10102394	Soil	Bacteria	Acidobacteriota	Vicinamibacteria	Vicinamibacterales	2-12-FULL-66-21	DATBJJ01	0.00321905920398748
SRR10070133	Groundwater	Bacteria	Verrucomicrobiota	Verrucomicrobiia	JABWAM01	JABWAM01	JABDCI01	0.000699030281396871
SRR10070149	Sediment	Bacteria	Chloroflexota	Anaerolineae	4572-78	J111	DSQQ01	0.0032257059153524897
SRR10070131	Riverwater	Bacteria	Pseudomonadota	Gammaproteobacteria	Xanthomonadales	Xanthomonadaceae	JALCLA01	0.000132077133045699
SRR10102393	Soil	Bacteria	Actinomycetota	Acidimicrobiia	Acidimicrobiales	VFJN01	VFJN01	0.00031328320802005
SRR10070133	Groundwater	Bacteria	Pseudomonadota	Gammaproteobacteria	Xanthomonadales	Xanthomonadaceae	Pseudoxanthomonas_A	0.000713903266107442
SRR10070150	Sediment	Bacteria	Nitrospirota	Leptospirillia	Leptospirillales	Leptospirillaceae	UBA4572	0.000550868342466151
SRR10070133	Groundwater	Bacteria	Patescibacteriota	Minisyncoccia	UBA6257	Colwellbacteraceae	2-12-FULL-43-11	0.00104110892974002
SRR10102393	Soil	Bacteria	Acidobacteriota	Blastocatellia	RBC074	RBC074	JAJVID01	0.0003813882532418
SRR10102394	Soil	Bacteria	Pseudomonadota	Alphaproteobacteria	Caulobacterales	Caulobacteraceae	Caulobacter	0.000311521858450401
SRR10070149	Sediment	Bacteria	Nitrospirota	Thermodesulfovibrionia	Thermodesulfovibrionales	UBA6898	UBA6898	0.00171414324004239
SRR10102393	Soil	Bacteria	Actinomycetota	Actinomycetes	Propionibacteriales	Nocardioidaceae	Unclassified	0.00020431513566525
SRR10102393	Soil	Bacteria	Verrucomicrobiota	Verrucomicrobiia	Chthoniobacterales	Chthoniobacteraceae	Unclassified	0.005720823798627
SRR10070149	Sediment	Bacteria	Nitrospirota	Thermodesulfovibrionia	Thermodesulfovibrionales	SM23-35	VGWX01	0.0042386087390139
SRR10070130	Riverwater	Bacteria	Bacteroidota	Bacteroidia	Flavobacteriales_D	Crocinitomicaceae	Unclassified	0.00124823040506599
SRR10070149	Sediment	Bacteria	Zixibacteria	MSB-5A5	JAABVY01	JAHJOQ01	JAGVNY01	0.000233746805460325
SRR10070149	Sediment	Bacteria	Desulfobacterota	Desulfobacteria	Desulfobacterales	Desulfosalsimonadaceae	SURF-3	0.000576575453468803
SRR10070149	Sediment	Bacteria	Desulfobacterota	Desulfomonilia	Desulfomonilales	Desulfomonilaceae	CAWBBA01	0.00154272891603815
SRR10102392	Soil	Bacteria	Acidobacteriota	Terriglobia	Bryobacterales	Bryobacteraceae	Solibacter	0.000227852716004375
SRR10070133	Groundwater	Bacteria	Pseudomonadota	Alphaproteobacteria	UBA11222	UBA11222	UBA11222	0.000237967755369147
SRR10070133	Groundwater	Bacteria	Actinomycetota	Actinomycetes	Nanopelagicales	Nanopelagicaceae	Planktophila	0.000490808495448867
SRR10102392	Soil	Bacteria	Pseudomonadota	Gammaproteobacteria	Burkholderiales	Burkholderiaceae_D	Oxalicibacterium	0.00174687082270021
SRR10102394	Soil	Bacteria	Pseudomonadota	Gammaproteobacteria	Steroidobacterales	GCA-2729495	QUBU01	0.000222515613178858
SRR10070149	Sediment	Bacteria	Nitrospirota	UBA9217	UBA9217	UBA9217	JAJYKN01	0.001293398990213801
SRR10102394	Soil	Bacteria	Desulfobacterota	Binatia	UBA9968	UBA9968	WHTF01	0.000504368723205412
SRR10070131	Riverwater	Bacteria	Bdellovibrionota	UBA1018	UBA1018	UBA1018	JBBCAW01	0.0000880514220304658
SRR10070151	Sediment	Bacteria	Nitrospirota	Thermodesulfovibrionia	Thermodesulfovibrionales	SM23-35	DASPRG01	0.00998718748973357
SRR10070149	Sediment	Bacteria	Pseudomonadota	Gammaproteobacteria	Burkholderiales	Burkholderiaceae_F	JALORV01	0.00470610234993455
SRR10070151	Sediment	Bacteria	Spirochaetota	Spirochaetia	SZUA-6	CAVTHK01	CAVTHK01	0.000279247018627419
SRR10070141	Groundwater	Bacteria	Pseudomonadota	Alphaproteobacteria	Rickettsiales	UBA1997	UBA2645	0.00340648219002246
SRR10070132	Groundwater	Bacteria	Patescibacteriota	Minisyncoccia	UBA6257	Colwellbacteraceae	2-12-FULL-43-11	0.000255841719256353
SRR10070151	Sediment	Bacteria	Pseudomonadota	Unclassified	Unclassified	Unclassified	Unclassified	0.002529649462860148
SRR10070149	Sediment	Bacteria	Bacteroidota	Bacteroidia	Cytophagales	Cyclobacteriaceae	Chryseolinea	0.001495979554946082
SRR10102394	Soil	Bacteria	Acidobacteriota	Vicinamibacteria	Vicinamibacterales	UBA2999	Gp6-AA40	0.03100384210292089
SRR10102394	Soil	Bacteria	Bacteroidota	Bacteroidia	Chitinophagales	Chitinophagaceae	Ginsengibacter	0.00148343742119239
SRR10070149	Sediment	Bacteria	Desulfobacterota	Binatia	DP-6	DP-6	CAVVBN01	0.00091940410147728
SRR10070131	Riverwater	Bacteria	Bdellovibrionota	UBA1018	UBA1018	UBA1018	CAVWVI01	0.000352205688121863
SRR10070151	Sediment	Bacteria	Gemmatimonadota	Gemmatimonadetes	Gemmatimonadales	Gemmatimonadaceae	JABWBJ01	0.002546075758073523
SRR10070151	Sediment	Bacteria	Acidobacteriota	Vicinamibacteria	Vicinamibacterales	UBA2999	Gp6-AA40	0.005026446335293539
SRR10070131	Riverwater	Bacteria	Bacteroidota	Bacteroidia	Bacteroidales	Bacteroidaceae	Phocaeicola	0.000968565642335124
SRR10070131	Riverwater	Bacteria	Bacteroidota	Bacteroidia	B-17B0	Aurantibacillaceae	Aurantibacillus	0.0008658389832995801
SRR10070141	Groundwater	Bacteria	Actinomycetota	Actinomycetes	Mycobacteriales	Mycobacteriaceae	Rhodococcoides	0.00659080249808694
SRR10070151	Sediment	Bacteria	Bacteroidota	Bacteroidia	Chitinophagales	CAIOSU01	BPHB01	0.000262820723414041
SRR10102394	Soil	Bacteria	Bacteroidota	Bacteroidia	Cytophagales	172606-1	Rhodocytophaga	0.000415362477933868
SRR10070134	Riverwater	Bacteria	Acidobacteriota	Thermoanaerobaculia	UBA5066	Gp7-AA6	Gp7-AA6	0.0000859349104435469
SRR10102394	Soil	Bacteria	Actinomycetota	Thermoleophilia	Solirubrobacterales	Thermoleophilaceae	Unclassified	0.000741718710596194
SRR10070132	Groundwater	Bacteria	Patescibacteriota	Gracilibacteria	Peribacterales	Peribacteraceae	Unclassified	0.00213201432713628
SRR10070141	Groundwater	Bacteria	Pseudomonadota	Gammaproteobacteria	Burkholderiales	Burkholderiaceae_D	Telluria_A	0.0013823405988497
SRR10070151	Sediment	Bacteria	Pseudomonadota	Gammaproteobacteria	Xanthomonadales	Xanthomonadaceae	Agrilutibacter	0.000246394428200664
SRR10070150	Sediment	Bacteria	Myxococcota_A	Polyangia	Polyangiales	Polyangiaceae	PMG-095	0.000188454959264736
SRR10070150	Sediment	Bacteria	Desulfobacterota	Syntrophorhabdia	Syntrophorhabdales	WCHB1-27	JADGQN01	0.000536371807138094
SRR10070151	Sediment	Bacteria	Acidobacteriota	Thermoanaerobaculia	Gp7-AA8	Gp7-AA8	JACPDH01	0.002233976149019351
SRR10070130	Riverwater	Bacteria	Pseudomonadota	Gammaproteobacteria	Burkholderiales	Sulfuricellaceae	Sulfuricella	0.000228334830194998
SRR10070151	Sediment	Bacteria	Acidobacteriota	HRBIN11	JAKEFK01	JAKEFK01	CAZDDB01	0.000854167351095634
SRR10070133	Groundwater	Bacteria	Acidobacteriota	Vicinamibacteria	Vicinamibacterales	UBA2999	12-FULL-67-14b	0.0009369980367660179
SRR10070130	Riverwater	Bacteria	Patescibacteriota	Saccharimonadia	Saccharimonadales	UBA4665	JAJZMH01	0.011401519187736901
SRR10070130	Riverwater	Bacteria	Pseudomonadota	Gammaproteobacteria	Granulosicoccales	Granulosicoccaceae	Granulosicoccus	0.000289224118246997
SRR10070150	Sediment	Bacteria	Planctomycetota	Planctomycetia	Pirellulales	JADZDJ01	Unclassified	0.000260937635905019
SRR10102392	Soil	Bacteria	Verrucomicrobiota	Verrucomicrobiia	Verrucomicrobiales	V1-33	CAIZWU01	0.00042532506987483297
SRR10070150	Sediment	Bacteria	Bacillota	Bacilli	Bacillales	Cytobacillaceae	Bacillus_BD	0.0028123278536429787
SRR10102392	Soil	Bacteria	Actinomycetota	Acidimicrobiia	IMCC26256	JACDBD01	JALZAA01	0.000197472353870458
SRR10070150	Sediment	Bacteria	Chloroflexota	Limnocylindria	QHBO01	QHBO01	DASTEQ01	0.000913281725667566
SRR10102394	Soil	Bacteria	Acidobacteriota	Terriglobia	Versatilivoradales	Versatilivoraceae	CAVVYL01	0.000148343742119239
SRR10070130	Riverwater	Bacteria	Pseudomonadota	Alphaproteobacteria	Rhizobiales	Xanthobacteraceae	Unclassified	0.000137000898116999
SRR10070141	Groundwater	Bacteria	Pseudomonadota	Gammaproteobacteria	Burkholderiales	Burkholderiaceae_D	Unclassified	0.00143170990595147
SRR10070151	Sediment	Bacteria	Gemmatimonadota	Gemmatimonadetes	Gemmatimonadales	GWC2-71-9	SPDF01	0.000394231085121062
SRR10070131	Riverwater	Bacteria	Pseudomonadota	Alphaproteobacteria	Rhizobiales	Xanthobacteraceae	Bradyrhizobium	0.000381556162132018
SRR10102392	Soil	Bacteria	Pseudomonadota	Gammaproteobacteria	Steroidobacterales	Steroidobacteraceae	DATBVX01	0.000440515250941791
SRR10102394	Soil	Bacteria	Actinomycetota	Actinomycetes	Actinomycetales	Dermatophilaceae	CAVRTM01	0.000341190606874249
SRR10070141	Groundwater	Bacteria	Desulfobacterota	Desulfuromonadia	Desulfuromonadales	Unclassified	Unclassified	0.00130828663819703
SRR10070130	Riverwater	Bacteria	Pseudomonadota	Gammaproteobacteria	Burkholderiales	Burkholderiaceae_C	Hydrogenophaga	0.012573637982737883
SRR10102392	Soil	Bacteria	Pseudomonadota	Alphaproteobacteria	Sphingomonadales	Sphingomonadaceae	Sphingomicrobium	0.02614230161623527
SRR10102393	Soil	Bacteria	Actinomycetota	Thermoleophilia	Solirubrobacterales	70-9	VRUE01	0.0012258908139915
SRR10070149	Sediment	Bacteria	Pseudomonadota	Alphaproteobacteria	Dongiales	Dongiaceae	DATKFM01	0.00197905628623075
SRR10070149	Sediment	Bacteria	Pseudomonadota	Alphaproteobacteria	Rhizobiales	Aestuariivirgaceae	DATAFF01	0.000249329925824347
SRR10070151	Sediment	Bacteria	Planctomycetota	Phycisphaerae	Phycisphaerales	SM1A02	JADFOJ01	0.000246394428200664
SRR10070151	Sediment	Bacteria	Pseudomonadota	Gammaproteobacteria	Burkholderiales	Burkholderiaceae_C	Unclassified	0.0052564144682808196
SRR10102394	Soil	Archaea	Thermoproteota	Nitrososphaeria	Nitrososphaerales	Nitrososphaeraceae	TH1177	0.0051623622257495096
SRR10102394	Soil	Bacteria	Pseudomonadota	Alphaproteobacteria	Reyranellales	Reyranellaceae	Reyranella	0.00111257806589429
SRR10070151	Sediment	Bacteria	Nitrospirota	Thermodesulfovibrionia	Thermodesulfovibrionales	Unclassified	Unclassified	0.000377804789907684
SRR10102394	Soil	Bacteria	Bacteroidota	Bacteroidia	Chitinophagales	Chitinophagaceae	Niastella	0.000445031226357716
SRR10070149	Sediment	Bacteria	Desulfobacterota	Binatia	HRBIN30	Unclassified	Unclassified	0.000436327370192607
SRR10102393	Soil	Bacteria	Pseudomonadota	Gammaproteobacteria	Enterobacterales	Aeromonadaceae	Aeromonas	0.0015527950310559
SRR10102393	Soil	Bacteria	Actinomycetota	Thermoleophilia	Solirubrobacterales	JBBDJG01	JBBQNR01	0.0008717445788384
SRR10070134	Riverwater	Bacteria	Pseudomonadota	Gammaproteobacteria	Pseudomonadales	Moraxellaceae	Perlucidibaca	0.00027008114710829
SRR10070151	Sediment	Bacteria	Myxococcota_A	UBA9160	UBA9160	Unclassified	Unclassified	0.000837741055882256
SRR10102392	Soil	Bacteria	Pseudomonadota	Gammaproteobacteria	Burkholderiales	Usitatibacteraceae	Usitatibacter	0.002460809332847245
SRR10070150	Sediment	Bacteria	Methylomirabilota	Methylomirabilia	Methylomirabilales	2-02-FULL-66-22	2-02-FULL-66-22	0.005900089878519035
SRR10102392	Soil	Bacteria	Chloroflexota	Chloroflexia	Chloroflexales	Roseiflexaceae	Kouleothrix	0.001610159193097579
SRR10070151	Sediment	Bacteria	Pseudomonadota	Alphaproteobacteria	Rhizobiales	Rhizobiaceae	Unclassified	0.000246394428200664
SRR10070149	Sediment	Bacteria	Pseudomonadota	Alphaproteobacteria	Rhizobiales	Xanthobacteraceae	DATFWC01	0.000358411768372499
SRR10070150	Sediment	Archaea	Thermoproteota	Nitrososphaeria	Nitrososphaerales	Nitrososphaeraceae	Unclassified	0.000942274796323679
SRR10070151	Sediment	Bacteria	Acidobacteriota	UBA6911	UBA6911	UBA6911	UBA6911	0.009050888662571048
SRR10102392	Soil	Bacteria	Armatimonadota	Armatimonadia	Armatimonadales	Armatimonadaceae	Unclassified	0.0001822821728035
SRR10102392	Soil	Bacteria	Myxococcota_A	Polyangia	Polyangiales	Polyangiaceae	Unclassified	0.000303803621339166
SRR10102392	Soil	Bacteria	Actinomycetota	Thermoleophilia	Gaiellales	Gaiellaceae	Gaiella	0.0032355085672621173
SRR10070151	Sediment	Bacteria	Chloroflexota	Anaerolineae	UBA1429	UBA1429	Unclassified	0.000870593646309012
SRR10102392	Soil	Bacteria	Pseudomonadota	Alphaproteobacteria	Acetobacterales	Acetobacteraceae	JAMXLO01	0.000243042897071333
SRR10070151	Sediment	Bacteria	Bacteroidota	Ignavibacteria	UBA10030	UBA6906	Unclassified	0.001133414369723053
SRR10070131	Riverwater	Bacteria	Bacteroidota	Bacteroidia	Cytophagales	Spirosomataceae	Leadbetterella	0.00024947902908632
SRR10070131	Riverwater	Bacteria	Actinomycetota	Actinomycetes	S36-B12	UBA10799	UBA10799	0.00165830178157377
SRR10102394	Soil	Bacteria	Actinomycetota	Actinomycetes	Propionibacteriales	Nocardioidaceae	Marmoricola	0.0016911186601593219
SRR10070151	Sediment	Bacteria	Planctomycetota	GCA-002687715	GCA-002687715	CAIWVZ01	JBGANV01	0.000213541837773908
SRR10070149	Sediment	Bacteria	Bacteroidota	Bacteroidia	Bacteroidales	Unclassified	Unclassified	0.000451910490556629
SRR10070149	Sediment	Bacteria	Myxococcota	Myxococcia	Myxococcales	Myxococcaceae	JADGHL01	0.000327245527644456
SRR10102392	Soil	Bacteria	Actinomycetota	Acidimicrobiia	IMCC26256	DASPTH01	CAVZKC01	0.000136711629602625
SRR10102392	Soil	Bacteria	Planctomycetota	Phycisphaerae	WQYP01	WQYP01	DATKPA01	0.000334183983473083
SRR10102394	Soil	Bacteria	Actinomycetota	Acidimicrobiia	Acidimicrobiales	Acidimicrobilacustridaceae	Unclassified	0.000281853110026554
SRR10102394	Soil	Bacteria	Acidobacteriota	Blastocatellia	Pyrinomonadales	Pyrinomonadaceae	GCA-002050365	0.000385693729510021
SRR10070130	Riverwater	Bacteria	Verrucomicrobiota	Lentisphaeria	Victivallales	Victivallaceae	CAYMSF01	0.000197890186168998
SRR10070149	Sediment	Bacteria	Acidobacteriota	Vicinamibacteria	Vicinamibacterales	UBA2999	Gp6-AA40	0.004752851711026619
SRR10070130	Riverwater	Bacteria	Pseudomonadota	Gammaproteobacteria	Burkholderiales	SG8-39	Unclassified	0.000258779474220998
SRR10070149	Sediment	Bacteria	Pseudomonadota	Gammaproteobacteria	Pseudomonadales	Azotimanducaceae	UBA7803	0.0000779156018201085
SRR10070133	Groundwater	Bacteria	Pseudomonadota	Alphaproteobacteria	Sphingomonadales	Sphingomonadaceae	Sphingopyxis	0.000223094770658576
SRR10070150	Sediment	Bacteria	Pseudomonadota	Alphaproteobacteria	Dongiales	Dongiaceae	Dongia_A	0.0017685773100229
SRR10102394	Soil	Bacteria	Actinomycetota	UBA4738	UBA4738	HRBIN12	DASSJM01	0.003619587307709424
SRR10102392	Soil	Bacteria	Verrucomicrobiota	Verrucomicrobiia	Opitutales	Opitutaceae	ER46	0.000713938510147041
SRR10070131	Riverwater	Bacteria	Pseudomonadota	Gammaproteobacteria	Pseudomonadales	Moraxellaceae	Unclassified	0.000631035191218338
SRR10070149	Sediment	Bacteria	Actinomycetota	Acidimicrobiia	Spongiisociales	ZC4RG35	JANQRA01	0.00174530948077043
SRR10070131	Riverwater	Bacteria	Fusobacteriota	Fusobacteriia	Fusobacteriales	Fusobacteriaceae	Unclassified	0.0005429837691878721
SRR10070130	Riverwater	Bacteria	Pseudomonadota	Gammaproteobacteria	Burkholderiales	Burkholderiaceae_C	Limnohabitans	0.00449058499383496
SRR10070150	Sediment	Bacteria	Pseudomonadota	Gammaproteobacteria	Pseudomonadales	Azotimanducaceae	DATJGR01	0.001377170856165376
SRR10070134	Riverwater	Archaea	Thermoproteota	Nitrososphaeria	Nitrososphaerales	Nitrosopumilaceae	Unclassified	0.0000368292473329487
SRR10070133	Groundwater	Bacteria	Pseudomonadota	Gammaproteobacteria	Ga0077554	Ga007554	LNEJ01	0.00853709322386817
SRR10102394	Soil	Bacteria	Pseudomonadota	Gammaproteobacteria	Pseudomonadales	Halieaceae	Marimicrobium	0.000385693729510021
SRR10102393	Soil	Bacteria	Pseudomonadota	Gammaproteobacteria	Steroidobacterales	Steroidobacteraceae	SCUD01	0.000817260542661
SRR10070150	Sediment	Bacteria	Pseudomonadota	Gammaproteobacteria	Xanthomonadales	SZUA-36	SHZL01	0.001304688179525093
SRR10070130	Riverwater	Bacteria	Bacteroidota	Bacteroidia	Bacteroidales	Bacteroidaceae	Prevotella	0.000882894676753992
SRR10070141	Groundwater	Bacteria	Fibrobacterota	Fibrobacteria	UBA11236	UBA11236	UBA11236	0.000518377724568636
SRR10070150	Sediment	Bacteria	Pseudomonadota	Alphaproteobacteria	Rhizobiales	Aestuariivirgaceae	JAEUMG01	0.000710330231074773
SRR10070151	Sediment	Bacteria	Verrucomicrobiota	Verrucomicrobiia	Verrucomicrobiales	V1-33	CAJBME01	0.000147836656920398
SRR10102394	Soil	Bacteria	Actinomycetota	Thermoleophilia	Solirubrobacterales	Solirubrobacteraceae	DASQFQ01	0.000934565575351204
SRR10070150	Sediment	Bacteria	Chloroflexota	Limnocylindria	Limnocylindrales	CSP1-4	SPCO01	0.002884810530283262
SRR10102393	Soil	Bacteria	Tectomicrobia	Entotheonellia	Entotheonellales	Entotheonellaceae	Entotheonella	0.0010624387054593
SRR10070134	Riverwater	Bacteria	Pseudomonadota	Alphaproteobacteria	Paracaedibacterales	JAKBAR01	JAKBAR01	0.000454227383773034
SRR10102394	Soil	Bacteria	Actinomycetota	Thermoleophilia	Gaiellales	Gaiellaceae	JAIBJN01	0.0005785405942650311
SRR10102392	Soil	Bacteria	Myxococcota_A	Polyangia	Polyangiales	Polyangiaceae	SZUA-265	0.000212662534937416
SRR10070151	Sediment	Bacteria	Actinomycetota	Acidimicrobiia	Spongiisociales	UBA11373	JAUYIV01	0.000509215151614705
SRR10102393	Soil	Bacteria	Acidobacteriota	Terriglobia	Bryobacterales	Bryobacteraceae	TMP-7	0.0001089680723548
SRR10070149	Sediment	Bacteria	Acidobacteriota	Vicinamibacteria	Vicinamibacterales	SCN-69-37	Unclassified	0.001776475721498473
SRR10102393	Soil	Bacteria	Nitrospirota	Nitrospiria	Nitrospirales	Nitrospiraceae	DASSBQ01	0.001089680723548
SRR10070150	Sediment	Bacteria	Acidobacteriota	Vicinamibacteria	Fen-336	Fen-336	CAVPGH01	0.001217708967556754
SRR10070149	Sediment	Bacteria	Actinomycetota	Acidimicrobiia	Spongiisociales	UBA11373	JAUYIV01	0.000249329925824347
SRR10102394	Soil	Bacteria	Pseudomonadota	Gammaproteobacteria	Steroidobacterales	Steroidobacteraceae	ZC4RG30	0.000356024981086173
SRR10102392	Soil	Bacteria	Acidobacteriota	Vicinamibacteria	Vicinamibacterales	SCN-69-37	CAVXSP01	0.00279499331632033
SRR10102393	Soil	Bacteria	Acidobacteriota	Vicinamibacteria	Vicinamibacterales	UBA2999	Gp6-AA40	0.03632723112128145
SRR10070149	Sediment	Bacteria	Myxococcota_A	UBA9160	UBA9160	UBA6930	CAVXZE01	0.001651810758586299
SRR10102392	Soil	Bacteria	Actinomycetota	Acidimicrobiia	IMCC26256	PALSA-610	Unclassified	0.000394944707740916
SRR10102394	Soil	Bacteria	Actinomycetota	Actinomycetes	Mycobacteriales	Geodermatophilaceae	Blastococcus_B	0.003945943540371745
SRR10070149	Sediment	Bacteria	Hydrogenedentota	Hydrogenedentia	Hydrogenedentales	Unclassified	Unclassified	0.0000934987221841302
SRR10070133	Groundwater	Bacteria	Pseudomonadota	Gammaproteobacteria	Burkholderiales	Burkholderiaceae_C	Aquabacterium	0.020866797548932073
SRR10070134	Riverwater	Bacteria	Omnitrophota	Omnitrophia	Omnitrophales	Aquincolibacteriaceae	ZLKRG04	0.00122764157776496
SRR10070150	Sediment	Bacteria	Acidobacteriota	Vicinamibacteria	Vicinamibacterales	JAMQPK01	JAMQPK01	0.000985764402307849
SRR10070133	Groundwater	Bacteria	Nitrospinota_A	UBA7883	JACRGQ01	JACRGQ01	JACRGQ01	0.000773395204949729
SRR10070149	Sediment	Bacteria	Planctomycetota	Planctomycetia	Gemmatales	HRBIN36	JANWWR01	0.000218163685096304
SRR10070131	Riverwater	Bacteria	Pseudomonadota	Gammaproteobacteria	Pseudomonadales	Moraxellaceae	Fluviicoccus	0.000777787561269114
SRR10070151	Sediment	Bacteria	4484-113	4484-113	4484-113	JAFGCY01	JAFGCY01	0.00144551397877723
SRR10070150	Sediment	Bacteria	Pseudomonadota	Alphaproteobacteria	Dongiales	Dongiaceae	Unclassified	0.00130468817952509
SRR10070149	Sediment	Bacteria	Chloroflexota	Anaerolineae	Caldilineales	Caldilineaceae	Fredericiella	0.001589478277130212
SRR10102393	Soil	Bacteria	Desulfobacterota	Binatia	Bin18	Bin18	JABFSC01	0.0001089680723548
SRR10102394	Soil	Bacteria	Bacillota	Bacilli	Unclassified	Unclassified	Unclassified	0.00091973120113928
SRR10070134	Riverwater	Bacteria	Bacteroidota	Bacteroidia	Bacteroidales	Bacteroidaceae	Paraprevotella	0.000392845304884785
SRR10070151	Sediment	Bacteria	Pseudomonadota	Gammaproteobacteria	Steroidobacterales	Steroidobacteraceae	SCUD01	0.0055192351916948665
SRR10070133	Groundwater	Bacteria	Pseudomonadota	Gammaproteobacteria	Enterobacterales	Enterobacteriaceae	Unclassified	0.000401570587185436
SRR10070133	Groundwater	Bacteria	Cyanobacteriota	Vampirovibrionia	Obscuribacterales	Obscuribacteraceae	Ga0077546	0.000922125052055447
SRR10102392	Soil	Bacteria	Pseudomonadota	Alphaproteobacteria	Acetobacterales	Acetobacteraceae	Rhodopila	0.000364564345607
SRR10102393	Soil	Bacteria	Desulfobacterota	Binatia	UBA9968	UBA9968	DP-20	0.00322817914351095
SRR10102393	Soil	Bacteria	Acidobacteriota	Terriglobia	Bryobacterales	Bryobacteraceae	DASQDN01	0.004631143075079
SRR10070131	Riverwater	Bacteria	Pseudomonadota	Gammaproteobacteria	Burkholderiales	Burkholderiaceae_C	Scleromatobacter	0.00117401896040621
SRR10102392	Soil	Bacteria	Bacteroidota	Bacteroidia	Chitinophagales	Chitinophagaceae	Segetibacter	0.0019291529955037072
SRR10070132	Groundwater	Bacteria	Pseudomonadota	Gammaproteobacteria	Xanthomonadales	Xanthomonadaceae	Unclassified	0.000639604298140884
SRR10070131	Riverwater	Bacteria	Bacteroidota	Bacteroidia	Chitinophagales	Chitinophagaceae	Sediminibacterium	0.000381556162132018
SRR10070149	Sediment	Bacteria	Zixibacteria	MSB-5A5	UBA10806	UBA10806	UBA10806	0.000311662407280434
SRR10070141	Groundwater	Bacteria	Pseudomonadota	Gammaproteobacteria	Ga0077536	Ga0077536	JADJYF01	0.00150576386660413
SRR10102393	Soil	Bacteria	Pseudomonadota	Gammaproteobacteria	Unclassified	Unclassified	Unclassified	0.0010079546692819
SRR10102393	Soil	Bacteria	Verrucomicrobiota	Verrucomicrobiia	Limisphaerales	SIBH01	JANNGC01	0.0008989865969271
SRR10070134	Riverwater	Bacteria	Pseudomonadota	Gammaproteobacteria	Steroidobacterales	Rariloculaceae	CBDCWM01	0.000110487741998846
SRR10070130	Riverwater	Bacteria	Planctomycetota	UBA1135	UBA1135	UBA2386	UBA2386	0.000669782168571994
SRR10102392	Soil	Bacteria	Acidobacteriota	HRBIN11	JAKEFK01	JAKEFK01	CAZDDB01	0.000349374164540041
SRR10102394	Soil	Bacteria	Pseudomonadota	Gammaproteobacteria	Steroidobacterales	Steroidobacteraceae	Steroidobacter	0.00179495927964279
SRR10070141	Groundwater	Bacteria	Pseudomonadota	Gammaproteobacteria	Xanthomonadales	Rhodanobacteraceae	Tahibacter	0.000148107921305324
SRR10070150	Sediment	Bacteria	Chloroflexota	Anaerolineae	Anaerolineales	UBA4823	JAQBDA01	0.000318923777217245
SRR10070134	Riverwater	Bacteria	Pseudomonadota	Gammaproteobacteria	Steroidobacterales	Steroidobacteraceae	ZC4RG30	0.000417398136440085
SRR10102393	Soil	Bacteria	Acidobacteriota	Polarisedimenticolia	Polarisedimenticolales	DASRJG01	DASRJG01	0.0004358722894192
SRR10102394	Soil	Bacteria	Planctomycetota	Planctomycetia	Planctomycetales	Planctomycetaceae	Caulifigura	0.000207681238966934
SRR10070151	Sediment	Bacteria	Desulfobacterota	Zymogenia	Zymogenales	Zymogenaceae	JAFGAS01	0.000591346627681593
SRR10070132	Groundwater	Archaea	Thermoproteota	Nitrososphaeria	Nitrososphaerales	Nitrososphaeraceae	TH1177	0.00243049633293536
SRR10070141	Groundwater	Bacteria	Unclassified	Unclassified	Unclassified	Unclassified	Unclassified	0.018093851052800456
SRR10070132	Groundwater	Bacteria	Verrucomicrobiota	Verrucomicrobiia	Opitutales	Opitutaceae	Lacunisphaera	0.00515947467166979
SRR10070150	Sediment	Bacteria	Verrucomicrobiota	Verrucomicrobiia	Limisphaerales	UBA11358	UBA11358	0.00055086834246615
SRR10070149	Sediment	Bacteria	Actinomycetota	Thermoleophilia	Gaiellales	Gaiellaceae	JACDAN01	0.000872654740385215
SRR10070130	Riverwater	Bacteria	Actinomycetota	Acidimicrobiia	Acidimicrobiales	JABEUL01	JAJZNL01	0.009026836953708916
SRR10070141	Groundwater	Bacteria	Patescibacteriota	Saccharimonadia	Saccharimonadales	UBA4665	JARIHD01	0.000444323763915973
SRR10070131	Riverwater	Bacteria	Bdellovibrionota	Bdellovibrionia	Bdellovibrionales	JAMPXM01	Ga0074137	0.000234803792081242
SRR10070149	Sediment	Bacteria	Actinomycetota	Acidimicrobiia	Acidimicrobiales	DATKAS01	DATKAS01	0.000514242972012716
SRR10070150	Sediment	Bacteria	Pseudomonadota	Gammaproteobacteria	Xanthomonadales	Unclassified	Unclassified	0.000333420312545302
SRR10070130	Riverwater	Bacteria	Pseudomonadota	Alphaproteobacteria	Rhodobacterales	Rhodobacteraceae	Cypionkella	0.00105034021889699
SRR10070150	Sediment	Bacteria	Verrucomicrobiota	Verrucomicrobiia	Chthoniobacterales	UBA10450	Unclassified	0.000376909918529471
SRR10070151	Sediment	Bacteria	Bacteroidota	Bacteroidia	Chitinophagales	Chitinophagaceae	JJ008	0.000410657380334439
SRR10070132	Groundwater	Bacteria	Pseudomonadota	Alphaproteobacteria	Sphingomonadales	Sphingomonadaceae	Sphingobium	0.00196145318096538
SRR10070130	Riverwater	Bacteria	Desulfobacterota	Desulfobacteria	Desulfobacterales	Desulfatirhabdiaceae	RAAP-1	0.0000456669660389996
SRR10070141	Groundwater	Bacteria	UBA10199	UBA10199	JACPAL01	GCA-016699445	DASUFF01	0.000172792574856212
SRR10070150	Sediment	Bacteria	Chloroflexota	Anaerolineae	Caldilineales	Caldilineaceae	Fredericiella	0.001971528804615695
SRR10102392	Soil	Bacteria	Pseudomonadota	Gammaproteobacteria	Pseudomonadales	Pseudomonadaceae	Aquipseudomonas	0.001367116296026249
SRR10102392	Soil	Bacteria	Myxococcota	Myxococcia	Myxococcales	Myxococcaceae	Unclassified	0.00258233078138291
SRR10070151	Sediment	Bacteria	Chloroflexota	Anaerolineae	Anaerolineales	UBA4823	CAVZGO01	0.000197115542560531
SRR10070149	Sediment	Bacteria	Spirochaetota	Spirochaetia	Treponematales	Breznakiellaceae	Gracilinema	0.000109081842548152
SRR10102394	Soil	Bacteria	Actinomycetota	Actinomycetes	Mycobacteriales	Pseudonocardiaceae	Pseudonocardia	0.001082909317470442
SRR10070134	Riverwater	Bacteria	Pseudomonadota	Gammaproteobacteria	Burkholderiales	Burkholderiaceae_C	Piscinibacter	0.000576991541549529
SRR10070151	Sediment	Bacteria	Verrucomicrobiota	Verrucomicrobiia	Limisphaerales	UBA8199	PALSA-1440	0.00134695620749696
SRR10102393	Soil	Bacteria	Actinomycetota	Thermoleophilia	Gaiellales	Gaiellaceae	JACDER01	0.0006538084341288
SRR10070149	Sediment	Bacteria	Bacillota	Clostridia	Peptostreptococcales	Peptostreptococcaceae	Alkalithermobacter	0.000171414324004239
SRR10070150	Sediment	Archaea	Nanobdellota	Nanobdellia	Pacearchaeales	GW2011-AR1	Unclassified	0.000536371807138094
SRR10070149	Sediment	Bacteria	Pseudomonadota	Gammaproteobacteria	Burkholderiales	SG8-39	DAHVFK01	0.000514242972012716
SRR10070130	Riverwater	Bacteria	Acidobacteriota	Vicinamibacteria	Fen-336	Fen-336	DATBSL01	0.000365335728311997
SRR10070131	Riverwater	Bacteria	Acidobacteriota	Vicinamibacteria	Vicinamibacterales	UBA2999	Gp6-AA40	0.000278829503096475
SRR10070151	Sediment	Bacteria	Myxococcota_A	UBA9160	UBA9160	UBA4427	UBA4427	0.000706330694175236
SRR10070149	Sediment	Bacteria	Chloroflexota	Limnocylindria	Limnocylindrales	CSP1-4	CTSoil-043	0.000483076731284672
SRR10070151	Sediment	Bacteria	Bacteroidota	Bacteroidia	Bacteroidales	JAGOPY01	JAGOPY01	0.000870593646309011
SRR10070149	Sediment	Bacteria	Chloroflexota	Limnocylindria	QHBO01	QHBO01	DASSCW01	0.000202580564732282
SRR10102394	Soil	Bacteria	Acidobacteriota	Vicinamibacteria	Vicinamibacterales	SCN-69-37	DASQFI01	0.002165818634940888
SRR10070149	Sediment	Bacteria	Desulfobacterota	Binatia	DP-6	DP-6	Unclassified	0.00101290282366141
SRR10102392	Soil	Bacteria	Pseudomonadota	Gammaproteobacteria	Burkholderiales	Burkholderiaceae_D	Paucimonas	0.000410134888807875
SRR10070130	Riverwater	Bacteria	Pseudomonadota	Gammaproteobacteria	Enterobacterales	Unclassified	Unclassified	0.000426225016363996
SRR10070131	Riverwater	Bacteria	Patescibacteriota	Saccharimonadia	Saccharimonadales	UBA4665	Unclassified	0.000366880925126941
SRR10070134	Riverwater	Bacteria	Pseudomonadota	Gammaproteobacteria	Burkholderiales	Nitrosomonadaceae	Nitrosomonas	0.0008961783517684181
SRR10102394	Soil	Bacteria	Pseudomonadota	Gammaproteobacteria	Pseudomonadales	Pseudomonadaceae	Aquipseudomonas	0.00342674044295442
SRR10070151	Sediment	Bacteria	Bdellovibrionota	Bacteriovoracia	Bacteriovoracales	Bacteriovoracaceae	Bacteriovorax	0.000147836656920398
SRR10070149	Sediment	Bacteria	Acidobacteriota	Terriglobia	20CM-2-55-15	20CM-2-55-15	20CM-2-55-15	0.000514242972012716
SRR10070151	Sediment	Bacteria	Acidobacteriota	Aminicenantia	UBA2199	UBA2199	JAKAGC01	0.000328525904267551
SRR10102393	Soil	Bacteria	Pseudomonadota	Alphaproteobacteria	Rhizobiales	Hyphomicrobiaceae	Hyphomicrobium_A	0.00031328320802005
SRR10070130	Riverwater	Bacteria	Campylobacterota	Campylobacteria	Campylobacterales	Arcobacteraceae	Aliarcobacter	0.01954546146469182
SRR10070149	Sediment	Bacteria	Pseudomonadota	Alphaproteobacteria	Reyranellales	Reyranellaceae	Reyranella	0.000296079286916412
SRR10070149	Sediment	Bacteria	Pseudomonadota	Gammaproteobacteria	Xanthomonadales	Unclassified	Unclassified	0.000109081842548152
SRR10070149	Sediment	Bacteria	Chloroflexota	Anaerolineae	JAAYZQ01	JAAYZQ01	Unclassified	0.000327245527644456
SRR10070131	Riverwater	Bacteria	Pseudomonadota	Alphaproteobacteria	Micavibrionales	UBA1664	UBA6145	0.000278829503096475
SRR10102394	Soil	Bacteria	Desulfobacterota	Binatia	UBA1149	CAITLU01	DATNBU01	0.000519203097417335
SRR10070149	Sediment	Bacteria	Desulfobacterota	Binatia	UBA1149	CAITLU01	DATNBU01	0.000311662407280434
SRR10070151	Sediment	Bacteria	Bacteroidota	Bacteroidia	Bacteroidales	Prolixibacteraceae	G963677325	0.00151121915963074
SRR10070134	Riverwater	Bacteria	Fusobacteriota	Fusobacteriia	Fusobacteriales	Fusobacteriaceae	Fusobacterium	0.00213609634531102
SRR10102392	Soil	Bacteria	Pseudomonadota	Alphaproteobacteria	Rhizobiales	Hyphomicrobiaceae	Hyphomicrobium_A	0.000394944707740916
SRR10070141	Groundwater	Bacteria	Bacteroidota	Bacteroidia	Flavobacteriales	Flavobacteriaceae	Flavobacterium	0.001357655945298804
SRR10102394	Soil	Bacteria	Gemmatimonadota	Gemmatimonadetes	Gemmatimonadales	Gemmatimonadaceae	JAGWRI01	0.000133509367907315
SRR10102392	Soil	Bacteria	Acidobacteriota	Terriglobia	Bryobacterales	Bryobacteraceae	Unclassified	0.000926601045084458
SRR10102392	Soil	Bacteria	Bacteroidota	Bacteroidia	Chitinophagales	Chitinophagaceae	Flavihumibacter	0.000136711629602625
SRR10070149	Sediment	Bacteria	Verrucomicrobiota	Lentisphaeria	Victivallales	GWF2-50-93	GWF2-50-93	0.000545409212740759
SRR10070151	Sediment	Bacteria	Acidobacteriota	Thermoanaerobaculia	Thermoanaerobaculales	Thermoanaerobaculaceae	CAVRZJ01	0.000197115542560531
SRR10070149	Sediment	Bacteria	Nitrospirota	Nitrospiria	Nitrospirales	Nitrospiraceae	Palsa-1315	0.013572897837062893
SRR10070150	Sediment	Bacteria	Eisenbacteria	RBG-16-71-46	RBG-16-71-46	DASYSL01	JANPEF01	0.000202951494592792
SRR10070151	Sediment	Bacteria	Pseudomonadota	Alphaproteobacteria	Rhizobiales	Afifellaceae	DASWJZ01	0.000180689247347153
SRR10070149	Sediment	Bacteria	Myxococcota_A	UBA9160	UBA9160	PR03	PR03	0.000966153462569345
SRR10070134	Riverwater	Bacteria	Pseudomonadota	Gammaproteobacteria	Burkholderiales	Burkholderiaceae_C	Rhizobacter	0.000945284014879016
SRR10070150	Sediment	Bacteria	Acidobacteriota	Vicinamibacteria	Vicinamibacterales	2-12-FULL-66-21	Unclassified	0.000333420312545302
SRR10070131	Riverwater	Bacteria	Pseudomonadota	Gammaproteobacteria	Burkholderiales	Burkholderiaceae_C	Polaromonas	0.000924539931319891
SRR10070134	Riverwater	Bacteria	Planctomycetota	JAJSAM01	JAJSAM01	JAKLKS01	CAZSIX01	0.000233251899775342
SRR10070131	Riverwater	Bacteria	Bacteroidota	Bacteroidia	Chitinophagales	Chitinophagaceae	Ferruginibacter	0.0000880514220304658
SRR10102393	Soil	Bacteria	Actinomycetota	Thermoleophilia	Gaiellales	Gaiellaceae	3-1-20CM-4-69-9	0.0002996621989757
SRR10070131	Riverwater	Bacteria	Planctomycetota	Planctomycetia	Planctomycetales	Planctomycetaceae	SIAF01	0.000161427607055854
SRR10070133	Groundwater	Archaea	Thermoproteota	Nitrososphaeria	Nitrososphaerales	Nitrosopumilaceae	Unclassified	0.00248378844666548
SRR10070149	Sediment	Bacteria	Hydrogenedentota	Hydrogenedentia	Hydrogenedentales	SLHB01	JAKJDA01	0.000498659851648694
SRR10070130	Riverwater	Bacteria	Pseudomonadota	Gammaproteobacteria	Pseudomonadales	Moraxellaceae	Perlucidibaca	0.000274001796233998
SRR10070151	Sediment	Bacteria	Planctomycetota	Phycisphaerae	Sedimentisphaerales	Anaerobacaceae	Fen-1362	0.002874601662341077
SRR10070134	Riverwater	Bacteria	Pseudomonadota	Alphaproteobacteria	Sphingomonadales	Sphingomonadaceae	Sphingorhabdus_B	0.000135040573554145
SRR10102392	Soil	Bacteria	Pseudomonadota	Alphaproteobacteria	Rhizobiales	Beijerinckiaceae	Microvirga	0.004025397982743954
SRR10070149	Sediment	Bacteria	Pseudomonadota	Alphaproteobacteria	Micropepsales	Micropepsaceae	SZUA-430	0.00043632737019260695
SRR10102392	Soil	Bacteria	Acidobacteriota	Terriglobia	Bryobacterales	Bryobacteraceae	Palsa-187	0.001549398468829749
SRR10102393	Soil	Bacteria	Chloroflexota	Chloroflexia	Thermomicrobiales	UBA6265	JADLGF01	0.000817260542661
SRR10070133	Groundwater	Bacteria	Patescibacteriota	Saccharimonadia	Saccharimonadales	Saccharimonadaceae	UBA6022	0.00132369563924088
SRR10070134	Riverwater	Bacteria	Actinomycetota	Actinomycetes	S36-B12	CAIYMF01	Prado023	0.000245528315552991
SRR10070151	Sediment	Bacteria	Acidobacteriota	Thermoanaerobaculia	Multivoradales	JAGPDF01	JACTMI01	0.000919872531949144
SRR10070132	Groundwater	Bacteria	Campylobacterota	Campylobacteria	Campylobacterales	Arcobacteraceae	Aliarcobacter	0.01552106430155211
SRR10070132	Groundwater	Bacteria	Pseudomonadota	Gammaproteobacteria	Burkholderiales	JACQAP01	JACQAP01	0.000980726590482688
SRR10070141	Groundwater	Bacteria	Patescibacteriota	Gracilibacteria	UM-FILTER-43-11	UM-FILTER-43-11	JAZDOH01	0.0000740539606526622
SRR10070132	Groundwater	Bacteria	Acidobacteriota	Vicinamibacteria	Vicinamibacterales	CAVVIG01	Unclassified	0.00277161862527716
SRR10070151	Sediment	Bacteria	Chloroflexota	Dehalococcoidia	Dehalococcoidales	RBG-16-60-22	JBFYTX01	0.0020040080160320622
SRR10102393	Soil	Bacteria	Verrucomicrobiota	Verrucomicrobiia	Limisphaerales	Unclassified	Unclassified	0.0030783480440231
SRR10102394	Soil	Bacteria	Actinomycetota	Thermoleophilia	Solirubrobacterales	Thermoleophilaceae	DASPHG01	0.000563706220053107
SRR10070134	Riverwater	Bacteria	Pseudomonadota	Alphaproteobacteria	Rickettsiales	UBA1997	Unclassified	0.00117853591465436
SRR10102393	Soil	Bacteria	Pseudomonadota	Gammaproteobacteria	Burkholderiales	SHXO01	SHXO01	0.0002996621989757
SRR10070141	Groundwater	Bacteria	Bacteroidota	Bacteroidia	Sphingobacteriales	Sphingobacteriaceae	Daejeonella	0.000543062378119523
SRR10070150	Sediment	Bacteria	Pseudomonadota	Alphaproteobacteria	Reyranellales	Reyranellaceae	Reyranella	0.0003914064538575276
SRR10102393	Soil	Bacteria	Pseudomonadota	Alphaproteobacteria	Rhizobiales	Rhizobiaceae	Rhizobium	0.0004358722894192
SRR10102392	Soil	Bacteria	Pseudomonadota	Gammaproteobacteria	JACCYU01	JACCYU01	JACCYU01	0.000288613440272208
SRR10070134	Riverwater	Bacteria	Bacteroidota	Bacteroidia	UKL13-3	UKL13-3	B1	0.000122764157776496
SRR10070131	Riverwater	Bacteria	Bdellovibrionota	UBA2394	UBA2394	UBA2394	Unclassified	0.000132077133045699
SRR10070149	Sediment	Bacteria	Pseudomonadota	Alphaproteobacteria	Sphingomonadales	Sphingomonadaceae	Sphingomicrobium	0.002181636850963038
SRR10070134	Riverwater	Bacteria	Pseudomonadota	Gammaproteobacteria	Steroidobacterales	Steroidobacteraceae	13-2-20CM-66-19	0.00104349534110021
SRR10070149	Sediment	Bacteria	Methylomirabilota	Methylomirabilia	Methylomirabilales	2-02-FULL-66-22	2-02-FULL-66-22	0.00592158573832824
SRR10102394	Soil	Unclassified	Unclassified	Unclassified	Unclassified	Unclassified	Unclassified	0.1166130156799335
SRR10102392	Soil	Bacteria	Bacillota	Bacilli	Thermoactinomycetales	Thermoactinomycetaceae	Thermoflavimicrobium	0.000197472353870458
SRR10070151	Sediment	Bacteria	Desulfobacterota	Desulfobulbia	Desulfobulbales	Unclassified	Unclassified	0.000804888465455501
SRR10070131	Riverwater	Bacteria	Actinomycetota	Actinomycetes	Actinomycetales	Dermatophilaceae	Fodinibacter	0.001041941827360512
SRR10070141	Groundwater	Bacteria	Patescibacteriota	Saccharimonadia	Saccharimonadales	Saccharimonadaceae	JAKDMF01	0.0154032238157537
SRR10070149	Sediment	Bacteria	Chloroflexota	Anaerolineae	Anaerolineales	Unclassified	Unclassified	0.001651810758586299
SRR10102394	Soil	Bacteria	Methylomirabilota	Methylomirabilia	Rokubacteriales	CSP1-6	DASRWT01	0.000548871845841183
SRR10102392	Soil	Bacteria	Planctomycetota	Planctomycetia	Planctomycetales	Planctomycetaceae	JACQFH01	0.000425325069874833
SRR10102394	Soil	Bacteria	Acidobacteriota	Vicinamibacteria	Vicinamibacterales	2-12-FULL-66-21	Unclassified	0.008663274539763535
SRR10070151	Sediment	Bacteria	Verrucomicrobiota	Verrucomicrobiia	Limisphaerales	JADLHS01	Unclassified	0.00269391241499392
SRR10070151	Sediment	Bacteria	Nitrospirota	Thermodesulfovibrionia	UBA6902	UBA6902	Unclassified	0.000164262952133776
SRR10070150	Sediment	Bacteria	Actinomycetota	Actinomycetes	Streptomycetales	Streptomycetaceae	Unclassified	0.000260937635905019
SRR10070130	Riverwater	Bacteria	Omnitrophota	Omnitrophia	Omnitrophales	Aquincolibacteriaceae	JAHFHB01	0.000213112508181998
SRR10070151	Sediment	Bacteria	Nitrospirota	UBA9217	UBA9217	UBA9217	Unclassified	0.000788462170242124
SRR10102394	Soil	Bacteria	Actinomycetota	Actinomycetes	Actinomycetales	Dermatophilaceae	Lapillicoccus	0.00065271246532465
SRR10102394	Soil	Bacteria	Planctomycetota	Planctomycetia	Pirellulales	Pirellulaceae	Aureliella	0.00026701873581463
SRR10070134	Riverwater	Bacteria	Myxococcota_A	Polyangia	Polyangiales	Houyiibacteriaceae	Unclassified	0.000380568889107136
SRR10070151	Sediment	Bacteria	Nitrospirota	Thermodesulfovibrionia	Thermodesulfovibrionales	SM23-35	CAVRAA01	0.001560498045270869
SRR10102394	Soil	Bacteria	Acidobacteriota	Vicinamibacteria	Vicinamibacterales	CAVVIG01	CAVQFC01	0.00118674993695391
SRR10070151	Sediment	Bacteria	Chloroflexota	Limnocylindria	Limnocylindrales	CSP1-4	JALYGJ01	0.00060777292289497
SRR10102393	Soil	Bacteria	Planctomycetota	Planctomycetia	Planctomycetales	Planctomycetaceae	JACQFH01	0.00028604118993135
SRR10102393	Soil	Bacteria	Myxococcota_A	Polyangia	Polyangiales	Polyangiaceae	Xiheicaenibacterium	0.00006810504522175
SRR10070131	Riverwater	Bacteria	Pseudomonadota	Gammaproteobacteria	Pseudomonadales	CAMLJR01	CAMLJR01	0.000234803792081242
SRR10070151	Sediment	Bacteria	Planctomycetota	Phycisphaerae	Sedimentisphaerales	Anaerobacaceae	PLanc-01	0.001856171359111666
SRR10070132	Groundwater	Bacteria	Pseudomonadota	Gammaproteobacteria	Legionellales	Legionellaceae	Tatlockia	0.000426402865427256
SRR10070150	Sediment	Bacteria	Bacillota	Clostridia	Acetivibrionales	DTU013	MnB-11	0.00123220550288481
SRR10102394	Soil	Bacteria	Acidobacteriota	Vicinamibacteria	Vicinamibacterales	SCN-69-37	CAVXSP01	0.00195813739597395
SRR10070130	Riverwater	Bacteria	Pseudomonadota	Gammaproteobacteria	Burkholderiales	Chitinibacteraceae	Formivibrio	0.000395780372337996
SRR10070131	Riverwater	Bacteria	Pseudomonadota	Gammaproteobacteria	Burkholderiales	Burkholderiaceae_C	Rubrivivax	0.000425581873147251
SRR10070141	Groundwater	Bacteria	Pseudomonadota	Alphaproteobacteria	Sphingomonadales	Sphingomonadaceae	Rhizorhabdus	0.0039248599145911035
SRR10070130	Riverwater	Bacteria	Acidobacteriota	Aminicenantia	Aminicenantales	Unclassified	Unclassified	0.0000304446440259997
SRR10102393	Soil	Bacteria	Planctomycetota	Planctomycetia	Pirellulales	JAICIG01	JAICLL01	0.0003541462351531
SRR10070131	Riverwater	Bacteria	Pseudomonadota	Alphaproteobacteria	Sphingomonadales	Sphingomonadaceae	Sphingopyxis	0.000190778081066009
SRR10070149	Sediment	Bacteria	Planctomycetota	UBA1135	UBA1135	JAKEFM01	JAKEFM01	0.000342828648008477
SRR10070150	Sediment	Bacteria	Bacteroidota	Bacteroidia	Bacteroidales	VadinHA17	SR-FBR-E99	0.000507378736481981
SRR10070150	Sediment	Bacteria	Actinomycetota	Actinomycetes	S36-B12	CAIYMF01	Prado023	0.0000869792119683396
SRR10070151	Sediment	Bacteria	Planctomycetota	UBA1135	UBA1135	GCA-002686595	Unclassified	0.000213541837773908
SRR10070151	Sediment	Bacteria	Bacteroidota	Bacteroidia	Bacteroidales	VadinHA17	SR-FBR-E99	0.000443509970761195
SRR10070151	Sediment	Bacteria	Desulfobacterota	Desulfobulbia	Desulfobulbales	Desulfurivibrionaceae	Thiovibrio	0.00262820723414041
SRR10070130	Riverwater	Bacteria	Pseudomonadota	Gammaproteobacteria	Xanthomonadales	Xanthomonadaceae	Arenimonas	0.0038816921133149624
SRR10070131	Riverwater	Bacteria	Actinomycetota	Actinomycetes	S36-B12	GCA-2699445	CAIWTL01	0.000469607584162484
SRR10102394	Soil	Bacteria	Acidobacteriota	Terriglobia	Bryobacterales	Bryobacteraceae	Palsa-187	0.0006082093426888783
SRR10070133	Groundwater	Bacteria	Bacteroidota	Ignavibacteria	UBA10030	UBA10030	Unclassified	0.000163602831816289
SRR10102394	Soil	Bacteria	Verrucomicrobiota	Verrucomicrobiia	Verrucomicrobiales	Verrucomicrobiaceae	Verrucomicrobium	0.000133509367907315
SRR10070150	Sediment	Bacteria	Chloroflexota	Dehalococcoidia	Tepidiformales	Tepidiformaceae	PNKC01	0.000507378736481981
SRR10102393	Soil	Bacteria	Gemmatimonadota	Gemmatimonadetes	Gemmatimonadales	Gemmatimonadaceae	JAGWRI01	0.00028604118993135
SRR10070150	Sediment	Bacteria	Synergistota	Synergistia	Synergistales	Synergistaceae	Caenicola	0.000173958423936679
SRR10102392	Soil	Bacteria	Actinomycetota	UBA4738	UBA4738	HRBIN12	AC-69	0.000774699234414874
SRR10070150	Sediment	Bacteria	Spirochaetota	Spirochaetia	SZUA-6	CAVTHK01	CAVTHK01	0.000347916847873358
SRR10070131	Riverwater	Bacteria	Pseudomonadota	Gammaproteobacteria	Burkholderiales	Burkholderiaceae_C	Ideonella	0.00616359954213261
SRR10070150	Sediment	Archaea	Thermoproteota	Nitrososphaeria	Nitrososphaerales	Nitrosopumilaceae	Nitrosarchaeum	0.00304427241889188
SRR10102394	Soil	Bacteria	Methylomirabilota	Methylomirabilia	Rokubacteriales	CSP1-6	AR37	0.000608209342688879
SRR10070149	Sediment	Bacteria	Planctomycetota	UBA1135	UBA1135	UBA2386	Unclassified	0.000467493610920651
SRR10070149	Sediment	Bacteria	Chloroflexota	Dehalococcoidia	DSTF01	JALHUB01	Unclassified	0.00028049616655239
SRR10102392	Soil	Bacteria	Planctomycetota	Phycisphaerae	Tepidisphaerales	Tepidisphaeraceae	Unclassified	0.002430428970713331
SRR10102393	Soil	Bacteria	Acidobacteriota	Blastocatellia	Unclassified	Unclassified	Unclassified	0.00020431513566525
SRR10070133	Groundwater	Bacteria	Pseudomonadota	Alphaproteobacteria	Rhizobiales	Xanthobacteraceae	Pseudolabrys	0.000252840740079719
SRR10070151	Sediment	Bacteria	Verrucomicrobiota	Verrucomicrobiia	Limisphaerales	SIBE01	SIBE01	0.000344952199480929
SRR10070150	Sediment	Bacteria	Pseudomonadota	Gammaproteobacteria	Burkholderiales	Sulfuricellaceae	Sulfurimicrobium	0.000159461888608623
SRR10070134	Riverwater	Bacteria	Bdellovibrionota	UBA1018	UBA1018	UBA1018	JBBCAW01	0.000184146236664743
SRR10070134	Riverwater	Bacteria	Bdellovibrionota	UBA1018	UBA1018	Unclassified	Unclassified	0.000208699068220042
SRR10070131	Riverwater	Bacteria	Pseudomonadota	Gammaproteobacteria	Legionellales	Legionellaceae	Unclassified	0.000601684717208183
SRR10070131	Riverwater	Bacteria	Hydrogenedentota	Hydrogenedentia	Hydrogenedentales	JAEUWI01	JAEUWI01	0.0000587009480203105
SRR10070150	Sediment	Bacteria	Acidobacteriota	Unclassified	Unclassified	Unclassified	Unclassified	0.000318923777217245
SRR10070149	Sediment	Bacteria	Gemmatimonadota	Gemmatimonadetes	Gemmatimonadales	Gemmatimonadaceae	JABWBJ01	0.002477716137879444
SRR10102392	Soil	Bacteria	Pseudomonadota	Gammaproteobacteria	Burkholderiales	Nitrosomonadaceae	Nitrosospira	0.00443553287155183
SRR10070132	Groundwater	Bacteria	Chloroflexota	Limnocylindria	Limnocylindrales	CSP1-4	SPCO01	0.00174825174825175
SRR10070149	Sediment	Archaea	Halobacteriota	Methanosarcinia	Methanotrichales	Methanotrichaceae	Unclassified	0.000296079286916412
SRR10070132	Groundwater	Bacteria	Actinomycetota	Rubrobacteria	Rubrobacterales	Rubrobacteraceae	JALYGY01	0.000298482005799079
SRR10070150	Sediment	Bacteria	Myxococcota_A	Polyangia	Polyangiales	Polyangiaceae	Labilithrix	0.000260937635905019
SRR10070134	Riverwater	Bacteria	Pseudomonadota	Gammaproteobacteria	Burkholderiales	Chitinibacteraceae	Formivibrio	0.00028235756288594
SRR10070131	Riverwater	Bacteria	Bacteroidota	Bacteroidia	Cytophagales	Spirosomataceae	Arcicella	0.004153092072436974
SRR10070149	Sediment	Bacteria	Myxococcota_A	UBA9160	UBA9160	Unclassified	Unclassified	0.000981736582933366
SRR10070134	Riverwater	Bacteria	Patescibacteriota	Saccharimonadia	Saccharimonadales	SZUA-47	RFTN01	0.000392845304884786
SRR10070134	Riverwater	Bacteria	Pseudomonadota	Gammaproteobacteria	Pseudomonadales	Oleiphilaceae	PZPK01	0.000429674552217734
SRR10102393	Soil	Bacteria	Bacteroidota	Bacteroidia	Cytophagales	Hymenobacteraceae	Hymenobacter	0.0016617631034107
SRR10070131	Riverwater	Bacteria	Pseudomonadota	Alphaproteobacteria	Rickettsiales	UBA1997	Unclassified	0.00161427607055854
SRR10070130	Riverwater	Bacteria	Pseudomonadota	Alphaproteobacteria	Rhizobiales	Kaistiaceae	Bauldia	0.000197890186168998
SRR10070150	Sediment	Bacteria	Myxococcota_A	Polyangia	Polyangiales	Polyangiaceae	FEN-1139	0.000507378736481981
SRR10070131	Riverwater	Bacteria	Chloroflexota	Limnocylindria	QHBO01	QHBO01	DASSCW01	0.000102726659035543
SRR10070133	Groundwater	Bacteria	Acidobacteriota	Terriglobia	Terriglobales	Acidobacteriaceae	Unclassified	0.000312332678922006
SRR10102392	Soil	Bacteria	Actinomycetota	Actinomycetes	Streptosporangiales	Streptosporangiaceae	Unclassified	0.000136711629602625
SRR10102393	Soil	Bacteria	Chloroflexota	Dehalococcoidia	SM23-28-2	RBG-16-64-32	Unclassified	0.00039500926228615
SRR10102393	Soil	Bacteria	Bacteroidota	Bacteroidia	Sphingobacteriales	Sphingobacteriaceae	Daejeonella	0.00069467146126185
SRR10070132	Groundwater	Bacteria	Pseudomonadota	Gammaproteobacteria	Burkholderiales	Burkholderiaceae_C	Hylemonella	0.00626812212178066
SRR10070131	Riverwater	Bacteria	Bdellovibrionota	Bdellovibrionia	Bdellovibrionales	Bdellovibrionaceae	UBA2316	0.000220128555076164
SRR10070149	Sediment	Archaea	Nanobdellota	Nanobdellia	Pacearchaeales	GW2011-AR1	Unclassified	0.000171414324004239
SRR10070149	Sediment	Bacteria	Acidobacteriota	Terriglobia	2-12-FULL-54-10	2-12-FULL-54-10	SHUM01	0.000716823536744998
SRR10070150	Sediment	Bacteria	Pseudomonadota	Gammaproteobacteria	Steroidobacterales	Steroidobacteraceae	13-2-20CM-66-19	0.00130468817952509
SRR10102394	Soil	Bacteria	Cyanobacteriota	Vampirovibrionia	Vampirovibrionales	Vampirovibrionaceae	Vampirovibrio	0.000178012490543086
SRR10102394	Soil	Bacteria	Acidobacteriota	Vicinamibacteria	Vicinamibacterales	CAVVIG01	Unclassified	0.00891545890136625
SRR10102394	Soil	Bacteria	Chloroflexota	Chloroflexia	Thermomicrobiales	UBA6265	JACCXM01	0.0024476717449674343
SRR10102394	Soil	Bacteria	Actinomycetota	Acidimicrobiia	Acidimicrobiales	Ilumatobacteraceae	Ilumatobacter	0.000370859355298097
SRR10102394	Soil	Bacteria	Patescibacteriota	Saccharimonadia	Saccharimonadales	Saccharimonadaceae	JAPUDS01	0.000400528103721944
SRR10070149	Sediment	Bacteria	Acidobacteriota	Thermoanaerobaculia	UBA5066	Gp7-AA6	Unclassified	0.000981736582933366
SRR10070150	Sediment	Bacteria	Gemmatimonadota	Gemmatimonadetes	Gemmatimonadales	GWC2-71-9	20CM-2-65-7	0.000971267866979792
SRR10070130	Riverwater	Bacteria	Planctomycetota	JAJSAM01	JAJSAM01	JAKLKS01	CAZSIX01	0.000167445542142998
SRR10102393	Soil	Bacteria	Patescibacteriota	Saccharimonadia	Saccharimonadales	Saccharimonadaceae	JAPUDS01	0.0001634521085322
SRR10070131	Riverwater	Bacteria	Myxococcota	Unclassified	Unclassified	Unclassified	Unclassified	0.000293504740101553
SRR10070149	Sediment	Bacteria	Desulfobacterota	Desulfobulbia	Desulfobulbales	Desulfocapsaceae	Unclassified	0.0022439693324191228
SRR10102394	Soil	Bacteria	Acidobacteriota	Terriglobia	20CM-2-55-15	20CM-2-55-15	20CM-2-55-15	0.000875228078503508
SRR10070132	Groundwater	Bacteria	Pseudomonadota	Gammaproteobacteria	Steroidobacterales	Unclassified	Unclassified	0.000554323725055432
SRR10070149	Sediment	Bacteria	Armatimonadota	UBA5829	UBA5829	UBA5829	Unclassified	0.000810322258929128
SRR10102394	Soil	Bacteria	Actinomycetota	Thermoleophilia	Gaiellales	JAICJC01	DATLLX01	0.000133509367907315
SRR10102393	Soil	Bacteria	Myxococcota_A	Polyangia	Polyangiales	Polyangiaceae	CAWHDJ01	0.00080363953361665
SRR10070150	Sediment	Bacteria	Acidobacteriota	Vicinamibacteria	Fen-336	Fen-336	Unclassified	0.000144965353280566
SRR10070131	Riverwater	Bacteria	Pseudomonadota	Alphaproteobacteria	Rhizobiales	Beijerinckiaceae	Alsobacter	0.000234803792081242
SRR10070132	Groundwater	Bacteria	Bacteroidota	Ignavibacteria	UBA10030	UBA10030	Unclassified	0.000682244584683609
SRR10070134	Riverwater	Bacteria	Pseudomonadota	Gammaproteobacteria	Burkholderiales	JACQAP01	JACQAP01	0.00027008114710829
SRR10070133	Groundwater	Unclassified	Unclassified	Unclassified	Unclassified	Unclassified	Unclassified	0.026221072044737927
SRR10102392	Soil	Bacteria	Actinomycetota	Thermoleophilia	Gaiellales	Gaiellaceae	VAXT01	0.000805079596548791
SRR10070130	Riverwater	Bacteria	Pseudomonadota	Alphaproteobacteria	Paracaedibacterales	Unclassified	Unclassified	0.000365335728311997
SRR10102392	Soil	Bacteria	Bacillota	Bacilli	Bacillales_A	Planococcaceae	Psychrobacillus	0.000318993802406125
SRR10070150	Sediment	Bacteria	Bacteroidota	Ignavibacteria	Ignavibacteriales	Ignavibacteriaceae	CAVSWT01	0.00068133716041866
SRR10070150	Sediment	Bacteria	Bacillota	Desulfitobacteriia	Desulfitobacteriales	Desulfitobacteriaceae	Desulfosporosinus	0.000173958423936679
SRR10070150	Sediment	Bacteria	Acidobacteriota	Terriglobia	Versatilivoradales	Versatilivoraceae	CAVVYL01	0.000289930706561132
SRR10070131	Riverwater	Bacteria	Bacteroidota	Bacteroidia	Flavobacteriales	Flavobacteriaceae	Namhaeicola	0.0000733761850253882
SRR10102393	Soil	Bacteria	Chloroflexota	Anaerolineae	4572-78	J111	DSQQ01	0.0000817260542661
SRR10070134	Riverwater	Bacteria	Verrucomicrobiota	Verrucomicrobiia	Limisphaerales	Unclassified	Unclassified	0.000196422652442393
SRR10102392	Soil	Bacteria	Myxococcota_A	Polyangia	Polyangiales	Polyangiaceae	PMG-095	0.001944343176570664
SRR10070133	Groundwater	Bacteria	Bacillota	Bacilli	Bacillales	Anaerobacillaceae	Anaerobacillus	0.0042090546730918
SRR10070151	Sediment	Bacteria	Pseudomonadota	Gammaproteobacteria	Pseudomonadales	Azotimanducaceae	Unclassified	0.000903446236735766
SRR10070131	Riverwater	Unclassified	Unclassified	Unclassified	Unclassified	Unclassified	Unclassified	0.0031845264301018457
SRR10102394	Soil	Bacteria	Chloroflexota	Anaerolineae	Caldilineales	Caldilineaceae	Fredericiella	0.002462506119179364
SRR10070151	Sediment	Bacteria	JAJVIF01	JAJVIF01	JAPKYR01	JAPKYR01	JAPKYR01	0.000443509970761194
SRR10070149	Sediment	Bacteria	Pseudomonadota	Gammaproteobacteria	Steroidobacterales	Rariloculaceae	CBDCWM01	0.000124664962912174
SRR10070149	Sediment	Bacteria	Actinomycetota	Actinomycetes	Actinomycetales	Dermatophilaceae	Unclassified	0.000327245527644456
SRR10070131	Riverwater	Bacteria	Desulfobacterota	DSM-4660	Desulfatiglandales	HGW-15	CAVPDE01	0.0000733761850253882
SRR10070134	Riverwater	Bacteria	Bacteroidota	Ignavibacteria	Tepidaquicellales	OLB5	Unclassified	0.0000368292473329487
SRR10102392	Soil	Bacteria	Acidobacteriota	Terriglobia	Terriglobales	Acidobacteriaceae	Edaphobacter	0.000516466156276583
SRR10070150	Sediment	Bacteria	Spirochaetota	Spirochaetia	Treponematales	Rectinemataceae	JAJXZP01	0.000420399524513641
SRR10070151	Sediment	Bacteria	Desulfobacterota	Desulfobaccia	Desulfobaccales	0-14-0-80-60-11	SURF-52	0.0014947928644173589
SRR10070149	Sediment	Bacteria	Chloroflexota	Anaerolineae	Anaerolineales	UBA4823	CAVPNY01	0.002462133017515425
SRR10070149	Sediment	Bacteria	Chloroflexota	Limnocylindria	Limnocylindrales	CSP1-4	UBA5189	0.000701240416380976
SRR10070141	Groundwater	Archaea	Thermoproteota	Nitrososphaeria	Nitrososphaerales	Nitrosopumilaceae	Unclassified	0.00167855644146034
SRR10070151	Sediment	Bacteria	Pseudomonadota	Gammaproteobacteria	Burkholderiales	SG8-41	Unclassified	0.004533657478892211
SRR10070150	Sediment	Bacteria	Desulfobacterota	Desulfobulbia	Desulfobulbales	Desulfobulbaceae	Unclassified	0.000985764402307848
SRR10070131	Riverwater	Bacteria	Pseudomonadota	Gammaproteobacteria	Burkholderiales	Burkholderiaceae_F	JALORV01	0.000161427607055854
SRR10070149	Sediment	Bacteria	Acidobacteriota	Vicinamibacteria	Vicinamibacterales	CAVVIG01	CAVQFD01	0.000841488499657171
SRR10070134	Riverwater	Bacteria	Pseudomonadota	Gammaproteobacteria	Burkholderiales	Rhodocyclaceae	JADJEF01	0.000368292473329487
SRR10102392	Soil	Bacteria	Pseudomonadota	Gammaproteobacteria	Steroidobacterales	Rariloculaceae	FEN-1219	0.000501275975209624
SRR10070150	Sediment	Bacteria	Acidobacteriota	Terriglobia	Acidiferrales	2-02-FULL-67-57	Unclassified	0.000710330231074773
SRR10070134	Riverwater	Bacteria	Pseudomonadota	Gammaproteobacteria	Enterobacterales	Enterobacteriaceae	Pectobacterium	0.00082251985710252
SRR10102394	Soil	Bacteria	Bacillota	Bacilli	Bacillales	Cytobacillaceae	Neobacillus	0.00194330302176203
SRR10102393	Soil	Bacteria	Pseudomonadota	Alphaproteobacteria	ATCC43930	CGMCC-115725	AP-15	0.00028604118993135
SRR10070141	Groundwater	Bacteria	Bacteroidota	Ignavibacteria	Ignavibacteriales	Ignavibacteriaceae	JAKAGZ01	0.00056774703167041
SRR10070130	Riverwater	Bacteria	Gemmatimonadota	Gemmatimonadetes	Gemmatimonadales	GWC2-71-9	SPDF01	0.0000913339320779992
SRR10070141	Groundwater	Archaea	Nanobdellota	Nanobdellia	Unclassified	Unclassified	Unclassified	0.00133297129174792
SRR10070151	Sediment	Bacteria	Acidobacteriota	Blastocatellia	UBA7656	UBA7656	Onstottus_A	0.002053286901672198
SRR10102393	Soil	Bacteria	Bacillota	Bacilli	Paenibacillales	NBRC-103111	Paenibacillus_E	0.00061294540699575
SRR10070134	Riverwater	Bacteria	Verrucomicrobiota	Verrucomicrobiia	Verrucomicrobiales	Akkermansiaceae	Haloferula	0.000368292473329487
SRR10102392	Soil	Bacteria	Verrucomicrobiota	Verrucomicrobiia	Chthoniobacterales	Chthoniobacteraceae	DASZPK01	0.00098736176935229
SRR10070150	Sediment	Bacteria	Planctomycetota	Planctomycetia	Gemmatales	HRBIN36	JANWWR01	0.000217448029920849
SRR10070131	Riverwater	Bacteria	Campylobacterota	Campylobacteria	Campylobacterales	Sulfurimonadaceae	Sulfurimonas	0.000587009480203105
SRR10070150	Sediment	Bacteria	Krumholzibacteriota	Krumholzibacteriia	JACNKJ01	JACNKJ01	VGXI01	0.00063784755443449
SRR10102392	Soil	Bacteria	Pseudomonadota	Gammaproteobacteria	Burkholderiales	Burkholderiaceae_D	Telluria	0.006896342204399073
SRR10070134	Riverwater	Bacteria	Pseudomonadota	Alphaproteobacteria	Caulobacterales	Caulobacteraceae	Brevundimonas	0.00047878021532833204
SRR10070149	Sediment	Bacteria	Desulfobacterota	Binatia	UBA1149	Unclassified	Unclassified	0.000296079286916412
SRR10070150	Sediment	Bacteria	Desulfobacterota	DSM-4660	Desulfatiglandales	Desulfatiglandaceae	Unclassified	0.002551390217737963
SRR10070151	Sediment	Bacteria	Bacillota	Bacilli	Paenibacillales	Paenibacillaceae	Paenibacillus_AQ	0.000361378494694307
SRR10070150	Sediment	Bacteria	Desulfobacterota	Syntrophobacteria	Syntrophobacterales	Syntrophobacteraceae	CAWDJT01	0.002580383288394072
SRR10102394	Soil	Bacteria	Myxococcota	Myxococcia	Myxococcales	Myxococcaceae	Unclassified	0.00244767174496744
SRR10102394	Soil	Bacteria	Acidobacteriota	Vicinamibacteria	Vicinamibacterales	UBA2999	DATCJA01	0.00065271246532465
SRR10070149	Sediment	Bacteria	Spirochaetota	Spirochaetia	SZUA-6	Fen-1364	Fen-1364	0.000981736582933367
SRR10102393	Soil	Bacteria	Myxococcota_A	Polyangia	Haliangiales	Haliangiaceae	JABFXX01	0.00113054375068105
SRR10102393	Soil	Bacteria	Acidobacteriota	Vicinamibacteria	Vicinamibacterales	2-12-FULL-66-21	JACCXG01	0.0045221750027242
SRR10070149	Sediment	Bacteria	Myxococcota	Myxococcia	Myxococcales	Anaeromyxobacteraceae	Anaeromyxobacter	0.0000934987221841302
SRR10102393	Soil	Bacteria	Pseudomonadota	Alphaproteobacteria	Rhizobiales	Methyloligellaceae	Methyloceanibacter	0.0136754930805274
SRR10070132	Groundwater	Bacteria	Nitrospirota	Nitrospiria	Nitrospirales	Nitrospiraceae	Unclassified	0.00153505031553812
SRR10070149	Sediment	Bacteria	Myxococcota_A	Polyangia	Nannocystales	Nannocystaceae	Plesiocystis	0.000202580564732282
SRR10070150	Sediment	Bacteria	Planctomycetota	Brocadiia	CAIUPP01	CAIUPP01	Unclassified	0.000202951494592792
SRR10070134	Riverwater	Bacteria	Desulfobacterota	Desulfobacteria	Desulfobacterales	Desulfatirhabdiaceae	RAAP-1	0.000171869820887094
SRR10070149	Sediment	Bacteria	Chloroflexota	Dehalococcoidia	Dehalococcoidales	RBG-16-60-22	RBG-13-51-18	0.000264913046188369
SRR10070149	Sediment	Bacteria	Planctomycetota	Planctomycetia	Pirellulales	Lacipirellulaceae	DASYDU01	0.000607741694196846
SRR10102392	Soil	Bacteria	Myxococcota_A	UBA9160	UBA9160	PR03	PR03	0.000121521448535667
SRR10102394	Soil	Bacteria	Pseudomonadota	Alphaproteobacteria	Rhizobiales	Xanthobacteraceae	Pseudolabrys	0.006438118407974964
SRR10070149	Sediment	Bacteria	Actinomycetota	Acidimicrobiia	Spongiisociales	ZC4RG35	JALYNX01	0.000638907934924889
SRR10070150	Sediment	Bacteria	Acidobacteriota	Vicinamibacteria	Vicinamibacterales	SCN-69-37	DATKDF01	0.00072482676640283
SRR10070151	Sediment	Bacteria	Nitrospirota	Nitrospiria	Nitrospirales	Nitrospiraceae	40CM-3-62-11	0.000114984066493643
SRR10070151	Sediment	Bacteria	Chloroflexota	Limnocylindria	Limnocylindrales	CSP1-4	JAFMJV01	0.000739183284601991
SRR10070150	Sediment	Bacteria	Planctomycetota	Phycisphaerae	SM23-33	SM23-33	JALHTV01	0.000318923777217245
SRR10102392	Soil	Bacteria	Actinomycetota	UBA4738	UBA4738	HRBIN12	JBBQVZ01	0.000288613440272208
SRR10070150	Sediment	Bacteria	Desulfobacterota	Syntrophorhabdia	Syntrophorhabdales	WCHB1-27	CAWEPK01	0.000521875271810037
SRR10070151	Sediment	Bacteria	Planctomycetota	JAJSAM01	JAJSAM01	JAKLKS01	CAZSIX01	0.000197115542560531
SRR10070130	Riverwater	Bacteria	Patescibacteriota	Saccharimonadia	Saccharimonadales	UBA4665	JAGXIT01	0.00310535369065197
SRR10070150	Sediment	Bacteria	Desulfobacterota	Desulfobaccia	Desulfobaccales	0-14-0-80-60-11	SURF-52	0.001145226290916471
SRR10070150	Sediment	Bacteria	Pseudomonadota	Alphaproteobacteria	Rhizobiales	Aestuariivirgaceae	Aestuariivirga	0.001522136209445942
SRR10070149	Sediment	Bacteria	Pseudomonadota	Gammaproteobacteria	Burkholderiales	Sulfuricellaceae	Sulfurimicrobium	0.000264913046188369
SRR10070134	Riverwater	Bacteria	Cyanobacteriota	Cyanobacteriia	Unclassified	Unclassified	Unclassified	0.000405121720662435
SRR10070151	Sediment	Bacteria	Nitrospirota	Thermodesulfovibrionia	Thermodesulfovibrionales	SM23-35	VGWX01	0.00776963763592759
SRR10070149	Sediment	Bacteria	Planctomycetota	Planctomycetia	Pirellulales	JADZDJ01	Unclassified	0.000311662407280434
SRR10070151	Sediment	Bacteria	Nitrospirota	Nitrospiria	Nitrospirales	Nitrospiraceae	Palsa-1315	0.014537271263839155
SRR10070151	Sediment	Bacteria	Pseudomonadota	Alphaproteobacteria	Rhizobiales	Kaistiaceae	CAMCWB01	0.000361378494694307
SRR10070134	Riverwater	Bacteria	Bacillota	Clostridia	Lachnospirales	Lachnospiraceae	Blautia_A	0.00027008114710829
SRR10070131	Riverwater	Bacteria	Bacillota	Bacilli	Lactobacillales	Aerococcaceae	Trichococcus	0.00159960083355346
SRR10070130	Riverwater	Bacteria	Desulfobacterota	Desulfobacteria	Desulfobacterales	Desulfosalsimonadaceae	SURF-3	0.0000608892880519995
SRR10070149	Sediment	Bacteria	Spirochaetota	Spirochaetia	Treponematales	Rectinemataceae	JAJXZP01	0.000607741694196846
SRR10102394	Soil	Bacteria	Actinomycetota	Thermoleophilia	Gaiellales	Gaiellaceae	VAXT01	0.001587278040675851
SRR10102394	Soil	Bacteria	Pseudomonadota	Gammaproteobacteria	Xanthomonadales	Rhodanobacteraceae	Rudaea	0.00019284686475501
SRR10070131	Riverwater	Bacteria	Pseudomonadota	Gammaproteobacteria	Burkholderiales	Burkholderiaceae_C	Comamonas	0.004065040650406504
SRR10070130	Riverwater	Bacteria	Pseudomonadota	Gammaproteobacteria	Enterobacterales	Enterobacteriaceae	Unclassified	0.0021159027598069797
SRR10070134	Riverwater	Bacteria	Pseudomonadota	Gammaproteobacteria	Burkholderiales	Burkholderiaceae_C	Sphaerotilus	0.0195440539180181
SRR10102392	Soil	Bacteria	Pseudomonadota	Alphaproteobacteria	Azospirillales	Azospirillaceae	Skermanella	0.004891238303560574
SRR10070151	Sediment	Bacteria	Gemmatimonadota	Gemmatimonadetes	Gemmatimonadales	GWC2-71-9	20CM-2-65-7	0.00177403988304478
SRR10070149	Sediment	Bacteria	Calditrichota	Calditrichia	JAJRVZ01	JAJRVZ01	CAWCNS01	0.000576575453468803
SRR10070151	Sediment	Bacteria	Bacillota	Clostridia	Saccharofermentanales	UBA5734	UBA8949	0.000312099609054174
SRR10070130	Riverwater	Bacteria	Omnitrophota	Gorgyraeia	2-02-FULL-51-18	2-02-FULL-51-18	Unclassified	0.000791560744675993
SRR10070141	Groundwater	Bacteria	Bacillota	Bacilli	Bacillales	Unclassified	Unclassified	0.000839278220730172
SRR10102392	Soil	Bacteria	Bacillota	Bacilli	Unclassified	Unclassified	Unclassified	0.000698748329080083
SRR10070134	Riverwater	Bacteria	Pseudomonadota	Alphaproteobacteria	Rickettsiales	Rickettsiaceae	Megaera	0.0015099991406509
SRR10102392	Soil	Bacteria	Actinomycetota	Actinomycetes	Actinomycetales	Microbacteriaceae	Unclassified	0.000622797423745291
SRR10070149	Sediment	Bacteria	Zixibacteria	MSB-5A5	WJJR01	WJJR01	JACRMA01	0.000779156018201085
SRR10070149	Sediment	Bacteria	Desulfobacterota	Syntrophobacteria	Syntrophobacterales	Syntrophobacteraceae	CAWDJT01	0.00311662407280434
SRR10070134	Riverwater	Bacteria	Pseudomonadota	Gammaproteobacteria	Enterobacterales	Unclassified	Unclassified	0.00028235756288594
SRR10070131	Riverwater	Bacteria	Myxococcota	UBA727	UBA727	JABDBI01	G023898405	0.00140882275248745
SRR10070150	Sediment	Bacteria	Chloroflexota	Anaerolineae	JAAYEA01	JAAYEA01	JAIOAV01	0.000217448029920849
SRR10070130	Riverwater	Bacteria	Bacillota	Negativicutes	Acidaminococcales	Acidaminococcaceae	Phascolarctobacterium_A	0.000669782168571994
SRR10070150	Sediment	Bacteria	Desulfobacterota	Syntrophobacteria	Syntrophobacterales	Syntrophobacteraceae	Desulforhabdus	0.000260937635905019
SRR10070151	Sediment	Bacteria	Desulfobacterota	Binatia	Bin18	Bin18	VGTJ01	0.000114984066493643
SRR10070150	Sediment	Bacteria	Pseudomonadota	Alphaproteobacteria	Rhizobiales	Methyloligellaceae	Methyloceanibacter	0.009422747963236788
SRR10070149	Sediment	Bacteria	Orphanbacterota	Orphanbacteria	Orphanbacterales	Orphanbacteraceae	VGIW01	0.00104406906438945
SRR10102393	Soil	Bacteria	Acidobacteriota	Vicinamibacteria	Vicinamibacterales	UBA2999	DASYRM01	0.0018252152119429001
SRR10070133	Groundwater	Bacteria	Desulfobacterota	Desulfuromonadia	Desulfuromonadales	Unclassified	Unclassified	0.00371824617764293
SRR10070149	Sediment	Bacteria	Desulfobacterota	WTBG01	CAIYCZ01	CAIYCZ01	JAPLIX01	0.00029607928691641205
SRR10070133	Groundwater	Bacteria	Acidobacteriota	Vicinamibacteria	Vicinamibacterales	JAMQPK01	JAMQPK01	0.000565173419001725
SRR10070133	Groundwater	Bacteria	Nitrospirota	Nitrospiria	Nitrospirales	NS-4	NS-12	0.0211196382890118
SRR10102392	Soil	Bacteria	Bacillota	Bacilli	Lactobacillales	Aerococcaceae	Trichococcus	0.000121521448535667
SRR10070130	Riverwater	Bacteria	Bdellovibrionota	UBA1018	UBA1018	UBA1018	CAVWVI01	0.0003044464402599973
SRR10070134	Riverwater	Bacteria	Chloroflexota	Dehalococcoidia	SM23-28-2	RBG-16-64-32	Unclassified	0.000220975483997692
SRR10070150	Sediment	Bacteria	Pseudomonadota	Alphaproteobacteria	Rhizobiales	Hyphomicrobiaceae	Hyphomicrobium_A	0.000478385665825868
SRR10070131	Riverwater	Bacteria	Pseudomonadota	Gammaproteobacteria	Burkholderiales	Sulfuricellaceae	Sulfuricella	0.000337530451116786
SRR10070150	Sediment	Bacteria	Desulfobacterota	Syntrophia	Syntrophales	Fen-1087	Unclassified	0.000579861413122264
SRR10102393	Soil	Bacteria	Acidobacteriota	Vicinamibacteria	Vicinamibacterales	SCN-69-37	DASUGC01	0.00053121935272965
SRR10070134	Riverwater	Bacteria	Bacillota	Bacilli	Bacillales	Cytobacillaceae	Bacillus_BD	0.000405121720662435
SRR10102392	Soil	Bacteria	Pseudomonadota	Gammaproteobacteria	Burkholderiales	Casimicrobiaceae	VBCG01	0.005453275003038035
SRR10102394	Soil	Bacteria	Pseudomonadota	Gammaproteobacteria	Steroidobacterales	Steroidobacteraceae	DATBVX01	0.000356024981086173
SRR10070151	Sediment	Bacteria	Gemmatimonadota	Gemmatimonadetes	Gemmatimonadales	GWC2-71-9	CAVVWJ01	0.000213541837773908
SRR10102394	Soil	Bacteria	Acidobacteriota	Terriglobia	Bryobacterales	Bryobacteraceae	TMP-7	0.00026701873581463
SRR10070151	Sediment	Bacteria	Pseudomonadota	Gammaproteobacteria	Acidiferrobacterales	Unclassified	Unclassified	0.000952725122375899
SRR10102393	Soil	Bacteria	Planctomycetota	Phycisphaerae	Tepidisphaerales	Tepidisphaeraceae	CAVSQX01	0.0001906941266209
SRR10070150	Sediment	Bacteria	Nitrospirota	Thermodesulfovibrionia	Thermodesulfovibrionales	SM23-35	VGWX01	0.00598706909048737
SRR10070150	Sediment	Bacteria	Planctomycetota	Phycisphaerae	Tepidisphaerales	Tepidisphaeraceae	Unclassified	0.000231944565248906
SRR10070149	Sediment	Bacteria	Planctomycetota	Phycisphaerae	Tepidisphaerales	Tepidisphaeraceae	Unclassified	0.000420744249828586
SRR10102393	Soil	Bacteria	Actinomycetota	Acidimicrobiia	Acidimicrobiales	Acidimicrobilacustridaceae	UBA4742	0.0002179361447096
SRR10070150	Sediment	Archaea	Thermoproteota	Bathyarchaeia	TCS64	TCS64	RBG-16-57-9	0.000608854483778377
SRR10102393	Soil	Bacteria	Pseudomonadota	Gammaproteobacteria	Steroidobacterales	Rariloculaceae	FEN-1219	0.0003541462351531
SRR10070151	Sediment	Bacteria	Zixibacteria	MSB-5A5	WJJR01	WJJR01	JACQFV01	0.0027760438910608143
SRR10070130	Riverwater	Bacteria	Planctomycetota	Planctomycetia	Pirellulales	Lacipirellulaceae	Lacipirellula	0.000548003592467995
SRR10070151	Sediment	Bacteria	Eisenbacteria	RBG-16-71-46	CAIMUX01	WJJG01	Unclassified	0.000344952199480929
SRR10070149	Sediment	Bacteria	Planctomycetota	UBA1135	UBA1135	GCA-002686595	JADJQU01	0.000218163685096304
SRR10070132	Groundwater	Bacteria	Pseudomonadota	Gammaproteobacteria	Burkholderiales	Rhodocyclaceae	Unclassified	0.00136448916936722
SRR10102393	Soil	Bacteria	Myxococcota_A	Polyangia	Polyangiales	Polyangiaceae	Unclassified	0.00074915549743925
SRR10102393	Soil	Bacteria	Pseudomonadota	Alphaproteobacteria	Rhizobiales	Xanthobacteraceae	Z2-YC6860	0.0010079546692819
SRR10102394	Soil	Bacteria	Bacteroidota	Bacteroidia	Cytophagales	Hymenobacteraceae	Hymenobacter	0.001424099924344691
SRR10102392	Soil	Bacteria	Chloroflexota	Dehalococcoidia	Tepidiformales	Tepidiformaceae	Amarobacter	0.00045570543200875
SRR10070131	Riverwater	Bacteria	Pseudomonadota	Alphaproteobacteria	Rhodobacterales	Rhodobacteraceae	Unclassified	0.003727510199289717
SRR10070132	Groundwater	Bacteria	Chloroflexota	Dehalococcoidia	Lucifugimonadales	Lucifugimonadaceae	VGZT01	0.00038376257888453
SRR10102392	Soil	Bacteria	Pseudomonadota	Alphaproteobacteria	Rhizobiales	Rhizobiaceae	Unclassified	0.000835459958682708
SRR10102392	Soil	Bacteria	Pseudomonadota	Alphaproteobacteria	Reyranellales	Reyranellaceae	Reyranella	0.001017742131486207
SRR10102394	Soil	Bacteria	Actinomycetota	UBA4738	UBA4738	HRBIN12	JAJNBA01	0.000637878091112726
SRR10102392	Soil	Bacteria	Actinomycetota	Acidimicrobiia	Acidimicrobiales	Acidimicrobilacustridaceae	Unclassified	0.000364564345607
SRR10070141	Groundwater	Bacteria	Bdellovibrionota	Bacteriovoracia	Bacteriovoracales	Bacteriovoracaceae	Bacteriovorax	0.000345585149712424
SRR10070150	Sediment	Bacteria	Planctomycetota	Planctomycetia	Pirellulales	Pirellulaceae	JANMEB01	0.000202951494592792
SRR10102392	Soil	Bacteria	Methylomirabilota	Methylomirabilia	Rokubacteriales	CSP1-6	CAMLFJ01	0.000607607242678333
SRR10102392	Soil	Bacteria	Chloroflexota	Anaerolineae	Aggregatilineales	Phototrophicaceae	CFX2	0.000364564345607
SRR10102393	Soil	Bacteria	Actinomycetota	Acidimicrobiia	IMCC26256	DASPTH01	DASUAS01	0.00050397733464095
SRR10102394	Soil	Bacteria	Armatimonadota	Chthonomonadetes	Chthonomonadales	Chthonomonadaceae	Unclassified	0.001082909317470443
SRR10070149	Sediment	Bacteria	Verrucomicrobiota	Verrucomicrobiia	Verrucomicrobiales	V1-33	V1-33	0.000249329925824347
SRR10102393	Soil	Bacteria	Actinomycetota	Thermoleophilia	Solirubrobacterales	Solirubrobacteraceae	Solirubrobacter	0.00093984962406015
SRR10102394	Soil	Bacteria	Chloroflexota	UBA6077	UBA6077	JACCZL01	JADZEM01	0.0023586654996958943
SRR10070141	Groundwater	Bacteria	Pseudomonadota	Gammaproteobacteria	Pseudomonadales	Cellvibrionaceae	Cellvibrio	0.000296215842610648
SRR10070151	Sediment	Bacteria	Desulfobacterota	Desulfobulbia	Desulfobulbales	VMSU01	VMSU01	0.002184697263379219
SRR10102392	Soil	Bacteria	Unclassified	Unclassified	Unclassified	Unclassified	Unclassified	0.02518532020901686
SRR10102393	Soil	Bacteria	Actinomycetota	Acidimicrobiia	Acidimicrobiales	Ilumatobacteraceae	JAENVT01	0.00031328320802005
SRR10070130	Riverwater	Bacteria	Pseudomonadota	Alphaproteobacteria	Rickettsiales	UBA1997	JAJTCH01	0.000106556254090999
SRR10102393	Soil	Bacteria	Actinomycetota	UBA4738	UBA4738	HRBIN12	JBBQVZ01	0.00034052522610875
SRR10070131	Riverwater	Bacteria	Bacteroidota	Bacteroidia	B-17B0	Aurantibacillaceae	JAHEYG01	0.000190778081066009
SRR10102394	Soil	Bacteria	Verrucomicrobiota	Verrucomicrobiia	Limisphaerales	JADLHS01	JADLHS01	0.000252184361602706
SRR10070134	Riverwater	Bacteria	Pseudomonadota	Gammaproteobacteria	Burkholderiales	Burkholderiaceae_C	Unclassified	0.047386964901727266
SRR10070149	Sediment	Bacteria	Chloroflexota	Anaerolineae	Fen-1058	Fen-1058	JBGLNJ01	0.000171414324004239
SRR10070151	Sediment	Bacteria	Verrucomicrobiota	Verrucomicrobiia	Opitutales	Opitutaceae	CAWCPJ01	0.000591346627681593
SRR10070131	Riverwater	Bacteria	Verrucomicrobiota	Verrucomicrobiia	Chthoniobacterales	Terrimicrobiaceae	DASTFP01	0.000132077133045699
SRR10102393	Soil	Archaea	Thermoproteota	Nitrososphaeria	Nitrososphaerales	Nitrososphaeraceae	Unclassified	0.009262286150157999
SRR10070131	Riverwater	Bacteria	Desulfobacterota	Binatia	UBA9968	UBA9968	DAIRFP01	0.000293504740101553
SRR10070150	Sediment	Bacteria	Pseudomonadota	Gammaproteobacteria	Burkholderiales	Burkholderiaceae_C	JAEUPI01	0.001551129280102051
SRR10070134	Riverwater	Bacteria	Bacteroidota	Bacteroidia	Unclassified	Unclassified	Unclassified	0.0004665037995506833
SRR10070151	Sediment	Bacteria	Nitrospirota	JACRHJ01	JACRHJ01	JACRHJ01	CAWJRJ01	0.00195472913039193
SRR10070150	Sediment	Bacteria	Planctomycetota	Phycisphaerae	Phycisphaerales	SM1A02	JADFOJ01	0.000304427241889188
SRR10070151	Sediment	Bacteria	Myxococcota_A	UBA9160	UBA9160	UBA9160	MYXO	0.000246394428200664
SRR10102392	Soil	Bacteria	Chloroflexota	Anaerolineae	UBA4142	SHND01	SHND01	0.000911410864017499
SRR10070149	Sediment	Bacteria	Myxococcota_A	UBA9160	SZUA-336	SZUA-336	VGRW01	0.0023842174156953177
SRR10070149	Sediment	Bacteria	Acidobacteriota	Terriglobia	Acidiferrales	UBA7541	Palsa-189	0.000514242972012716
SRR10102392	Soil	Bacteria	Bacillota	Clostridia	Lachnospirales	Lachnospiraceae	Mobilitalea	0.002551950419249
SRR10102392	Soil	Bacteria	Acidobacteriota	Vicinamibacteria	Vicinamibacterales	SCN-69-37	DATEGZ01	0.000212662534937416
SRR10070150	Sediment	Bacteria	Desulfobacterota	Binatia	UBA1149	Unclassified	Unclassified	0.000608854483778377
SRR10070151	Sediment	Bacteria	Chloroflexota	Anaerolineae	Anaerolineales	Villigracilaceae	JBGPQJ01	0.001790466178258161
SRR10102393	Soil	Bacteria	Armatimonadota	Chthonomonadetes	Chthonomonadales	Chthonomonadaceae	Unclassified	0.0008445025607496999
SRR10102392	Soil	Bacteria	Pseudomonadota	Gammaproteobacteria	Steroidobacterales	Steroidobacteraceae	ZC4RG30	0.000394944707740916
SRR10102394	Soil	Bacteria	Actinomycetota	Acidimicrobiia	IMCC26256	DASPTH01	DASUAS01	0.000682381213748498
SRR10070133	Groundwater	Bacteria	Pseudomonadota	Gammaproteobacteria	Burkholderiales	Unclassified	Unclassified	0.002275566660717474
SRR10070141	Groundwater	Bacteria	Planctomycetota	UBA11346	UBA11346	UBA11346	BOG-1363	0.0000493693071017748
SRR10102393	Soil	Bacteria	Pseudomonadota	Alphaproteobacteria	Rhizobiales	Xanthobacteraceae	Unclassified	0.0028876539174022002
SRR10070150	Sediment	Bacteria	Pseudomonadota	Alphaproteobacteria	Geminicoccales	Geminicoccaceae	DASUGG01	0.000173958423936679
SRR10070134	Riverwater	Bacteria	Chloroflexota	Anaerolineae	4572-78	J111	DSQQ01	0.0000859349104435469
SRR10070131	Riverwater	Bacteria	Bacteroidota	Bacteroidia	Chitinophagales	Saprospiraceae	Vicinibacter	0.000234803792081242
SRR10070150	Sediment	Bacteria	Zixibacteria	MSB-5A5	JAABVY01	JAHJOQ01	JAGVNY01	0.000275434171233075
SRR10102392	Soil	Bacteria	Actinomycetota	Thermoleophilia	Solirubrobacterales	Solirubrobacteraceae	Solirubrobacter	0.000941791226151416
SRR10070141	Groundwater	Bacteria	Actinomycetota	Actinomycetes	Propionibacteriales	Propionibacteriaceae	Cutibacterium	0.000888647527831947
SRR10070131	Riverwater	Bacteria	Pseudomonadota	Alphaproteobacteria	Rhizobiales	Devosiaceae	Devosia_A	0.000278829503096475
SRR10070150	Sediment	Bacteria	Acidobacteriota	Terriglobia	20CM-2-55-15	20CM-2-55-15	20CM-2-55-15	0.000608854483778377
SRR10070149	Sediment	Bacteria	Nitrospirota	UBA9217	UBA9217	UBA9217	JALNZF01	0.00148039643458206
SRR10070141	Groundwater	Bacteria	Pseudomonadota	Gammaproteobacteria	DRLM01	DRLM01	JARRQJ01	0.000789908913628397
SRR10070133	Groundwater	Bacteria	Elusimicrobiota	Elusimicrobia	JACQPE01	JACQPE01	JACPAN01	0.000818014159081444
SRR10070149	Sediment	Bacteria	Myxococcota_A	Polyangia	Polyangiales	Polyangiaceae	Unclassified	0.000405161129464564
SRR10070132	Groundwater	Bacteria	Acidobacteriota	Vicinamibacteria	Vicinamibacterales	UBA2999	Gp6-AA40	0.000682244584683609
SRR10070133	Groundwater	Bacteria	Bdellovibrionota	Bacteriovoracia	Bacteriovoracales	Bacteriovoracaceae	Bacteriovorax	0.000104110892974002
SRR10070134	Riverwater	Bacteria	Pseudomonadota	Gammaproteobacteria	Burkholderiales	Chitinibacteraceae	Deefgea	0.00147316989331795
SRR10070150	Sediment	Bacteria	UBA10199	UBA10199	DSSB01	DSSB01	DSSB01	0.000130468817952509
SRR10102393	Soil	Bacteria	Acidobacteriota	Vicinamibacteria	Vicinamibacterales	JAENWD01	JAENWD01	0.00072191347935055
SRR10070149	Sediment	Bacteria	Bacteroidota	Ignavibacteria	Ignavibacteriales	Ignavibacteriaceae	Unclassified	0.001433647073489996
SRR10070130	Riverwater	Bacteria	Cyanobacteriota	Vampirovibrionia	Obscuribacterales	Obscuribacteraceae	Obscuribacter	0.00318146530071697
SRR10070149	Sediment	Bacteria	Pseudomonadota	Gammaproteobacteria	Burkholderiales	SG8-39	SCGC-AG-212-J23	0.010752353051174968
SRR10070150	Sediment	Bacteria	Armatimonadota	UBA5829	DTJY01	DTJY01	Unclassified	0.000231944565248906
SRR10070151	Sediment	Bacteria	Chloroflexota	Anaerolineae	Aggregatilineales	UBA3940	Unclassified	0.000591346627681593
SRR10102394	Soil	Bacteria	Bacteroidota	Bacteroidia	Chitinophagales	Chitinophagaceae	Ferruginibacter	0.00379759979825251
SRR10102392	Soil	Bacteria	Bacillota	Bacilli	Bacillales	Cytobacillaceae	Bacillus_BD	0.00507352047636408
SRR10070150	Sediment	Bacteria	Pseudomonadota	Alphaproteobacteria	Rhizobiales	Rhodomicrobiaceae	Rhodomicrobium	0.00181206691600707
SRR10070149	Sediment	Bacteria	Planctomycetota	B15-G4	B15-G4	B15-G4	BQJR01	0.000171414324004239
SRR10070132	Groundwater	Bacteria	Patescibacteriota	UBA1384	2-12-FULL-50-11	2-12-FULL-50-11	GCA-016432625	0.000213201432713628
SRR10070134	Riverwater	Bacteria	Verrucomicrobiota	Verrucomicrobiia	Opitutales	Opitutaceae	IMCC26134_A	0.000196422652442393
SRR10102392	Soil	Bacteria	Acidobacteriota	Blastocatellia	UBA7656	UBA7656	Onstottus_A	0.00680520111799733
SRR10102392	Soil	Bacteria	Bacteroidota	Bacteroidia	Sphingobacteriales	Sphingobacteriaceae	Daejeonella	0.000835459958682708
SRR10070134	Riverwater	Bacteria	Pseudomonadota	Alphaproteobacteria	Rickettsiales	UBA1997	CAMCFD01	0.000208699068220042
SRR10070141	Groundwater	Bacteria	Desulfobacterota	Binatia	UBA9968	UBA9968	DP-20	0.000296215842610649
SRR10070150	Sediment	Bacteria	Pseudomonadota	Gammaproteobacteria	Pseudomonadales	UBA5518	UBA5518	0.000550868342466151
SRR10102394	Soil	Bacteria	Actinomycetota	Actinomycetes	Actinomycetales	Dermatophilaceae	Terrabacter	0.000623043716900802
SRR10070131	Riverwater	Bacteria	Planctomycetota	UBA1135	UBA1135	UBA2386	Unclassified	0.000440257110152329
SRR10070150	Sediment	Bacteria	Pseudomonadota	Gammaproteobacteria	Burkholderiales	Burkholderiaceae_F	JADJWR01	0.000420399524513641
SRR10102394	Soil	Bacteria	Chloroflexota	Dehalococcoidia	DSTF01	WHTK01	WHTK01	0.001720787408583169
SRR10070130	Riverwater	Bacteria	Verrucomicrobiota	Verrucomicrobiia	Verrucomicrobiales	Akkermansiaceae	Luteolibacter	0.001415675947208987
SRR10070141	Groundwater	Bacteria	Desulfobacterota	GWC2-55-46	GWC2-55-46	Unclassified	Unclassified	0.000345585149712424
SRR10102394	Soil	Bacteria	Actinomycetota	Thermoleophilia	Gaiellales	Gaiellaceae	JACDAN01	0.001854296776490484
SRR10070150	Sediment	Bacteria	Acidobacteriota	Blastocatellia	Pyrinomonadales	Pyrinomonadaceae	OLB17	0.001928039198631525
SRR10102393	Soil	Bacteria	Pseudomonadota	Alphaproteobacteria	Rhizobiales	Xanthobacteraceae	Bradyrhizobium	0.00646997929606625
SRR10102393	Soil	Bacteria	Pseudomonadota	Gammaproteobacteria	Pseudomonadales	Pseudomonadaceae	Aquipseudomonas	0.00510787839163125
SRR10102392	Soil	Bacteria	Eisenbacteria	RBG-16-71-46	RBG-16-71-46	DASYSL01	JANPEF01	0.000486085794142666
SRR10102392	Soil	Bacteria	Pseudomonadota	Gammaproteobacteria	Burkholderiales	Burkholderiaceae_F	JALORV01	0.000744318872280958
SRR10070130	Riverwater	Bacteria	Methylomirabilota	Methylomirabilia	Rokubacteriales	CSP1-6	CSP1-6	0.0000456669660389996
SRR10070149	Sediment	Bacteria	Chloroflexota	Dehalococcoidia	SM23-28-2	SM23-28-2	G963701285	0.002181636850963039
SRR10102393	Soil	Bacteria	Actinomycetota	Acidimicrobiia	Acidimicrobiales	Unclassified	Unclassified	0.0004086302713305
SRR10070151	Sediment	Bacteria	Myxococcota_A	Polyangia	Fen-1088	Fen-1088	JADGRB01	0.000706330694175236
SRR10102392	Soil	Bacteria	Pseudomonadota	Alphaproteobacteria	Rhizobiales	Xanthobacteraceae	Unclassified	0.002400048608579417
SRR10070131	Riverwater	Bacteria	Pseudomonadota	Gammaproteobacteria	Burkholderiales	Burkholderiaceae_C	Limnohabitans	0.00566464148395997
SRR10102393	Soil	Bacteria	Bacteroidota	Bacteroidia	Chitinophagales	Chitinophagaceae	Flavitalea	0.00069467146126185
SRR10070150	Sediment	Bacteria	Actinomycetota	UBA4738	UBA4738	HRBIN12	AC-51	0.000289930706561132
SRR10102394	Soil	Bacteria	Myxococcota_A	Polyangia	Haliangiales	Haliangiaceae	JABFXX01	0.001513106169616235
SRR10102394	Soil	Bacteria	Actinomycetota	Acidimicrobiia	IMCC26256	DASPTH01	CAVZKC01	0.000400528103721944
SRR10070130	Riverwater	Bacteria	Pseudomonadota	Alphaproteobacteria	Rhodobacterales	Rhodobacteraceae	Unclassified	0.002740017962339975
SRR10102393	Soil	Bacteria	Actinomycetota	Actinomycetes	Mycobacteriales	Geodermatophilaceae	Blastococcus_B	0.00271058079982565
SRR10070151	Sediment	Bacteria	Verrucomicrobiota	Verrucomicrobiia	Chthoniobacterales	UBA10450	CAVTTH01	0.000197115542560531
SRR10102392	Soil	Bacteria	Verrucomicrobiota	Verrucomicrobiia	Limisphaerales	BJHT01	BJHT01	0.000379754526673958
SRR10070149	Sediment	Bacteria	Acidobacteriota	Vicinamibacteria	Vicinamibacterales	UBA2999	VFZN01	0.000405161129464564
SRR10070149	Sediment	Bacteria	Pseudomonadota	Gammaproteobacteria	Pseudomonadales	UBA5518	UBA5518	0.000514242972012716
SRR10070150	Sediment	Bacteria	Actinomycetota	Acidimicrobiia	IMCC26256	PALSA-555	PALSA-555	0.000246441100576962
SRR10102394	Soil	Bacteria	Gemmatimonadota	Gemmatimonadetes	JACCXV01	JAHWKZ01	CAMYLR01	0.0000890062452715432
SRR10070131	Riverwater	Bacteria	Acidobacteriota	HRBIN11	JAKEFK01	JAKEFK01	Unclassified	0.0000440257110152329
SRR10070149	Sediment	Bacteria	Methylomirabilota	Methylomirabilia	Rokubacteriales	CSP1-6	CAVWWD01	0.000685657296016954
SRR10070149	Sediment	Bacteria	Desulfobacterota	Deferrimicrobia	Deferrimicrobiales	Deferrimicrobiaceae	Deferrimicrobium	0.03200772922770054
SRR10070150	Sediment	Bacteria	Desulfobacterota	Desulfobulbia	Desulfobulbales	Desulfobulbaceae	Electronema	0.000478385665825868
SRR10102392	Soil	Bacteria	Acidobacteriota	Thermoanaerobaculia	Gp7-AA8	Gp7-AA8	DASXHZ01	0.000516466156276583
SRR10102392	Soil	Bacteria	Myxococcota_A	Polyangia	Haliangiales	Haliangiaceae	Unclassified	0.000425325069874833
SRR10102394	Soil	Bacteria	Verrucomicrobiota	Verrucomicrobiia	Chthoniobacterales	UBA10450	AV69	0.00934565575351204
SRR10102394	Soil	Bacteria	Pseudomonadota	Alphaproteobacteria	Rhizobiales	Rhizobiaceae	Unclassified	0.00117191556274199
SRR10070149	Sediment	Bacteria	Acidobacteriota	Terriglobia	Versatilivoradales	Versatilivoraceae	CAWBAT01	0.000498659851648694
SRR10070133	Groundwater	Bacteria	Pseudomonadota	Gammaproteobacteria	Burkholderiales	Rhodocyclaceae	Zoogloea	0.000580046403712297
SRR10102393	Soil	Bacteria	Actinomycetota	Actinomycetes	Propionibacteriales	Propionibacteriaceae	Microlunatus	0.00587065489811485
SRR10070133	Groundwater	Archaea	Nanobdellota	Nanobdellia	SCGC-AAA011-G17	Unclassified	Unclassified	0.000237967755369147
SRR10070150	Sediment	Bacteria	Chloroflexota	Dehalococcoidia	SM23-28-2	SM23-28-2	G963701285	0.001797570380679017
SRR10070151	Sediment	Bacteria	Pseudomonadota	Gammaproteobacteria	Burkholderiales	SG8-41	SG8-41	0.013387430598902721
SRR10070150	Sediment	Bacteria	Pseudomonadota	Gammaproteobacteria	Burkholderiales	Sulfuricellaceae	Sulfuricella	0.000289930706561132
SRR10070149	Sediment	Bacteria	Hydrogenedentota	Hydrogenedentia	Hydrogenedentales	GCA-2746185	VFKU01	0.000202580564732282
SRR10102392	Soil	Bacteria	Actinomycetota	Thermoleophilia	Gaiellales	Gaiellaceae	PALSA-612	0.000364564345607
SRR10102392	Soil	Bacteria	Planctomycetota	Planctomycetia	Gemmatales	Gemmataceae	Urbifossiella	0.0001822821728035
SRR10070150	Sediment	Bacteria	Pseudomonadota	Gammaproteobacteria	Steroidobacterales	Rariloculaceae	Rariloculus	0.000217448029920849
SRR10102393	Soil	Bacteria	Acidobacteriota	Thermoanaerobaculia	UBA5066	Gp7-AA6	Gp7-AA6	0.0017979731938542
SRR10070149	Sediment	Bacteria	Nitrospirota	Thermodesulfovibrionia	Thermodesulfovibrionales	UBA6898	JAOUFP01	0.02315651686093626
SRR10070134	Riverwater	Bacteria	Bacteroidota	Bacteroidia	Flavobacteriales	Flavobacteriaceae	Namhaeicola	0.000257804731330641
SRR10070130	Riverwater	Bacteria	Patescibacteriota	Minisyncoccia	Phycocordibacterales	PALSA-1337	C7867-002	0.000197890186168998
SRR10102394	Soil	Bacteria	Eisenbacteria	RBG-16-71-46	SZUA-252	SZUA-252	WS-9	0.000578540594265031
SRR10070132	Groundwater	Bacteria	Pseudomonadota	Alphaproteobacteria	Caulobacterales	Caulobacteraceae	Phenylobacterium	0.000255841719256353
SRR10102393	Soil	Bacteria	Acidobacteriota	Terriglobia	20CM-2-55-15	20CM-2-55-15	20CM-2-55-15	0.0010351966873706
SRR10070132	Groundwater	Archaea	Thermoproteota	Nitrososphaeria	Nitrososphaerales	Nitrosopumilaceae	Nitrosarchaeum	0.06127409176189668
SRR10070151	Sediment	Bacteria	Nitrospirota	Thermodesulfovibrionia	Thermodesulfovibrionales	SM23-35	CAVSHJ01	0.007227569893886131
SRR10070130	Riverwater	Bacteria	Pseudomonadota	Gammaproteobacteria	Xanthomonadales	SZUA-5	JADKFD01	0.00103511789688399
SRR10070150	Sediment	Bacteria	Bacteroidota	Bacteroidia	Cytophagales	Cyclobacteriaceae	Chryseolinea	0.001507639674117886
SRR10070151	Sediment	Bacteria	Pseudomonadota	Gammaproteobacteria	Unclassified	Unclassified	Unclassified	0.003038864614474851
SRR10070151	Sediment	Bacteria	Bacteroidota	Ignavibacteria	UBA10030	UBA10030	Fen-1298	0.000197115542560531
SRR10102392	Soil	Bacteria	Acidobacteriota	HRBIN11	JAKEFK01	JAKEFK01	JAKEFK01	0.00027342325920525
SRR10070151	Sediment	Bacteria	Bacillota	Clostridia	Peptostreptococcales	Peptostreptococcaceae	Unclassified	0.00024639442820066334
SRR10102392	Soil	Bacteria	Pseudomonadota	Alphaproteobacteria	Dongiales	Dongiaceae	JBGPEQ01	0.000167091991736542
SRR10070150	Sediment	Bacteria	Desulfobacterota	Desulfobacteria	Desulfobacterales	Desulfosalsimonadaceae	CAWGYD01	0.000913281725667565
SRR10070141	Groundwater	Bacteria	Pseudomonadota	Gammaproteobacteria	Burkholderiales	SG8-39	Unclassified	0.00056774703167041
SRR10070150	Sediment	Bacteria	Nitrospirota	Nitrospiria	Nitrospirales	Nitrospiraceae	40CM-3-62-11	0.000202951494592792
SRR10070149	Sediment	Bacteria	Actinomycetota	Actinomycetes	Actinomycetales	Micrococcaceae	Arthrobacter	0.000966153462569345
SRR10070149	Sediment	Bacteria	Eisenbacteria	RBG-16-71-46	RBG-16-71-46	RBG-16-71-46	Unclassified	0.0019478900455027089
SRR10102393	Soil	Bacteria	Bacteroidota	Bacteroidia	Chitinophagales	UBA10324	DASRAJ01	0.0001634521085322
SRR10070131	Riverwater	Bacteria	Pseudomonadota	Alphaproteobacteria	JAEUKQ01	JAEUKQ01	JAEUKQ01	0.0013501218044671402
SRR10102392	Soil	Bacteria	Pseudomonadota	Gammaproteobacteria	Xanthomonadales	Xanthomonadaceae	Noviluteimonas	0.001731680641633248
SRR10102392	Soil	Bacteria	Pseudomonadota	Alphaproteobacteria	Rhizobiales	Rhizobiaceae	Rhizobium_E	0.000440515250941791
SRR10070151	Sediment	Bacteria	Bacteroidota	Bacteroidia	2-12-FULL-35-15	2-12-FULL-35-15	2-12-FULL-35-15	0.000131410361707021
SRR10102393	Soil	Bacteria	Chloroflexota	Anaerolineae	Caldilineales	Caldilineaceae	Fredericiella	0.0029421379535796
SRR10102392	Soil	Bacteria	Planctomycetota	Planctomycetia	Gemmatales	Gemmataceae	SIAJ01	0.00027342325920525
SRR10070131	Riverwater	Bacteria	Planctomycetota	Planctomycetia	Pirellulales	Pirellulaceae	CAIXSC01	0.000176102844060932
SRR10070131	Riverwater	Bacteria	Pseudomonadota	Gammaproteobacteria	Enterobacterales	Unclassified	Unclassified	0.000337530451116786
SRR10070150	Sediment	Bacteria	Nitrospirota	UBA9217	UBA9217	UBA9217	CAWBNQ01	0.00114522629091647
SRR10070150	Sediment	Bacteria	Eisenbacteria	RBG-16-71-46	CAIMUX01	CAIMUX01	CAWHYG01	0.000913281725667565
SRR10070133	Groundwater	Bacteria	Elusimicrobiota	Elusimicrobia	UBA1565	UBA9628	GWA2-66-18	0.01575049080849545
SRR10070151	Sediment	Bacteria	Bacteroidota	Bacteroidia	Cytophagales	Cyclobacteriaceae	Chryseolinea	0.0017247609974046455
SRR10070131	Riverwater	Bacteria	Actinomycetota	Acidimicrobiia	Acidimicrobiales	JABEUL01	JAJZNL01	0.007278917554518504
SRR10070134	Riverwater	Bacteria	Gemmatimonadota	Gemmatimonadetes	Gemmatimonadales	GWC2-71-9	20CM-2-65-7	0.000147316989331795
SRR10070151	Sediment	Bacteria	Myxococcota_A	UBA9160	SZUA-336	SZUA-336	JAGWBS01	0.0000821314760668879
SRR10070149	Sediment	Bacteria	Desulfobacterota	Binatia	DP-6	DP-6	JAHCID01	0.000638907934924889
SRR10070150	Sediment	Bacteria	Hydrogenedentota	Hydrogenedentia	Hydrogenedentales	SLHB01	G963674865	0.000202951494592792
SRR10102392	Soil	Bacteria	Actinomycetota	Actinomycetes	Mycobacteriales	Geodermatophilaceae	Unclassified	0.00027342325920525
SRR10070132	Groundwater	Bacteria	Bacillota	Bacilli	Bacillales	Anaerobacillaceae	Anaerobacillus	0.00451987037352891
SRR10070150	Sediment	Bacteria	Armatimonadota	Zipacnadia	Zipacnadales	VGFC01	VGFC01	0.000434896059841698
SRR10102392	Soil	Bacteria	Acidobacteriota	Vicinamibacteria	Vicinamibacterales	2-12-FULL-66-21	DATBJJ01	0.00249118969498116
SRR10070134	Riverwater	Bacteria	Bacteroidota	Bacteroidia	Bacteroidales	Rikenellaceae	Alistipes	0.000196422652442393
SRR10070134	Riverwater	Bacteria	Desulfobacterota	Desulfuromonadia	Desulfuromonadales	Unclassified	Unclassified	0.0000613820788882478
SRR10102393	Soil	Bacteria	Actinomycetota	Actinomycetes	Actinomycetales	Dermatophilaceae	Unclassified	0.0014983109948785
SRR10070150	Sediment	Bacteria	Bacteroidota	Bacteroidia	Cytophagales	Spirosomataceae	Leadbetterella	0.0000289930706561132
SRR10070133	Groundwater	Bacteria	Pseudomonadota	Alphaproteobacteria	Reyranellales	Reyranellaceae	Reyranella	0.000282586709500863
SRR10070151	Sediment	Bacteria	Bacteroidota	Ignavibacteria	Ignavibacteriales	Ignavibacteriaceae	IGN2	0.0068661913991918296
SRR10102394	Soil	Bacteria	Chloroflexota	Anaerolineae	Caldilineales	Caldilineaceae	JAHBVH01	0.000712049962172346
SRR10070132	Groundwater	Bacteria	Pseudomonadota	Gammaproteobacteria	Ga0077554	Ga007554	LNEJ01	0.00460515094661436
SRR10070134	Riverwater	Bacteria	Pseudomonadota	Gammaproteobacteria	Xanthomonadales	Xanthomonadaceae	Unclassified	0.000171869820887094
SRR10102393	Soil	Bacteria	Pseudomonadota	Gammaproteobacteria	Burkholderiales	Casimicrobiaceae	PALSA-1003	0.0002179361447096
SRR10102394	Soil	Bacteria	Actinomycetota	Actinomycetes	Mycobacteriales	Geodermatophilaceae	CAVZOY01	0.000415362477933868
SRR10070134	Riverwater	Bacteria	Desulfobacterota	Desulfobaccia	Desulfobaccales	0-14-0-80-60-11	0-14-0-80-60-11	0.000233251899775342
SRR10070151	Sediment	Bacteria	Desulfobacterota	Syntrophia	Syntrophales	UBA2192	UBA2192	0.0025625020532869
SRR10070151	Sediment	Bacteria	Myxococcota_A	Polyangia	Polyangiales	Polyangiaceae	Unclassified	0.000164262952133776
SRR10070149	Sediment	Bacteria	Pseudomonadota	Gammaproteobacteria	Steroidobacterales	Steroidobacteraceae	DASTQG01	0.000249329925824347
SRR10102393	Soil	Bacteria	Planctomycetota	Planctomycetia	Gemmatales	Gemmataceae	JAIEPT01	0.00020431513566525
SRR10070134	Riverwater	Bacteria	Acidobacteriota	Thermoanaerobaculia	Multivoradales	JAGPDF01	JAGPDF01	0.0000982113262211965
SRR10070130	Riverwater	Bacteria	Pseudomonadota	Gammaproteobacteria	Burkholderiales	Burkholderiaceae_F	JALORV01	0.000334891084285997
SRR10102393	Soil	Bacteria	Acidobacteriota	Terriglobia	Terriglobales	Acidobacteriaceae	JANXZS01	0.0001906941266209
SRR10102392	Soil	Bacteria	Desulfobacterota	Binatia	Bin18	Bin18	JABFSC01	0.000288613440272208
SRR10070151	Sediment	Bacteria	Verrucomicrobiota	Verrucomicrobiia	Limisphaerales	Unclassified	Unclassified	0.001593350635697625
SRR10102393	Soil	Bacteria	Pseudomonadota	Gammaproteobacteria	Xanthomonadales	Rhodanobacteraceae	Tahibacter	0.00009534706331045
SRR10070134	Riverwater	Bacteria	Patescibacteriota	Gracilibacteria	BD1-5	UBA2023	JABFSX01	0.00111715383576611
SRR10070150	Sediment	Bacteria	Pseudomonadota	Alphaproteobacteria	Micropepsales	Micropepsaceae	SZUA-430	0.000579861413122263
SRR10070150	Sediment	Bacteria	Nitrospirota	Thermodesulfovibrionia	UBA6902	UBA6902	Unclassified	0.000173958423936679
SRR10102393	Soil	Bacteria	Desulfobacterota	Binatia	Bin18	Bin18	VGTJ01	0.0016890051214994
SRR10070131	Riverwater	Bacteria	Verrucomicrobiota	Verrucomicrobiia	Limisphaerales	Unclassified	Unclassified	0.000176102844060932
SRR10070151	Sediment	Bacteria	Pseudomonadota	Alphaproteobacteria	Rhodospirillales	Defluviicoccaceae	Defluviicoccus	0.000213541837773908
SRR10070151	Sediment	Bacteria	Desulfobacterota	Syntrophia	Syntrophales	Fen-1087	JAPLJM01	0.003728769013436715
SRR10070149	Sediment	Bacteria	Acidobacteriota	Thermoanaerobaculia	UBA5066	Gp7-AA6	DAHUXD01	0.0037399488873652003
SRR10070130	Riverwater	Bacteria	Pseudomonadota	Gammaproteobacteria	Pseudomonadales	Moraxellaceae	Acinetobacter	0.021417807072290802
SRR10070130	Riverwater	Bacteria	Bacteroidota	Bacteroidia	Cytophagales	Spirosomataceae	Arcicella	0.00470369750201696
SRR10070151	Sediment	Bacteria	Bacteroidota	Ignavibacteria	Ignavibacteriales	Ignavibacteriaceae	CAVXTT01	0.00156049804527087
SRR10102393	Soil	Bacteria	Gemmatimonadota	Gemmatimonadetes	Gemmatimonadales	GWC2-71-9	JABFSM01	0.00025879917184265
SRR10070151	Sediment	Bacteria	Bacteroidota	Bacteroidia	Bacteroidales	FEN-979	CAIYUC01	0.000279247018627419
SRR10070134	Riverwater	Bacteria	Pseudomonadota	Alphaproteobacteria	Rhizobiales	Kaistiaceae	Bauldia	0.000159593405109444
SRR10102393	Soil	Bacteria	Actinomycetota	Actinomycetes	Actinomycetales	Microbacteriaceae	Cryobacterium	0.00034052522610875
SRR10070150	Sediment	Bacteria	Pseudomonadota	Gammaproteobacteria	Methylococcales	Methylomonadaceae	Methylomonas	0.000623351019106434
SRR10102393	Soil	Bacteria	Pseudomonadota	Alphaproteobacteria	Rhizobiales	Rhizobiaceae	Unclassified	0.00110330173259235
SRR10102393	Soil	Bacteria	Actinomycetota	Thermoleophilia	Solirubrobacterales	70-9	VAYN01	0.0014710689767898
SRR10070150	Sediment	Bacteria	Myxococcota	Myxococcia	Myxococcales	Myxococcaceae	Archangium_A	0.000159461888608623
SRR10102394	Soil	Bacteria	Acidobacteriota	HRBIN11	JAKEFK01	JAKEFK01	CAZDDB01	0.000103840619483467
SRR10070151	Sediment	Bacteria	Actinomycetota	UBA4738	UBA4738	HRBIN12	AC-51	0.000131410361707021
SRR10070150	Sediment	Bacteria	Pseudomonadota	Alphaproteobacteria	Dongiales	Dongiaceae	Dongia	0.000202951494592792
SRR10070131	Riverwater	Bacteria	Nitrospirota	Leptospirillia	Leptospirillales	Leptospirillaceae	UBA4572	0.000117401896040621
SRR10070134	Riverwater	Bacteria	Pseudomonadota	Gammaproteobacteria	Burkholderiales	Rhodocyclaceae	JADKHX01	0.000380568889107136
SRR10070151	Sediment	Bacteria	Desulfobacterota	Desulfobacteria	Desulfobacterales	RPRI01	RPRI01	0.000706330694175236
SRR10070150	Sediment	Bacteria	Pseudomonadota	Gammaproteobacteria	Xanthomonadales	SZUA-36	Unclassified	0.000130468817952509
SRR10102392	Soil	Bacteria	Planctomycetota	Planctomycetia	Gemmatales	Gemmataceae	SIAQ01	0.000212662534937416
SRR10070131	Riverwater	Bacteria	Pseudomonadota	Gammaproteobacteria	Burkholderiales	Rhodocyclaceae	Sterolibacterium	0.00161427607055854
SRR10070133	Groundwater	Bacteria	Chloroflexota	Dehalococcoidia	Lucifugimonadales	Lucifugimonadaceae	SHXW01	0.000312332678922006
SRR10070141	Groundwater	Bacteria	Patescibacteriota	Minisyncoccia	UBA6257	Unclassified	Unclassified	0.0021475648589272013
SRR10102393	Soil	Bacteria	Actinomycetota	Acidimicrobiia	Acidimicrobiales	Ilumatobacteraceae	Ilumatobacter	0.0003813882532418
SRR10070141	Groundwater	Bacteria	Chloroflexota	Anaerolineae	Aggregatilineales	Unclassified	Unclassified	0.000444323763915973
SRR10070149	Sediment	Bacteria	Krumholzibacteriota	Krumholzibacteriia	JACNKJ01	JACNKJ01	VGXI01	0.000560992333104781
SRR10070151	Sediment	Bacteria	Acidobacteriota	Aminicenantia	Aminicenantales	Saccharicenantaceae	RBG-16-66-30	0.01263182101908735
SRR10102392	Soil	Bacteria	Acidobacteriota	Thermoanaerobaculia	Multivoradales	UBA5704	DATARR01	0.000364564345607
SRR10102392	Soil	Bacteria	Verrucomicrobiota	Verrucomicrobiia	Chthoniobacterales	UBA10450	Palsa-1392	0.00027342325920525
SRR10070131	Riverwater	Bacteria	Bdellovibrionota	UBA1018	UBA1018	UBA923	JBFWNQ01	0.000352205688121863
SRR10070149	Sediment	Bacteria	Actinomycetota	UBA4738	UBA4738	HRBIN12	CALGFI01	0.000296079286916412
SRR10070149	Sediment	Bacteria	Eisenbacteria	RBG-16-71-46	RBG-16-71-46	RBG-16-71-46	MFD02242-c1	0.000794739138565106
SRR10070150	Sediment	Bacteria	Acidobacteriota	Vicinamibacteria	Vicinamibacterales	UBA2999	VFZN01	0.000492882201153924
SRR10070150	Sediment	Bacteria	Chloroflexota	Anaerolineae	CG2-30-64-16	CG2-30-64-16	CAKZKT01	0.000260937635905019
SRR10102392	Soil	Bacteria	Actinomycetota	Actinomycetes	Actinomycetales	Cellulomonadaceae	Cellulomonas	0.000820269777615749
SRR10102393	Soil	Bacteria	Verrucomicrobiota	Verrucomicrobiia	Chthoniobacterales	UBA10450	Unclassified	0.00595238095238095
SRR10070149	Sediment	Bacteria	Acidobacteriota	Vicinamibacteria	Vicinamibacterales	Unclassified	Unclassified	0.003412703359720748
SRR10070151	Sediment	Bacteria	Desulfobacterota	DSM-4660	Desulfatiglandales	Desulfatiglandaceae	UBA5623	0.001560498045270869
SRR10102393	Soil	Bacteria	Pseudomonadota	Gammaproteobacteria	Burkholderiales	Burkholderiaceae_D	Telluria	0.00325542116159965
SRR10102393	Soil	Bacteria	Pseudomonadota	Gammaproteobacteria	Burkholderiales	Burkholderiaceae_D	Oxalicibacterium	0.00083088155170535
SRR10102393	Soil	Bacteria	Bacillota	UBA4882	UBA10575	UBA10575	Capillibacterium	0.00028604118993135
SRR10070150	Sediment	Bacteria	Chloroflexota	Anaerolineae	Anaerolineales	UBA4823	CAVOSB01	0.00149314313878983
SRR10070134	Riverwater	Bacteria	Actinomycetota	Acidimicrobiia	Acidimicrobiales	Ilumatobacteraceae	JAKOUY01	0.000257804731330641
SRR10070149	Sediment	Bacteria	Pseudomonadota	Gammaproteobacteria	Steroidobacterales	Rariloculaceae	FEN-1219	0.004051611294645642
SRR10070151	Sediment	Bacteria	Pseudomonadota	Gammaproteobacteria	Steroidobacterales	Steroidobacteraceae	13-2-20CM-66-19	0.00047636256118795
SRR10070151	Sediment	Bacteria	Pseudomonadota	Gammaproteobacteria	Steroidobacterales	Unclassified	Unclassified	0.0002628207234140409
SRR10070150	Sediment	Bacteria	Pseudomonadota	Gammaproteobacteria	Burkholderiales	Rhodocyclaceae	Fen-999	0.000840799049027282
SRR10070151	Sediment	Bacteria	Acidobacteriota	Aminicenantia	Aminicenantales	UBA8522	CAVSCD01	0.000591346627681593
SRR10070150	Sediment	Bacteria	Planctomycetota	UBA1135	UBA1135	UBA2386	Unclassified	0.000391406453857528
SRR10070132	Groundwater	Bacteria	Acidobacteriota	Polarisedimenticolia	Gp22-AA2	Gp22-AA2	Gp22-AA3	0.000213201432713628
SRR10102393	Soil	Bacteria	Acidobacteriota	Vicinamibacteria	Vicinamibacterales	CAVVIG01	CAVREM01	0.0009534706331045
SRR10070151	Sediment	Bacteria	Vulcanimicrobiota	JAMCWD01	JAMCWD01	JAMCWD01	JAMCWD01	0.000213541837773908
SRR10070132	Groundwater	Bacteria	Patescibacteriota	Minisyncoccia	Phycocordibacterales	Zambryskibacteraceae	UBA5004	0.00115128773665359
SRR10070151	Sediment	Bacteria	Pseudomonadota	Gammaproteobacteria	Steroidobacterales	Rariloculaceae	CBDCWM01	0.000229968132987286
SRR10070151	Sediment	Bacteria	Pseudomonadota	Gammaproteobacteria	Burkholderiales	SG8-39	DATEDA01	0.00655409179013765
SRR10070130	Riverwater	Bacteria	Patescibacteriota	Minisyncoccia	Phycocordibacterales	UBA5272	UBA11704	0.000639337524545994
SRR10070130	Riverwater	Bacteria	Verrucomicrobiota	Verrucomicrobiia	Opitutales	Opitutaceae	Lacunisphaera	0.0012938973711049881
SRR10070150	Sediment	Bacteria	Bacteroidota	Bacteroidia	Chitinophagales	Chitinophagaceae	Ferruginibacter	0.0000579861413122264
SRR10070150	Sediment	Bacteria	Bacteroidota	Ignavibacteria	Ignavibacteriales	Ignavibacteriaceae	DATFVA01	0.000304427241889188
SRR10070151	Sediment	Bacteria	Desulfobacterota	BSN033	BSN033	UBA1163	CAVQFR01	0.006882617694405201
SRR10070150	Sediment	Bacteria	Pseudomonadota	Gammaproteobacteria	Steroidobacterales	Steroidobacteraceae	DATJKD01	0.00316024470151634
SRR10102394	Soil	Bacteria	Actinomycetota	CADDZG01	CADDZG01	WHSQ01	CALMBW01	0.000133509367907315
SRR10070133	Groundwater	Bacteria	Gemmatimonadota	Gemmatimonadetes	Gemmatimonadales	Gemmatimonadaceae	Fen-1231	0.000773395204949729
SRR10070134	Riverwater	Bacteria	Myxococcota_A	UBA9160	UBA9160	PR03	PR03	0.000196422652442393
SRR10102392	Soil	Bacteria	Acidobacteriota	Vicinamibacteria	Vicinamibacterales	2-12-FULL-66-21	JACCXG01	0.004162109612346579
SRR10102394	Soil	Bacteria	Actinomycetota	Actinomycetes	Actinomycetales	Dermatophilaceae	Fodinibacter	0.000326356232662325
SRR10070150	Sediment	Bacteria	Pseudomonadota	Gammaproteobacteria	Unclassified	Unclassified	Unclassified	0.003783595720622771
SRR10070149	Sediment	Bacteria	Pseudomonadota	Alphaproteobacteria	Rhizobiales	Rhodomicrobiaceae	Rhodomicrobium	0.00110640154584554
SRR10102393	Soil	Bacteria	Verrucomicrobiota	Verrucomicrobiia	Chthoniobacterales	Chthoniobacteraceae	SXWH01	0.0018933202571646502
SRR10070151	Sediment	Bacteria	Myxococcota_A	Polyangia	Polyangiales	Polyangiaceae	PMG-095	0.000147836656920398
SRR10070151	Sediment	Archaea	Thermoproteota	Bathyarchaeia	Bathyarchaeales	Bathycorpusculaceae	Bathycorpusculum	0.000558494037254838
SRR10102394	Soil	Bacteria	Verrucomicrobiota	Verrucomicrobiia	Chthoniobacterales	UBA10450	JACCTI01	0.001157081188530061
SRR10102393	Soil	Bacteria	Acidobacteriota	Thermoanaerobaculia	Gp7-AA8	Gp7-AA8	DASVHS01	0.0010896807235480001
SRR10070130	Riverwater	Bacteria	Pseudomonadota	Gammaproteobacteria	Burkholderiales	Burkholderiaceae_C	Serpentinimonas	0.00176578935350798
SRR10070150	Sediment	Bacteria	Bacillota	Bacilli	Paenibacillales	NBRC-103111	Paenibacillus_E	0.000159461888608623
SRR10070141	Groundwater	Bacteria	Chloroflexota	Dehalococcoidia	DSTF01	JACRBR01	CAYJMJ01	0.0011848633704426
SRR10070131	Riverwater	Bacteria	Bacteroidota	Bacteroidia	Flavobacteriales	Flavobacteriaceae	Flavobacterium	0.18528954242611018
SRR10102392	Soil	Bacteria	Chloroflexota	Limnocylindria	QHBO01	QHBO01	CF-167	0.0001822821728035
SRR10070151	Sediment	Bacteria	Pseudomonadota	Gammaproteobacteria	Burkholderiales	SG8-39	SCGC-AG-212-J23	0.009215151614704813
SRR10070151	Sediment	Bacteria	Methylomirabilota	Methylomirabilia	Rokubacteriales	CSP1-6	CAMLFJ01	0.0037287690134367142
SRR10102394	Soil	Bacteria	Myxococcota_A	UBA9160	UBA9160	SMWR01	Unclassified	0.000118674993695391
SRR10102393	Soil	Bacteria	Pseudomonadota	Gammaproteobacteria	Steroidobacterales	Steroidobacteraceae	Steroidobacter	0.00213849841996295
SRR10102392	Soil	Bacteria	Acidobacteriota	Vicinamibacteria	Vicinamibacterales	JAMQPK01	JAMQPK01	0.0030076558512577498
SRR10070134	Riverwater	Bacteria	Desulfobacterota	Desulfuromonadia	Desulfuromonadales	Syntrophotaleaceae	Unclassified	0.000135040573554145
SRR10070150	Sediment	Bacteria	Campylobacterota	Campylobacteria	Campylobacterales	Sulfurospirillaceae	Sulfurospirillum	0.0000434896059841698
SRR10102392	Soil	Bacteria	Actinomycetota	Actinomycetes	Actinomycetales	Kineosporiaceae	JANNPJ01	0.00126078502855754
SRR10070149	Sediment	Bacteria	Chloroflexota	Anaerolineae	Anaerolineales	UBA4823	CAVOSB01	0.000810322258929128
SRR10102394	Soil	Bacteria	Verrucomicrobiota	Verrucomicrobiia	Verrucomicrobiales	Akkermansiaceae	Luteolibacter	0.000964234323775052
SRR10070151	Sediment	Bacteria	Eisenbacteria	RBG-16-71-46	RBG-16-71-46	RBG-16-71-46	JAIOPA01	0.00162620322612438
SRR10070151	Sediment	Bacteria	Desulfobacterota	Binatia	DP-6	DP-6	Unclassified	0.00106770918886954
SRR10070150	Sediment	Bacteria	Actinomycetota	Acidimicrobiia	Acidimicrobiales	DATKAS01	DATKAS01	0.0002609376359050184
SRR10070151	Sediment	Bacteria	Pseudomonadota	Alphaproteobacteria	Caulobacterales	Aquidulcibacteraceae	Vitreimonas	0.000229968132987286
SRR10070131	Riverwater	Bacteria	Pseudomonadota	Alphaproteobacteria	Rickettsiales	UBA1997	CAMCFD01	0.000234803792081242
SRR10070151	Sediment	Bacteria	Acidobacteriota	Polarisedimenticolia	QHYA01	CAVVHA01	CAVVHA01	0.000197115542560531
SRR10070141	Groundwater	Bacteria	Chloroflexota	Dehalococcoidia	Lucifugimonadales	Lucifugimonadaceae	VGZT01	0.000814593567179285
SRR10070149	Sediment	Bacteria	Actinomycetota	Thermoleophilia	Gaiellales	Gaiellaceae	Gaiella	0.00018699744436826
SRR10070150	Sediment	Bacteria	Desulfobacterota	Desulfuromonadia	Desulfuromonadales	UBA2197	UBA2197	0.000391406453857528
SRR10070149	Sediment	Bacteria	Nitrospirota	Nitrospiria	Nitrospirales	Nitrospiraceae	DASPUC01	0.000716823536744998
SRR10070149	Sediment	Bacteria	Pseudomonadota	Gammaproteobacteria	Steroidobacterales	Steroidobacteraceae	CAILZL01	0.000140248083276195
SRR10070131	Riverwater	Archaea	Nanobdellota	Nanobdellia	Woesearchaeales	SKIA01	JAYVHA01	0.000396231399137096
SRR10070150	Sediment	Bacteria	Nitrospirota	Thermodesulfovibrionia	Thermodesulfovibrionales	SM23-35	Unclassified	0.001507639674117884
SRR10070130	Riverwater	Bacteria	Patescibacteriota	Gracilibacteria	Absconditabacterales	Absconditicoccaceae	Unclassified	0.000669782168571993
SRR10070150	Sediment	Bacteria	Pseudomonadota	Gammaproteobacteria	Burkholderiales	SG8-39	SCGC-AG-212-J23	0.01085790496071439
SRR10070134	Riverwater	Bacteria	Patescibacteriota	Saccharimonadia	Saccharimonadales	UBA4665	JAGXIT01	0.0027499171341935
SRR10070151	Sediment	Bacteria	Desulfobacterota	Desulfobaccia	Desulfobaccales	0-14-0-80-60-11	Unclassified	0.00142908768356385
SRR10070151	Sediment	Bacteria	Pseudomonadota	Gammaproteobacteria	Steroidobacterales	GCA-2729495	SHZI01	0.001379808797923714
SRR10070131	Riverwater	Bacteria	Pseudomonadota	Alphaproteobacteria	Paracaedibacterales	Unclassified	Unclassified	0.000278829503096475
SRR10102392	Soil	Bacteria	Bacteroidota	Bacteroidia	Chitinophagales	Chitinophagaceae	Terrimonas_B	0.000805079596548791
SRR10070149	Sediment	Bacteria	Pseudomonadota	Gammaproteobacteria	Steroidobacterales	Steroidobacteraceae	Unclassified	0.00028049616655239
SRR10070133	Groundwater	Bacteria	Patescibacteriota	Saccharimonadia	Saccharimonadales	Saccharimonadaceae	JAKDMF01	0.00538402046522696
SRR10070134	Riverwater	Bacteria	Pseudomonadota	Gammaproteobacteria	Burkholderiales	Burkholderiaceae_C	Comamonas	0.002909510539302944
SRR10070150	Sediment	Bacteria	Armatimonadota	UBA5829	UBA5829	UBA5829	Unclassified	0.000507378736481981
SRR10102394	Soil	Bacteria	Acidobacteriota	Vicinamibacteria	Vicinamibacterales	SCN-69-37	DATEGZ01	0.000415362477933868
SRR10070150	Sediment	Bacteria	JAJVIF01	JAJVIF01	JAPKYR01	JAPKYR01	JAPKYR01	0.000492882201153924
SRR10070130	Riverwater	Bacteria	Bacillota	Bacilli	Bacillales	Cytobacillaceae	Bacillus_BD	0.000548003592467995
SRR10070151	Sediment	Bacteria	Bacteroidota	Bacteroidia	Flavobacteriales	Flavobacteriaceae	Flavobacterium	0.000558494037254837
SRR10070151	Sediment	Bacteria	Armatimonadota	Hebobacteria	Hebobacterales	Hebobacteraceae	Unclassified	0.000427083675547817
SRR10102392	Soil	Bacteria	Pseudomonadota	Alphaproteobacteria	Rhizobiales	Hyphomicrobiaceae	Hyphomicrobium_C	0.000167091991736542
SRR10070151	Sediment	Bacteria	Acidobacteriota	Vicinamibacteria	Vicinamibacterales	SCN-69-37	DASUGC01	0.000443509970761195
SRR10102392	Soil	Bacteria	Actinomycetota	UBA4738	UBA4738	HRBIN12	CAVSJR01	0.000364564345607
SRR10070134	Riverwater	Bacteria	Verrucomicrobiota	Verrucomicrobiia	Verrucomicrobiales	V1-33	CAIZWU01	0.000491056631105982
SRR10070133	Groundwater	Archaea	Nanobdellota	Nanobdellia	SCGC-AAA011-G17	GW2011-AR17	JAHFJF01	0.000580046403712297
SRR10070150	Sediment	Bacteria	Planctomycetota	Planctomycetia	Planctomycetales	Planctomycetaceae	SIAF01	0.000289930706561132
SRR10102393	Soil	Bacteria	Acidobacteriota	Terriglobia	Versatilivoradales	Versatilivoraceae	CAVVYL01	0.00017707311757655
SRR10070130	Riverwater	Bacteria	Acidobacteriota	Vicinamibacteria	Fen-336	JAGNNV01	JAGNNV01	0.000380558050324997
SRR10070149	Sediment	Bacteria	Pseudomonadota	Gammaproteobacteria	Steroidobacterales	Steroidobacteraceae	SCUD01	0.005719005173595961
SRR10070149	Sediment	Bacteria	Pseudomonadota	Gammaproteobacteria	Steroidobacterales	Unclassified	Unclassified	0.000233746805460325
SRR10070151	Sediment	Bacteria	Pseudomonadota	Gammaproteobacteria	Burkholderiales	Unclassified	Unclassified	0.0032359801570353832
SRR10070134	Riverwater	Bacteria	Pseudomonadota	Alphaproteobacteria	Rhodobacterales	Rhodobacteraceae	Unclassified	0.004075770038179655
SRR10070151	Sediment	Bacteria	Desulfobacterota	Desulfobacteria	Desulfobacterales	Desulfosalsimonadaceae	CAWGYD01	0.00152764545484411
SRR10102392	Soil	Bacteria	Nitrospirota	Nitrospiria	Nitrospirales	Nitrospiraceae	Palsa-1315	0.000410134888807875
SRR10070133	Groundwater	Bacteria	Pseudomonadota	Gammaproteobacteria	Burkholderiales	SG8-41	SG8-41	0.000371824617764293
SRR10070150	Sediment	Bacteria	Pseudomonadota	Gammaproteobacteria	Xanthomonadales	SZUA-36	CALKKN01	0.00139166739149343
SRR10070151	Sediment	Bacteria	Bacteroidota	Ignavibacteria	UBA10030	UBA6906	CAWABB01	0.000722756989388613
SRR10070150	Sediment	Bacteria	Pseudomonadota	Gammaproteobacteria	Burkholderiales	Burkholderiaceae_D	CAWIOX01	0.000434896059841698
SRR10102392	Soil	Bacteria	Desulfobacterota	Binatia	DP-6	DP-6	Unclassified	0.000379754526673958
SRR10102393	Soil	Bacteria	Bacteroidota	Bacteroidia	Chitinophagales	Chitinophagaceae	Ginsengibacter	0.0011986487959028
SRR10102392	Soil	Archaea	Thermoproteota	Nitrososphaeria	Nitrososphaerales	Nitrososphaeraceae	Nitrosocosmicus	0.01585854903390448
SRR10070133	Groundwater	Bacteria	Pseudomonadota	Gammaproteobacteria	Pseudomonadales	Moraxellaceae	Acinetobacter	0.06679457433517759
SRR10070149	Sediment	Bacteria	Desulfobacterota	Desulfuromonadia	Desulfuromonadales	Syntrophotaleaceae	Unclassified	0.00121548338839369
SRR10070132	Groundwater	Bacteria	Pseudomonadota	Gammaproteobacteria	Burkholderiales	SG8-39	RBG-16-66-20	0.00328330206378987
SRR10070151	Sediment	Bacteria	Methylomirabilota	Methylomirabilia	Rokubacteriales	CSP1-6	CAVWFS01	0.000443509970761195
SRR10102392	Soil	Bacteria	Acidobacteriota	Terriglobia	20CM-2-55-15	20CM-2-55-15	20CM-2-55-15	0.00161015919309758
SRR10102393	Soil	Bacteria	Chloroflexota	Limnocylindria	Limnocylindrales	CSP1-4	JAFMJV01	0.00031328320802005
SRR10070150	Sediment	Bacteria	Desulfobacterota	Desulfobacteria	Desulfobacterales	Unclassified	Unclassified	0.0005508683424661511
SRR10070150	Sediment	Bacteria	Planctomycetota	UBA1135	UBA1135	JAKEFM01	JAKEFM01	0.000101475747296396
SRR10102394	Soil	Bacteria	Acidobacteriota	Vicinamibacteria	Vicinamibacterales	UBA2999	Unclassified	0.014671196095592705
SRR10070149	Sediment	Bacteria	Chloroflexota	Anaerolineae	CG2-30-64-16	CG2-30-64-16	Unclassified	0.001963473165866733
SRR10070141	Groundwater	Bacteria	Chloroflexota	Limnocylindria	Limnocylindrales	CSP1-4	SPCO01	0.000987386142035496
SRR10070150	Sediment	Bacteria	Verrucomicrobiota	Verrucomicrobiia	Opitutales	Opitutaceae	ER46	0.000405902989185585
SRR10070151	Sediment	Bacteria	Bipolaricaulota	Bipolaricaulia	UBA7950	UBA9294	CAIOGO01	0.000344952199480929
SRR10070134	Riverwater	Bacteria	Acidobacteriota	Vicinamibacteria	Fen-336	Fen-336	DATBSL01	0.000810243441324871
SRR10070150	Sediment	Bacteria	Desulfobacterota	Binatia	Bin18	Bin18	Bin18	0.000217448029920849
SRR10070150	Sediment	Bacteria	Bacteroidota	Ignavibacteria	Ignavibacteriales	Ignavibacteriaceae	IGN2	0.006581427038937699
SRR10070134	Riverwater	Bacteria	Bacteroidota	Bacteroidia	Bacteroidales	Bacteroidaceae	Phocaeicola	0.000920731183323717
SRR10102393	Soil	Bacteria	Desulfobacterota	Binatia	DP-6	DP-6	Unclassified	0.00017707311757655
SRR10102393	Soil	Bacteria	Actinomycetota	Actinomycetes	Streptosporangiales	Streptosporangiaceae	Unclassified	0.0002179361447096
SRR10070134	Riverwater	Bacteria	Bacteroidota	Bacteroidia	Cytophagales	Cyclobacteriaceae	Chryseolinea	0.000159593405109444
SRR10070134	Riverwater	Bacteria	Actinomycetota	Acidimicrobiia	IMCC26256	JAGPDB01	JAGPDB01	0.000135040573554145
SRR10102393	Soil	Bacteria	Methylomirabilota	Methylomirabilia	Rokubacteriales	CSP1-6	AR37	0.00091260760597145
SRR10102393	Soil	Bacteria	Acidobacteriota	Blastocatellia	UBA7656	UBA7656	Onstottus_A	0.00636101122371145
SRR10102394	Soil	Bacteria	Chloroflexota	Limnocylindria	Limnocylindrales	CSP1-4	SPCO01	0.009953865096200916
SRR10070130	Riverwater	Bacteria	Omnitrophota	Omnitrophia	Omnitrophales	Aquincolibacteriaceae	Multiplicimicrobium	0.001613566133377986
SRR10102393	Soil	Bacteria	Bacillota	Clostridia	Clostridiales	Clostridiaceae	Clostridium	0.0005448403617740001
SRR10102392	Soil	Bacteria	Actinomycetota	Thermoleophilia	Solirubrobacterales	70-9	VAYN01	0.00144306720136104
SRR10070150	Sediment	Bacteria	Pseudomonadota	Alphaproteobacteria	Dongiales	Dongiaceae	DATKFM01	0.00162361195674234
SRR10102393	Soil	Bacteria	Pseudomonadota	Alphaproteobacteria	Rhizobiales	Aestuariivirgaceae	JAEUMG01	0.00025879917184265
SRR10070149	Sediment	Bacteria	Gemmatimonadota	Gemmatimonadetes	Gemmatimonadales	GWC2-71-9	JAGGAG01	0.00135573147166989
SRR10102393	Soil	Bacteria	Actinomycetota	Actinomycetes	Mycobacteriales	Pseudonocardiaceae	Amycolatopsis	0.00012258908139915
SRR10102394	Soil	Bacteria	Actinomycetota	Actinomycetes	Actinomycetales	Micrococcaceae	Arthrobacter	0.011303793149486
SRR10070150	Sediment	Bacteria	Chloroflexota	Limnocylindria	QHBO01	QHBO01	CF-167	0.000231944565248906
SRR10070130	Riverwater	Bacteria	Omnitrophota	Gorgyraeia	Unclassified	Unclassified	Unclassified	0.00106556254090999
SRR10070134	Riverwater	Bacteria	Pseudomonadota	Gammaproteobacteria	Burkholderiales	Burkholderiaceae_C	Allorhodoferax	0.00556121634727525
SRR10070151	Sediment	Bacteria	Eisenbacteria	RBG-16-71-46	RBG-16-71-46	DASYSL01	CAYLSO01	0.000213541837773908
SRR10070133	Groundwater	Bacteria	Pseudomonadota	Gammaproteobacteria	Burkholderiales	Gallionellaceae	Sideroxyarcus	0.0121363555238265
SRR10070149	Sediment	Bacteria	Bacteroidota	Ignavibacteria	Tepidaquicellales	OLB5	Unclassified	0.000249329925824347
SRR10102392	Soil	Bacteria	Bacteroidota	Bacteroidia	Chitinophagales	Chitinophagaceae	Ferruginibacter	0.004754526673957947
SRR10102392	Soil	Bacteria	Krumholzibacteriota	Krumholzibacteriia	WVZY01	JAKEHA01	JAKEHA01	0.000410134888807875
SRR10102393	Soil	Bacteria	Verrucomicrobiota	Verrucomicrobiia	Chthoniobacterales	UBA10450	AV69	0.0079819112999891
SRR10102394	Soil	Bacteria	Acidobacteriota	Thermoanaerobaculia	Gp7-AA8	Gp7-AA8	DASZZV01	0.000385693729510021
SRR10102394	Soil	Bacteria	Bacteroidota	Bacteroidia	Unclassified	Unclassified	Unclassified	0.000118674993695391
SRR10070134	Riverwater	Bacteria	Patescibacteriota	Saccharimonadia	UBA4664	UBA4664	Unclassified	0.000478780215328333
SRR10070134	Riverwater	Bacteria	Chloroflexota	Anaerolineae	Caldilineales	Caldilineaceae	Caldilinea	0.000208699068220042
SRR10070131	Riverwater	Bacteria	Pseudomonadota	Gammaproteobacteria	Burkholderiales	Rhodocyclaceae	JADKHX01	0.00030817997710663
SRR10070130	Riverwater	Bacteria	Acidobacteriota	Vicinamibacteria	Vicinamibacterales	UBA2999	Unclassified	0.000274001796233998
SRR10070130	Riverwater	Bacteria	Pseudomonadota	Alphaproteobacteria	Sphingomonadales	Sphingomonadaceae	Sphingobium	0.000258779474220998
SRR10070149	Sediment	Bacteria	Pseudomonadota	Gammaproteobacteria	Burkholderiales	Burkholderiaceae_C	JAEUPI01	0.0010440690643894529
SRR10070134	Riverwater	Bacteria	Pseudomonadota	Alphaproteobacteria	Sphingomonadales	Sphingomonadaceae	Sphingomicrobium	0.000171869820887094
SRR10070151	Sediment	Bacteria	Verrucomicrobiota	Verrucomicrobiia	Limisphaerales	JADLHS01	JADLHS01	0.002874601662341074
SRR10070131	Riverwater	Bacteria	Pseudomonadota	Gammaproteobacteria	Xanthomonadales	Xanthomonadaceae	Arenimonas	0.002993748349035835
SRR10070149	Sediment	Bacteria	Krumholzibacteriota	Krumholzibacteriia	WVZY01	JAKEHA01	JAKEHA01	0.002415383656423363
SRR10070150	Sediment	Bacteria	Chloroflexota	Dehalococcoidia	DSTF01	JALHUB01	DAOUEO01	0.000463889130497811
SRR10070149	Sediment	Bacteria	Eisenbacteria	RBG-16-71-46	SZUA-252	SZUA-252	WS-9	0.001776475721498476
SRR10070132	Groundwater	Bacteria	Pseudomonadota	Alphaproteobacteria	Caulobacterales	Caulobacteraceae	Caulobacter	0.000511683438512707
SRR10102394	Soil	Bacteria	Actinomycetota	Actinomycetes	Mycobacteriales	SCTD01	Unclassified	0.00072688433638427
SRR10070149	Sediment	Bacteria	Bacillota	Clostridia	Clostridiales	Clostridiaceae	Clostridium	0.000467493610920651
SRR10102392	Soil	Bacteria	Pseudomonadota	Alphaproteobacteria	Dongiales	Dongiaceae	Dongia_A	0.000744318872280958
SRR10070134	Riverwater	Bacteria	Campylobacterota	Campylobacteria	Campylobacterales	Sulfurimonadaceae	Sulfurimonas	0.00111715383576611
SRR10070130	Riverwater	Bacteria	Acidobacteriota	Vicinamibacteria	Vicinamibacterales	JAKQTR01	JAKQTR01	0.000304446440259997
SRR10070131	Riverwater	Bacteria	Acidobacteriota	Vicinamibacteria	Fen-336	JAGNNV01	JAGNNV01	0.00024947902908632
SRR10070150	Sediment	Bacteria	Pseudomonadota	Alphaproteobacteria	Rhodobacterales	Rhodobacteraceae	Acidimangrovimonas	0.000652344089762547
SRR10070150	Sediment	Bacteria	Acidobacteriota	Terriglobia	UBA7540	UBA7540	Unclassified	0.000797309443043113
SRR10070130	Riverwater	Bacteria	Chloroflexota	Chloroflexia	Thermomicrobiales	UBA6265	JACCXM01	0.0000456669660389996
SRR10070141	Groundwater	Bacteria	Verrucomicrobiota	Verrucomicrobiia	Verrucomicrobiales	Akkermansiaceae	Haloferula	0.000172792574856212
SRR10070130	Riverwater	Bacteria	Bdellovibrionota	Bdellovibrionia	Bdellovibrionales	Bdellovibrionaceae	UBA2316	0.000213112508181998
SRR10070150	Sediment	Bacteria	Bacillota	Bacilli	Bacillales	Bacillaceae_G	Bacillus_A	0.000231944565248906
SRR10102393	Soil	Bacteria	Verrucomicrobiota	Verrucomicrobiia	Verrucomicrobiales	V1-33	V1-33	0.0002451781627983
SRR10070133	Groundwater	Bacteria	Patescibacteriota	Gracilibacteria	UBA1369	Unclassified	Unclassified	0.000654411327265156
SRR10070151	Sediment	Bacteria	Acidobacteriota	Vicinamibacteria	Vicinamibacterales	UBA2999	DATCJA01	0.000673478103748481
SRR10070151	Sediment	Bacteria	Desulfobacterota	Binatia	UBA9968	UBA9968	DAIRFP01	0.00415585268898453
SRR10070150	Sediment	Bacteria	Myxococcota_A	UBA9160	UBA9160	UBA6930	Unclassified	0.003029775883563826
SRR10070133	Groundwater	Bacteria	Patescibacteriota	Minisyncoccia	JAHIHE01	JAGLIN01	JBAZUT01	0.00104110892974002
SRR10102394	Soil	Bacteria	Desulfobacterota	Binatia	UBA9968	UBA9968	DP-20	0.002358665499695892
SRR10070134	Riverwater	Bacteria	Bdellovibrionota	UBA1018	UBA1018	UBA1018	CAIOHW01	0.00028235756288594
SRR10070130	Riverwater	Bacteria	Pseudomonadota	Gammaproteobacteria	Pseudomonadales	Moraxellaceae	Agitococcus	0.03475256115567863
SRR10070150	Sediment	Bacteria	Nitrospirota	Thermodesulfovibrionia	Thermodesulfovibrionales	SM23-35	CAVZMO01	0.000376909918529471
SRR10102394	Soil	Bacteria	Acidobacteriota	Terriglobia	Bryobacterales	Bryobacteraceae	Unclassified	0.001008737446410824
SRR10070141	Groundwater	Bacteria	Bacteroidota	Bacteroidia	Cytophagales	Cyclobacteriaceae	Ohtaekwangia	0.000320900496161536
SRR10102393	Soil	Bacteria	Chloroflexota	Anaerolineae	UBA4142	SHND01	SHND01	0.0012258908139915
SRR10070149	Sediment	Bacteria	Desulfobacterota	BSN033	BSN033	UBA1163	CAVOIK01	0.001854391323318581
SRR10070132	Groundwater	Bacteria	Pseudomonadota	Alphaproteobacteria	Rhodobacterales	Rhodobacteraceae	Cypionkella	0.00332594235033259
SRR10102392	Soil	Bacteria	Actinomycetota	Actinomycetes	Propionibacteriales	Nocardioidaceae	Unclassified	0.000440515250941791
SRR10070131	Riverwater	Bacteria	Acidobacteriota	Vicinamibacteria	Vicinamibacterales	JAKQTR01	JAKQTR01	0.000337530451116786
SRR10070149	Sediment	Bacteria	Desulfobacterota	Syntrophia	Syntrophales	UBA2192	UBA2192	0.0015115626753101
SRR10102394	Soil	Bacteria	Planctomycetota	Planctomycetia	Pirellulales	PALSA-1355	PALSA-1355	0.000608209342688879
SRR10102392	Soil	Bacteria	Actinomycetota	Actinomycetes	Actinomycetales	Dermatophilaceae	Monashia	0.000318993802406125
SRR10070150	Sediment	Bacteria	Pseudomonadota	Gammaproteobacteria	Burkholderiales	SHXO01	SHXO01	0.003624133832014144
SRR10070151	Sediment	Bacteria	Pseudomonadota	Gammaproteobacteria	Burkholderiales	Rhodocyclaceae	JADJEF01	0.000147836656920398
SRR10102393	Soil	Bacteria	Actinomycetota	Acidimicrobiia	IMCC26256	Unclassified	Unclassified	0.00012258908139915
SRR10070149	Sediment	Bacteria	Chloroflexota	Dehalococcoidia	Lucifugimonadales	Unclassified	Unclassified	0.000233746805460325
SRR10070151	Sediment	Bacteria	Pseudomonadota	Gammaproteobacteria	Steroidobacterales	Steroidobacteraceae	Unclassified	0.000377804789907684
SRR10070149	Sediment	Bacteria	Planctomycetota	Planctomycetia	Pirellulales	Pirellulaceae	JANMEB01	0.000233746805460325
SRR10102393	Soil	Bacteria	Methylomirabilota	Methylomirabilia	Rokubacteriales	DASRDR01	DASRDR01	0.000544840361774
SRR10070149	Sediment	Bacteria	Pseudomonadota	Gammaproteobacteria	Burkholderiales	SG8-39	Unclassified	0.00224396933241912
SRR10070141	Groundwater	Bacteria	Patescibacteriota	Unclassified	Unclassified	Unclassified	Unclassified	0.000419639110365086
SRR10070150	Sediment	Bacteria	Hydrogenedentota	Hydrogenedentia	Hydrogenedentales	GCA-2746185	VFKU01	0.000304427241889188
SRR10070151	Sediment	Bacteria	Methylomirabilota	Methylomirabilia	Rokubacteriales	CSP1-6	CAVWWD01	0.00054206774204146
SRR10070149	Sediment	Bacteria	Verrucomicrobiota	Verrucomicrobiia	Opitutales	Opitutaceae	Unclassified	0.000327245527644456
SRR10102392	Soil	Bacteria	Bacteroidota	Bacteroidia	Unclassified	Unclassified	Unclassified	0.000349374164540041
SRR10070149	Sediment	Bacteria	Actinomycetota	Thermoleophilia	Gaiellales	Gaiellaceae	JAIBJN01	0.001667393878950321
SRR10102392	Soil	Bacteria	Acidobacteriota	Thermoanaerobaculia	Gp7-AA8	Gp7-AA8	DASZZV01	0.000440515250941791
SRR10070151	Sediment	Bacteria	Pseudomonadota	Gammaproteobacteria	Pseudomonadales	Pseudomonadaceae	Geopseudomonas	0.000377804789907684
SRR10070151	Sediment	Bacteria	Chloroflexota	Dehalococcoidia	Dehalococcoidales	UBA1222	SURF-27	0.000328525904267551
SRR10102394	Soil	Bacteria	Acidobacteriota	Vicinamibacteria	Vicinamibacterales	SCN-69-37	DASUGC01	0.0005933749684769549
SRR10102392	Soil	Bacteria	Pseudomonadota	Gammaproteobacteria	Unclassified	Unclassified	Unclassified	0.002141815530441128
SRR10102392	Soil	Bacteria	Bacteroidota	Bacteroidia	Cytophagales	Cyclobacteriaceae	Ohtaekwangia	0.0000607607242678333
SRR10070130	Riverwater	Bacteria	Bacteroidota	Bacteroidia	Chitinophagales	Saprospiraceae	OLB9	0.000593670558506995
SRR10070151	Sediment	Bacteria	Chloroflexota	Limnocylindria	Limnocylindrales	CSP1-4	UBA5189	0.000558494037254838
SRR10070150	Sediment	Bacteria	Planctomycetota	Phycisphaerae	Sedimentisphaerales	Unclassified	Unclassified	0.000188454959264736
SRR10102394	Soil	Bacteria	Bacillota	Bacilli	Paenibacillales	Paenibacillaceae	Paenibacillus_Z	0.000356024981086173
SRR10070134	Riverwater	Bacteria	Desulfobacterota	GWC2-55-46	GWC2-55-46	GWC2-55-46	GWA2-54-12	0.0000613820788882478
SRR10070134	Riverwater	Bacteria	Patescibacteriota	Saccharimonadia	Saccharimonadales	SZUA-47	JAGONL01	0.002099267097978075
SRR10070141	Groundwater	Bacteria	Pseudomonadota	Alphaproteobacteria	Sphingomonadales	Sphingomonadaceae	Sphingomonas	0.000444323763915973
SRR10070141	Groundwater	Bacteria	Acidobacteriota	Vicinamibacteria	Vicinamibacterales	UBA2999	12-FULL-67-14b	0.00175261040211301
SRR10070133	Groundwater	Bacteria	Acidobacteriota	Vicinamibacteria	Vicinamibacterales	UBA2999	Gp6-AA40	0.000550300434291154
SRR10102392	Soil	Bacteria	Verrucomicrobiota	Verrucomicrobiia	Verrucomicrobiales	Verrucomicrobiaceae	Unclassified	0.000303803621339166
SRR10070131	Riverwater	Bacteria	Acidobacteriota	Thermoanaerobaculia	UBA5066	Gp7-AA6	DAHUXD01	0.000190778081066009
SRR10102392	Soil	Bacteria	Methylomirabilota	Methylomirabilia	Rokubacteriales	CSP1-6	AR37	0.00103293231255317
SRR10102392	Soil	Bacteria	Actinomycetota	Thermoleophilia	Gaiellales	Gaiellaceae	JAIBJN01	0.000243042897071333
SRR10070151	Sediment	Bacteria	Spirochaetota	Spirochaetia	SZUA-6	Fen-1364	CAVTER01	0.000377804789907684
SRR10070133	Groundwater	Bacteria	UBA10199	UBA10199	JACPAL01	GCA-016699445	DASUFF01	0.000148729847105717
SRR10070149	Sediment	Bacteria	Planctomycetota	Phycisphaerae	Sedimentisphaerales	Anaerobacaceae	PLanc-01	0.00138689771239793
SRR10070132	Groundwater	Bacteria	Patescibacteriota	JACPGU01	JACPGU01	JACPGU01	JAKLDG01	0.00119392802319632
SRR10070134	Riverwater	Bacteria	Verrucomicrobiota	Verrucomicrobiia	Chthoniobacterales	UBA10450	JACCTI01	0.0000613820788882478
SRR10102392	Soil	Bacteria	Chloroflexota	Chloroflexia	Thermomicrobiales	UBA6265	JAMLHN01	0.000349374164540041
SRR10070149	Sediment	Bacteria	Pseudomonadota	Gammaproteobacteria	Burkholderiales	Burkholderiaceae_C	Pseudaquabacterium	0.000202580564732282
SRR10070150	Sediment	Bacteria	Spirochaetota	Spirochaetia	SZUA-6	Fen-1364	Fen-1364	0.000478385665825867
SRR10070149	Sediment	Bacteria	Acidobacteriota	Blastocatellia	UBA7656	UBA7656	Unclassified	0.00225955245278315
SRR10070149	Sediment	Archaea	Thermoproteota	Nitrososphaeria	Nitrososphaerales	Nitrososphaeraceae	TH1177	0.00282054478588793
SRR10070130	Riverwater	Bacteria	Desulfobacterota	Syntrophobacteria	Syntrophobacterales	Syntrophobacteraceae	CAWDJT01	0.0000456669660389996
SRR10070132	Groundwater	Bacteria	Pseudomonadota	Gammaproteobacteria	Pseudomonadales	Moraxellaceae	UBA2031	0.000724884871226335
SRR10102394	Soil	Bacteria	Pseudomonadota	Gammaproteobacteria	Burkholderiales	Burkholderiaceae_F	JACCZX01	0.00175045615700702
SRR10070149	Sediment	Bacteria	Patescibacteriota	Saccharimonadia	Saccharimonadales	Saccharimonadaceae	Unclassified	0.00154272891603815
SRR10070130	Riverwater	Bacteria	Myxococcota_A	Polyangia	Haliangiales	Haliangiaceae	UBA2376	0.000258779474220998
SRR10070134	Riverwater	Bacteria	Patescibacteriota	Gracilibacteria	Absconditabacterales	Absconditicoccaceae	Unclassified	0.000392845304884786
SRR10070134	Riverwater	Bacteria	Pseudomonadota	Gammaproteobacteria	Burkholderiales	Rhodocyclaceae	Zoogloea	0.000994389677989615
SRR10102394	Soil	Bacteria	Pseudomonadota	Gammaproteobacteria	Steroidobacterales	Steroidobacteraceae	RPQJ01	0.002521843616027055
SRR10070131	Riverwater	Bacteria	Pseudomonadota	Gammaproteobacteria	Xanthomonadales	Xanthomonadaceae	Unclassified	0.000176102844060932
SRR10070131	Riverwater	Bacteria	Acidobacteriota	Vicinamibacteria	Fen-336	Fen-336	DATBSL01	0.000278829503096475
SRR10070141	Groundwater	Bacteria	Actinomycetota	Actinomycetes	Actinomycetales	Micrococcaceae	Arthrobacter	0.000592431685221298
SRR10070130	Riverwater	Bacteria	Myxococcota_A	Polyangia	Polyangiales	Houyiibacteriaceae	Unclassified	0.000334891084285997
SRR10070151	Sediment	Bacteria	Chloroflexota	Dehalococcoidia	DSTF01	WHTK01	WHTK01	0.001264824731430074
SRR10070150	Sediment	Bacteria	Desulfobacterota	Desulfobulbia	Desulfobulbales	Desulfobulbaceae	UBA10518	0.000855295584355339
SRR10070131	Riverwater	Bacteria	Bacillota	Negativicutes	Acidaminococcales	Acidaminococcaceae	Phascolarctobacterium_A	0.000220128555076164
SRR10070131	Riverwater	Bacteria	Pseudomonadota	Alphaproteobacteria	Sphingomonadales	Sphingomonadaceae	Sphingorhabdus_B	0.000293504740101553
SRR10070151	Sediment	Bacteria	Pseudomonadota	Gammaproteobacteria	Steroidobacterales	Steroidobacteraceae	CAILZL01	0.00118269325536319
SRR10070131	Riverwater	Bacteria	Pseudomonadota	Alphaproteobacteria	Sphingomonadales	Sphingomonadaceae	Novosphingobium	0.001570250359543304
SRR10102392	Soil	Bacteria	Actinomycetota	UBA4738	UBA4738	HRBIN12	JAJNBA01	0.000501275975209624
SRR10070150	Sediment	Bacteria	Desulfobacterota	Binatia	Bin18	Bin18	JABFSC01	0.000347916847873358
SRR10070134	Riverwater	Bacteria	Desulfobacterota	Binatia	UBA9968	UBA9968	DATACQ01	0.0000982113262211965
SRR10102392	Soil	Bacteria	Acidobacteriota	Terriglobia	20CM-2-55-15	20CM-2-55-15	Unclassified	0.002916514764855997
SRR10102393	Soil	Bacteria	Pseudomonadota	Alphaproteobacteria	Rhizobiales	Xanthobacteraceae	Tardiphaga	0.00047673531655225
SRR10070149	Sediment	Bacteria	Gemmatimonadota	Gemmatimonadetes	Gemmatimonadales	Unclassified	Unclassified	0.00018699744436826
SRR10070132	Groundwater	Bacteria	Pseudomonadota	Gammaproteobacteria	Burkholderiales	Unclassified	Unclassified	0.002558417192563535
SRR10070141	Groundwater	Bacteria	Methylomirabilota	Methylomirabilia	Rokubacteriales	CSP1-6	CSP1-6	0.00155513317370591
SRR10070130	Riverwater	Bacteria	Pseudomonadota	Gammaproteobacteria	Burkholderiales	Burkholderiaceae_C	Rhizobacter	0.000913339320779992
SRR10102393	Soil	Bacteria	Bacteroidota	Bacteroidia	Chitinophagales	Chitinophagaceae	Terrimonas_B	0.0005175983436853
SRR10070130	Riverwater	Bacteria	Patescibacteriota	Saccharimonadia	Saccharimonadales	UBA4665	Unclassified	0.000395780372337996
SRR10102393	Soil	Bacteria	Chloroflexota	Limnocylindria	Limnocylindrales	CSP1-4	Unclassified	0.00023155715375395
SRR10102393	Soil	Bacteria	Desulfobacterota	Binatia	UBA1149	CAITLU01	DATNBU01	0.0002996621989757
SRR10102392	Soil	Bacteria	Pseudomonadota	Gammaproteobacteria	Burkholderiales	Burkholderiaceae_D	Unclassified	0.008947016648438456
SRR10070151	Sediment	Bacteria	Pseudomonadota	Alphaproteobacteria	Dongiales	Dongiaceae	DATKFM01	0.00141266138835047
SRR10070151	Sediment	Bacteria	Pseudomonadota	Alphaproteobacteria	Rhizobiales	Methyloligellaceae	Methyloceanibacter	0.00423798416505142
SRR10102392	Soil	Bacteria	Actinomycetota	Thermoleophilia	Solirubrobacterales	Thermoleophilaceae	JACVRW01	0.0016861100984323688
SRR10102392	Soil	Bacteria	Acidobacteriota	Vicinamibacteria	Vicinamibacterales	UBA2999	12-FULL-67-14b	0.008217887957224453
SRR10102394	Soil	Bacteria	Bacillota	Clostridia	Peptostreptococcales	Peptostreptococcaceae	Alkalithermobacter	0.000148343742119239
SRR10070150	Sediment	Bacteria	Pseudomonadota	Gammaproteobacteria	Steroidobacterales	Steroidobacteraceae	CADEED01	0.0009567713316517351
SRR10070151	Sediment	Archaea	Thermoproteota	Nitrososphaeria	Nitrososphaerales	Nitrosopumilaceae	Nitrosarchaeum	0.00154407175005749
SRR10102393	Soil	Bacteria	Verrucomicrobiota	Verrucomicrobiia	Verrucomicrobiales	V1-33	CAIZWU01	0.001634521085322
SRR10070132	Groundwater	Bacteria	Acidobacteriota	Vicinamibacteria	Vicinamibacterales	JAMQPK01	JAMQPK01	0.000298482005799079
SRR10070150	Sediment	Bacteria	Pseudomonadota	Gammaproteobacteria	Acidiferrobacterales	Sulfurifustaceae	Sulfuricaulis	0.000782812907715056
SRR10070133	Groundwater	Bacteria	Pseudomonadota	Gammaproteobacteria	Ga0077536	Ga0077536	JADJYF01	0.000654411327265156
SRR10102392	Soil	Bacteria	Pseudomonadota	Alphaproteobacteria	Rhodobacterales	Rhodobacteraceae	Rubellimicrobium	0.000227852716004375
SRR10102393	Soil	Bacteria	Bacteroidota	Bacteroidia	Chitinophagales	Chitinophagaceae	Flavisolibacter	0.0039500926228615
SRR10070149	Sediment	Bacteria	Pseudomonadota	Gammaproteobacteria	Burkholderiales	Nitrosomonadaceae	Nitrosospira	0.000264913046188369
SRR10102393	Soil	Bacteria	Actinomycetota	Thermoleophilia	Solirubrobacterales	Solirubrobacteraceae	DATFQI01	0.00183883622098725
SRR10070151	Sediment	Bacteria	Desulfobacterota	Desulfomonilia	Desulfomonilales	Desulfomonilaceae	CAWBBA01	0.00152764545484411
SRR10102393	Soil	Bacteria	Verrucomicrobiota	Verrucomicrobiia	Opitutales	Opitutaceae	Lacunisphaera	0.00061294540699575
SRR10070149	Sediment	Bacteria	Pseudomonadota	Alphaproteobacteria	Acetobacterales	Acetobacteraceae	Unclassified	0.000155831203640217
SRR10070151	Sediment	Bacteria	Acidobacteriota	Unclassified	Unclassified	Unclassified	Unclassified	0.000164262952133776
SRR10102393	Soil	Bacteria	Actinomycetota	Thermoleophilia	Gaiellales	Gaiellaceae	VAXT01	0.00151193200392285
SRR10070134	Riverwater	Bacteria	Krumholzibacteriota	Krumholzibacteriia	LZORAL124-64-63	LZORAL124-64-63	CAINDZ01	0.000368292473329487
SRR10070150	Sediment	Unclassified	Unclassified	Unclassified	Unclassified	Unclassified	Unclassified	0.038995680032472266
SRR10070149	Sediment	Bacteria	Actinomycetota	Acidimicrobiia	IMCC26256	PALSA-555	PALSA-555	0.000311662407280434
SRR10102393	Soil	Bacteria	Actinomycetota	Actinomycetes	Actinomycetales	Dermatophilaceae	CAVRTM01	0.0001906941266209
SRR10070149	Sediment	Bacteria	Nitrospirota	Thermodesulfovibrionia	Thermodesulfovibrionales	SM23-35	CAVZMO01	0.000373994888736521
SRR10102392	Soil	Bacteria	Pseudomonadota	Alphaproteobacteria	Rhodospirillales	Defluviicoccaceae	Defluviicoccus	0.0000911410864017499
SRR10070134	Riverwater	Bacteria	Pseudomonadota	Gammaproteobacteria	Steroidobacterales	Steroidobacteraceae	SCUD01	0.000196422652442393
SRR10070150	Sediment	Bacteria	Nitrospirota	Nitrospiria	Nitrospirales	Nitrospiraceae	Palsa-1315	0.012220579281551701
SRR10102392	Soil	Bacteria	Bacillota	Bacilli	Bacillales	Cytobacillaceae	Unclassified	0.000303803621339166
SRR10070132	Groundwater	Bacteria	Omnitrophota	Gorgyraeia	Gygaellales	UBA12090	UBA12090	0.03180965376087328
SRR10070150	Sediment	Bacteria	Zixibacteria	MSB-5A5	UBA10806	UBA10806	UBA10806	0.000391406453857528
SRR10102393	Soil	Bacteria	Bacillota	Bacilli	Bacillales_A	Planococcaceae	Solibacillus	0.00058570338890705
SRR10070151	Sediment	Bacteria	Acidobacteriota	Vicinamibacteria	Vicinamibacterales	UBA2999	DASYRM01	0.000246394428200664
SRR10070134	Riverwater	Bacteria	Pseudomonadota	Alphaproteobacteria	UBA9655	UBA9655	UBA9655	0.00200105577175688
SRR10070150	Sediment	Bacteria	Eisenbacteria	RBG-16-71-46	CAIMUX01	VGJL01	VGJL01	0.001246702038212867
SRR10070134	Riverwater	Bacteria	Pseudomonadota	Alphaproteobacteria	Rhizobiales	Beijerinckiaceae	Alsobacter	0.000122764157776496
SRR10102392	Soil	Bacteria	Planctomycetota	Phycisphaerae	Tepidisphaerales	Tepidisphaeraceae	DASVUC01	0.000698748329080083
SRR10102394	Soil	Bacteria	Actinomycetota	Thermoleophilia	Solirubrobacterales	JBBDJG01	JBBQNR01	0.000934565575351204
SRR10102394	Soil	Bacteria	Myxococcota_A	Polyangia	Nannocystales	Nannocystaceae	Nannocystis	0.000133509367907315
SRR10102393	Soil	Bacteria	Pseudomonadota	Gammaproteobacteria	Steroidobacterales	Unclassified	Unclassified	0.00034052522610875
SRR10102392	Soil	Bacteria	Myxococcota_A	Polyangia	Polyangiales	Polyangiaceae	CAWHDJ01	0.000668367966946166
SRR10070150	Sediment	Bacteria	Chloroflexota	Anaerolineae	Fen-1058	Fen-1058	JBGLNJ01	0.000289930706561132
SRR10070134	Riverwater	Bacteria	Campylobacterota	Campylobacteria	Campylobacterales	Arcobacteraceae	Aliarcobacter	0.021925678578882158
SRR10070150	Sediment	Bacteria	Bacteroidota	Ignavibacteria	UBA10030	UBA6906	Unclassified	0.00072482676640283
SRR10102392	Soil	Bacteria	Pseudomonadota	Alphaproteobacteria	Rhodobacterales	Rhodobacteraceae	Acidimangrovimonas	0.000318993802406125
SRR10070151	Sediment	Bacteria	Desulfobacterota	Desulfobacteria	Desulfobacterales	SURF-7	QZKS01	0.0011826932553631849
SRR10070130	Riverwater	Bacteria	Bacteroidota	Bacteroidia	Bacteroidales	Bacteroidaceae	Phocaeicola	0.001019895574870991
SRR10070149	Sediment	Bacteria	Chloroflexota	Limnocylindria	Limnocylindrales	CSP1-4	JALYGJ01	0.000888237860749236
SRR10102394	Soil	Bacteria	Pseudomonadota	Alphaproteobacteria	Rhizobiales	Xanthobacteraceae	Z2-YC6860	0.000993903072198899
SRR10070130	Riverwater	Bacteria	Pseudomonadota	Gammaproteobacteria	Pseudomonadales	Cellvibrionaceae	Cellvibrio	0.009909731630462916
SRR10070151	Sediment	Bacteria	UBA10199	UBA10199	2-02-FULL-44-16	JAAZCA01	Unclassified	0.0015112191596307369
SRR10070151	Sediment	Bacteria	Myxococcota_A	UBA9160	SZUA-336	SZUA-336	CAYVQJ01	0.000213541837773908
SRR10070133	Groundwater	Bacteria	Gemmatimonadota	Gemmatimonadetes	Gemmatimonadales	Gemmatimonadaceae	Unclassified	0.000743649235528586
SRR10070150	Sediment	Archaea	Asgardarchaeota	Lokiarchaeia	Sigyniarchaeales	Unclassified	Unclassified	0.000188454959264736
SRR10070149	Sediment	Bacteria	Chloroflexota	Anaerolineae	Aggregatilineales	Aggregatilineaceae	Unclassified	0.001044069064389454
SRR10070150	Sediment	Bacteria	Desulfobacterota	Zymogenia	Zymogenales	Zymogenaceae	JAFGAS01	0.000434896059841698
SRR10070130	Riverwater	Bacteria	Pseudomonadota	Gammaproteobacteria	Pseudomonadales	Ketobacteraceae	HdN1	0.000274001796233998
SRR10070131	Riverwater	Bacteria	Planctomycetota	Planctomycetia	Pirellulales	Lacipirellulaceae	Lacipirellula	0.000205453318071087
SRR10102394	Soil	Bacteria	Bacillota	Bacilli	Bacillales	Bacillaceae_G	Bacillus_A	0.00072688433638427
SRR10070149	Sediment	Bacteria	Acidobacteriota	Vicinamibacteria	Vicinamibacterales	UBA2999	DASYRM01	0.000436327370192607
SRR10070131	Riverwater	Bacteria	Bacteroidota	Bacteroidia	Flavobacteriales_D	Crocinitomicaceae	UBA952	0.000704411376243726
SRR10070131	Riverwater	Bacteria	Actinomycetota	Thermoleophilia	Solirubrobacterales	Solirubrobacteraceae	DATFQI01	0.000102726659035543
SRR10070150	Sediment	Bacteria	Desulfobacterota	Desulfuromonadia	Geobacterales	Geobacteraceae	Geotalea	0.000710330231074773
SRR10070150	Sediment	Bacteria	Myxococcota_A	Polyangia	Polyangiales	Polyangiaceae	CAWHDJ01	0.000362413383201415
SRR10070132	Groundwater	Bacteria	Pseudomonadota	Gammaproteobacteria	Legionellales	Legionellaceae	Unclassified	0.00225993518676446
SRR10070151	Sediment	Bacteria	Acidobacteriota	Aminicenantia	Aminicenantales	UBA4085	UBA4085	0.00047636256118795
SRR10070150	Sediment	Bacteria	Actinomycetota	Acidimicrobiia	Acidimicrobiales	Acidimicrobilacustridaceae	JAFIEP01	0.0000434896059841698
SRR10070150	Sediment	Bacteria	Desulfobacterota	Binatia	UTPRO1	UTPRO1	DP-19	0.000449392595169754
SRR10070149	Sediment	Bacteria	Actinomycetota	Actinomycetes	Mycobacteriales	Mycobacteriaceae	Mycobacterium	0.000373994888736521
SRR10070151	Sediment	Bacteria	Bacteroidota	Ignavibacteria	Ignavibacteriales	Ignavibacteriaceae	CAVSWT01	0.000657051808535103
SRR10102392	Soil	Bacteria	Actinomycetota	Thermoleophilia	Solirubrobacterales	Thermoleophilaceae	DASPHG01	0.000744318872280958
SRR10070149	Sediment	Archaea	Thermoproteota	Nitrososphaeria	Nitrososphaerales	Nitrosopumilaceae	Nitrosarchaeum	0.00166739387895032
SRR10070151	Sediment	Bacteria	Desulfobacterota	Syntrophobacteria	Syntrophobacterales	Syntrophobacteraceae	Desulforhabdus	0.000131410361707021
SRR10070150	Sediment	Bacteria	Bacteroidota	Bacteroidia	Bacteroidales	VadinHA17	LD21	0.018483082543272168
SRR10102394	Soil	Bacteria	Pseudomonadota	Alphaproteobacteria	Rhizobiales	Xanthobacteraceae	Unclassified	0.003263562326623251
SRR10070150	Sediment	Bacteria	Krumholzibacteriota	Krumholzibacteriia	WVZY01	WVZY01	CAWBQK01	0.0012032124322287
SRR10102393	Soil	Bacteria	Planctomycetota	Planctomycetia	Pirellulales	Lacipirellulaceae	Lacipirellula	0.00023155715375395
SRR10102394	Soil	Bacteria	Bacteroidota	Bacteroidia	Chitinophagales	Chitinophagaceae	VBAS01	0.00216581863494088
SRR10102392	Soil	Bacteria	Actinomycetota	Thermoleophilia	Solirubrobacterales	Thermoleophilaceae	Unclassified	0.000516466156276583
SRR10070130	Riverwater	Bacteria	Cyanobacteriota	Vampirovibrionia	Obscuribacterales	Obscuribacteraceae	Aved-18	0.000182667864155998
SRR10070150	Sediment	Bacteria	Acidobacteriota	Aminicenantia	Aminicenantales	UBA4085	UBA4085	0.000521875271810037
SRR10102392	Soil	Bacteria	Planctomycetota	Phycisphaerae	Tepidisphaerales	Tepidisphaeraceae	DASYWJ01	0.000850650139749666
SRR10102392	Soil	Bacteria	Actinomycetota	Actinomycetes	Propionibacteriales	Propionibacteriaceae	Microlunatus	0.004481103414752707
SRR10070131	Riverwater	Bacteria	Pseudomonadota	Alphaproteobacteria	Paracaedibacterales	JAKBAR01	JAKBAR01	0.000366880925126941
SRR10070141	Groundwater	Bacteria	Pseudomonadota	Gammaproteobacteria	Pseudomonadales	Pseudomonadaceae	Aquipseudomonas	0.013527190145886303
SRR10102393	Soil	Bacteria	Actinomycetota	Thermoleophilia	Solirubrobacterales	70-9	WHSW01	0.0009398496240601501
SRR10102394	Soil	Bacteria	Acidobacteriota	Vicinamibacteria	Vicinamibacterales	Vicinamibacteraceae	JBDSLU01	0.00231416237706012
SRR10070151	Sediment	Bacteria	Verrucomicrobiota	Verrucomicrobiia	Limisphaerales	SIBH01	JANNGC01	0.000427083675547817
SRR10070131	Riverwater	Bacteria	Pseudomonadota	Gammaproteobacteria	Enterobacterales	Enterobacteriaceae	Pectobacterium	0.00080713803527927
SRR10070151	Sediment	Bacteria	Chloroflexota	Anaerolineae	UBA4142	SHND01	SHND01	0.00022996813298728638
SRR10070151	Sediment	Bacteria	Planctomycetota	Phycisphaerae	Tepidisphaerales	Tepidisphaeraceae	DASYWJ01	0.000131410361707021
SRR10070150	Sediment	Bacteria	Desulfobacterota	Desulfuromonadia	Geobacterales	DSM-12255	Geomobilibacter	0.00063784755443449
SRR10070130	Riverwater	Bacteria	Pseudomonadota	Gammaproteobacteria	Pseudomonadales	Halieaceae	JARRPM01	0.000776338422662993
SRR10070141	Groundwater	Bacteria	Methylomirabilota	Methylomirabilia	Methylomirabilales	2-02-FULL-66-22	2-02-FULL-66-22	0.000987386142035496
SRR10070150	Sediment	Bacteria	Pseudomonadota	Gammaproteobacteria	Steroidobacterales	Rariloculaceae	FEN-1219	0.003682119973326375
SRR10070134	Riverwater	Bacteria	Bdellovibrionota	Bacteriovoracia	Bacteriovoracales	Bacteriovoracaceae	BSW11-IV	0.000343739641774188
SRR10102392	Soil	Bacteria	Actinomycetota	Actinomycetes	Actinomycetales	Dermatophilaceae	CAVRTM01	0.000197472353870458
SRR10102394	Soil	Bacteria	Myxococcota_A	Polyangia	Polyangiales	Polyangiaceae	PMG-095	0.001765290531218937
SRR10102394	Soil	Bacteria	Myxococcota_A	Polyangia	Polyangiales	Houyiibacteriaceae	Unclassified	0.000222515613178858
SRR10102393	Soil	Bacteria	Pseudomonadota	Gammaproteobacteria	Pseudomonadales	CAMLJR01	CAMLJR01	0.0001089680723548
SRR10070151	Sediment	Bacteria	Myxococcota_A	UBA9160	UBA9160	SMWR01	DASUFZ01	0.00139623509313709
SRR10102394	Soil	Bacteria	Acidobacteriota	Vicinamibacteria	Vicinamibacterales	SCN-69-37	Unclassified	0.002581181112874752
SRR10102394	Soil	Bacteria	Cyanobacteriota	Cyanobacteriia	FACHB-46	FACHB-46	Trichocoleus	0.0000741718710596194
SRR10102392	Soil	Bacteria	Bacillota	Clostridia	Peptostreptococcales	Peptostreptococcaceae	Unclassified	0.000151901810669583
SRR10070141	Groundwater	Bacteria	Cyanobacteriota	Cyanobacteriia	Cyanobacteriales	Xenococcaceae	LEGE-06147	0.001308286638197033
SRR10070131	Riverwater	Bacteria	Bdellovibrionota	Bacteriovoracia	Bacteriovoracales	Bacteriovoracaceae	Halobacteriovorax	0.000117401896040621
SRR10070150	Sediment	Bacteria	Desulfobacterota	Desulfobacteria	Desulfobacterales	Desulfatirhabdiaceae	RAAP-1	0.000217448029920849
SRR10070131	Riverwater	Bacteria	Myxococcota	Myxococcia	Myxococcales	Myxococcaceae	Archangium_A	0.000220128555076164
SRR10102394	Soil	Bacteria	Actinomycetota	Thermoleophilia	Solirubrobacterales	Thermoleophilaceae	JACVRW01	0.003070715461868238
SRR10102392	Soil	Bacteria	Pseudomonadota	Alphaproteobacteria	Geminicoccales	Geminicoccaceae	DATAOG01	0.000167091991736542
SRR10070150	Sediment	Bacteria	Desulfobacterota	Syntrophorhabdia	Syntrophorhabdales	Syntrophorhabdaceae	PNOF01	0.000362413383201415
SRR10102393	Soil	Bacteria	Actinomycetota	Actinomycetes	Mycobacteriales	Pseudonocardiaceae	Pseudonocardia	0.00020431513566525
SRR10070131	Riverwater	Bacteria	Patescibacteriota	Saccharimonadia	Saccharimonadales	SZUA-47	JAGONL01	0.002949722638020606
SRR10070132	Groundwater	Bacteria	Patescibacteriota	Saccharimonadia	Saccharimonadales	Saccharimonadaceae	UBA1547	0.000980726590482688
SRR10070150	Sediment	Bacteria	Pseudomonadota	Gammaproteobacteria	Burkholderiales	Burkholderiaceae_C	CAIKUF01	0.000449392595169754
SRR10070150	Sediment	Bacteria	Desulfobacterota	Binatia	DP-6	DP-6	CAVVBN01	0.000652344089762547
SRR10070150	Sediment	Bacteria	Bacteroidota	Bacteroidia	Chitinophagales	Chitinophagaceae	Pollutibacter	0.000565364877794207
SRR10102392	Soil	Bacteria	Pseudomonadota	Alphaproteobacteria	Rhizobiales	Aestuariivirgaceae	Aestuariivirga	0.000227852716004375
SRR10070130	Riverwater	Bacteria	Pseudomonadota	Gammaproteobacteria	Burkholderiales	Rhodocyclaceae	Sulfuritalea	0.001978901861689983
SRR10070133	Groundwater	Bacteria	Unclassified	Unclassified	Unclassified	Unclassified	Unclassified	0.03230412279136173
SRR10070149	Sediment	Bacteria	Myxococcota_A	Polyangia	Polyangiales	Polyangiaceae	Xiheicaenibacterium	0.000233746805460325
SRR10070133	Groundwater	Bacteria	Campylobacterota	Campylobacteria	Campylobacterales	Arcobacteraceae	Aliarcobacter	0.000118983877684574
SRR10070151	Sediment	Bacteria	Pseudomonadota	Gammaproteobacteria	Burkholderiales	Gallionellaceae	Gallionella	0.00047636256118795
SRR10070130	Riverwater	Bacteria	Actinomycetota	Acidimicrobiia	Acidimicrobiales	Ilumatobacteraceae	Sva-07	0.000319668762272997
SRR10070130	Riverwater	Bacteria	Pseudomonadota	Gammaproteobacteria	Chromatiales	Chromatiaceae	M0108	0.000365335728311997
SRR10070131	Riverwater	Bacteria	Pseudomonadota	Gammaproteobacteria	Pseudomonadales	Unclassified	Unclassified	0.000997916116345279
SRR10070149	Sediment	Bacteria	Acidobacteriota	Polarisedimenticolia	QHYA01	CAVVHA01	CAVVHA01	0.000233746805460325
SRR10070150	Sediment	Bacteria	Acidobacteriota	Vicinamibacteria	Vicinamibacterales	CAVVIG01	CAVREM01	0.000405902989185585
SRR10102394	Soil	Bacteria	Actinomycetota	Thermoleophilia	Gaiellales	Gaiellaceae	3-1-20CM-4-69-9	0.000548871845841183
SRR10102393	Soil	Bacteria	Myxococcota_A	Polyangia	Polyangiales	Polyangiaceae	JAICQQ01	0.0001089680723548
SRR10102394	Soil	Bacteria	Pseudomonadota	Gammaproteobacteria	Unclassified	Unclassified	Unclassified	0.0012460874338016052
SRR10070134	Riverwater	Bacteria	Patescibacteriota	Saccharimonadia	CAILAD01	BJGX01	JAHFOQ01	0.000171869820887094
SRR10102394	Soil	Bacteria	Bacteroidota	Bacteroidia	Chitinophagales	Chitinophagaceae	Flavitalea	0.000667546839536574
SRR10070151	Sediment	Bacteria	Pseudomonadota	Gammaproteobacteria	Burkholderiales	Burkholderiaceae_C	Piscinibacter	0.000574920332468215
SRR10102393	Soil	Bacteria	Pseudomonadota	Alphaproteobacteria	Micropepsales	Micropepsaceae	CAIYRG01	0.00074915549743925
SRR10070150	Sediment	Bacteria	Desulfobacterota	JAZDOA01	JAZDOA01	JAZDOA01	JAZDOA01	0.000246441100576962
SRR10070150	Sediment	Bacteria	Chloroflexota	Limnocylindria	Limnocylindrales	CSP1-4	UBA5189	0.000536371807138094
SRR10070149	Sediment	Bacteria	Actinomycetota	Acidimicrobiia	Acidimicrobiales	Ilumatobacteraceae	Ilumatobacter	0.000342828648008477
SRR10070151	Sediment	Bacteria	Actinomycetota	Actinomycetes	Propionibacteriales	Nocardioidaceae	Nocardioides_C	0.000197115542560531
SRR10070151	Sediment	Bacteria	Desulfobacterota	RBG-13-43-22	RBG-13-43-22	RBG-13-43-22	CAVQFQ01	0.000312099609054174
SRR10102393	Soil	Bacteria	Actinomycetota	Acidimicrobiia	IMCC26256	DASPTH01	CAVZKC01	0.0001362100904435
SRR10070149	Sediment	Bacteria	Acidobacteriota	Aminicenantia	Aminicenantales	Saccharicenantaceae	JALHVH01	0.001324565230941844
SRR10070151	Sediment	Bacteria	Desulfobacterota	Binatia	DP-6	DP-6	CAVVBN01	0.000821314760668879
SRR10070133	Groundwater	Bacteria	Patescibacteriota	Microgenomatia	Woykebacterales	RBG-16-39-9b	JBBDPM01	0.00148729847105717
SRR10102393	Soil	Bacteria	Acidobacteriota	Vicinamibacteria	Vicinamibacterales	SCN-69-37	Unclassified	0.00200228832951945
SRR10070150	Sediment	Bacteria	Acidobacteriota	Vicinamibacteria	Vicinamibacterales	UBA2999	DATCJA01	0.001232205502884811
SRR10070134	Riverwater	Bacteria	Desulfobacterota	Binatia	UBA1149	CAYXZP01	CAYXZP01	0.000147316989331795
SRR10070151	Sediment	Bacteria	Pseudomonadota	Gammaproteobacteria	Steroidobacterales	GCA-2729495	QUBU01	0.001314103617070206
SRR10070134	Riverwater	Bacteria	Actinomycetota	Actinomycetes	S36-B12	Unclassified	Unclassified	0.000135040573554145
SRR10070131	Riverwater	Bacteria	Acidobacteriota	Terriglobia	Versatilivoradales	Versatilivoraceae	VFZK01	0.0000587009480203105
SRR10102392	Soil	Bacteria	Pseudomonadota	Alphaproteobacteria	Rhizobiales	Labraceae	Labrys	0.000197472353870458
SRR10070133	Groundwater	Bacteria	Nitrospirota	Nitrospiria	Nitrospirales	Nitrospiraceae	Palsa-1315	0.000565173419001725
SRR10102394	Soil	Bacteria	Verrucomicrobiota	Verrucomicrobiia	Limisphaerales	DASXHY01	DASXHY01	0.00026701873581463
SRR10070134	Riverwater	Bacteria	Patescibacteriota	Minisyncoccia	Phycocordibacterales	PALSA-1337	CAIOGI01	0.00041739813644008496
SRR10070151	Sediment	Bacteria	Acidobacteriota	Vicinamibacteria	Vicinamibacterales	UBA2999	12-FULL-67-14b	0.001314103617070206
SRR10102392	Soil	Archaea	Thermoproteota	Nitrososphaeria	Nitrososphaerales	Nitrososphaeraceae	TH1177	0.0047697168550249105
SRR10102392	Soil	Bacteria	Acidobacteriota	Vicinamibacteria	Vicinamibacterales	SCN-69-37	DASUGC01	0.000774699234414874
SRR10102392	Soil	Bacteria	Actinomycetota	UBA4738	UBA4738	HRBIN12	AC-51	0.000486085794142666
SRR10070133	Groundwater	Bacteria	Pseudomonadota	Alphaproteobacteria	Caulobacterales	Caulobacteraceae	Brevundimonas	0.000803141174370873
SRR10070130	Riverwater	Bacteria	Acidobacteriota	Vicinamibacteria	Vicinamibacterales	CAVVIG01	CAVVIG01	0.000608892880519994
SRR10070130	Riverwater	Bacteria	Omnitrophota	Omnitrophia	Omnitrophales	Aquincolibacteriaceae	Unclassified	0.000289224118246997
SRR10102394	Soil	Bacteria	Pseudomonadota	Gammaproteobacteria	Burkholderiales	SG8-39	SCGC-AG-212-J23	0.00072688433638427
SRR10102393	Soil	Bacteria	Pseudomonadota	Alphaproteobacteria	Rhizobiales	Hyphomicrobiaceae	AWTP1-13	0.0005312193527296499
SRR10102394	Soil	Bacteria	Pseudomonadota	Gammaproteobacteria	Burkholderiales	SG8-41	PALSA-1004	0.00228449362863628
SRR10070150	Sediment	Bacteria	Desulfobacterota	Desulfuromonadia	Geobacterales	Pseudopelobacteraceae	Trichlorobacter	0.00126119857354092
SRR10070133	Groundwater	Bacteria	Myxococcota_A	UBA796	UBA796	SXON01	SXON01	0.000416443571896008
SRR10070131	Riverwater	Bacteria	Patescibacteriota	Minisyncoccia	Phycocordibacterales	Unclassified	Unclassified	0.000146752370050776
SRR10070134	Riverwater	Bacteria	Pseudomonadota	Gammaproteobacteria	Burkholderiales	Burkholderiaceae_C	Hydrogenophaga	0.01546828387983845
SRR10070134	Riverwater	Bacteria	Chloroflexota	Dehalococcoidia	Lucifugimonadales	UBA1123	VXRN01	0.00083479627288017
SRR10102392	Soil	Bacteria	Acidobacteriota	Vicinamibacteria	Vicinamibacterales	SCN-69-37	Unclassified	0.0026582816867177063
SRR10102392	Soil	Bacteria	Acidobacteriota	Vicinamibacteria	Vicinamibacterales	UBA2999	JACCSI01	0.000334183983473083
SRR10102394	Soil	Bacteria	Verrucomicrobiota	Verrucomicrobiia	Chthoniobacterales	Chthoniobacteraceae	SXWH01	0.001631781163311626
SRR10102392	Soil	Bacteria	Verrucomicrobiota	Verrucomicrobiia	Chthoniobacterales	UBA10450	CAVTTH01	0.000881030501883582
SRR10070149	Sediment	Bacteria	Bacillota	Bacilli	Paenibacillales	Paenibacillaceae	Paenibacillus_AQ	0.000327245527644456
SRR10070151	Sediment	Bacteria	Chloroflexota	Dehalococcoidia	DSTF01	JALHUB01	Unclassified	0.000312099609054174
SRR10070149	Sediment	Bacteria	Chloroflexota	Anaerolineae	Anaerolineales	UBA4823	DATCYX01	0.00018699744436826
SRR10070133	Groundwater	Bacteria	Nitrospirota	Nitrospiria	Nitrospirales	Nitrospiraceae	Nitrospira_D	0.000996489975608306
SRR10070134	Riverwater	Bacteria	Fusobacteriota	Fusobacteriia	Fusobacteriales	Fusobacteriaceae	Unclassified	0.0006752028677707249
SRR10070141	Groundwater	Bacteria	Patescibacteriota	Minisyncoccia	UBA6257	GWB1-50-10	JBBTQX01	0.00108612475623905
SRR10070150	Sediment	Bacteria	Acidobacteriota	Thermoanaerobaculia	Gp7-AA8	Gp7-AA8	QHVT01	0.000318923777217245
SRR10102394	Soil	Bacteria	Pseudomonadota	Gammaproteobacteria	Burkholderiales	Rhodocyclaceae	Azonexus	0.000163178116331163
SRR10070141	Groundwater	Bacteria	Pseudomonadota	Gammaproteobacteria	Legionellales	Legionellaceae	Tatlockia	0.000419639110365086
SRR10102394	Soil	Bacteria	Planctomycetota	Planctomycetia	Gemmatales	Gemmataceae	SIAJ01	0.000281853110026554
SRR10102392	Soil	Bacteria	Chloroflexota	Dehalococcoidia	UBA2979	UBA2979	RBC038	0.000106331267468708
SRR10070150	Sediment	Bacteria	Patescibacteriota	Saccharimonadia	UBA4664	UBA4664	Unclassified	0.000275434171233075
SRR10070141	Groundwater	Bacteria	Omnitrophota	Gorgyraeia	Gygaellales	UBA12090	UBA12090	0.0520352496852706
SRR10102392	Soil	Bacteria	Acidobacteriota	Terriglobia	Versatilivoradales	Versatilivoraceae	VFZK01	0.00130635557175842
SRR10070130	Riverwater	Bacteria	Myxococcota_A	Polyangia	Polyangiales	Polyangiaceae	Unclassified	0.000334891084285997
SRR10102393	Soil	Bacteria	Chloroflexota	Unclassified	Unclassified	Unclassified	Unclassified	0.00039500926228615
SRR10102394	Soil	Bacteria	Desulfobacterota	Desulfuromonadia	Desulfuromonadales	UBA2197	UBA2197	0.000756553084808117
SRR10070151	Sediment	Bacteria	Acidobacteriota	HRBIN11	JAKEFK01	JAKEFK01	Unclassified	0.000246394428200664
SRR10102393	Soil	Bacteria	Verrucomicrobiota	Verrucomicrobiia	Opitutales	Opitutaceae	Unclassified	0.0022883295194508
SRR10070133	Groundwater	Bacteria	Chloroflexota	Limnocylindria	Limnocylindrales	CSP1-4	SPCO01	0.000654411327265156
SRR10070131	Riverwater	Bacteria	Patescibacteriota	Minisyncoccia	Phycocordibacterales	DATDWN01	C7867-006	0.000396231399137096
SRR10070130	Riverwater	Bacteria	Bacteroidota	Bacteroidia	Cytophagales	Cyclobacteriaceae	ELB16-189	0.000274001796233998
SRR10070150	Sediment	Bacteria	Pseudomonadota	Alphaproteobacteria	Rhizobiales	Aestuariivirgaceae	DATAFF01	0.000159461888608623
SRR10102394	Soil	Bacteria	Actinomycetota	Thermoleophilia	Gaiellales	Gaiellaceae	JACCTU01	0.000771387459020041
SRR10070149	Sediment	Bacteria	Pseudomonadota	Gammaproteobacteria	Acidiferrobacterales	Unclassified	Unclassified	0.000701240416380976
SRR10070134	Riverwater	Bacteria	Myxococcota_A	Polyangia	Palsa-1104	JAEUJZ01	JAEUKA01	0.00114170666732141
SRR10070132	Groundwater	Bacteria	Margulisbacteria	WOR-1	O2-12-FULL-45-9	O2-12-FULL-45-9	Unclassified	0.000554323725055432
SRR10070134	Riverwater	Bacteria	Bdellovibrionota	Bdellovibrionia	Bdellovibrionales	UBA1609	JALHOQ01	0.000184146236664743
SRR10070149	Sediment	Bacteria	Bacillota	Clostridia	Acetivibrionales	Unclassified	Unclassified	0.00018699744436826
SRR10070131	Riverwater	Bacteria	Acidobacteriota	Thermoanaerobaculia	UBA5066	UBA5066	UBA5066	0.000366880925126941
SRR10070131	Riverwater	Bacteria	Pseudomonadota	Gammaproteobacteria	Burkholderiales	SG8-41	PALSA-1004	0.000102726659035543
SRR10070130	Riverwater	Bacteria	Pseudomonadota	Gammaproteobacteria	Unclassified	Unclassified	Unclassified	0.002846574216430979
SRR10070134	Riverwater	Bacteria	Pseudomonadota	Alphaproteobacteria	Sphingomonadales	Sphingomonadaceae	Aquisediminimonas	0.000184146236664743
SRR10070141	Groundwater	Bacteria	Pseudomonadota	Gammaproteobacteria	Burkholderiales	Burkholderiaceae_C	Pseudaquabacterium	0.00066648564587396
SRR10070132	Groundwater	Bacteria	Bdellovibrionota	Bdellovibrionia	Bdellovibrionales	Bdellovibrionaceae	21-14-0-10-47-8	0.000170561146170902
SRR10070150	Sediment	Bacteria	Actinomycetota	Actinomycetes	Mycobacteriales	Micromonosporaceae	Micromonospora	0.00063784755443449
SRR10070131	Riverwater	Bacteria	Verrucomicrobiota	Verrucomicrobiia	Verrucomicrobiales	V1-33	CAJBME01	0.000220128555076164
SRR10070130	Riverwater	Bacteria	Bacteroidota	Bacteroidia	Cytophagales	Spirosomataceae	Aquirufa	0.000532781270454995
SRR10070131	Riverwater	Bacteria	Bacteroidota	Bacteroidia	Chitinophagales	Chitinophagaceae	JJ008	0.000425581873147251
SRR10070130	Riverwater	Bacteria	Patescibacteriota	Gracilibacteria	BD1-5	UBA6164	UBA7396	0.000121778576103999
SRR10102392	Soil	Bacteria	Methylomirabilota	Methylomirabilia	Rokubacteriales	CSP1-6	CAWIZN01	0.00141268683922712
SRR10102392	Soil	Bacteria	Bacteroidota	Bacteroidia	Chitinophagales	Chitinophagaceae	VBAS01	0.00513428120063191
SRR10070151	Sediment	Bacteria	Desulfobacterota	Binatia	HRBIN30	Unclassified	Unclassified	0.000361378494694307
SRR10070132	Groundwater	Bacteria	Chloroflexota	Anaerolineae	Aggregatilineales	Unclassified	Unclassified	0.00260105747910626
SRR10070149	Sediment	Bacteria	Actinomycetota	Actinomycetes	Mycobacteriales	Micromonosporaceae	Unclassified	0.00028049616655239
SRR10070150	Sediment	Bacteria	Eisenbacteria	RBG-16-71-46	SZUA-252	SZUA-252	SZUA-252	0.000159461888608623
SRR10102392	Soil	Bacteria	Actinomycetota	Thermoleophilia	Solirubrobacterales	70-9	DASUPK01	0.00136711629602625
SRR10102393	Soil	Bacteria	Pseudomonadota	Alphaproteobacteria	Sphingomonadales	Sphingomonadaceae	Sphingomonas	0.0011850277868584499
SRR10070141	Groundwater	Bacteria	Patescibacteriota	Minisyncoccia	Phycocordibacterales	UBA5272	UBA11704	0.000617116338772185
SRR10070151	Sediment	Bacteria	Acidobacteriota	Thermoanaerobaculia	Multivoradales	JAGPDF01	JAGPDF01	0.000262820723414041
SRR10070131	Riverwater	Bacteria	Pseudomonadota	Gammaproteobacteria	Pseudomonadales	UBA7239	UBA7239	0.001555575122538228
SRR10102394	Soil	Bacteria	Bacillota	Clostridia	Clostridiales	Clostridiaceae	Clostridium_AD	0.00100873744641082
SRR10070130	Riverwater	Bacteria	Omnitrophota	Omnitrophia	Omnitrophales	Aquincolibacteriaceae	ZLKRG04	0.00133956433714399
SRR10102394	Soil	Bacteria	Methylomirabilota	Methylomirabilia	Rokubacteriales	DASRDR01	DASRDR01	0.000682381213748498
SRR10102394	Soil	Bacteria	Bacteroidota	Bacteroidia	Chitinophagales	Chitinophagaceae	Pollutibacter	0.000148343742119239
SRR10102393	Soil	Bacteria	Desulfobacterota	Binatia	UBA1149	CAYXZP01	CAYXZP01	0.0001089680723548
SRR10102392	Soil	Bacteria	Actinomycetota	Acidimicrobiia	Acidimicrobiales	Ilumatobacteraceae	Ilumatobacter	0.000303803621339166
SRR10070151	Sediment	Bacteria	Myxococcota_A	UBA9160	UBA9160	SMWR01	Unclassified	0.000443509970761195
SRR10070149	Sediment	Bacteria	Desulfobacterota	Desulfobacteria	Desulfobacterales	Desulfosalsimonadaceae	CAWGYD01	0.000747989777473041
SRR10070141	Groundwater	Bacteria	Planctomycetota	Phycisphaerae	UBA1845	UBA1845	Unclassified	0.000197477228407099
SRR10102394	Soil	Bacteria	Chloroflexota	Limnocylindria	QHBO01	QHBO01	CF-167	0.000133509367907315
SRR10102394	Soil	Bacteria	Pseudomonadota	Alphaproteobacteria	Rhizobiales	Rhizobiaceae	Mesorhizobium	0.00072688433638427
SRR10102394	Soil	Bacteria	Verrucomicrobiota	Verrucomicrobiia	Verrucomicrobiales	V1-33	CAIZWU01	0.0008603937042915839
SRR10070132	Groundwater	Bacteria	Pseudomonadota	Gammaproteobacteria	Unclassified	Unclassified	Unclassified	0.07879924953095681
SRR10070141	Groundwater	Bacteria	Campylobacterota	Campylobacteria	Campylobacterales	Arcobacteraceae	Aliarcobacter	0.001209548023993483
SRR10070133	Groundwater	Bacteria	Omnitrophota	Gorgyraeia	Aquiviventales	Aquiviventaceae	Aquivivens	0.000565173419001725
SRR10070134	Riverwater	Bacteria	Bacillota	Clostridia	Eubacteriales	Eubacteriaceae	Acetobacterium	0.000122764157776496
SRR10070131	Riverwater	Bacteria	Pseudomonadota	Gammaproteobacteria	Steroidobacterales	Steroidobacteraceae	13-2-20CM-66-19	0.00157025035954331
SRR10070151	Sediment	Bacteria	Pseudomonadota	Gammaproteobacteria	Xanthomonadales	SZUA-36	Unclassified	0.0000985577712802654
SRR10102392	Soil	Bacteria	Chloroflexota	Unclassified	Unclassified	Unclassified	Unclassified	0.000622797423745291
SRR10070150	Sediment	Bacteria	Chloroflexota	Dehalococcoidia	Tepidiformales	Tepidiformaceae	Amarobacter	0.0002029514945927926
SRR10070130	Riverwater	Bacteria	Pseudomonadota	Gammaproteobacteria	Burkholderiales	Methylophilaceae	Methylotenera_A	0.000608892880519994
SRR10102394	Soil	Bacteria	Acidobacteriota	Vicinamibacteria	Vicinamibacterales	JAENWD01	JAENWD01	0.000489534348993488
SRR10070151	Sediment	Bacteria	Pseudomonadota	Alphaproteobacteria	Geminicoccales	Geminicoccaceae	DASUGG01	0.000147836656920398
SRR10102393	Soil	Bacteria	Bacillota	Bacilli	Paenibacillales	NBRC-103111	Paenibacillus_AC	0.00014983109948785
SRR10070131	Riverwater	Bacteria	Verrucomicrobiota	Verrucomicrobiia	Opitutales	UBA953	Unclassified	0.000161427607055854
SRR10070150	Sediment	Bacteria	Zixibacteria	MSB-5A5	WJJR01	WJJR01	JACQFV01	0.002275956046504882
SRR10070149	Sediment	Bacteria	Pseudomonadota	Alphaproteobacteria	Rhizobiales	Afifellaceae	DASWJZ01	0.000483076731284672
SRR10070149	Sediment	Bacteria	Pseudomonadota	Unclassified	Unclassified	Unclassified	Unclassified	0.0018699744436826032
SRR10102394	Soil	Bacteria	Myxococcota	Myxococcia	Myxococcales	Anaeromyxobacteraceae	Anaeromyxobacter	0.00043019685214579196
SRR10070131	Riverwater	Bacteria	Desulfobacterota	Binatia	Bin18	Bin18	Bin18	0.0000733761850253882
SRR10102394	Soil	Bacteria	Desulfobacterota	Binatia	Bin18	Bin18	JABFSC01	0.000252184361602706
SRR10070151	Sediment	Bacteria	Desulfobacterota	Binatia	DP-6	DP-6	JAHCID01	0.000755609579815368
SRR10102394	Soil	Bacteria	Verrucomicrobiota	Verrucomicrobiia	Opitutales	Opitutaceae	ER46	0.000697215587960422
SRR10070150	Sediment	Archaea	Thermoproteota	Bathyarchaeia	Bathyarchaeales	Bathycorpusculaceae	Bathycorpusculum	0.00063784755443449
SRR10070151	Sediment	Bacteria	Desulfobacterota	BSN033	BSN033	UBA1163	CAVOIK01	0.001905450244751799
SRR10070134	Riverwater	Bacteria	Omnitrophota	Gorgyraeia	Unclassified	Unclassified	Unclassified	0.00115398308309906
SRR10070151	Sediment	Bacteria	Patescibacteriota	Saccharimonadia	UBA4664	UBA4664	Unclassified	0.000410657380334439
SRR10102392	Soil	Bacteria	Pseudomonadota	Gammaproteobacteria	Xanthomonadales	Xanthomonadaceae	Unclassified	0.0076254708956130755
SRR10102394	Soil	Bacteria	Actinomycetota	UBA4738	UBA4738	HRBIN12	JAOUEA01	0.00045986560056964
SRR10070131	Riverwater	Bacteria	Verrucomicrobiota	Verrucomicrobiia	Verrucomicrobiales	Akkermansiaceae	Luteolibacter	0.0010859675383757452
SRR10102393	Soil	Bacteria	Gemmatimonadota	Gemmatimonadetes	Gemmatimonadales	Gemmatimonadaceae	UBA4720	0.0033916312520431502
SRR10102393	Soil	Bacteria	Chloroflexota	Limnocylindria	QHBO01	QHBO01	DASSCW01	0.00036776724419745
SRR10102394	Soil	Bacteria	Acidobacteriota	Vicinamibacteria	Vicinamibacterales	CAVVIG01	CAVSWN01	0.00106807494325852
SRR10070130	Riverwater	Bacteria	Pseudomonadota	Gammaproteobacteria	Burkholderiales	Rhodocyclaceae	JADKHX01	0.000289224118246997
SRR10102394	Soil	Bacteria	Bacteroidota	Bacteroidia	Chitinophagales	Chitinophagaceae	Unclassified	0.006037590304253013
SRR10102392	Soil	Bacteria	Acidobacteriota	Vicinamibacteria	Vicinamibacterales	UBA2999	DASPWV01	0.000805079596548791
SRR10102394	Soil	Bacteria	Acidobacteriota	Terriglobia	Bryobacterales	Bryobacteraceae	DASQDN01	0.005266202845232974
SRR10070149	Sediment	Bacteria	Chloroflexota	Dehalococcoidia	UBA2979	UBA2979	RBC038	0.000249329925824347
SRR10102392	Soil	Bacteria	Acidobacteriota	Blastocatellia	Pyrinomonadales	Pyrinomonadaceae	UBA11740	0.00279499331632033
SRR10070149	Sediment	Bacteria	Pseudomonadota	Gammaproteobacteria	Pseudomonadales	Pseudomonadaceae	Aquipseudomonas	0.000389578009100542
SRR10070150	Sediment	Bacteria	Bacteroidota	Bacteroidia	Chitinophagales	Chitinophagaceae	Unclassified	0.000420399524513641
SRR10070149	Sediment	Bacteria	Pseudomonadota	Gammaproteobacteria	Steroidobacterales	Steroidobacteraceae	13-2-20CM-66-19	0.0018699744436826
SRR10070150	Sediment	Bacteria	Myxococcota_A	Polyangia	Polyangiales	Polyangiaceae	Unclassified	0.00023194456524890502
SRR10102392	Soil	Bacteria	Pseudomonadota	Gammaproteobacteria	Steroidobacterales	Steroidobacteraceae	13-2-20CM-66-19	0.000394944707740916
SRR10102394	Soil	Bacteria	Bacillota	Bacilli	Bacillales	Cytobacillaceae	Bacillus_BD	0.00808473394549851
SRR10070149	Sediment	Bacteria	Desulfobacterota	Binatia	UBA9968	UBA9968	DATACQ01	0.000716823536744998
SRR10070130	Riverwater	Bacteria	Pseudomonadota	Gammaproteobacteria	Steroidobacterales	GCA-2729495	SHZI01	0.001019895574870991
SRR10102394	Soil	Bacteria	Tectomicrobia	Entotheonellia	Entotheonellales	Entotheonellaceae	Entotheonella	0.000904896826927356
SRR10070134	Riverwater	Bacteria	Bdellovibrionota	Bdellovibrionia	Bdellovibrionales	Unclassified	Unclassified	0.001166259498876708
SRR10070132	Groundwater	Bacteria	Actinomycetota	Thermoleophilia	Gaiellales	Gaiellaceae	Unclassified	0.000255841719256353
SRR10070134	Riverwater	Bacteria	Pseudomonadota	Alphaproteobacteria	Geminicoccales	Geminicoccaceae	Benzoatithermus	0.0000736584946658973
SRR10070151	Sediment	Bacteria	Acidobacteriota	Thermoanaerobaculia	Gp7-AA8	Gp7-AA8	JBHEPS01	0.000870593646309011
SRR10070151	Sediment	Bacteria	Desulfobacterota	Desulfobulbia	Desulfobulbales	Desulfobulbaceae	Electronema	0.000312099609054174
SRR10070150	Sediment	Bacteria	Acidobacteriota	Thermoanaerobaculia	Thermoanaerobaculales	Thermoanaerobaculaceae	CAVRZJ01	0.000289930706561132
SRR10070130	Riverwater	Bacteria	Pseudomonadota	Gammaproteobacteria	Xanthomonadales	Xanthomonadaceae	Thermomonas	0.00182667864155998
SRR10070134	Riverwater	Bacteria	Pseudomonadota	Alphaproteobacteria	Sphingomonadales	Sphingomonadaceae	Sphingomonas	0.000196422652442393
SRR10070131	Riverwater	Bacteria	Patescibacteriota	Saccharimonadia	Saccharimonadales	Saccharimonadaceae	JAPUDQ01	0.002949722638020599
SRR10070150	Sediment	Bacteria	Planctomycetota	Planctomycetia	Pirellulales	Thermoguttaceae	CAWGAJ01	0.000130468817952509
SRR10070151	Sediment	Bacteria	Acidobacteriota	Vicinamibacteria	Vicinamibacterales	SCN-69-37	Unclassified	0.002266828739446106
SRR10070134	Riverwater	Bacteria	Pseudomonadota	Gammaproteobacteria	Xanthomonadales	Xanthomonadaceae	JALCLA01	0.000257804731330641
SRR10070131	Riverwater	Bacteria	Actinomycetota	Actinomycetes	Actinomycetales	Microbacteriaceae	Microbacterium	0.000337530451116786
SRR10070130	Riverwater	Bacteria	Pseudomonadota	Alphaproteobacteria	Caulobacterales	Caulobacteraceae	Phenylobacterium	0.000593670558506995
SRR10070151	Sediment	Bacteria	Krumholzibacteriota	Krumholzibacteriia	LZORAL124-64-63	LZORAL124-64-63	CAVSGO01	0.00114984066493643
SRR10070150	Sediment	Bacteria	Eisenbacteria	RBG-16-71-46	RBG-16-71-46	RBG-16-71-46	Unclassified	0.000985764402307848
SRR10102393	Soil	Bacteria	Planctomycetota	Phycisphaerae	WQYP01	WQYP01	DATKPA01	0.0004086302713305
SRR10070150	Sediment	Bacteria	Desulfobacterota	BSN033	BSN033	UBA1163	CAWEAV01	0.000202951494592792
SRR10102392	Soil	Bacteria	Pseudomonadota	Gammaproteobacteria	Burkholderiales	Burkholderiaceae_F	JACCZX01	0.002551950419249
SRR10070150	Sediment	Bacteria	Pseudomonadota	Gammaproteobacteria	Steroidobacterales	Unclassified	Unclassified	0.000217448029920849
SRR10070131	Riverwater	Bacteria	Chloroflexota	Anaerolineae	4572-78	J111	DSQQ01	0.0000733761850253882
SRR10070130	Riverwater	Bacteria	Babelota	Babeliae	Babelales	Unclassified	Unclassified	0.000959006286818991
SRR10070134	Riverwater	Bacteria	Bdellovibrionota	Bacteriovoracia	Bacteriovoracales	Bacteriovoracaceae	Halobacteriovorax	0.000257804731330641
SRR10070130	Riverwater	Bacteria	Bacteroidota	Bacteroidia	Sphingobacteriales	Sphingobacteriaceae	CAJBVG01	0.000213112508181998
SRR10070150	Sediment	Bacteria	Acidobacteriota	UBA6911	UBA6911	UBA6911	UBA6911	0.008176045925023922
SRR10070149	Sediment	Bacteria	Bacteroidota	Bacteroidia	Chitinophagales	Chitinophagaceae	Unclassified	0.00038957800910054195
SRR10102393	Soil	Bacteria	Acidobacteriota	Vicinamibacteria	Vicinamibacterales	CAVVIG01	CAVQFC01	0.00088536558788275
SRR10070132	Groundwater	Bacteria	Omnitrophota	Gorgyraeia	Unclassified	Unclassified	Unclassified	0.00106600716356814
SRR10102392	Soil	Bacteria	Actinomycetota	CADDZG01	CADDZG01	WHSQ01	CALMBW01	0.000151901810669583
SRR10070131	Riverwater	Bacteria	Pseudomonadota	Alphaproteobacteria	Rhizobiales	Kaistiaceae	Bauldia	0.000176102844060932
SRR10102392	Soil	Bacteria	Verrucomicrobiota	Verrucomicrobiia	Chthoniobacterales	Terrimicrobiaceae	DASTFP01	0.004997569571029291
SRR10070150	Sediment	Bacteria	Chloroflexota	Dehalococcoidia	DSTF01	JALHUB01	Unclassified	0.000420399524513641
SRR10070150	Sediment	Bacteria	Desulfobacterota	Binatia	UBA9968	UBA9968	DP-20	0.003102258560204111
SRR10070150	Sediment	Bacteria	Actinomycetota	Actinomycetes	Actinomycetales	Dermatophilaceae	Unclassified	0.000420399524513641
SRR10070149	Sediment	Bacteria	Chloroflexota	Anaerolineae	Anaerolineales	UBA4823	CAVPDG01	0.000420744249828586
SRR10070141	Groundwater	Bacteria	Patescibacteriota	Microgenomatia	Woykebacterales	RBG-16-39-9b	JBBDPM01	0.000987386142035496
SRR10070131	Riverwater	Bacteria	Desulfobacterota	BSN033	BSN033	UBA1163	UBA1163	0.000322855214111708
SRR10070130	Riverwater	Bacteria	Campylobacterota	Campylobacteria	Campylobacterales	Sulfurimonadaceae	Sulfuricurvum	0.000608892880519994
SRR10070134	Riverwater	Bacteria	Pseudomonadota	Alphaproteobacteria	Unclassified	Unclassified	Unclassified	0.000208699068220042
SRR10102392	Soil	Bacteria	Actinomycetota	Actinomycetes	Actinomycetales	Microbacteriaceae	Microbacterium	0.000486085794142666
SRR10102392	Soil	Bacteria	Actinomycetota	Acidimicrobiia	IMCC26256	PALSA-555	PALSA-555	0.000167091991736542
SRR10070130	Riverwater	Bacteria	Actinomycetota	Actinomycetes	S36-B12	GCA-2699445	CAIWTL01	0.000745893778636993
SRR10070150	Sediment	Bacteria	Methylomirabilota	Methylomirabilia	Rokubacteriales	CSP1-6	CAMLFJ01	0.003856078397263057
SRR10070131	Riverwater	Bacteria	Pseudomonadota	Gammaproteobacteria	Burkholderiales	Burkholderiaceae_C	Aquabacterium	0.0210002641542661
SRR10070150	Sediment	Bacteria	Chloroflexota	Anaerolineae	Aggregatilineales	UBA3940	Unclassified	0.00072482676640283
SRR10070149	Sediment	Bacteria	Pseudomonadota	Alphaproteobacteria	Rhizobiales	Methyloligellaceae	Methyloceanibacter	0.009022626690768568
SRR10070132	Groundwater	Bacteria	Elusimicrobiota	Elusimicrobia	UBA1565	UBA9628	DAIDHI01	0.000426402865427256
SRR10102394	Soil	Bacteria	Acidobacteriota	Vicinamibacteria	Vicinamibacterales	2-12-FULL-66-21	JACCXG01	0.00437614039251754
SRR10070149	Sediment	Bacteria	Pseudomonadota	Gammaproteobacteria	Pseudomonadales	Moraxellaceae	UBA2031	0.0000934987221841302
SRR10102392	Soil	Bacteria	Bacteroidota	Bacteroidia	Flavobacteriales	Flavobacteriaceae	Flavobacterium	0.0009417912261514159
SRR10070130	Riverwater	Bacteria	Patescibacteriota	Saccharimonadia	Saccharimonadales	Saccharimonadaceae	Saccharimonas	0.00200934650571598
SRR10070149	Sediment	Bacteria	Pseudomonadota	Gammaproteobacteria	Pseudomonadales	Azotimanducaceae	DATJGR01	0.00101290282366141
SRR10070151	Sediment	Bacteria	Acidobacteriota	Thermoanaerobaculia	Thermoanaerobaculales	Sulfomarinibacteraceae	Sulfomarinibacter	0.0019383028351785511
SRR10102393	Soil	Bacteria	Actinomycetota	Thermoleophilia	Solirubrobacterales	Solirubrobacteraceae	DASQFQ01	0.00077639751552795
SRR10070149	Sediment	Bacteria	Chloroflexota	Dehalococcoidia	Dehalococcoidales	UBA1222	SURF-27	0.000296079286916412
SRR10070141	Groundwater	Bacteria	Omnitrophota	Gorgyraeia	Aquiviventales	Aquiviventaceae	DASWKB01	0.000592431685221298
SRR10070150	Sediment	Bacteria	Chloroflexota	Limnocylindria	Limnocylindrales	CSP1-4	JAFMJV01	0.00124670203821287
SRR10102392	Soil	Bacteria	Actinomycetota	Acidimicrobiia	Acidimicrobiales	DATKAS01	DATKAS01	0.000303803621339166
SRR10070149	Sediment	Archaea	Thermoproteota	Nitrososphaeria	Nitrososphaerales	Nitrososphaeraceae	Nitrosocosmicus	0.0010752353051175
SRR10070131	Riverwater	Bacteria	Acidobacteriota	Polarisedimenticolia	JACPZX01	DASXTC01	DATEEA01	0.0000440257110152329
SRR10070130	Riverwater	Bacteria	Verrucomicrobiota	Verrucomicrobiia	Chthoniobacterales	Terrimicrobiaceae	DASTFP01	0.000167445542142998
SRR10070150	Sediment	Bacteria	Zhuqueibacterota	QNDG01	QNDG01	DTFT01	JAFGAX01	0.000144965353280566
SRR10102393	Soil	Bacteria	Bacteroidota	Bacteroidia	Cytophagales	Hymenobacteraceae	Adhaeribacter_A	0.00251988667320475
SRR10070149	Sediment	Bacteria	Pseudomonadota	Gammaproteobacteria	Pseudomonadales	Halieaceae	Marimicrobium	0.000794739138565106
SRR10102394	Soil	Bacteria	Chloroflexota	UBA6077	UBA6077	CF-72	CF-72	0.000326356232662325
SRR10070150	Sediment	Bacteria	Acidobacteriota	Polarisedimenticolia	Polarisedimenticolales	Unclassified	Unclassified	0.000463889130497811
SRR10070151	Sediment	Bacteria	Acidobacteriota	Blastocatellia	UBA7656	JADIYM01	JADIYM01	0.000295673313840796
SRR10070134	Riverwater	Bacteria	Cyanobacteriota	Cyanobacteriia	Cyanobacteriales	Microcoleaceae	Microcoleus	0.000306910394441239
SRR10070131	Riverwater	Bacteria	Bacteroidota	Bacteroidia	AKYH767-A	2013-40CM-41-45	JADKJP01	0.00030817997710663
SRR10070151	Sediment	Bacteria	Chloroflexota	Anaerolineae	Anaerolineales	UBA4823	CAVOSB01	0.00142908768356385
SRR10070150	Sediment	Bacteria	Bacteroidota	Bacteroidia	Cytophagales	Cyclobacteriaceae	Fulvivirga	0.000217448029920849
SRR10102392	Soil	Bacteria	Chloroflexota	Limnocylindria	Limnocylindrales	CSP1-4	CAIXZV01	0.000896220682950541
SRR10102393	Soil	Bacteria	Bacteroidota	Bacteroidia	Bacteroidales	VadinHA17	LD21	0.00009534706331045
SRR10102392	Soil	Bacteria	Pseudomonadota	Gammaproteobacteria	Xanthomonadales	Xanthomonadaceae	Arenimonas	0.005331753554502371
SRR10102394	Soil	Bacteria	Desulfobacterota	Binatia	HRBIN30	CADEER01	JAHBUY01	0.000207681238966934
SRR10070132	Groundwater	Bacteria	Pseudomonadota	Gammaproteobacteria	Burkholderiales	Burkholderiaceae_C	Polaromonas	0.047799761214395414
SRR10102393	Soil	Bacteria	Pseudomonadota	Gammaproteobacteria	Burkholderiales	Burkholderiaceae_D	Unclassified	0.0042769968399259
SRR10070150	Sediment	Archaea	Thermoproteota	Nitrososphaeria	Nitrososphaerales	Nitrososphaeraceae	Nitrosocosmicus	0.000797309443043113
SRR10070149	Sediment	Bacteria	Pseudomonadota	Alphaproteobacteria	Azospirillales	Azospirillaceae	Skermanella	0.000109081842548152
SRR10070133	Groundwater	Bacteria	Bacillota	Bacilli	Bacillales	Unclassified	Unclassified	0.00584508299125468
SRR10070151	Sediment	Bacteria	Chloroflexota	Anaerolineae	Anaerolineales	UBA4823	JAQBDA01	0.000197115542560531
SRR10102393	Soil	Bacteria	Acidobacteriota	Vicinamibacteria	Vicinamibacterales	JAENWD01	Unclassified	0.00461752206603465
SRR10070151	Sediment	Bacteria	Pseudomonadota	Gammaproteobacteria	Steroidobacterales	Steroidobacteraceae	RPQJ01	0.004008016032064136
SRR10070133	Groundwater	Bacteria	Bacteroidota	Bacteroidia	Cytophagales	Cyclobacteriaceae	Ohtaekwangia	0.000699030281396871
SRR10102394	Soil	Bacteria	Pseudomonadota	Alphaproteobacteria	Rhizobiales	Rhizobiaceae	Rhizobium_E	0.000296687484238477
SRR10070150	Sediment	Bacteria	Desulfobacterota	DSWW01	DSWW01	DSWW01	JBFLZG01	0.000623351019106433
SRR10070130	Riverwater	Bacteria	Pseudomonadota	Gammaproteobacteria	Pseudomonadales	Oceanobacteraceae	JACKOM01	0.000730671456623993
SRR10070134	Riverwater	Bacteria	Bacteroidota	Bacteroidia	B-17B0	Aurantibacillaceae	UBA4416	0.001620486882649742
SRR10102393	Soil	Bacteria	Acidobacteriota	Vicinamibacteria	Fen-336	Fen-336	Unclassified	0.0004358722894192
SRR10102393	Soil	Bacteria	Pseudomonadota	Alphaproteobacteria	Rhizobiales	Rhizobiaceae	Rhizobium_E	0.0004631143075079
SRR10070151	Sediment	Bacteria	Eisenbacteria	RBG-16-71-46	RBG-16-71-46	RBG-16-71-46	CAIXRL01	0.002595354643713657
SRR10070150	Sediment	Bacteria	Methylomirabilota	Methylomirabilia	Rokubacteriales	CSP1-6	CAVWWD01	0.000695833695746717
SRR10070130	Riverwater	Bacteria	Verrucomicrobiota	Verrucomicrobiia	Chthoniobacterales	UBA10450	Udaeobacter	0.000152223220129999
SRR10102394	Soil	Bacteria	Planctomycetota	Planctomycetia	Gemmatales	Gemmataceae	JAIEPT01	0.000252184361602706
SRR10102394	Soil	Bacteria	Pseudomonadota	Alphaproteobacteria	Rhizobiales	Hyphomicrobiaceae	AWTP1-13	0.00035602498108617305
SRR10102393	Soil	Bacteria	Acidobacteriota	HRBIN11	JAKEFK01	JAKEFK01	CAVZQN01	0.00047673531655224996
SRR10070149	Sediment	Bacteria	Eisenbacteria	RBG-16-71-46	RBG-16-71-46	RBG-16-71-46	CAIXRL01	0.0028672941469799927
SRR10070149	Sediment	Bacteria	Nitrospirota	Thermodesulfovibrionia	UBA6902	UBA6902	Unclassified	0.000218163685096304
SRR10070132	Groundwater	Bacteria	Patescibacteriota	Gracilibacteria	Peribacterales	Peribacteraceae	2-12-FULL-55-11	0.00140712945590994
SRR10070132	Groundwater	Archaea	Thermoproteota	Nitrososphaeria	Nitrososphaerales	Nitrosopumilaceae	Unclassified	0.00562851782363977
SRR10070134	Riverwater	Bacteria	Cyanobacteriota	Vampirovibrionia	Obscuribacterales	Obscuribacteraceae	Aved-18	0.000110487741998846
SRR10070151	Sediment	Bacteria	Zhuqueibacterota	QNDG01	QNDG01	DTFT01	JAFGAX01	0.000459936265974572
SRR10070141	Groundwater	Bacteria	Bacteroidota	Bacteroidia	Chitinophagales	Chitinophagaceae	Sediminibacterium	0.010416923798474491
SRR10070151	Sediment	Bacteria	Pseudomonadota	Alphaproteobacteria	Rhizobiales	Hyphomicrobiaceae	Hyphomicrobium_A	0.000197115542560531
SRR10070133	Groundwater	Bacteria	Gemmatimonadota	Gemmatimonadetes	Gemmatimonadales	Unclassified	Unclassified	0.000907252067344875
SRR10070132	Groundwater	Bacteria	Pseudomonadota	Alphaproteobacteria	Sphingomonadales	Sphingomonadaceae	Aquisediminimonas	0.000341122292341805
SRR10070133	Groundwater	Bacteria	Patescibacteriota	Minisyncoccia	UBA6257	Unclassified	Unclassified	0.002022725920637754
SRR10070151	Sediment	Bacteria	Planctomycetota	Phycisphaerae	UBA1845	UTPLA1	DATEMU01	0.000164262952133776
SRR10070131	Riverwater	Bacteria	Pseudomonadota	Gammaproteobacteria	Burkholderiales	Burkholderiaceae_D	Unclassified	0.002201285550761642
SRR10070150	Sediment	Bacteria	Acidobacteriota	Vicinamibacteria	Vicinamibacterales	2-12-FULL-66-21	DATBJJ01	0.002304949117161
SRR10070149	Sediment	Bacteria	Pseudomonadota	Gammaproteobacteria	Steroidobacterales	Steroidobacteraceae	Steroidobacter	0.000623324814560868
SRR10070151	Sediment	Bacteria	Bacteroidota	Ignavibacteria	Tepidaquicellales	OLB5	DASXTZ01	0.000509215151614705
SRR10070149	Sediment	Bacteria	Desulfobacterota	Desulfuromonadia	Geobacterales	DSM-12255	Geomobilibacter	0.000623324814560868
SRR10070150	Sediment	Bacteria	Zixibacteria	MSB-5A5	CAIYYT01	CAIYYT01	CAIYYT01	0.001696094633382621
SRR10070150	Sediment	Bacteria	Nitrospirota	Nitrospiria	Nitrospirales	Nitrospiraceae	Nitrospira_D	0.000405902989185585
SRR10070130	Riverwater	Bacteria	Bacteroidota	Bacteroidia	Cytophagales	Spirosomataceae	Unclassified	0.000350113406298997
SRR10070151	Sediment	Bacteria	Acidobacteriota	Blastocatellia	Pyrinomonadales	Pyrinomonadaceae	OLB17	0.002135418377739089
SRR10070150	Sediment	Bacteria	Actinomycetota	Acidimicrobiia	Spongiisociales	UBA11373	JAUYIV01	0.000521875271810037
SRR10102392	Soil	Bacteria	Actinomycetota	Thermoleophilia	Gaiellales	Gaiellaceae	JACCTU01	0.000789889415481833
SRR10070150	Sediment	Bacteria	Pseudomonadota	Alphaproteobacteria	CACIAM-22H2	CACIAM-22H2	Unclassified	0.000811805978371169
SRR10070131	Riverwater	Bacteria	Pseudomonadota	Alphaproteobacteria	WRAU01	Hepatincolaceae	Hepatincola	0.000205453318071087
SRR10070133	Groundwater	Bacteria	Gemmatimonadota	Gemmatimonadetes	Gemmatimonadales	GWC2-71-9	20CM-2-65-7	0.0015765363793206
SRR10070134	Riverwater	Bacteria	Planctomycetota	Planctomycetia	Isosphaerales	Isosphaeraceae	QWQI01	0.000233251899775342
SRR10070151	Sediment	Bacteria	Pseudomonadota	Gammaproteobacteria	Steroidobacterales	Woeseiaceae	Unclassified	0.00456651006931897
SRR10102394	Soil	Bacteria	Chloroflexota	Chloroflexia	Chloroflexales	Roseiflexaceae	Kouleothrix	0.0017356217827950938
SRR10070134	Riverwater	Bacteria	Pseudomonadota	Gammaproteobacteria	Burkholderiales	SG8-39	SCGC-AG-212-J23	0.000208699068220042
SRR10070150	Sediment	Bacteria	Chloroflexota	Anaerolineae	Aggregatilineales	Aggregatilineaceae	CAWKMN01	0.001246702038212867
SRR10070151	Sediment	Bacteria	Bacteroidota	Ignavibacteria	Ignavibacteriales	Ignavibacteriaceae	DATFVA01	0.000344952199480929
SRR10070131	Riverwater	Bacteria	Cyanobacteriota	Cyanobacteriia	Cyanobacteriales	Microcoleaceae	Microcoleus	0.000513633295177717
SRR10070149	Sediment	Bacteria	Pseudomonadota	Gammaproteobacteria	Legionellales	Legionellaceae	Unclassified	0.000685657296016954
SRR10070134	Riverwater	Bacteria	Acidobacteriota	Vicinamibacteria	Vicinamibacterales	JAKQTR01	JAKQTR01	0.000392845304884786
SRR10070134	Riverwater	Bacteria	Actinomycetota	Acidimicrobiia	Acidimicrobiales	Ilumatobacteraceae	Sva-07	0.000171869820887094
SRR10102392	Soil	Bacteria	Actinomycetota	Thermoleophilia	Solirubrobacterales	JACPNS01	JACPNS01	0.00027342325920525
SRR10070131	Riverwater	Bacteria	Patescibacteriota	Minisyncoccia	Phycocordibacterales	PALSA-1337	C7867-002	0.000176102844060932
SRR10070132	Groundwater	Archaea	Unclassified	Unclassified	Unclassified	Unclassified	Unclassified	0.000298482005799079
SRR10070150	Sediment	Bacteria	Pseudomonadota	Gammaproteobacteria	Burkholderiales	Casimicrobiaceae	CAIWHR01	0.009973616305702933
SRR10070134	Riverwater	Bacteria	Verrucomicrobiota	Verrucomicrobiia	Opitutales	Unclassified	Unclassified	0.000380568889107136
SRR10070130	Riverwater	Bacteria	Actinomycetota	Actinomycetes	Actinomycetales	Microbacteriaceae	Microbacterium	0.000654559846558994
SRR10102393	Soil	Bacteria	Acidobacteriota	Blastocatellia	UBA7656	Unclassified	Unclassified	0.0006265664160401
SRR10102394	Soil	Bacteria	Verrucomicrobiota	Verrucomicrobiia	Chthoniobacterales	Chthoniobacteraceae	Chthoniobacter	0.00111257806589429
SRR10102393	Soil	Bacteria	Bacteroidota	Bacteroidia	Cytophagales	Hymenobacteraceae	Adhaeribacter	0.00085812356979405
SRR10070134	Riverwater	Bacteria	Bacteroidota	Bacteroidia	Sphingobacteriales	Sphingobacteriaceae	CAJBVG01	0.000208699068220042
SRR10102394	Soil	Bacteria	Pseudomonadota	Gammaproteobacteria	Steroidobacterales	Unclassified	Unclassified	0.000296687484238477
SRR10070150	Sediment	Bacteria	Acidobacteriota	Vicinamibacteria	Fen-336	Fen-336	CAVXEA01	0.000913281725667565
SRR10070150	Sediment	Bacteria	Myxococcota_A	Polyangia	Haliangiales	Haliangiaceae	JABFXX01	0.000420399524513641
SRR10070131	Riverwater	Bacteria	Acidobacteriota	Thermoanaerobaculia	Gp7-AA8	Gp7-AA8	JACPDH01	0.000132077133045699
SRR10070149	Sediment	Bacteria	Nitrospirota	Thermodesulfovibrionia	Thermodesulfovibrionales	Unclassified	Unclassified	0.000498659851648694
SRR10070131	Riverwater	Bacteria	Acidobacteriota	Holophagae	Holophagales	Holophagaceae	JAYREN01	0.000205453318071087
SRR10070134	Riverwater	Bacteria	Campylobacterota	Campylobacteria	Campylobacterales	Sulfurospirillaceae	Sulfurospirillum	0.000196422652442393
SRR10102393	Soil	Bacteria	Acidobacteriota	Thermoanaerobaculia	Multivoradales	UBA5704	DATARR01	0.0002996621989757
SRR10070134	Riverwater	Bacteria	Pseudomonadota	Gammaproteobacteria	Burkholderiales	Burkholderiaceae_D	Undibacterium	0.00196422652442393
SRR10102393	Soil	Bacteria	Actinomycetota	Actinomycetes	Mycobacteriales	Micromonosporaceae	Hamadaea	0.0001906941266209
SRR10070132	Groundwater	Bacteria	Patescibacteriota	Saccharimonadia	Saccharimonadales	UBA4665	JARIHD01	0.00213201432713628
SRR10070150	Sediment	Bacteria	Pseudomonadota	Gammaproteobacteria	Burkholderiales	Casimicrobiaceae	VBCG01	0.0017685773100229048
SRR10070131	Riverwater	Bacteria	Bdellovibrionota	Bacteriovoracia	Bacteriovoracales	Bacteriovoracaceae	Peredibacter	0.000410906636142174
SRR10070134	Riverwater	Bacteria	Patescibacteriota	Saccharimonadia	CAILAD01	JADZBC01	CAYPSN01	0.00106804817265551
SRR10070149	Sediment	Bacteria	Acidobacteriota	Thermoanaerobaculia	UBA5066	UBA5066	Fen-183	0.000592158573832824
SRR10070130	Riverwater	Bacteria	Actinomycetota	Actinomycetes	S36-B12	CAIYMF01	Prado023	0.000319668762272997
SRR10102394	Soil	Bacteria	Desulfobacterota	Binatia	DP-6	DP-6	Unclassified	0.00019284686475501
SRR10070134	Riverwater	Bacteria	Pseudomonadota	Alphaproteobacteria	Caedimonadales	Caedimonadaceae	Caedimonas	0.000306910394441239
SRR10070149	Sediment	Bacteria	Desulfobacterota	Desulfobulbia	Desulfobulbales	Desulfobulbaceae	UBA10518	0.000685657296016954
SRR10102394	Soil	Bacteria	Pseudomonadota	Alphaproteobacteria	Geminicoccales	Geminicoccaceae	Benzoatithermus	0.000296687484238477
SRR10102394	Soil	Bacteria	Pseudomonadota	Alphaproteobacteria	Acetobacterales	Acetobacteraceae	Rhodopila	0.00026701873581463
SRR10102392	Soil	Bacteria	Bacillota	Bacilli	Bacillales	Bacillaceae_G	Bacillus_A	0.000607607242678333
SRR10070132	Groundwater	Bacteria	Pseudomonadota	Gammaproteobacteria	Burkholderiales	Rhodocyclaceae	Azonexus	0.014582977997612193
SRR10070151	Sediment	Bacteria	Bacteroidota	Ignavibacteria	Ignavibacteriales	Ignavibacteriaceae	Unclassified	0.002233976149019351
SRR10102394	Soil	Bacteria	Planctomycetota	Planctomycetia	Isosphaerales	Isosphaeraceae	Singulisphaera	0.000593374968476955
SRR10102392	Soil	Bacteria	Methylomirabilota	Methylomirabilia	Rokubacteriales	DASRDR01	DASRDR01	0.000486085794142666
SRR10070150	Sediment	Bacteria	Acidobacteriota	Vicinamibacteria	Vicinamibacterales	JAKQTR01	JAKQTR01	0.002536893682409903
SRR10070131	Riverwater	Bacteria	Actinomycetota	Actinomycetes	S36-B12	S36-B12	UBA10649	0.000161427607055854
SRR10070134	Riverwater	Bacteria	Elusimicrobiota	Elusimicrobia	FEN-1173	FEN-1173	Unclassified	0.000135040573554145
SRR10070130	Riverwater	Archaea	Nanobdellota	Nanobdellia	Woesearchaeales	SKIA01	JAYVHA01	0.000182667864155998
SRR10070131	Riverwater	Bacteria	Pseudomonadota	Gammaproteobacteria	Chromatiales	Chromatiaceae	M0108	0.000454932347157407
SRR10070151	Sediment	Bacteria	Krumholzibacteriota	Krumholzibacteriia	G020349025	G020349025	JANLSU01	0.001314103617070206
SRR10070131	Riverwater	Bacteria	Pseudomonadota	Gammaproteobacteria	Pseudomonadales	Oceanobacteraceae	JACKOM01	0.000924539931319891
SRR10070151	Sediment	Bacteria	Acidobacteriota	Vicinamibacteria	Vicinamibacterales	2-12-FULL-66-21	DATBJJ01	0.00156049804527087
SRR10070133	Groundwater	Bacteria	Desulfobacterota	Binatia	UBA9968	UBA9968	DP-36	0.001472425486346603
SRR10102393	Soil	Bacteria	Chloroflexota	Chloroflexia	Thermomicrobiales	UBA6265	JACCYX01	0.00023155715375395
SRR10102394	Soil	Bacteria	Actinomycetota	Acidimicrobiia	Acidimicrobiales	CADCSY01	CAWIVE01	0.000222515613178858
SRR10102394	Soil	Bacteria	Actinomycetota	Actinomycetes	Actinomycetales	Microbacteriaceae	Agromyces	0.00127575618222545
SRR10070131	Riverwater	Bacteria	Actinomycetota	Actinomycetes	S36-B12	Unclassified	Unclassified	0.000322855214111708
SRR10102393	Soil	Bacteria	Bacillota	Clostridia	Clostridiales	Clostridiaceae	Clostridium_AD	0.000817260542661
SRR10070131	Riverwater	Bacteria	UBA10199	UBA10199	DSSB01	DSSB01	DSSB01	0.0000733761850253882
SRR10102392	Soil	Bacteria	Pseudomonadota	Gammaproteobacteria	Burkholderiales	Casimicrobiaceae	CAIWHR01	0.004192489974480492
SRR10070150	Sediment	Bacteria	Pseudomonadota	Gammaproteobacteria	Burkholderiales	Thiobacillaceae	Thiobacillus	0.005987069090487374
SRR10070149	Sediment	Bacteria	Desulfobacterota	RBG-13-43-22	RBG-13-43-22	RBG-13-43-22	CAVQSS01	0.000810322258929128
SRR10102394	Soil	Bacteria	Actinomycetota	Thermoleophilia	Gaiellales	Gaiellaceae	Unclassified	0.005132693477325661
SRR10070141	Groundwater	Bacteria	Pseudomonadota	Gammaproteobacteria	Burkholderiales	SG8-39	RBG-16-66-20	0.002345042087334305
SRR10102393	Soil	Bacteria	Pseudomonadota	Alphaproteobacteria	Rhizobiales	Beijerinckiaceae	Unclassified	0.00042225128037485
SRR10070151	Sediment	Bacteria	Acidobacteriota	Aminicenantia	Aminicenantales	Saccharicenantaceae	JALHVH01	0.002381812805939749
SRR10102394	Soil	Bacteria	Pseudomonadota	Gammaproteobacteria	Burkholderiales	Burkholderiaceae_D	Noviherbaspirillum_A	0.000519203097417335
SRR10070149	Sediment	Bacteria	Desulfobacterota	GWC2-55-46	GWC2-55-46	GWC2-55-46	GWA2-54-12	0.000451910490556629
SRR10070150	Sediment	Bacteria	Acidobacteriota	Terriglobia	2-12-FULL-54-10	2-12-FULL-54-10	SHUM01	0.000550868342466151
SRR10070150	Sediment	Bacteria	Pseudomonadota	Alphaproteobacteria	Rhizobiales	Kaistiaceae	CAMCWB01	0.00063784755443449
SRR10070150	Sediment	Bacteria	Armatimonadota	UBA5829	UBA5829	UBA5829	DTKD01	0.000956771331651736
SRR10070130	Riverwater	Bacteria	Cyanobacteriota	Vampirovibrionia	Obscuribacterales	Obscuribacteraceae	Ga0077546	0.00412524926552296
SRR10070150	Sediment	Bacteria	Desulfobacterota	Desulfobacteria	Desulfobacterales	SURF-7	QZKS01	0.001130729755588414
SRR10102393	Soil	Bacteria	Eisenbacteria	RBG-16-71-46	SZUA-252	SZUA-252	DASQJL01	0.00014983109948785
SRR10070149	Sediment	Bacteria	Eisenbacteria	RBG-16-71-46	CAIMUX01	WJJG01	Unclassified	0.00018699744436826
SRR10070149	Sediment	Bacteria	Acidobacteriota	Blastocatellia	RBC074	RBC074	JAHBSF01	0.000576575453468803
SRR10070150	Sediment	Bacteria	Actinomycetota	Coriobacteriia	Anaerosomatales	PHET01	DASRYH01	0.000159461888608623
SRR10070151	Sediment	Bacteria	Pseudomonadota	Gammaproteobacteria	Steroidobacterales	Rariloculaceae	Rariloculus	0.000295673313840796
SRR10070151	Sediment	Bacteria	Pseudomonadota	Gammaproteobacteria	Burkholderiales	SG8-39	JAABQT01	0.006389828838003871
SRR10070132	Groundwater	Bacteria	Pseudomonadota	Gammaproteobacteria	Burkholderiales	Burkholderiaceae	Ralstonia	0.00469043151969981
SRR10070150	Sediment	Bacteria	Myxococcota_A	UBA9160	SZUA-336	SZUA-336	CAYVQJ01	0.000173958423936679
SRR10102394	Soil	Bacteria	Actinomycetota	Thermoleophilia	Gaiellales	Gaiellaceae	Gaiellasilicea	0.00209164676388127
SRR10070133	Groundwater	Bacteria	Actinomycetota	Actinomycetes	Mycobacteriales	Mycobacteriaceae	Rhodococcoides	0.000728776250818014
SRR10070130	Riverwater	Bacteria	Pseudomonadota	Alphaproteobacteria	Rhodobacterales	Rhodobacteraceae	Acidimangrovimonas	0.000608892880519994
SRR10070151	Sediment	Bacteria	Actinomycetota	Actinomycetes	Actinomycetales	Micrococcaceae	Arthrobacter	0.000213541837773908
SRR10102393	Soil	Bacteria	Myxococcota	Myxococcia	Myxococcales	Anaeromyxobacteraceae	Anaeromyxobacter	0.0004086302713305
SRR10102393	Soil	Bacteria	Acidobacteriota	Blastocatellia	UBA7656	JADIYM01	JADIYM01	0.0009807126511932
SRR10070130	Riverwater	Bacteria	Pseudomonadota	Gammaproteobacteria	Enterobacterales	Enterobacteriaceae	Pectobacterium	0.000791560744675993
SRR10102394	Soil	Bacteria	Bacteroidota	Bacteroidia	Chitinophagales	Chitinophagaceae	Flavisolibacter	0.005043687232054117
SRR10070131	Riverwater	Bacteria	Pseudomonadota	Alphaproteobacteria	Caedimonadales	Caedimonadaceae	Caedimonas	0.000161427607055854
SRR10070133	Groundwater	Archaea	Thermoproteota	Nitrososphaeria	Nitrososphaerales	Gagatemarchaeaceae	JACPTA01	0.000773395204949729
SRR10102392	Soil	Bacteria	Desulfobacterota	Binatia	UTPRO1	UTPRO1	Unclassified	0.00045570543200875
SRR10102393	Soil	Bacteria	Pseudomonadota	Gammaproteobacteria	Steroidobacterales	Steroidobacteraceae	DATBVX01	0.0005720823798627
SRR10070149	Sediment	Bacteria	Actinomycetota	Acidimicrobiia	Acidimicrobiales	Ilumatobacteraceae	Sva-07	0.0000467493610920651
SRR10070133	Groundwater	Bacteria	Bacteroidota	Bacteroidia	B-17B0	Aurantibacillaceae	UBA4416	0.000788268189660301
SRR10070134	Riverwater	Bacteria	Bacteroidota	Bacteroidia	B-17B0	Aurantibacillaceae	JAHEYG01	0.000159593405109444
SRR10070134	Riverwater	Bacteria	Bacteroidota	Bacteroidia	J057	JADKCL01	JADKCL01	0.000454227383773034
SRR10102393	Soil	Bacteria	Pseudomonadota	Alphaproteobacteria	Rhizobiales	Xanthobacteraceae	VAZQ01	0.00565271875340525
SRR10102394	Soil	Bacteria	Actinomycetota	Actinomycetes	Mycobacteriales	Micromonosporaceae	Dactylosporangium	0.000296687484238477
SRR10070134	Riverwater	Bacteria	Pseudomonadota	Gammaproteobacteria	Pseudomonadales	Oceanobacteraceae	JACKOM01	0.00114170666732141
SRR10070134	Riverwater	Bacteria	Pseudomonadota	Gammaproteobacteria	Burkholderiales	Burkholderiaceae_C	Simplicispira	0.003867070969959613
SRR10070151	Sediment	Bacteria	Chloroflexota	Anaerolineae	Anaerolineales	UBA4823	CAWBUW01	0.000772035875028746
SRR10070151	Sediment	Bacteria	Pseudomonadota	Gammaproteobacteria	Steroidobacterales	Steroidobacteraceae	Steroidobacter	0.000328525904267551
SRR10070149	Sediment	Bacteria	Verrucomicrobiota	Verrucomicrobiia	Limisphaerales	JADLHS01	JADLHS01	0.0028361279062519475
SRR10070133	Groundwater	Bacteria	Gemmatimonadota	Gemmatimonadetes	Gemmatimonadales	Gemmatimonadaceae	UBA4720	0.000267713724790291
SRR10070134	Riverwater	Bacteria	Actinomycetota	Acidimicrobiia	Acidimicrobiales	JABEUL01	JAJZNL01	0.010373571332113871
SRR10070150	Sediment	Bacteria	Actinomycetota	Actinomycetes	Propionibacteriales	Nocardioidaceae	Nocardioides_C	0.000333420312545302
SRR10102392	Soil	Bacteria	Patescibacteriota	Saccharimonadia	Saccharimonadales	Saccharimonadaceae	Unclassified	0.000288613440272208
SRR10102394	Soil	Bacteria	Pseudomonadota	Gammaproteobacteria	Burkholderiales	Casimicrobiaceae	VBCG01	0.006022755930041087
SRR10070131	Riverwater	Bacteria	Pseudomonadota	Gammaproteobacteria	Pseudomonadales	Moraxellaceae	UBA2031	0.000366880925126941
SRR10070130	Riverwater	Bacteria	Bdellovibrionota	UBA1018	UBA1018	UBA923	JBFWNQ01	0.000228334830194998
SRR10070141	Groundwater	Bacteria	Pseudomonadota	Alphaproteobacteria	Sphingomonadales	Sphingomonadaceae	Sphingorhabdus_B	0.015600701044160862
SRR10070149	Sediment	Bacteria	Desulfobacterota	Binatia	Bin18	Bin18	VGTJ01	0.00028049616655239
SRR10070151	Sediment	Bacteria	Chloroflexota	Dehalococcoidia	SM23-28-2	RBG-16-64-32	Unclassified	0.001527645454844114
SRR10070149	Sediment	Bacteria	Acidobacteriota	Thermoanaerobaculia	Multivoradales	Unclassified	Unclassified	0.00028049616655239
SRR10070151	Sediment	Bacteria	Chloroflexota	Anaerolineae	Anaerolineales	UBA4823	Unclassified	0.007079733236965731
SRR10070151	Sediment	Bacteria	Nitrospirota	Nitrospiria	Nitrospirales	Nitrospiraceae	Nitrospira_D	0.000377804789907684
SRR10070130	Riverwater	Bacteria	Patescibacteriota	Saccharimonadia	CAILAD01	JADZBC01	CAYPSN01	0.00121778576103999
SRR10070133	Groundwater	Bacteria	Nitrospirota	Nitrospiria	Nitrospirales	Nitrospiraceae	Unclassified	0.000550300434291154
SRR10102394	Soil	Bacteria	Verrucomicrobiota	Verrucomicrobiia	Chthoniobacterales	UBA10450	Udaeobacter	0.04861224429247455
SRR10070131	Riverwater	Bacteria	Unclassified	Unclassified	Unclassified	Unclassified	Unclassified	0.0453318071086848
SRR10102392	Soil	Bacteria	Patescibacteriota	Saccharimonadia	Saccharimonadales	UBA4665	JAXLZZ01	0.000774699234414874
SRR10070149	Sediment	Bacteria	Zixibacteria	MSB-5A5	WJJR01	WJJR01	JACQFV01	0.0012778158698497789
SRR10070149	Sediment	Bacteria	Chloroflexota	Dehalococcoidia	SM23-28-2	RBG-16-64-32	Unclassified	0.001433647073489996
SRR10070131	Riverwater	Bacteria	Patescibacteriota	Minisyncoccia	Phycocordibacterales	UBA5272	UBA11704	0.000939215168324969
SRR10102393	Soil	Bacteria	Verrucomicrobiota	Verrucomicrobiia	Chthoniobacterales	Unclassified	Unclassified	0.0001362100904435
SRR10070149	Sediment	Bacteria	Krumholzibacteriota	Krumholzibacteriia	WVZY01	WVZY01	CAWBQK01	0.000747989777473041
SRR10070151	Sediment	Bacteria	Zhuqueibacterota	Zhuqueibacteria	Zhuqueibacterales	Zhuqueibacteraceae	JBIOXB01	0.000262820723414041
SRR10070149	Sediment	Bacteria	Acidobacteriota	Aminicenantia	Aminicenantales	UBA8522	CAVSCD01	0.000420744249828586
SRR10070133	Groundwater	Bacteria	Campylobacterota	Campylobacteria	Campylobacterales	Sulfurimonadaceae	Sulfurimonas	0.000133856862395145
SRR10102392	Soil	Bacteria	Acidobacteriota	Vicinamibacteria	Vicinamibacterales	2-12-FULL-66-21	CAVSUB01	0.003827925628873503
SRR10102392	Soil	Bacteria	Actinomycetota	Actinomycetes	Mycobacteriales	Micromonosporaceae	Dactylosporangium	0.000410134888807875
SRR10070130	Riverwater	Bacteria	Pseudomonadota	Alphaproteobacteria	Unclassified	Unclassified	Unclassified	0.000274001796233998
SRR10070141	Groundwater	Archaea	Thermoproteota	Nitrososphaeria	Nitrososphaerales	Gagatemarchaeaceae	JACPTA01	0.0011848633704426
SRR10070150	Sediment	Bacteria	Desulfobacterota	Syntrophia	Syntrophales	Smithellaceae	Unclassified	0.000173958423936679
SRR10102392	Soil	Bacteria	Verrucomicrobiota	Verrucomicrobiia	Chthoniobacterales	Chthoniobacteraceae	Unclassified	0.005939360797180696
SRR10070149	Sediment	Bacteria	Nitrospirota	JACRHJ01	JACRHJ01	JACRHJ01	CAWJRJ01	0.00132456523094184
SRR10070132	Groundwater	Bacteria	Pseudomonadota	Alphaproteobacteria	Rhizobiales	Rhizobiaceae	Brucella	0.00319802149070442
SRR10070131	Riverwater	Bacteria	Planctomycetota	Planctomycetia	Pirellulales	PALSA-1355	PALSA-1355	0.000190778081066009
SRR10070131	Riverwater	Bacteria	Pseudomonadota	Gammaproteobacteria	Thiotrichales	Thiotrichaceae	Thiolinea	0.000205453318071087
SRR10070131	Riverwater	Bacteria	Myxococcota_A	Polyangia	Haliangiales	Haliangiaceae	UBA2376	0.000190778081066009
SRR10070151	Sediment	Bacteria	Eisenbacteria	RBG-16-71-46	RBG-16-71-46	RBG-16-71-46	MFD02242-c1	0.000788462170242124
SRR10070150	Sediment	Bacteria	Nitrospirota	UBA9217	UBA9217	UBA9217	Unclassified	0.001072743614276188
SRR10070149	Sediment	Bacteria	Planctomycetota	Planctomycetia	Pirellulales	Lacipirellulaceae	JABDGM01	0.000888237860749236
SRR10070134	Riverwater	Bacteria	Bacteroidota	Bacteroidia	Cytophagales	Spirosomataceae	Arcicella	0.004382680432620894
SRR10070130	Riverwater	Bacteria	Fusobacteriota	Fusobacteriia	Fusobacteriales	Fusobacteriaceae	Unclassified	0.000608892880519995
SRR10102394	Soil	Bacteria	Pseudomonadota	Alphaproteobacteria	Caulobacterales	Caulobacteraceae	Unclassified	0.000222515613178858
SRR10102394	Soil	Bacteria	Verrucomicrobiota	Verrucomicrobiia	Chthoniobacterales	Chthoniobacteraceae	DASZPK01	0.00111257806589429
SRR10070131	Riverwater	Bacteria	Myxococcota_A	Polyangia	Polyangiales	Houyiibacteriaceae	JADJJE01	0.000234803792081242
SRR10070130	Riverwater	Bacteria	Pseudomonadota	Gammaproteobacteria	Enterobacterales	Aeromonadaceae	Tolumonas	0.005449591280653955
SRR10102392	Soil	Bacteria	Actinomycetota	Acidimicrobiia	Acidimicrobiales	Acidimicrobilacustridaceae	JAFIEP01	0.0001822821728035
SRR10070131	Riverwater	Bacteria	Pseudomonadota	Gammaproteobacteria	Burkholderiales	Burkholderiaceae_C	JAGOEY01	0.00488685392269085
SRR10070150	Sediment	Bacteria	Gemmatimonadota	Gemmatimonadetes	Gemmatimonadales	GWC2-71-9	JAGGAG01	0.00131918471485315
SRR10102394	Soil	Bacteria	Acidobacteriota	Vicinamibacteria	Vicinamibacterales	2-12-FULL-66-21	CAVQAH01	0.000860393704291584
SRR10070134	Riverwater	Bacteria	Pseudomonadota	Gammaproteobacteria	Pseudomonadales	Pseudomonadaceae	Aquipseudomonas	0.012448285598536647
SRR10070149	Sediment	Bacteria	Krumholzibacteriota	Krumholzibacteriia	LZORAL124-64-63	LZORAL124-64-63	Unclassified	0.00028049616655239
SRR10070150	Sediment	Bacteria	Chloroflexota	Dehalococcoidia	Dehalococcoidales	UBA3254	UBA3254	0.0007683163723869991
SRR10070149	Sediment	Bacteria	Actinomycetota	Acidimicrobiia	Acidimicrobiales	VFJN01	VFJN01	0.000218163685096304
SRR10102393	Soil	Bacteria	Bacillota	Bacilli	Bacillales_A	Planococcaceae	Sporosarcina	0.00036776724419745
SRR10070133	Groundwater	Bacteria	Bacteroidota	Bacteroidia	Sphingobacteriales	Sphingobacteriaceae	Pedobacter	0.0000892379082634303
SRR10070131	Riverwater	Bacteria	Myxococcota	Myxococcia	Myxococcales	Anaeromyxobacteraceae	Anaeromyxobacter	0.000132077133045699
SRR10070130	Riverwater	Bacteria	Pseudomonadota	Alphaproteobacteria	Rickettsiales	UBA1997	CAMCFD01	0.000182667864155998
SRR10070149	Sediment	Bacteria	Myxococcota_A	Polyangia	Haliangiales	Haliangiaceae	JABFXX01	0.000888237860749236
SRR10102394	Soil	Bacteria	Desulfobacterota	Binatia	DP-6	DP-6	CAVVBN01	0.000148343742119239
SRR10070130	Riverwater	Bacteria	Bacteroidota	Bacteroidia	Bacteroidales	Unclassified	Unclassified	0.000395780372337996
SRR10070141	Groundwater	Bacteria	Pseudomonadota	Alphaproteobacteria	Caulobacterales	Caulobacteraceae	Caulobacter	0.000938016834933722
SRR10070150	Sediment	Bacteria	Desulfobacterota	Desulfobulbia	Desulfobulbales	VMSU01	VMSU01	0.001217708967556754
SRR10070132	Groundwater	Bacteria	Bacillota	Clostridia	Peptostreptococcales	Peptostreptococcaceae	Unclassified	0.000213201432713628
SRR10070130	Riverwater	Bacteria	Chloroflexota	Anaerolineae	Caldilineales	Caldilineaceae	Caldilinea	0.000182667864155998
SRR10070149	Sediment	Bacteria	Chloroflexota	Anaerolineae	CG2-30-64-16	CG2-30-64-16	JALOOB01	0.000716823536744998
SRR10102394	Soil	Bacteria	Patescibacteriota	Saccharimonadia	Saccharimonadales	Saccharimonadaceae	Unclassified	0.0000890062452715432
SRR10102394	Soil	Bacteria	Chloroflexota	Chloroflexia	Chloroflexales	Roseiflexaceae	Unclassified	0.000311521858450401
SRR10070130	Riverwater	Bacteria	Pseudomonadota	Gammaproteobacteria	Burkholderiales	SG8-39	JAGVSZ01	0.000197890186168998
SRR10070150	Sediment	Bacteria	Myxococcota_A	UBA9160	UBA9160	Unclassified	Unclassified	0.000710330231074773
SRR10102392	Soil	Bacteria	Acidobacteriota	UBA6911	UBA6911	UBA6911	CAWHCF01	0.000637987604812249
SRR10070151	Sediment	Bacteria	Zixibacteria	MSB-5A5	JAABVY01	JAHJOQ01	JAGVNY01	0.000246394428200664
SRR10102392	Soil	Bacteria	Acidobacteriota	Vicinamibacteria	Fen-336	Fen-336	DATBSL01	0.000379754526673958
SRR10070150	Sediment	Bacteria	Verrucomicrobiota	Verrucomicrobiia	Limisphaerales	JADLHS01	JADLHS01	0.003116755095532168
SRR10070150	Sediment	Bacteria	Acidobacteriota	HRBIN11	JAKEFK01	JAKEFK01	CAZDDB01	0.001087240149604245
SRR10070151	Sediment	Bacteria	Bacteroidota	Ignavibacteria	UBA10030	UBA6906	Fen-1255	0.000936298827162522
SRR10102393	Soil	Bacteria	Planctomycetota	Phycisphaerae	Tepidisphaerales	Tepidisphaeraceae	DASVUC01	0.00036776724419745
SRR10070134	Riverwater	Bacteria	Bacteroidota	Bacteroidia	B-17B0	Aurantibacillaceae	JADJDM01	0.000147316989331795
SRR10102394	Soil	Bacteria	Pseudomonadota	Alphaproteobacteria	Acetobacterales	Acetobacteraceae	Unclassified	0.000237349987390782
SRR10070133	Groundwater	Bacteria	Patescibacteriota	Microgenomatia	Woykebacterales	RBG-16-39-9b	CAZXPY01	0.00043131655660658
SRR10070141	Groundwater	Bacteria	Desulfobacterota	Binatia	JACPRU01	JACPRU01	CAVQIG01	0.00123423267754437
SRR10102394	Soil	Bacteria	Pseudomonadota	Alphaproteobacteria	Rhizobiales	Aestuariivirgaceae	CAWBJO01	0.000904896826927356
SRR10070141	Groundwater	Bacteria	Nitrospirota	Nitrospiria	Nitrospirales	NS-4	NS-12	0.0171805188714176
SRR10070151	Sediment	Bacteria	Myxococcota_A	Polyangia	Polyangiales	Polyangiaceae	FEN-1139	0.000755609579815368
SRR10070151	Sediment	Bacteria	Pseudomonadota	Alphaproteobacteria	Unclassified	Unclassified	Unclassified	0.002595354643713656
SRR10070131	Riverwater	Bacteria	Bacteroidota	Bacteroidia	Cytophagales	Spirosomataceae	Unclassified	0.000234803792081242
SRR10070134	Riverwater	Bacteria	Gemmatimonadota	Gemmatimonadetes	Gemmatimonadales	GWC2-71-9	Unclassified	0.0000491056631105982
SRR10070151	Sediment	Bacteria	Pseudomonadota	Gammaproteobacteria	Steroidobacterales	Steroidobacteraceae	ZC4RG30	0.0024639442820066377
SRR10070149	Sediment	Bacteria	Vulcanimicrobiota	JAMCWD01	JAMCWD01	JAMCWD01	JAMCWD01	0.0000779156018201085
SRR10070151	Sediment	Bacteria	Acidobacteriota	UBA6911	RPQK01	Unclassified	Unclassified	0.005667071848615261
SRR10102393	Soil	Bacteria	Bacteroidota	Bacteroidia	Chitinophagales	Chitinophagaceae	Pollutibacter	0.00020431513566525
SRR10070149	Sediment	Bacteria	Chloroflexota	Anaerolineae	Anaerolineales	E44-bin32	PFL42	0.000202580564732282
SRR10070151	Sediment	Bacteria	Verrucomicrobiota	Verrucomicrobiia	Limisphaerales	DASXHY01	DASXHY01	0.000131410361707021
SRR10070132	Groundwater	Bacteria	Omnitrophota	Gorgyraeia	Gygaellales	Profunditerraquicolaceae	Profunditerraquicola	0.00110864745011086
SRR10070134	Riverwater	Bacteria	Pseudomonadota	Alphaproteobacteria	Sphingomonadales	Sphingomonadaceae	Sphingopyxis	0.0002946339786635895
SRR10070149	Sediment	Bacteria	Krumholzibacteriota	Krumholzibacteriia	LZORAL124-64-63	LZORAL124-64-63	CAVSGO01	0.001262232749485757
SRR10070130	Riverwater	Bacteria	Acidobacteriota	Thermoanaerobaculia	Thermoanaerobaculales	Sulfomarinibacteraceae	FEB-10	0.0000456669660389996
SRR10070149	Sediment	Bacteria	Desulfobacterota	DSM-4660	Desulfatiglandales	Desulfatiglandaceae	CAWHLE01	0.000373994888736521
SRR10070130	Riverwater	Bacteria	Bdellovibrionota	Bdellovibrionia	Bdellovibrionales	Bdellovibrionaceae	Pseudobdellovibrio	0.001141674150974988
SRR10070130	Riverwater	Bacteria	Bacteroidota	Bacteroidia	B-17B0	Aurantibacillaceae	JADJDM01	0.000334891084285997
SRR10070134	Riverwater	Bacteria	Myxococcota	Myxococcia	Myxococcales	Myxococcaceae	Archangium_A	0.000135040573554145
SRR10070151	Sediment	Bacteria	Spirochaetota	Spirochaetia	Treponematales	Breznakiellaceae	Gracilinema	0.000213541837773908
SRR10102394	Soil	Bacteria	Verrucomicrobiota	Verrucomicrobiia	Chthoniobacterales	Terrimicrobiaceae	DASTFP01	0.006690302769577667
SRR10070131	Riverwater	Bacteria	Pseudomonadota	Gammaproteobacteria	UBA6186	Azoamicaceae	UBA6186	0.000631035191218338
SRR10102394	Soil	Bacteria	Pseudomonadota	Gammaproteobacteria	Steroidobacterales	Steroidobacteraceae	13-2-20CM-66-19	0.00186913115070241
SRR10102392	Soil	Bacteria	Pseudomonadota	Gammaproteobacteria	Burkholderiales	Burkholderiaceae_C	Schlegelella_A	0.00516466156276583
SRR10070131	Riverwater	Bacteria	Actinomycetota	UBA4738	UBA4738	HRBIN12	DASSJM01	0.000146752370050776
SRR10070134	Riverwater	Bacteria	Planctomycetota	Phycisphaerae	Sedimentisphaerales	Unclassified	Unclassified	0.0000245528315552991
SRR10102394	Soil	Bacteria	Pseudomonadota	Gammaproteobacteria	Xanthomonadales	Rhodanobacteraceae	Dokdonella_A	0.000637878091112726
SRR10070134	Riverwater	Bacteria	Omnitrophota	Omnitrophia	Omnitrophales	Aquincolibacteriaceae	Unclassified	0.000147316989331795
SRR10070149	Sediment	Bacteria	Zhuqueibacterota	QNDG01	QNDG01	DTFT01	JAFGAX01	0.000467493610920651
SRR10070151	Sediment	Bacteria	Pseudomonadota	Alphaproteobacteria	Rhizobiales	Hyphomicrobiaceae	AWTP1-13	0.000377804789907684
SRR10102392	Soil	Bacteria	Verrucomicrobiota	Verrucomicrobiia	Limisphaerales	JADLHS01	JADLHS01	0.000334183983473083
SRR10070150	Sediment	Bacteria	Desulfobacterota	BSN033	BSN033	UBA1163	Unclassified	0.003116755095532167
SRR10102393	Soil	Bacteria	Acidobacteriota	Terriglobia	Bryobacterales	Bryobacteraceae	Palsa-187	0.0007627765064836
SRR10070131	Riverwater	Bacteria	Bacteroidota	Bacteroidia	Cytophagales	Spirosomataceae	Aquirufa	0.000234803792081242
SRR10070151	Sediment	Bacteria	Pseudomonadota	Gammaproteobacteria	Burkholderiales	SHXO01	SHXO01	0.003630211242156448
SRR10070151	Sediment	Bacteria	Nitrospirota	Thermodesulfovibrionia	Thermodesulfovibrionales	SM23-35	CAVZMO01	0.000427083675547817
SRR10070151	Sediment	Bacteria	Planctomycetota	UBA1135	UBA1135	GCA-002686595	JADJQU01	0.000180689247347153
SRR10070141	Groundwater	Bacteria	Pseudomonadota	Gammaproteobacteria	Unclassified	Unclassified	Unclassified	0.013996198563353159
SRR10070151	Sediment	Bacteria	Zixibacteria	MSB-5A5	CAIYYT01	CAIYYT01	CAIYYT01	0.002677486119780546
SRR10070131	Riverwater	Bacteria	Patescibacteriota	Saccharimonadia	Saccharimonadales	SZUA-47	RFTN01	0.000631035191218338
SRR10070150	Sediment	Bacteria	Bacillota	Clostridia	Clostridiales	Clostridiaceae	Clostridium_J	0.000115972282624453
SRR10070151	Sediment	Bacteria	Pseudomonadota	Gammaproteobacteria	Burkholderiales	JAEUMW01	JAEUMW01	0.000394231085121062
SRR10070150	Sediment	Bacteria	Pseudomonadota	Gammaproteobacteria	Burkholderiales	SG8-39	VBDM01	0.000985764402307848
SRR10070149	Sediment	Unclassified	Unclassified	Unclassified	Unclassified	Unclassified	Unclassified	0.03718132518855576
SRR10102394	Soil	Bacteria	Chloroflexota	Chloroflexia	Unclassified	Unclassified	Unclassified	0.000296687484238477
SRR10102392	Soil	Bacteria	Patescibacteriota	Saccharimonadia	Saccharimonadales	UBA4665	DATLCF01	0.000789889415481833
SRR10102393	Soil	Bacteria	Verrucomicrobiota	Verrucomicrobiia	Limisphaerales	BJHT01	BJHT01	0.0001906941266209
SRR10070150	Sediment	Bacteria	Pseudomonadota	Alphaproteobacteria	Azospirillales	Azospirillaceae	Skermanella	0.000159461888608623
SRR10070149	Sediment	Bacteria	Planctomycetota	Planctomycetia	Pirellulales	Thermoguttaceae	CAWGAJ01	0.000264913046188369
SRR10070151	Sediment	Bacteria	Desulfobacterota	Binatia	UBA9968	UBA9968	DATACQ01	0.000558494037254838
SRR10070133	Groundwater	Bacteria	Planctomycetota	Planctomycetia	Planctomycetales	Planctomycetaceae	Planctellipticum	0.0000743649235528586
SRR10102393	Soil	Bacteria	Acidobacteriota	Vicinamibacteria	Vicinamibacterales	UBA2999	CAVVST01	0.0003541462351531
SRR10070130	Riverwater	Bacteria	Bdellovibrionota	Bacteriovoracia	Bacteriovoracales	Bacteriovoracaceae	Halobacteriovorax	0.000121778576103999
SRR10070151	Sediment	Bacteria	Nitrospirota	Thermodesulfovibrionia	Thermodesulfovibrionales	SM23-35	DYFC01	0.00100200400801603
SRR10070131	Riverwater	Bacteria	Pseudomonadota	Gammaproteobacteria	Steroidobacterales	Steroidobacteraceae	RPQJ01	0.001995832232690553
SRR10070150	Sediment	Bacteria	Acidobacteriota	Blastocatellia	UBA7656	JADIYM01	JADIYM01	0.000318923777217245
SRR10102393	Soil	Bacteria	Actinomycetota	Actinomycetes	Mycobacteriales	Micromonosporaceae	Dactylosporangium	0.00023155715375395
SRR10070149	Sediment	Bacteria	Desulfobacterota_D	UBA1144	Nemesobacterales	CSP1-2	DASWID01	0.000607741694196846
SRR10070149	Sediment	Bacteria	Chloroflexota	Anaerolineae	Anaerolineales	UBA11579	JAMCZK01	0.000296079286916412
SRR10070149	Sediment	Bacteria	Pseudomonadota	Gammaproteobacteria	Burkholderiales	Sulfuricellaceae	Sulfuricella	0.000451910490556629
SRR10070132	Groundwater	Bacteria	Elusimicrobiota	Elusimicrobia	UBA1565	UBA9628	GWA2-66-18	0.01228040252430496
SRR10070131	Riverwater	Bacteria	Bacteroidota	Bacteroidia	Bacteroidales	Unclassified	Unclassified	0.000381556162132018
SRR10102393	Soil	Bacteria	Verrucomicrobiota	Verrucomicrobiia	Opitutales	Opitutaceae	Opitutus	0.0003813882532418
SRR10102394	Soil	Bacteria	Actinomycetota	Thermoleophilia	Solirubrobacterales	70-9	WHSW01	0.001038406194834671
SRR10070149	Sediment	Bacteria	Methylomirabilota	Methylomirabilia	CAVQYV01	CAVQYV01	CAVQYV01	0.000483076731284672
SRR10070131	Riverwater	Bacteria	Pseudomonadota	Alphaproteobacteria	Micavibrionales	Micavibrionaceae	Unclassified	0.00108596753837574
SRR10070150	Sediment	Bacteria	Actinomycetota	UBA4738	UBA4738	HRBIN12	HRBIN12	0.000144965353280566
SRR10070131	Riverwater	Bacteria	Pseudomonadota	Alphaproteobacteria	Rickettsiales	CANDYO01	CANDYO01	0.000161427607055854
SRR10070151	Sediment	Bacteria	Actinomycetota	UBA4738	UBA4738	HRBIN12	HRBIN12	0.0000821314760668879
SRR10070149	Sediment	Bacteria	Zixibacteria	MSB-5A5	GN15	FEB-12	JAGGTI01	0.000841488499657171
SRR10070134	Riverwater	Bacteria	Pseudomonadota	Gammaproteobacteria	Steroidobacterales	GCA-2729495	SHZI01	0.000675202867770726
SRR10070151	Sediment	Bacteria	Chloroflexota	Dehalococcoidia	SM23-28-2	RBG-16-64-32	DATKKM01	0.001412661388350471
SRR10070134	Riverwater	Bacteria	Nitrospirota	Nitrospiria	Nitrospirales	Nitrospiraceae	Palsa-1315	0.000454227383773034
SRR10070141	Groundwater	Bacteria	Pseudomonadota	Gammaproteobacteria	Ga0077554	Ga007554	LNEJ01	0.0371504035940856
SRR10070151	Sediment	Bacteria	Acidobacteriota	Thermoanaerobaculia	Thermoanaerobaculales	Sulfomarinibacteraceae	FEB-10	0.003285259042675513
SRR10070149	Sediment	Bacteria	Actinomycetota	Actinomycetes	Actinomycetales	Kineosporiaceae	Unclassified	0.00560992333104781
SRR10070130	Riverwater	Bacteria	Bacteroidota	Bacteroidia	2-12-FULL-35-15	2-12-FULL-35-15	2-12-FULL-35-15	0.000669782168571994
SRR10070132	Groundwater	Bacteria	Pseudomonadota	Gammaproteobacteria	Acidiferrobacterales	Sulfurifustaceae	SCRL01	0.0071635681391779
SRR10102394	Soil	Bacteria	Actinomycetota	Thermoleophilia	Gaiellales	Gaiellaceae	Gaiella	0.0033970716945305613
SRR10070150	Sediment	Bacteria	Actinomycetota	Thermoleophilia	Gaiellales	Gaiellaceae	JAIBJN01	0.00063784755443449
SRR10070151	Sediment	Bacteria	Pseudomonadota	Alphaproteobacteria	CACIAM-22H2	CACIAM-22H2	Unclassified	0.000755609579815368
SRR10070149	Sediment	Bacteria	Chloroflexota	Anaerolineae	JAAYZQ01	JAAYZQ01	JAFGOG01	0.002742629184067819
SRR10070150	Sediment	Bacteria	Krumholzibacteriota	Krumholzibacteriia	LZORAL124-64-63	LZORAL124-64-63	JACZKN01	0.000347916847873358
SRR10070149	Sediment	Bacteria	Pseudomonadota	Gammaproteobacteria	Burkholderiales	Casimicrobiaceae	CAIWHR01	0.010129028236614103
SRR10102393	Soil	Bacteria	Actinomycetota	Thermoleophilia	Gaiellales	Gaiellaceae	JACDAN01	0.0015255530129672
SRR10102393	Soil	Bacteria	Actinomycetota	Thermoleophilia	Gaiellales	Gaiellaceae	Unclassified	0.004631143075078999
SRR10070151	Sediment	Bacteria	Myxococcota_A	Polyangia	Nannocystales	Nannocystaceae	Plesiocystis	0.000197115542560531
SRR10102394	Soil	Bacteria	Patescibacteriota	Saccharimonadia	Saccharimonadales	UBA4665	DATLCF01	0.000118674993695391
SRR10102393	Soil	Bacteria	Chloroflexota	Chloroflexia	Unclassified	Unclassified	Unclassified	0.0002451781627983
SRR10070151	Sediment	Bacteria	Desulfobacterota	DSM-4660	Desulfatiglandales	HGW-15	CAVPDE01	0.0076218009790071945
SRR10070130	Riverwater	Bacteria	Acidobacteriota	Holophagae	Holophagales	Holophagaceae	JAYREN01	0.000304446440259997
SRR10102394	Soil	Bacteria	Pseudomonadota	Gammaproteobacteria	Steroidobacterales	Steroidobacteraceae	SCUD01	0.000637878091112726
SRR10070150	Sediment	Bacteria	Desulfobacterota	Desulfobaccia	Desulfobaccales	0-14-0-80-60-11	JAPLJC01	0.002986286277579661
SRR10070150	Sediment	Bacteria	Acidobacteriota	Vicinamibacteria	Fen-336	Fen-336	DATBSL01	0.006885854280826875
SRR10070150	Sediment	Bacteria	Acidobacteriota	Vicinamibacteria	Vicinamibacterales	Fen-181	FEN-299	0.00272534864167464
SRR10070132	Groundwater	Bacteria	Acidobacteriota	Vicinamibacteria	Vicinamibacterales	CAVVIG01	CAVQFD01	0.00153505031553812
SRR10070151	Sediment	Bacteria	Myxococcota_A	Polyangia	Polyangiales	Polyangiaceae	CAWHDJ01	0.000147836656920398
SRR10070150	Sediment	Bacteria	Myxococcota_A	UBA9160	UBA9160	UBA6930	VGRF01	0.000507378736481981
SRR10070151	Sediment	Bacteria	Acidobacteriota	Terriglobia	2-12-FULL-54-10	2-12-FULL-54-10	SHUM01	0.000492788856401327
SRR10070151	Sediment	Bacteria	Desulfobacterota	WTBG01	CAIYCZ01	CAIYCZ01	JAPLIX01	0.000574920332468215
SRR10102392	Soil	Bacteria	Chloroflexota	UBA6077	UBA6077	JACCZL01	JADZEM01	0.002005103900838499
SRR10070134	Riverwater	Bacteria	Pseudomonadota	Alphaproteobacteria	Caulobacterales	Caulobacteraceae	Phenylobacterium	0.00028235756288594
SRR10070149	Sediment	Bacteria	Pseudomonadota	Gammaproteobacteria	Burkholderiales	SG8-41	SG8-41	0.01274699245776974
SRR10102392	Soil	Bacteria	Acidobacteriota	Thermoanaerobaculia	Gp7-AA8	Gp7-AA8	QHVT01	0.000243042897071333
SRR10102393	Soil	Bacteria	Pseudomonadota	Alphaproteobacteria	Rhizobiales	Beijerinckiaceae	Alsobacter	0.0007355344883949
SRR10070131	Riverwater	Bacteria	Patescibacteriota	Saccharimonadia	Saccharimonadales	UBA7683	JACKGS01	0.008159431774823166
SRR10070150	Sediment	Bacteria	Krumholzibacteriota	Krumholzibacteriia	WVZY01	JAKEHA01	JAKEHA01	0.0021599837638804327
SRR10070130	Riverwater	Bacteria	Planctomycetota	UBA11346	UBA11346	UBA11346	BOG-1363	0.000228334830194998
SRR10070150	Sediment	Bacteria	Krumholzibacteriota	Krumholzibacteriia	G020349025	G020349025	JANLSU01	0.001159722826244527
SRR10102393	Soil	Bacteria	Chloroflexota	Limnocylindria	Limnocylindrales	CSP1-4	SPCO01	0.0082815734989648
SRR10070130	Riverwater	Bacteria	Bacillota	Clostridia	Lachnospirales	Lachnospiraceae	Blautia_A	0.000578448236493995
SRR10070149	Sediment	Bacteria	Acidobacteriota	Thermoanaerobaculia	Multivoradales	JAGPDF01	JAGPDF01	0.000514242972012716
SRR10070150	Sediment	Bacteria	Orphanbacterota	Orphanbacteria	Orphanbacterales	Orphanbacteraceae	VGIW01	0.000913281725667565
SRR10102394	Soil	Bacteria	Verrucomicrobiota	Verrucomicrobiia	Limisphaerales	BJHT01	BJHT01	0.00019284686475501
SRR10102394	Soil	Bacteria	Acidobacteriota	Terriglobia	Bryobacterales	Bryobacteraceae	Solibacter	0.000178012490543086
SRR10102392	Soil	Bacteria	Bacillota	Clostridia	Clostridiales	Clostridiaceae	Clostridium	0.000425325069874833
SRR10102394	Soil	Bacteria	Verrucomicrobiota	Verrucomicrobiia	Chthoniobacterales	UBA10450	Unclassified	0.005844743439498013
SRR10070131	Riverwater	Bacteria	Bacteroidota	Ignavibacteria	Kapaibacteriales	UBA961	JADJXV01	0.00136479704147222
SRR10070130	Riverwater	Bacteria	Pseudomonadota	Alphaproteobacteria	Sphingomonadales	Sphingomonadaceae	Sphingomonas	0.000182667864155998
SRR10070131	Riverwater	Bacteria	Pseudomonadota	Gammaproteobacteria	Burkholderiales	Burkholderiaceae_E	Quisquiliibacterium	0.000587009480203105
SRR10102392	Soil	Bacteria	Planctomycetota	Planctomycetia	Planctomycetales	Planctomycetaceae	Caulifigura	0.000243042897071333
SRR10102392	Soil	Bacteria	Actinomycetota	Actinomycetes	Actinomycetales	Micrococcaceae	Arthrobacter	0.00969133552071941
SRR10070150	Sediment	Bacteria	Desulfobacterota	Binatia	Bin18	Bin18	VGTJ01	0.000130468817952509
SRR10102393	Soil	Bacteria	Acidobacteriota	Thermoanaerobaculia	Gp7-AA8	Gp7-AA8	JADGNZ01	0.00031328320802005
SRR10070134	Riverwater	Bacteria	Patescibacteriota	Saccharimonadia	Saccharimonadales	Unclassified	Unclassified	0.001473169893317943
SRR10070133	Groundwater	Bacteria	Chloroflexota	Dehalococcoidia	Lucifugimonadales	Lucifugimonadaceae	VGZT01	0.000356951633053721
SRR10070133	Groundwater	Bacteria	Pseudomonadota	Gammaproteobacteria	Burkholderiales	Burkholderiaceae_C	Polaromonas	0.07652150633589148
SRR10070134	Riverwater	Archaea	Nanobdellota	Nanobdellia	Woesearchaeales	SKIA01	JAYVHA01	0.000147316989331795
SRR10070149	Sediment	Bacteria	Myxococcota_A	Polyangia	Haliangiales	Haliangiaceae	DATFRY01	0.000311662407280434
SRR10070150	Sediment	Bacteria	Acidobacteriota	Holophagae	Holophagales	Holophagaceae	Mesoterricola	0.000231944565248906
SRR10070151	Sediment	Bacteria	Chloroflexota	Dehalococcoidia	Lucifugimonadales	Unclassified	Unclassified	0.000114984066493643
SRR10070150	Sediment	Bacteria	Desulfobacterota	BSN033	BSN033	UBA1163	CAVOIK01	0.001812066916007075
SRR10102392	Soil	Archaea	Thermoproteota	Nitrososphaeria	Nitrososphaerales	Nitrososphaeraceae	Nitrososphaera	0.00244561915178029
SRR10070134	Riverwater	Bacteria	Pseudomonadota	Gammaproteobacteria	Burkholderiales	Burkholderiaceae_F	JALORV01	0.000245528315552991
SRR10070151	Sediment	Bacteria	Desulfobacterota	Desulfobacteria	Desulfobacterales	Unclassified	Unclassified	0.000443509970761195
SRR10070141	Groundwater	Bacteria	Pseudomonadota	Alphaproteobacteria	Sphingomonadales	Sphingomonadaceae	Alteraurantiacibacter	0.00177729505566389
SRR10102393	Soil	Bacteria	Planctomycetota	Phycisphaerae	Tepidisphaerales	Tepidisphaeraceae	Unclassified	0.0020159093385638
SRR10070150	Sediment	Bacteria	Desulfobacterota	RBG-13-43-22	RBG-13-43-22	RBG-13-43-22	CAVQSS01	0.000753819837058943
SRR10102392	Soil	Bacteria	Pseudomonadota	Alphaproteobacteria	Sphingomonadales	Sphingomonadaceae	Sphingomonas	0.001989913719771544
SRR10070149	Sediment	Bacteria	Pseudomonadota	Alphaproteobacteria	Rhizobiales	Beijerinckiaceae	Methylocystis	0.00018699744436826
SRR10070130	Riverwater	Bacteria	Campylobacterota	Campylobacteria	Campylobacterales	Sulfurimonadaceae	Sulfurimonas	0.0011264518289619899
SRR10070132	Groundwater	Bacteria	Patescibacteriota	Minisyncoccia	Phycocordibacterales	UBA5272	UBA11704	0.000980726590482688
SRR10102394	Soil	Bacteria	Actinomycetota	Thermoleophilia	Solirubrobacterales	70-9	VAYN01	0.00188396552491433
SRR10070151	Sediment	Bacteria	Chloroflexota	Limnocylindria	QHBO01	QHBO01	DASTEQ01	0.001166266960149808
SRR10102394	Soil	Bacteria	Verrucomicrobiota	Verrucomicrobiia	Limisphaerales	SIBH01	JANNGC01	0.001053240569046595
SRR10070134	Riverwater	Bacteria	Nitrospirota	JACRHJ01	JACRHJ01	JACRHJ01	CAWJRJ01	0.0000245528315552991
SRR10070132	Groundwater	Bacteria	Pseudomonadota	Alphaproteobacteria	Rickettsiales	UBA1997	UBA2645	0.00174825174825175
SRR10070151	Sediment	Bacteria	Pseudomonadota	Gammaproteobacteria	Pseudomonadales	Pseudomonadaceae	Aquipseudomonas	0.000312099609054174
SRR10102392	Soil	Bacteria	Pseudomonadota	Gammaproteobacteria	Burkholderiales	SG8-41	PALSA-1004	0.00229371734111071
SRR10070132	Groundwater	Bacteria	Patescibacteriota	Gracilibacteria	UM-FILTER-43-11	UM-FILTER-43-11	JAZDOH01	0.000852805730854511
SRR10070151	Sediment	Bacteria	Krumholzibacteriota	Krumholzibacteriia	WVZY01	WVZY01	CAWBQK01	0.00128125102664345
SRR10102392	Soil	Bacteria	Actinomycetota	Actinomycetes	JACCUZ01	JACCUZ01	Unclassified	0.000759509053347916
SRR10070131	Riverwater	Bacteria	Pseudomonadota	Alphaproteobacteria	Reyranellales	Reyranellaceae	Reyranella	0.000102726659035543
SRR10070149	Sediment	Bacteria	Acidobacteriota	Terriglobia	Bryobacterales	Bryobacteraceae	Unclassified	0.0012933989902138001
SRR10070151	Sediment	Bacteria	Pseudomonadota	Gammaproteobacteria	Pseudomonadales	Azotimanducaceae	DATJGR01	0.000936298827162522
SRR10070131	Riverwater	Bacteria	Pseudomonadota	Gammaproteobacteria	Burkholderiales	Neisseriaceae	Vitreoscilla	0.000425581873147251
SRR10102392	Soil	Bacteria	Actinomycetota	Acidimicrobiia	Acidimicrobiales	Acidimicrobilacustridaceae	UBA4742	0.000288613440272208
SRR10070151	Sediment	Bacteria	Methylomirabilota	Methylomirabilia	CAVQYV01	CAVQYV01	CAVQYV01	0.000936298827162522
SRR10102393	Soil	Bacteria	Acidobacteriota	Vicinamibacteria	Vicinamibacterales	UBA2999	DASPWV01	0.00077639751552795
SRR10102393	Soil	Bacteria	Actinomycetota	Actinomycetes	Actinomycetales	Microbacteriaceae	Microbacterium	0.00042225128037485
SRR10070130	Riverwater	Bacteria	Bdellovibrionota	UBA2394	UBA2394	UBA2394	Unclassified	0.000137000898116999
SRR10102394	Soil	Bacteria	Pseudomonadota	Gammaproteobacteria	Burkholderiales	Burkholderiaceae_D	Telluria	0.00404978415985522
SRR10070151	Sediment	Bacteria	Eisenbacteria	RBG-16-71-46	JABDJR01	JABDJR01	CAVSKL01	0.002628207234140408
SRR10070149	Sediment	Archaea	Thermoproteota	Bathyarchaeia	TCS64	TCS64	RBG-16-57-9	0.000498659851648694
SRR10070134	Riverwater	Bacteria	Patescibacteriota	Saccharimonadia	Saccharimonadales	HK-STAS-PATE-42	DAISWL01	0.00082251985710252
SRR10102394	Soil	Bacteria	Verrucomicrobiota	Verrucomicrobiia	Chthoniobacterales	UBA10450	JAICXG01	0.0022548248802124267
SRR10070130	Riverwater	Bacteria	Pseudomonadota	Gammaproteobacteria	Pseudomonadales	Pseudomonadaceae	Unclassified	0.000243557152207998
SRR10070150	Sediment	Bacteria	Methylomirabilota	Methylomirabilia	Rokubacteriales	CSP1-6	CAVWFS01	0.000478385665825868
SRR10070131	Riverwater	Bacteria	Bacillota	Clostridia	Clostridiales	Clostridiaceae	Clostridium	0.001218044671421443
SRR10070151	Sediment	Bacteria	Acidobacteriota	UBA6911	RPQK01	JADFOI01	JALLOL01	0.00105128289365616
SRR10070130	Riverwater	Bacteria	Actinomycetota	Actinomycetes	S36-B12	S36-B12	UBA10649	0.000365335728311997
SRR10102392	Soil	Bacteria	Actinomycetota	Actinomycetes	Propionibacteriales	Nocardioidaceae	Nocardioides_B	0.00115445376108883
SRR10070149	Sediment	Bacteria	Myxococcota_A	UBA9160	SZUA-336	SZUA-336	JAGWBS01	0.000202580564732282
SRR10070150	Sediment	Bacteria	Planctomycetota	UBA1135	UBA1135	GCA-002686595	JADJQU01	0.000159461888608623
SRR10070150	Sediment	Bacteria	Oederibacteriota	JAAXVQ01	JAAXVQ01	JAAXVQ01	JAAXVQ01	0.000289930706561132
SRR10070134	Riverwater	Bacteria	Pseudomonadota	Gammaproteobacteria	Pseudomonadales	Azotimanducaceae	DATJGR01	0.000110487741998846
SRR10070149	Sediment	Bacteria	Pseudomonadota	Gammaproteobacteria	Burkholderiales	Burkholderiaceae_C	CAIKUF01	0.000701240416380976
SRR10102392	Soil	Bacteria	Myxococcota_A	Polyangia	Polyangiales	Polyangiaceae	JAICQQ01	0.000121521448535667
SRR10102393	Soil	Bacteria	Bacteroidota	Bacteroidia	Cytophagales	Cyclobacteriaceae	Chryseolinea	0.0013893429225237
SRR10102393	Soil	Bacteria	Gemmatimonadota	Gemmatimonadetes	JACCXV01	JAHWKZ01	CAMYLR01	0.0002996621989757
SRR10070132	Groundwater	Bacteria	Omnitrophota	Gorgyraeia	Aquiviventales	Aquiviventaceae	DASWKB01	0.00076752515776906
SRR10070149	Sediment	Bacteria	Methylomirabilota	Methylomirabilia	Rokubacteriales	DASRDR01	DASRDR01	0.0029452097488001
SRR10070149	Sediment	Bacteria	Armatimonadota	UBA5829	UBA5829	UBA5829	DTKD01	0.000654491055288911
SRR10070134	Riverwater	Bacteria	Desulfobacterota	Desulfomonilia	Desulfomonilales	Desulfomonilaceae	CAWBBA01	0.000110487741998846
SRR10102392	Soil	Bacteria	Acidobacteriota	Terriglobia	Versatilivoradales	Versatilivoraceae	CAVVYL01	0.00027342325920525
SRR10070151	Sediment	Bacteria	Verrucomicrobiota	Verrucomicrobiia	Opitutales	Opitutaceae	ER46	0.000706330694175236
SRR10070149	Sediment	Bacteria	Pseudomonadota	Alphaproteobacteria	Micropepsales	Micropepsaceae	CAIYRG01	0.000779156018201085
SRR10070150	Sediment	Bacteria	Pseudomonadota	Alphaproteobacteria	Rhizobiales	Xanthobacteraceae	Pseudorhodoplanes	0.000521875271810037
SRR10102392	Soil	Bacteria	Acidobacteriota	Vicinamibacteria	Vicinamibacterales	UBA2999	VFZN01	0.002111435168307206
SRR10070130	Riverwater	Bacteria	Patescibacteriota	Saccharimonadia	Saccharimonadales	UBA7683	JACKGS01	0.007367603854291931
SRR10070134	Riverwater	Bacteria	Bacteroidota	Bacteroidia	Flavobacteriales_D	Crocinitomicaceae	Unclassified	0.000982113262211965
SRR10070151	Sediment	Bacteria	Myxococcota	Myxococcia	Myxococcales	Anaeromyxobacteraceae	Anaeromyxobacter	0.000197115542560531
SRR10070131	Riverwater	Bacteria	Patescibacteriota	Gracilibacteria	UBA1369	2-02-FULL-48-14	2-02-FULL-48-14	0.000484282821167562
SRR10102394	Soil	Bacteria	Pseudomonadota	Gammaproteobacteria	Burkholderiales	Casimicrobiaceae	CAIWHR01	0.003293231075047103
SRR10102392	Soil	Bacteria	Actinomycetota	Actinomycetes	Actinomycetales	Dermatophilaceae	Lapillicoccus	0.000486085794142666
SRR10070151	Sediment	Bacteria	Desulfobacterota	GWC2-55-46	GWC2-55-46	GWC2-55-46	GWA2-54-12	0.000147836656920398
SRR10102392	Soil	Bacteria	Chloroflexota	Chloroflexia	Thermomicrobiales	UBA6265	JACCYX01	0.000106331267468708
SRR10070150	Sediment	Bacteria	Planctomycetota	Planctomycetia	Pirellulales	Lacipirellulaceae	JABDGM01	0.000869792119683395
SRR10070151	Sediment	Bacteria	Pseudomonadota	Alphaproteobacteria	Rhizobiales	Beijerinckiaceae	Microvirga	0.000147836656920398
SRR10070151	Sediment	Bacteria	Myxococcota_A	Polyangia	Haliangiales	Haliangiaceae	DATFRY01	0.000377804789907684
SRR10102392	Soil	Bacteria	Verrucomicrobiota	Verrucomicrobiia	Opitutales	Opitutaceae	Opitutus	0.000683558148013124
SRR10102392	Soil	Bacteria	Pseudomonadota	Gammaproteobacteria	Xanthomonadales	Xanthomonadaceae	Agrilutibacter	0.000151901810669583
SRR10070150	Sediment	Bacteria	Desulfobacterota	Desulfobacteria	Desulfobacterales	Desulfosalsimonadaceae	SURF-3	0.00034791684787335863
SRR10070151	Sediment	Bacteria	Planctomycetota	PLA2	PLA2	PLA2	Unclassified	0.000262820723414041
SRR10070150	Sediment	Bacteria	Chloroflexota	Anaerolineae	Anaerolineales	Unclassified	Unclassified	0.0019715288046157
SRR10102394	Soil	Bacteria	Methylomirabilota	Methylomirabilia	Rokubacteriales	CSP1-6	AR31	0.000801056207443889
SRR10070134	Riverwater	Bacteria	Myxococcota	Unclassified	Unclassified	Unclassified	Unclassified	0.000429674552217735
SRR10102394	Soil	Bacteria	Myxococcota	Myxococcia	Myxococcales	Myxococcaceae	Aggregicoccus	0.00154277491804008
SRR10070150	Sediment	Bacteria	Chloroflexota	Dehalococcoidia	UBA2979	UBA2979	RBC038	0.000246441100576962
SRR10070141	Groundwater	Bacteria	Pseudomonadota	Alphaproteobacteria	UBA11222	UBA11222	UBA11222	0.00577620893090765
SRR10070150	Sediment	Bacteria	Planctomycetota	Phycisphaerae	Sedimentisphaerales	Anaerobacaceae	PLanc-01	0.002246962975848768
SRR10070150	Sediment	Bacteria	Chloroflexota	Anaerolineae	UBA4142	SHND01	SHND01	0.000260937635905019
SRR10070149	Sediment	Bacteria	Desulfobacterota	BSN033	BSN033	UBA1163	CAVQFR01	0.00652932743252508
SRR10070151	Sediment	Bacteria	Acidobacteriota	Terriglobia	Terriglobales	Acidobacteriaceae	Unclassified	0.000574920332468215
SRR10070149	Sediment	Bacteria	Bacteroidota	Ignavibacteria	Ignavibacteriales	Ignavibacteriaceae	IGN2	0.003225705915352493
SRR10070150	Sediment	Bacteria	Acidobacteriota	Polarisedimenticolia	JACPZX01	DASXTC01	DATEEA01	0.000202951494592792
SRR10070130	Riverwater	Bacteria	Bdellovibrionota_G	JALEGL01	JALEGL01	JAGRMV01	JAWKOB01	0.0000761116100649993
SRR10070130	Riverwater	Bacteria	Desulfobacterota	Desulfuromonadia	Geobacterales	Pseudopelobacteraceae	JACPFJ01	0.000806783066688993
SRR10070131	Riverwater	Bacteria	Patescibacteriota	Saccharimonadia	CAILAD01	GCA-016700035	GCA-016700035	0.000616359954213261
SRR10070150	Sediment	Bacteria	Verrucomicrobiota	Verrucomicrobiia	Verrucomicrobiales	V1-33	V1-33	0.000289930706561132
SRR10070149	Sediment	Bacteria	Chloroflexota	Anaerolineae	Anaerolineales	Anaerolineaceae	DSYU01	0.00028049616655239
SRR10070134	Riverwater	Bacteria	Pseudomonadota	Gammaproteobacteria	Burkholderiales	Burkholderiaceae_D	Unclassified	0.001325852903986152
SRR10102394	Soil	Bacteria	Actinomycetota	Thermoleophilia	Gaiellales	Gaiellaceae	JACDER01	0.000756553084808117
SRR10102392	Soil	Bacteria	Patescibacteriota	Saccharimonadia	Saccharimonadales	2-12-FULL-41-12	JALQXV01	0.000167091991736542
SRR10070141	Groundwater	Bacteria	Bdellovibrionota	Bdellovibrionia	Bdellovibrionales	Bdellovibrionaceae	21-14-0-10-47-8	0.000222161881957987
SRR10102393	Soil	Bacteria	Chloroflexota	Chloroflexia	Thermomicrobiales	Unclassified	Unclassified	0.00034052522610875
SRR10070150	Sediment	Bacteria	Desulfobacterota	Binatia	HRBIN30	Unclassified	Unclassified	0.000260937635905019
SRR10070132	Groundwater	Bacteria	Gemmatimonadota	Gemmatimonadetes	Gemmatimonadales	Unclassified	Unclassified	0.00162033088862357
SRR10070151	Sediment	Bacteria	Planctomycetota	Planctomycetia	Pirellulales	Lacipirellulaceae	DASYDU01	0.000788462170242124
SRR10102392	Soil	Bacteria	Verrucomicrobiota	Verrucomicrobiia	Limisphaerales	SIBH01	JANNGC01	0.001640539555231498
SRR10070151	Sediment	Archaea	Nanobdellota	Nanobdellia	Pacearchaeales	GW2011-AR1	Unclassified	0.000459936265974572
SRR10070141	Groundwater	Bacteria	Pseudomonadota	Gammaproteobacteria	Burkholderiales	Gallionellaceae	Unclassified	0.11110562563254417
SRR10070134	Riverwater	Bacteria	Patescibacteriota	Saccharimonadia	Saccharimonadales	Saccharimonadaceae	Saccharimonas	0.0013626821513191
SRR10102394	Soil	Bacteria	Actinomycetota	Acidimicrobiia	Acidimicrobiales	Acidimicrobilacustridaceae	UBA4742	0.00019284686475501
SRR10070131	Riverwater	Bacteria	Zixibacteria	MSB-5A5	CAIYYT01	CAIYYT01	CAIYYT01	0.0000733761850253882
SRR10102394	Soil	Bacteria	Eisenbacteria	RBG-16-71-46	SZUA-252	SZUA-252	DASQJL01	0.000118674993695391
SRR10102394	Soil	Bacteria	Myxococcota_A	Polyangia	Fen-1088	Fen-1088	Unclassified	0.00026701873581463
SRR10102392	Soil	Bacteria	Bacteroidota	Bacteroidia	Cytophagales	Hymenobacteraceae	Adhaeribacter_A	0.003113987118726465
SRR10070151	Sediment	Bacteria	Synergistota	Synergistia	Synergistales	Synergistaceae	Caenicola	0.000295673313840796
SRR10070150	Sediment	Bacteria	Actinomycetota	Thermoleophilia	Gaiellales	Gaiellaceae	JACDAN01	0.000434896059841698
SRR10070150	Sediment	Bacteria	Planctomycetota	JAJSAM01	JAJSAM01	JAKLKS01	CAZSIX01	0.000304427241889188
SRR10070151	Sediment	Bacteria	Actinomycetota	Acidimicrobiia	Acidimicrobiales	DATKAS01	DATKAS01	0.000410657380334439
SRR10102394	Soil	Bacteria	Pseudomonadota	Alphaproteobacteria	Rhizobiales	Xanthobacteraceae	DATFWC01	0.000504368723205412
SRR10070141	Groundwater	Bacteria	Nitrospirota	Thermodesulfovibrionia	Thermodesulfovibrionales	UBA1546	UBA1546	0.0041223371429982
SRR10102394	Soil	Bacteria	Pseudomonadota	Alphaproteobacteria	Rhizobiales	Aestuariivirgaceae	DATAFF01	0.000815890581655813
SRR10070151	Sediment	Bacteria	Acidobacteriota	Thermoanaerobaculia	UBA5066	UBA5066	Fen-183	0.000640625513321725
SRR10102393	Soil	Bacteria	Acidobacteriota	Vicinamibacteria	Vicinamibacterales	2-12-FULL-66-21	CAWAZT01	0.00009534706331045
SRR10102393	Soil	Bacteria	Planctomycetota	Planctomycetia	Gemmatales	Gemmataceae	Urbifossiella	0.0002179361447096
SRR10102394	Soil	Bacteria	Actinomycetota	Actinomycetes	JACCUZ01	JACCUZ01	Unclassified	0.000712049962172346
SRR10070131	Riverwater	Bacteria	Pseudomonadota	Gammaproteobacteria	Burkholderiales	Burkholderiaceae_C	Sphaerotilus	0.0209562384432509
SRR10102394	Soil	Bacteria	Myxococcota_A	Polyangia	Haliangiales	Haliangiaceae	Unclassified	0.000623043716900802
SRR10070149	Sediment	Bacteria	Bacteroidota	Ignavibacteria	UBA10030	UBA6906	JAGDMJ01	0.000373994888736521
SRR10070134	Riverwater	Bacteria	Verrucomicrobiota	Verrucomicrobiia	Verrucomicrobiales	V1-33	CAJBME01	0.000454227383773034
SRR10070149	Sediment	Bacteria	Pseudomonadota	Alphaproteobacteria	Dongiales	Dongiaceae	Unclassified	0.000888237860749236
SRR10070131	Riverwater	Bacteria	Verrucomicrobiota	Verrucomicrobiia	Limisphaerales	JADLHS01	Unclassified	0.000924539931319891
SRR10070151	Sediment	Bacteria	Acidobacteriota	HRBIN11	JAKEFK01	JAKEFK01	CAVZQN01	0.000246394428200664
SRR10102392	Soil	Bacteria	Pseudomonadota	Gammaproteobacteria	Burkholderiales	Burkholderiaceae_C	Polaromonas	0.00045570543200875
SRR10070131	Riverwater	Archaea	Nanobdellota	Nanobdellia	Unclassified	Unclassified	Unclassified	0.000161427607055854
SRR10102393	Soil	Bacteria	Pseudomonadota	Alphaproteobacteria	Rhizobiales	Aestuariivirgaceae	CAWBJO01	0.0008445025607497
SRR10070151	Sediment	Bacteria	Chloroflexota	Dehalococcoidia	UBA2979	UBA2979	RBC038	0.000295673313840796
SRR10102392	Soil	Bacteria	Pseudomonadota	Gammaproteobacteria	Xanthomonadales	Xanthomonadaceae	Pseudoxanthomonas_A	0.0001822821728035
SRR10070149	Sediment	Bacteria	Chloroflexota	Anaerolineae	Anaerolineales	E44-bin32	DYJB01	0.001792058841862494
SRR10070151	Sediment	Bacteria	Electryoneota	RPQS01	RPQS01	RPQS01	Unclassified	0.000377804789907684
SRR10102392	Soil	Bacteria	Bacillota	Bacilli	Paenibacillales	NBRC-103111	Paenibacillus_E	0.000713938510147041
SRR10070149	Sediment	Bacteria	Desulfobacterota	Desulfobulbia	Desulfobulbales	Desulfobulbaceae	Unclassified	0.000436327370192607
SRR10070134	Riverwater	Bacteria	Acidobacteriota	Terriglobia	Terriglobales	Acidobacteriaceae	Unclassified	0.000306910394441239
SRR10070151	Sediment	Bacteria	Zixibacteria	MSB-5A5	Unclassified	Unclassified	Unclassified	0.000772035875028746
SRR10070151	Sediment	Bacteria	Planctomycetota	Planctomycetia	Planctomycetales	Planctomycetaceae	JACQFH01	0.000164262952133776
SRR10102392	Soil	Bacteria	Actinomycetota	Acidimicrobiia	Acidimicrobiales	Unclassified	Unclassified	0.00042532506987483297
SRR10070132	Groundwater	Bacteria	Acidobacteriota	Vicinamibacteria	Fen-336	JAGNNV01	JAGNNV01	0.00213201432713628
SRR10070134	Riverwater	Bacteria	Actinomycetota	Thermoleophilia	Gaiellales	Gaiellaceae	JAIBJN01	0.0000613820788882478
SRR10102392	Soil	Bacteria	Verrucomicrobiota	Verrucomicrobiia	Chthoniobacterales	Chthoniobacteraceae	SXWH01	0.0016101591930975788
SRR10070150	Sediment	Bacteria	Myxococcota	Myxococcia	Myxococcales	Anaeromyxobacteraceae	Anaeromyxobacter	0.000304427241889188
SRR10070131	Riverwater	Bacteria	Pseudomonadota	Gammaproteobacteria	Pseudomonadales	Moraxellaceae	Perlucidibaca	0.000146752370050776
SRR10102393	Soil	Bacteria	Actinomycetota	CALGFH01	CALGFH01	CALGFH01	CALGFH01	0.0012531328320802
SRR10070130	Riverwater	Bacteria	Pseudomonadota	Alphaproteobacteria	JAEUKQ01	JAEUKQ01	JAEUKQ01	0.001293897371104987
SRR10070151	Sediment	Bacteria	Eisenbacteria	RBG-16-71-46	RBG-16-71-46	DASYSL01	JANPEF01	0.000262820723414041
SRR10102394	Soil	Bacteria	Actinomycetota	Thermoleophilia	Gaiellales	Gaiellaceae	AC-32	0.00191363427333818
SRR10070149	Sediment	Bacteria	4484-113	4484-113	4484-113	JAFGCY01	JAFGCY01	0.000903820981113258
SRR10102394	Soil	Bacteria	Desulfobacterota	Binatia	UTPRO1	UTPRO1	Unclassified	0.000341190606874249
SRR10102392	Soil	Bacteria	Acidobacteriota	Thermoanaerobaculia	Gp7-AA8	Gp7-AA8	DASVHS01	0.001488637744561918
SRR10102393	Soil	Archaea	Thermoproteota	Nitrososphaeria	Nitrososphaerales	Nitrososphaeraceae	TH1177	0.006946714612618501
SRR10070134	Riverwater	Bacteria	Pseudomonadota	Gammaproteobacteria	Burkholderiales	Gallionellaceae	Unclassified	0.001018942509544914
SRR10070150	Sediment	Bacteria	Acidobacteriota	Terriglobia	Bryobacterales	Bryobacteraceae	Paludibaculum	0.000391406453857528
SRR10070149	Sediment	Bacteria	Nitrospirota	Thermodesulfovibrionia	Thermodesulfovibrionales	SM23-35	CAVSHJ01	0.007027987284173784
SRR10070150	Sediment	Bacteria	Planctomycetota	Phycisphaerae	UBA1845	UTPLA1	DATEMU01	0.000130468817952509
SRR10070150	Sediment	Bacteria	Pseudomonadota	Gammaproteobacteria	Burkholderiales	SG8-39	DAHVFK01	0.000768316372386999
SRR10070150	Sediment	Bacteria	Electryoneota	RPQS01	RPQS01	RPQS01	Unclassified	0.000188454959264736
SRR10070149	Sediment	Bacteria	Myxococcota_A	UBA9160	UBA9160	SMWR01	Unclassified	0.000514242972012716
SRR10102394	Soil	Bacteria	Actinomycetota	Thermoleophilia	Solirubrobacterales	Thermoleophilaceae	DATBDN01	0.000370859355298097
SRR10070150	Sediment	Bacteria	Actinomycetota	Humimicrobiia	Humimicrobiales	Humimicrobiaceae	CAWKAO01	0.000289930706561132
SRR10102392	Soil	Bacteria	Bacteroidota	Bacteroidia	Chitinophagales	Chitinophagaceae	Unclassified	0.007033053834001705
SRR10070150	Sediment	Bacteria	Myxococcota_A	UBA9160	UBA9160	UBA9160	MYXO	0.000289930706561132
SRR10102394	Soil	Bacteria	Armatimonadota	Armatimonadia	Armatimonadales	Armatimonadaceae	Unclassified	0.000178012490543086
SRR10102393	Soil	Bacteria	Pseudomonadota	Gammaproteobacteria	Burkholderiales	Burkholderiaceae_C	Ramlibacter	0.0037866405143293005
SRR10070130	Riverwater	Bacteria	Pseudomonadota	Gammaproteobacteria	UBA6186	Azoamicaceae	CADEGZ01	0.0128476397789719
SRR10070131	Riverwater	Bacteria	Pseudomonadota	Gammaproteobacteria	Xanthomonadales	Xanthomonadaceae	Thermomonas	0.00129142085644683
SRR10070150	Sediment	Bacteria	Hydrogenedentota	Hydrogenedentia	Hydrogenedentales	SLHB01	JAKJDA01	0.000478385665825868
SRR10070151	Sediment	Bacteria	Actinomycetota	Actinomycetes	Mycobacteriales	Mycobacteriaceae	Mycobacterium	0.000394231085121062
SRR10070130	Riverwater	Bacteria	Desulfobacterota	Binatia	UBA1149	CAITLU01	DATNBU01	0.0000913339320779992
SRR10070150	Sediment	Bacteria	Desulfobacterota	Desulfobulbia	Desulfobulbales	SURF-16	DB1	0.000231944565248906
SRR10070134	Riverwater	Bacteria	Acidobacteriota	Terriglobia	Versatilivoradales	Versatilivoraceae	VFZK01	0.0000982113262211965
SRR10102392	Soil	Bacteria	Bacteroidota	Bacteroidia	Cytophagales	Cyclobacteriaceae	Chryseolinea	0.000865840320816624
SRR10102394	Soil	Bacteria	Actinomycetota	Thermoleophilia	Solirubrobacterales	JBBDJG01	CAWACB01	0.000237349987390782
SRR10070149	Sediment	Bacteria	Acidobacteriota	Terriglobia	Acidiferrales	2-02-FULL-67-57	Unclassified	0.000934987221841301
SRR10070151	Sediment	Bacteria	Pseudomonadota	Alphaproteobacteria	Rhodobacterales	Rhodobacteraceae	Unclassified	0.00136338250271034
SRR10070150	Sediment	Bacteria	Zixibacteria	MSB-5A5	GN15	PGXB01	DYGG01	0.000869792119683396
SRR10070149	Sediment	Bacteria	Bacteroidota	Bacteroidia	Bacteroidales	VadinHA17	LD21	0.015177959234557134
SRR10070151	Sediment	Bacteria	Desulfobacterota	WTBG01	JAGOGO01	JAGOGO01	G026625185	0.00108413548408292
SRR10102393	Soil	Bacteria	Pseudomonadota	Alphaproteobacteria	ATCC43930	CGMCC-115725	DATARH01	0.0005993243979514
SRR10070132	Groundwater	Bacteria	Desulfobacterota	Binatia	UBA9968	UBA9968	DP-36	0.000895446017397237
SRR10070149	Sediment	Bacteria	Desulfobacterota	SM23-61	SM23-61	SM23-61	JAHJQK01	0.005874836377236178
SRR10102393	Soil	Bacteria	Actinomycetota	Actinomycetes	Mycobacteriales	Micromonosporaceae	Rhizocola	0.0001906941266209
SRR10070141	Groundwater	Bacteria	Pseudomonadota	Gammaproteobacteria	Burkholderiales	SG8-41	SG8-41	0.000888647527831947
SRR10070130	Riverwater	Bacteria	Patescibacteriota	Gracilibacteria	UBA1369	UBA1369	Unclassified	0.000213112508181998
SRR10070150	Sediment	Bacteria	Acidobacteriota	HRBIN11	JAKEFK01	JAKEFK01	CAVZQN01	0.000420399524513641
SRR10102394	Soil	Bacteria	Myxococcota_A	Polyangia	Polyangiales	Polyangiaceae	Labilithrix	0.000326356232662325
SRR10070150	Sediment	Bacteria	Bacteroidota	Bacteroidia	Chitinophagales	Chitinophagaceae	JJ008	0.000376909918529471
SRR10102393	Soil	Bacteria	Planctomycetota	Planctomycetia	Gemmatales	Gemmataceae	CAVVSQ01	0.0001362100904435
SRR10070134	Riverwater	Bacteria	Pseudomonadota	Gammaproteobacteria	Xanthomonadales	Rhodanobacteraceae	Tahibacter	0.0000736584946658973
SRR10070131	Riverwater	Bacteria	Bacteroidota	Bacteroidia	Chitinophagales	Saprospiraceae	OLB9	0.000322855214111708
SRR10102394	Soil	Archaea	Thermoproteota	Nitrososphaeria	Nitrososphaerales	Nitrososphaeraceae	Nitrososphaera	0.00361958730770942
SRR10070130	Riverwater	Bacteria	Acidobacteriota	Thermoanaerobaculia	UBA5066	UBA5066	UBA5066	0.000197890186168998
SRR10070134	Riverwater	Bacteria	Pseudomonadota	Gammaproteobacteria	Pseudomonadales	Pseudomonadaceae	Unclassified	0.000147316989331795
SRR10102393	Soil	Bacteria	Acidobacteriota	Thermoanaerobaculia	Gp7-AA8	Gp7-AA8	DASZZV01	0.00031328320802005
SRR10070151	Sediment	Bacteria	Zixibacteria	MSB-5A5	GN15	JAAZOE01	JAZGGI01	0.000739183284601991
SRR10070149	Sediment	Bacteria	Acidobacteriota	UBA6911	UBA6911	UBA6911	JAFNAG01	0.003007542230256186
SRR10102394	Soil	Bacteria	Methylomirabilota	Methylomirabilia	Rokubacteriales	CSP1-6	AR5	0.00102357182062275
SRR10102393	Soil	Bacteria	Actinomycetota	Actinomycetes	Mycobacteriales	Micromonosporaceae	Unclassified	0.00012258908139915
SRR10070150	Sediment	Bacteria	Desulfobacterota_D	UBA1144	Nemesobacterales	UBA2774	2-12-FULL-53-21	0.00379809225595083
SRR10070141	Groundwater	Bacteria	Nitrospirota	Nitrospiria	Nitrospirales	Nitrospiraceae	Palsa-1315	0.000641800992323073
SRR10070150	Sediment	Bacteria	Patescibacteriota	Saccharimonadia	Saccharimonadales	Unclassified	Unclassified	0.000188454959264736
SRR10070130	Riverwater	Bacteria	Pseudomonadota	Gammaproteobacteria	Burkholderiales	Methylophilaceae	Unclassified	0.002618239386235978
SRR10070131	Riverwater	Bacteria	Pseudomonadota	Gammaproteobacteria	Enterobacterales	Shewanellaceae	Shewanella	0.00107129230137067
SRR10070134	Riverwater	Bacteria	Pseudomonadota	Alphaproteobacteria	Rhodobacterales	Rhodobacteraceae	Acidimangrovimonas	0.000405121720662435
SRR10070151	Sediment	Bacteria	Bacteroidota	Bacteroidia	Cytophagales	Cyclobacteriaceae	Fulvivirga	0.000262820723414041
SRR10070149	Sediment	Bacteria	Myxococcota	Myxococcia	Myxococcales	Myxococcaceae	Archangium_A	0.0000934987221841302
SRR10070134	Riverwater	Bacteria	Pseudomonadota	Gammaproteobacteria	Enterobacterales	Enterobacteriaceae	Unclassified	0.002111543513755724
SRR10070151	Sediment	Bacteria	Verrucomicrobiota	Verrucomicrobiia	Palsa-1439	Palsa-1439	Palsa-1439	0.000558494037254838
SRR10070131	Riverwater	Bacteria	Pseudomonadota	Gammaproteobacteria	Burkholderiales	UBA11063	Aquella	0.000132077133045699
SRR10070151	Sediment	Bacteria	Myxococcota_A	Polyangia	Polyangiales	Polyangiaceae	Xiheicaenibacterium	0.000180689247347153
SRR10102393	Soil	Bacteria	Myxococcota_A	Polyangia	Polyangiales	Polyangiaceae	Labilithrix	0.0002996621989757
SRR10070150	Sediment	Bacteria	Bacteroidota	Ignavibacteria	UBA10030	UBA6906	UBA11986	0.00068133716041866
SRR10070149	Sediment	Bacteria	Pseudomonadota	Gammaproteobacteria	Burkholderiales	Gallionellaceae	Gallionella	0.00028049616655239
SRR10102393	Soil	Bacteria	Bacteroidota	Bacteroidia	Cytophagales	172606-1	Rhodocytophaga	0.0004631143075079
SRR10070149	Sediment	Bacteria	Acidobacteriota	Terriglobia	Bryobacterales	Bryobacteraceae	Paludibaculum	0.000296079286916412
SRR10070151	Sediment	Bacteria	Pseudomonadota	Gammaproteobacteria	Burkholderiales	Usitatibacteraceae	FEB-7	0.000361378494694307
SRR10070149	Sediment	Bacteria	Myxococcota_A	UBA9160	UBA9160	UBA9160	MYXO	0.000249329925824347
SRR10070149	Sediment	Bacteria	Chloroflexota	Anaerolineae	Anaerolineales	UBA4823	CAVZGO01	0.000202580564732282
SRR10102393	Soil	Bacteria	Desulfobacterota	Binatia	UBA9968	UBA9968	WHTF01	0.00053121935272965
SRR10070151	Sediment	Bacteria	Desulfobacterota	Binatia	UTPRO1	UTPRO1	DP-19	0.000492788856401327
SRR10070150	Sediment	Bacteria	Actinomycetota	Actinomycetes	Mycobacteriales	Micromonosporaceae	Unclassified	0.000144965353280566
SRR10070131	Riverwater	Bacteria	Pseudomonadota	Gammaproteobacteria	Xanthomonadales	Xanthomonadaceae	Aquimonas	0.000763112324264037
SRR10102393	Soil	Bacteria	Pseudomonadota	Gammaproteobacteria	Burkholderiales	SG8-41	SG8-41	0.0012803748501689
SRR10070150	Sediment	Bacteria	Myxococcota_A	Polyangia	Unclassified	Unclassified	Unclassified	0.000420399524513641
SRR10102393	Soil	Bacteria	Verrucomicrobiota	Verrucomicrobiia	Chthoniobacterales	UBA10450	CAVTTH01	0.0012258908139915
SRR10070150	Sediment	Bacteria	Myxococcota_A	Polyangia	Fen-1088	Fen-1088	CAVYGB01	0.000260937635905019
SRR10070132	Groundwater	Bacteria	Eisenbacteria	RBG-16-71-46	SZUA-252	SZUA-252	WS-7	0.00106600716356814
SRR10102394	Soil	Bacteria	Chloroflexota	Chloroflexia	Thermomicrobiales	UBA6265	JACCYX01	0.000400528103721944
SRR10070149	Sediment	Bacteria	Bacillota	Clostridia	Peptostreptococcales	Peptostreptococcaceae	Unclassified	0.000529826092376737
SRR10070149	Sediment	Bacteria	Acidobacteriota	Polarisedimenticolia	Polarisedimenticolales	Unclassified	Unclassified	0.000498659851648694
SRR10070149	Sediment	Bacteria	Nitrospirota	Nitrospiria	Nitrospirales	Nitrospiraceae	Nitrospira_C	0.000327245527644456
SRR10070133	Groundwater	Bacteria	Patescibacteriota	Minisyncoccia	UBA6257	GWB1-50-10	JBBTQX01	0.00105598191445059
SRR10070150	Sediment	Bacteria	Pseudomonadota	Gammaproteobacteria	Burkholderiales	Gallionellaceae	Gallionella	0.000391406453857528
SRR10070151	Sediment	Bacteria	Acidobacteriota	Vicinamibacteria	Vicinamibacterales	SCN-69-37	DATKDF01	0.000509215151614705
SRR10070149	Sediment	Bacteria	Acidobacteriota	Vicinamibacteria	Vicinamibacterales	UBA2999	DATCJA01	0.00194789004550271
SRR10070150	Sediment	Bacteria	Pseudomonadota	Gammaproteobacteria	Burkholderiales	SG8-39	RBG-16-66-20	0.000608854483778377
SRR10070134	Riverwater	Bacteria	Desulfobacterota	Binatia	UBA9968	UBA9968	DAIRFP01	0.000343739641774188
SRR10102393	Soil	Bacteria	Myxococcota	Myxococcia	Myxococcales	Myxococcaceae	Cystobacter	0.00009534706331045
SRR10070149	Sediment	Bacteria	Desulfobacterota	Binatia	Bin18	Bin18	Bin18	0.00018699744436826
SRR10102394	Soil	Bacteria	Pseudomonadota	Alphaproteobacteria	Sphingomonadales	Sphingomonadaceae	Unclassified	0.0015724436664639268
SRR10070133	Groundwater	Bacteria	Nitrospirota	Thermodesulfovibrionia	UBA6902	Unclassified	Unclassified	0.000669284311975727
SRR10070134	Riverwater	Bacteria	Planctomycetota	Planctomycetia	Planctomycetales	Planctomycetaceae	SIAF01	0.000135040573554145
SRR10070150	Sediment	Bacteria	Desulfobacterota	Binatia	UBA9968	UBA9968	DAIRFP01	0.00443593981038532
SRR10070130	Riverwater	Bacteria	Pseudomonadota	Gammaproteobacteria	Burkholderiales	Rhodocyclaceae	Azonexus	0.009118170885786918
SRR10070151	Sediment	Bacteria	Armatimonadota	UBA5829	UBA5829	UBA5829	Unclassified	0.000574920332468215
SRR10102392	Soil	Bacteria	Chloroflexota	Chloroflexia	Unclassified	Unclassified	Unclassified	0.000364564345607
SRR10102393	Soil	Bacteria	Desulfobacterota	Binatia	DP-6	DP-6	CAVVBN01	0.0001634521085322
SRR10102393	Soil	Bacteria	Actinomycetota	Actinomycetes	Actinomycetales	Kineosporiaceae	JANNPJ01	0.0002996621989757
SRR10070141	Groundwater	Bacteria	Margulisbacteria	WOR-1	O2-12-FULL-45-9	O2-12-FULL-45-9	Unclassified	0.000394954456814199
SRR10070150	Sediment	Bacteria	Actinomycetota	Acidimicrobiia	Acidimicrobiales	Unclassified	Unclassified	0.000130468817952509
SRR10070141	Groundwater	Bacteria	Patescibacteriota	JACPGU01	JACPGU01	JACPGU01	JAKLDG01	0.000740539606526622
SRR10070150	Sediment	Bacteria	Acidobacteriota	UBA6911	RPQK01	Unclassified	Unclassified	0.00501580122350758
SRR10070134	Riverwater	Bacteria	Actinomycetota	Thermoleophilia	Gaiellales	Gaiellaceae	Gaiellasilicea	0.0000859349104435469
SRR10070151	Sediment	Bacteria	Desulfobacterota	Desulfobaccia	Desulfobaccales	0-14-0-80-60-11	JAPLJC01	0.003975163441637376
SRR10102392	Soil	Bacteria	Pseudomonadota	Gammaproteobacteria	Burkholderiales	SG8-41	SG8-41	0.00151901810669583
SRR10070134	Riverwater	Bacteria	Patescibacteriota	Minisyncoccia	Phycocordibacterales	UBA5272	UBA11704	0.001301300072430853
SRR10070130	Riverwater	Bacteria	Bacteroidota	Bacteroidia	AKYH767-A	2013-40CM-41-45	JADKIH01	0.000776338422662993
SRR10070151	Sediment	Bacteria	Bacillota	Clostridia	Clostridiales	Clostridiaceae	Clostridium	0.000525641446828082
SRR10070134	Riverwater	Bacteria	Verrucomicrobiota	Verrucomicrobiia	Opitutales	UBA953	Unclassified	0.000184146236664743
SRR10070151	Sediment	Bacteria	Acidobacteriota	Thermoanaerobaculia	Gp7-AA8	Gp7-AA8	Unclassified	0.000870593646309012
SRR10070132	Groundwater	Bacteria	Pseudomonadota	Alphaproteobacteria	Rhizobiales	Rhizobiaceae	Rhizobium_E	0.00115128773665359
SRR10102392	Soil	Bacteria	Acidobacteriota	Vicinamibacteria	Vicinamibacterales	CAVVIG01	CAWBVG01	0.00360007291286912
SRR10102393	Soil	Bacteria	Desulfobacterota	Desulfuromonadia	Geobacterales	Geobacteraceae	Geomonas	0.0002179361447096
SRR10102393	Soil	Bacteria	Myxococcota	Myxococcia	Myxococcales	Myxococcaceae	Unclassified	0.0026152337365152
SRR10070151	Sediment	Bacteria	Chloroflexota	Anaerolineae	CG2-30-64-16	CG2-30-64-16	JALOOB01	0.000657051808535103
SRR10070151	Sediment	Bacteria	Chloroflexota	Dehalococcoidia	Tepidiformales	Tepidiformaceae	PNKC01	0.000772035875028746
SRR10102394	Soil	Archaea	Methanobacteriota	Methanobacteria	Methanobacteriales	Methanobacteriaceae	Methanobacterium	0.000163178116331163
SRR10070134	Riverwater	Bacteria	Pseudomonadota	Alphaproteobacteria	Rhodobacterales	Rhodobacteraceae	Tabrizicola_A	0.00056471512577188
SRR10070149	Sediment	Bacteria	Myxococcota_A	Polyangia	Polyangiales	Polyangiaceae	JAJZQG01	0.000171414324004239
SRR10070134	Riverwater	Bacteria	Actinomycetota	Actinomycetes	Actinomycetales	Microbacteriaceae	Microbacterium	0.00056471512577188
SRR10070151	Sediment	Bacteria	Chloroflexota	Anaerolineae	Anaerolineales	UBA4823	DATCYX01	0.000180689247347153
SRR10070131	Riverwater	Bacteria	Nitrospirota	Thermodesulfovibrionia	Thermodesulfovibrionales	SM23-35	CAVSHJ01	0.0000880514220304658
SRR10102394	Soil	Bacteria	Pseudomonadota	Alphaproteobacteria	Rhodobacterales	Rhodobacteraceae	Unclassified	0.00065271246532465
SRR10070151	Sediment	Bacteria	Acidobacteriota	Vicinamibacteria	Vicinamibacterales	Fen-181	JARKSS01	0.001560498045270869
SRR10070151	Sediment	Bacteria	Bacteroidota	Ignavibacteria	UBA10030	UBA6906	JAERML01	0.000295673313840796
SRR10102392	Soil	Bacteria	Actinomycetota	Acidimicrobiia	Acidimicrobiales	CADCSY01	CAWIVE01	0.000121521448535667
SRR10070149	Sediment	Bacteria	Actinomycetota	Humimicrobiia	Humimicrobiales	Humimicrobiaceae	CAWKAO01	0.000140248083276195
SRR10070131	Riverwater	Bacteria	Bdellovibrionota	UBA1018	CAIPTA01	CAIPTA01	JAKFYM01	0.000425581873147251
SRR10070131	Riverwater	Bacteria	Pseudomonadota	Gammaproteobacteria	Acidiferrobacterales	Sulfurifustaceae	Sulfuricaulis	0.000102726659035543
SRR10070149	Sediment	Bacteria	Chloroflexota	Anaerolineae	UBA1429	UBA1429	Unclassified	0.0012778158698497789
SRR10070151	Sediment	Bacteria	Actinomycetota	Acidimicrobiia	Acidimicrobiales	Unclassified	Unclassified	0.000229968132987286
SRR10070151	Sediment	Bacteria	Chloroflexota	Dehalococcoidia	Dehalococcoidales	UBA3254	UBA3254	0.00054206774204146
SRR10070150	Sediment	Bacteria	Pseudomonadota	Gammaproteobacteria	Burkholderiales	SG8-39	JAGVSZ01	0.00536371807138094
SRR10102392	Soil	Bacteria	Chloroflexota	Chloroflexia	Chloroflexales	Roseiflexaceae	Unclassified	0.00141268683922712
SRR10070151	Sediment	Bacteria	Planctomycetota	UBA1135	UBA1135	UBA2386	Unclassified	0.000509215151614705
SRR10070151	Sediment	Bacteria	Myxococcota	Myxococcia	Myxococcales	Myxococcaceae	Archangium_A	0.000147836656920398
SRR10070149	Sediment	Bacteria	Bacillota	Clostridia	Peptostreptococcales	Acidaminobacteraceae	JAFGTX01	0.0000623324814560868
SRR10102393	Soil	Bacteria	Pseudomonadota	Gammaproteobacteria	Burkholderiales	Casimicrobiaceae	VBCG01	0.0052577094911190995
SRR10070130	Riverwater	Bacteria	Bacteroidota	Bacteroidia	Chitinophagales	JADIYW01	JADJSS01	0.000334891084285997
SRR10070141	Groundwater	Archaea	Nanobdellota	Nanobdellia	SCGC-AAA011-G17	GW2011-AR17	JAHFJF01	0.000394954456814199
SRR10070150	Sediment	Bacteria	Desulfobacterota	Syntrophia	Syntrophales	Fen-1087	JAPLJM01	0.002783334782986866
SRR10102392	Soil	Bacteria	Bacteroidota	Bacteroidia	Chitinophagales	Chitinophagaceae	Flavisolibacter	0.0075799003524121954
SRR10102393	Soil	Bacteria	Pseudomonadota	Alphaproteobacteria	Dongiales	Dongiaceae	Dongia_A	0.0011169227416367
SRR10070149	Sediment	Bacteria	Bacteroidota	Bacteroidia	Flavobacteriales	Flavobacteriaceae	Flavobacterium	0.0008570716200211931
SRR10070134	Riverwater	Bacteria	Bdellovibrionota	UBA1018	UBA1018	UBA1018	Unclassified	0.000675202867770725
SRR10070131	Riverwater	Bacteria	Pseudomonadota	Gammaproteobacteria	Burkholderiales	Burkholderiaceae_C	Rhizobacter	0.00080713803527927
SRR10070149	Sediment	Bacteria	Chloroflexota	Dehalococcoidia	GIF9	UBA5629	CAIMUM01	0.000373994888736521
SRR10070150	Sediment	Bacteria	Desulfobacterota	DSM-4660	Desulfatiglandales	Desulfatiglandaceae	UBA5623	0.001217708967556753
SRR10070151	Sediment	Bacteria	Nitrospirota	Nitrospiria	Nitrospirales	Nitrospiraceae	2-02-FULL-62-14	0.000213541837773908
SRR10070131	Riverwater	Bacteria	Bacteroidota	Bacteroidia	Bacteroidales	Prolixibacteraceae	Draconibacterium	0.000234803792081242
SRR10070151	Sediment	Bacteria	Chloroflexota	Anaerolineae	Anaerolineales	E44-bin32	DATEVL01	0.00279247018627419
SRR10070149	Sediment	Bacteria	Patescibacteriota	Saccharimonadia	UBA4664	UBA4664	Unclassified	0.000514242972012716
SRR10102393	Soil	Bacteria	Nitrospirota	Nitrospiria	Nitrospirales	Nitrospiraceae	Palsa-1315	0.00039500926228615
SRR10070133	Groundwater	Bacteria	Elusimicrobiota	Elusimicrobia	UBA1565	UBA9628	DAIDHI01	0.00242429650782319
SRR10070149	Sediment	Bacteria	Pseudomonadota	Alphaproteobacteria	Rhizobiales	Hyphomicrobiaceae	Hyphomicrobium_C	0.000202580564732282
SRR10070149	Sediment	Bacteria	Nitrospirota	Nitrospiria	Nitrospirales	Nitrospiraceae	40CM-3-62-11	0.000264913046188369
SRR10070150	Sediment	Bacteria	Pseudomonadota	Gammaproteobacteria	Burkholderiales	Rhodocyclaceae	Unclassified	0.001942535733959586
SRR10070134	Riverwater	Bacteria	Bacteroidota	Bacteroidia	Bacteroidales	Prolixibacteraceae	Draconibacterium	0.000356016057551837
SRR10070131	Riverwater	Bacteria	Bacillota	Clostridia	Oscillospirales	Ruminococcaceae	Unclassified	0.000176102844060932
SRR10102393	Soil	Bacteria	Pseudomonadota	Alphaproteobacteria	Rhizobiales	Rhizobiaceae	Mesorhizobium	0.00074915549743925
SRR10070130	Riverwater	Bacteria	Pseudomonadota	Alphaproteobacteria	Rhizobiales	Devosiaceae	Devosia_A	0.000395780372337996
SRR10070150	Sediment	Bacteria	Chloroflexota	Ktedonobacteria	Ktedonobacterales	Ktedonobacteraceae	Unclassified	0.000840799049027282
SRR10070130	Riverwater	Bacteria	Actinomycetota	Actinomycetes	S36-B12	UBA10799	UBA10799	0.00219201436987198
SRR10070149	Sediment	Bacteria	Krumholzibacteriota	Krumholzibacteriia	JAJRXK01	JAJRXK01	JBGPIA01	0.000218163685096304
SRR10070150	Sediment	Bacteria	Bacteroidota	Bacteroidia	Flavobacteriales	Flavobacteriaceae	Namhaeicola	0.0000579861413122264
SRR10070149	Sediment	Bacteria	Bacillota	Clostridia	Clostridiales	Clostridiaceae	Clostridium_J	0.000420744249828586
SRR10102392	Soil	Bacteria	Tectomicrobia	Entotheonellia	Entotheonellales	Entotheonellaceae	Entotheonella	0.000972171588285332
SRR10070149	Sediment	Bacteria	Pseudomonadota	Alphaproteobacteria	Rhodobacterales	Rhodobacteraceae	Acidimangrovimonas	0.00073240665710902
SRR10070150	Sediment	Bacteria	Bacillota	Clostridia	Peptostreptococcales	Peptostreptococcaceae	Unclassified	0.000347916847873359
SRR10102394	Soil	Bacteria	Pseudomonadota	Gammaproteobacteria	Burkholderiales	Burkholderiaceae_C	Variovorax	0.000845559330079661
SRR10070131	Riverwater	Bacteria	Pseudomonadota	Gammaproteobacteria	Burkholderiales	Rhodocyclaceae	Uliginosibacterium	0.000836488509289425
SRR10070131	Riverwater	Bacteria	Desulfobacterota	Deferrimicrobia	Deferrimicrobiales	Deferrimicrobiaceae	Deferrimicrobium	0.00048428282116756195
SRR10070130	Riverwater	Bacteria	Bacteroidota	Bacteroidia	B-17B0	Aurantibacillaceae	UBA4416	0.0018114563195469838
SRR10070149	Sediment	Bacteria	Verrucomicrobiota	Verrucomicrobiia	Limisphaerales	DASXHY01	DASXHY01	0.000109081842548152
SRR10102394	Soil	Bacteria	Verrucomicrobiota	Verrucomicrobiia	Chthoniobacterales	UBA10450	AV80	0.00137959680170892
SRR10070150	Sediment	Bacteria	Bacteroidota	Bacteroidia	Bacteroidales	FEN-979	CAIYUC01	0.000188454959264736
SRR10070132	Groundwater	Bacteria	Pseudomonadota	Alphaproteobacteria	Sphingomonadales	Sphingomonadaceae	Sphingorhabdus_B	0.002132014327136273
SRR10102393	Soil	Bacteria	Bacteroidota	Bacteroidia	Chitinophagales	Chitinophagaceae	Niastella	0.0002996621989757
SRR10070151	Sediment	Bacteria	Desulfobacterota	RBG-13-43-22	RBG-13-43-22	RBG-13-43-22	CAVQSS01	0.000755609579815368
SRR10070134	Riverwater	Bacteria	Bacteroidota	Bacteroidia	Flavobacteriales	Flavobacteriaceae	Flavobacterium	0.18462501688007169
SRR10070131	Riverwater	Bacteria	Patescibacteriota	Saccharimonadia	Saccharimonadales	JAGQNJ01	HK-STAS-PATE-36	0.000293504740101553
SRR10070130	Riverwater	Bacteria	Patescibacteriota	Gracilibacteria	UBA1369	2-02-FULL-48-14	2-02-FULL-48-14	0.000426225016363996
SRR10070150	Sediment	Bacteria	Chloroflexota	Anaerolineae	Anaerolineales	Anaerolineaceae	DSYU01	0.000231944565248906
SRR10102394	Soil	Bacteria	Chloroflexota	Limnocylindria	QHBO01	QHBO01	JACDBZ01	0.000237349987390782
SRR10070151	Sediment	Bacteria	Calditrichota	Calditrichia	JAJRVZ01	JAJRVZ01	CAVQJT01	0.000344952199480929
SRR10070150	Sediment	Bacteria	ARS69	ARS69	ARS69	ARS69	Unclassified	0.000289930706561132
SRR10070134	Riverwater	Bacteria	Methylomirabilota	Methylomirabilia	Rokubacteriales	DASRDR01	DASRDR01	0.000110487741998846
SRR10102392	Soil	Bacteria	Actinomycetota	Acidimicrobiia	Acidimicrobiales	Ilumatobacteraceae	DASXAI01	0.000106331267468708
SRR10070134	Riverwater	Bacteria	Pseudomonadota	Gammaproteobacteria	Burkholderiales	Unclassified	Unclassified	0.18951103035957656
SRR10070149	Sediment	Bacteria	Acidobacteriota	Terriglobia	Terriglobales	Acidobacteriaceae	Unclassified	0.000514242972012716
SRR10070130	Riverwater	Bacteria	Pseudomonadota	Alphaproteobacteria	Rhizobiales	Xanthobacteraceae	Bradyrhizobium	0.000471891982402996
SRR10070134	Riverwater	Bacteria	Pseudomonadota	Gammaproteobacteria	Steroidobacterales	Steroidobacteraceae	RPQJ01	0.0025903237290840603
SRR10070151	Sediment	Bacteria	Bacteroidota	Bacteroidia	Bacteroidales	Prolixibacteraceae	Draconibacterium	0.000246394428200664
SRR10070134	Riverwater	Bacteria	Elusimicrobiota	Elusimicrobia	UBA1565	UBA9628	GWA2-66-18	0.000294633978663589
SRR10070149	Sediment	Bacteria	Desulfobacterota	Syntrophia	Syntrophales	Smithellaceae	Unclassified	0.000140248083276195
SRR10102392	Soil	Bacteria	Acidobacteriota	Terriglobia	Bryobacterales	Bryobacteraceae	Ga0077553	0.000288613440272208
SRR10102392	Soil	Bacteria	Actinomycetota	Acidimicrobiia	IMCC26256	Unclassified	Unclassified	0.000227852716004375
SRR10070149	Sediment	Bacteria	Pseudomonadota	Gammaproteobacteria	Burkholderiales	JAEUMW01	JAEUMW01	0.000872654740385215
SRR10070150	Sediment	Bacteria	Pseudomonadota	Alphaproteobacteria	Rhizobiales	Rhizobiaceae	Unclassified	0.000304427241889188
SRR10070141	Groundwater	Bacteria	Pseudomonadota	Gammaproteobacteria	Acidiferrobacterales	Sulfurifustaceae	SCRL01	0.00609710942706919
SRR10070141	Groundwater	Bacteria	Myxococcota_A	UBA796	UBA796	SXON01	SXON01	0.0023450420873343
SRR10070131	Riverwater	Bacteria	Bacteroidota	Bacteroidia	Bacteroidales	Bacteroidaceae	Paraprevotella	0.00055765900619295
SRR10070141	Groundwater	Bacteria	Patescibacteriota	Saccharimonadia	Saccharimonadales	JALRHH01	JALRHH01	0.00360395941842956
SRR10070130	Riverwater	Bacteria	Verrucomicrobiota	Verrucomicrobiia	Limisphaerales	JADLHS01	JADLHS01	0.000319668762272997
SRR10070134	Riverwater	Bacteria	Pseudomonadota	Gammaproteobacteria	Pseudomonadales	Cellvibrionaceae	Cellvibrio	0.01138023742588114
SRR10102394	Soil	Bacteria	Pseudomonadota	Gammaproteobacteria	Steroidobacterales	Steroidobacteraceae	DATJKD01	0.00127575618222545
SRR10070151	Sediment	Bacteria	Spirochaetota	Spirochaetia	Treponematales	Rectinemataceae	JAJXZP01	0.000821314760668879
SRR10070134	Riverwater	Bacteria	Omnitrophota	Gorgyraeia	2-02-FULL-51-18	2-02-FULL-51-18	JACPAX01	0.000626097204660127
SRR10070151	Sediment	Bacteria	Pseudomonadota	Gammaproteobacteria	Burkholderiales	Burkholderiaceae_D	CAWIOX01	0.000131410361707021
SRR10070130	Riverwater	Bacteria	Pseudomonadota	Gammaproteobacteria	Enterobacterales	Alteromonadaceae	Pararheinheimera	0.007504604752408936
SRR10070151	Sediment	Bacteria	Acidobacteriota	Thermoanaerobaculia	Multivoradales	Unclassified	Unclassified	0.000213541837773908
SRR10070150	Sediment	Bacteria	Desulfobacterota	Desulfuromonadia	Geobacterales	Pseudopelobacteraceae	JACRCG01	0.000376909918529471
SRR10070134	Riverwater	Bacteria	Acidobacteriota	Holophagae	Holophagales	Holophagaceae	JAYREN01	0.000294633978663589
SRR10070134	Riverwater	Bacteria	Bacteroidota	Bacteroidia	Bacteroidales	Unclassified	Unclassified	0.000405121720662435
SRR10102392	Soil	Bacteria	Acidobacteriota	Vicinamibacteria	Vicinamibacterales	CAVVIG01	CAVREM01	0.000713938510147041
SRR10102392	Soil	Bacteria	Planctomycetota	Planctomycetia	Gemmatales	Gemmataceae	JAIEPT01	0.000151901810669583
SRR10070131	Riverwater	Bacteria	Pseudomonadota	Alphaproteobacteria	Dongiales	Dongiaceae	Dongia	0.000117401896040621
SRR10102393	Soil	Bacteria	Pseudomonadota	Alphaproteobacteria	Sphingomonadales	Sphingomonadaceae	Sphingomicrobium	0.0222294867603792
SRR10070131	Riverwater	Bacteria	Patescibacteriota	Gracilibacteria	UBA1369	UBA1369	Unclassified	0.000132077133045699
SRR10070149	Sediment	Bacteria	Myxococcota_A	Polyangia	Polyangiales	Polyangiaceae	FEN-1139	0.000654491055288911
SRR10070149	Sediment	Archaea	Halobacteriota	Methanomicrobia	Methanomicrobiales	Methanospirillaceae	Methanoregula	0.00082590537929315
SRR10070150	Sediment	Bacteria	Chloroflexota	Anaerolineae	Anaerolineales	UBA4823	CAWCPR01	0.000565364877794207
SRR10102392	Soil	Bacteria	Desulfobacterota	Binatia	HRBIN30	CADEER01	JAHBUY01	0.000212662534937416
SRR10070132	Groundwater	Bacteria	Actinomycetota	Thermoleophilia	Gaiellales	Gaiellaceae	VAXT01	0.000426402865427256
SRR10102394	Soil	Bacteria	Desulfobacterota	Desulfuromonadia	Geobacterales	Pseudopelobacteraceae	Oryzomonas	0.000252184361602706
SRR10102393	Soil	Bacteria	Verrucomicrobiota	Verrucomicrobiia	Limisphaerales	UBA8199	Unclassified	0.0005175983436853
SRR10070151	Sediment	Bacteria	Bacteroidota	Bacteroidia	Chitinophagales	Chitinophagaceae	Flavihumibacter	0.000164262952133776
SRR10102394	Soil	Bacteria	Pseudomonadota	Alphaproteobacteria	Rhizobiales	Beijerinckiaceae	Unclassified	0.000637878091112726
SRR10070151	Sediment	Archaea	Halobacteriota	Methanomicrobia	Methanomicrobiales	Methanospirillaceae	Methanoregula	0.00108413548408292
SRR10070150	Sediment	Bacteria	Actinomycetota	Actinomycetes	Actinomycetales	Kineosporiaceae	Unclassified	0.00590008987851903
SRR10070151	Sediment	Bacteria	Myxococcota_A	Polyangia	Fen-1088	Fen-1088	CAVYGB01	0.000295673313840796
SRR10102392	Soil	Bacteria	Actinomycetota	Acidimicrobiia	Acidimicrobiales	Ilumatobacteraceae	Sva-07	0.000668367966946166
SRR10070150	Sediment	Bacteria	Planctomycetota	Phycisphaerae	Sedimentisphaerales	Anaerobacaceae	Unclassified	0.001797570380679016
SRR10070131	Riverwater	Bacteria	Bacteroidota	Bacteroidia	2-12-FULL-35-15	2-12-FULL-35-15	2-12-FULL-35-15	0.000675060902233571
SRR10070149	Sediment	Bacteria	Acidobacteriota	HRBIN11	JAKEFK01	JAKEFK01	CAZDDB01	0.000810322258929128
SRR10070149	Sediment	Bacteria	Spirochaetota	Spirochaetia	SZUA-6	Fen-1364	Unclassified	0.001698560119678366
SRR10102393	Soil	Bacteria	Acidobacteriota	Vicinamibacteria	Vicinamibacterales	2-12-FULL-66-21	CAVQAH01	0.0009807126511932
SRR10070151	Sediment	Bacteria	Verrucomicrobiota	Verrucomicrobiia	Chthoniobacterales	Terrimicrobiaceae	DASTFP01	0.003482374585236045
SRR10070131	Riverwater	Bacteria	Pseudomonadota	Alphaproteobacteria	Rhizobiales	Aestuariivirgaceae	Aestuariivirga	0.00036688092512694
SRR10102394	Soil	Bacteria	Verrucomicrobiota	Verrucomicrobiia	Chthoniobacterales	UBA10450	CAVTTH01	0.00148343742119239
SRR10070131	Riverwater	Bacteria	Pseudomonadota	Alphaproteobacteria	Unclassified	Unclassified	Unclassified	0.000161427607055854
SRR10102393	Soil	Bacteria	Actinomycetota	Actinomycetes	Mycobacteriales	Geodermatophilaceae	CAVZOY01	0.0001906941266209
SRR10070149	Sediment	Bacteria	Bacteroidota	Bacteroidia	Chitinophagales	Chitinophagaceae	VBAS01	0.000888237860749236
SRR10102393	Soil	Bacteria	Patescibacteriota	Saccharimonadia	Saccharimonadales	2-12-FULL-41-12	JALQXV01	0.00012258908139915
SRR10070133	Groundwater	Bacteria	Omnitrophota	Gorgyraeia	Gygaellales	Profunditerraquicolaceae	UBA6249	0.003212564697483489
SRR10102394	Soil	Bacteria	Bacteroidota	Bacteroidia	Chitinophagales	Saprospiraceae	Opimibacter	0.000207681238966934
SRR10070131	Riverwater	Bacteria	Verrucomicrobiota	Verrucomicrobiia	Opitutales	Opitutaceae	IMCC26134_A	0.000396231399137096
SRR10102393	Soil	Bacteria	Actinomycetota	Acidimicrobiia	Acidimicrobiales	Acidimicrobilacustridaceae	JAFIEP01	0.0001634521085322
SRR10070150	Sediment	Bacteria	Eisenbacteria	RBG-16-71-46	RBG-16-71-46	RBG-16-71-46	CAIXRL01	0.002826824388971036
SRR10070151	Sediment	Bacteria	Nitrospirota	Thermodesulfovibrionia	Thermodesulfovibrionales	SM23-35	Unclassified	0.001002004008016032
SRR10070130	Riverwater	Bacteria	Pseudomonadota	Gammaproteobacteria	Burkholderiales	Burkholderiaceae_C	Piscinibacter	0.000776338422662993
SRR10070150	Sediment	Bacteria	Acidobacteriota	Aminicenantia	Aminicenantales	Unclassified	Unclassified	0.001536632744773999
SRR10070130	Riverwater	Bacteria	Pseudomonadota	Gammaproteobacteria	Burkholderiales	Chitinibacteraceae	Deefgea	0.00179623399753398
SRR10070149	Sediment	Bacteria	Acidobacteriota	Vicinamibacteria	Vicinamibacterales	2-12-FULL-66-21	Unclassified	0.000451910490556629
SRR10102393	Soil	Bacteria	Eisenbacteria	RBG-16-71-46	RBG-16-71-46	DASYSL01	JANPEF01	0.00047673531655225
SRR10070149	Sediment	Bacteria	Verrucomicrobiota	Verrucomicrobiia	Limisphaerales	Unclassified	Unclassified	0.001511562675310104
SRR10070150	Sediment	Bacteria	Acidobacteriota	Terriglobia	20CM-2-55-15	20CM-2-55-15	Unclassified	0.000318923777217245
SRR10070131	Riverwater	Bacteria	Pseudomonadota	Unclassified	Unclassified	Unclassified	Unclassified	0.002289336972792105
SRR10070150	Sediment	Bacteria	Pseudomonadota	Gammaproteobacteria	Steroidobacterales	Steroidobacteraceae	Unclassified	0.000289930706561132
SRR10102393	Soil	Bacteria	Actinomycetota	Actinomycetes	Propionibacteriales	Nocardioidaceae	Marmoricola	0.001634521085322
SRR10102393	Soil	Bacteria	Bacillota	Bacilli	Unclassified	Unclassified	Unclassified	0.00093984962406015
SRR10102392	Soil	Bacteria	Bacteroidota	Bacteroidia	Cytophagales	Hymenobacteraceae	Adhaeribacter	0.00107850285575404
SRR10070149	Sediment	Bacteria	Chloroflexota	Anaerolineae	JAAYEA01	JAAYEA01	JAIOAV01	0.000311662407280434
SRR10070134	Riverwater	Bacteria	Bdellovibrionota	Bdellovibrionia	Bdellovibrionales	Bdellovibrionaceae	21-14-0-10-47-8	0.000159593405109444
SRR10102394	Soil	Bacteria	Pseudomonadota	Alphaproteobacteria	Rhizobiales	Beijerinckiaceae	Microvirga	0.004969515360994496
SRR10102394	Soil	Bacteria	Verrucomicrobiota	Verrucomicrobiia	Verrucomicrobiales	V1-33	V1-33	0.000207681238966934
SRR10070150	Sediment	Bacteria	Bacteroidota	Ignavibacteria	Ignavibacteriales	Ignavibacteriaceae	IGN3	0.000376909918529471
SRR10070132	Groundwater	Bacteria	Actinomycetota	Actinomycetes	Propionibacteriales	Propionibacteriaceae	Cutibacterium	0.00972198533174143
SRR10102394	Soil	Bacteria	Verrucomicrobiota	Verrucomicrobiia	Limisphaerales	Unclassified	Unclassified	0.002492174867603207
SRR10070150	Sediment	Bacteria	Acidobacteriota	Thermoanaerobaculia	Thermoanaerobaculales	Thermoanaerobaculaceae	RBG-13-68-16	0.001014757472963961
SRR10070149	Sediment	Bacteria	Desulfobacterota	DSM-4660	Desulfatiglandales	Desulfatiglandaceae	Unclassified	0.00280496166552391
SRR10070141	Groundwater	Bacteria	Pseudomonadota	Alphaproteobacteria	Sphingomonadales	Sphingomonadaceae	Sphingobium	0.00604774011996742
SRR10102393	Soil	Bacteria	Myxococcota	Myxococcia	Myxococcales	Myxococcaceae	Aggregicoccus	0.0010624387054593
SRR10102394	Soil	Bacteria	Patescibacteriota	Saccharimonadia	Saccharimonadales	UBA4665	JAXLZZ01	0.000578540594265031
SRR10102393	Soil	Bacteria	Verrucomicrobiota	Verrucomicrobiia	Verrucomicrobiales	Verrucomicrobiaceae	Verrucomicrobium	0.00047673531655225
SRR10102392	Soil	Bacteria	Cyanobacteriota	Cyanobacteriia	FACHB-46	FACHB-46	Trichocoleus	0.000349374164540041
SRR10102394	Soil	Bacteria	Planctomycetota	Planctomycetia	Gemmatales	Gemmataceae	Urbifossiella	0.000296687484238477
SRR10070149	Sediment	Bacteria	Bacteroidota	Bacteroidia	Cytophagales	Cyclobacteriaceae	Fulvivirga	0.000420744249828586
SRR10070150	Sediment	Bacteria	Pseudomonadota	Gammaproteobacteria	Steroidobacterales	Steroidobacteraceae	CAILZL01	0.00114522629091647
SRR10070151	Sediment	Bacteria	Chloroflexota	Anaerolineae	Anaerolineales	Anaerolineaceae	DSYU01	0.000229968132987286
SRR10102392	Soil	Bacteria	Pseudomonadota	Gammaproteobacteria	DSM-5130	Acidihalobacteraceae	Acidihalobacter_A	0.00045570543200875
SRR10070134	Riverwater	Bacteria	Pseudomonadota	Gammaproteobacteria	Thiotrichales	Thiotrichaceae	Thiolinea	0.000417398136440085
SRR10102392	Soil	Bacteria	Desulfobacterota	Binatia	UBA9968	UBA9968	DAIRFP01	0.00141268683922712
SRR10070130	Riverwater	Bacteria	Desulfobacterota	Binatia	UTPRO1	UTPRO1	DP-19	0.000213112508181998
SRR10102394	Soil	Bacteria	Actinomycetota	Actinomycetes	Actinomycetales	Cellulomonadaceae	Cellulomonas	0.000964234323775052
SRR10070134	Riverwater	Bacteria	Bacteroidota	Bacteroidia	Chitinophagales	Saprospiraceae	JAAFJT01	0.000405121720662435
SRR10070131	Riverwater	Bacteria	Omnitrophota	Gorgyraeia	2-02-FULL-51-18	2-02-FULL-51-18	Unclassified	0.000895189457309736
SRR10070131	Riverwater	Bacteria	Chloroflexota	Anaerolineae	Caldilineales	Caldilineaceae	Caldilinea	0.000205453318071087
SRR10070151	Sediment	Bacteria	Desulfobacterota	Syntrophia	Syntrophales	Fen-1087	Unclassified	0.00108413548408292
SRR10102393	Soil	Bacteria	Chloroflexota	Dehalococcoidia	Tepidiformales	Tepidiformaceae	Amarobacter	0.00074915549743925
SRR10070133	Groundwater	Bacteria	Omnitrophota	Gorgyraeia	Unclassified	Unclassified	Unclassified	0.00174013921113689
SRR10070150	Sediment	Bacteria	Acidobacteriota	Thermoanaerobaculia	Gp7-AA8	Gp7-AA8	Unclassified	0.000811805978371169
SRR10070134	Riverwater	Bacteria	Planctomycetota	Brocadiia	Brocadiales	Brocadiaceae	Brocadia	0.000171869820887094
SRR10070131	Riverwater	Bacteria	Acidobacteriota	Blastocatellia	Pyrinomonadales	Pyrinomonadaceae	OLB17	0.000220128555076164
SRR10070134	Riverwater	Bacteria	Pseudomonadota	Gammaproteobacteria	Burkholderiales	Methylophilaceae	Unclassified	0.002357071829308719
SRR10070151	Sediment	Bacteria	Myxococcota_A	UBA9160	UBA9160	PR03	PR03	0.0010184303032294089
SRR10102394	Soil	Archaea	Thermoproteota	Nitrososphaeria	Nitrososphaerales	Nitrososphaeraceae	TH5896	0.01756389906691788
SRR10070149	Sediment	Bacteria	Planctomycetota	PLA2	PLA2	PLA2	Unclassified	0.000623324814560868
SRR10070149	Sediment	Bacteria	Desulfobacterota	Desulfobaccia	Desulfobaccales	0-14-0-80-60-11	Unclassified	0.000872654740385215
SRR10070134	Riverwater	Bacteria	Bacteroidota	Bacteroidia	B-17B0	Aurantibacillaceae	Aurantibacillus	0.000896178351768418
SRR10070150	Sediment	Bacteria	Campylobacterota	Campylobacteria	Campylobacterales	Sulfurimonadaceae	Sulfuricurvum	0.000275434171233075
SRR10070141	Groundwater	Bacteria	Pseudomonadota	Alphaproteobacteria	Rhodobacterales	Rhodobacteraceae	Cypionkella	0.000592431685221298
SRR10070151	Sediment	Bacteria	Hydrogenedentota	Hydrogenedentia	Hydrogenedentales	GCA-2746185	VFKU01	0.000279247018627419
SRR10102394	Soil	Bacteria	Bacillota	Bacilli	Bacillales_A	Planococcaceae	Solibacillus	0.000400528103721944
SRR10070150	Sediment	Bacteria	Pseudomonadota	Gammaproteobacteria	Pseudomonadales	Moraxellaceae	UBA2031	0.0000869792119683396
SRR10102394	Soil	Bacteria	Unclassified	Unclassified	Unclassified	Unclassified	Unclassified	0.028927029713251586
SRR10070151	Sediment	Bacteria	Desulfobacterota	Desulfobulbia	Desulfobulbales	Desulfobulbaceae	UBA10518	0.000624199218108348
SRR10102394	Soil	Bacteria	Actinomycetota	Actinomycetes	Actinomycetales	Microbacteriaceae	Cryobacterium	0.000370859355298097
SRR10070149	Sediment	Bacteria	Nitrospirota	Leptospirillia	Leptospirillales	Leptospirillaceae	UBA4572	0.000311662407280434
SRR10102394	Soil	Bacteria	Actinomycetota	Acidimicrobiia	IMCC26256	Unclassified	Unclassified	0.00026701873581463
SRR10070151	Sediment	Bacteria	Acidobacteriota	Polarisedimenticolia	Polarisedimenticolales	DASUFT01	DASUFT01	0.000837741055882256
SRR10070130	Riverwater	Archaea	Thermoproteota	Nitrososphaeria	Nitrososphaerales	Nitrosopumilaceae	Nitrosarchaeum	0.000563225914480995
SRR10102394	Soil	Bacteria	Nitrospirota	Nitrospiria	Nitrospirales	Nitrospiraceae	Nitrospira_C	0.00231416237706012
SRR10070149	Sediment	Bacteria	Chloroflexota	Limnocylindria	Limnocylindrales	CSP1-4	Fen-1039	0.000981736582933366
SRR10070149	Sediment	Bacteria	Acidobacteriota	Vicinamibacteria	Vicinamibacterales	Vicinamibacteraceae	Unclassified	0.000264913046188369
SRR10102394	Soil	Bacteria	Acidobacteriota	Blastocatellia	Unclassified	Unclassified	Unclassified	0.0000890062452715432
SRR10070150	Sediment	Bacteria	Chloroflexota	Anaerolineae	Anaerolineales	DRKV01	JAGUYX01	0.000391406453857528
SRR10102394	Soil	Bacteria	Planctomycetota	Planctomycetia	Planctomycetales	Planctomycetaceae	Unclassified	0.000118674993695391
SRR10070150	Sediment	Bacteria	Bacteroidota	Bacteroidia	Bacteroidales	Prolixibacteraceae	G963677325	0.0014496535328056609
SRR10070131	Riverwater	Bacteria	Pseudomonadota	Gammaproteobacteria	Burkholderiales	Burkholderiaceae_D	Janthinobacterium	0.000205453318071087
SRR10070151	Sediment	Bacteria	Pseudomonadota	Gammaproteobacteria	Acidiferrobacterales	Sulfurifustaceae	Sulfuricaulis	0.00116626696014981
SRR10070130	Riverwater	Bacteria	Bdellovibrionota	UBA1018	UBA1018	UBA1018	CAIOHW01	0.000197890186168998
SRR10070150	Sediment	Bacteria	Desulfobacterota	Desulfobulbia	Desulfobulbales	Desulfocapsaceae	Unclassified	0.001565625815430113
SRR10070130	Riverwater	Bacteria	Bdellovibrionota	Bdellovibrionia	Bdellovibrionales	JAMPXM01	Ga0074137	0.000243557152207998
SRR10070151	Sediment	Bacteria	Acidobacteriota	Terriglobia	Bryobacterales	Bryobacteraceae	Unclassified	0.001445513978777227
SRR10070134	Riverwater	Bacteria	Desulfobacterota	BSN033	BSN033	UBA1163	UBA1163	0.000208699068220042
SRR10102393	Soil	Bacteria	Acidobacteriota	Vicinamibacteria	Vicinamibacterales	JAMQPK01	JAMQPK01	0.0024790236460717
SRR10102392	Soil	Bacteria	Chloroflexota	Anaerolineae	Caldilineales	Caldilineaceae	Fredericiella	0.0026279013245837897
SRR10070134	Riverwater	Bacteria	Actinomycetota	Actinomycetes	S36-B12	UBA10799	UBA10799	0.00182918595086978
SRR10070134	Riverwater	Bacteria	Bdellovibrionota_B	Oligoflexia	Silvanigrellales	Silvanigrellaceae	Silvanigrella	0.000245528315552991
SRR10070133	Groundwater	Bacteria	Pseudomonadota	Gammaproteobacteria	Acidiferrobacterales	Sulfurifustaceae	SCRL01	0.0053096555416741
SRR10102392	Soil	Bacteria	Verrucomicrobiota	Verrucomicrobiia	Chthoniobacterales	Chthoniobacteraceae	DASYIS01	0.00098736176935229
SRR10070150	Sediment	Bacteria	Planctomycetota	PLA2	PLA2	PLA2	Unclassified	0.000391406453857528
SRR10070133	Groundwater	Bacteria	Pseudomonadota	Alphaproteobacteria	Rhizobiales	Rhizobiaceae	Brucella	0.00434291153548694
SRR10070150	Sediment	Bacteria	Moduliflexota	Moduliflexia	Moduliflexales	Moduliflexaceae	Unclassified	0.000188454959264736
SRR10102392	Soil	Bacteria	Acidobacteriota	Vicinamibacteria	Vicinamibacterales	2-12-FULL-66-21	Unclassified	0.007109004739336497
SRR10102394	Soil	Bacteria	Chloroflexota	Anaerolineae	4572-78	J111	DSQQ01	0.0000890062452715432
SRR10070150	Sediment	Bacteria	Acidobacteriota	Thermoanaerobaculia	UBA5066	Gp7-AA6	DAHUXD01	0.002580383288394078
SRR10070151	Sediment	Bacteria	Chloroflexota	Anaerolineae	Anaerolineales	UBA4823	FEB-25	0.009412267157265345
SRR10102393	Soil	Bacteria	Armatimonadota	Armatimonadia	Armatimonadales	Armatimonadaceae	CAIVZM01	0.000272420180887
SRR10070149	Sediment	Bacteria	Desulfobacterota	BSN033	BSN033	UBA1163	UBA1163	0.013728729040703106
SRR10102392	Soil	Bacteria	Gemmatimonadota	Gemmatimonadetes	JACCXV01	JAHWKZ01	CAMYLR01	0.000212662534937416
SRR10070130	Riverwater	Bacteria	Pseudomonadota	Gammaproteobacteria	Xanthomonadales	SZUA-36	Unclassified	0.000106556254090999
SRR10070131	Riverwater	Bacteria	Bdellovibrionota	UBA1018	UBA1018	UBA1018	Unclassified	0.000675060902233571
SRR10070149	Sediment	Bacteria	Chloroflexota	Dehalococcoidia	Dehalococcoidales	RBG-16-60-22	Unclassified	0.000171414324004239
SRR10070149	Sediment	Bacteria	Bacteroidota	Bacteroidia	Chitinophagales	Chitinophagaceae	Pollutibacter	0.000327245527644456
SRR10102394	Soil	Bacteria	Chloroflexota	Limnocylindria	Limnocylindrales	CSP1-4	JALYGJ01	0.001809793653854712
SRR10102393	Soil	Bacteria	Pseudomonadota	Alphaproteobacteria	Rhizobiales	Xanthobacteraceae	DATFWC01	0.00053121935272965
SRR10070134	Riverwater	Bacteria	Pseudomonadota	Gammaproteobacteria	Burkholderiales	Burkholderiaceae_C	CAIKUF01	0.000613820788882478
SRR10070149	Sediment	Bacteria	Bacteroidota	Ignavibacteria	Ignavibacteriales	Ignavibacteriaceae	CAVSWT01	0.000451910490556629
SRR10070151	Sediment	Bacteria	Planctomycetota	Phycisphaerae	Tepidisphaerales	Tepidisphaeraceae	Unclassified	0.000197115542560531
SRR10102394	Soil	Bacteria	Bacteroidota	Bacteroidia	Chitinophagales	Chitinophagaceae	VBAU01	0.00026701873581463
SRR10070131	Riverwater	Bacteria	Pseudomonadota	Alphaproteobacteria	Micavibrionales	Micavibrionaceae	UBA1573	0.00104194182736051
SRR10070132	Groundwater	Bacteria	Patescibacteriota	Saccharimonadia	Saccharimonadales	Saccharimonadaceae	UBA6022	0.00396554664847348
SRR10070150	Sediment	Bacteria	Bdellovibrionota	Bacteriovoracia	Bacteriovoracales	Bacteriovoracaceae	Bacteriovorax	0.0000579861413122264
SRR10070134	Riverwater	Bacteria	Pseudomonadota	Gammaproteobacteria	CAWJOP01	CAWJOP01	CAWJOP01	0.000196422652442393
SRR10070150	Sediment	Bacteria	Desulfobacterota	Desulfuromonadia	Geobacterales	Geobacteraceae	Unclassified	0.0029717897422515942
SRR10070149	Sediment	Bacteria	Pseudomonadota	Gammaproteobacteria	Burkholderiales	Burkholderiaceae_C	Unclassified	0.003210122794988468
SRR10070134	Riverwater	Bacteria	Verrucomicrobiota	Verrucomicrobiia	Verrucomicrobiales	Verrucomicrobiaceae	Prosthecobacter	0.001890568029758032
SRR10070150	Sediment	Bacteria	Actinomycetota	Actinomycetes	Propionibacteriales	Propionibacteriaceae	Microlunatus	0.000231944565248906
SRR10070149	Sediment	Bacteria	Desulfobacterota	Binatia	UTPRO1	UTPRO1	JBGPIT01	0.000373994888736521
SRR10070133	Groundwater	Bacteria	Bdellovibrionota	UBA1018	CAIPTA01	CAIPTA01	JAKFYM01	0.000580046403712297
SRR10070141	Groundwater	Bacteria	Patescibacteriota	Minisyncoccia	UBA6257	UBA11618	CALRGO01	0.000419639110365086
SRR10070133	Groundwater	Bacteria	Bdellovibrionota	Bacteriovoracia	Bacteriovoracales	Bacteriovoracaceae	Unclassified	0.00593432089951812
SRR10070149	Sediment	Bacteria	Chloroflexota	Anaerolineae	Anaerolineales	UBA4823	CAWCPR01	0.000498659851648694
SRR10070150	Sediment	Bacteria	Chloroflexota	Dehalococcoidia	Dehalococcoidales	RBG-16-60-22	RBG-13-51-18	0.000289930706561132
SRR10070134	Riverwater	Bacteria	Myxococcota_A	UBA796	UBA796	CAJQPC01	JADKFE01	0.00055243870999423
SRR10070131	Riverwater	Bacteria	Patescibacteriota	Gracilibacteria	BD1-5	UBA2023	JABFSX01	0.001408822752487453
SRR10102393	Soil	Bacteria	Pseudomonadota	Gammaproteobacteria	Xanthomonadales	Xanthomonadaceae	Pseudoxanthomonas_A	0.00012258908139915
SRR10070150	Sediment	Bacteria	Unclassified	Unclassified	Unclassified	Unclassified	Unclassified	0.05502884810530281
SRR10070130	Riverwater	Bacteria	Bdellovibrionota_B	Oligoflexia	Silvanigrellales	Silvanigrellaceae	Silvanigrella	0.000350113406298997
SRR10070151	Sediment	Bacteria	Pseudomonadota	Gammaproteobacteria	Burkholderiales	SG8-39	VBDM01	0.00119911955057656
SRR10070149	Sediment	Bacteria	Patescibacteriota	Saccharimonadia	Saccharimonadales	Unclassified	Unclassified	0.000514242972012716
SRR10102392	Soil	Bacteria	Planctomycetota	Planctomycetia	Isosphaerales	Isosphaeraceae	Singulisphaera	0.000486085794142666
SRR10070130	Riverwater	Bacteria	Nitrospirota	Thermodesulfovibrionia	Thermodesulfovibrionales	UBA6898	JAOUFP01	0.0000761116100649993
SRR10070151	Sediment	Bacteria	Verrucomicrobiota	Verrucomicrobiia	Opitutales	Opitutaceae	Unclassified	0.000689904398961858
SRR10070130	Riverwater	Bacteria	Elusimicrobiota	Elusimicrobia	FEN-1173	FEN-1173	JADJJR01	0.000137000898116999
SRR10070141	Groundwater	Bacteria	Pseudomonadota	Gammaproteobacteria	Burkholderiales	Burkholderiaceae_C	Polaromonas	0.24111969588506857
SRR10070130	Riverwater	Bacteria	Pseudomonadota	Gammaproteobacteria	Burkholderiales	Burkholderiaceae_C	Polaromonas	0.000776338422662993
SRR10070149	Sediment	Bacteria	Myxococcota_A	UBA9160	UBA9160	SMWR01	DASUFZ01	0.000997319703297388
SRR10070151	Sediment	Bacteria	Desulfobacterota	Desulfuromonadia	Geobacterales	Geobacteraceae	Unclassified	0.00326883274746214
SRR10070133	Groundwater	Bacteria	Pseudomonadota	Alphaproteobacteria	Sphingomonadales	Sphingomonadaceae	Sphingobium	0.00111547385329288
SRR10070131	Riverwater	Bacteria	Patescibacteriota	Saccharimonadia	Saccharimonadales	UBA4665	JAJZMH01	0.008438261277919641
SRR10070149	Sediment	Bacteria	Chloroflexota	Anaerolineae	Anaerolineales	UBA4823	CAVVUF01	0.00154272891603815
SRR10070149	Sediment	Bacteria	Desulfobacterota	Desulfobaccia	Desulfobaccales	0-14-0-80-60-11	SURF-52	0.0012466496291217359
SRR10070151	Sediment	Bacteria	Bacteroidota	Ignavibacteria	UBA10030	UBA6906	JAGDMK01	0.001774039883044779
SRR10070133	Groundwater	Bacteria	Pseudomonadota	Gammaproteobacteria	Pseudomonadales	Moraxellaceae	UBA2031	0.000371824617764293
SRR10102394	Soil	Bacteria	Planctomycetota	Planctomycetia	Gemmatales	Gemmataceae	SIAQ01	0.000207681238966934
SRR10070150	Sediment	Archaea	Thermoproteota	Nitrososphaeria	Nitrososphaerales	Nitrososphaeraceae	TH1177	0.00162361195674234
SRR10070130	Riverwater	Bacteria	Omnitrophota	Omnitrophia	Omnitrophales	Aquincolibacteriaceae	JAUYMS01	0.000274001796233998
SRR10070134	Riverwater	Bacteria	Verrucomicrobiota	Verrucomicrobiia	Opitutales	Opitutaceae	UBA2377	0.000613820788882478
SRR10070141	Groundwater	Bacteria	Patescibacteriota	Minisyncoccia	Phycocordibacterales	PALSA-1337	CAIOGI01	0.000172792574856212
SRR10102394	Soil	Bacteria	Methylomirabilota	Methylomirabilia	Rokubacteriales	CSP1-6	VGLJ01	0.000296687484238477
SRR10070132	Groundwater	Bacteria	Patescibacteriota	Minisyncoccia	Minisyncoccales	UBA10102	UBA10102	0.000469043151969981
SRR10070151	Sediment	Bacteria	Pseudomonadota	Gammaproteobacteria	Steroidobacterales	Steroidobacteraceae	DASTQG01	0.0000985577712802654
SRR10102392	Soil	Bacteria	Planctomycetota	Planctomycetia	Planctomycetales	Planctomycetaceae	Unclassified	0.000121521448535667
SRR10070149	Sediment	Bacteria	Planctomycetota	Phycisphaerae	Sedimentisphaerales	Anaerobacaceae	Unclassified	0.0017764757214984719
SRR10070149	Sediment	Bacteria	Myxococcota_A	Polyangia	Polyangiales	Polyangiaceae	CAWHDJ01	0.000498659851648694
SRR10070151	Sediment	Bacteria	Actinomycetota	UBA4738	UBA4738	HRBIN12	DASSJM01	0.002004008016032069
SRR10070149	Sediment	Bacteria	Acidobacteriota	Vicinamibacteria	Vicinamibacterales	CAVPJW01	Unclassified	0.000373994888736521
SRR10070150	Sediment	Bacteria	Zixibacteria	MSB-5A5	WJJR01	WJJR01	JACRMA01	0.0008842886550114526
SRR10070131	Riverwater	Bacteria	Myxococcota_A	Polyangia	Polyangiales	Polyangiaceae	Labilithrix	0.00024947902908632
SRR10070149	Sediment	Bacteria	Desulfobacterota	Binatia	UBA9968	UBA9968	DP-20	0.0030854578320762952
SRR10070151	Sediment	Bacteria	Desulfobacterota	Binatia	UTPRO1	UTPRO1	JBGPIT01	0.000197115542560531
SRR10070134	Riverwater	Bacteria	Pseudomonadota	Gammaproteobacteria	Enterobacterales	Aeromonadaceae	Tolumonas	0.005106988963502215
SRR10102392	Soil	Bacteria	Acidobacteriota	Thermoanaerobaculia	Gp7-AA8	Gp7-AA8	JADGNZ01	0.000136711629602625
SRR10102394	Soil	Bacteria	Actinomycetota	Actinomycetes	Mycobacteriales	Micromonosporaceae	Rhizocola	0.000400528103721944
SRR10102393	Soil	Bacteria	Chloroflexota	Chloroflexia	Thermomicrobiales	UBA6265	JACCXM01	0.00140296393156805
SRR10070130	Riverwater	Bacteria	Planctomycetota	Planctomycetia	Isosphaerales	Isosphaeraceae	QWQI01	0.000152223220129999
SRR10102394	Soil	Bacteria	Pseudomonadota	Alphaproteobacteria	Micropepsales	Micropepsaceae	CAIYRG01	0.000163178116331163
SRR10070151	Sediment	Bacteria	Pseudomonadota	Gammaproteobacteria	Burkholderiales	Burkholderiaceae_F	JADJWR01	0.000443509970761195
SRR10070149	Sediment	Bacteria	Pseudomonadota	Gammaproteobacteria	Burkholderiales	Gallionellaceae	Sideroxyarcus	0.0042853581001059595
SRR10070134	Riverwater	Bacteria	Bacteroidota	Bacteroidia	Chitinophagales	Saprospiraceae	Opimibacter	0.000306910394441239
SRR10070134	Riverwater	Bacteria	Bacteroidota	Bacteroidia	Flavobacteriales	Weeksellaceae	Cloacibacterium	0.000626097204660127
SRR10070131	Riverwater	Bacteria	Bdellovibrionota_B	Oligoflexia	Oligoflexales	Oligoflexaceae	Oligoflexus	0.00049895805817264
SRR10070141	Groundwater	Bacteria	Pseudomonadota	Alphaproteobacteria	Rhizobiales	Rhizobiaceae	Brucella	0.000518377724568636
SRR10070131	Riverwater	Bacteria	Actinomycetota	Acidimicrobiia	Acidimicrobiales	Iamiaceae	Aquihabitans	0.000293504740101553
SRR10102394	Soil	Bacteria	Pseudomonadota	Alphaproteobacteria	Rhodobacterales	Rhodobacteraceae	Acidimangrovimonas	0.000623043716900802
SRR10070149	Sediment	Bacteria	Pseudomonadota	Alphaproteobacteria	Rhizobiales	Xanthobacteraceae	Pseudorhodoplanes	0.000514242972012716
SRR10070134	Riverwater	Bacteria	Omnitrophota	Omnitrophia	Omnitrophales	Aquincolibacteriaceae	JAHFHB01	0.000147316989331795
SRR10070149	Sediment	Bacteria	Desulfobacterota	RBG-13-43-22	RBG-13-43-22	RBG-13-43-22	CAVQFQ01	0.000296079286916412
SRR10070134	Riverwater	Bacteria	Actinomycetota	Actinomycetes	Mycobacteriales	Mycobacteriaceae	Rhodococcoides	0.0000613820788882478
SRR10070151	Sediment	Bacteria	Desulfobacterota	Syntrophobacteria	Syntrophobacterales	Syntrophobacteraceae	CAWDJT01	0.0025460757580735302
SRR10070130	Riverwater	Bacteria	Pseudomonadota	Gammaproteobacteria	Pseudomonadales	Halieaceae	Marimicrobium	0.00120256343902699
SRR10070150	Sediment	Bacteria	Desulfobacterota	Desulfobacteria	Desulfobacterales	RPRI01	RPRI01	0.000304427241889188
SRR10070151	Sediment	Bacteria	Planctomycetota	Planctomycetia	Pirellulales	JADZDJ01	Unclassified	0.000147836656920398
SRR10070150	Sediment	Bacteria	Methylomirabilota	Methylomirabilia	Rokubacteriales	CSP1-6	DASRWT01	0.00233394218781711
SRR10070134	Riverwater	Bacteria	Bdellovibrionota	Bacteriovoracia	Bacteriovoracales	Bacteriovoracaceae	Unclassified	0.0003314632259965385
SRR10070149	Sediment	Bacteria	Pseudomonadota	Gammaproteobacteria	Burkholderiales	Burkholderiaceae_D	CAWIOX01	0.00018699744436826
SRR10070150	Sediment	Bacteria	Acidobacteriota	Aminicenantia	Aminicenantales	Saccharicenantaceae	RBG-16-66-30	0.01124931141457192
SRR10070131	Riverwater	Bacteria	Bacteroidota	Bacteroidia	AKYH767-A	2013-40CM-41-45	JADKIH01	0.000997916116345279
SRR10102392	Soil	Bacteria	Pseudomonadota	Alphaproteobacteria	Caulobacterales	Caulobacteraceae	Brevundimonas	0.000334183983473083
SRR10070151	Sediment	Bacteria	Myxococcota_A	Polyangia	Unclassified	Unclassified	Unclassified	0.000558494037254838
SRR10070149	Sediment	Bacteria	Chloroflexota	Dehalococcoidia	Dehalococcoidales	RBG-16-60-22	JBFYTX01	0.001153150906937606
SRR10070151	Sediment	Bacteria	Pseudomonadota	Alphaproteobacteria	Sphingomonadales	Sphingomonadaceae	Sphingomicrobium	0.001954729130391936
SRR10102392	Soil	Bacteria	Verrucomicrobiota	Verrucomicrobiia	Limisphaerales	JADLHS01	Unclassified	0.00027342325920525
SRR10070149	Sediment	Bacteria	Chloroflexota	Dehalococcoidia	Dehalococcoidales	UBA3254	UBA3254	0.0006233248145608679
SRR10102392	Soil	Bacteria	Bacillota	Bacilli	Paenibacillales	Paenibacillaceae	Paenibacillus_Z	0.000212662534937416
SRR10070151	Sediment	Bacteria	Acidobacteriota	Terriglobia	Unclassified	Unclassified	Unclassified	0.000279247018627419
SRR10070149	Sediment	Bacteria	Pseudomonadota	Gammaproteobacteria	Methylococcales	Methylomonadaceae	Methylomonas	0.000389578009100542
SRR10070150	Sediment	Bacteria	Patescibacteriota	Saccharimonadia	Saccharimonadales	Saccharimonadaceae	Unclassified	0.00284132092429909
SRR10102392	Soil	Bacteria	Pseudomonadota	Gammaproteobacteria	Steroidobacterales	Steroidobacteraceae	RPQJ01	0.002263336978976791
SRR10070132	Groundwater	Bacteria	Actinomycetota	Actinomycetes	Mycobacteriales	Mycobacteriaceae	Rhodococcus_F	0.000810165444311786
SRR10070150	Sediment	Bacteria	Bacteroidota	Bacteroidia	Cytophagales	Cyclobacteriaceae	ELB16-189	0.000318923777217245
SRR10070149	Sediment	Bacteria	Bacteroidota	Ignavibacteria	UBA10030	UBA6906	CAWABB01	0.00082590537929315
SRR10070134	Riverwater	Bacteria	Pseudomonadota	Alphaproteobacteria	Dongiales	Dongiaceae	Dongia_A	0.0000613820788882478
SRR10070134	Riverwater	Bacteria	Pseudomonadota	Gammaproteobacteria	UBA6186	Azoamicaceae	UBA6186	0.000589267957327179
SRR10102394	Soil	Bacteria	Acidobacteriota	Blastocatellia	UBA7656	Unclassified	Unclassified	0.000385693729510021
SRR10070134	Riverwater	Bacteria	Pseudomonadota	Alphaproteobacteria	Rhizobiales	Devosiaceae	Devosia_A	0.000319186810218889
SRR10102392	Soil	Bacteria	Pseudomonadota	Gammaproteobacteria	Enterobacterales	Aeromonadaceae	Aeromonas	0.000592417061611374
SRR10070130	Riverwater	Bacteria	Pseudomonadota	Gammaproteobacteria	Burkholderiales	Burkholderiaceae_D	Unclassified	0.0014308982692219881
SRR10070134	Riverwater	Bacteria	Verrucomicrobiota	Verrucomicrobiia	Opitutales	Opitutaceae	JADKHC01	0.000748861362436623
SRR10070149	Sediment	Bacteria	Acidobacteriota	Thermoanaerobaculia	Multivoradales	JAGPDF01	JACTMI01	0.00138689771239793
SRR10070131	Riverwater	Bacteria	Pseudomonadota	Gammaproteobacteria	Enterobacterales	Alteromonadaceae	Pararheinheimera	0.007821901323706373
SRR10070149	Sediment	Bacteria	Fibrobacterota	Fibrobacteria	UBA11236	UBA11236	UBA11236	0.000155831203640217
SRR10070130	Riverwater	Bacteria	Patescibacteriota	Gracilibacteria	BD1-5	JAGOOR01	JAGOOR01	0.0014004536251959881
SRR10070131	Riverwater	Bacteria	Patescibacteriota	Saccharimonadia	Saccharimonadales	Saccharimonadaceae	JAPUDS01	0.00363945877725925
SRR10102392	Soil	Bacteria	Verrucomicrobiota	Verrucomicrobiia	Chthoniobacterales	UBA10450	AV69	0.007519139628144368
SRR10070150	Sediment	Bacteria	Chloroflexota	Anaerolineae	Anaerolineales	E44-bin32	PFL42	0.000101475747296396
SRR10102392	Soil	Bacteria	Acidobacteriota	Vicinamibacteria	Vicinamibacterales	SCN-69-37	DASQFI01	0.0016405395552314991
SRR10070141	Groundwater	Bacteria	Pseudomonadota	Alphaproteobacteria	Rickettsiales	CANDYO01	CANDYO01	0.000197477228407099
SRR10070131	Riverwater	Bacteria	Desulfobacterota	Syntrophobacteria	Syntrophobacterales	Syntrophobacteraceae	CAWDJT01	0.0000440257110152329
SRR10070130	Riverwater	Bacteria	Patescibacteriota	Saccharimonadia	UBA4664	UBA4664	Unclassified	0.000380558050324997
SRR10070133	Groundwater	Bacteria	Bacteroidota	Bacteroidia	2-12-FULL-35-15	2-12-FULL-35-15	2-12-FULL-35-15	0.000505681480159438
SRR10070150	Sediment	Bacteria	Chloroflexota	Anaerolineae	Anaerolineales	UBA4823	UTCFX2	0.004711373981618397
SRR10070131	Riverwater	Bacteria	Cyanobacteriota	Vampirovibrionia	Obscuribacterales	Obscuribacteraceae	Aved-18	0.000146752370050776
SRR10070133	Groundwater	Bacteria	Pseudomonadota	Gammaproteobacteria	Acidiferrobacterales	Sulfurifustaceae	Sulfuricaulis	0.00175501219584746
SRR10070133	Groundwater	Bacteria	Actinomycetota	Actinomycetes	Mycobacteriales	Mycobacteriaceae	Rhodococcus_F	0.000401570587185436
SRR10070149	Sediment	Bacteria	Verrucomicrobiota	Verrucomicrobiia	Limisphaerales	UBA11358	UBA11358	0.000810322258929128
SRR10070131	Riverwater	Bacteria	Pseudomonadota	Gammaproteobacteria	Francisellales	Francisellaceae	Caedibacter	0.0000733761850253882
SRR10070131	Riverwater	Bacteria	Pseudomonadota	Gammaproteobacteria	Burkholderiales	Burkholderiaceae_C	Pseudaquabacterium	0.00187843033664994
SRR10070151	Sediment	Bacteria	Pseudomonadota	Alphaproteobacteria	Rhizobiales	Xanthobacteraceae	Pseudolabrys	0.00236538651072637
SRR10102393	Soil	Bacteria	Actinomycetota	Acidimicrobiia	Acidimicrobiales	Ilumatobacteraceae	DASTFY01	0.00036776724419745
SRR10102394	Soil	Bacteria	Acidobacteriota	Vicinamibacteria	Vicinamibacterales	Vicinamibacteraceae	Unclassified	0.000815890581655813
SRR10070151	Sediment	Bacteria	Chloroflexota	Anaerolineae	Aggregatilineales	Aggregatilineaceae	Unclassified	0.0009527251223758999
SRR10102394	Soil	Bacteria	Verrucomicrobiota	Verrucomicrobiia	Chthoniobacterales	Chthoniobacteraceae	DASYIS01	0.001127412440106214
SRR10102392	Soil	Bacteria	Pseudomonadota	Alphaproteobacteria	Rhizobiales	Devosiaceae	Devosia_A	0.000789889415481833
SRR10070149	Sediment	Bacteria	Desulfobacterota	Desulfobacteria	Desulfobacterales	SpSt-501	SpSt-501	0.00487751667393878
SRR10070149	Sediment	Bacteria	Myxococcota_A	UBA9160	UBA9160	UBA6930	VGRF01	0.000358411768372499
SRR10070131	Riverwater	Bacteria	Pseudomonadota	Gammaproteobacteria	Burkholderiales	JACQAP01	JACQAP01	0.000278829503096475
SRR10102392	Soil	Bacteria	Planctomycetota	Planctomycetia	Pirellulales	Pirellulaceae	Unclassified	0.002293717341110706
SRR10070130	Riverwater	Bacteria	Bdellovibrionota	Bdellovibrionia	Bdellovibrionales	UBA1609	JALHOQ01	0.000258779474220998
SRR10070151	Sediment	Bacteria	Desulfobacterota	Binatia	Bin18	Bin18	Bin18	0.0000985577712802654
SRR10070151	Sediment	Bacteria	Pseudomonadota	Gammaproteobacteria	Burkholderiales	Gallionellaceae	Unclassified	0.003482374585236046
SRR10070150	Sediment	Bacteria	Vulcanimicrobiota	JAMCWD01	JAMCWD01	JAMCWD01	JAMCWD01	0.000202951494592792
SRR10070134	Riverwater	Bacteria	Pseudomonadota	Gammaproteobacteria	Burkholderiales	Rhodocyclaceae	Fluviibacter	0.00112943025154376
SRR10102392	Soil	Bacteria	Bacillota	Bacilli	Paenibacillales	Paenibacillaceae	Pristimantibacillus	0.000151901810669583
SRR10070150	Sediment	Bacteria	Bacillota	Clostridia	Saccharofermentanales	UBA5734	Unclassified	0.000173958423936679
SRR10102393	Soil	Bacteria	Acidobacteriota	Vicinamibacteria	Vicinamibacterales	CAVVIG01	CAWBVG01	0.00488994224692165
SRR10070131	Riverwater	Bacteria	Chloroflexota	Dehalococcoidia	Lucifugimonadales	UBA1123	VXRN01	0.00120336943441637
SRR10070131	Riverwater	Bacteria	Methylomirabilota	Methylomirabilia	Methylomirabilales	2-02-FULL-66-22	2-02-FULL-66-22	0.000205453318071087
SRR10102394	Soil	Bacteria	Actinomycetota	Actinomycetes	Actinomycetales	Kineosporiaceae	JANNPJ01	0.000519203097417335
SRR10070130	Riverwater	Bacteria	Bacteroidota	Bacteroidia	Bacteroidales	Bacteroidaceae	Paraprevotella	0.0009742286088319911
SRR10070150	Sediment	Bacteria	Chloroflexota	Anaerolineae	Anaerolineales	UBA4823	CAWBUW01	0.000826302513699226
SRR10102394	Soil	Bacteria	Acidobacteriota	Thermoanaerobaculia	UBA5066	Gp7-AA6	Gp7-AA6	0.001646615537523552
SRR10070149	Sediment	Bacteria	Zixibacteria	MSB-5A5	CAIYYT01	CAIYYT01	CAIYYT01	0.0017297263604064078
SRR10070149	Sediment	Bacteria	Pseudomonadota	Alphaproteobacteria	UBA828	UBA828	SHWC01	0.000358411768372499
SRR10070133	Groundwater	Bacteria	Pseudomonadota	Alphaproteobacteria	Rhizobiales	Beijerinckiaceae	Methylocystis	0.000104110892974002
SRR10070151	Sediment	Bacteria	Chloroflexota	Limnocylindria	Limnocylindrales	CSP1-4	Unclassified	0.002036860606458822
SRR10102392	Soil	Bacteria	Desulfobacterota	Binatia	UBA9968	UBA9968	WHTF01	0.000364564345607
SRR10102393	Soil	Bacteria	Chloroflexota	Chloroflexia	Thermomicrobiales	UBA6265	DASQCG01	0.0001362100904435
SRR10070141	Groundwater	Bacteria	Bacteroidota	Bacteroidia	2-12-FULL-35-15	2-12-FULL-35-15	2-12-FULL-35-15	0.000296215842610649
SRR10102392	Soil	Bacteria	Actinomycetota	Actinomycetes	Streptomycetales	Streptomycetaceae	Unclassified	0.000288613440272208
SRR10070150	Sediment	Bacteria	Bacillota	Clostridia	Peptostreptococcales	Acidaminobacteraceae	JAFGTX01	0.000246441100576962
SRR10070150	Sediment	Bacteria	Eisenbacteria	RBG-16-71-46	SZUA-252	SZUA-252	DASQJL01	0.0014641500681337161
SRR10070150	Sediment	Bacteria	Armatimonadota	Hebobacteria	Hebobacterales	Hebobacteraceae	Unclassified	0.000362413383201415
SRR10070141	Groundwater	Bacteria	Verrucomicrobiota	Verrucomicrobiia	Opitutales	Opitutaceae	Unclassified	0.00160450248080768
SRR10070131	Riverwater	Bacteria	Verrucomicrobiota	Verrucomicrobiia	Opitutales	Unclassified	Unclassified	0.000337530451116786
SRR10070149	Sediment	Bacteria	Pseudomonadota	Alphaproteobacteria	Rhizobiales	Rhizobiaceae	Rhizobium_E	0.000233746805460325
SRR10070150	Sediment	Bacteria	Planctomycetota	Phycisphaerae	Sedimentisphaerales	Anaerobacaceae	Fen-1362	0.0030442724188918828
SRR10070149	Sediment	Bacteria	Desulfobacterota	BSN033	BSN033	UBA1163	CAWEAV01	0.000264913046188369
SRR10102392	Soil	Bacteria	Chloroflexota	Anaerolineae	J036	Brachytrichaceae	JBDHWI01	0.000167091991736542
SRR10070130	Riverwater	Bacteria	Desulfobacterota	Desulfuromonadia	Desulfuromonadales	Unclassified	Unclassified	0.0000913339320779992
SRR10102393	Soil	Bacteria	Actinomycetota	Actinomycetes	Actinomycetales	Dermatophilaceae	Terrabacter	0.00034052522610875
SRR10070150	Sediment	Bacteria	Bacillota	Clostridia	Clostridiales	Clostridiaceae	Clostridium_AD	0.000942274796323679
SRR10070149	Sediment	Bacteria	Acidobacteriota	Thermoanaerobaculia	Gp7-AA8	Gp7-AA8	JBHEPS01	0.00018699744436826
SRR10070131	Riverwater	Bacteria	Pseudomonadota	Gammaproteobacteria	Burkholderiales	Chitinibacteraceae	Deefgea	0.00140882275248745
SRR10070134	Riverwater	Bacteria	Bdellovibrionota	Bdellovibrionia	Bdellovibrionales	Bdellovibrionaceae	Pseudobdellovibrio	0.001006666093767264
SRR10070130	Riverwater	Bacteria	Bacillota	Clostridia	Lachnospirales	Lachnospiraceae	Roseburia	0.000289224118246997
SRR10102394	Soil	Bacteria	Nitrospirota	Nitrospiria	Nitrospirales	Nitrospiraceae	Palsa-1315	0.00026701873581463
SRR10070151	Sediment	Bacteria	Acidobacteriota	Polarisedimenticolia	Gp22-AA2	Gp22-AA2	Gp22-AA3	0.00047636256118795
SRR10070134	Riverwater	Bacteria	Pseudomonadota	Gammaproteobacteria	Xanthomonadales	Unclassified	Unclassified	0.000122764157776496
SRR10070141	Groundwater	Bacteria	Actinomycetota	Actinomycetes	Nanopelagicales	Nanopelagicaceae	Planktophila	0.000296215842610649
SRR10070149	Sediment	Bacteria	Chloroflexota	Anaerolineae	Anaerolineales	UBA4823	FEB-25	0.006809823599077483
SRR10070150	Sediment	Bacteria	Planctomycetota	UBA8108	Unclassified	Unclassified	Unclassified	0.000869792119683396
SRR10070151	Sediment	Bacteria	Pseudomonadota	Gammaproteobacteria	Burkholderiales	Gallionellaceae	Sideroxyarcus	0.00729327507473965
SRR10070151	Sediment	Bacteria	Pseudomonadota	Alphaproteobacteria	Rhizobiales	Aestuariivirgaceae	JAEUMG01	0.000673478103748481
SRR10070131	Riverwater	Bacteria	Myxococcota_A	Polyangia	Nannocystales	Nannocystaceae	Nannocystis	0.000293504740101553
SRR10070131	Riverwater	Bacteria	Acidobacteriota	Terriglobia	Terriglobales	Acidobacteriaceae	Unclassified	0.000352205688121863
SRR10070131	Riverwater	Bacteria	Bacillota	Clostridia	Lachnospirales	Lachnospiraceae	Blautia_A	0.00024947902908632
SRR10102394	Soil	Bacteria	Pseudomonadota	Gammaproteobacteria	Xanthomonadales	Xanthomonadaceae	Thermomonas	0.000697215587960422
SRR10070134	Riverwater	Bacteria	Cyanobacteriota	Vampirovibrionia	Obscuribacterales	Obscuribacteraceae	Obscuribacter	0.00281129921308175
SRR10102394	Soil	Bacteria	Acidobacteriota	HRBIN11	JAKEFK01	JAKEFK01	JAKEFK01	0.0000890062452715432
SRR10102392	Soil	Bacteria	Gemmatimonadota	Gemmatimonadetes	Gemmatimonadales	GWC2-71-9	JABFSM01	0.000470895613075708
SRR10070133	Groundwater	Bacteria	Patescibacteriota	Saccharimonadia	Saccharimonadales	Saccharimonadaceae	UBA1547	0.00095187102147659
SRR10102394	Soil	Bacteria	Planctomycetota	Planctomycetia	Isosphaerales	Isosphaeraceae	CAWGMM01	0.000489534348993488
SRR10070132	Groundwater	Bacteria	Patescibacteriota	Minisyncoccia	JAHIHE01	JAGLIN01	JBAZUT01	0.000895446017397237
SRR10102393	Soil	Bacteria	Pseudomonadota	Alphaproteobacteria	Geminicoccales	Geminicoccaceae	Benzoatithermus	0.0001906941266209
SRR10102394	Soil	Bacteria	Desulfobacterota	Deferrimicrobia	Deferrimicrobiales	Deferrimicrobiaceae	Deferrimicrobium	0.0000741718710596194
SRR10102393	Soil	Bacteria	Chloroflexota	Chloroflexia	Chloroflexales	Roseiflexaceae	Kouleothrix	0.00148468998583415
SRR10070130	Riverwater	Bacteria	Pseudomonadota	Alphaproteobacteria	Micavibrionales	Micavibrionaceae	Unclassified	0.00121778576103999
SRR10070151	Sediment	Bacteria	Acidobacteriota	Terriglobia	20CM-2-55-15	20CM-2-55-15	20CM-2-55-15	0.000525641446828082
SRR10070150	Sediment	Bacteria	Pseudomonadota	Gammaproteobacteria	Steroidobacterales	Steroidobacteraceae	RPQJ01	0.003044272418891887
SRR10070151	Sediment	Bacteria	Pseudomonadota	Gammaproteobacteria	Steroidobacterales	Steroidobacteraceae	DATBVX01	0.000689904398961858
SRR10070149	Sediment	Bacteria	Planctomycetota	Phycisphaerae	SM23-33	SM23-33	JALHTV01	0.000358411768372499
SRR10070133	Groundwater	Bacteria	Patescibacteriota	Gracilibacteria	Peribacterales	Peribacteraceae	Unclassified	0.000535427449580582
SRR10070131	Riverwater	Bacteria	Pseudomonadota	Gammaproteobacteria	CAWJOP01	CAWJOP01	CAWJOP01	0.0000440257110152329
SRR10070132	Groundwater	Bacteria	Gemmatimonadota	Gemmatimonadetes	Gemmatimonadales	Gemmatimonadaceae	Fen-1231	0.00110864745011086
SRR10070150	Sediment	Bacteria	Planctomycetota	Planctomycetia	Pirellulales	Lacipirellulaceae	CAYGQU01	0.000217448029920849
SRR10070150	Sediment	Bacteria	Chloroflexota	Anaerolineae	Anaerolineales	UBA11579	JAMCZK01	0.000231944565248906
SRR10070151	Sediment	Bacteria	Krumholzibacteriota	Krumholzibacteriia	WVZY01	WVZY01	JAOTUR01	0.000509215151614705
SRR10070150	Sediment	Bacteria	Bacteroidota	Ignavibacteria	UBA10030	UBA10030	Fen-1298	0.000289930706561132
SRR10070149	Sediment	Bacteria	Acidobacteriota	Terriglobia	Versatilivoradales	Versatilivoraceae	CAVVYL01	0.00028049616655239
SRR10070149	Sediment	Bacteria	Bacteroidota	Bacteroidia	Bacteroidales	UBA10428	UBA5072	0.003288038396808574
SRR10102394	Soil	Bacteria	Bacteroidota	Bacteroidia	AKYH767-A	2013-40CM-41-45	JAPLDB01	0.000370859355298097
SRR10102393	Soil	Bacteria	Actinomycetota	Thermoleophilia	Gaiellales	Gaiellaceae	Gaiella	0.0030238640078457
SRR10070151	Sediment	Bacteria	Chloroflexota	Dehalococcoidia	Tepidiformales	Tepidiformaceae	Amarobacter	0.000312099609054174
SRR10070130	Riverwater	Bacteria	Bdellovibrionota	Bacteriovoracia	Bacteriovoracales	Bacteriovoracaceae	Unclassified	0.000334891084285997
SRR10070149	Sediment	Bacteria	Synergistota	Synergistia	Synergistales	Synergistaceae	Caenicola	0.000140248083276195
SRR10070149	Sediment	Bacteria	Pseudomonadota	Gammaproteobacteria	Steroidobacterales	GCA-2729495	SHZI01	0.000638907934924889
SRR10102393	Soil	Bacteria	Cyanobacteriota	Vampirovibrionia	Vampirovibrionales	Vampirovibrionaceae	Vampirovibrio	0.0002179361447096
SRR10070150	Sediment	Bacteria	Acidobacteriota	Vicinamibacteria	Vicinamibacterales	SCN-69-37	CAVXSP01	0.00178307384535096
SRR10070132	Groundwater	Bacteria	Bacteroidota	Ignavibacteria	Ignavibacteriales	Ignavibacteriaceae	JAKAGZ01	0.000213201432713628
SRR10070134	Riverwater	Bacteria	Pseudomonadota	Gammaproteobacteria	Burkholderiales	Burkholderiaceae_C	Polaromonas	0.0013749585670967501
SRR10070149	Sediment	Bacteria	Acidobacteriota	JAAYUB01	JAAYUB01	JAAYUB01	JAAYUB01	0.000405161129464564
SRR10102392	Soil	Bacteria	Planctomycetota	Planctomycetia	Gemmatales	Gemmataceae	Gemmata	0.001093693036821
SRR10070130	Riverwater	Bacteria	Pseudomonadota	Alphaproteobacteria	Dongiales	Dongiaceae	Dongia	0.000228334830194998
SRR10102392	Soil	Bacteria	Chloroflexota	UBA6077	UBA6077	CF-72	CF-72	0.00027342325920525
SRR10070150	Sediment	Bacteria	Pseudomonadota	Gammaproteobacteria	Acidiferrobacterales	Unclassified	Unclassified	0.00111623322026036
SRR10070134	Riverwater	Bacteria	Patescibacteriota	Minisyncoccia	Phycocordibacterales	DATDWN01	C7867-006	0.000380568889107137
SRR10102392	Soil	Bacteria	Actinomycetota	Rubrobacteria	Rubrobacterales	Rubrobacteraceae	Rubrobacter_D	0.001230404666423624
SRR10070149	Sediment	Bacteria	Gemmatimonadota	Gemmatimonadetes	Gemmatimonadales	GWC2-71-9	20CM-2-65-7	0.00130898211057782
SRR10102392	Soil	Bacteria	Pseudomonadota	Gammaproteobacteria	Burkholderiales	SG8-39	RBG-16-66-20	0.000136711629602625
SRR10070134	Riverwater	Bacteria	Pseudomonadota	Alphaproteobacteria	Rhizobiales	Xanthobacteraceae	Unclassified	0.00027008114710829
SRR10070134	Riverwater	Bacteria	Eisenbacteria	RBG-16-71-46	RBG-16-71-46	RBG-16-71-46	CAIXRL01	0.00055243870999423
SRR10070141	Groundwater	Bacteria	Elusimicrobiota	Elusimicrobia	UBA1565	UBA9628	GWA2-66-18	0.009972600034558516
SRR10070151	Sediment	Bacteria	Eisenbacteria	RBG-16-71-46	SZUA-252	SZUA-252	WS-9	0.001724760997404646
SRR10070141	Groundwater	Bacteria	Pseudomonadota	Gammaproteobacteria	Pseudomonadales	Moraxellaceae	Acinetobacter	0.005702154970254993
SRR10070150	Sediment	Bacteria	Eisenbacteria	RBG-16-71-46	RBG-16-71-46	DASYSL01	CAYLSO01	0.000173958423936679
SRR10070141	Groundwater	Bacteria	Actinomycetota	Actinomycetes	Actinomycetales	Dermatophilaceae	Unclassified	0.000123423267754437
SRR10070149	Sediment	Bacteria	Pseudomonadota	Alphaproteobacteria	Rhizobiales	Xanthobacteraceae	Pseudolabrys	0.0036620332855451
SRR10070149	Sediment	Bacteria	Myxococcota	Myxococcia	Myxococcales	Myxococcaceae	Unclassified	0.000311662407280434
SRR10070131	Riverwater	Bacteria	Pseudomonadota	Gammaproteobacteria	Burkholderiales	Burkholderiaceae_C	Piscinibacter	0.000440257110152329
SRR10070132	Groundwater	Bacteria	Nitrospirota	Thermodesulfovibrionia	Thermodesulfovibrionales	UBA1546	SCSY01	0.000426402865427256
SRR10070151	Sediment	Bacteria	Nitrospirota	Thermodesulfovibrionia	Thermodesulfovibrionales	UBA6898	JAOUFP01	0.02534577351424163
SRR10070141	Groundwater	Bacteria	Pseudomonadota	Gammaproteobacteria	Burkholderiales	Burkholderiaceae_C	Unclassified	0.07188171114018413
SRR10102393	Soil	Bacteria	Acidobacteriota	UBA6911	UBA6911	UBA6911	CAWHCF01	0.00099433366023755
SRR10102392	Soil	Bacteria	Actinomycetota	Acidimicrobiia	Acidimicrobiales	CADCSY01	JAEKLB01	0.000167091991736542
SRR10070132	Groundwater	Bacteria	Pseudomonadota	Alphaproteobacteria	UBA11222	UBA11222	UBA11222	0.000938086303939962
SRR10070130	Riverwater	Bacteria	Actinomycetota	Aquicultoria	Subteraquimicrobiales	UBA9087	UBA9087	0.000228334830194998
SRR10070134	Riverwater	Bacteria	Pseudomonadota	Gammaproteobacteria	Pseudomonadales	Cellvibrionaceae	Pseudomaricurvus	0.000184146236664743
SRR10070151	Sediment	Bacteria	Desulfobacterota	Desulfarculia	JACQYL01	Unclassified	Unclassified	0.000295673313840796
SRR10070150	Sediment	Bacteria	Desulfobacterota	Desulfuromonadia	Desulfuromonadales	Syntrophotaleaceae	Unclassified	0.00165260502739845
SRR10102394	Soil	Bacteria	Pseudomonadota	Gammaproteobacteria	Burkholderiales	Burkholderiaceae_D	Telluria_A	0.000949399949563128
SRR10070149	Sediment	Bacteria	Bipolaricaulota	Bipolaricaulia	UBA7950	UBA9294	CAIOGO01	0.000327245527644456
SRR10102393	Soil	Bacteria	Acidobacteriota	HRBIN11	JAKEFK01	JAKEFK01	JAKEFK01	0.00012258908139915
SRR10102393	Soil	Bacteria	Bacteroidota	Bacteroidia	Unclassified	Unclassified	Unclassified	0.00014983109948785
SRR10070151	Sediment	Bacteria	Chloroflexota	Anaerolineae	Aggregatilineales	Aggregatilineaceae	CAWKMN01	0.001248398436216695
SRR10070141	Groundwater	Bacteria	Planctomycetota	Planctomycetia	Planctomycetales	Planctomycetaceae	SXKJ01	0.00157981782725679
SRR10102394	Soil	Bacteria	Chloroflexota	Limnocylindria	Limnocylindrales	CSP1-4	Unclassified	0.000148343742119239
SRR10070130	Riverwater	Bacteria	Omnitrophota	Gorgyraeia	2-02-FULL-51-18	2-02-FULL-51-18	JACPAX01	0.000608892880519994
SRR10070134	Riverwater	Bacteria	Pseudomonadota	Gammaproteobacteria	Pseudomonadales	Moraxellaceae	Unclassified	0.000785690609769572
SRR10070134	Riverwater	Bacteria	Bdellovibrionota	Bdellovibrionia	Bdellovibrionales	JAMPXM01	Ga0074137	0.000245528315552991
SRR10102393	Soil	Bacteria	Verrucomicrobiota	Verrucomicrobiia	Limisphaerales	JADLHS01	JADLHS01	0.00039500926228615
SRR10102394	Soil	Bacteria	Myxococcota	Myxococcia	Myxococcales	Myxococcaceae	JADGHL01	0.000133509367907315
SRR10102394	Soil	Bacteria	Pseudomonadota	Alphaproteobacteria	Azospirillales	Azospirillaceae	Skermanella	0.0046876622509679396
SRR10070150	Sediment	Bacteria	Verrucomicrobiota	Verrucomicrobiia	Verrucomicrobiales	V1-33	CAJBME01	0.000275434171233075
SRR10102392	Soil	Bacteria	Pseudomonadota	Alphaproteobacteria	Rhizobiales	Rhizobiaceae	Mesorhizobium	0.000713938510147041
SRR10070151	Sediment	Bacteria	Desulfobacterota	Desulfobulbia	Desulfobulbales	Desulfocapsaceae	Unclassified	0.001231972141003318
SRR10070141	Groundwater	Bacteria	JAUVQV01	JAUVQV01	JAUVQV01	DATDCY01	DATDCY01	0.000222161881957987
SRR10070149	Sediment	Bacteria	Gemmatimonadota	Gemmatimonadetes	Gemmatimonadales	GWC2-71-9	Unclassified	0.001308982110577821
SRR10070132	Groundwater	Bacteria	Patescibacteriota	Minisyncoccia	Unclassified	Unclassified	Unclassified	0.002430496332935355
SRR10070150	Sediment	Bacteria	Desulfobacterota	Binatia	UBA1149	CAYXZP01	CAYXZP01	0.00081180597837117
SRR10070151	Sediment	Bacteria	Bacteroidota	Ignavibacteria	UBA10030	UBA6906	UBA11986	0.000936298827162522
SRR10102394	Soil	Bacteria	Pseudomonadota	Gammaproteobacteria	Legionellales	Legionellaceae	Unclassified	0.00065271246532465
SRR10070130	Riverwater	Bacteria	Bacillota	Clostridia	Clostridiales	Clostridiaceae	Clostridium	0.001826678641559983
SRR10070130	Riverwater	Bacteria	Patescibacteriota	Minisyncoccia	Phycocordibacterales	Unclassified	Unclassified	0.000258779474220998
SRR10102392	Soil	Bacteria	Bacillota	Clostridia	Clostridiales	Clostridiaceae	Clostridium_AD	0.000577226880544416
SRR10070150	Sediment	Bacteria	Planctomycetota	Phycisphaerae	Sedimentisphaerales	Anaerohalosphaeraceae	4572-13	0.000217448029920849
SRR10070134	Riverwater	Bacteria	Babelota	Babeliae	Babelales	Unclassified	Unclassified	0.00082251985710252
SRR10102393	Soil	Bacteria	Pseudomonadota	Gammaproteobacteria	Steroidobacterales	Steroidobacteraceae	DATJKD01	0.00213849841996295
SRR10070151	Sediment	Bacteria	Pseudomonadota	Gammaproteobacteria	Pseudomonadales	Halieaceae	Marimicrobium	0.00133052991228358
SRR10102394	Soil	Bacteria	Actinomycetota	UBA4738	UBA4738	HRBIN12	JBBQVZ01	0.000415362477933868
SRR10070130	Riverwater	Bacteria	Verrucomicrobiota	Verrucomicrobiia	Verrucomicrobiales	V1-33	CAJBME01	0.000502336626428996
SRR10070149	Sediment	Bacteria	Chloroflexota	Ktedonobacteria	Ktedonobacterales	Ktedonobacteraceae	Unclassified	0.000529826092376738
SRR10070141	Groundwater	Bacteria	Omnitrophota	Gorgyraeia	Aquiviventales	Aquiviventaceae	Aquivivens	0.000888647527831947
SRR10102392	Soil	Bacteria	Acidobacteriota	Blastocatellia	UBA7656	UBA7656	Unclassified	0.000820269777615749
SRR10070149	Sediment	Bacteria	Spirochaetota	Leptospiria	Leptospirales	Leptonemataceae	JBNLFC01	0.0000623324814560868
SRR10070150	Sediment	Bacteria	Planctomycetota	GCA-002687715	GCA-002687715	CAIWVZ01	JBGANV01	0.000275434171233075
SRR10102393	Soil	Bacteria	Pseudomonadota	Alphaproteobacteria	Rhodospirillales	Defluviicoccaceae	Defluviicoccus	0.0002451781627983
SRR10070131	Riverwater	Bacteria	Desulfobacterota	Desulfuromonadia	Desulfuromonadales	UBA2197	UBA2197	0.000132077133045699
SRR10070133	Groundwater	Bacteria	Acidobacteriota	Vicinamibacteria	Vicinamibacterales	UBA2999	Unclassified	0.00254328038550776
SRR10070151	Sediment	Bacteria	Methylomirabilota	Methylomirabilia	Rokubacteriales	CSP1-6	DASRWT01	0.0024146653963665
SRR10070131	Riverwater	Bacteria	Pseudomonadota	Gammaproteobacteria	Burkholderiales	Burkholderiaceae_D	Rugamonas	0.00177570367761439
SRR10070151	Sediment	Bacteria	Bacteroidota	Bacteroidia	Chitinophagales	Chitinophagaceae	Pollutibacter	0.000509215151614705
SRR10070130	Riverwater	Bacteria	Desulfobacterota	Desulfuromonadia	Geobacterales	Pseudopelobacteraceae	JACRCG01	0.000121778576103999
SRR10070151	Sediment	Bacteria	Myxococcota	Myxococcia	Myxococcales	Myxococcaceae	Cystobacter	0.000459936265974572
SRR10070131	Riverwater	Bacteria	Pseudomonadota	Gammaproteobacteria	Burkholderiales	Burkholderiaceae_D	Undibacterium	0.00237738839482258
SRR10070151	Sediment	Bacteria	Bacteroidota	Ignavibacteria	Tepidaquicellales	OLB5	Unclassified	0.000114984066493643
SRR10102392	Soil	Bacteria	Pseudomonadota	Gammaproteobacteria	Burkholderiales	SG8-41	Unclassified	0.000486085794142666
SRR10070131	Riverwater	Bacteria	Bacteroidota	Bacteroidia	Cytophagales	Unclassified	Unclassified	0.000205453318071087
SRR10102393	Soil	Bacteria	Pseudomonadota	Alphaproteobacteria	Rhodobacterales	Rhodobacteraceae	Acidimangrovimonas	0.00074915549743925
SRR10070150	Sediment	Bacteria	Pseudomonadota	Gammaproteobacteria	Steroidobacterales	GCA-2729495	SHZI01	0.000855295584355339
SRR10070130	Riverwater	Bacteria	Pseudomonadota	Gammaproteobacteria	Burkholderiales	Burkholderiaceae_C	Scleromatobacter	0.00108078486292299
SRR10070131	Riverwater	Bacteria	Babelota	Babeliae	Babelales	Unclassified	Unclassified	0.00126207038243668
SRR10070149	Sediment	Bacteria	Acidobacteriota	Vicinamibacteria	Vicinamibacterales	CAVVIG01	CAVREM01	0.000529826092376738
SRR10070130	Riverwater	Bacteria	Pseudomonadota	Alphaproteobacteria	Rhizobiales	Beijerinckiaceae	Alsobacter	0.000274001796233998
SRR10070134	Riverwater	Bacteria	Pseudomonadota	Gammaproteobacteria	Burkholderiales	Burkholderiaceae_C	Limnohabitans	0.00488601347950452
SRR10070150	Sediment	Bacteria	Acidobacteriota	Vicinamibacteria	Vicinamibacterales	UBA2999	CAWAQA01	0.00063784755443449
SRR10070150	Sediment	Bacteria	Pseudomonadota	Gammaproteobacteria	Pseudomonadales	Azotimanducaceae	UBA7803	0.000217448029920849
SRR10070151	Sediment	Bacteria	Krumholzibacteriota	Krumholzibacteriia	Krumholzibacteriales	Krumholzibacteriaceae	JALOPX01	0.000262820723414041
SRR10070149	Sediment	Bacteria	Bacillota	Clostridia	Saccharofermentanales	UBA5734	UBA8949	0.000140248083276195
SRR10070130	Riverwater	Bacteria	Verrucomicrobiota	Verrucomicrobiia	Opitutales	Opitutaceae	IMCC26134_A	0.000426225016363996
SRR10070130	Riverwater	Bacteria	Bdellovibrionota	UBA1018	UBA1018	Unclassified	Unclassified	0.0000913339320779992
SRR10070133	Groundwater	Archaea	Thermoproteota	Nitrososphaeria	Nitrososphaerales	Nitrosopumilaceae	Nitrosarchaeum	0.09203402938901775
SRR10102393	Soil	Bacteria	Actinomycetota	CADDZG01	CADDZG01	WHSQ01	CALMBW01	0.0001906941266209
SRR10102393	Soil	Bacteria	Acidobacteriota	Blastocatellia	Pyrinomonadales	Pyrinomonadaceae	GCA-002050365	0.00044949329846355
SRR10070149	Sediment	Bacteria	Gemmatimonadota	Gemmatimonadetes	Gemmatimonadales	GWC2-71-9	CAVVWJ01	0.000560992333104781
SRR10102393	Soil	Bacteria	Pseudomonadota	Alphaproteobacteria	Acetobacterales	Acetobacteraceae	JAMXLO01	0.0003541462351531
SRR10070130	Riverwater	Bacteria	Fusobacteriota	Fusobacteriia	Fusobacteriales	Fusobacteriaceae	Fusobacterium	0.00190279025162498
SRR10102393	Soil	Bacteria	Pseudomonadota	Gammaproteobacteria	Pseudomonadales	Azotimanducaceae	UBA7803	0.0001634521085322
SRR10070131	Riverwater	Bacteria	Cyanobacteriota	Vampirovibrionia	Gastranaerophilales	Gastranaerophilaceae	Unclassified	0.000322855214111708
SRR10070130	Riverwater	Bacteria	Desulfobacterota_D	UBA1144	Nemesobacterales	UBA2774	2-12-FULL-53-21	0.000213112508181998
SRR10070150	Sediment	Bacteria	Gemmatimonadota	Gemmatimonadetes	Gemmatimonadales	GWC2-71-9	SPDF01	0.0008263025136992261
SRR10102392	Soil	Bacteria	Patescibacteriota	Saccharimonadia	Saccharimonadales	Saccharimonadaceae	JAPUDS01	0.000486085794142666
SRR10070130	Riverwater	Archaea	Thermoproteota	Nitrososphaeria	Nitrososphaerales	Nitrososphaeraceae	TH1177	0.000182667864155998
SRR10070130	Riverwater	Bacteria	Pseudomonadota	Gammaproteobacteria	Burkholderiales	Burkholderiaceae_C	Rubrivivax	0.000761116100649993
SRR10070151	Sediment	Bacteria	Planctomycetota	Phycisphaerae	UBA1845	UBA1845	Unclassified	0.000361378494694307
SRR10070149	Sediment	Bacteria	Zhuqueibacterota	Zhuqueibacteria	Zhuqueibacterales	Zhuqueibacteraceae	JBIOXB01	0.000109081842548152
SRR10070134	Riverwater	Bacteria	Cyanobacteriota	Vampirovibrionia	Obscuribacterales	Obscuribacteraceae	Ga0077546	0.00385479455418196
SRR10070134	Riverwater	Bacteria	Planctomycetota	UBA1135	UBA1135	UBA2386	Unclassified	0.000257804731330641
SRR10102393	Soil	Bacteria	Chloroflexota	Anaerolineae	Caldilineales	Caldilineaceae	JAHBVH01	0.0008445025607496999
SRR10070150	Sediment	Bacteria	Actinomycetota	Actinomycetes	Mycobacteriales	Pseudonocardiaceae	Pseudonocardia	0.000260937635905019
SRR10070151	Sediment	Bacteria	Chloroflexota	Dehalococcoidia	GIF9	UBA5629	CAIMUM01	0.000410657380334439
SRR10102394	Soil	Bacteria	Chloroflexota	UBA6077	UBA6077	JACCZL01	CAVXYC01	0.0013350936790731442
SRR10102394	Soil	Bacteria	Armatimonadota	Armatimonadia	Armatimonadales	Armatimonadaceae	CAIVZM01	0.000118674993695391
SRR10070133	Groundwater	Bacteria	Pseudomonadota	Gammaproteobacteria	Burkholderiales	Burkholderiaceae_C	Hylemonella	0.0153043012671783
SRR10070130	Riverwater	Bacteria	Desulfobacterota	Desulfobaccia	Desulfobaccales	0-14-0-80-60-11	JAPLJC01	0.0000761116100649993
SRR10070131	Riverwater	Bacteria	Bacillota	Clostridia	Clostridiales	Clostridiaceae	Clostridium_J	0.000205453318071087
SRR10070141	Groundwater	Bacteria	Verrucomicrobiota	Verrucomicrobiia	Chthoniobacterales	Terrimicrobiaceae	QYQL01	0.00076522426007751
SRR10070131	Riverwater	Bacteria	Pseudomonadota	Gammaproteobacteria	Burkholderiales	Sulfuricellaceae	Sulfurimicrobium	0.00055765900619295
SRR10070131	Riverwater	Bacteria	Cyanobacteriota	Vampirovibrionia	Obscuribacterales	Obscuribacteraceae	Ga0077546	0.00500425581873147
SRR10070131	Riverwater	Bacteria	Verrucomicrobiota	Verrucomicrobiia	Verrucomicrobiales	Akkermansiaceae	Haloferula	0.000132077133045699
SRR10070149	Sediment	Bacteria	Acidobacteriota	Vicinamibacteria	Vicinamibacterales	2-12-FULL-66-21	CAVQAH01	0.000342828648008477
SRR10102392	Soil	Bacteria	Actinomycetota	Acidimicrobiia	Acidimicrobiales	VFJN01	VFJN01	0.000334183983473083
SRR10070151	Sediment	Bacteria	Bacteroidota	Ignavibacteria	UBA10030	UBA6906	JAGDMJ01	0.000492788856401327
SRR10070150	Sediment	Bacteria	Chloroflexota	Anaerolineae	Anaerolineales	UBA4823	DATCYX01	0.000202951494592792
SRR10102394	Soil	Bacteria	Acidobacteriota	Terriglobia	Bryobacterales	Bryobacteraceae	Ga0077553	0.000178012490543086
SRR10102394	Soil	Bacteria	Acidobacteriota	Vicinamibacteria	Vicinamibacterales	CAVVIG01	CAVREM01	0.0012460874338016
SRR10070151	Sediment	Bacteria	Myxococcota	Myxococcia	Myxococcales	Myxococcaceae	RPRB01	0.000887019941522389
SRR10070150	Sediment	Bacteria	Pseudomonadota	Gammaproteobacteria	Xanthomonadales	Xanthomonadaceae	Agrilutibacter	0.000275434171233075
SRR10070149	Sediment	Bacteria	Chloroflexota	Limnocylindria	Limnocylindrales	CSP1-4	JAFMJV01	0.0012933989902138
SRR10102392	Soil	Bacteria	Desulfobacterota	Desulfuromonadia	Geobacterales	Pseudopelobacteraceae	Oryzomonas	0.000227852716004375
SRR10070134	Riverwater	Bacteria	Bacteroidota	Bacteroidia	Cytophagales	Unclassified	Unclassified	0.000478780215328333
SRR10102393	Soil	Bacteria	Cyanobacteriota	Cyanobacteriia	FACHB-46	FACHB-46	Trichocoleus	0.00012258908139915
SRR10070134	Riverwater	Bacteria	Omnitrophota	Omnitrophia	Omnitrophales	Aquincolibacteriaceae	Multiplicimicrobium	0.002013332187534528
SRR10070151	Sediment	Bacteria	Chloroflexota	Anaerolineae	Anaerolineales	DRKV01	JAGUYX01	0.000197115542560531
SRR10070150	Sediment	Bacteria	Actinomycetota	Acidimicrobiia	Spongiisociales	ZC4RG35	JANQRA01	0.000942274796323679
SRR10070149	Sediment	Bacteria	Pseudomonadota	Gammaproteobacteria	Steroidobacterales	Steroidobacteraceae	ZC4RG30	0.001355731471669888
SRR10070149	Sediment	Bacteria	Planctomycetota	GCA-002687715	GCA-002687715	CAIWVZ01	JBGANV01	0.000311662407280434
SRR10102394	Soil	Bacteria	Pseudomonadota	Gammaproteobacteria	Burkholderiales	Casimicrobiaceae	PALSA-1005	0.001275756182225452
SRR10102394	Soil	Bacteria	Bacteroidota	Bacteroidia	Chitinophagales	Chitinophagaceae	Parafilimonas	0.0006378780911127271
SRR10070151	Sediment	Bacteria	Desulfobacterota_D	UBA1144	Nemesobacterales	CSP1-2	DASWID01	0.000492788856401327
SRR10070134	Riverwater	Bacteria	Pseudomonadota	Gammaproteobacteria	Methylococcales	Methylomonadaceae	Unclassified	0.000135040573554145
SRR10070150	Sediment	Bacteria	Pseudomonadota	Gammaproteobacteria	Xanthomonadales	Xanthomonadaceae	Arenimonas	0.001145226290916471
SRR10070151	Sediment	Bacteria	Bacteroidota	Bacteroidia	Cytophagales	Cyclobacteriaceae	ELB16-189	0.000312099609054174
SRR10070151	Sediment	Bacteria	Acidobacteriota	Thermoanaerobaculia	UBA5066	Gp7-AA6	Unclassified	0.000870593646309011
SRR10070150	Sediment	Bacteria	Spirochaetota	Spirochaetia	SZUA-6	DRHE01	MIBK01	0.004102519497840012
SRR10102392	Soil	Bacteria	Pseudomonadota	Alphaproteobacteria	Rhizobiales	Aestuariivirgaceae	JAEUMG01	0.000151901810669583
SRR10070141	Groundwater	Bacteria	Nitrospirota	Thermodesulfovibrionia	Thermodesulfovibrionales	UBA1546	SCSY01	0.00101207079558638
SRR10070150	Sediment	Bacteria	Chloroflexota	Anaerolineae	Anaerolineales	UBA4823	CAVPNY01	0.002101997622568206
SRR10070150	Sediment	Bacteria	Krumholzibacteriota	Krumholzibacteriia	WVZY01	WVZY01	JAOTUR01	0.000449392595169754
SRR10070151	Sediment	Bacteria	Oederibacteriota	JAAXVQ01	JAAXVQ01	JAAXVQ01	JAAXVQ01	0.000180689247347153
SRR10070150	Sediment	Bacteria	Bacteroidota	Bacteroidia	Chitinophagales	Saprospiraceae	Opimibacter	0.000318923777217245
SRR10102392	Soil	Bacteria	Acidobacteriota	Terriglobia	Terriglobales	Acidobacteriaceae	JANXZS01	0.000516466156276583
SRR10070134	Riverwater	Bacteria	Acidobacteriota	Vicinamibacteria	Vicinamibacterales	UBA2999	Unclassified	0.000208699068220042
SRR10070134	Riverwater	Bacteria	Planctomycetota	B15-G4	B15-G4	B15-G4	BQJR01	0.0000245528315552991
SRR10070150	Sediment	Bacteria	Chloroflexota	Limnocylindria	Limnocylindrales	CSP1-4	Unclassified	0.001652605027398453
SRR10070133	Groundwater	Bacteria	Pseudomonadota	Gammaproteobacteria	Pseudomonadales	Cellvibrionaceae	Cellvibrio	0.000252840740079719
SRR10070149	Sediment	Bacteria	Acidobacteriota	Terriglobia	20CM-2-55-15	20CM-2-55-15	DASTBJ01	0.000623324814560867
SRR10102393	Soil	Bacteria	Bacillota	Bacilli	Thermoactinomycetales	Thermoactinomycetaceae	Thermoflavimicrobium	0.0002996621989757
SRR10070151	Sediment	Bacteria	Pseudomonadota	Gammaproteobacteria	Steroidobacterales	Steroidobacteraceae	DATJKD01	0.003219553861822
SRR10070150	Sediment	Bacteria	Spirochaetota	Spirochaetia	SZUA-6	Fen-1364	Unclassified	0.000811805978371169
SRR10102392	Soil	Bacteria	Pseudomonadota	Gammaproteobacteria	Xanthomonadales	Xanthomonadaceae	Alkalisalibacterium	0.000698748329080083
SRR10070141	Groundwater	Bacteria	Acidobacteriota	Vicinamibacteria	Vicinamibacterales	UBA2999	Unclassified	0.003480536150675122
SRR10070131	Riverwater	Bacteria	Pseudomonadota	Gammaproteobacteria	Burkholderiales	Methylophilaceae	Unclassified	0.002069208417715944
SRR10070130	Riverwater	Bacteria	Bdellovibrionota	FAC87	UBA2466	UBA2466	JAIEOG01	0.000319668762272997
SRR10102392	Soil	Bacteria	Pseudomonadota	Alphaproteobacteria	Rhizobiales	Beijerinckiaceae	Alsobacter	0.000805079596548791
SRR10070133	Groundwater	Bacteria	Pseudomonadota	Gammaproteobacteria	Unclassified	Unclassified	Unclassified	0.05041941816883812
SRR10102393	Soil	Bacteria	Myxococcota_A	Polyangia	Polyangiales	DASUME01	DASUME01	0.00031328320802005
SRR10102393	Soil	Bacteria	Verrucomicrobiota	Verrucomicrobiia	Limisphaerales	JADLHS01	Unclassified	0.0008717445788384
SRR10070132	Groundwater	Bacteria	Pseudomonadota	Gammaproteobacteria	Burkholderiales	Burkholderiaceae_D	Telluria_A	0.0237506396042981
SRR10102394	Soil	Bacteria	Actinomycetota	Actinomycetes	Actinomycetales	Dermatophilaceae	Unclassified	0.00238833424811975
SRR10070130	Riverwater	Bacteria	Patescibacteriota	Gracilibacteria	BD1-5	UBA2023	JABFSX01	0.0010503402188969911
SRR10070151	Sediment	Bacteria	Chloroflexota	Anaerolineae	JAAYEA01	JAAYEA01	JAIOAV01	0.000114984066493643
SRR10070132	Groundwater	Bacteria	Acidobacteriota	Vicinamibacteria	Vicinamibacterales	UBA2999	Unclassified	0.001023366877025413
SRR10070141	Groundwater	Bacteria	Acidobacteriota	Vicinamibacteria	Vicinamibacterales	CAVVIG01	CAVQFD01	0.00222161881957987
SRR10070150	Sediment	Bacteria	Chloroflexota	Dehalococcoidia	Dehalococcoidales	UBA1222	SURF-27	0.000376909918529471
SRR10070131	Riverwater	Bacteria	Pseudomonadota	Alphaproteobacteria	Rhizobiales	Methyloligellaceae	Methyloceanibacter	0.0004255818731472512
SRR10070151	Sediment	Bacteria	Nitrospirota	Thermodesulfovibrionia	Thermodesulfovibrionales	UBA6898	UBA6898	0.00164262952133776
SRR10070130	Riverwater	Bacteria	Myxococcota_A	Polyangia	Palsa-1104	JAEUJZ01	Unclassified	0.000700226812597994
SRR10070134	Riverwater	Bacteria	Pseudomonadota	Unclassified	Unclassified	Unclassified	Unclassified	0.002197478424199268
SRR10070133	Groundwater	Bacteria	Pseudomonadota	Gammaproteobacteria	Burkholderiales	SG8-41	PALSA-1004	0.000594919388422869
SRR10102392	Soil	Bacteria	Actinomycetota	Thermoleophilia	Solirubrobacterales	70-9	WHSW01	0.0011088832178879579
SRR10070150	Sediment	Bacteria	Chloroflexota	Anaerolineae	Anaerolineales	E44-bin32	DATEVL01	0.00234843872314517
SRR10102392	Soil	Bacteria	Pseudomonadota	Alphaproteobacteria	Rhodobacterales	Rhodobacteraceae	Unclassified	0.00113926358002187
SRR10070134	Riverwater	Bacteria	Desulfobacterota	Desulfobaccia	Desulfobaccales	0-14-0-80-60-11	JAPLJC01	0.0000613820788882478
SRR10070149	Sediment	Bacteria	Acidobacteriota	UBA6911	RPQK01	Unclassified	Unclassified	0.0058280870161441095
SRR10070134	Riverwater	Bacteria	Myxococcota_A	Polyangia	Nannocystales	Nannocystaceae	Nannocystis	0.000613820788882478
SRR10102394	Soil	Bacteria	Methylomirabilota	Methylomirabilia	Rokubacteriales	CSP1-6	CAMLFJ01	0.000370859355298097
SRR10070133	Groundwater	Bacteria	Pseudomonadota	Gammaproteobacteria	Steroidobacterales	Steroidobacteraceae	SCUD01	0.000267713724790291
SRR10070130	Riverwater	Bacteria	Bacillota	Bacilli	Lactobacillales	Aerococcaceae	Trichococcus	0.00196367953967698
SRR10070150	Sediment	Bacteria	Eisenbacteria	RBG-16-71-46	RBG-16-71-46	RBG-16-71-46	JAIOPA01	0.001348177785509263
SRR10070150	Sediment	Bacteria	Nitrospirota	Thermodesulfovibrionia	Thermodesulfovibrionales	SM23-35	DASPRG01	0.00943724449856484
SRR10102393	Soil	Bacteria	Verrucomicrobiota	Verrucomicrobiia	Chthoniobacterales	UBA10450	AV80	0.00205677236569685
SRR10070132	Groundwater	Bacteria	Pseudomonadota	Gammaproteobacteria	DSM-16500	DSM-16500	Aquicella	0.00311274091761897
SRR10070150	Sediment	Bacteria	Pseudomonadota	Gammaproteobacteria	Burkholderiales	SG8-39	DATEDA01	0.00863993505552173
SRR10102393	Soil	Bacteria	UBA10199	UBA10199	DSSB01	DSSB01	DSSB01	0.00017707311757655
SRR10102392	Soil	Bacteria	Eisenbacteria	RBG-16-71-46	SZUA-252	SZUA-252	WS-9	0.00129116539069146
SRR10070134	Riverwater	Bacteria	Eisenbacteria	RBG-16-71-46	RBG-16-71-46	RBG-16-71-46	JAIOPA01	0.0000859349104435469
SRR10070151	Sediment	Bacteria	Acidobacteriota	Vicinamibacteria	Vicinamibacterales	JAKQTR01	JAKQTR01	0.00359735865172969
SRR10070151	Sediment	Bacteria	Planctomycetota	Phycisphaerae	Sedimentisphaerales	Anaerohalosphaeraceae	4572-13	0.000229968132987286
SRR10070151	Sediment	Bacteria	Desulfobacterota	Desulfuromonadia	Geobacterales	Geobacteraceae	RPRC01	0.0030224383192614702
SRR10102393	Soil	Bacteria	Actinomycetota	Thermoleophilia	Gaiellales	JAICJC01	JAICYJ01	0.0001906941266209
SRR10102393	Soil	Bacteria	Pseudomonadota	Gammaproteobacteria	Burkholderiales	Usitatibacteraceae	Usitatibacter	0.0030238640078457
SRR10070150	Sediment	Bacteria	Acidobacteriota	Thermoanaerobaculia	UBA5066	Gp7-AA6	Unclassified	0.00063784755443449
SRR10070131	Riverwater	Bacteria	Bacteroidota	Bacteroidia	Flavobacteriales_D	Crocinitomicaceae	JADJGJ01	0.000220128555076164
SRR10102393	Soil	Bacteria	Planctomycetota	Phycisphaerae	Tepidisphaerales	Tepidisphaeraceae	DASYWJ01	0.00069467146126185
SRR10070149	Sediment	Bacteria	Acidobacteriota	Thermoanaerobaculia	Thermoanaerobaculales	Thermoanaerobaculaceae	RBG-13-68-16	0.000514242972012716
SRR10070131	Riverwater	Bacteria	Bacteroidota	Bacteroidia	B-17B0	Aurantibacillaceae	JADJDM01	0.000132077133045699
SRR10070150	Sediment	Bacteria	Myxococcota_A	Polyangia	Nannocystales	Nannocystaceae	Nannocystis	0.000072482676640283
SRR10070151	Sediment	Bacteria	Nitrospirota	Nitrospiria	Nitrospirales	Nitrospiraceae	DASPUC01	0.000443509970761195
SRR10070149	Sediment	Bacteria	Planctomycetota	UBA8108	Unclassified	Unclassified	Unclassified	0.000872654740385215
SRR10102393	Soil	Bacteria	Actinomycetota	Thermoleophilia	Solirubrobacterales	Thermoleophilaceae	DATBDN01	0.0004631143075079
SRR10070134	Riverwater	Bacteria	Bacteroidota	Ignavibacteria	Ignavibacteriales	Ignavibacteriaceae	IGN2	0.0000613820788882478
SRR10070150	Sediment	Bacteria	Desulfobacterota	BSN033	BSN033	UBA1163	CAVQFR01	0.00546519381867733
SRR10070133	Groundwater	Bacteria	Acidobacteriota	Vicinamibacteria	Vicinamibacterales	CAVVIG01	Unclassified	0.001531917425188888
SRR10070130	Riverwater	Bacteria	Pseudomonadota	Gammaproteobacteria	Burkholderiales	Rhodocyclaceae	Fluviibacter	0.00106556254090999
SRR10070133	Groundwater	Bacteria	Omnitrophota	Gorgyraeia	Gygaellales	Profunditerraquicolaceae	Unclassified	0.00609792373133441
SRR10102393	Soil	Bacteria	Acidobacteriota	Blastocatellia	Pyrinomonadales	Pyrinomonadaceae	PSRF01	0.042592895281682454
SRR10070134	Riverwater	Bacteria	Spirochaetota	Spirochaetia	SZUA-6	DRHE01	MIBK01	0.0000491056631105982
SRR10070149	Sediment	Bacteria	Verrucomicrobiota	Verrucomicrobiia	Palsa-1439	Palsa-1439	Palsa-1439	0.001090818425481518
SRR10070151	Sediment	Bacteria	Bacteroidota	Bacteroidia	Bacteroidales	UBA10428	UBA5072	0.00427083675547817
SRR10070130	Riverwater	Bacteria	Pseudomonadota	Gammaproteobacteria	Burkholderiales	Rhodocyclaceae	Propionivibrio	0.003196687622729971
SRR10070149	Sediment	Bacteria	Eisenbacteria	RBG-16-71-46	Unclassified	Unclassified	Unclassified	0.00018699744436826
SRR10070130	Riverwater	Bacteria	Bacteroidota	Bacteroidia	Flavobacteriales	Weeksellaceae	Cloacibacterium	0.000730671456623993
SRR10102393	Soil	Bacteria	Actinomycetota	Acidimicrobiia	IMCC26256	PALSA-610	JBBQER01	0.00039500926228615
SRR10070151	Sediment	Archaea	Thermoproteota	Nitrososphaeria	Nitrososphaerales	Nitrososphaeraceae	TH1177	0.000673478103748481
SRR10102392	Soil	Bacteria	Acidobacteriota	Blastocatellia	Pyrinomonadales	Pyrinomonadaceae	JAIBCC01	0.000334183983473083
SRR10102392	Soil	Bacteria	Acidobacteriota	Vicinamibacteria	Fen-336	Fen-336	Unclassified	0.000470895613075708
SRR10102393	Soil	Bacteria	Chloroflexota	Limnocylindria	QHBO01	QHBO01	CF-167	0.00025879917184265
SRR10102393	Soil	Bacteria	Acidobacteriota	Terriglobia	Versatilivoradales	Versatilivoraceae	VFZK01	0.0017979731938542
SRR10070130	Riverwater	Bacteria	Bacteroidota	Bacteroidia	Flavobacteriales	Flavobacteriaceae	Flavobacterium	0.1849512124579483
SRR10102393	Soil	Bacteria	Myxococcota_A	Polyangia	Haliangiales	Haliangiaceae	Unclassified	0.0003269042170644
SRR10102394	Soil	Bacteria	Actinomycetota	Actinomycetes	Mycobacteriales	Micromonosporaceae	Unclassified	0.0000741718710596194
SRR10102393	Soil	Bacteria	Acidobacteriota	Terriglobia	Bryobacterales	Bryobacteraceae	Solibacter	0.0002179361447096
SRR10070149	Sediment	Bacteria	Chloroflexota	Anaerolineae	Anaerolineales	UBA4823	CAWJHE01	0.000903820981113258
SRR10070134	Riverwater	Bacteria	Omnitrophota	Omnitrophia	Omnitrophales	Aquincolibacteriaceae	JAUYMS01	0.000245528315552991
SRR10102394	Soil	Bacteria	Pseudomonadota	Gammaproteobacteria	Steroidobacterales	Steroidobacteraceae	JADGHX01	0.000326356232662325
SRR10102392	Soil	Bacteria	Verrucomicrobiota	Verrucomicrobiia	Chthoniobacterales	Chthoniobacteraceae	Chthoniobacter	0.00106331267468708
SRR10102392	Soil	Bacteria	Cyanobacteriota	Vampirovibrionia	Vampirovibrionales	Vampirovibrionaceae	Vampirovibrio	0.00162534937416454
SRR10070130	Riverwater	Bacteria	Myxococcota_A	Polyangia	Polyangiales	Polyangiaceae	Xiheicaenibacterium	0.000152223220129999
SRR10070149	Sediment	Bacteria	Eisenbacteria	RBG-16-71-46	RBG-16-71-46	DASYSL01	JANPEF01	0.000420744249828586
SRR10102393	Soil	Bacteria	Pseudomonadota	Gammaproteobacteria	Steroidobacterales	Steroidobacteraceae	JADGHX01	0.00042225128037485
SRR10070130	Riverwater	Bacteria	Pseudomonadota	Gammaproteobacteria	Burkholderiales	Rhodocyclaceae	Uliginosibacterium	0.001233008083052989
SRR10070134	Riverwater	Bacteria	Bacteroidota	Bacteroidia	Bacteroidales	Paludibacteraceae	Paludibacter	0.000736584946658973
SRR10070130	Riverwater	Bacteria	Desulfobacterota	Desulfobulbia	Desulfobulbales	Desulfocapsaceae	Unclassified	0.000380558050324997
SRR10070150	Sediment	Bacteria	Verrucomicrobiota	Verrucomicrobiia	Limisphaerales	UBA8199	PALSA-1440	0.00101475747296396
SRR10070130	Riverwater	Bacteria	Pseudomonadota	Gammaproteobacteria	Methylococcales	Methylomonadaceae	Unclassified	0.000167445542142998
SRR10070130	Riverwater	Bacteria	Pseudomonadota	Gammaproteobacteria	Burkholderiales	Rhodocyclaceae	Unclassified	0.001293897371104988
SRR10102392	Soil	Bacteria	Acidobacteriota	Terriglobia	20CM-2-55-15	20CM-2-55-15	DASTBJ01	0.000592417061611375
SRR10070149	Sediment	Bacteria	Nitrospirota	Thermodesulfovibrionia	Thermodesulfovibrionales	SM23-35	DASPRG01	0.00772922770055476
SRR10070149	Sediment	Bacteria	Zixibacteria	MSB-5A5	GN15	FEB-12	Unclassified	0.000514242972012716
SRR10102392	Soil	Bacteria	UBA10199	UBA10199	DSSB01	DSSB01	DSSB01	0.000303803621339166
SRR10070151	Sediment	Bacteria	Acidobacteriota	Terriglobia	20CM-2-55-15	20CM-2-55-15	Unclassified	0.000443509970761195
SRR10070130	Riverwater	Bacteria	Verrucomicrobiota	Verrucomicrobiia	Opitutales	Unclassified	Unclassified	0.000304446440259997
SRR10070131	Riverwater	Bacteria	Acidobacteriota	Vicinamibacteria	Vicinamibacterales	Vicinamibacteraceae	JBDSLU01	0.000146752370050776
SRR10102393	Soil	Bacteria	Pseudomonadota	Alphaproteobacteria	Caulobacterales	Caulobacteraceae	Phenylobacterium	0.0012803748501689
SRR10070131	Riverwater	Bacteria	Bdellovibrionota	Bacteriovoracia	Bacteriovoracales	Bacteriovoracaceae	BSW11-IV	0.000176102844060932
SRR10070149	Sediment	Bacteria	Krumholzibacteriota	Krumholzibacteriia	WVZY01	WVZY01	JAOTUR01	0.00028049616655239
SRR10102392	Soil	Bacteria	Bacteroidota	Bacteroidia	Chitinophagales	Chitinophagaceae	JJ008	0.000243042897071333
SRR10070151	Sediment	Bacteria	Nitrospirota	UBA9217	UBA9217	UBA9217	JALNZF01	0.00200400801603206
SRR10102392	Soil	Bacteria	Gemmatimonadota	Gemmatimonadetes	Gemmatimonadales	GWC2-71-9	JADJOM01	0.000364564345607
SRR10070132	Groundwater	Bacteria	Pseudomonadota	Alphaproteobacteria	Rhizobiales	Aestuariivirgaceae	Aestuariivirga	0.002046733754050826
SRR10070134	Riverwater	Bacteria	Pseudomonadota	Alphaproteobacteria	Micavibrionales	UBA1664	UBA6145	0.000122764157776496
SRR10070130	Riverwater	Bacteria	Patescibacteriota	Saccharimonadia	CAILAD01	BJGX01	JAHFOQ01	0.000152223220129999
SRR10102392	Soil	Bacteria	Pseudomonadota	Gammaproteobacteria	Burkholderiales	SG8-39	SCGC-AG-212-J23	0.0011392635800218731
SRR10070149	Sediment	Bacteria	Desulfobacterota	Desulfobaccia	Desulfobaccales	0-14-0-80-60-11	0-14-0-80-60-11	0.015988281493486262
SRR10070151	Sediment	Bacteria	Armatimonadota	Zipacnadia	Zipacnadales	VGFC01	VGFC01	0.000394231085121062
SRR10070151	Sediment	Bacteria	Krumholzibacteriota	Krumholzibacteriia	JAJRXK01	JAJRXK01	JBGPIA01	0.000229968132987286
SRR10070150	Sediment	Bacteria	Bacteroidota	Ignavibacteria	Ignavibacteriales	Ignavibacteriaceae	CAVXTT01	0.00108724014960424
SRR10102392	Soil	Bacteria	Chloroflexota	Dehalococcoidia	DSTF01	WHTK01	WHTK01	0.001503827925628874
SRR10070131	Riverwater	Bacteria	Chloroflexota	Anaerolineae	Aggregatilineales	Phototrophicaceae	Unclassified	0.0000733761850253882
SRR10070150	Sediment	Bacteria	Bacteroidota	Bacteroidia	Bacteroidales	UBA10428	UBA5072	0.003841581861935
SRR10070131	Riverwater	Bacteria	Patescibacteriota	Saccharimonadia	Saccharimonadales	UBA4665	JAGXIT01	0.00333127880015262
SRR10070151	Sediment	Bacteria	Campylobacterota	Campylobacteria	Campylobacterales	Sulfurimonadaceae	Sulfuricurvum	0.00111698807450968
SRR10070149	Sediment	Bacteria	Actinomycetota	Rubrobacteria	Rubrobacterales	Rubrobacteraceae	Rubrobacter_D	0.0000934987221841302
SRR10070132	Groundwater	Bacteria	Margulisbacteria	Marinamargulisbacteria	Unclassified	Unclassified	Unclassified	0.0000852805730854511
SRR10070134	Riverwater	Bacteria	Acidobacteriota	Vicinamibacteria	Fen-336	Fen-336	CAVPGH01	0.000159593405109444
SRR10102394	Soil	Bacteria	Bacillota	Clostridia	Peptostreptococcales	Peptostreptococcaceae	Unclassified	0.00053403747162926
SRR10070141	Groundwater	Bacteria	Patescibacteriota	Minisyncoccia	JAHIHE01	JAGLIN01	JBAZUT01	0.000814593567179285
SRR10070130	Riverwater	Bacteria	Pseudomonadota	Alphaproteobacteria	Paracaedibacterales	JAKBAR01	JAKBAR01	0.000365335728311997
SRR10070149	Sediment	Bacteria	Pseudomonadota	Gammaproteobacteria	Steroidobacterales	Steroidobacteraceae	CADEED01	0.00102848594402543
SRR10070150	Sediment	Bacteria	Acidobacteriota	Polarisedimenticolia	Polarisedimenticolales	DASUFT01	DASUFT01	0.000449392595169754
SRR10070149	Sediment	Bacteria	Acidobacteriota	Polarisedimenticolia	Polarisedimenticolales	DASUFT01	DASUFT01	0.00091940410147728
SRR10102394	Soil	Archaea	Thermoproteota	Nitrososphaeria	Nitrososphaerales	Nitrososphaeraceae	Unclassified	0.010428565070982476
SRR10070149	Sediment	Bacteria	Pseudomonadota	Alphaproteobacteria	MPNO01	DASWLB01	CAWGHZ01	0.000327245527644456
SRR10070132	Groundwater	Bacteria	Planctomycetota	Planctomycetia	Planctomycetales	Planctomycetaceae	SXKJ01	0.00106600716356814
SRR10070130	Riverwater	Bacteria	Pseudomonadota	Gammaproteobacteria	Burkholderiales	JACQAP01	JACQAP01	0.000197890186168998
SRR10070151	Sediment	Bacteria	Bacteroidota	Bacteroidia	Chitinophagales	Chitinophagaceae	VBAS01	0.000804888465455501
SRR10102393	Soil	Bacteria	Pseudomonadota	Gammaproteobacteria	Burkholderiales	Rhodocyclaceae	Azonexus	0.00020431513566525
SRR10102393	Soil	Bacteria	Planctomycetota	Planctomycetia	Planctomycetales	Planctomycetaceae	SIAF01	0.001362100904435
SRR10102393	Soil	Bacteria	Planctomycetota	Planctomycetia	Gemmatales	Gemmataceae	SIAJ01	0.00028604118993135
SRR10070151	Sediment	Bacteria	Acidobacteriota	JAAYUB01	JAAYUB01	JAAYUB01	JAAYUB01	0.000821314760668879
SRR10070151	Sediment	Bacteria	Desulfobacterota	BSN033	BSN033	UBA1163	Unclassified	0.00343309569959591
SRR10102394	Soil	Bacteria	Pseudomonadota	Gammaproteobacteria	Burkholderiales	SG8-39	RBG-16-66-20	0.0000741718710596194
SRR10070130	Riverwater	Bacteria	Pseudomonadota	Gammaproteobacteria	Burkholderiales	Burkholderiaceae_D	Janthinobacterium	0.000304446440259997
SRR10070150	Sediment	Bacteria	Chloroflexota	Limnocylindria	Limnocylindrales	CSP1-4	CTSoil-043	0.00063784755443449
SRR10070131	Riverwater	Bacteria	Bdellovibrionota	Bdellovibrionia	Bdellovibrionales	Bdellovibrionaceae	Pseudobdellovibrio	0.001203369434416366
SRR10070151	Sediment	Bacteria	Eisenbacteria	RBG-16-71-46	RBG-16-71-46	RBG-16-71-46	Unclassified	0.0011991195505765629
SRR10102394	Soil	Bacteria	Pseudomonadota	Alphaproteobacteria	Acetobacterales	Acetobacteraceae	JAMXLO01	0.000252184361602706
SRR10102392	Soil	Bacteria	Desulfobacterota	Binatia	Bin18	Bin18	VGTJ01	0.00142787702029408
SRR10102392	Soil	Bacteria	Verrucomicrobiota	Verrucomicrobiia	Limisphaerales	Unclassified	Unclassified	0.004693765949690125
SRR10102393	Soil	Bacteria	Pseudomonadota	Gammaproteobacteria	Xanthomonadales	Xanthomonadaceae	Unclassified	0.0078729432276343
SRR10102394	Soil	Bacteria	Acidobacteriota	Blastocatellia	RBC074	RBC074	JAJVID01	0.000281853110026554
SRR10070130	Riverwater	Bacteria	Chloroflexota	Limnocylindria	Limnocylindrales	CSP1-4	CAIXZV01	0.000426225016363996
SRR10102393	Soil	Bacteria	Myxococcota_A	Polyangia	Polyangiales	Polyangiaceae	PMG-095	0.0014302059496567499
SRR10070131	Riverwater	Bacteria	Bacteroidota	Bacteroidia	Chitinophagales	JADIYW01	JADIYW01	0.000161427607055854
SRR10070151	Sediment	Bacteria	Acidobacteriota	Blastocatellia	RBC074	RBC074	JAHBSF01	0.000410657380334439
SRR10070131	Riverwater	Bacteria	Myxococcota_A	Polyangia	Palsa-1104	JAEUJZ01	JAEUKA01	0.000733761850253882
SRR10070149	Sediment	Bacteria	Desulfobacterota	WTBG01	JAGOGO01	JAGOGO01	G026625185	0.000966153462569345
SRR10070149	Sediment	Bacteria	Myxococcota_A	UBA9160	UBA9160	UBA6930	Unclassified	0.004472355544474228
SRR10070149	Sediment	Bacteria	Desulfobacterota	Syntrophobacteria	Syntrophobacterales	Syntrophobacteraceae	Unclassified	0.001355731471669887
SRR10102393	Soil	Bacteria	Pseudomonadota	Gammaproteobacteria	Steroidobacterales	Steroidobacteraceae	13-2-20CM-66-19	0.00148468998583415
SRR10070130	Riverwater	Bacteria	Pseudomonadota	Gammaproteobacteria	Pseudomonadales	Oleiphilaceae	PZPK01	0.000548003592467995
SRR10102394	Soil	Bacteria	Pseudomonadota	Alphaproteobacteria	Caulobacterales	Caulobacteraceae	Phenylobacterium	0.001097743691682367
SRR10070130	Riverwater	Bacteria	Bacteroidota	Bacteroidia	Chitinophagales	Chitinophagaceae	Ferruginibacter	0.000197890186168998
SRR10070141	Groundwater	Bacteria	Desulfobacterota	Binatia	UBA9968	UBA9968	DP-36	0.002369726740885189
SRR10102392	Soil	Bacteria	Pseudomonadota	Alphaproteobacteria	Rhizobiales	Xanthobacteraceae	Pseudolabrys	0.0049216186656945
SRR10070130	Riverwater	Bacteria	Bacteroidota	Ignavibacteria	Kapaibacteriales	UBA961	JADJXV01	0.00150700987928699
SRR10070130	Riverwater	Bacteria	Bacillota	Bacilli	Lactobacillales	Unclassified	Unclassified	0.000913339320779992
SRR10070130	Riverwater	Bacteria	Actinomycetota	Actinomycetes	Actinomycetales	Dermatophilaceae	Fodinibacter	0.002131125081819984
SRR10070149	Sediment	Bacteria	Bacteroidota	Bacteroidia	Chitinophagales	Chitinophagaceae	JJ008	0.000389578009100542
SRR10102394	Soil	Bacteria	Pseudomonadota	Gammaproteobacteria	Burkholderiales	Burkholderiaceae_C	Schlegelella_A	0.00376793104982866
SRR10102394	Soil	Bacteria	Verrucomicrobiota	Verrucomicrobiia	Chthoniobacterales	Unclassified	Unclassified	0.000163178116331163
SRR10070150	Sediment	Bacteria	Actinomycetota	UBA4738	UBA4738	HRBIN12	JAOUEA01	0.000985764402307848
SRR10070150	Sediment	Bacteria	Verrucomicrobiota	Verrucomicrobiia	Limisphaerales	SIBH01	JANNGC01	0.000246441100576962
SRR10102392	Soil	Bacteria	Pseudomonadota	Gammaproteobacteria	Burkholderiales	SHXO01	SHXO01	0.000258233078138291
SRR10070131	Riverwater	Bacteria	Patescibacteriota	Gracilibacteria	BD1-5	UBA6164	UBA7396	0.000278829503096475
SRR10102393	Soil	Bacteria	Acidobacteriota	Blastocatellia	Pyrinomonadales	Pyrinomonadaceae	UBA11740	0.00200228832951945
SRR10102392	Soil	Bacteria	Gemmatimonadota	Gemmatimonadetes	Gemmatimonadales	Gemmatimonadaceae	UBA4720	0.0048000972171588305
SRR10102394	Soil	Bacteria	Pseudomonadota	Gammaproteobacteria	Burkholderiales	Rhodocyclaceae	Unclassified	0.000222515613178858
SRR10070150	Sediment	Bacteria	Chloroflexota	Dehalococcoidia	GIF9	UBA5629	CAIMUM01	0.000405902989185585
SRR10070141	Groundwater	Bacteria	Verrucomicrobiota	Verrucomicrobiia	JABWAM01	JABWAM01	JABDCI01	0.000518377724568636
SRR10070150	Sediment	Bacteria	Acidobacteriota	Polarisedimenticolia	QHYA01	CAVVHA01	CAVVHA01	0.000202951494592792
SRR10070130	Riverwater	Bacteria	Hydrogenedentota	Hydrogenedentia	Hydrogenedentales	JAEUWI01	JAEUWI01	0.000258779474220998
SRR10102393	Soil	Bacteria	Pseudomonadota	Gammaproteobacteria	Xanthomonadales	Xanthomonadaceae	Arenimonas	0.0043859649122807
SRR10070149	Sediment	Bacteria	Nitrospirota	Thermodesulfovibrionia	Thermodesulfovibrionales	SM23-35	CAVRAA01	0.001153150906937605
SRR10070134	Riverwater	Bacteria	Myxococcota_A	Polyangia	Polyangiales	Houyiibacteriaceae	JADJJE01	0.000294633978663589
SRR10102393	Soil	Bacteria	Bacillota	Bacilli	Bacillales_A	Planococcaceae	Psychrobacillus	0.0004631143075079
SRR10102393	Soil	Bacteria	Desulfobacterota	Desulfuromonadia	Geobacterales	Geobacteraceae	Geotalea	0.0001634521085322
SRR10070134	Riverwater	Bacteria	Pseudomonadota	Gammaproteobacteria	Pseudomonadales	Moraxellaceae	Acinetobacter	0.020796248327338375
SRR10070132	Groundwater	Bacteria	Pseudomonadota	Gammaproteobacteria	Burkholderiales	Gallionellaceae	Nitrotoga	0.0127920859628177
SRR10070134	Riverwater	Bacteria	Pseudomonadota	Gammaproteobacteria	Burkholderiales	Neisseriaceae	Vitreoscilla	0.000356016057551837
SRR10070132	Groundwater	Bacteria	Pseudomonadota	Alphaproteobacteria	Reyranellales	Reyranellaceae	Reyranella	0.000127920859628177
SRR10070149	Sediment	Bacteria	Acidobacteriota	Vicinamibacteria	Vicinamibacterales	UBA2999	Unclassified	0.002664713582247707
SRR10070149	Sediment	Bacteria	Oederibacteriota	JAAXVQ01	JAAXVQ01	JAAXVQ01	JAAXVQ01	0.000498659851648694
SRR10070151	Sediment	Bacteria	Acidobacteriota	Aminicenantia	Aminicenantales	Unclassified	Unclassified	0.001363382502710338
SRR10070131	Riverwater	Bacteria	Bacteroidota	Bacteroidia	Bacteroidales	Rikenellaceae	Alistipes	0.000190778081066009
SRR10070130	Riverwater	Bacteria	Planctomycetota	Planctomycetia	Planctomycetales	Planctomycetaceae	SIAF01	0.000152223220129999
SRR10102393	Soil	Bacteria	Verrucomicrobiota	Verrucomicrobiia	Chthoniobacterales	UBA10450	AV133	0.00096709164214885
SRR10102394	Soil	Bacteria	Acidobacteriota	Vicinamibacteria	Vicinamibacterales	CAVVIG01	CAVQFD01	0.0018542967764904829
SRR10070130	Riverwater	Bacteria	Pseudomonadota	Gammaproteobacteria	Burkholderiales	UBA11063	Aquella	0.000289224118246997
SRR10102393	Soil	Bacteria	Acidobacteriota	Vicinamibacteria	Vicinamibacterales	UBA2999	Unclassified	0.013661872071483049
SRR10070149	Sediment	Bacteria	Pseudomonadota	Alphaproteobacteria	Rhodobacterales	Rhodobacteraceae	Unclassified	0.000576575453468803
SRR10070131	Riverwater	Bacteria	Pseudomonadota	Gammaproteobacteria	Steroidobacterales	Steroidobacteraceae	CADEED01	0.000234803792081242
SRR10070150	Sediment	Bacteria	Pseudomonadota	Gammaproteobacteria	Burkholderiales	Rhodocyclaceae	JADJEF01	0.000101475747296396
SRR10070149	Sediment	Bacteria	Pseudomonadota	Alphaproteobacteria	Dongiales	Dongiaceae	Dongia_A	0.00180764196222652
SRR10070150	Sediment	Bacteria	Actinomycetota	Acidimicrobiia	Acidimicrobiales	VFJN01	VFJN01	0.000347916847873358
SRR10070149	Sediment	Bacteria	UBA10199	UBA10199	2-02-FULL-44-16	JAAZCA01	Unclassified	0.000763572897837062
SRR10070134	Riverwater	Bacteria	Pseudomonadota	Gammaproteobacteria	Burkholderiales	Methylophilaceae	Methylotenera_A	0.000441950967995384
SRR10070141	Groundwater	Bacteria	Eisenbacteria	RBG-16-71-46	SZUA-252	SZUA-252	WS-7	0.000962701488484609
SRR10070130	Riverwater	Bacteria	Pseudomonadota	Alphaproteobacteria	Rhizobiales	Methyloligellaceae	Methyloceanibacter	0.000167445542142998
SRR10070150	Sediment	Bacteria	Verrucomicrobiota	Verrucomicrobiia	Palsa-1439	Palsa-1439	Palsa-1439	0.000739323301730886
SRR10102394	Soil	Bacteria	Pseudomonadota	Gammaproteobacteria	Burkholderiales	Burkholderiaceae_C	Unclassified	0.010547240064677867
SRR10070151	Sediment	Bacteria	Pseudomonadota	Gammaproteobacteria	Burkholderiales	Methylophilaceae	JBCKUK01	0.000180689247347153
SRR10070134	Riverwater	Bacteria	Pseudomonadota	Alphaproteobacteria	Sphingomonadales	Sphingomonadaceae	Novosphingobium	0.000945284014879016
SRR10102393	Soil	Bacteria	Pseudomonadota	Gammaproteobacteria	Burkholderiales	SG8-39	SCGC-AG-212-J23	0.0011441647597254
SRR10070134	Riverwater	Bacteria	Chloroflexota	Limnocylindria	Limnocylindrales	CSP1-4	SPCO01	0.00038056888910713597
SRR10070150	Sediment	Bacteria	Verrucomicrobiota	Verrucomicrobiia	Verrucomicrobiales	Akkermansiaceae	Luteolibacter	0.0025079006117537882
SRR10070130	Riverwater	Bacteria	Bdellovibrionota_C	UBA2361	SZUA-149	Unclassified	Unclassified	0.000228334830194998
SRR10070141	Groundwater	Bacteria	Nitrospirota	Nitrospiria	Nitrospirales	Nitrospiraceae	Unclassified	0.00106144010268816
SRR10070150	Sediment	Bacteria	Acidobacteriota	Thermoanaerobaculia	Thermoanaerobaculales	Sulfomarinibacteraceae	Unclassified	0.00146415006813372
SRR10102393	Soil	Bacteria	Actinomycetota	Thermoleophilia	Gaiellales	Gaiellaceae	GMQP-bins7	0.00271058079982565
SRR10070149	Sediment	Bacteria	Desulfobacterota	DSWW01	DSWW01	DSWW01	JBFLZG01	0.000763572897837062
SRR10070131	Riverwater	Bacteria	Krumholzibacteriota	Krumholzibacteriia	WVZY01	WVZY01	Unclassified	0.0000293504740101553
SRR10102393	Soil	Bacteria	Desulfobacterota	Binatia	UTPRO1	UTPRO1	Unclassified	0.0004358722894192
SRR10070132	Groundwater	Archaea	Nanobdellota	Nanobdellia	SCGC-AAA011-G17	Unclassified	Unclassified	0.000938086303939962
SRR10102393	Soil	Bacteria	Methylomirabilota	Methylomirabilia	Rokubacteriales	CSP1-6	DASRWT01	0.00096709164214885
SRR10102392	Soil	Bacteria	Gemmatimonadota	Gemmatimonadetes	Gemmatimonadales	GWC2-71-9	Unclassified	0.0000911410864017499
SRR10070130	Riverwater	Bacteria	Pseudomonadota	Gammaproteobacteria	Burkholderiales	Burkholderiaceae_C	Unclassified	0.04517985173458364
SRR10070134	Riverwater	Bacteria	Bacillota	Bacilli	Lactobacillales	Aerococcaceae	Trichococcus	0.00157138121953914
SRR10070141	Groundwater	Bacteria	Gemmatimonadota	Gemmatimonadetes	Gemmatimonadales	Gemmatimonadaceae	UBA4720	0.00056774703167041
SRR10070149	Sediment	Bacteria	Bacillota	Bacilli	Bacillales	Bacillaceae_G	Bacillus_A	0.000296079286916412
SRR10070134	Riverwater	Bacteria	Pseudomonadota	Alphaproteobacteria	Caulobacterales	Caulobacteraceae	Caulobacter	0.000171869820887094
SRR10102394	Soil	Bacteria	Pseudomonadota	Alphaproteobacteria	Sphingomonadales	Sphingomonadaceae	Sphingomonas	0.0015576092922520066
SRR10070149	Sediment	Bacteria	Chloroflexota	Anaerolineae	Aggregatilineales	UBA3940	Unclassified	0.00177647572149847
SRR10070150	Sediment	Bacteria	Pseudomonadota	Alphaproteobacteria	Rhizobiales	Xanthobacteraceae	Bradyrhizobium	0.000565364877794207
SRR10102392	Soil	Bacteria	Desulfobacterota	Desulfuromonadia	Geobacterales	Pseudopelobacteraceae	JACRCG01	0.000121521448535667
SRR10070134	Riverwater	Bacteria	Nitrospirota	Nitrospiria	Nitrospirales	Nitrospiraceae	Nitrospira_D	0.000503333046883632
SRR10070131	Riverwater	Bacteria	Pseudomonadota	Gammaproteobacteria	Burkholderiales	Burkholderiaceae_C	Rhodoferax	0.00115934372340113
SRR10070134	Riverwater	Bacteria	Bacteroidota	Bacteroidia	Cytophagales	Cyclobacteriaceae	ELB16-189	0.000196422652442393
SRR10070151	Sediment	Bacteria	Acidobacteriota	Vicinamibacteria	Vicinamibacterales	SCN-69-37	CAVXSP01	0.00269391241499392
SRR10070131	Riverwater	Bacteria	Omnitrophota	Omnitrophia	Omnitrophales	Aquincolibacteriaceae	Multiplicimicrobium	0.002201285550761648
SRR10070149	Sediment	Bacteria	Acidobacteriota	Holophagae	Holophagales	Holophagaceae	Mesoterricola	0.00018699744436826
SRR10070151	Sediment	Bacteria	Acidobacteriota	Vicinamibacteria	Fen-336	Fen-336	DATBSL01	0.00716186471303263
SRR10102394	Soil	Bacteria	Pseudomonadota	Gammaproteobacteria	Xanthomonadales	Xanthomonadaceae	Noviluteimonas	0.001602112414887777
SRR10070132	Groundwater	Bacteria	Pseudomonadota	Gammaproteobacteria	Acidiferrobacterales	Unclassified	Unclassified	0.000852805730854511
SRR10102393	Soil	Bacteria	Actinomycetota	Actinomycetes	Actinomycetales	Dermatophilaceae	Lapillicoccus	0.0002996621989757
SRR10070134	Riverwater	Bacteria	Elusimicrobiota	Elusimicrobia	FEN-1173	FEN-1173	JADJJR01	0.000171869820887094
SRR10102393	Soil	Bacteria	Pseudomonadota	Gammaproteobacteria	Pseudomonadales	Azotimanducaceae	DATJGR01	0.00058570338890705
SRR10070151	Sediment	Bacteria	Verrucomicrobiota	Verrucomicrobiia	Verrucomicrobiales	V1-33	V1-33	0.000295673313840796
SRR10102393	Soil	Bacteria	Verrucomicrobiota	Verrucomicrobiia	Chthoniobacterales	UBA10450	Palsa-1392	0.00017707311757655
SRR10102393	Soil	Bacteria	Verrucomicrobiota	Verrucomicrobiia	Verrucomicrobiales	Akkermansiaceae	Luteolibacter	0.0028604118993134997
SRR10102394	Soil	Bacteria	Pseudomonadota	Gammaproteobacteria	Burkholderiales	Burkholderiaceae_C	Polaromonas	0.0009790686979869751
SRR10070150	Sediment	Bacteria	Chloroflexota	Anaerolineae	Anaerolineales	UBA4823	Unclassified	0.009335768751268462
SRR10102392	Soil	Bacteria	Actinomycetota	Actinomycetes	Mycobacteriales	Geodermatophilaceae	Blastococcus_B	0.002536760238182036
SRR10070149	Sediment	Bacteria	Actinomycetota	UBA4738	UBA4738	HRBIN12	HRBIN12	0.000436327370192607
SRR10102392	Soil	Bacteria	Desulfobacterota	Binatia	DP-6	DP-6	CAVVBN01	0.000303803621339166
SRR10070150	Sediment	Bacteria	Nitrospirota	UBA9217	UBA9217	UBA9217	JAJYKN01	0.0013046881795250888
SRR10102393	Soil	Bacteria	Desulfobacterota	Desulfuromonadia	Geobacterales	Pseudopelobacteraceae	JACPFJ01	0.000272420180887
SRR10070141	Groundwater	Bacteria	Pseudomonadota	Gammaproteobacteria	Acidiferrobacterales	Sulfurifustaceae	Sulfuricaulis	0.000814593567179285
SRR10070150	Sediment	Bacteria	Acidobacteriota	Terriglobia	20CM-2-55-15	20CM-2-55-15	DASTBJ01	0.000405902989185585
SRR10070151	Sediment	Bacteria	Verrucomicrobiota	Verrucomicrobiia	Limisphaerales	UBA11358	UBA11358	0.000657051808535103
SRR10102392	Soil	Bacteria	Acidobacteriota	Vicinamibacteria	Vicinamibacterales	UBA2999	Gp6-AA40	0.0399046056628995
SRR10102394	Soil	Bacteria	Actinomycetota	Acidimicrobiia	IMCC26256	PALSA-610	JBBQER01	0.000370859355298097
SRR10070131	Riverwater	Bacteria	Verrucomicrobiota	Verrucomicrobiia	Limisphaerales	JADLHS01	JADLHS01	0.000484282821167562
SRR10070150	Sediment	Bacteria	Spirochaetota	Spirochaetia	Treponematales	Breznakiellaceae	Gracilinema	0.000202951494592792
SRR10070133	Groundwater	Bacteria	Patescibacteriota	Gracilibacteria	Peribacterales	Peribacteraceae	2-12-FULL-55-11	0.000371824617764293
SRR10070133	Groundwater	Bacteria	Omnitrophota	Gorgyraeia	Gygaellales	Profunditerraquicolaceae	Profunditerraquicola	0.0030489618656672
SRR10070151	Sediment	Bacteria	Eisenbacteria	RBG-16-71-46	Unclassified	Unclassified	Unclassified	0.000164262952133776
SRR10070130	Riverwater	Bacteria	Bacteroidota	Ignavibacteria	Tepidaquicellales	OLB5	CAVUOA01	0.0000304446440259997
SRR10070130	Riverwater	Bacteria	Bdellovibrionota	Bdellovibrionia	Bdellovibrionales	Bdellovibrionaceae	21-14-0-10-47-8	0.000121778576103999
SRR10102394	Soil	Bacteria	Gemmatimonadota	Gemmatimonadetes	Gemmatimonadales	GWC2-71-9	JABFSM01	0.000296687484238477
SRR10070134	Riverwater	Bacteria	Pseudomonadota	Gammaproteobacteria	Burkholderiales	Burkholderiaceae_C	JAGOEY01	0.00457910308506328
SRR10102392	Soil	Bacteria	Pseudomonadota	Gammaproteobacteria	Steroidobacterales	Steroidobacteraceae	SCUD01	0.000637987604812249
SRR10102393	Soil	Bacteria	Desulfobacterota	Binatia	HRBIN30	CADEER01	JAHBUY01	0.00020431513566525
SRR10102394	Soil	Bacteria	Planctomycetota	Phycisphaerae	Tepidisphaerales	Tepidisphaeraceae	DASVUC01	0.000326356232662325
SRR10070150	Sediment	Bacteria	Methylomirabilota	Methylomirabilia	Rokubacteriales	CSP1-6	AR5	0.003261720448812729
SRR10070150	Sediment	Bacteria	Bacillota	Clostridia	Acetivibrionales	Unclassified	Unclassified	0.000463889130497811
SRR10070150	Sediment	Bacteria	Planctomycetota	Brocadiia	CAIUPP01	CAIUPP01	JBEKCB01	0.000739323301730886
SRR10102393	Soil	Bacteria	Bacteroidota	Bacteroidia	Chitinophagales	Chitinophagaceae	Segetibacter	0.0008445025607496999
SRR10102393	Soil	Bacteria	Acidobacteriota	Thermoanaerobaculia	Gp7-AA8	Gp7-AA8	QHVT01	0.0010351966873706
SRR10070132	Groundwater	Bacteria	Unclassified	Unclassified	Unclassified	Unclassified	Unclassified	0.04161691966570014
SRR10070134	Riverwater	Bacteria	Pseudomonadota	Gammaproteobacteria	Burkholderiales	Burkholderiaceae_C	Rubrivivax	0.000650650036215427
SRR10070141	Groundwater	Bacteria	Pseudomonadota	Gammaproteobacteria	Burkholderiales	Rhodocyclaceae	Azonexus	0.00232035743378342
SRR10070151	Sediment	Bacteria	Actinomycetota	UBA4738	UBA4738	HRBIN12	CALGFI01	0.000114984066493643
SRR10070151	Sediment	Bacteria	Pseudomonadota	Gammaproteobacteria	Burkholderiales	Casimicrobiaceae	VBCG01	0.002004008016032063
SRR10102394	Soil	Bacteria	Pseudomonadota	Alphaproteobacteria	Rhodobacterales	Rhodobacteraceae	Rubellimicrobium	0.000133509367907315
SRR10070150	Sediment	Bacteria	Gemmatimonadota	Gemmatimonadetes	JACCXV01	JAHWKZ01	CAMYLR01	0.0012032124322287
SRR10070130	Riverwater	Bacteria	Pseudomonadota	Alphaproteobacteria	Rhizobiales	Xanthobacteraceae	Pseudorhodoplanes	0.000395780372337996
SRR10070150	Sediment	Bacteria	Verrucomicrobiota	Verrucomicrobiia	Limisphaerales	Unclassified	Unclassified	0.001116233220260357
SRR10070150	Sediment	Bacteria	Krumholzibacteriota	Krumholzibacteriia	Krumholzibacteriales	Krumholzibacteriaceae	JALOPX01	0.000188454959264736
SRR10102394	Soil	Bacteria	Actinomycetota	Actinomycetes	Propionibacteriales	Nocardioidaceae	JANLYC01	0.00045986560056964
SRR10102392	Soil	Bacteria	Pseudomonadota	Gammaproteobacteria	Burkholderiales	Burkholderiaceae_C	Ramlibacter	0.00669886985052862
SRR10102392	Soil	Bacteria	Actinomycetota	Thermoleophilia	Solirubrobacterales	Solirubrobacteraceae	DATFQI01	0.00133673593389233
SRR10070150	Sediment	Bacteria	Myxococcota_A	Polyangia	Nannocystales	Nannocystaceae	Plesiocystis	0.000202951494592792
SRR10102394	Soil	Bacteria	Chloroflexota	Limnocylindria	Limnocylindrales	CSP1-4	CAIXZV01	0.00120158431116583
SRR10102392	Soil	Bacteria	Planctomycetota	Planctomycetia	Pirellulales	PALSA-1355	PALSA-1355	0.000607607242678333
SRR10070151	Sediment	Bacteria	Acidobacteriota	Vicinamibacteria	Vicinamibacterales	2-12-FULL-66-21	Unclassified	0.000443509970761195
SRR10070149	Sediment	Bacteria	Planctomycetota	Phycisphaerae	Phycisphaerales	SM1A02	JADFOJ01	0.000342828648008477
SRR10070151	Sediment	Bacteria	Chloroflexota	Anaerolineae	JAAYZQ01	JAAYZQ01	Unclassified	0.000197115542560531
SRR10070131	Riverwater	Bacteria	Bacteroidota	Bacteroidia	Cytophagales	Cyclobacteriaceae	ELB16-189	0.00055765900619295
SRR10070149	Sediment	Bacteria	Desulfobacterota	Desulfobaccia	Desulfobaccales	0-14-0-80-60-11	JAPLJC01	0.003397120239356725
SRR10070134	Riverwater	Bacteria	Nitrospirota	Leptospirillia	Leptospirillales	Leptospirillaceae	UBA4572	0.000319186810218889
SRR10102394	Soil	Bacteria	Pseudomonadota	Gammaproteobacteria	Burkholderiales	Burkholderiaceae_C	Ramlibacter	0.00532554034208067
SRR10070151	Sediment	Bacteria	Chloroflexota	Anaerolineae	Anaerolineales	UBA4823	CAVPNY01	0.001116988074509675
SRR10070131	Riverwater	Bacteria	Verrucomicrobiota	Lentisphaeria	Victivallales	Victivallaceae	CAYMSF01	0.000161427607055854
SRR10070149	Sediment	Bacteria	Acidobacteriota	Thermoanaerobaculia	Thermoanaerobaculales	Thermoanaerobaculaceae	CAVRZJ01	0.000202580564732282
SRR10070141	Groundwater	Bacteria	Chloroflexota	Dehalococcoidia	Lucifugimonadales	Lucifugimonadaceae	SHXW01	0.000863962874281059
SRR10070151	Sediment	Bacteria	Acidobacteriota	Vicinamibacteria	Vicinamibacterales	JAMQPK01	JAMQPK01	0.000821314760668879
SRR10070134	Riverwater	Archaea	Thermoproteota	Bathyarchaeia	TCS64	TCS64	RBG-16-57-9	0.0000859349104435469
SRR10070134	Riverwater	Bacteria	Pseudomonadota	Gammaproteobacteria	Pseudomonadales	CAMLJR01	CAMLJR01	0.000184146236664743
SRR10070151	Sediment	Bacteria	Acidobacteriota	Terriglobia	Bryobacterales	Bryobacteraceae	Paludibaculum	0.000525641446828082
SRR10070134	Riverwater	Bacteria	Pseudomonadota	Gammaproteobacteria	Pseudomonadales	Moraxellaceae	Agitococcus	0.03125575456989578
SRR10102393	Soil	Bacteria	Actinomycetota	Thermoleophilia	Solirubrobacterales	JACPNS01	JACPNS01	0.00034052522610875
SRR10102393	Soil	Bacteria	Pseudomonadota	Alphaproteobacteria	Sphingomonadales	Sphingomonadaceae	Unclassified	0.00145744796774545
SRR10070151	Sediment	Bacteria	Desulfobacterota	Desulfobaccia	Desulfobaccales	0-14-0-80-60-11	0-14-0-80-60-11	0.015670685633562186
SRR10070151	Sediment	Bacteria	Spirochaetota	Spirochaetia	SZUA-6	DRHE01	MIBK01	0.003975163441637371
SRR10102392	Soil	Bacteria	Myxococcota	Myxococcia	Myxococcales	Myxococcaceae	Aggregicoccus	0.000881030501883582
SRR10102393	Soil	Bacteria	Chloroflexota	Anaerolineae	J036	Brachytrichaceae	JBDHWI01	0.0002451781627983
SRR10070151	Sediment	Bacteria	Actinomycetota	Thermoleophilia	Gaiellales	Gaiellaceae	JAIBJN01	0.000328525904267551
SRR10070150	Sediment	Bacteria	Myxococcota_A	Polyangia	Polyangiales	Polyangiaceae	Xiheicaenibacterium	0.000101475747296396
SRR10102393	Soil	Bacteria	Acidobacteriota	Vicinamibacteria	Vicinamibacterales	UBA2999	JACCSI01	0.00039500926228615
SRR10102394	Soil	Bacteria	Chloroflexota	Chloroflexia	QHBQ01	JADMIH01	JADMIH01	0.000430196852145792
SRR10070150	Sediment	Bacteria	Acidobacteriota	Thermoanaerobaculia	Thermoanaerobaculales	Sulfomarinibacteraceae	FEB-10	0.002942796671595491
SRR10102392	Soil	Bacteria	Planctomycetota	Planctomycetia	Isosphaerales	Isosphaeraceae	CAWGMM01	0.000364564345607
SRR10070134	Riverwater	Bacteria	Bacteroidota	Bacteroidia	Chitinophagales	Chitinophagaceae	VBAS01	0.000122764157776496
SRR10070134	Riverwater	Bacteria	Bacillota	Clostridia	Clostridiales	Clostridiaceae	Clostridium	0.0013872349828744
SRR10070133	Groundwater	Archaea	Nanobdellota	Nanobdellia	Unclassified	Unclassified	Unclassified	0.00206734487476947
SRR10070150	Sediment	Bacteria	Desulfobacterota	BSN033	BSN033	UBA1163	UBA1163	0.013612246673045149
SRR10070132	Groundwater	Bacteria	Methylomirabilota	Methylomirabilia	Methylomirabilales	2-02-FULL-66-22	2-02-FULL-66-22	0.0018335323213372
SRR10070151	Sediment	Bacteria	Acidobacteriota	Terriglobia	Versatilivoradales	Versatilivoraceae	CAVVYL01	0.0000985577712802654
SRR10070133	Groundwater	Bacteria	Patescibacteriota	Unclassified	Unclassified	Unclassified	Unclassified	0.00060979237313344
SRR10070134	Riverwater	Bacteria	Patescibacteriota	Minisyncoccia	Phycocordibacterales	XYD1-FULL-46-19	JAIOOX01	0.000319186810218889
SRR10070131	Riverwater	Bacteria	Planctomycetota	Planctomycetia	Isosphaerales	Isosphaeraceae	QWQI01	0.000220128555076164
SRR10070149	Sediment	Bacteria	Acidobacteriota	Polarisedimenticolia	Polarisedimenticolales	DASRJG01	DASRJG01	0.0009349872218413009
SRR10070133	Groundwater	Bacteria	Methylomirabilota	Methylomirabilia	Methylomirabilales	2-02-FULL-66-22	2-02-FULL-66-22	0.00221607472187519
SRR10102392	Soil	Bacteria	Myxococcota	Myxococcia	Myxococcales	Anaeromyxobacteraceae	Anaeromyxobacter	0.00045570543200875
SRR10102394	Soil	Bacteria	Acidobacteriota	UBA6911	UBA6911	UBA6911	CAWHCF01	0.00045986560056964
SRR10102392	Soil	Bacteria	Chloroflexota	Anaerolineae	4572-78	J111	DSQQ01	0.000136711629602625
SRR10070132	Groundwater	Bacteria	Patescibacteriota	Saccharimonadia	Saccharimonadales	JALRHH01	JALRHH01	0.00204673375405083
SRR10070150	Sediment	Bacteria	Nitrospirota	JACRHJ01	JACRHJ01	JACRHJ01	CAWJRJ01	0.00159461888608623
SRR10102394	Soil	Bacteria	Actinomycetota	Acidimicrobiia	Acidimicrobiales	Ilumatobacteraceae	JALZMG01	0.000593374968476955
SRR10070130	Riverwater	Bacteria	Pseudomonadota	Gammaproteobacteria	Burkholderiales	Burkholderiaceae_C	Ideonella	0.00583014933097895
SRR10070141	Groundwater	Bacteria	Pseudomonadota	Alphaproteobacteria	Reyranellales	Reyranellaceae	Reyranella	0.00066648564587396
SRR10102393	Soil	Bacteria	Bacillota	Bacilli	Bacillales	Cytobacillaceae	Neobacillus	0.00167538411245505
SRR10070134	Riverwater	Bacteria	Bacteroidota	Ignavibacteria	Ignavibacteriales	Ignavibacteriaceae	IGN3	0.000356016057551837
SRR10102394	Soil	Bacteria	Chloroflexota	Dehalococcoidia	Tepidiformales	Tepidiformaceae	Amarobacter	0.000341190606874249
SRR10070149	Sediment	Bacteria	Pseudomonadota	Alphaproteobacteria	Rhizobiales	Kaistiaceae	CAMCWB01	0.000249329925824347
SRR10102392	Soil	Bacteria	Myxococcota_A	Polyangia	Polyangiales	Polyangiaceae	Xiheicaenibacterium	0.000167091991736542
SRR10102394	Soil	Bacteria	Actinomycetota	Acidimicrobiia	IMCC26256	PALSA-555	PALSA-555	0.000311521858450401
SRR10102392	Soil	Bacteria	Pseudomonadota	Unclassified	Unclassified	Unclassified	Unclassified	0.002232956616842877
SRR10102393	Soil	Bacteria	Bacillota	Clostridia	Peptostreptococcales	Peptostreptococcaceae	Unclassified	0.000544840361774
SRR10070134	Riverwater	Bacteria	Bacillota	Bacilli	Lactobacillales	Unclassified	Unclassified	0.000638373620437777
SRR10102392	Soil	Bacteria	Actinomycetota	Acidimicrobiia	Acidimicrobiales	VFJN01	ZC4RG19	0.000364564345607
SRR10070149	Sediment	Bacteria	Pseudomonadota	Alphaproteobacteria	Rhizobiales	Hyphomicrobiaceae	AWTP1-13	0.000841488499657172
SRR10070131	Riverwater	Archaea	Thermoproteota	Nitrososphaeria	Nitrososphaerales	Nitrosopumilaceae	Nitrosarchaeum	0.000763112324264037
SRR10070151	Sediment	Bacteria	Acidobacteriota	UBA6911	UBA6911	UBA6911	Unclassified	0.005568514077334996
SRR10070133	Groundwater	Bacteria	Pseudomonadota	Alphaproteobacteria	Sphingomonadales	Sphingomonadaceae	Rhizorhabdus	0.00034207864834315
SRR10070151	Sediment	Bacteria	Pseudomonadota	Alphaproteobacteria	Rhodobacterales	Rhodobacteraceae	Acidimangrovimonas	0.000279247018627419
SRR10070134	Riverwater	Bacteria	Unclassified	Unclassified	Unclassified	Unclassified	Unclassified	0.04936346784192884
SRR10070141	Groundwater	Bacteria	Elusimicrobiota	Elusimicrobia	UBA1565	UBA9628	DAIDHI01	0.000617116338772185
SRR10070141	Groundwater	Bacteria	Pseudomonadota	Alphaproteobacteria	Dongiales	Dongiaceae	Dongia	0.000469008417466861
SRR10070149	Sediment	Bacteria	Chloroflexota	Anaerolineae	Anaerolineales	Villigracilaceae	JBGPQJ01	0.000981736582933367
SRR10070150	Sediment	Bacteria	Pseudomonadota	Gammaproteobacteria	Steroidobacterales	Steroidobacteraceae	ZC4RG30	0.002319445652489056
SRR10070132	Groundwater	Bacteria	Bacteroidota	Bacteroidia	Flavobacteriales	Flavobacteriaceae	Flavobacterium	0.00136448916936722
SRR10070130	Riverwater	Bacteria	Planctomycetota	Planctomycetia	Planctomycetales	Planctomycetaceae	SXXK01	0.000228334830194998
SRR10070141	Groundwater	Bacteria	Myxococcota_A	Polyangia	Polyangiales	Polyangiaceae	PMG-095	0.000123423267754437
SRR10070150	Sediment	Bacteria	Bacteroidota	Bacteroidia	Chitinophagales	Chitinophagaceae	Flavihumibacter	0.0000869792119683396
SRR10102392	Soil	Bacteria	Myxococcota_A	Polyangia	Fen-1088	Fen-1088	JADGRB01	0.000516466156276583
SRR10070149	Sediment	Bacteria	Bacteroidota	Ignavibacteria	UBA10030	UBA6906	JAERML01	0.000202580564732282
SRR10070149	Sediment	Bacteria	Pseudomonadota	Gammaproteobacteria	Burkholderiales	SG8-39	DATEDA01	0.00939662157950508
SRR10070149	Sediment	Bacteria	Acidobacteriota	Polarisedimenticolia	JACPZX01	DASXTC01	DATEEA01	0.000171414324004239
SRR10070150	Sediment	Bacteria	Methylomirabilota	Methylomirabilia	Rokubacteriales	CSP1-6	CAWIZN01	0.004450436345713375
SRR10102393	Soil	Bacteria	Pseudomonadota	Gammaproteobacteria	Steroidobacterales	Steroidobacteraceae	CADEED01	0.0064018742508445
SRR10070150	Sediment	Bacteria	Desulfobacterota	Binatia	UBA1149	CAITLU01	DATNBU01	0.000550868342466151
SRR10070131	Riverwater	Bacteria	Pseudomonadota	Gammaproteobacteria	Burkholderiales	Rhodocyclaceae	Fluviibacter	0.00110064277538082
SRR10070151	Sediment	Bacteria	Pseudomonadota	Gammaproteobacteria	Burkholderiales	SG8-39	RBG-16-66-20	0.000459936265974572
SRR10070150	Sediment	Bacteria	Pseudomonadota	Gammaproteobacteria	Burkholderiales	Burkholderiaceae_F	JALORV01	0.00472587051694645
SRR10070151	Sediment	Bacteria	Acidobacteriota	Vicinamibacteria	Vicinamibacterales	Unclassified	Unclassified	0.003745195308650084
SRR10070131	Riverwater	Bacteria	Acidobacteriota	Polarisedimenticolia	Polarisedimenticolales	DASRJG01	DASRJG01	0.0000880514220304658
SRR10070150	Sediment	Bacteria	Desulfobacterota_D	UBA1144	Nemesobacterales	CSP1-2	DASWID01	0.000782812907715056
SRR10070149	Sediment	Bacteria	Actinomycetota	UBA4738	UBA4738	HRBIN12	AC-51	0.000249329925824347
SRR10070151	Sediment	Bacteria	Acidobacteriota	Vicinamibacteria	Vicinamibacterales	CAVVIG01	Unclassified	0.002053286901672201
SRR10070134	Riverwater	Bacteria	Verrucomicrobiota	Verrucomicrobiia	Verrucomicrobiales	Akkermansiaceae	Luteolibacter	0.0014731698933179468
SRR10070150	Sediment	Bacteria	Eisenbacteria	RBG-16-71-46	JABDJR01	JABDJR01	CAVSKL01	0.002203473369864602
SRR10070151	Sediment	Bacteria	Acidobacteriota	Vicinamibacteria	Vicinamibacterales	Fen-181	FEN-299	0.00330168533788889
SRR10070141	Groundwater	Bacteria	Pseudomonadota	Gammaproteobacteria	Burkholderiales	SG8-41	Ga0077527	0.000370269803263311
SRR10070149	Sediment	Bacteria	Armatimonadota	Zipacnadia	Zipacnadales	VGFC01	VGFC01	0.000451910490556629
SRR10070150	Sediment	Bacteria	Myxococcota_A	UBA9160	SZUA-336	SZUA-336	JAGWBS01	0.000202951494592792
SRR10070130	Riverwater	Bacteria	Pseudomonadota	Gammaproteobacteria	Burkholderiales	Unclassified	Unclassified	0.2141019591128429
SRR10070141	Groundwater	Bacteria	Omnitrophota	Gorgyraeia	Gygaellales	Profunditerraquicolaceae	Profunditerraquicola	0.00180197970921478
SRR10102394	Soil	Bacteria	Actinomycetota	Actinomycetes	Mycobacteriales	Pseudonocardiaceae	Amycolatopsis	0.00026701873581463
SRR10070149	Sediment	Bacteria	Pseudomonadota	Gammaproteobacteria	Steroidobacterales	Steroidobacteraceae	DATBVX01	0.000654491055288911
SRR10102392	Soil	Bacteria	Actinomycetota	Actinomycetes	Propionibacteriales	Nocardioidaceae	JANLYC01	0.000334183983473083
SRR10070134	Riverwater	Bacteria	Pseudomonadota	Alphaproteobacteria	Micavibrionales	Micavibrionaceae	UBA1573	0.000785690609769572
SRR10070130	Riverwater	Bacteria	Pseudomonadota	Gammaproteobacteria	Pseudomonadales	UBA7239	UBA7239	0.001537454523312986
SRR10070134	Riverwater	Bacteria	Zixibacteria	MSB-5A5	CAIYYT01	CAIYYT01	CAIYYT01	0.0000613820788882478
SRR10070151	Sediment	Bacteria	Spirochaetota	Spirochaetia	SZUA-6	Fen-1364	Fen-1364	0.001166266960149808
SRR10070150	Sediment	Bacteria	Chloroflexota	Anaerolineae	JAAYZQ01	JAAYZQ01	JAFGOG01	0.002493404076425738
SRR10102394	Soil	Bacteria	Methylomirabilota	Methylomirabilia	Rokubacteriales	CSP1-6	CAWIZN01	0.000845559330079661
SRR10070134	Riverwater	Bacteria	Actinomycetota	UBA4738	UBA4738	HRBIN12	DASSJM01	0.0000736584946658973
SRR10070132	Groundwater	Bacteria	Patescibacteriota	Unclassified	Unclassified	Unclassified	Unclassified	0.000255841719256353
SRR10102394	Soil	Bacteria	Acidobacteriota	Blastocatellia	Pyrinomonadales	Pyrinomonadaceae	Unclassified	0.00026701873581463
SRR10070150	Sediment	Bacteria	Acidobacteriota	Thermoanaerobaculia	Multivoradales	JAGPDF01	JAGPDF01	0.000275434171233075
SRR10070149	Sediment	Bacteria	Chloroflexota	Limnocylindria	Limnocylindrales	CSP1-4	CAIXZV01	0.0010752353051175
SRR10070151	Sediment	Bacteria	Acidobacteriota	Vicinamibacteria	Fen-336	Fen-336	CAVPGH01	0.000903446236735767
SRR10102393	Soil	Bacteria	Acidobacteriota	Vicinamibacteria	Fen-336	Fen-336	DATBSL01	0.00061294540699575
SRR10070150	Sediment	Bacteria	Zixibacteria	MSB-5A5	Unclassified	Unclassified	Unclassified	0.000623351019106434
SRR10070149	Sediment	Bacteria	Pseudomonadota	Alphaproteobacteria	Rhodospirillales	Defluviicoccaceae	Defluviicoccus	0.000436327370192607
SRR10070151	Sediment	Bacteria	Hydrogenedentota	Hydrogenedentia	Hydrogenedentales	SLHB01	G963674865	0.000147836656920398
SRR10070151	Sediment	Bacteria	Bacillota	Clostridia	Acetivibrionales	DTU013	MnB-11	0.000525641446828082
SRR10070149	Sediment	Bacteria	Acidobacteriota	Vicinamibacteria	Fen-336	Fen-336	Unclassified	0.000327245527644456
SRR10070150	Sediment	Bacteria	Acidobacteriota	UBA6911	UBA6911	UBA6911	Unclassified	0.0058421037372068125
SRR10070130	Riverwater	Bacteria	Pseudomonadota	Unclassified	Unclassified	Unclassified	Unclassified	0.002192014369871981
SRR10070150	Sediment	Bacteria	Acidobacteriota	Terriglobia	Acidiferrales	UBA7541	Palsa-189	0.000521875271810037
SRR10102392	Soil	Bacteria	Pseudomonadota	Gammaproteobacteria	Burkholderiales	Burkholderiaceae_C	Unclassified	0.012167335034633613
SRR10070151	Sediment	Bacteria	Pseudomonadota	Alphaproteobacteria	Dongiales	Dongiaceae	JBGPEQ01	0.000279247018627419
SRR10070131	Riverwater	Bacteria	Pseudomonadota	Gammaproteobacteria	Burkholderiales	Aquaspirillaceae	Rivihabitans	0.000851163746294503
SRR10070131	Riverwater	Bacteria	Bacteroidota	Bacteroidia	Chitinophagales	JADIYW01	JADJSS01	0.000322855214111708
SRR10070133	Groundwater	Bacteria	Patescibacteriota	JACPGU01	JACPGU01	JACPGU01	JAKLDG01	0.000535427449580582
SRR10070149	Sediment	Bacteria	Bacteroidota	Bacteroidia	Bacteroidales	JAGOPY01	JAGOPY01	0.000529826092376738
SRR10070134	Riverwater	Bacteria	Pseudomonadota	Alphaproteobacteria	Dongiales	Dongiaceae	Dongia	0.000184146236664743
SRR10070132	Groundwater	Bacteria	Pseudomonadota	Gammaproteobacteria	Pseudomonadales	Moraxellaceae	Acinetobacter	0.08749786798567287
SRR10070130	Riverwater	Bacteria	Bacteroidota	Bacteroidia	Chitinophagales	Saprospiraceae	JAAFJT01	0.000258779474220998
SRR10102392	Soil	Bacteria	Desulfobacterota	Binatia	DP-6	DP-6	DATGIZ01	0.000334183983473083
SRR10070149	Sediment	Bacteria	Krumholzibacteriota	Krumholzibacteriia	WVZY01	WVZY01	Unclassified	0.0010752353051175
SRR10070134	Riverwater	Bacteria	Pseudomonadota	Gammaproteobacteria	Burkholderiales	Burkholderiaceae_C	Pseudaquabacterium	0.00176780387198154
SRR10070150	Sediment	Bacteria	Zhuqueibacterota	Zhuqueibacteria	Zhuqueibacterales	Zhuqueibacteraceae	JBIOXB01	0.000144965353280566
SRR10070130	Riverwater	Bacteria	Myxococcota	Unclassified	Unclassified	Unclassified	Unclassified	0.000456669660389996
SRR10070150	Sediment	Bacteria	Bacteroidota	Bacteroidia	Chitinophagales	Chitinophagaceae	VBAS01	0.000840799049027282
SRR10102394	Soil	Bacteria	Myxococcota_A	Polyangia	Polyangiales	DASUME01	DASUME01	0.000578540594265031
SRR10102393	Soil	Bacteria	Pseudomonadota	Alphaproteobacteria	Rhizobiales	Xanthobacteraceae	Pseudolabrys	0.0071374087392394
SRR10102394	Soil	Bacteria	Acidobacteriota	Vicinamibacteria	Vicinamibacterales	CAVVIG01	CAVVIG01	0.00299654359080862
SRR10070130	Riverwater	Bacteria	Pseudomonadota	Gammaproteobacteria	Burkholderiales	Nitrosomonadaceae	Nitrosomonas	0.000943783964805992
SRR10070151	Sediment	Bacteria	Gemmatimonadota	Gemmatimonadetes	JACCXV01	JAHWKZ01	CAMYLR01	0.000887019941522389
SRR10102393	Soil	Bacteria	Actinomycetota	Thermoleophilia	Gaiellales	Gaiellaceae	Gaiellasilicea	0.0021112564018742497
SRR10070134	Riverwater	Bacteria	Pseudomonadota	Gammaproteobacteria	Burkholderiales	Burkholderiaceae_C	Aquabacterium	0.02106632947444667
SRR10102392	Soil	Bacteria	Pseudomonadota	Alphaproteobacteria	Rhizobiales	Beijerinckiaceae	Unclassified	0.000562036699477458
SRR10102394	Soil	Bacteria	Actinomycetota	Rubrobacteria	Rubrobacterales	Rubrobacteraceae	Rubrobacter_D	0.002195487383364732
SRR10070150	Sediment	Bacteria	Myxococcota_A	Unclassified	Unclassified	Unclassified	Unclassified	0.000202951494592792
SRR10102393	Soil	Bacteria	Methylomirabilota	Methylomirabilia	Rokubacteriales	CSP1-6	CAWIZN01	0.001089680723548
SRR10102394	Soil	Bacteria	Planctomycetota	Planctomycetia	Pirellulales	Pirellulaceae	Unclassified	0.0019581373959739502
SRR10070131	Riverwater	Bacteria	Nitrospirota	Nitrospiria	Nitrospirales	Nitrospiraceae	Nitrospira_D	0.000322855214111708
SRR10070130	Riverwater	Bacteria	Pseudomonadota	Alphaproteobacteria	Rickettsiales	CANDYO01	CANDYO01	0.000137000898116999
SRR10070151	Sediment	Bacteria	Myxococcota_A	UBA9160	UBA9160	SMWR01	JACZVU01	0.000197115542560531
SRR10070149	Sediment	Bacteria	Chloroflexota	Anaerolineae	Aggregatilineales	Aggregatilineaceae	CAWKMN01	0.001215483388393692
SRR10070150	Sediment	Bacteria	Bacillota	Bacilli	Bacillales	DSM-1321	Peribacillus	0.000695833695746717
SRR10070141	Groundwater	Bacteria	Gemmatimonadota	Gemmatimonadetes	Gemmatimonadales	Gemmatimonadaceae	Unclassified	0.000370269803263311
SRR10070141	Groundwater	Bacteria	Pseudomonadota	Alphaproteobacteria	Caulobacterales	Caulobacteraceae	Brevundimonas	0.000962701488484609
SRR10102393	Soil	Bacteria	Acidobacteriota	Vicinamibacteria	Vicinamibacterales	Unclassified	Unclassified	0.0016890051214994
SRR10070149	Sediment	Bacteria	Acidobacteriota	UBA6911	UBA6911	UBA6911	CAWHCF01	0.000124664962912174
SRR10070131	Riverwater	Bacteria	Pseudomonadota	Gammaproteobacteria	Burkholderiales	Casimicrobiaceae	VBCG01	0.000176102844060932
SRR10070130	Riverwater	Bacteria	Desulfobacterota	Binatia	UBA1149	CAYXZP01	CAYXZP01	0.0000608892880519995
SRR10070151	Sediment	Bacteria	Pseudomonadota	Alphaproteobacteria	Acetobacterales	Acetobacteraceae	Unclassified	0.000312099609054174
SRR10070134	Riverwater	Bacteria	Desulfobacterota	Desulfobacteria	Desulfobacterales	SpSt-501	SpSt-501	0.000135040573554145
SRR10070134	Riverwater	Bacteria	Patescibacteriota	Gracilibacteria	UBA1369	UBA1369	Unclassified	0.0000982113262211965
SRR10070149	Sediment	Bacteria	Myxococcota_A	Polyangia	GCA-2747355	GCA-2747355	JADJTL01	0.000810322258929128
SRR10070151	Sediment	Bacteria	Actinomycetota	Thermoleophilia	Gaiellales	Gaiellaceae	JACDAN01	0.000164262952133776
SRR10102393	Soil	Bacteria	Actinomycetota	Actinomycetes	JACCUZ01	JACCUZ01	Unclassified	0.00069467146126185
SRR10102394	Soil	Bacteria	Acidobacteriota	Vicinamibacteria	Vicinamibacterales	JAMQPK01	JAMQPK01	0.002551512364450905
SRR10102394	Soil	Bacteria	Verrucomicrobiota	Verrucomicrobiia	Verrucomicrobiales	Verrucomicrobiaceae	Unclassified	0.000356024981086173
SRR10070150	Sediment	Bacteria	Calditrichota	Calditrichia	JAJRVZ01	JAJRVZ01	CAVQJT01	0.00063784755443449
SRR10102393	Soil	Bacteria	Acidobacteriota	Vicinamibacteria	Vicinamibacterales	2-12-FULL-66-21	CAVSUB01	0.00420889179470415
SRR10070134	Riverwater	Bacteria	Pseudomonadota	Gammaproteobacteria	Burkholderiales	Sulfuricellaceae	Sulfurimicrobium	0.000343739641774188
SRR10070130	Riverwater	Bacteria	Bacteroidota	Bacteroidia	Chitinophagales	Saprospiraceae	Opimibacter	0.000289224118246997
SRR10070151	Sediment	Bacteria	Pseudomonadota	Gammaproteobacteria	Xanthomonadales	SZUA-36	CALKKN01	0.00139623509313709
SRR10070150	Sediment	Bacteria	Pseudomonadota	Gammaproteobacteria	Burkholderiales	Gallionellaceae	Unclassified	0.002783334782986866
SRR10070149	Sediment	Bacteria	Pseudomonadota	Gammaproteobacteria	Burkholderiales	SHXO01	SHXO01	0.004254191859377924
SRR10070151	Sediment	Bacteria	Chloroflexota	Dehalococcoidia	DSTF01	JALHUB01	JALHUB01	0.00116626696014981
SRR10070151	Sediment	Bacteria	Desulfobacterota	Desulfuromonadia	Geobacterales	Pseudopelobacteraceae	JACRCG01	0.000837741055882256
SRR10070151	Sediment	Bacteria	Pseudomonadota	Gammaproteobacteria	Burkholderiales	Casimicrobiaceae	CAIWHR01	0.009018036072144287
SRR10070133	Groundwater	Bacteria	Gemmatimonadota	Gemmatimonadetes	Gemmatimonadales	Gemmatimonadaceae	JACDCY01	0.000892379082634303
SRR10102393	Soil	Bacteria	Actinomycetota	Thermoleophilia	Gaiellales	Gaiellaceae	JACCTU01	0.000817260542661
SRR10070130	Riverwater	Bacteria	Pseudomonadota	Gammaproteobacteria	Pseudomonadales	Moraxellaceae	Fluviicoccus	0.00109600718493599
SRR10070150	Sediment	Bacteria	Pseudomonadota	Gammaproteobacteria	Burkholderiales	JACQAP01	JACQAP01	0.008263025136992256
SRR10070130	Riverwater	Bacteria	Pseudomonadota	Gammaproteobacteria	Burkholderiales	Burkholderiaceae_D	Rugamonas	0.00164401077740399
SRR10070150	Sediment	Bacteria	Acidobacteriota	Vicinamibacteria	Vicinamibacterales	UBA2999	DASPWV01	0.000217448029920849
SRR10070151	Sediment	Bacteria	Planctomycetota	Brocadiia	CAIUPP01	CAIUPP01	Unclassified	0.000197115542560531
SRR10070149	Sediment	Bacteria	Desulfobacterota	JAZDOA01	JAZDOA01	JAZDOA01	JAZDOA01	0.000218163685096304
SRR10070151	Sediment	Archaea	Asgardarchaeota	Lokiarchaeia	Sigyniarchaeales	Unclassified	Unclassified	0.000229968132987286
SRR10102392	Soil	Bacteria	Actinomycetota	Thermoleophilia	Solirubrobacterales	70-9	VRUE01	0.000592417061611375
SRR10070133	Groundwater	Bacteria	Pseudomonadota	Gammaproteobacteria	Burkholderiales	JACQAP01	JACQAP01	0.000580046403712297
SRR10102393	Soil	Bacteria	Pseudomonadota	Alphaproteobacteria	Azospirillales	Azospirillaceae	Skermanella	0.0045357960117685505
SRR10070149	Sediment	Bacteria	Nitrospirota	Nitrospiria	Nitrospirales	Nitrospiraceae	2-02-FULL-62-14	0.000389578009100542
SRR10070141	Groundwater	Bacteria	Pseudomonadota	Alphaproteobacteria	Rickettsiales	UBA1997	JAJTCH01	0.000123423267754437
SRR10070134	Riverwater	Bacteria	Pseudomonadota	Gammaproteobacteria	Burkholderiales	Rhodocyclaceae	Unclassified	0.0012153651619873059
SRR10070150	Sediment	Bacteria	Pseudomonadota	Gammaproteobacteria	Burkholderiales	SG8-41	SG8-41	0.013119364471891218
SRR10102394	Soil	Bacteria	Acidobacteriota	Vicinamibacteria	Vicinamibacterales	UBA2999	CAWJWY01	0.00045986560056964
SRR10102394	Soil	Bacteria	Pseudomonadota	Alphaproteobacteria	ATCC43930	CGMCC-115725	DATARH01	0.000682381213748498
SRR10070149	Sediment	Bacteria	Acidobacteriota	Vicinamibacteria	Vicinamibacterales	Fen-181	FEN-299	0.00204138876768684
SRR10070132	Groundwater	Bacteria	Pseudomonadota	Gammaproteobacteria	Burkholderiales	Gallionellaceae	Unclassified	0.1349991471942692
SRR10102392	Soil	Bacteria	Actinomycetota	Actinomycetes	Propionibacteriales	Nocardioidaceae	Marmoricola	0.000896220682950541
SRR10070141	Groundwater	Bacteria	Margulisbacteria	Marinamargulisbacteria	Unclassified	Unclassified	Unclassified	0.000197477228407099
SRR10102393	Soil	Bacteria	Bacillota	Desulfitobacteriia	Desulfitobacteriales	Desulfitobacteriaceae	Desulfosporosinus	0.0001906941266209
SRR10070132	Groundwater	Bacteria	Patescibacteriota	Saccharimonadia	Saccharimonadales	Saccharimonadaceae	JAKDMF01	0.00861333788163056
SRR10070133	Groundwater	Bacteria	Omnitrophota	Gorgyraeia	Aquiviventales	Aquiviventaceae	DASWKB01	0.00052055446487001
SRR10070149	Sediment	Bacteria	Desulfobacterota	Desulfuromonadia	Geobacterales	Geobacteraceae	RPRC01	0.0017453094807704309
SRR10070132	Groundwater	Bacteria	Cyanobacteriota	Cyanobacteriia	Cyanobacteriales	Xenococcaceae	LEGE-06147	0.00238785604639263
SRR10070149	Sediment	Bacteria	Desulfobacterota	Desulfuromonadia	Geobacterales	Pseudopelobacteraceae	Trichlorobacter	0.00082590537929315
SRR10102392	Soil	Bacteria	Armatimonadota	Chthonomonadetes	Chthonomonadales	Chthonomonadaceae	CAIXIX01	0.0016405395552315
SRR10102394	Soil	Bacteria	Pseudomonadota	Alphaproteobacteria	Sphingomonadales	Sphingomonadaceae	Sphingomicrobium	0.023794336235925882
SRR10102392	Soil	Bacteria	Acidobacteriota	Vicinamibacteria	Vicinamibacterales	UBA2999	CAWAQA01	0.00294689512698991
SRR10070150	Sediment	Bacteria	Bacillota	Clostridia	Saccharofermentanales	UBA5734	UBA8949	0.000246441100576962
SRR10070132	Groundwater	Bacteria	Nitrospirota	Nitrospiria	Nitrospirales	NS-4	NS-12	0.0160753880266075
SRR10070150	Sediment	Bacteria	Acidobacteriota	Thermoanaerobaculia	Thermoanaerobaculales	Sulfomarinibacteraceae	Sulfomarinibacter	0.001551129280102056
SRR10102394	Soil	Bacteria	Planctomycetota	Phycisphaerae	Tepidisphaerales	Tepidisphaeraceae	DASPKW01	0.001364762427496996
SRR10070149	Sediment	Bacteria	Acidobacteriota	Blastocatellia	Pyrinomonadales	Pyrinomonadaceae	PSRF01	0.004067194415009657
SRR10102392	Soil	Bacteria	Pseudomonadota	Gammaproteobacteria	Burkholderiales	Casimicrobiaceae	PALSA-1005	0.0009721715882853321
SRR10070151	Sediment	Bacteria	Chloroflexota	Anaerolineae	Anaerolineales	UBA11579	JAMCZK01	0.000114984066493643
SRR10070149	Sediment	Bacteria	Myxococcota_A	UBA9160	SZUA-336	SZUA-336	CAYVQJ01	0.000124664962912174
SRR10070130	Riverwater	Bacteria	Patescibacteriota	Saccharimonadia	Saccharimonadales	Saccharimonadaceae	JAPUDQ01	0.002770462606365978
SRR10070130	Riverwater	Bacteria	Cyanobacteriota	Cyanobacteriia	Unclassified	Unclassified	Unclassified	0.000167445542142998
SRR10102393	Soil	Bacteria	Planctomycetota	Planctomycetia	Pirellulales	Pirellulaceae	Aureliella	0.00034052522610875
SRR10070133	Groundwater	Bacteria	Bacteroidota	Bacteroidia	Flavobacteriales	Flavobacteriaceae	Flavobacterium	0.00034207864834315
SRR10070130	Riverwater	Bacteria	Bacteroidota	Bacteroidia	AKYH767-A	2013-40CM-41-45	JADKJP01	0.000441447338376996
SRR10102394	Soil	Bacteria	Actinomycetota	Rubrobacteria	Rubrobacterales	Rubrobacteraceae	JALYGY01	0.00221032175757666
SRR10070130	Riverwater	Bacteria	Myxococcota_A	UBA796	UBA796	CAJQPC01	JADKFE01	0.000487114304415996
SRR10070133	Groundwater	Bacteria	Pseudomonadota	Gammaproteobacteria	Burkholderiales	Burkholderiaceae_D	Telluria	0.0010262359450294478
SRR10070151	Sediment	Bacteria	Chloroflexota	Anaerolineae	Anaerolineales	UBA4823	CAVVUF01	0.00133052991228358
SRR10070131	Riverwater	Bacteria	Pseudomonadota	Alphaproteobacteria	Azospirillales	Azospirillaceae	Niveispirillum	0.000410906636142174
SRR10070149	Sediment	Bacteria	Acidobacteriota	Polarisedimenticolia	Gp22-AA2	Gp22-AA2	Gp22-AA3	0.000389578009100542
SRR10102393	Soil	Bacteria	Actinomycetota	Acidimicrobiia	Acidimicrobiales	Ilumatobacteraceae	DASXAI01	0.0002996621989757
SRR10070150	Sediment	Bacteria	Acidobacteriota	Blastocatellia	Pyrinomonadales	Pyrinomonadaceae	PSRF01	0.003160244701516339
SRR10070151	Sediment	Bacteria	Planctomycetota	Phycisphaerae	SM23-33	SM23-33	JALHTV01	0.000558494037254838
SRR10102393	Soil	Bacteria	Planctomycetota	Phycisphaerae	Tepidisphaerales	Tepidisphaeraceae	DASPKW01	0.00110330173259235
SRR10070150	Sediment	Bacteria	Pseudomonadota	Alphaproteobacteria	MPNO01	DASWLB01	CAWGHZ01	0.000318923777217245
SRR10102393	Soil	Bacteria	Pseudomonadota	Gammaproteobacteria	Burkholderiales	Casimicrobiaceae	PALSA-1005	0.0009534706331045
SRR10070151	Sediment	Bacteria	Calditrichota	Calditrichia	JAJRVZ01	JAJRVZ01	CAWCNS01	0.000443509970761195
SRR10070132	Groundwater	Bacteria	Myxococcota_A	UBA796	UBA796	SXON01	SXON01	0.000511683438512707
SRR10070149	Sediment	Bacteria	Desulfobacterota	Desulfobaccia	Desulfobaccales	Desulfobaccaceae	Desulfobacca	0.000529826092376738
SRR10070150	Sediment	Bacteria	Spirochaetota	Leptospiria	Leptospirales	Leptonemataceae	JBNLFC01	0.000275434171233075
SRR10102392	Soil	Bacteria	Chloroflexota	Anaerolineae	Caldilineales	Caldilineaceae	JAHBVH01	0.000637987604812249
SRR10070151	Sediment	Bacteria	Desulfobacterota	Syntrophorhabdia	Syntrophorhabdales	WCHB1-27	CAWEPK01	0.000640625513321725
SRR10070149	Sediment	Bacteria	Pseudomonadota	Gammaproteobacteria	Burkholderiales	Rhodocyclaceae	Desulfobacillus	0.00149597955494608
SRR10070149	Sediment	Bacteria	Chloroflexota	Anaerolineae	Anaerolineales	UBA4823	JAQBDA01	0.0000934987221841302
SRR10070150	Sediment	Bacteria	Desulfobacterota	Desulfobacteria	Desulfobacterales	SpSt-501	SpSt-501	0.00423298831579252
SRR10070132	Groundwater	Bacteria	Pseudomonadota	Gammaproteobacteria	Burkholderiales	Burkholderiaceae_D	Telluria	0.005372676104383427
SRR10070132	Groundwater	Bacteria	Pseudomonadota	Gammaproteobacteria	Burkholderiales	Burkholderiaceae_C	Limnohabitans	0.00238785604639263
SRR10070150	Sediment	Bacteria	Desulfobacterota	Unclassified	Unclassified	Unclassified	Unclassified	0.000304427241889188
SRR10102394	Soil	Bacteria	Actinomycetota	Thermoleophilia	Solirubrobacterales	70-9	VRUE01	0.001527940543828159
SRR10070131	Riverwater	Bacteria	Pseudomonadota	Gammaproteobacteria	UBA6186	Azoamicaceae	JAGVLG01	0.000264154266091397
SRR10070141	Groundwater	Bacteria	Pseudomonadota	Alphaproteobacteria	Rhizobiales	Aestuariivirgaceae	Aestuariivirga	0.0012836019846461438
SRR10070151	Sediment	Bacteria	Desulfobacterota	Binatia	Bin18	Bin18	JABFSC01	0.000262820723414041
SRR10070130	Riverwater	Bacteria	Bacteroidota	Bacteroidia	UKL13-3	UKL13-3	B1	0.000213112508181998
SRR10070149	Sediment	Bacteria	Zixibacteria	MSB-5A5	CAIYYT01	CAIYYT01	JADJGC01	0.000233746805460325
SRR10102392	Soil	Bacteria	Methylomirabilota	Methylomirabilia	Rokubacteriales	CSP1-6	DASRWT01	0.00110888321788796
SRR10070134	Riverwater	Bacteria	Pseudomonadota	Gammaproteobacteria	Pseudomonadales	Ketobacteraceae	HdN1	0.00055243870999423
SRR10102393	Soil	Bacteria	Pseudomonadota	Gammaproteobacteria	Burkholderiales	Burkholderiaceae_F	JACCZX01	0.00246540263702735
SRR10102393	Soil	Bacteria	Pseudomonadota	Alphaproteobacteria	Unclassified	Unclassified	Unclassified	0.0005720823798627
SRR10070141	Groundwater	Bacteria	Acidobacteriota	Blastocatellia	Pyrinomonadales	Pyrinomonadaceae	OLB17	0.000543062378119523
SRR10070150	Sediment	Bacteria	Methylomirabilota	Methylomirabilia	Rokubacteriales	CSP1-6	Unclassified	0.000565364877794207
SRR10102393	Soil	Bacteria	Pseudomonadota	Alphaproteobacteria	Rhodobacterales	Rhodobacteraceae	Rubellimicrobium	0.00012258908139915
SRR10070134	Riverwater	Bacteria	Pseudomonadota	Gammaproteobacteria	Legionellales	Legionellaceae	Unclassified	0.000356016057551837
SRR10102394	Soil	Bacteria	Actinomycetota	Thermoleophilia	Solirubrobacterales	Solirubrobacteraceae	Solirubrobacter	0.00164661553752355
SRR10102392	Soil	Bacteria	Chloroflexota	Limnocylindria	Limnocylindrales	CSP1-4	SPCO01	0.007625470895613078
SRR10070151	Sediment	Bacteria	Verrucomicrobiota	Lentisphaeria	Victivallales	GWF2-50-93	GWF2-50-93	0.000492788856401327
SRR10070141	Groundwater	Bacteria	Acidobacteriota	Vicinamibacteria	Vicinamibacterales	CAVVIG01	Unclassified	0.00311026634741181
SRR10102393	Soil	Bacteria	Actinomycetota	UBA4738	UBA4738	HRBIN12	DASSJM01	0.0042497548218372
SRR10102393	Soil	Bacteria	Eisenbacteria	RBG-16-71-46	SZUA-252	SZUA-252	WS-9	0.00096709164214885
SRR10070149	Sediment	Bacteria	Pseudomonadota	Gammaproteobacteria	Burkholderiales	SG8-39	RBG-16-66-20	0.000560992333104781
SRR10070149	Sediment	Bacteria	Acidobacteriota	Vicinamibacteria	Vicinamibacterales	UBA2999	DASPWV01	0.000155831203640217
SRR10070151	Sediment	Bacteria	Omnitrophota	Gorgyraeia	Gygaellales	Profunditerraquicolaceae	Unclassified	0.001527645454844114
SRR10102394	Soil	Bacteria	Chloroflexota	Chloroflexia	Thermomicrobiales	UBA6265	JADLGF01	0.00143893429855662
SRR10070134	Riverwater	Bacteria	Bdellovibrionota_G	JALEGL01	JALEGL01	JAGRMV01	JAWKOB01	0.000159593405109444
SRR10070149	Sediment	Bacteria	Pseudomonadota	Gammaproteobacteria	Burkholderiales	Rhodocyclaceae	Fen-999	0.00110640154584554
SRR10070151	Sediment	Bacteria	Gemmatimonadota	Gemmatimonadetes	Gemmatimonadales	GWC2-71-9	Unclassified	0.002201123558592595
SRR10102392	Soil	Bacteria	Acidobacteriota	Terriglobia	Bryobacterales	Bryobacteraceae	DASQDN01	0.005316563373435414
SRR10070150	Sediment	Bacteria	Pseudomonadota	Alphaproteobacteria	Acetobacterales	Acetobacteraceae	Unclassified	0.000391406453857528
SRR10070150	Sediment	Bacteria	Acidobacteriota	Polarisedimenticolia	Polarisedimenticolales	DASRJG01	DASRJG01	0.00169609463338262
SRR10070134	Riverwater	Bacteria	Pseudomonadota	Alphaproteobacteria	Acetobacterales	Acetobacteraceae	Unclassified	0.000257804731330641
SRR10070150	Sediment	Bacteria	Pseudomonadota	Gammaproteobacteria	Burkholderiales	SG8-39	Unclassified	0.0027833347829868613
SRR10070130	Riverwater	Bacteria	Pseudomonadota	Gammaproteobacteria	Burkholderiales	SG8-41	SG8-41	0.000456669660389996
SRR10102392	Soil	Bacteria	Gemmatimonadota	Gemmatimonadetes	Gemmatimonadales	Gemmatimonadaceae	JAGWRI01	0.000212662534937416
SRR10070151	Sediment	Bacteria	Chloroflexota	Anaerolineae	CG2-30-64-16	CG2-30-64-16	CAKZKT01	0.0000985577712802654
SRR10102394	Soil	Bacteria	Bacteroidota	Bacteroidia	Chitinophagales	Chitinophagaceae	Segetibacter	0.00176529053121894
SRR10070134	Riverwater	Bacteria	Bacteroidota	Bacteroidia	Cytophagales	Spirosomataceae	Unclassified	0.000208699068220042
SRR10070149	Sediment	Bacteria	Planctomycetota	Planctomycetia	Pirellulales	Pirellulaceae	Unclassified	0.000560992333104781
SRR10070130	Riverwater	Bacteria	Planctomycetota	Planctomycetia	Pirellulales	Pirellulaceae	JANMEB01	0.0000456669660389996
SRR10070149	Sediment	Bacteria	Pseudomonadota	Alphaproteobacteria	Rhizobiales	Xanthobacteraceae	Bradyrhizobium	0.000841488499657171
SRR10070134	Riverwater	Bacteria	Bacillota	Clostridia	Lachnospirales	Lachnospiraceae	Anaerostipes	0.000233251899775342
SRR10070150	Sediment	Bacteria	Acidobacteriota	Vicinamibacteria	Vicinamibacterales	UBA2999	Unclassified	0.002406424864457395
SRR10070131	Riverwater	Bacteria	Bacteroidota	Bacteroidia	Bacteroidales	Paludibacteraceae	Paludibacter	0.000528308532182795
SRR10070149	Sediment	Bacteria	Chloroflexota	Anaerolineae	Anaerolineales	UBA4823	JAAYXE01	0.000747989777473041
SRR10102392	Soil	Bacteria	Pseudomonadota	Alphaproteobacteria	Rhizobiales	Hyphomicrobiaceae	AWTP1-13	0.0001822821728035
SRR10102394	Soil	Bacteria	Acidobacteriota	Vicinamibacteria	Vicinamibacterales	UBA2999	CAWAQA01	0.00222515613178858
SRR10070149	Sediment	Bacteria	Chloroflexota	Anaerolineae	Anaerolineales	E44-bin32	DATEVL01	0.00286729414697999
SRR10070150	Sediment	Bacteria	Actinomycetota	Actinomycetes	Actinomycetales	Micrococcaceae	Arthrobacter	0.000797309443043113
SRR10070151	Sediment	Bacteria	Chloroflexota	Dehalococcoidia	Unclassified	Unclassified	Unclassified	0.000377804789907684
SRR10070134	Riverwater	Bacteria	Bacillota	Desulfitobacteriia	Desulfitobacteriales	Desulfitobacteriaceae	Desulfosporosinus	0.0000491056631105982
SRR10102392	Soil	Bacteria	Acidobacteriota	Blastocatellia	UBA7656	JADIYM01	JADIYM01	0.0006987483290800831
SRR10070132	Groundwater	Bacteria	Patescibacteriota	Saccharimonadia	Saccharimonadales	Unclassified	Unclassified	0.00038376257888453
SRR10102393	Soil	Bacteria	Pseudomonadota	Gammaproteobacteria	Xanthomonadales	Xanthomonadaceae	Agrilutibacter	0.00012258908139915
SRR10070151	Sediment	Bacteria	Krumholzibacteriota	Krumholzibacteriia	Unclassified	Unclassified	Unclassified	0.00126482473143007
SRR10102393	Soil	Bacteria	Bacillota	Bacilli	Bacillales	Cytobacillaceae	Bacillus_BD	0.0077639751552795
SRR10102393	Soil	Bacteria	Acidobacteriota	Blastocatellia	Pyrinomonadales	Pyrinomonadaceae	OLB17	0.0171352293777923
SRR10070151	Sediment	Bacteria	Pseudomonadota	Alphaproteobacteria	Rhizobiales	Aestuariivirgaceae	Aestuariivirga	0.001708334702191268
SRR10070131	Riverwater	Bacteria	Acidobacteriota	Terriglobia	Acidiferrales	2-02-FULL-67-57	Unclassified	0.0000880514220304658
SRR10070149	Sediment	Archaea	Thermoproteota	Nitrososphaeria	Nitrososphaerales	Nitrososphaeraceae	Unclassified	0.00176089260113445
SRR10070149	Sediment	Bacteria	Actinomycetota	Acidimicrobiia	Acidimicrobiales	Ilumatobacteraceae	JAENVT01	0.0000623324814560868
SRR10070130	Riverwater	Bacteria	Methylomirabilota	Methylomirabilia	Methylomirabilales	2-02-FULL-66-22	2-02-FULL-66-22	0.000137000898116999
SRR10102394	Soil	Bacteria	Nitrospirota	Nitrospiria	Nitrospirales	Nitrospiraceae	JAICXS01	0.00106807494325852
SRR10070134	Riverwater	Bacteria	Acidobacteriota	Blastocatellia	UBA7656	JADIYM01	JADIYM01	0.000122764157776496
SRR10070131	Riverwater	Bacteria	Acidobacteriota	Vicinamibacteria	Vicinamibacterales	UBA2999	Unclassified	0.00027882950309647504
SRR10070131	Riverwater	Bacteria	Bacteroidota	Bacteroidia	AKYH767-A	OLB10	JAJTFW01	0.000220128555076164
SRR10070131	Riverwater	Bacteria	Desulfobacterota	Binatia	UTPRO1	UTPRO1	JBGPIT01	0.0000733761850253882
SRR10102394	Soil	Bacteria	Pseudomonadota	Gammaproteobacteria	Xanthomonadales	Xanthomonadaceae	Arenimonas	0.0048805091157229485
SRR10070134	Riverwater	Bacteria	Patescibacteriota	Gracilibacteria	UBA1369	2-02-FULL-48-14	2-02-FULL-48-14	0.000257804731330641
SRR10070141	Groundwater	Bacteria	Chloroflexota	Dehalococcoidia	Tepidiformales	Tepidiformaceae	PNKC01	0.000419639110365086
SRR10070149	Sediment	Bacteria	Acidobacteriota	Unclassified	Unclassified	Unclassified	Unclassified	0.000155831203640217
SRR10102392	Soil	Bacteria	Acidobacteriota	Vicinamibacteria	Vicinamibacterales	CAVVIG01	CAVRXZ01	0.00279499331632033
SRR10070141	Groundwater	Bacteria	Pseudomonadota	Gammaproteobacteria	Burkholderiales	Gallionellaceae	Gallionella	0.00190071832341833
SRR10102394	Soil	Bacteria	Patescibacteriota	Saccharimonadia	Saccharimonadales	2-12-FULL-41-12	JALQXV01	0.000148343742119239
SRR10102393	Soil	Bacteria	Bacillota	Bacilli	Bacillales	Cytobacillaceae	Unclassified	0.0003269042170644
SRR10070141	Groundwater	Archaea	Unclassified	Unclassified	Unclassified	Unclassified	Unclassified	0.000394954456814199
SRR10070149	Sediment	Bacteria	Desulfobacterota	Desulfobacteria	Desulfobacterales	Unclassified	Unclassified	0.00031166240728043397
SRR10070149	Sediment	Bacteria	Chloroflexota	Dehalococcoidia	Tepidiformales	Tepidiformaceae	Amarobacter	0.00043632737019260695
SRR10070141	Groundwater	Bacteria	Planctomycetota	Planctomycetia	Planctomycetales	Planctomycetaceae	SIAF01	0.000493693071017748
SRR10070141	Groundwater	Bacteria	Pseudomonadota	Gammaproteobacteria	Burkholderiales	Burkholderiaceae_D	Telluria	0.000863962874281059
SRR10102392	Soil	Bacteria	Acidobacteriota	Terriglobia	Terriglobales	Acidobacteriaceae	Unclassified	0.000744318872280957
SRR10070150	Sediment	Bacteria	Bacteroidota	Ignavibacteria	Tepidaquicellales	OLB5	DASXTZ01	0.000521875271810037
SRR10102392	Soil	Bacteria	Acidobacteriota	Vicinamibacteria	Vicinamibacterales	UBA2999	CAWJWY01	0.000729128691213999
SRR10102392	Soil	Bacteria	Actinomycetota	Rubrobacteria	Rubrobacterales	Rubrobacteraceae	JALYGY01	0.00124559484749058
SRR10070150	Sediment	Bacteria	Myxococcota_A	UBA9160	UBA9160	SMWR01	JACZVU01	0.000115972282624453
SRR10070130	Riverwater	Bacteria	Pseudomonadota	Gammaproteobacteria	Burkholderiales	Aquaspirillaceae	Rivihabitans	0.000380558050324997
SRR10102393	Soil	Bacteria	Pseudomonadota	Alphaproteobacteria	Caulobacterales	Caulobacteraceae	Caulobacter	0.000272420180887
SRR10070151	Sediment	Bacteria	Pseudomonadota	Gammaproteobacteria	Burkholderiales	Sulfuricellaceae	Sulfurimicrobium	0.000525641446828082
SRR10070150	Sediment	Bacteria	Chloroflexota	Anaerolineae	Anaerolineales	Villigracilaceae	JAABUE01	0.000463889130497811
SRR10102393	Soil	Bacteria	Bacteroidota	Bacteroidia	Cytophagales	Cyclobacteriaceae	Ohtaekwangia	0.00028604118993135
SRR10070151	Sediment	Bacteria	Acidobacteriota	Polarisedimenticolia	JACPZX01	DASXTC01	DATEEA01	0.000262820723414041
SRR10070132	Groundwater	Bacteria	Pseudomonadota	Gammaproteobacteria	Pseudomonadales	Pseudomonadaceae	Aquipseudomonas	0.101611802831315
SRR10070134	Riverwater	Bacteria	Actinomycetota	Actinomycetes	S36-B12	GCA-2699445	CAIWTL01	0.000380568889107136
SRR10070141	Groundwater	Bacteria	Patescibacteriota	Gracilibacteria	Peribacterales	Peribacteraceae	2-12-FULL-55-11	0.00066648564587396
SRR10070130	Riverwater	Bacteria	Pseudomonadota	Gammaproteobacteria	Steroidobacterales	Steroidobacteraceae	RPQJ01	0.002009346505715983
SRR10070131	Riverwater	Bacteria	Patescibacteriota	Minisyncoccia	Phycocordibacterales	XYD1-FULL-46-19	JAIOOX01	0.000366880925126941
SRR10070134	Riverwater	Bacteria	Pseudomonadota	Gammaproteobacteria	Unclassified	Unclassified	Unclassified	0.002970892618191191
SRR10070150	Sediment	Bacteria	Acidobacteriota	UBA6911	RPQK01	JADFOI01	JALLOL01	0.000855295584355339
SRR10070149	Sediment	Bacteria	Myxococcota_A	Polyangia	Polyangiales	Polyangiaceae	PMG-095	0.000436327370192607
SRR10102392	Soil	Bacteria	Planctomycetota	Planctomycetia	Gemmatales	Gemmataceae	CAVVSQ01	0.000167091991736542
SRR10070151	Sediment	Bacteria	Gemmatimonadota	Gemmatimonadetes	Gemmatimonadales	GWC2-71-9	JADJOM01	0.000279247018627419
SRR10070149	Sediment	Bacteria	Omnitrophota	Gorgyraeia	Gygaellales	Profunditerraquicolaceae	Unclassified	0.001121984666209562
SRR10070151	Sediment	Bacteria	Myxococcota_A	UBA9160	UBA9160	UBA6930	VGRF01	0.000492788856401327
SRR10070151	Sediment	Bacteria	Chloroflexota	Anaerolineae	Anaerolineales	UBA4823	CAWJHE01	0.000854167351095634
SRR10070130	Riverwater	Bacteria	Actinomycetota	Thermoleophilia	Gaiellales	Gaiellaceae	JAIBJN01	0.0000456669660389996
SRR10070149	Sediment	Bacteria	Acidobacteriota	Thermoanaerobaculia	Thermoanaerobaculales	Sulfomarinibacteraceae	Sulfomarinibacter	0.001433647073489995
SRR10102392	Soil	Bacteria	Actinomycetota	UBA4738	UBA4738	HRBIN12	JAOUEA01	0.000546846518410499
SRR10070150	Sediment	Bacteria	Pseudomonadota	Alphaproteobacteria	Rhizobiales	Hyphomicrobiaceae	Hyphomicrobium_C	0.000144965353280566
SRR10070149	Sediment	Bacteria	Verrucomicrobiota	Verrucomicrobiia	Opitutales	Opitutaceae	CAWCPJ01	0.000623324814560868
SRR10070131	Riverwater	Bacteria	Omnitrophota	Omnitrophia	Omnitrophales	Aquincolibacteriaceae	Unclassified	0.000322855214111708
SRR10070131	Riverwater	Bacteria	Omnitrophota	Omnitrophia	Omnitrophales	Aquincolibacteriaceae	ZLKRG04	0.00135012180446714
SRR10070130	Riverwater	Bacteria	Pseudomonadota	Gammaproteobacteria	Burkholderiales	Burkholderiaceae_C	Sphaerotilus	0.0176883381791058
SRR10070151	Sediment	Bacteria	Desulfobacterota	Syntrophia	Syntrophales	Smithellaceae	Unclassified	0.000197115542560531
SRR10070150	Sediment	Bacteria	Acidobacteriota	Vicinamibacteria	Marinacidobacterales	DATDRI01	CBDCNP01	0.000188454959264736
SRR10070149	Sediment	Bacteria	Desulfobacterota	Desulfarculia	JACQYL01	Unclassified	Unclassified	0.00018699744436826
SRR10070151	Sediment	Bacteria	Eisenbacteria	RBG-16-71-46	CAIMUX01	CAIMUX01	CAWHYG01	0.000919872531949144
SRR10070150	Sediment	Bacteria	Acidobacteriota	Thermoanaerobaculia	Thermoanaerobaculales	Thermoanaerobaculaceae	Unclassified	0.000623351019106433
SRR10070149	Sediment	Bacteria	Planctomycetota	Planctomycetia	Pirellulales	Pirellulaceae	Anammoximicrobium	0.000327245527644456
SRR10070151	Sediment	Archaea	Thermoproteota	Bathyarchaeia	TCS64	TCS64	RBG-16-57-9	0.000361378494694307
SRR10102394	Soil	Bacteria	Pseudomonadota	Alphaproteobacteria	Rhizobiales	Xanthobacteraceae	Tardiphaga	0.000326356232662325
SRR10070151	Sediment	Bacteria	Pseudomonadota	Gammaproteobacteria	Legionellales	Legionellaceae	Unclassified	0.00054206774204146
SRR10070132	Groundwater	Bacteria	Pseudomonadota	Alphaproteobacteria	Sphingomonadales	Sphingomonadaceae	Sphingopyxis	0.00136448916936722
SRR10070151	Sediment	Bacteria	Pseudomonadota	Gammaproteobacteria	Burkholderiales	SG8-39	DAHVFK01	0.000492788856401327
SRR10070150	Sediment	Bacteria	Desulfobacterota	Desulfuromonadia	Geobacterales	Pseudopelobacteraceae	Pseudopelobacter	0.00063784755443449
SRR10070130	Riverwater	Bacteria	Pseudomonadota	Gammaproteobacteria	Steroidobacterales	Steroidobacteraceae	13-2-20CM-66-19	0.00150700987928699
SRR10070150	Sediment	Bacteria	Pseudomonadota	Alphaproteobacteria	Micropepsales	Micropepsaceae	CAIYRG01	0.000855295584355339
SRR10070134	Riverwater	Bacteria	Bdellovibrionota	UBA1018	UBA1018	UBA923	JBFWNQ01	0.000184146236664743
SRR10070150	Sediment	Bacteria	Bacteroidota	Ignavibacteria	Ignavibacteriales	Ignavibacteriaceae	Unclassified	0.001652605027398448
SRR10070150	Sediment	Bacteria	Methylomirabilota	Methylomirabilia	Methylomirabilales	Methylomirabilaceae	Methylomirabilis	0.000927778260995622
SRR10102394	Soil	Bacteria	Pseudomonadota	Alphaproteobacteria	Rhizobiales	Methyloligellaceae	Methyloceanibacter	0.015472252303036567
SRR10070150	Sediment	Bacteria	Chloroflexota	Limnocylindria	Limnocylindrales	CSP1-4	Fen-1039	0.000376909918529471
SRR10070132	Groundwater	Bacteria	Bdellovibrionota	Bacteriovoracia	Bacteriovoracales	Bacteriovoracaceae	Unclassified	0.000426402865427256
SRR10070134	Riverwater	Bacteria	Chloroflexota	Dehalococcoidia	DSTF01	JACRBR01	CAYJMJ01	0.0000736584946658973
SRR10070150	Sediment	Bacteria	Pseudomonadota	Alphaproteobacteria	Caulobacterales	Aquidulcibacteraceae	Vitreimonas	0.000289930706561132
SRR10070141	Groundwater	Bacteria	Pseudomonadota	Alphaproteobacteria	Rhizobiales	Rhizobiaceae	Rhizobium_E	0.000246846535508874
SRR10102394	Soil	Bacteria	Myxococcota_A	Polyangia	Nannocystales	Nannocystaceae	Plesiocystis	0.000237349987390782
SRR10070151	Sediment	Bacteria	Pseudomonadota	Alphaproteobacteria	Micropepsales	Micropepsaceae	CAIYRG01	0.000887019941522389
SRR10102393	Soil	Bacteria	Pseudomonadota	Alphaproteobacteria	Rhizobiales	Devosiaceae	Devosia_A	0.00080363953361665
SRR10102392	Soil	Bacteria	Desulfobacterota	Binatia	UBA9968	UBA9968	DP-20	0.003296269291529959
SRR10070149	Sediment	Bacteria	Desulfobacterota	Binatia	UBA9968	UBA9968	DAIRFP01	0.00590600261796422
SRR10102393	Soil	Bacteria	Nitrospirota	Nitrospiria	Nitrospirales	Nitrospiraceae	JAICXS01	0.0014165849406124
SRR10102394	Soil	Bacteria	Eisenbacteria	RBG-16-71-46	RBG-16-71-46	DASYSL01	JANPEF01	0.000326356232662325
SRR10102394	Soil	Bacteria	Methylomirabilota	Methylomirabilia	Rokubacteriales	CSP1-6	Unclassified	0.000430196852145792
SRR10070131	Riverwater	Bacteria	Bdellovibrionota	FAC87	UBA2466	UBA2466	JAIEOG01	0.000645710428223416
SRR10070141	Groundwater	Bacteria	Bdellovibrionota	Bacteriovoracia	Bacteriovoracales	Bacteriovoracaceae	Unclassified	0.00143170990595147
SRR10070150	Sediment	Bacteria	Chloroflexota	Limnocylindria	QHBO01	QHBO01	JACDBZ01	0.000275434171233075
SRR10070134	Riverwater	Bacteria	Patescibacteriota	Saccharimonadia	Saccharimonadales	CAIOMD01	Unclassified	0.000638373620437777
SRR10070130	Riverwater	Bacteria	Acidobacteriota	Vicinamibacteria	Vicinamibacterales	UBA2999	VFZN01	0.000471891982402996
SRR10070131	Riverwater	Bacteria	Pseudomonadota	Gammaproteobacteria	UBA6186	Azoamicaceae	CADEGZ01	0.0123565495582754
SRR10102392	Soil	Bacteria	Pseudomonadota	Alphaproteobacteria	ATCC43930	CGMCC-115725	DATARH01	0.000364564345607
SRR10070151	Sediment	Bacteria	Bacillota	Negativicutes	JARBTT01	JARBTT01	JARBTT01	0.000427083675547817
SRR10102392	Soil	Bacteria	Chloroflexota	Limnocylindria	QHBO01	QHBO01	JACDBZ01	0.0001822821728035
SRR10102394	Soil	Bacteria	Pseudomonadota	Alphaproteobacteria	ATCC43930	CGMCC-115725	AP-15	0.000252184361602706
SRR10102394	Soil	Bacteria	Bacillota	Clostridia	Peptostreptococcales	Peptostreptococcaceae	Terrisporobacter	0.000667546839536574
SRR10070149	Sediment	Bacteria	Pseudomonadota	Alphaproteobacteria	Rhizobiales	Xanthobacteraceae	Unclassified	0.00091940410147728
SRR10070149	Sediment	Bacteria	Eisenbacteria	RBG-16-71-46	CAIMUX01	VGJL01	VGJL01	0.0013401483513058661
SRR10070149	Sediment	Bacteria	Pseudomonadota	Gammaproteobacteria	Burkholderiales	SG8-41	Unclassified	0.0030854578320762918
SRR10070130	Riverwater	Bacteria	Pseudomonadota	Gammaproteobacteria	UBA6186	Azoamicaceae	UBA6186	0.000502336626428996
SRR10102394	Soil	Bacteria	Acidobacteriota	Vicinamibacteria	Vicinamibacterales	UBA2999	VFZN01	0.001735621782795092
SRR10070134	Riverwater	Unclassified	Unclassified	Unclassified	Unclassified	Unclassified	Unclassified	0.0031304860233006353
SRR10070149	Sediment	Bacteria	Chloroflexota	Anaerolineae	Aggregatilineales	Unclassified	Unclassified	0.001371314592033906
SRR10070133	Groundwater	Bacteria	Bacteroidota	Ignavibacteria	Ignavibacteriales	Ignavibacteriaceae	JAKAGZ01	0.000818014159081444
SRR10070151	Sediment	Bacteria	Armatimonadota	Zipacnadia	Zipacnadales	UBA11051	JABLXH01	0.000361378494694307
SRR10070150	Sediment	Bacteria	Pseudomonadota	Gammaproteobacteria	Burkholderiales	SG8-39	JAABQT01	0.005044794294163684
SRR10102393	Soil	Bacteria	Actinomycetota	Acidimicrobiia	Acidimicrobiales	VFJN01	ZC4RG19	0.000544840361774
SRR10102392	Soil	Bacteria	Chloroflexota	Chloroflexia	Thermomicrobiales	Unclassified	Unclassified	0.00045570543200875
SRR10070132	Groundwater	Bacteria	Desulfobacterota	Desulfuromonadia	Desulfuromonadales	Unclassified	Unclassified	0.00076752515776906
SRR10070149	Sediment	Bacteria	Actinomycetota	Acidimicrobiia	IMCC26256	DASPTH01	DASUAS01	0.000264913046188369
SRR10070150	Sediment	Bacteria	Desulfobacterota	Binatia	UTPRO1	UTPRO1	JBGPIT01	0.000202951494592792
SRR10070149	Sediment	Bacteria	Pseudomonadota	Alphaproteobacteria	Rhizobiales	Aestuariivirgaceae	Aestuariivirga	0.0008570716200211931
SRR10070130	Riverwater	Bacteria	Bacteroidota	Bacteroidia	J057	JADKCL01	JADKCL01	0.000548003592467995
SRR10102394	Soil	Bacteria	Actinomycetota	Acidimicrobiia	Acidimicrobiales	Acidimicrobilacustridaceae	JAFIEP01	0.000148343742119239
SRR10070131	Riverwater	Bacteria	Bacteroidota	Bacteroidia	Bacteroidales	Bacteroidaceae	Prevotella	0.000645710428223416
SRR10070150	Sediment	Bacteria	Acidobacteriota	HRBIN11	JAKEFK01	JAKEFK01	Unclassified	0.000173958423936679
SRR10070134	Riverwater	Bacteria	Planctomycetota	Planctomycetia	Planctomycetales	Planctomycetaceae	SXXK01	0.000233251899775342
SRR10102392	Soil	Bacteria	Myxococcota_A	Polyangia	Polyangiales	Houyiibacteriaceae	Unclassified	0.000106331267468708
SRR10102393	Soil	Bacteria	Pseudomonadota	Gammaproteobacteria	Xanthomonadales	Rhodanobacteraceae	Rudaea	0.0004631143075079
SRR10070134	Riverwater	Bacteria	Pseudomonadota	Alphaproteobacteria	Micavibrionales	Micavibrionaceae	Unclassified	0.00111715383576611
SRR10102394	Soil	Bacteria	Krumholzibacteriota	Krumholzibacteriia	WVZY01	JAKEHA01	JAKEHA01	0.000207681238966934
SRR10102394	Soil	Bacteria	Gemmatimonadota	Gemmatimonadetes	Gemmatimonadales	GWC2-71-9	Unclassified	0.000237349987390782
SRR10070133	Groundwater	Bacteria	Pseudomonadota	Gammaproteobacteria	Acidiferrobacterales	Unclassified	Unclassified	0.000416443571896008
SRR10070132	Groundwater	Bacteria	Chloroflexota	Dehalococcoidia	Lucifugimonadales	Lucifugimonadaceae	SHXW01	0.000639604298140884
SRR10070130	Riverwater	Bacteria	Pseudomonadota	Gammaproteobacteria	Burkholderiales	Rhodocyclaceae	Desulfobacillus	0.000197890186168998
SRR10070131	Riverwater	Bacteria	Patescibacteriota	Gracilibacteria	BD1-5	JAGOOR01	JAGOOR01	0.001834404625634702
SRR10102394	Soil	Bacteria	Bacillota	Clostridia	Lachnospirales	Lachnospiraceae	Mobilitalea	0.00373826230140482
SRR10070141	Groundwater	Archaea	Thermoproteota	Nitrososphaeria	Nitrososphaerales	Nitrosopumilaceae	Nitrosarchaeum	0.08812421317666806
SRR10070134	Riverwater	Bacteria	Pseudomonadota	Gammaproteobacteria	Xanthomonadales	Xanthomonadaceae	Thermomonas	0.00180463311931448
SRR10070149	Sediment	Bacteria	Actinomycetota	Actinomycetes	Propionibacteriales	Nocardioidaceae	Nocardioides_C	0.000358411768372499
SRR10070151	Sediment	Bacteria	Planctomycetota	UBA8108	Unclassified	Unclassified	Unclassified	0.000689904398961858
SRR10070151	Sediment	Bacteria	Desulfobacterota	Desulfuromonadia	Geobacterales	Pseudopelobacteraceae	JACPFJ01	0.000459936265974572
SRR10102393	Soil	Bacteria	Bacillota	Bacilli	Lactobacillales	Aerococcaceae	Trichococcus	0.0001634521085322
SRR10070151	Sediment	Bacteria	Orphanbacterota	Orphanbacteria	Orphanbacterales	Orphanbacteraceae	VGIW01	0.0012483984362167
SRR10070149	Sediment	Bacteria	Acidobacteriota	Blastocatellia	UBA7656	JADIYM01	JADIYM01	0.000358411768372499
SRR10070151	Sediment	Bacteria	Armatimonadota	UBA5829	UBA5829	UBA5829	DTKD01	0.0011991195505765629
SRR10102392	Soil	Bacteria	Pseudomonadota	Gammaproteobacteria	Burkholderiales	Casimicrobiaceae	PALSA-1003	0.000334183983473083
SRR10102392	Soil	Bacteria	Pseudomonadota	Gammaproteobacteria	Burkholderiales	Burkholderiaceae_D	Telluria_A	0.000789889415481833
SRR10102394	Soil	Bacteria	Acidobacteriota	Thermoanaerobaculia	UBA5066	Gp7-AA6	DAHUXD01	0.00164661553752355
SRR10070149	Sediment	Bacteria	Pseudomonadota	Gammaproteobacteria	Steroidobacterales	Steroidobacteraceae	DATJKD01	0.0036620332855451
SRR10070134	Riverwater	Bacteria	Planctomycetota	Planctomycetia	Planctomycetales	Planctomycetaceae	Planctellipticum	0.0000736584946658973
SRR10102392	Soil	Bacteria	Actinomycetota	Acidimicrobiia	IMCC26256	PALSA-610	JBBQER01	0.000258233078138291
SRR10070151	Sediment	Bacteria	Chloroflexota	Anaerolineae	Fen-1058	Fen-1058	JBGLNJ01	0.000328525904267551
SRR10070141	Groundwater	Archaea	Nanobdellota	Nanobdellia	Pacearchaeales	GW2011-AR1	Unclassified	0.000518377724568636
SRR10070151	Sediment	Bacteria	Bacillota	Clostridia	Acetivibrionales	Unclassified	Unclassified	0.000246394428200664
SRR10102394	Soil	Bacteria	Acidobacteriota	Vicinamibacteria	Vicinamibacterales	UBA2999	JACCSI01	0.000415362477933868
SRR10070133	Groundwater	Bacteria	Methylomirabilota	Methylomirabilia	Rokubacteriales	CSP1-6	CSP1-6	0.0014724254863466
SRR10070141	Groundwater	Bacteria	Verrucomicrobiota	Verrucomicrobiia	Opitutales	Opitutaceae	Lacunisphaera	0.00923206042803189
SRR10070131	Riverwater	Bacteria	Bacteroidota	Bacteroidia	UKL13-3	UKL13-3	B1	0.000117401896040621
SRR10070150	Sediment	Bacteria	Chloroflexota	Dehalococcoidia	SM23-28-2	RBG-16-64-32	DATKKM01	0.001420660462149547
SRR10070141	Groundwater	Bacteria	Nitrospirota	Thermodesulfovibrionia	UBA6902	Unclassified	Unclassified	0.000543062378119523
SRR10070130	Riverwater	Bacteria	Pseudomonadota	Gammaproteobacteria	Xanthomonadales	Rhodanobacteraceae	Tahibacter	0.000106556254090999
SRR10070150	Sediment	Bacteria	Pseudomonadota	Alphaproteobacteria	Rhodospirillales	Defluviicoccaceae	Defluviicoccus	0.000463889130497811
SRR10070149	Sediment	Bacteria	Chloroflexota	Anaerolineae	Anaerolineales	UBA4823	Unclassified	0.008664214922396057
SRR10070131	Riverwater	Bacteria	Bacillota	Clostridia	Eubacteriales	Eubacteriaceae	Acetobacterium	0.000190778081066009
SRR10070141	Groundwater	Bacteria	Gemmatimonadota	Gemmatimonadetes	Gemmatimonadales	Gemmatimonadaceae	JACDCY01	0.000617116338772185
SRR10070132	Groundwater	Bacteria	Pseudomonadota	Gammaproteobacteria	DRLM01	DRLM01	JARRQJ01	0.000170561146170902
SRR10102394	Soil	Bacteria	Planctomycetota	Planctomycetia	Pirellulales	JAICIG01	JAICLL01	0.00045986560056964
SRR10070131	Riverwater	Bacteria	Planctomycetota	Planctomycetia	Planctomycetales	Planctomycetaceae	SXXK01	0.000264154266091397
SRR10070131	Riverwater	Bacteria	Pseudomonadota	Gammaproteobacteria	Burkholderiales	Rhodocyclaceae	Unclassified	0.001350121804467142
SRR10070150	Sediment	Bacteria	Pseudomonadota	Gammaproteobacteria	Burkholderiales	Burkholderiaceae_F	Unclassified	0.00343567887274941
SRR10070131	Riverwater	Bacteria	Pseudomonadota	Gammaproteobacteria	Burkholderiales	Rhodocyclaceae	Azonexus	0.010360717325584808
SRR10070141	Groundwater	Bacteria	Pseudomonadota	Gammaproteobacteria	DSM-16500	DSM-16500	Aquicella	0.00362864407198045
SRR10070133	Groundwater	Bacteria	Pseudomonadota	Alphaproteobacteria	Sphingomonadales	Sphingomonadaceae	Alteraurantiacibacter	0.000237967755369147
SRR10070132	Groundwater	Bacteria	Pseudomonadota	Alphaproteobacteria	Sphingomonadales	Sphingomonadaceae	Alteraurantiacibacter	0.000596964011598158
SRR10102394	Soil	Bacteria	Acidobacteriota	Vicinamibacteria	Vicinamibacterales	UBA2999	CAVVST01	0.000252184361602706
SRR10102392	Soil	Bacteria	Acidobacteriota	Vicinamibacteria	Vicinamibacterales	CAVVIG01	CAVVIG01	0.0035696925507352
SRR10102393	Soil	Bacteria	Pseudomonadota	Gammaproteobacteria	Burkholderiales	Unclassified	Unclassified	0.0015527950310558999
SRR10102392	Soil	Bacteria	Actinomycetota	Acidimicrobiia	Acidimicrobiales	Ilumatobacteraceae	WLMZ01	0.000151901810669583
SRR10070132	Groundwater	Bacteria	Pseudomonadota	Gammaproteobacteria	Acidiferrobacterales	Sulfurifustaceae	Sulfuricaulis	0.000469043151969981
SRR10070130	Riverwater	Bacteria	Planctomycetota	Planctomycetia	Pirellulales	Pirellulaceae	CAIXSC01	0.000167445542142998
SRR10070132	Groundwater	Bacteria	Pseudomonadota	Gammaproteobacteria	Burkholderiales	Burkholderiaceae_C	Hydrogenophaga	0.00179089203479447
SRR10070151	Sediment	Bacteria	Bacteroidota	Bacteroidia	Bacteroidales	Unclassified	Unclassified	0.000657051808535103
SRR10102393	Soil	Bacteria	Pseudomonadota	Unclassified	Unclassified	Unclassified	Unclassified	0.00287403290835785
SRR10070130	Riverwater	Bacteria	Desulfobacterota	Desulfobaccia	Desulfobaccales	0-14-0-80-60-11	0-14-0-80-60-11	0.000289224118246997
SRR10102394	Soil	Bacteria	Acidobacteriota	Vicinamibacteria	Vicinamibacterales	JAENWD01	Unclassified	0.00430196852145792
SRR10070151	Sediment	Bacteria	Acidobacteriota	Vicinamibacteria	Fen-336	Fen-336	Unclassified	0.000213541837773908
SRR10102393	Soil	Bacteria	Actinomycetota	Actinomycetes	Streptomycetales	Streptomycetaceae	Streptomyces	0.0026969597907813
SRR10070134	Riverwater	Bacteria	Verrucomicrobiota	Verrucomicrobiia	Limisphaerales	JADLHS01	Unclassified	0.00114170666732141
SRR10070134	Riverwater	Bacteria	Campylobacterota	Campylobacteria	Campylobacterales	Sulfurimonadaceae	Sulfuricurvum	0.00056471512577188
SRR10070150	Sediment	Bacteria	Krumholzibacteriota	Krumholzibacteriia	Unclassified	Unclassified	Unclassified	0.000985764402307848
SRR10070150	Sediment	Bacteria	Zixibacteria	MSB-5A5	GN15	FEB-12	Unclassified	0.000942274796323679
SRR10070130	Riverwater	Bacteria	Pseudomonadota	Alphaproteobacteria	Micavibrionales	Micavibrionaceae	UBA7657	0.000411002694350996
SRR10102392	Soil	Bacteria	Actinomycetota	Actinomycetes	Mycobacteriales	Geodermatophilaceae	CAVZOY01	0.000151901810669583
SRR10102394	Soil	Bacteria	Actinomycetota	Acidimicrobiia	Acidimicrobiales	DATKAS01	DATKAS01	0.000474699974781564
SRR10102394	Soil	Bacteria	Actinomycetota	Actinomycetes	Mycobacteriales	Micromonosporaceae	Hamadaea	0.00019284686475501
SRR10102394	Soil	Bacteria	Pseudomonadota	Gammaproteobacteria	Steroidobacterales	Rariloculaceae	FEN-1219	0.000385693729510021
SRR10070151	Sediment	Bacteria	Desulfobacterota	Binatia	HRBIN30	CADEER01	CAYYWP01	0.000394231085121062
SRR10070134	Riverwater	Bacteria	Bdellovibrionota	FAC87	UBA2466	UBA2466	JAIEOG01	0.000319186810218889
SRR10070141	Groundwater	Bacteria	Pseudomonadota	Gammaproteobacteria	Xanthomonadales	Xanthomonadaceae	Pseudoxanthomonas_A	0.000172792574856212
SRR10102394	Soil	Bacteria	Actinomycetota	Actinomycetes	Actinomycetales	Microbacteriaceae	Microbacterium	0.0011570811885300621
SRR10070130	Riverwater	Bacteria	Campylobacterota	Campylobacteria	Campylobacterales	Sulfurospirillaceae	Sulfurospirillum	0.000258779474220998
SRR10070151	Sediment	Bacteria	Spirochaetota	Leptospiria	Leptospirales	Leptonemataceae	JBNLFC01	0.000312099609054174
SRR10070133	Groundwater	Bacteria	Acidobacteriota	Vicinamibacteria	Fen-336	JAGNNV01	JAGNNV01	0.00209709084419061
SRR10102393	Soil	Bacteria	Verrucomicrobiota	Verrucomicrobiia	Limisphaerales	DASXHY01	DASXHY01	0.00017707311757655
SRR10070150	Sediment	Bacteria	Acidobacteriota	Terriglobia	Versatilivoradales	Versatilivoraceae	VFZK01	0.00114522629091647
SRR10070134	Riverwater	Bacteria	Pseudomonadota	Alphaproteobacteria	Azospirillales	Azospirillaceae	Niveispirillum	0.000368292473329487
SRR10102393	Soil	Bacteria	Pseudomonadota	Gammaproteobacteria	Burkholderiales	Burkholderiaceae_D	Paucimonas	0.000272420180887
SRR10102393	Soil	Bacteria	Bacteroidota	Bacteroidia	Chitinophagales	Chitinophagaceae	VBAS01	0.0023972975918056
SRR10070149	Sediment	Bacteria	Actinomycetota	Actinomycetes	Mycobacteriales	Micromonosporaceae	Micromonospora	0.000373994888736521
SRR10070130	Riverwater	Bacteria	Krumholzibacteriota	Krumholzibacteriia	LZORAL124-64-63	LZORAL124-64-63	CAINDZ01	0.000258779474220998
SRR10102394	Soil	Bacteria	Acidobacteriota	Vicinamibacteria	Vicinamibacterales	CAVVIG01	CAVTHG01	0.00240316862233167
SRR10070141	Groundwater	Bacteria	Pseudomonadota	Gammaproteobacteria	Burkholderiales	Burkholderiaceae_C	Aquabacterium	0.004072967835896419
SRR10070150	Sediment	Bacteria	Desulfobacterota	Binatia	DP-6	DP-6	JAHCID01	0.000811805978371169
SRR10102392	Soil	Bacteria	Chloroflexota	Chloroflexia	Thermomicrobiales	UBA6265	DASQCG01	0.000394944707740916
SRR10070131	Riverwater	Bacteria	Pseudomonadota	Gammaproteobacteria	Pseudomonadales	Moraxellaceae	Acinetobacter	0.019884946141880203
SRR10102393	Soil	Bacteria	Acidobacteriota	Terriglobia	Terriglobales	Acidobacteriaceae	Unclassified	0.000817260542661
SRR10070131	Riverwater	Bacteria	Pseudomonadota	Gammaproteobacteria	Pseudomonadales	Moraxellaceae	Agitococcus	0.03296058231340434
SRR10070149	Sediment	Bacteria	Planctomycetota	JAJSAM01	JAJSAM01	JAKLKS01	CAZSIX01	0.000233746805460325
SRR10070150	Sediment	Bacteria	Zixibacteria	MSB-5A5	CAIYYT01	CAIYYT01	JADJGC01	0.000347916847873358
SRR10070149	Sediment	Bacteria	Bacteroidota	Ignavibacteria	UBA10030	UBA6906	Fen-1255	0.000607741694196846
SRR10070149	Sediment	Bacteria	Pseudomonadota	Gammaproteobacteria	Burkholderiales	SG8-39	VBDM01	0.000779156018201085
SRR10070132	Groundwater	Archaea	Nanobdellota	Nanobdellia	SCGC-AAA011-G17	GW2011-AR17	JAHFJF01	0.000639604298140884
SRR10070130	Riverwater	Unclassified	Unclassified	Unclassified	Unclassified	Unclassified	Unclassified	0.002481238488118978
SRR10070149	Sediment	Bacteria	Verrucomicrobiota	Verrucomicrobiia	Verrucomicrobiales	Verrucomicrobiaceae	Verrucomicrobium	0.0000311662407280434
SRR10070150	Sediment	Bacteria	Pseudomonadota	Gammaproteobacteria	Steroidobacterales	Woeseiaceae	Unclassified	0.00501580122350758
SRR10070149	Sediment	Bacteria	Pseudomonadota	Gammaproteobacteria	Burkholderiales	Rhodocyclaceae	JADJEF01	0.0000623324814560868
SRR10070134	Riverwater	Bacteria	Bacillota	Negativicutes	Selenomonadales	Selenomonadaceae	G963678095	0.000368292473329487
SRR10102393	Soil	Bacteria	Pseudomonadota	Alphaproteobacteria	Rhizobiales	Beijerinckiaceae	JAJKJG01	0.0002179361447096
SRR10102392	Soil	Bacteria	Verrucomicrobiota	Verrucomicrobiia	Chthoniobacterales	Unclassified	Unclassified	0.000394944707740916
SRR10070151	Sediment	Bacteria	Bacillota	Clostridia	Saccharofermentanales	UBA5734	Unclassified	0.000229968132987286
SRR10070151	Sediment	Bacteria	Acidobacteriota	UBA6911	UBA6911	UBA6911	JAFNAG01	0.003695916423009957
SRR10102394	Soil	Bacteria	Acidobacteriota	Vicinamibacteria	Vicinamibacterales	UBA2999	12-FULL-67-14b	0.006972155879604227
SRR10070132	Groundwater	Bacteria	Nitrospirota	Nitrospiria	Nitrospirales	Nitrospiraceae	Nitrospira_D	0.000938086303939962
SRR10070150	Sediment	Bacteria	Chloroflexota	Anaerolineae	UBA1429	UBA1429	Unclassified	0.001290191644197037
SRR10102393	Soil	Bacteria	Pseudomonadota	Gammaproteobacteria	JACCYU01	JACCYU01	JACCYU01	0.00039500926228615
SRR10070133	Groundwater	Bacteria	Pseudomonadota	Gammaproteobacteria	Burkholderiales	Burkholderiaceae_C	Unclassified	0.0069456838598370004
SRR10070149	Sediment	Bacteria	Chloroflexota	Dehalococcoidia	DSTF01	WHTK01	WHTK01	0.001059652184753475
SRR10070133	Groundwater	Bacteria	Pseudomonadota	Alphaproteobacteria	Rickettsiales	UBA1997	UBA2645	0.00358438931524778
SRR10070132	Groundwater	Bacteria	Patescibacteriota	Microgenomatia	Woykebacterales	RBG-16-39-9b	JBBDPM01	0.00102336687702541
SRR10070131	Riverwater	Bacteria	Pseudomonadota	Gammaproteobacteria	Burkholderiales	Burkholderiaceae_C	Serpentinimonas	0.00187843033664994
SRR10070133	Groundwater	Bacteria	Pseudomonadota	Gammaproteobacteria	Legionellales	Legionellaceae	Tatlockia	0.000505681480159438
SRR10070134	Riverwater	Bacteria	Bacteroidota	Bacteroidia	Chitinophagales	Saprospiraceae	Vicinibacter	0.000356016057551837
SRR10070134	Riverwater	Bacteria	Pseudomonadota	Gammaproteobacteria	Enterobacterales	Shewanellaceae	Shewanella	0.000761137778214273
SRR10070151	Sediment	Bacteria	Actinomycetota	Thermoleophilia	Gaiellales	Gaiellaceae	VAXT01	0.000131410361707021
SRR10070134	Riverwater	Bacteria	Hydrogenedentota	Hydrogenedentia	Hydrogenedentales	JAEUWI01	JAEUWI01	0.000196422652442393
SRR10070150	Sediment	Bacteria	Desulfobacterota	DSM-4660	Desulfatiglandales	Desulfatiglandaceae	CAWHLE01	0.000304427241889188
SRR10070149	Sediment	Bacteria	Actinomycetota	Acidimicrobiia	Acidimicrobiales	Unclassified	Unclassified	0.0007168235367449978
SRR10070131	Riverwater	Bacteria	Desulfobacterota	Binatia	UBA1149	CAITLU01	DATNBU01	0.000234803792081242
SRR10070149	Sediment	Bacteria	Planctomycetota	Phycisphaerae	Sedimentisphaerales	Anaerobacaceae	Fen-1362	0.002337468054603253
SRR10070133	Groundwater	Bacteria	Margulisbacteria	Marinamargulisbacteria	Unclassified	Unclassified	Unclassified	0.000446189541317152
SRR10070150	Sediment	Bacteria	Pseudomonadota	Gammaproteobacteria	Burkholderiales	Methylophilaceae	JBCKUK01	0.000246441100576962
SRR10070149	Sediment	Bacteria	Desulfobacterota	Desulfuromonadia	Desulfuromonadales	UBA2197	UBA2197	0.000514242972012716
SRR10070150	Sediment	Bacteria	Nitrospirota	Thermodesulfovibrionia	Thermodesulfovibrionales	SM23-35	DYFC01	0.000333420312545302
SRR10070150	Sediment	Bacteria	Planctomycetota	Phycisphaerae	SM23-33	SM23-33	JAWLCQ01	0.000159461888608623
SRR10102393	Soil	Bacteria	Acidobacteriota	Vicinamibacteria	Vicinamibacterales	Vicinamibacteraceae	JBDSLU01	0.00202953034760815
SRR10070131	Riverwater	Bacteria	Verrucomicrobiota	Verrucomicrobiia	Opitutales	Opitutaceae	JADKHC01	0.000454932347157407
SRR10070130	Riverwater	Bacteria	Acidobacteriota	Thermoanaerobaculia	Gp7-AA8	Gp7-AA8	JACPDH01	0.000106556254090999
SRR10070130	Riverwater	Bacteria	Planctomycetota	UBA1135	UBA1135	UBA2386	Unclassified	0.000289224118246997
SRR10102392	Soil	Bacteria	Bacillota	Clostridia	Peptostreptococcales	Peptostreptococcaceae	Alkalithermobacter	0.000106331267468708
SRR10070131	Riverwater	Bacteria	Chloroflexota	Limnocylindria	Limnocylindrales	CSP1-4	CAIXZV01	0.000513633295177717
SRR10070130	Riverwater	Bacteria	Pseudomonadota	Gammaproteobacteria	Burkholderiales	Burkholderiaceae_C	JAGOEY01	0.00452102963786096
SRR10102393	Soil	Bacteria	Acidobacteriota	Vicinamibacteria	Vicinamibacterales	UBA2999	VFZN01	0.0019886673204751
SRR10102394	Soil	Bacteria	Verrucomicrobiota	Verrucomicrobiia	Opitutales	Opitutaceae	Opitutus	0.000385693729510021
SRR10070150	Sediment	Bacteria	Desulfobacterota	Desulfomonilia	Desulfomonilales	Desulfomonilaceae	CAWBBA01	0.00208750108724015
SRR10070151	Sediment	Bacteria	Chloroflexota	Dehalococcoidia	Dehalococcoidales	RBG-16-60-22	RBG-13-51-18	0.000410657380334439
SRR10070151	Sediment	Bacteria	Bacillota	Clostridia	Clostridiales	Clostridiaceae	Clostridium_AD	0.000279247018627419
SRR10070151	Sediment	Bacteria	Chloroflexota	Anaerolineae	Anaerolineales	Villigracilaceae	JAABUE01	0.00047636256118795
SRR10070141	Groundwater	Bacteria	Actinomycetota	Actinomycetes	Actinomycetales	Microbacteriaceae	Unclassified	0.00155513317370591
SRR10102392	Soil	Unclassified	Unclassified	Unclassified	Unclassified	Unclassified	Unclassified	0.10470591809454367
SRR10070150	Sediment	Bacteria	Acidobacteriota	Vicinamibacteria	Vicinamibacterales	Fen-181	JARKSS01	0.0013626743208373189
SRR10102393	Soil	Bacteria	Myxococcota	Myxococcia	Myxococcales	Myxococcaceae	Archangium_A	0.0001634521085322
SRR10102394	Soil	Bacteria	Acidobacteriota	Blastocatellia	UBA7656	UBA7656	Onstottus_A	0.00313005295871594
SRR10070151	Sediment	Bacteria	Actinomycetota	Acidimicrobiia	Spongiisociales	ZC4RG35	JALYNX01	0.00054206774204146
SRR10070150	Sediment	Bacteria	Chloroflexota	Anaerolineae	Anaerolineales	E44-bin32	DYJB01	0.0016671015627265132
SRR10070134	Riverwater	Bacteria	Pseudomonadota	Gammaproteobacteria	UBA6186	Azoamicaceae	CADEGZ01	0.0146212111911806
SRR10102394	Soil	Bacteria	Chloroflexota	Anaerolineae	J036	Brachytrichaceae	JBDHWI01	0.000370859355298097
SRR10070133	Groundwater	Bacteria	Nitrospirota	Thermodesulfovibrionia	Thermodesulfovibrionales	UBA1546	UBA1546	0.0046254982449878
SRR10070134	Riverwater	Bacteria	Acidobacteriota	Vicinamibacteria	Vicinamibacterales	UBA2999	DASPWV01	0.0000982113262211965
SRR10070149	Sediment	Bacteria	Myxococcota	Myxococcia	Myxococcales	Myxococcaceae	RPRB01	0.0015427289160381441
SRR10070151	Sediment	Bacteria	Desulfobacterota	Desulfobacteria	Desulfobacterales	SpSt-501	SpSt-501	0.004451526002825321
SRR10070149	Sediment	Bacteria	Planctomycetota	Phycisphaerae	SM23-33	SM23-33	JAWLCQ01	0.000311662407280434
SRR10102393	Soil	Bacteria	Pseudomonadota	Gammaproteobacteria	Legionellales	Legionellaceae	Unclassified	0.0009262286150158
SRR10070131	Riverwater	Bacteria	Actinomycetota	Acidimicrobiia	IMCC26256	JAGPDB01	JAGPDB01	0.0000880514220304658
SRR10070149	Sediment	Bacteria	Pseudomonadota	Gammaproteobacteria	Xanthomonadales	Xanthomonadaceae	Arenimonas	0.00110640154584554
SRR10102393	Soil	Bacteria	Desulfobacterota	Binatia	UBA9968	UBA9968	DAIRFP01	0.0020976353928299
SRR10070132	Groundwater	Bacteria	Gemmatimonadota	Gemmatimonadetes	Gemmatimonadales	Gemmatimonadaceae	UBA4720	0.00076752515776906
SRR10070134	Riverwater	Bacteria	Planctomycetota	UBA1135	UBA1135	JAKEFM01	JAKEFM01	0.0000613820788882478
SRR10070150	Sediment	Bacteria	Hydrogenedentota	Hydrogenedentia	Hydrogenedentales	Unclassified	Unclassified	0.000260937635905019
SRR10102394	Soil	Bacteria	Planctomycetota	Phycisphaerae	Tepidisphaerales	Tepidisphaeraceae	DASYWJ01	0.000934565575351203
SRR10070149	Sediment	Bacteria	Chloroflexota	Anaerolineae	Anaerolineales	Villigracilaceae	JAABUE01	0.000420744249828586
SRR10070151	Sediment	Bacteria	Acidobacteriota	Vicinamibacteria	Marinacidobacterales	DATDRI01	CBDCNP01	0.000197115542560531
SRR10102394	Soil	Bacteria	Bacillota	Bacilli	Tumebacillales	Tumebacillaceae	Tumebacillus_A	0.000964234323775051
SRR10070149	Sediment	Bacteria	Bacteroidota	Ignavibacteria	Ignavibacteriales	Ignavibacteriaceae	IGN3	0.000467493610920651
SRR10070130	Riverwater	Bacteria	Pseudomonadota	Gammaproteobacteria	Francisellales	Francisellaceae	Caedibacter	0.000152223220129999
SRR10070133	Groundwater	Bacteria	Bacteroidota	Bacteroidia	Sphingobacteriales	Sphingobacteriaceae	Daejeonella	0.000327205663632578
SRR10070130	Riverwater	Bacteria	Pseudomonadota	Gammaproteobacteria	Burkholderiales	Burkholderiaceae_C	Limnohabitans_A	0.00245079384409298
SRR10070149	Sediment	Bacteria	Gemmatimonadota	Gemmatimonadetes	Gemmatimonadales	GWC2-71-9	SPDF01	0.000934987221841301
SRR10070132	Groundwater	Bacteria	Actinomycetota	Actinomycetes	Actinomycetales	Micrococcaceae	Arthrobacter	0.00115128773665359
SRR10070132	Groundwater	Bacteria	Bacteroidota	Bacteroidia	Chitinophagales	Chitinophagaceae	Sediminibacterium	0.00494627323895617
SRR10070134	Riverwater	Bacteria	Bacteroidota	Bacteroidia	Chitinophagales	Chitinophagaceae	JJ008	0.000417398136440085
SRR10070151	Sediment	Bacteria	Pseudomonadota	Gammaproteobacteria	Burkholderiales	Burkholderiaceae_F	JALORV01	0.00501002004008016
SRR10070141	Groundwater	Bacteria	Acidobacteriota	Thermoanaerobaculia	Gp7-AA8	Gp7-AA8	JACPDH01	0.000296215842610649
SRR10070131	Riverwater	Bacteria	Pseudomonadota	Gammaproteobacteria	Ga0077536	Ga0077536	JADJYF01	0.000190778081066009
SRR10102393	Soil	Archaea	Methanobacteriota	Methanobacteria	Methanobacteriales	Methanobacteriaceae	Methanobacterium	0.00020431513566525
SRR10070151	Sediment	Bacteria	Myxococcota_A	UBA9160	SZUA-336	SZUA-336	VGRW01	0.002513223167646771
SRR10102394	Soil	Bacteria	Actinomycetota	UBA4738	UBA4738	HRBIN12	AC-69	0.000697215587960422
SRR10070150	Sediment	Bacteria	Myxococcota_A	Polyangia	Fen-1088	Fen-1088	JADGRB01	0.000797309443043113
SRR10070150	Sediment	Bacteria	Krumholzibacteriota	Krumholzibacteriia	JAJRXK01	JAJRXK01	JBGPIA01	0.000159461888608623
SRR10070151	Sediment	Bacteria	Spirochaetota	Leptospiria	Leptospirales	Leptonemataceae	Unclassified	0.000394231085121062
SRR10070151	Sediment	Bacteria	Planctomycetota	Planctomycetia	Pirellulales	Lacipirellulaceae	CAYGQU01	0.000197115542560531
SRR10102394	Soil	Bacteria	Desulfobacterota	Desulfuromonadia	Geobacterales	Pseudopelobacteraceae	JACRCG01	0.00019284686475501
SRR10070151	Sediment	Bacteria	Hydrogenedentota	Hydrogenedentia	Hydrogenedentales	SLHB01	JAKJDA01	0.000739183284601991
SRR10102392	Soil	Bacteria	Pseudomonadota	Gammaproteobacteria	Steroidobacterales	Steroidobacteraceae	JADGHX01	0.000486085794142666
SRR10070150	Sediment	Bacteria	Myxococcota_A	Polyangia	Haliangiales	Haliangiaceae	DATFRY01	0.000347916847873358
SRR10102392	Soil	Bacteria	Bacteroidota	Bacteroidia	Chitinophagales	Chitinophagaceae	VBAU01	0.000243042897071333
SRR10102394	Soil	Bacteria	Pseudomonadota	Alphaproteobacteria	Rhizobiales	Xanthobacteraceae	Pseudorhodoplanes	0.000356024981086173
SRR10070134	Riverwater	Bacteria	Bacteroidota	Bacteroidia	Bacteroidales	Bacteroidaceae	Prevotella	0.000626097204660127
SRR10070149	Sediment	Bacteria	Desulfobacterota_D	UBA1144	Nemesobacterales	UBA2774	2-12-FULL-53-21	0.0025867979804276
SRR10102393	Soil	Bacteria	Verrucomicrobiota	Verrucomicrobiia	Chthoniobacterales	UBA10450	Udaeobacter	0.0427835894083034
SRR10070141	Groundwater	Unclassified	Unclassified	Unclassified	Unclassified	Unclassified	Unclassified	0.015896916886771487
SRR10070134	Riverwater	Bacteria	Pseudomonadota	Gammaproteobacteria	Enterobacterales	Aeromonadaceae	Aeromonas	0.0169782830204893
SRR10070131	Riverwater	Bacteria	Bdellovibrionota_B	Oligoflexia	Silvanigrellales	Silvanigrellaceae	Silvanigrella	0.000278829503096475
SRR10070150	Sediment	Bacteria	Myxococcota_A	Polyangia	Polyangiales	Polyangiaceae	JAJZQG01	0.000289930706561132
SRR10102392	Soil	Bacteria	Acidobacteriota	Thermoanaerobaculia	UBA5066	Gp7-AA6	Gp7-AA6	0.0025671406003159552
SRR10070130	Riverwater	Bacteria	Patescibacteriota	Minisyncoccia	Phycocordibacterales	PALSA-1337	CAIOGI01	0.000441447338376996
SRR10070149	Sediment	Bacteria	Krumholzibacteriota	Krumholzibacteriia	Krumholzibacteriales	Krumholzibacteriaceae	JALOPX01	0.0000934987221841302
SRR10070131	Riverwater	Bacteria	Pseudomonadota	Gammaproteobacteria	Pseudomonadales	Halieaceae	JARRPM01	0.000719086613248804
SRR10102393	Soil	Bacteria	Acidobacteriota	Vicinamibacteria	Vicinamibacterales	CAVVIG01	CAVSWN01	0.00145744796774545
SRR10070141	Groundwater	Bacteria	Patescibacteriota	Minisyncoccia	Minisyncoccales	UBA10102	UBA10102	0.00056774703167041
SRR10070150	Sediment	Bacteria	Verrucomicrobiota	Verrucomicrobiia	Limisphaerales	JADLHS01	Unclassified	0.0026383694297063
SRR10070149	Sediment	Bacteria	Desulfobacterota	Binatia	UBA1149	CAYXZP01	CAYXZP01	0.000747989777473041
SRR10070151	Sediment	Bacteria	Pseudomonadota	Gammaproteobacteria	Xanthomonadales	Xanthomonadaceae	Unclassified	0.000919872531949144
SRR10102392	Soil	Bacteria	Pseudomonadota	Alphaproteobacteria	Caulobacterales	Caulobacteraceae	Unclassified	0.000106331267468708
SRR10070151	Sediment	Bacteria	Verrucomicrobiota	Verrucomicrobiia	Chthoniobacterales	UBA10450	JACCTI01	0.000279247018627419
SRR10070150	Sediment	Bacteria	Eisenbacteria	RBG-16-71-46	RBG-16-71-46	RBG-16-71-46	MFD02242-c1	0.000913281725667565
SRR10070151	Sediment	Bacteria	Chloroflexota	Dehalococcoidia	Dehalococcoidales	RBG-16-60-22	Unclassified	0.000131410361707021
SRR10102394	Soil	Bacteria	Sumerlaeota	Sumerlaeia	Sumerlaeales	Sumerlaeaceae	JAKFFN01	0.00045986560056964
SRR10070141	Groundwater	Archaea	Nanobdellota	Nanobdellia	SCGC-AAA011-G17	Unclassified	Unclassified	0.0000987386142035496
SRR10070151	Sediment	Bacteria	Hydrogenedentota	Hydrogenedentia	Hydrogenedentales	Unclassified	Unclassified	0.000164262952133776
SRR10070131	Riverwater	Bacteria	Pseudomonadota	Gammaproteobacteria	Burkholderiales	Gallionellaceae	Gallionella	0.000542983769187872
