sample	habitat	faith_pd
SRR10070130	Riverwater	49.4330334721616
SRR10070131	Riverwater	50.9718461364958
SRR10070132	Groundwater	27.7314832727573
SRR10070133	Groundwater	28.233084124042
SRR10070134	Riverwater	51.2529463663735
SRR10070141	Groundwater	30.8800850958158
SRR10070149	Sediment	61.3983346212399
SRR10070150	Sediment	62.3458851864817
SRR10070151	Sediment	61.9244723904919
SRR10102392	Soil	40.985582168401
SRR10102393	Soil	41.4206174839175
SRR10102394	Soil	39.7123466399576
