cell_id	cluster	gene_01	gene_02	gene_03	gene_04	gene_05	gene_06	gene_07	gene_08	gene_09	gene_10	gene_11	gene_12	gene_13	gene_14	gene_15	gene_16	gene_17	gene_18	gene_19	gene_20	gene_21	gene_22	gene_23	gene_24	gene_25	gene_26	gene_27	gene_28	gene_29	gene_30	gene_31	gene_32	gene_33	gene_34	gene_35	gene_36	gene_37	gene_38	gene_39	gene_40	gene_41	gene_42	gene_43	gene_44	gene_45	gene_46	gene_47	gene_48	gene_49	gene_50	gene_51	gene_52	gene_53	gene_54	gene_55	gene_56	gene_57	gene_58	gene_59	gene_60
cell_0133	cluster_1	24.971	14.309	3.217	2.883	0.0	0.0	1.101	0.893	2.379	3.974	1.791	2.561	13.04	0.0	4.875	6.242	3.611	1.816	3.41	8.069	2.0	1.196	2.527	3.051	4.413	4.817	11.501	1.888	6.202	3.973	3.791	12.623	1.67	3.919	1.54	6.934	3.17	4.427	2.741	6.543	0.0	0.502	0.0	3.148	6.56	5.351	5.143	3.256	0.0	2.976	3.851	2.773	4.995	3.285	1.487	5.407	2.176	4.042	2.8	4.163
cell_0338	cluster_2	2.57	2.572	31.95	25.027	2.895	4.509	2.989	2.801	1.314	3.942	4.288	6.375	1.618	1.119	0.0	0.0	1.597	8.068	0.377	4.204	6.39	6.266	0.0	1.733	0.0	1.239	3.89	3.557	2.66	7.666	9.853	4.139	19.637	0.861	3.589	2.508	3.379	1.963	1.523	4.269	3.433	7.604	1.475	5.626	5.843	2.985	15.671	0.0	1.352	1.718	3.562	1.533	4.665	10.644	6.487	1.706	1.055	1.916	6.611	0.782
cell_0266	cluster_2	1.513	0.0	8.607	14.576	3.522	1.324	2.163	4.584	0.0	0.0	1.395	0.0	1.786	0.664	4.738	0.0	0.0	4.969	2.098	1.413	0.665	5.226	0.781	1.714	1.674	0.817	2.093	7.579	5.782	3.742	5.065	2.358	1.407	2.321	0.0	0.714	0.642	4.612	5.233	0.674	1.016	1.203	1.092	0.73	0.501	6.954	0.8	14.503	0.0	3.437	0.898	1.344	1.906	1.558	0.0	2.536	0.0	0.512	2.147	0.0
cell_0288	cluster_2	3.603	3.399	26.806	24.497	3.256	0.545	2.224	5.854	2.037	0.0	1.499	3.922	0.0	0.0	4.214	2.463	2.04	1.178	2.809	5.327	2.246	0.0	0.0	1.371	3.573	2.3	1.108	8.948	1.825	1.751	3.95	1.928	4.772	2.495	0.0	2.848	1.992	3.301	1.71	1.229	4.418	2.463	0.0	2.25	1.466	1.31	6.704	12.699	4.418	3.1	12.499	4.018	4.524	1.235	5.427	0.829	1.185	9.517	2.363	2.923
cell_0502	cluster_3	5.512	2.719	2.125	5.285	27.749	21.681	6.612	8.037	1.022	1.804	3.514	3.842	5.077	4.233	5.337	3.789	2.249	6.667	0.877	0.947	2.124	0.867	1.958	7.254	3.713	9.024	6.645	2.139	2.588	2.073	3.637	1.851	6.586	0.0	0.0	2.19	5.371	2.291	7.46	1.32	2.168	3.445	3.45	2.305	2.236	2.835	0.0	0.0	1.869	8.208	2.094	7.905	3.758	2.961	0.0	6.064	7.883	0.0	1.727	2.505
cell_0321	cluster_2	0.282	1.111	24.042	8.687	2.811	0.0	0.731	0.614	0.0	1.005	1.416	1.789	1.126	2.058	1.575	3.638	2.788	6.341	1.299	1.577	2.945	3.45	0.0	3.015	0.938	3.288	0.0	2.739	2.778	2.128	3.685	0.655	1.772	4.536	1.346	1.411	2.784	2.5	1.701	1.782	0.0	1.349	1.848	3.815	3.452	1.859	4.022	0.0	2.404	4.8	5.844	0.912	3.84	0.0	1.861	1.986	3.12	1.232	1.308	1.531
cell_0075	cluster_1	12.224	9.969	1.507	3.882	0.0	2.299	0.0	1.515	4.347	0.0	7.055	3.882	7.502	2.856	1.919	0.0	4.138	1.531	5.926	5.635	3.894	4.762	2.034	2.024	1.847	3.711	2.137	2.292	3.138	6.242	1.109	3.647	3.704	0.0	4.022	7.178	4.156	0.0	3.825	0.0	3.069	1.447	6.004	4.832	1.907	0.0	1.82	1.042	9.298	0.0	2.831	2.498	0.438	3.4	0.0	2.133	1.653	1.57	3.742	1.686
cell_0393	cluster_2	2.815	4.37	19.658	14.865	2.169	4.551	3.344	10.942	4.039	2.545	1.109	7.998	1.841	2.084	3.21	1.158	2.153	1.577	8.261	7.239	4.109	14.009	2.022	2.134	1.988	2.807	4.998	2.091	5.666	2.871	1.856	3.099	6.334	1.919	2.304	1.252	0.0	1.893	2.3	3.287	1.365	4.141	2.109	1.533	0.0	0.479	3.05	3.68	6.241	7.928	2.193	3.123	1.586	1.992	6.879	4.523	2.984	2.302	1.941	0.752
cell_0087	cluster_1	18.321	19.172	1.558	13.694	0.0	3.787	2.831	0.827	1.906	2.347	1.767	1.252	9.127	3.569	5.386	7.822	4.263	1.923	1.915	3.764	5.964	1.919	1.894	2.887	1.164	1.622	2.748	3.329	1.612	0.547	4.755	3.433	2.597	0.78	2.036	2.493	0.0	3.63	3.185	3.72	5.584	7.605	3.23	2.875	1.792	1.899	4.753	2.127	0.497	3.597	2.214	4.787	2.173	5.721	2.169	13.12	2.76	4.131	5.625	3.638
cell_0368	cluster_2	2.492	1.426	0.0	64.627	2.53	1.971	7.337	0.928	2.049	1.114	0.887	5.956	3.832	1.606	1.618	3.327	1.753	2.564	0.958	4.089	2.767	1.967	1.445	12.699	2.246	1.522	0.835	3.976	1.074	4.373	2.068	3.715	5.689	1.307	2.394	2.463	0.0	6.275	1.886	3.963	8.196	0.0	2.139	3.448	1.806	0.948	3.911	2.486	1.531	3.355	4.756	1.952	0.0	7.416	11.584	8.666	1.238	0.716	2.633	8.095
cell_0294	cluster_2	1.97	2.575	0.0	32.744	4.183	0.794	2.267	1.785	5.589	2.322	3.07	4.239	3.799	4.729	3.753	0.0	3.529	0.0	3.962	7.895	8.238	4.071	6.302	2.982	2.848	0.558	7.417	2.798	6.25	6.752	2.025	11.724	0.714	5.841	1.392	16.586	1.681	2.493	5.613	1.363	8.248	1.12	0.991	3.024	0.0	11.268	3.617	6.697	1.952	1.132	9.112	0.0	1.059	5.076	3.746	3.477	1.622	0.0	4.274	4.251
cell_0423	cluster_3	1.756	0.625	2.42	3.269	12.341	31.218	4.957	10.473	2.201	8.291	1.376	2.875	2.365	1.384	2.761	1.93	7.705	2.757	7.343	12.507	2.422	6.012	2.774	6.208	0.0	2.14	4.298	2.748	2.325	2.059	1.996	3.173	0.905	2.751	3.681	1.012	1.785	7.622	3.335	1.747	7.894	7.747	4.063	0.0	2.673	3.106	11.319	4.656	14.766	3.893	5.698	0.0	3.096	3.677	11.021	2.229	5.479	5.403	2.679	5.016
cell_0155	cluster_1	26.455	14.966	5.408	5.672	10.517	6.131	5.443	1.498	2.183	5.271	2.936	1.255	3.293	3.857	1.198	6.698	0.0	0.763	3.386	2.118	4.219	3.67	1.012	3.834	3.766	3.49	0.0	7.23	1.402	4.548	2.455	1.19	0.554	1.922	0.0	0.686	0.0	4.247	0.0	0.76	1.505	1.119	2.141	1.624	3.854	1.558	6.997	2.372	2.702	4.541	5.142	1.272	4.706	4.616	1.634	1.454	0.926	2.845	0.29	4.817
cell_0150	cluster_1	21.123	17.189	1.86	0.0	6.695	3.035	3.758	2.982	0.705	1.84	1.069	1.835	1.2	1.549	12.426	15.926	2.197	4.023	4.205	18.964	8.274	2.332	4.725	1.633	3.397	1.641	2.956	3.851	3.959	5.019	0.0	0.0	3.201	0.0	5.0	1.86	4.385	2.722	10.297	11.522	3.25	3.094	1.833	10.226	3.82	1.996	1.631	13.963	2.079	7.177	3.432	1.252	0.0	0.0	2.197	3.681	4.0	2.676	2.483	1.982
cell_0587	cluster_3	1.805	2.635	1.758	1.589	4.28	5.362	1.332	2.718	0.931	3.338	2.697	0.0	2.847	14.239	5.748	2.668	0.83	5.73	2.982	4.492	0.0	1.494	5.781	1.836	2.517	2.271	2.273	2.81	2.774	1.331	2.488	4.0	3.679	1.584	3.796	1.877	1.953	2.303	2.101	4.429	2.878	1.555	2.887	0.761	2.488	2.401	2.234	1.622	0.0	2.378	2.161	1.621	1.294	3.133	3.973	0.0	0.608	2.73	5.526	3.219
cell_0466	cluster_3	1.408	3.534	0.927	0.0	5.749	60.569	0.896	4.856	3.714	7.464	4.937	2.804	4.14	2.908	3.972	0.834	1.341	2.839	0.0	5.941	3.666	0.915	1.888	4.026	5.67	2.656	2.492	0.0	0.0	0.0	1.848	9.552	1.573	5.864	2.054	2.546	1.474	6.316	0.0	0.0	1.263	1.974	2.57	2.084	2.069	1.745	1.116	0.0	1.911	1.656	2.826	0.0	2.958	3.249	1.41	6.911	4.473	2.449	1.692	0.9
cell_0334	cluster_2	0.0	3.155	14.99	34.25	2.043	1.88	4.212	1.696	4.064	3.734	1.156	0.982	2.542	2.071	3.547	0.886	1.479	0.663	2.092	2.366	0.0	0.0	2.34	3.132	1.483	1.614	2.123	0.0	2.83	2.15	1.937	2.58	4.292	1.629	4.267	6.28	2.086	1.909	1.423	0.0	3.422	0.0	4.683	3.112	1.415	5.43	2.086	9.365	3.385	1.957	0.845	3.625	2.027	1.95	1.045	1.155	2.163	0.867	1.292	5.788
cell_0149	cluster_1	12.934	27.485	2.054	3.815	3.149	2.298	7.652	0.895	2.563	0.0	1.716	4.947	1.392	13.534	3.607	0.0	4.85	0.723	9.179	0.971	0.496	1.514	1.676	3.133	3.249	4.56	2.665	0.0	4.673	0.0	0.52	1.933	0.0	1.174	1.179	0.962	0.5	1.557	3.094	2.157	2.128	1.228	1.553	2.263	0.49	1.571	0.59	1.246	2.317	1.014	3.606	1.811	3.03	0.62	1.171	4.159	0.0	2.697	2.538	5.174
cell_0444	cluster_3	0.349	5.475	1.435	6.254	0.0	40.537	4.67	3.04	1.34	0.0	2.778	1.853	3.564	0.61	2.248	0.81	0.774	2.062	3.496	0.212	4.605	0.571	1.252	2.179	1.289	4.16	2.008	1.131	1.696	2.923	1.982	0.453	0.632	1.273	1.337	0.617	0.347	1.032	0.543	0.528	0.637	1.744	1.594	1.178	1.181	1.935	1.261	0.0	0.0	0.985	0.984	0.927	2.561	0.812	2.108	1.324	0.0	2.407	1.597	4.218
cell_0230	cluster_2	4.524	12.586	51.005	148.094	6.779	5.299	6.913	10.683	11.085	0.0	4.055	4.781	1.152	12.673	4.893	2.801	7.835	1.298	3.185	2.318	3.158	2.648	0.0	4.265	5.333	2.701	15.342	2.763	9.161	7.45	1.66	3.405	4.61	0.0	2.486	5.556	7.399	2.812	1.652	0.0	1.879	0.0	0.0	2.837	2.102	18.482	2.536	3.289	1.77	3.742	11.346	7.893	9.51	17.252	5.582	2.609	1.952	10.107	2.246	5.03
cell_0055	cluster_1	4.762	5.714	2.565	2.768	2.301	3.239	0.303	2.3	1.947	2.914	2.734	2.575	4.247	2.658	0.93	1.648	6.98	0.918	0.741	2.296	2.361	4.411	5.442	1.755	2.493	2.197	7.799	2.936	0.0	1.988	0.0	3.772	3.76	1.163	5.971	1.502	4.189	2.121	3.043	0.0	1.679	1.624	4.794	0.0	3.433	5.77	2.977	0.0	1.421	2.226	0.855	1.967	2.42	7.632	5.162	0.343	3.064	1.521	2.157	3.904
cell_0541	cluster_3	1.185	2.343	2.806	1.249	19.895	0.0	5.479	0.0	0.0	2.95	1.119	1.538	0.544	0.0	0.0	11.877	1.939	1.031	3.635	3.299	7.454	13.315	0.58	3.022	5.305	5.501	4.842	3.137	1.428	1.393	3.119	5.942	3.246	4.348	5.994	0.867	9.065	1.889	2.646	6.576	0.913	2.314	6.572	2.152	10.657	2.575	0.391	2.941	6.284	0.507	2.005	4.358	4.294	3.612	0.0	3.538	1.024	5.892	2.815	4.152
cell_0001	cluster_1	32.505	19.662	6.853	0.445	2.437	1.914	1.904	2.795	4.011	1.57	2.504	4.432	2.109	3.58	1.501	3.283	1.197	3.216	3.207	9.817	5.105	0.0	2.309	2.892	1.402	7.027	3.435	2.984	11.855	2.881	4.632	0.0	1.562	1.479	0.0	2.502	7.061	1.815	1.733	0.856	8.501	2.038	2.823	2.144	1.981	0.0	6.503	4.203	3.189	7.025	4.639	6.701	6.883	1.222	2.163	3.028	1.612	1.374	2.421	1.33
cell_0239	cluster_2	4.352	0.0	57.152	59.634	3.962	2.233	12.503	12.407	7.199	3.919	3.262	3.981	13.803	3.757	3.197	6.694	3.496	0.193	0.0	3.755	3.827	3.893	5.438	5.464	5.992	0.719	3.259	5.612	3.361	0.0	3.728	1.415	5.585	3.956	13.397	2.94	2.702	4.374	1.633	6.212	2.418	2.85	6.44	3.468	4.207	4.035	2.395	3.528	1.236	3.693	9.107	4.501	1.521	2.24	3.564	3.952	5.055	10.861	2.674	2.656
cell_0160	cluster_1	7.716	0.0	0.0	1.304	3.556	2.971	0.0	0.0	5.376	4.695	2.834	8.712	0.498	0.97	1.619	1.448	1.59	3.233	2.062	1.504	4.03	1.313	3.258	1.345	4.106	1.802	5.669	3.062	1.798	0.971	1.257	10.309	4.607	2.092	5.699	0.0	2.709	8.103	3.157	8.897	8.25	1.454	0.822	2.661	3.966	2.439	1.332	1.911	2.38	0.0	8.574	1.638	5.221	3.516	2.048	2.474	1.23	5.162	1.717	4.29
cell_0061	cluster_1	7.578	7.626	2.95	2.792	1.338	1.493	0.0	2.671	2.078	1.886	1.097	1.899	0.0	1.527	3.108	0.0	9.531	5.244	0.0	0.0	2.391	2.862	0.617	3.664	0.904	2.605	1.791	1.468	3.965	4.105	9.961	5.36	1.938	0.0	0.0	6.132	1.246	4.511	0.0	0.0	5.656	3.085	3.385	0.0	5.38	5.517	5.16	0.0	3.614	1.064	4.435	1.65	7.627	3.549	1.239	1.39	1.762	3.133	0.0	9.044
cell_0265	cluster_2	0.98	1.873	4.919	12.691	2.121	2.895	1.954	1.641	1.858	0.0	2.617	1.355	2.337	3.148	0.979	4.299	2.064	2.252	0.537	1.032	1.652	2.452	1.501	1.563	0.0	3.312	2.521	1.781	9.243	3.537	1.43	1.035	0.0	2.857	3.347	1.142	2.237	0.811	3.576	1.385	5.077	0.0	4.596	2.296	3.396	2.065	2.336	2.147	4.262	4.363	3.888	1.715	1.753	2.637	1.651	2.122	3.239	2.236	0.722	1.32
cell_0295	cluster_2	5.783	8.566	0.0	7.641	2.255	2.472	3.248	4.272	7.046	2.296	1.623	7.481	1.008	1.701	0.0	2.637	1.922	1.129	2.34	0.789	0.0	1.577	2.708	1.901	2.287	0.871	3.581	1.72	0.0	4.165	2.165	2.22	1.155	2.913	2.163	0.0	1.478	1.904	0.0	4.139	0.0	7.016	3.832	1.53	0.996	0.894	0.0	2.518	2.119	1.288	1.458	3.12	0.0	2.448	0.0	1.393	1.129	0.688	2.005	0.0
cell_0352	cluster_2	0.0	2.26	16.827	0.0	1.697	2.534	1.014	1.05	1.237	0.0	0.511	2.144	0.0	2.542	0.665	3.506	3.243	0.0	0.888	4.752	1.456	1.373	2.223	0.0	4.118	3.476	0.0	0.745	0.0	1.189	5.542	11.434	2.05	0.877	1.706	2.827	3.428	2.862	4.48	4.435	3.649	0.0	0.0	1.457	2.454	0.977	0.0	0.0	3.674	0.0	2.045	1.393	0.391	2.464	0.0	0.0	0.62	1.431	1.792	6.346
cell_0180	cluster_1	8.449	14.437	4.282	2.263	1.207	1.582	2.614	4.17	3.537	11.006	5.014	2.503	3.466	1.631	3.252	0.0	3.98	2.336	1.317	1.802	0.526	2.812	8.061	5.399	0.0	2.334	1.867	1.623	4.042	0.714	0.0	0.893	1.994	6.938	1.578	2.92	2.638	1.126	2.532	3.575	0.0	1.762	2.298	4.557	7.13	0.751	2.368	1.508	2.371	2.029	1.184	2.602	2.758	3.854	0.0	10.385	6.744	3.572	0.0	0.689
cell_0108	cluster_1	12.562	45.122	7.486	1.686	2.623	4.795	4.836	1.186	3.148	8.08	3.61	0.0	28.407	1.206	2.448	2.465	6.735	1.149	0.0	5.104	3.679	0.606	1.638	2.378	8.292	13.817	7.229	5.932	5.866	1.509	9.484	4.036	2.708	15.296	5.917	2.395	2.755	4.961	1.581	11.046	8.126	5.062	2.104	2.288	0.0	3.039	5.288	5.596	5.313	0.0	4.82	9.001	4.719	7.645	2.182	8.472	0.0	18.987	3.371	2.839
cell_0586	cluster_3	8.657	3.753	0.584	3.084	9.682	38.527	3.73	9.507	2.31	0.0	1.321	4.769	3.242	3.192	5.098	2.784	4.013	4.421	2.302	1.528	3.759	0.0	2.215	6.75	12.169	1.227	3.073	1.3	8.555	5.816	4.469	6.895	0.0	0.773	1.108	10.258	5.283	0.805	1.374	2.206	0.814	0.562	4.03	5.966	1.414	3.997	2.406	0.0	3.399	2.792	5.02	8.485	9.362	5.078	1.246	3.708	9.616	2.624	3.406	4.528
cell_0079	cluster_1	41.609	7.942	0.968	2.724	9.478	1.97	2.482	0.0	0.777	2.387	5.853	3.512	6.609	6.927	5.432	3.975	1.781	4.677	1.233	0.989	3.665	1.531	2.458	1.518	4.009	1.744	2.021	0.937	0.0	0.0	4.648	1.514	1.723	11.507	3.461	2.776	0.0	1.273	1.578	1.207	6.195	3.49	1.86	2.228	0.0	1.583	2.52	0.0	2.083	5.95	13.143	0.663	6.295	2.334	1.656	1.782	3.112	2.281	0.0	0.0
cell_0363	cluster_2	2.1	1.027	0.0	171.034	6.218	0.798	4.367	0.0	6.609	0.0	2.297	3.99	9.154	1.411	0.745	0.0	0.0	3.061	4.081	18.977	0.971	2.609	15.822	4.546	0.0	3.676	1.784	7.109	8.212	1.816	2.279	3.925	3.241	2.785	2.46	4.663	3.358	1.552	5.985	5.404	3.922	1.441	5.378	3.06	4.356	5.958	14.432	5.597	0.0	1.858	3.264	3.031	9.466	5.867	8.902	5.454	3.005	2.277	5.624	2.214
cell_0204	cluster_1	15.387	35.727	7.108	3.908	2.23	7.476	2.262	6.099	4.158	1.58	4.785	6.656	4.36	2.129	2.785	1.394	3.5	2.707	1.834	0.632	13.682	0.476	2.772	4.338	1.608	4.862	3.707	2.908	1.767	2.315	2.402	0.0	2.075	3.16	8.822	5.899	2.716	0.0	1.305	6.308	0.0	3.998	3.034	1.775	3.896	0.0	0.699	7.24	3.707	5.258	1.246	1.598	0.955	1.601	2.125	1.329	0.827	3.341	1.457	5.39
cell_0524	cluster_3	2.203	0.0	3.294	0.0	15.817	15.999	0.0	3.356	1.048	1.637	1.803	4.901	3.75	1.219	1.554	3.094	2.922	1.898	2.37	6.969	0.0	0.0	3.253	0.0	3.215	1.396	6.844	1.825	1.858	1.191	4.073	7.465	2.125	1.861	3.094	2.928	2.568	1.352	4.337	1.712	2.448	0.577	1.845	3.861	2.481	0.921	2.382	5.85	4.71	5.73	5.794	3.635	2.025	9.237	7.926	3.074	2.68	5.216	4.62	2.366
cell_0297	cluster_2	1.247	1.389	42.382	11.296	2.139	5.032	3.133	1.408	4.946	6.015	0.0	6.393	3.071	9.449	1.469	0.834	0.0	0.0	2.034	0.0	1.832	12.991	0.0	4.819	5.302	2.811	3.262	6.465	1.34	0.0	0.842	0.0	3.69	4.365	2.72	1.799	2.022	4.55	5.591	6.116	3.085	0.702	1.753	0.0	5.436	4.666	3.729	2.112	6.464	3.892	1.955	4.884	4.605	6.024	5.718	4.427	1.237	0.931	2.488	4.11
cell_0032	cluster_1	0.0	12.066	2.494	4.977	1.795	6.242	0.0	1.798	1.549	1.212	1.096	1.567	1.365	2.871	3.963	1.842	3.839	18.545	2.117	2.681	0.809	9.016	2.417	1.424	1.918	1.825	6.791	7.195	0.0	0.0	3.85	1.91	1.584	1.83	1.494	6.722	1.634	3.996	3.785	0.0	14.687	3.473	5.728	1.318	1.42	8.432	1.22	2.504	2.52	0.802	4.727	1.144	5.858	2.87	2.244	9.373	2.071	1.308	4.306	4.71
cell_0181	cluster_1	24.286	27.052	2.489	1.092	0.676	4.291	0.0	1.455	3.788	2.253	1.311	4.986	0.0	3.349	4.556	0.0	7.284	4.958	4.93	1.452	0.951	0.623	3.155	2.967	12.464	0.573	1.851	0.0	1.875	2.21	0.739	0.582	2.7	1.002	0.0	2.442	2.071	3.24	3.147	1.551	0.934	0.0	0.0	0.0	1.137	0.904	1.306	10.837	2.448	0.0	1.014	1.911	0.895	2.827	0.847	4.293	3.006	2.618	2.521	0.0
cell_0585	cluster_3	3.032	6.183	0.706	0.0	13.855	5.807	8.839	5.963	2.314	5.59	2.128	3.726	0.753	1.151	0.888	3.262	1.124	7.381	1.255	2.484	1.429	2.312	0.0	8.088	1.805	0.917	3.418	1.908	0.0	0.965	2.686	1.453	3.133	3.182	3.146	2.855	1.215	1.387	0.902	1.014	1.465	2.336	2.437	2.249	4.548	2.065	0.477	3.589	2.619	4.607	2.358	2.573	1.814	3.305	2.125	0.67	1.872	0.0	0.0	1.155
cell_0043	cluster_1	17.785	0.0	3.001	0.0	5.326	5.209	6.374	2.42	1.426	2.555	7.221	1.667	3.26	5.969	0.0	0.0	0.0	2.526	0.0	2.276	2.448	2.101	3.628	5.023	5.834	8.605	4.957	1.405	1.717	5.561	3.615	5.864	3.592	2.358	7.161	8.118	3.619	1.937	0.0	2.915	2.453	0.867	0.936	10.427	2.402	2.628	3.14	3.786	3.136	7.815	2.997	10.978	0.0	1.425	6.559	4.35	12.453	4.459	22.058	9.985
cell_0465	cluster_3	3.904	1.997	0.0	3.829	40.888	54.697	6.493	1.062	1.753	2.845	0.831	3.165	1.886	2.007	3.631	3.916	0.633	3.469	4.92	1.729	2.705	0.0	3.062	0.0	13.036	5.091	1.798	2.782	1.894	1.254	2.129	0.0	1.952	7.904	2.241	7.526	9.48	4.555	2.06	2.977	3.794	3.512	4.06	4.398	11.142	2.296	0.887	1.174	4.867	1.494	2.646	2.813	8.718	2.015	2.025	1.756	0.464	0.905	1.857	4.384
cell_0076	cluster_1	29.091	8.327	0.0	0.0	1.407	0.0	0.0	4.116	0.78	3.359	5.971	1.829	0.0	3.162	3.257	1.511	1.53	2.004	1.121	4.555	2.609	2.254	1.976	3.522	3.073	1.525	0.0	2.713	0.757	3.888	1.68	2.353	4.274	0.93	2.911	4.794	5.337	0.0	1.899	0.984	1.197	1.1	2.873	0.855	0.0	2.287	0.0	3.527	4.168	6.844	2.094	0.794	0.73	2.057	0.0	2.75	0.0	4.898	5.336	1.498
cell_0231	cluster_2	1.959	1.007	9.682	33.675	3.249	3.452	2.242	1.902	1.347	8.395	2.414	1.899	5.244	2.247	0.0	0.427	1.191	1.548	1.912	2.335	1.341	1.094	0.0	3.573	0.0	1.333	1.128	2.702	3.592	8.688	2.122	2.332	1.283	1.812	0.0	2.68	0.627	0.0	4.134	1.555	1.589	1.231	3.879	0.0	1.219	0.618	0.998	2.101	0.805	1.746	5.556	2.934	0.0	3.496	3.242	1.676	3.792	1.629	6.254	6.216
cell_0330	cluster_2	1.74	4.583	8.811	33.311	0.0	3.571	2.05	0.0	2.913	3.808	4.227	3.919	2.047	1.08	5.67	2.72	1.642	1.87	3.28	1.703	12.384	3.276	0.0	1.683	2.536	8.102	6.146	0.488	0.548	0.544	0.0	3.866	1.707	3.834	0.591	1.384	8.786	0.0	0.582	7.321	7.881	10.872	1.88	2.26	2.684	0.904	6.733	4.34	3.568	0.573	3.411	1.576	11.82	0.983	2.498	0.984	4.577	3.652	1.077	1.02
cell_0375	cluster_2	1.162	2.352	45.383	34.134	3.078	2.365	0.0	4.145	0.0	2.214	3.276	1.867	2.523	3.244	2.111	5.401	3.8	0.0	5.333	4.241	0.0	2.291	1.195	2.221	0.914	10.319	2.021	4.67	0.844	1.779	1.303	3.698	1.231	4.201	2.131	6.185	1.502	0.0	0.0	4.736	0.0	10.024	2.059	1.917	1.501	3.783	2.72	1.308	1.025	1.739	1.488	2.223	2.558	0.524	0.63	1.985	0.0	2.064	0.849	1.089
cell_0022	cluster_1	14.702	10.042	4.377	6.205	3.756	1.489	2.133	1.489	1.023	4.631	3.08	2.041	1.491	8.692	4.624	2.524	4.629	4.597	6.637	3.448	0.959	2.131	3.762	1.827	1.615	7.879	1.678	2.924	1.139	2.549	4.252	1.982	9.783	3.975	1.968	2.224	3.215	0.0	3.602	4.419	9.748	5.471	2.404	3.821	3.587	6.757	5.869	2.581	2.587	1.239	1.478	0.0	1.767	3.689	2.51	3.75	6.254	4.864	1.735	1.615
cell_0550	cluster_3	0.0	1.85	2.138	19.79	16.733	28.923	3.248	8.666	0.333	5.082	3.369	5.804	2.378	1.711	4.232	2.318	0.0	4.762	3.627	3.531	6.712	9.463	0.0	9.35	0.0	0.0	3.518	0.92	2.11	2.549	2.909	5.152	2.892	0.0	7.001	5.149	3.666	2.796	1.247	8.491	1.55	1.378	0.0	1.395	1.514	1.249	0.0	6.291	4.507	3.255	0.845	4.198	2.124	3.156	3.517	4.602	0.0	1.288	0.0	4.113
cell_0450	cluster_3	2.431	1.318	1.956	3.402	21.797	4.288	5.402	2.212	0.0	2.452	2.112	4.749	1.567	0.936	3.093	0.719	0.0	4.104	1.054	6.288	0.576	3.182	2.517	3.807	2.552	0.0	2.054	1.612	0.725	0.0	6.787	0.577	1.9	0.944	0.952	0.797	4.657	0.0	0.449	1.131	2.787	1.967	1.897	2.16	1.749	2.605	2.024	2.955	1.229	1.793	1.366	0.0	2.298	0.0	2.115	0.867	1.385	0.785	0.0	2.909
cell_0287	cluster_2	2.47	3.307	12.21	24.011	2.207	1.151	3.06	3.627	1.92	1.736	8.891	2.915	2.195	1.788	2.45	2.796	1.709	4.362	3.644	4.673	1.379	1.056	0.704	3.405	1.171	0.946	0.804	1.869	5.516	1.063	0.0	1.435	0.0	0.845	1.255	5.724	2.468	2.404	1.768	3.31	10.408	0.826	3.42	1.99	1.358	0.0	1.372	0.614	5.298	5.257	2.532	1.754	0.0	3.857	1.445	0.435	0.397	5.379	2.479	2.261
cell_0548	cluster_3	0.967	1.735	0.0	2.528	78.779	15.375	11.366	5.193	2.694	1.444	7.638	6.99	2.303	8.085	1.62	3.812	3.622	4.916	0.0	2.209	1.155	4.487	3.616	0.0	3.951	4.782	6.52	6.633	0.0	0.0	1.002	2.008	3.271	6.051	1.522	2.631	7.374	1.65	1.42	8.04	4.68	1.996	4.5	1.96	7.118	2.732	3.061	3.929	6.66	0.607	4.514	1.716	3.735	7.984	1.771	0.0	11.665	1.52	2.887	4.069
cell_0472	cluster_3	1.213	1.893	1.466	0.0	35.433	36.255	4.637	2.927	0.799	0.0	1.8	3.67	3.415	6.101	1.376	3.58	3.921	3.334	2.752	1.086	1.25	12.048	1.789	0.0	3.72	2.431	0.876	6.401	2.177	1.432	1.272	6.51	1.508	0.0	1.216	0.66	10.975	0.0	1.606	2.103	1.687	0.0	0.0	4.882	1.491	2.733	2.488	1.109	3.423	3.642	0.0	2.115	1.752	0.0	2.776	2.589	0.0	3.177	3.271	1.364
cell_0189	cluster_1	24.248	7.345	1.449	1.069	0.812	2.624	1.045	2.33	1.154	1.694	1.057	1.708	0.922	1.029	3.962	0.933	1.66	0.716	2.217	1.038	1.574	2.061	1.17	1.103	1.133	3.367	1.956	1.264	2.333	0.0	1.61	6.171	0.73	0.765	0.0	1.564	3.003	2.163	2.403	0.966	0.441	1.218	1.69	0.963	1.433	2.54	0.0	1.112	2.277	2.123	0.727	1.739	1.061	0.804	1.467	2.035	1.445	3.382	0.851	1.315
cell_0113	cluster_1	0.0	15.253	5.764	0.0	2.92	4.933	5.19	2.861	2.047	5.546	1.667	1.434	0.0	1.818	1.75	2.271	0.0	1.312	1.374	1.755	1.755	0.0	2.907	10.716	4.286	2.434	0.822	5.555	1.133	2.387	2.487	2.455	3.875	0.635	1.118	6.626	0.0	2.712	1.882	0.0	13.559	1.489	6.638	2.158	3.867	0.441	2.242	5.335	1.352	0.0	2.38	8.815	1.029	3.94	4.483	5.699	7.838	0.0	0.818	0.0
cell_0154	cluster_1	18.13	32.793	1.895	0.578	4.453	3.792	3.205	4.346	3.869	0.0	0.875	0.747	9.528	7.277	4.549	3.986	1.309	1.486	0.0	2.355	9.474	1.757	0.0	3.313	0.0	1.089	6.025	2.703	0.536	5.804	1.363	5.828	0.0	4.501	4.859	7.606	4.827	0.0	5.733	0.0	2.696	20.768	2.95	6.573	1.849	4.128	4.837	0.965	2.957	7.771	0.0	2.599	5.626	0.0	3.525	1.863	3.756	2.585	1.71	0.0
cell_0322	cluster_2	0.0	1.45	11.364	6.015	4.653	1.535	6.878	1.265	2.457	0.887	2.416	3.335	4.434	1.076	5.58	1.518	4.376	2.299	3.886	0.449	1.908	0.73	3.109	2.957	0.472	3.474	1.991	1.131	0.879	2.186	1.196	0.944	1.571	0.917	0.913	1.271	1.562	0.546	4.689	4.291	1.771	1.538	0.698	1.938	2.621	1.642	2.402	3.278	1.291	1.096	8.05	1.716	10.354	0.0	1.111	1.527	0.874	0.701	1.924	2.143
cell_0497	cluster_3	4.684	0.632	2.174	1.644	13.851	27.733	10.095	3.435	0.0	3.393	1.718	2.375	1.437	1.223	2.21	4.083	3.957	0.0	1.258	1.288	4.235	3.493	0.946	2.36	1.303	3.643	1.623	2.504	1.653	2.732	0.659	0.904	5.399	0.53	1.26	0.965	1.208	0.0	0.922	1.059	2.322	4.009	4.56	0.819	5.249	3.761	1.626	6.327	3.01	3.989	2.902	0.0	2.513	2.163	1.624	1.867	3.901	3.844	4.63	6.462
cell_0192	cluster_1	16.907	21.538	1.62	1.537	0.889	2.866	2.197	2.478	4.198	0.0	2.449	1.423	1.316	1.227	1.987	1.338	1.817	2.079	2.355	7.445	0.472	0.0	0.655	1.105	6.417	2.454	2.0	8.732	3.305	1.632	2.033	0.0	4.392	2.432	2.169	1.916	1.27	0.0	1.817	0.822	7.845	0.0	5.24	1.548	5.235	1.65	8.962	1.935	2.516	0.0	2.707	2.323	1.896	2.509	0.666	0.907	5.726	2.776	1.533	2.174
cell_0029	cluster_1	14.886	16.8	1.763	3.346	2.867	3.973	1.883	6.813	5.699	1.252	5.736	2.127	2.561	4.136	1.944	1.418	0.0	4.456	1.424	3.393	2.317	5.418	7.419	0.695	2.459	1.432	0.9	3.807	2.488	3.077	0.0	2.652	2.496	1.79	0.878	3.591	1.557	1.096	1.648	1.288	3.588	0.0	2.646	0.937	1.006	17.015	1.07	0.606	3.585	3.814	1.097	2.957	3.58	3.008	2.102	2.647	3.025	2.041	2.088	1.295
cell_0374	cluster_2	0.0	1.915	21.93	6.823	1.44	3.036	4.042	1.824	2.187	1.004	0.0	2.044	1.41	1.727	2.267	0.952	1.617	1.659	0.806	1.214	1.38	1.651	0.0	3.104	2.443	4.973	17.985	3.924	1.459	4.653	1.45	2.573	0.922	4.285	0.0	1.084	1.481	2.356	5.671	5.554	1.698	3.527	2.693	0.859	0.931	0.0	0.0	0.0	2.441	1.173	3.046	1.366	3.836	1.956	1.817	2.851	1.441	1.685	1.356	2.114
cell_0011	cluster_1	53.975	11.006	3.295	1.679	3.754	1.101	2.99	6.68	2.339	3.664	2.165	1.162	0.655	2.694	2.435	4.989	2.983	14.348	2.775	5.604	5.598	6.883	13.199	10.25	3.356	2.206	7.792	0.796	1.59	4.302	13.837	5.096	1.359	3.905	5.43	2.362	2.262	3.971	2.871	0.0	4.637	1.86	4.162	4.908	4.201	5.02	5.508	2.835	0.0	3.741	12.152	2.018	2.662	0.0	0.0	0.949	0.0	1.094	5.775	2.61
cell_0084	cluster_1	48.891	76.805	1.299	3.56	1.586	7.375	3.29	7.328	1.965	6.469	1.645	1.872	2.854	2.482	6.813	2.631	1.101	0.0	0.0	1.245	4.477	1.663	4.329	9.527	1.42	1.186	0.482	0.0	2.58	4.663	11.9	3.1	4.043	10.935	1.106	1.279	2.014	1.99	1.339	0.849	0.0	0.0	4.014	4.333	2.026	7.858	1.237	0.0	4.481	0.0	1.763	3.406	1.793	4.917	1.525	0.371	3.071	2.239	6.015	3.32
cell_0378	cluster_2	1.289	0.855	19.476	18.216	1.727	5.08	2.132	1.609	3.795	2.637	0.87	2.714	2.22	6.13	3.268	6.282	1.173	1.553	2.083	1.664	7.572	0.0	2.312	5.527	4.818	4.028	2.455	2.9	0.79	5.055	4.402	1.65	1.891	1.742	6.191	0.0	1.749	3.283	0.921	1.346	6.498	3.318	1.039	1.151	0.0	2.715	2.256	2.031	3.134	1.525	1.102	1.356	0.0	0.0	1.892	2.129	3.081	2.301	5.917	2.402
cell_0175	cluster_1	27.723	105.972	6.569	1.449	1.182	1.449	0.0	1.555	4.398	2.475	11.496	1.508	2.151	1.58	2.841	2.0	1.25	1.584	0.452	1.23	1.45	2.628	2.409	8.3	2.347	1.588	7.488	3.674	6.163	1.435	3.733	3.951	1.02	0.0	2.764	3.134	4.726	1.927	4.045	2.07	3.449	12.215	0.923	4.415	3.625	2.601	0.0	5.421	0.532	4.265	4.126	3.849	2.022	2.344	5.831	2.061	3.425	6.28	0.0	0.0
cell_0369	cluster_2	6.95	5.025	31.965	57.47	4.162	0.0	3.506	2.178	3.019	4.284	7.533	4.706	2.807	5.21	2.604	1.901	6.551	4.626	4.674	2.068	28.838	4.086	1.914	2.128	9.771	4.106	1.663	1.662	5.734	1.439	2.727	6.031	3.854	1.317	2.344	3.296	3.564	5.783	8.46	0.0	0.865	1.598	0.0	0.0	1.295	0.998	2.365	0.329	0.0	2.63	0.0	1.321	6.324	2.234	1.842	0.0	3.721	5.731	3.993	1.589
cell_0364	cluster_2	5.594	2.046	13.259	55.678	9.266	2.36	3.174	5.393	3.293	3.136	2.919	1.673	2.676	1.465	3.432	0.0	2.849	4.223	8.851	2.907	1.156	1.29	0.824	4.981	1.576	2.172	0.794	3.04	2.543	2.057	4.844	1.837	0.891	1.125	3.246	5.296	2.844	4.64	1.204	1.474	0.0	0.807	4.781	2.729	1.25	6.057	1.449	2.597	7.023	1.287	24.788	0.0	0.928	1.817	2.671	0.0	1.692	1.224	0.42	2.159
cell_0440	cluster_3	0.906	1.076	3.442	0.0	22.222	62.287	1.404	6.438	3.345	3.646	0.64	8.698	1.204	8.11	5.009	1.643	0.0	0.767	6.494	2.729	2.394	0.0	2.335	2.767	2.768	2.04	2.433	4.271	4.687	0.599	4.444	3.104	3.106	2.771	5.541	1.45	2.508	7.842	7.962	1.355	0.0	3.328	3.389	0.806	4.187	0.0	1.614	2.642	4.159	1.134	4.625	1.8	2.36	2.504	1.721	0.0	1.25	8.095	2.14	1.413
cell_0390	cluster_2	1.476	4.467	0.0	5.541	0.0	0.675	1.84	2.537	8.167	3.336	3.335	8.174	0.0	0.916	0.556	2.791	3.171	1.261	7.35	7.171	4.84	3.026	1.038	4.386	0.0	1.199	1.131	2.638	1.483	1.536	0.825	5.775	2.359	1.183	1.644	1.946	7.631	1.229	1.881	0.523	1.253	0.754	0.938	1.13	3.117	4.397	1.43	1.394	1.966	0.0	2.362	2.288	2.185	2.435	1.266	2.326	0.198	3.88	4.929	2.931
cell_0254	cluster_2	5.051	5.208	39.956	33.884	2.841	0.0	9.434	0.993	1.179	5.373	2.131	2.805	1.212	1.248	1.487	0.0	1.216	3.45	3.547	0.688	1.338	7.395	4.999	2.23	1.749	1.321	6.84	3.317	5.314	3.304	1.145	1.495	1.694	6.394	5.663	2.857	0.0	1.706	1.145	0.0	3.796	1.277	2.348	2.797	2.636	3.063	12.645	2.867	1.212	2.854	2.554	4.499	1.497	1.306	1.722	2.135	3.288	0.44	3.317	0.0
cell_0038	cluster_1	20.935	48.703	3.194	1.057	1.757	1.861	2.015	15.02	0.0	4.39	5.538	3.268	0.479	10.034	2.331	1.916	1.976	5.895	8.306	2.034	2.753	1.035	5.207	0.921	8.994	4.265	1.897	1.066	6.247	2.135	1.841	1.266	2.47	7.17	0.0	1.312	0.575	5.444	1.634	2.473	0.0	3.075	1.672	0.603	2.768	1.711	5.785	5.053	1.018	1.18	0.538	0.825	4.539	0.964	1.422	9.543	0.267	1.275	1.215	1.726
cell_0228	cluster_2	6.978	2.209	20.884	52.518	10.458	5.412	3.433	4.212	3.769	9.497	7.608	8.087	30.016	0.0	7.502	1.038	5.311	1.629	10.568	0.0	4.32	8.804	3.066	2.805	2.057	0.0	2.253	8.133	3.805	6.866	0.0	2.199	1.474	2.551	2.664	4.974	1.123	2.413	4.371	12.112	3.626	6.565	4.948	3.114	4.494	5.794	0.0	2.575	4.217	2.724	1.876	4.886	2.45	6.51	0.0	1.829	0.809	10.375	1.578	17.045
cell_0211	cluster_1	37.0	21.535	4.247	4.32	9.429	1.889	3.511	2.247	10.943	5.339	4.508	1.541	2.651	0.829	6.395	0.0	10.31	2.366	1.27	1.849	1.213	5.128	6.436	15.922	8.274	5.419	7.436	8.219	0.0	1.241	2.267	1.904	0.0	3.243	6.779	0.824	11.407	3.501	2.187	9.629	8.591	2.228	2.694	2.832	0.0	3.445	0.0	11.27	1.261	9.86	10.758	0.0	6.455	5.276	4.374	0.0	1.297	2.73	2.363	2.132
cell_0379	cluster_2	8.034	2.69	20.726	9.313	3.444	3.133	10.7	4.972	7.883	15.015	3.488	9.982	6.848	3.232	2.252	4.726	4.146	9.341	3.42	5.162	3.341	3.932	2.527	10.247	13.753	6.744	4.045	4.43	9.953	2.31	2.549	2.93	3.099	4.885	9.091	6.312	2.008	0.0	0.0	4.484	0.651	3.759	7.039	2.992	12.951	3.948	0.0	3.325	9.399	13.436	3.912	6.962	4.407	3.931	3.188	1.835	2.324	2.552	1.915	6.434
cell_0442	cluster_3	2.462	4.464	1.219	4.59	10.24	35.304	1.509	1.164	0.232	3.256	1.484	0.798	1.685	1.706	2.821	0.789	2.058	1.015	0.0	4.145	2.37	0.0	4.65	4.74	1.685	1.928	4.204	2.245	2.486	0.0	1.285	1.903	0.705	1.56	4.238	3.076	0.0	2.547	1.009	4.748	6.278	0.849	3.126	4.001	1.656	4.136	5.584	1.543	1.283	2.091	7.27	5.224	1.077	2.413	3.254	5.294	0.0	4.85	6.643	1.339
cell_0385	cluster_2	1.537	1.836	20.777	44.785	3.923	0.0	0.0	2.556	1.799	3.636	9.658	1.023	21.853	0.0	0.0	6.015	1.524	2.974	3.319	1.859	4.349	0.7	0.0	10.091	2.268	2.752	2.767	9.991	4.913	1.609	1.38	2.415	2.093	3.696	3.433	1.836	4.252	4.049	3.247	4.946	1.931	0.0	0.628	2.129	4.486	3.253	5.383	2.547	5.147	6.648	1.613	8.568	2.548	3.19	3.562	4.125	3.705	5.954	2.417	4.162
cell_0598	cluster_3	9.871	4.179	0.0	2.319	17.947	16.16	0.764	6.365	0.474	1.211	5.732	1.642	2.977	4.078	1.316	1.16	2.756	5.926	3.99	2.41	3.887	1.28	5.257	3.581	5.072	3.458	1.269	1.042	0.609	3.035	2.489	8.725	2.401	1.889	3.702	3.728	1.385	0.739	2.948	3.788	2.643	1.574	2.699	4.41	4.867	1.607	3.588	1.46	8.337	1.807	1.702	2.839	5.566	5.05	0.859	1.769	8.302	0.0	3.557	2.331
cell_0282	cluster_2	2.518	3.081	76.161	32.864	6.135	0.547	2.516	0.0	1.016	2.099	1.509	5.255	3.622	1.055	1.898	1.168	0.0	0.583	1.87	3.939	2.494	0.84	6.217	8.153	0.0	2.412	2.652	25.49	2.477	2.328	0.513	1.627	3.009	1.792	0.0	0.0	6.474	1.064	3.786	1.441	2.701	0.814	6.408	0.639	1.363	1.045	1.292	1.983	0.0	0.0	6.397	0.668	1.231	1.871	2.887	1.253	1.68	1.75	3.701	6.872
cell_0253	cluster_2	0.0	6.062	15.933	10.989	5.774	5.054	0.0	0.473	2.258	6.362	1.655	3.652	3.788	2.935	2.538	0.0	2.975	1.586	6.0	9.309	0.0	0.79	3.207	2.764	4.167	2.242	1.2	1.92	1.584	2.299	11.27	3.136	1.937	4.48	3.814	2.071	1.41	3.107	4.755	1.426	6.617	2.023	2.521	2.858	7.105	7.275	0.0	1.924	1.939	1.766	9.483	1.512	4.833	14.113	0.0	3.11	2.886	4.425	2.709	3.143
cell_0404	cluster_2	3.539	6.839	56.98	30.868	1.053	3.247	4.81	0.0	2.151	21.98	10.43	5.672	8.471	7.879	3.625	4.166	1.898	1.295	5.429	3.933	0.0	17.16	6.896	5.744	18.996	2.711	2.74	3.9	4.887	3.541	0.0	15.447	47.936	5.788	19.443	1.489	3.612	8.243	11.91	5.348	7.704	4.005	3.908	3.184	7.53	18.661	7.152	2.684	2.449	7.629	8.443	3.93	5.137	3.801	14.542	1.56	3.214	4.545	4.465	0.0
cell_0570	cluster_3	2.217	2.565	1.042	1.772	56.323	24.01	0.0	1.739	0.917	1.736	0.778	5.42	4.335	1.817	5.646	0.0	1.647	2.041	0.476	1.888	1.223	1.024	1.859	3.052	2.399	1.293	2.37	4.082	3.038	1.68	5.665	2.878	0.788	2.885	3.016	2.319	1.786	2.095	4.482	0.0	1.911	9.238	0.672	3.166	0.817	1.386	2.389	2.092	0.0	1.369	2.803	4.297	1.332	0.0	3.584	2.09	1.366	2.24	4.452	0.788
cell_0456	cluster_3	0.683	0.789	2.994	2.627	11.718	21.525	2.484	4.492	0.307	1.098	3.164	2.816	1.276	1.298	11.056	2.556	3.008	0.0	3.668	1.048	1.277	1.173	0.477	1.878	0.0	2.827	2.842	0.751	9.91	1.776	1.247	5.484	1.603	0.676	1.169	5.337	2.998	3.159	1.925	3.19	1.516	4.861	4.143	0.977	1.879	0.0	5.42	1.351	3.123	2.32	0.914	2.58	2.235	1.99	2.576	0.901	3.065	2.511	9.694	2.601
cell_0555	cluster_3	6.611	8.553	1.579	0.261	15.501	19.141	5.003	2.532	0.95	5.142	1.923	3.147	3.207	0.856	1.096	2.753	0.0	0.644	0.0	1.302	2.693	1.0	0.641	1.29	8.347	0.973	5.092	5.731	0.899	3.762	5.988	6.414	0.0	1.776	1.337	0.282	3.149	1.792	4.241	2.655	3.114	1.348	2.182	0.324	4.113	2.383	3.613	1.897	1.638	2.82	1.278	0.476	2.985	0.367	2.483	0.764	1.221	0.0	12.38	2.397
cell_0080	cluster_1	20.753	11.523	6.095	0.0	1.394	2.868	3.419	1.803	0.0	2.423	1.032	5.355	0.0	5.794	5.604	0.932	4.045	0.638	2.209	1.885	7.526	2.078	3.043	1.669	5.61	4.622	2.111	0.461	0.63	0.0	1.025	2.11	3.241	1.536	2.425	0.0	6.443	1.101	1.026	1.921	1.261	5.039	0.941	0.465	2.029	4.075	1.975	6.033	3.772	1.619	0.421	1.325	1.532	3.737	2.821	1.036	10.64	1.202	0.467	2.482
cell_0271	cluster_2	2.317	0.0	23.035	34.55	2.401	4.018	1.523	0.908	1.96	4.13	1.485	1.868	2.542	2.246	0.0	1.076	1.129	1.475	1.579	1.06	2.423	1.367	2.549	1.014	1.94	6.28	2.447	2.7	1.313	0.809	1.691	2.315	3.757	0.907	3.573	1.259	2.696	1.603	2.952	2.93	4.694	0.0	28.189	0.0	2.893	3.664	0.269	1.767	9.283	0.828	3.641	6.767	4.997	0.0	2.692	1.783	1.723	1.979	2.322	3.499
cell_0438	cluster_3	4.09	3.547	1.748	1.567	15.591	39.787	4.792	6.713	0.628	5.717	7.986	2.188	1.443	2.67	0.0	0.0	3.629	4.414	6.293	3.97	6.334	0.0	5.576	1.946	0.0	3.48	1.013	3.33	6.695	0.0	4.042	1.884	1.463	0.0	0.866	5.179	1.082	4.038	13.997	1.032	3.683	0.936	5.402	2.024	4.7	1.567	0.0	1.755	1.538	4.454	1.305	2.468	0.942	4.362	3.474	1.793	5.339	5.017	9.75	12.27
cell_0156	cluster_1	37.616	0.0	13.217	1.884	7.167	6.689	0.0	5.83	4.681	6.114	3.492	4.065	2.602	0.0	2.714	6.451	12.299	7.218	0.0	4.85	1.558	6.977	3.683	8.266	19.527	6.73	3.355	6.614	1.81	1.243	1.132	1.452	1.827	3.346	10.86	11.084	16.736	7.171	3.307	5.44	3.964	0.0	8.535	2.62	1.991	5.079	0.0	2.589	0.0	9.869	8.502	2.064	2.15	2.352	17.271	0.0	13.563	0.0	0.0	7.407
cell_0086	cluster_1	15.922	53.776	4.008	2.539	6.524	4.322	0.242	3.45	1.232	3.882	2.44	0.893	2.563	1.511	2.805	4.48	2.554	2.146	4.628	2.592	0.0	0.0	1.205	4.404	1.432	0.0	2.351	5.208	2.56	4.194	0.866	3.029	2.76	2.477	4.14	10.299	9.21	0.656	0.0	1.712	2.824	0.368	7.68	0.875	10.298	0.639	5.254	4.617	6.251	6.284	7.431	2.286	1.226	5.932	4.262	4.751	4.765	1.009	0.766	2.182
cell_0575	cluster_3	3.377	4.678	1.911	2.597	13.781	35.031	11.563	3.067	2.945	3.111	1.614	1.468	3.048	3.301	14.184	9.05	0.0	2.189	1.139	4.932	2.543	1.449	7.013	5.855	4.282	5.767	4.628	1.568	6.575	8.404	2.386	3.742	2.156	0.0	3.959	1.303	3.241	0.0	4.094	9.135	2.622	2.124	5.12	0.841	2.076	7.994	1.594	3.772	3.159	0.0	4.144	0.706	0.0	0.879	12.384	3.942	2.195	8.079	5.786	8.507
cell_0250	cluster_2	6.085	2.959	33.062	9.366	8.391	2.576	3.182	1.764	3.029	3.99	3.696	1.092	6.108	3.003	1.743	4.371	2.78	3.212	0.0	0.526	3.094	1.808	1.684	1.463	2.802	2.358	2.593	0.0	2.614	0.936	5.378	3.643	3.422	2.394	0.43	1.077	4.229	1.958	3.651	4.095	5.393	5.939	3.979	22.564	1.231	1.543	1.641	2.828	4.757	1.795	0.0	1.823	4.116	1.381	0.0	5.265	3.053	3.191	1.934	6.253
cell_0544	cluster_3	1.468	3.73	2.027	6.111	39.529	21.541	19.175	3.139	0.0	1.442	0.0	2.827	3.072	3.882	0.0	1.691	2.17	3.201	11.798	1.588	3.058	11.763	2.355	1.124	6.038	4.139	0.0	2.501	0.0	2.191	1.786	1.213	0.944	0.0	1.594	1.13	2.935	3.483	1.981	6.051	1.048	5.46	1.61	0.558	6.309	6.256	8.672	2.836	2.126	2.875	0.693	8.738	2.767	2.91	1.877	3.523	1.821	2.706	2.132	5.732
cell_0538	cluster_3	3.74	1.131	0.0	4.418	14.344	20.063	3.07	1.18	0.802	1.083	0.617	0.0	0.0	0.0	1.521	0.527	3.576	0.846	1.255	0.303	1.973	3.526	2.681	0.312	1.293	0.184	0.955	2.294	1.451	0.46	1.245	0.554	3.279	1.387	6.17	1.542	0.596	0.553	0.0	2.315	0.794	3.278	1.837	1.672	0.851	1.012	1.067	1.829	4.207	1.212	0.675	1.831	0.883	4.056	1.735	0.51	0.0	0.947	4.259	3.781
cell_0047	cluster_1	0.0	15.916	2.045	3.458	6.281	3.13	1.801	0.0	5.054	2.39	2.481	1.696	2.788	1.988	5.482	12.318	6.037	6.881	4.739	1.571	5.995	4.219	3.471	2.707	0.0	0.0	9.984	0.0	4.598	3.733	2.191	12.448	2.762	0.0	3.009	17.605	4.06	4.245	2.514	1.892	7.905	4.592	2.84	10.45	6.232	3.418	3.64	1.165	18.268	4.992	0.0	2.636	5.742	2.964	2.251	13.856	2.799	3.679	3.518	0.0
cell_0187	cluster_1	31.279	14.873	1.605	3.396	2.254	1.67	2.401	0.568	0.865	1.539	4.363	2.46	1.653	0.594	3.941	0.582	1.365	3.255	1.118	3.188	1.524	5.43	4.615	4.377	3.612	4.914	1.683	3.605	4.897	3.341	0.614	2.227	2.19	1.991	1.219	1.069	0.81	0.945	1.813	11.851	3.527	1.302	1.606	0.0	0.0	0.953	6.622	4.228	2.946	3.844	1.435	4.925	2.552	1.184	1.172	4.163	7.234	1.244	1.303	2.043
cell_0574	cluster_3	1.502	3.686	1.899	2.392	8.098	10.246	3.649	1.957	1.159	0.827	0.94	5.217	0.462	1.964	3.498	0.0	1.252	0.0	9.905	5.448	0.0	3.172	1.487	6.543	1.217	1.58	2.909	4.829	1.765	2.1	0.0	0.0	22.297	1.655	3.636	3.536	1.154	3.801	2.287	5.612	1.292	5.371	4.24	2.536	5.358	3.607	2.512	4.481	0.0	1.466	1.858	2.809	1.053	1.746	0.0	0.88	2.109	1.836	0.395	5.367
cell_0101	cluster_1	10.563	20.488	3.125	3.221	8.526	1.38	3.428	5.235	2.705	5.825	1.208	4.298	5.243	1.006	5.456	3.384	5.433	12.644	36.205	1.182	6.826	2.037	1.78	3.83	2.446	12.335	0.0	4.871	2.776	4.88	2.214	4.352	2.385	5.774	3.405	1.516	8.759	2.792	2.021	0.63	5.139	3.162	5.949	3.552	2.469	5.651	3.774	5.172	1.737	2.426	2.014	2.229	5.321	10.06	0.0	2.204	0.0	2.59	4.339	2.307
cell_0335	cluster_2	6.054	0.0	14.324	18.8	15.717	1.743	1.586	3.959	3.492	1.964	1.723	1.616	3.78	3.953	2.329	3.856	0.0	3.504	3.73	2.259	0.0	3.975	9.213	2.334	0.603	0.833	0.0	1.473	0.0	0.0	2.466	2.104	1.379	6.716	11.806	0.0	2.095	3.661	1.048	1.538	1.598	2.194	1.697	1.681	0.104	2.817	1.424	2.254	0.0	1.842	2.024	4.257	7.109	2.648	2.468	1.442	2.419	1.392	1.229	0.0
cell_0539	cluster_3	5.382	2.223	2.524	1.623	4.095	15.302	3.542	4.136	0.618	4.021	3.645	0.78	3.91	1.461	0.522	1.465	1.19	2.44	0.771	2.761	0.0	0.759	0.737	3.184	1.809	2.312	2.627	3.242	2.542	6.413	0.612	7.346	2.799	3.368	0.0	1.197	1.061	3.652	4.088	3.378	2.028	2.336	1.485	0.784	1.747	1.515	2.402	1.412	1.513	0.811	0.0	3.707	0.847	1.987	2.017	0.887	0.892	0.0	1.017	2.419
cell_0244	cluster_2	3.062	7.407	89.834	6.291	0.0	9.984	1.826	8.194	0.0	0.0	4.798	3.677	6.239	3.155	3.972	5.519	14.029	2.88	9.457	4.103	3.582	7.467	1.321	8.369	3.215	11.845	11.612	2.387	2.99	0.0	1.46	1.62	2.251	9.274	0.958	5.12	4.96	5.672	1.839	8.492	1.75	1.939	1.677	3.938	9.238	13.573	4.736	3.901	8.43	2.772	2.335	0.0	4.592	0.0	7.209	3.322	2.13	4.272	1.679	0.0
cell_0320	cluster_2	3.119	3.639	70.117	12.795	3.196	1.34	9.269	4.079	3.821	1.359	2.115	6.477	0.0	3.596	2.019	2.718	1.792	2.778	1.513	2.204	4.001	1.657	0.0	3.346	2.348	2.647	5.398	0.0	0.0	2.69	2.821	5.019	2.959	1.974	4.918	2.835	5.493	1.646	0.0	1.312	15.991	2.304	1.284	1.229	0.0	3.585	7.472	0.0	3.192	5.83	3.035	2.963	3.394	2.47	1.216	6.681	2.941	6.434	1.244	1.844
cell_0447	cluster_3	6.246	0.471	0.0	1.041	21.706	99.418	13.169	2.627	1.077	3.84	2.358	6.516	1.576	14.582	2.956	0.0	7.551	1.394	1.273	0.0	8.407	3.053	3.539	1.889	2.822	3.833	3.859	1.213	17.643	4.362	2.19	4.067	3.595	1.217	1.491	8.808	3.664	1.831	2.109	5.055	2.361	2.365	10.089	0.556	1.022	2.855	2.844	6.499	0.656	1.836	0.0	3.366	2.586	1.503	1.363	4.061	3.233	4.255	0.0	1.548
cell_0468	cluster_3	1.688	3.58	5.803	3.895	66.747	31.657	9.975	2.622	1.323	2.12	5.588	4.158	3.213	2.064	2.965	0.0	0.0	1.897	0.0	3.283	2.618	4.473	3.211	0.0	8.713	3.171	9.697	2.506	1.26	3.324	4.295	4.935	1.791	9.874	3.86	4.13	1.269	12.247	1.829	1.863	4.042	1.741	1.419	2.529	0.0	1.031	4.73	3.018	1.927	2.5	6.869	0.0	0.0	2.051	5.223	3.016	1.821	1.041	3.156	8.666
cell_0424	cluster_3	4.834	0.0	4.095	1.302	48.161	0.0	21.343	4.565	3.207	0.766	7.584	2.056	3.52	5.342	3.385	1.65	9.854	7.252	2.047	7.623	5.185	5.057	12.744	6.077	4.553	5.048	2.447	6.29	1.663	1.06	3.102	0.897	2.546	0.0	13.717	1.746	6.634	7.055	3.858	0.0	3.407	8.743	3.768	3.249	4.075	3.457	5.619	1.284	21.664	0.0	2.429	1.162	4.531	5.595	2.128	2.713	6.608	2.548	0.0	0.856
cell_0482	cluster_3	1.254	3.217	0.909	4.831	14.399	9.079	6.947	9.685	1.164	1.241	6.699	2.658	2.35	0.757	2.25	10.933	3.066	2.548	1.911	2.764	1.162	2.467	3.046	1.958	1.889	3.749	4.28	3.605	3.554	0.682	1.305	7.467	5.084	0.587	0.0	1.67	2.973	2.981	0.0	0.0	0.0	3.646	5.541	3.37	3.555	3.788	2.37	1.558	1.132	1.322	1.254	1.451	1.291	4.072	0.488	4.423	0.0	2.54	2.31	1.912
cell_0177	cluster_1	7.133	24.884	5.345	4.14	11.031	0.0	3.756	3.496	0.0	1.338	2.312	4.425	2.826	0.0	15.21	5.565	1.728	0.0	0.0	2.066	8.252	4.111	0.0	0.0	8.312	1.545	2.363	2.477	3.584	5.409	0.0	1.243	2.792	7.49	0.831	3.286	5.932	4.081	1.31	3.077	1.178	1.344	7.873	4.672	1.139	7.498	3.557	8.21	10.297	0.0	0.0	0.677	1.303	0.754	4.193	4.285	3.327	4.742	4.581	1.956
cell_0165	cluster_1	6.975	26.826	4.691	2.534	1.901	0.0	9.151	0.884	0.88	3.238	1.104	0.0	3.338	0.982	2.513	11.696	2.276	0.0	1.144	3.765	1.102	3.341	2.531	2.876	4.734	4.648	3.854	1.531	0.944	5.245	2.508	9.662	6.502	1.941	3.461	2.067	1.339	9.028	2.496	1.63	3.061	1.755	2.86	1.142	2.778	5.979	4.89	0.791	0.0	1.877	0.0	1.404	0.536	2.611	2.573	1.546	0.83	3.404	1.623	0.62
cell_0191	cluster_1	19.445	12.2	1.505	1.297	1.412	0.819	6.295	0.856	1.348	1.077	1.087	0.0	0.932	0.875	0.698	2.562	0.0	2.271	1.815	0.0	2.815	1.869	2.099	1.469	5.402	1.479	2.45	1.313	5.415	0.344	2.866	0.724	3.6	0.934	9.624	1.331	5.174	0.0	1.136	3.362	1.481	1.557	4.342	0.427	1.282	1.89	1.215	1.006	1.601	2.424	0.42	0.666	0.0	0.677	2.316	6.854	2.347	6.005	1.559	0.854
cell_0397	cluster_2	0.819	0.866	41.547	0.0	1.224	1.422	2.342	2.174	3.929	2.606	7.135	1.419	1.854	2.544	1.133	3.124	0.787	2.117	0.0	2.831	3.211	4.411	5.578	0.0	4.664	1.318	0.0	9.429	8.472	2.341	2.569	3.096	1.279	3.073	1.687	3.014	8.239	0.0	0.0	3.052	0.0	3.65	5.72	2.495	4.91	3.996	1.349	1.711	0.99	2.977	1.604	5.789	2.097	2.943	0.916	4.677	6.193	1.465	2.478	2.207
cell_0451	cluster_3	10.358	2.922	2.841	2.698	13.09	14.392	4.8	12.152	1.076	0.917	0.0	0.0	0.0	2.879	3.292	0.828	1.127	2.76	1.628	6.375	2.185	3.679	14.643	7.68	3.805	0.0	1.905	5.047	4.759	5.324	0.0	5.209	3.192	6.33	6.884	0.0	7.412	4.452	0.0	2.601	8.142	5.884	2.096	1.058	4.732	2.517	1.588	2.282	1.401	11.217	10.403	1.797	0.0	1.629	1.733	2.528	1.6	0.494	3.792	1.127
cell_0235	cluster_2	14.417	2.228	0.0	38.835	4.118	3.651	3.511	4.268	2.751	4.123	1.994	0.0	1.486	7.01	18.574	6.473	6.069	5.242	3.299	5.608	6.38	4.413	1.991	5.545	30.457	9.182	0.858	2.886	3.24	10.0	9.025	4.09	5.695	5.658	0.0	4.359	2.344	2.082	0.0	2.342	5.257	2.275	0.0	3.656	2.19	2.009	5.216	15.605	6.637	4.685	2.053	6.88	2.783	0.0	8.991	2.63	1.138	4.452	3.483	3.801
cell_0359	cluster_2	5.558	6.135	17.798	15.396	4.941	1.979	9.489	1.077	4.332	0.811	2.348	4.885	2.075	5.132	2.945	2.302	0.0	1.013	0.0	1.965	6.802	3.543	0.0	2.693	9.606	4.258	7.227	4.396	2.258	1.278	4.122	5.114	1.123	0.0	12.727	4.23	3.939	4.501	4.139	2.048	0.951	0.0	0.0	0.0	0.984	4.519	1.062	3.864	9.469	4.018	7.376	2.014	12.567	2.696	1.602	2.916	4.176	0.0	0.0	4.294
cell_0065	cluster_1	22.456	80.151	3.006	0.0	1.193	3.38	2.421	8.131	4.959	1.599	1.878	1.725	4.036	1.269	3.784	3.278	2.295	2.516	2.173	2.871	6.616	0.0	2.279	5.743	1.267	7.066	4.572	2.447	1.857	9.101	4.08	2.018	2.149	1.628	4.893	3.493	9.656	1.531	0.0	2.816	1.845	1.81	7.62	3.197	7.659	2.602	4.166	1.621	12.371	0.0	2.317	12.795	1.059	1.875	4.112	2.417	1.234	3.349	3.348	6.623
cell_0099	cluster_1	9.294	31.626	4.265	1.451	4.213	5.186	3.339	2.14	1.295	1.975	4.739	2.34	1.945	2.688	2.071	5.82	8.836	0.0	2.122	7.292	3.926	4.383	3.267	2.42	3.709	0.857	0.386	0.0	6.715	1.799	6.796	5.273	4.489	4.517	3.162	2.815	0.0	3.308	1.939	15.561	3.738	15.981	1.746	5.918	1.175	1.728	2.082	2.856	7.197	1.045	0.704	7.529	3.178	1.656	1.659	0.0	6.613	12.577	6.975	7.284
cell_0333	cluster_2	3.559	1.477	0.0	4.368	0.495	1.752	1.355	0.0	0.864	1.94	1.56	1.567	1.977	1.036	2.01	1.005	1.19	0.755	1.761	1.53	1.515	0.958	0.0	4.789	3.835	2.048	1.917	0.642	1.331	1.682	1.14	3.051	0.0	2.114	3.26	0.0	3.641	1.258	1.597	1.09	4.133	8.254	1.029	0.853	2.484	1.311	0.998	3.083	0.0	5.348	1.117	2.015	1.007	0.0	1.755	0.818	3.611	3.382	1.717	1.312
cell_0546	cluster_3	1.336	4.928	0.0	0.0	0.0	21.37	3.479	20.763	1.534	2.667	1.831	1.924	2.163	1.449	8.432	2.944	6.354	1.839	1.906	4.726	1.682	0.0	7.601	1.139	1.432	4.078	4.127	1.807	2.77	3.282	4.688	8.125	6.1	1.665	0.0	3.829	3.309	2.827	3.097	3.607	1.772	2.247	0.0	2.444	1.178	4.454	1.01	1.747	1.687	4.701	1.545	3.113	3.881	0.808	2.357	4.777	2.383	2.954	0.599	0.0
cell_0532	cluster_3	0.648	2.403	0.752	0.0	10.026	10.385	10.73	5.398	0.491	10.941	0.0	6.891	2.659	1.999	3.692	1.211	14.15	4.753	8.732	1.905	0.706	1.448	0.0	2.836	0.319	1.268	7.679	6.62	3.23	2.538	1.757	4.231	2.217	0.901	2.446	0.0	1.155	1.331	0.0	2.348	2.517	0.0	2.088	0.0	1.886	3.583	4.837	16.474	3.816	6.47	2.543	4.385	1.203	0.798	1.709	3.723	1.359	1.682	0.94	1.901
cell_0147	cluster_1	7.572	17.459	0.793	1.097	0.0	3.291	9.474	2.795	0.876	3.173	1.65	2.412	2.399	0.992	1.777	1.039	1.105	1.027	1.232	0.339	1.923	5.142	1.122	2.297	4.278	0.0	0.974	6.019	0.618	0.887	3.38	4.037	3.686	6.57	0.0	8.973	2.12	3.417	2.025	1.299	1.252	3.88	2.759	2.434	1.925	1.839	0.777	1.803	2.873	5.057	0.821	1.355	2.878	1.289	0.685	0.0	0.933	5.649	1.001	2.779
cell_0146	cluster_1	5.781	17.362	5.102	1.518	0.0	3.323	7.398	0.839	2.129	4.281	2.487	1.215	2.224	4.141	8.649	2.842	4.248	7.473	2.175	1.611	2.134	1.558	2.096	3.056	0.0	1.037	5.396	3.379	3.091	1.045	2.245	10.621	3.975	5.907	0.464	3.041	0.772	2.218	1.758	2.825	1.413	2.218	1.245	1.727	2.258	2.292	9.167	0.795	1.002	1.141	1.053	1.336	0.0	3.016	0.969	7.243	8.699	6.444	0.874	2.945
cell_0439	cluster_3	0.0	22.71	4.759	3.277	27.84	57.916	4.401	7.682	0.0	5.744	1.68	5.235	1.703	0.0	4.176	3.501	6.197	10.103	4.958	0.0	2.009	0.724	6.154	3.161	2.99	3.976	5.882	2.656	4.311	0.0	13.653	7.394	3.122	8.796	3.184	5.441	2.791	7.131	1.078	1.954	2.337	4.776	10.098	4.6	4.781	4.376	2.536	16.333	1.893	4.084	3.352	8.014	5.86	6.632	2.902	21.161	6.751	1.509	5.632	5.963
cell_0406	cluster_2	0.0	13.559	0.0	14.466	1.257	0.0	1.962	7.485	7.298	9.011	2.185	10.131	3.057	4.063	0.972	3.247	12.863	4.422	1.977	1.191	5.382	5.194	2.564	2.596	1.727	1.53	1.215	3.331	12.305	2.199	2.377	6.368	0.964	2.996	4.473	1.364	5.734	0.0	1.1	0.0	0.0	5.342	10.072	0.0	4.608	1.801	4.163	3.675	2.901	0.944	2.526	2.85	2.972	0.0	0.0	8.167	0.558	1.897	4.607	1.013
cell_0554	cluster_3	3.904	3.077	3.488	3.561	91.899	47.451	0.0	6.144	0.0	3.374	6.333	6.715	11.949	4.259	5.535	8.725	7.686	0.0	0.0	4.267	2.8	0.0	10.43	11.676	2.361	4.158	2.041	1.419	2.077	11.068	27.962	12.986	3.163	9.204	1.61	7.051	2.077	2.437	8.165	11.952	5.491	2.383	9.307	3.33	4.276	11.568	10.468	3.441	4.082	4.18	2.693	8.477	1.813	2.299	21.934	2.109	0.0	3.318	5.085	1.331
cell_0492	cluster_3	11.649	0.0	2.211	2.076	15.609	24.541	0.0	5.66	6.047	0.0	4.961	5.422	7.539	8.34	6.598	8.928	4.689	5.55	2.992	2.57	3.547	3.989	5.206	0.0	1.652	3.067	3.76	3.788	10.729	4.706	0.0	8.791	3.379	7.845	1.535	0.0	0.0	7.66	0.847	2.129	1.7	5.229	0.0	2.981	3.173	6.81	4.14	2.725	0.0	2.455	4.756	0.975	3.448	1.654	2.904	0.0	2.808	4.162	4.519	4.99
cell_0118	cluster_1	20.472	4.314	2.199	1.369	6.877	3.283	8.912	2.546	0.551	2.055	5.686	2.395	6.672	2.204	1.444	13.664	1.436	3.776	3.609	3.622	2.441	3.143	21.193	0.0	1.914	2.432	0.0	0.0	1.702	0.732	8.288	0.0	2.591	1.082	4.303	2.145	8.702	3.782	1.162	4.074	4.693	3.092	1.846	1.716	5.318	3.747	0.0	0.539	7.533	1.429	1.913	7.048	1.782	5.9	1.335	5.924	1.842	1.719	1.219	2.454
cell_0572	cluster_3	2.792	3.979	9.622	1.414	18.241	19.722	15.035	5.357	2.9	0.0	2.209	3.195	5.654	5.163	3.22	1.306	2.318	0.0	2.183	1.846	3.674	10.232	3.259	1.558	6.148	2.143	8.825	9.835	14.627	3.095	0.0	1.578	2.13	0.96	5.948	8.992	2.191	3.591	0.0	5.595	5.332	3.429	2.052	2.59	2.139	10.309	4.93	3.915	1.77	3.015	4.908	18.084	1.971	2.435	3.288	1.571	4.271	8.343	1.943	4.116
cell_0474	cluster_3	3.211	0.0	2.653	5.648	47.276	89.195	6.727	6.447	2.756	16.019	16.477	3.451	5.828	1.714	7.857	4.851	0.785	5.027	2.983	4.71	0.0	5.458	5.003	6.537	5.745	0.0	0.0	3.674	5.064	4.058	1.87	5.109	6.041	4.534	2.388	2.766	5.133	5.925	11.876	18.141	0.0	10.487	0.0	0.0	15.927	4.785	2.232	20.179	5.756	7.422	37.121	3.547	7.795	26.429	4.835	3.803	8.026	6.035	7.064	7.204
cell_0509	cluster_3	0.351	1.007	3.172	0.0	11.167	8.871	3.316	3.114	0.0	7.029	4.44	1.461	2.085	2.343	0.0	6.155	3.675	3.699	2.756	1.51	1.272	0.41	9.049	4.35	3.284	1.481	1.652	1.566	6.232	4.079	4.455	5.303	7.057	0.0	7.137	0.899	3.269	1.498	2.763	2.086	1.045	1.436	3.466	0.0	0.0	1.608	2.304	2.085	3.172	1.027	0.0	1.41	2.943	2.769	1.349	1.525	17.116	0.0	2.421	3.336
cell_0168	cluster_1	44.971	22.105	5.425	5.669	9.802	3.984	0.812	0.738	4.836	8.236	1.58	1.867	2.694	4.393	0.0	0.0	10.903	5.384	1.311	3.707	3.519	26.477	7.66	12.554	4.116	1.36	4.443	7.426	3.597	6.006	0.0	7.802	2.839	3.941	0.0	4.154	0.0	1.138	3.662	4.087	3.245	2.188	2.139	4.348	0.0	2.1	4.062	1.363	2.936	0.0	3.321	2.304	2.055	4.265	12.131	16.423	8.357	0.0	4.041	4.189
cell_0179	cluster_1	28.178	10.808	2.519	1.176	2.744	1.105	2.104	2.678	4.467	4.192	2.594	4.034	2.271	2.094	0.927	2.367	2.452	4.318	2.408	2.998	3.642	0.973	0.733	1.975	2.556	2.51	4.852	1.74	3.714	6.106	2.161	4.222	2.669	1.262	1.066	4.046	1.518	3.603	1.831	0.889	4.999	3.194	2.076	4.33	3.915	0.896	2.695	2.179	3.104	3.531	2.871	4.975	1.582	1.477	1.533	4.224	0.0	7.271	1.104	0.507
cell_0103	cluster_1	0.0	0.0	6.584	12.512	4.727	2.939	2.507	2.799	11.501	6.51	3.328	3.963	0.0	7.816	2.001	2.89	3.736	1.097	5.905	5.013	5.747	8.547	3.176	6.359	3.133	3.023	4.458	2.277	8.114	3.213	1.533	4.934	5.337	12.301	5.48	4.441	6.138	1.993	5.248	2.897	1.874	7.172	2.067	3.463	0.0	3.408	2.894	0.664	2.776	1.96	3.792	5.54	2.634	4.198	1.898	0.864	4.243	2.89	1.536	8.213
cell_0543	cluster_3	0.0	0.0	3.485	0.901	19.504	86.192	2.924	4.15	3.669	4.817	1.266	5.29	3.632	1.78	3.089	5.698	1.337	4.256	2.593	1.847	1.644	18.462	2.54	2.24	1.022	4.041	2.496	3.754	1.064	0.5	4.699	3.311	0.0	2.682	1.795	1.311	2.034	10.264	10.581	2.916	4.519	2.513	5.09	4.847	0.0	1.753	5.03	2.594	1.443	2.296	1.156	3.277	2.886	0.0	0.914	0.0	4.378	0.815	0.0	4.233
cell_0500	cluster_3	0.0	8.359	3.542	0.0	14.992	4.483	0.0	4.521	0.243	2.098	1.777	4.971	4.93	0.963	1.459	2.944	0.486	7.062	2.022	2.821	0.49	3.646	0.856	3.31	2.679	5.626	1.925	2.785	1.626	0.828	1.467	4.152	1.464	5.467	0.625	4.256	1.171	1.938	0.535	1.912	0.696	2.749	4.375	3.417	1.175	4.784	0.718	5.002	0.844	2.472	0.853	1.53	0.573	3.845	1.599	0.866	2.712	1.772	0.958	0.636
cell_0215	cluster_1	9.145	0.0	8.584	1.292	0.804	2.636	8.016	1.788	1.54	5.155	5.96	2.064	5.706	2.638	5.442	1.801	3.971	8.363	0.0	0.0	0.508	3.262	1.366	1.684	2.702	1.452	0.0	0.521	4.537	0.0	10.363	4.369	0.0	1.469	0.819	7.203	1.748	6.323	2.918	0.0	4.994	1.433	3.679	5.3	2.342	3.694	2.527	6.515	4.943	3.225	24.576	2.592	2.454	1.314	9.469	1.639	3.441	1.512	0.0	5.78
cell_0008	cluster_1	8.286	25.595	4.125	0.507	2.142	1.911	1.724	7.109	1.561	5.279	8.481	1.152	2.049	13.851	1.195	2.25	1.243	1.101	7.345	5.157	1.948	6.01	3.851	0.661	2.382	0.0	2.691	3.789	0.814	2.27	3.845	2.281	1.629	1.469	2.126	1.446	5.005	3.252	1.67	5.534	1.899	1.001	3.539	0.0	1.909	1.757	1.012	4.154	5.204	2.512	1.647	1.155	7.126	3.396	0.0	0.538	1.68	1.37	0.876	3.873
cell_0312	cluster_2	2.518	0.854	32.627	19.139	0.724	1.749	5.662	1.33	0.0	0.0	12.244	1.56	0.0	0.0	2.661	2.503	0.0	0.0	3.283	1.121	1.088	5.785	1.716	1.878	1.316	1.159	1.815	1.028	0.565	4.215	4.768	2.505	2.278	1.552	2.54	2.516	1.963	1.057	3.62	0.69	2.857	3.511	2.135	4.673	1.728	1.127	1.992	1.961	0.0	5.165	0.0	0.525	7.715	1.911	2.143	0.96	6.453	1.856	1.086	0.89
cell_0269	cluster_2	8.533	3.841	29.883	11.483	3.371	0.849	1.942	0.969	3.698	1.637	1.881	1.079	3.36	1.577	3.608	4.759	2.572	3.442	2.368	3.212	0.758	3.086	1.169	0.0	0.0	0.0	3.667	4.999	5.277	3.212	0.0	4.544	1.758	1.006	1.876	1.667	1.096	2.503	3.41	0.928	0.0	5.687	3.618	1.402	4.833	0.646	0.778	3.825	1.688	1.602	0.0	18.24	3.924	1.629	4.768	1.926	1.576	1.349	1.04	0.0
cell_0004	cluster_1	13.27	62.689	0.687	3.678	2.68	2.781	4.941	2.775	1.193	0.0	6.85	2.768	0.741	2.628	0.972	4.196	1.542	7.389	2.378	1.488	6.27	4.291	3.204	2.133	16.931	2.055	0.785	0.929	2.232	10.831	2.052	3.696	2.728	2.437	1.073	1.758	2.247	1.802	1.685	3.506	6.982	1.289	1.797	0.0	4.57	3.331	3.297	1.788	5.305	1.43	1.739	2.781	5.583	2.701	0.766	0.312	0.0	3.065	0.38	5.633
cell_0144	cluster_1	31.449	25.611	1.21	0.0	2.383	13.766	4.273	0.0	1.072	1.772	1.37	2.017	1.765	0.0	2.321	7.26	5.158	1.165	7.854	5.343	3.516	5.028	12.411	9.207	2.127	5.079	6.236	2.681	2.91	1.508	9.148	1.432	0.0	4.769	0.352	5.257	0.0	1.394	0.0	1.189	7.629	1.548	1.981	1.692	2.675	3.921	4.499	1.488	3.115	1.86	11.38	1.712	7.675	8.873	16.095	4.469	3.028	4.481	1.761	1.156
cell_0112	cluster_1	23.312	9.962	4.205	8.166	1.735	3.744	0.77	0.0	0.503	1.326	5.175	13.989	4.479	2.861	3.641	0.587	3.469	2.257	0.0	1.204	11.752	2.222	3.853	1.891	2.014	0.525	3.608	3.635	2.802	4.452	11.151	1.546	1.724	3.811	2.998	0.0	2.154	3.44	2.429	4.493	3.154	4.125	4.447	2.755	1.42	2.534	2.59	1.154	2.413	1.742	0.0	6.969	0.0	3.333	2.433	3.154	4.367	2.292	0.0	1.061
cell_0407	cluster_2	3.451	1.309	16.362	26.292	2.47	1.927	4.939	2.527	5.74	1.69	2.499	1.272	1.204	1.773	1.208	5.597	4.857	4.368	3.384	2.007	0.0	2.737	1.495	2.687	2.061	2.01	0.0	0.0	2.596	4.441	5.026	1.561	1.638	4.741	5.266	2.443	1.3	2.78	1.558	3.265	1.639	5.351	2.404	0.739	1.23	1.21	1.955	3.056	0.918	4.835	3.831	0.0	0.0	2.79	0.582	3.191	4.102	5.829	1.607	4.309
cell_0201	cluster_1	20.985	18.209	2.81	1.711	1.705	2.238	1.423	0.988	4.643	7.937	2.383	2.06	1.866	0.0	1.795	6.605	2.052	2.008	6.521	6.132	1.597	3.697	2.698	4.66	4.286	3.626	5.817	1.902	2.053	6.977	3.789	8.137	1.275	2.726	1.583	1.557	2.273	4.686	3.651	1.235	1.485	4.176	10.582	2.19	1.12	0.455	1.715	6.285	9.407	3.785	2.73	2.965	8.29	10.855	1.31	1.024	1.846	3.55	3.78	5.252
cell_0549	cluster_3	3.907	1.379	13.02	3.81	28.889	0.0	1.936	7.723	1.705	1.54	0.0	0.0	2.137	3.414	3.235	0.666	6.318	3.876	0.442	0.588	1.191	10.917	0.0	0.0	3.827	4.57	1.721	1.844	1.493	2.797	2.557	0.494	3.773	6.328	2.011	2.553	5.86	0.744	4.764	7.252	5.553	6.831	3.706	0.936	2.595	2.35	1.818	3.142	2.506	0.473	5.6	0.0	1.055	0.0	1.027	3.548	1.985	2.46	0.0	3.469
cell_0252	cluster_2	4.93	1.853	34.935	13.624	1.343	1.018	2.54	3.105	2.982	8.33	5.421	8.995	2.713	1.99	2.302	1.588	2.889	2.797	2.383	3.054	6.351	0.0	6.767	0.0	1.694	2.526	2.906	9.882	12.088	2.858	6.132	4.762	1.337	2.224	0.904	7.678	4.715	14.337	6.902	2.5	5.407	1.772	2.809	1.445	7.196	5.305	2.138	1.82	3.968	1.773	0.997	2.269	3.78	5.451	0.643	3.145	2.421	3.529	1.639	9.812
cell_0520	cluster_3	11.539	0.0	0.0	1.144	14.726	0.0	2.765	2.293	3.617	3.67	0.774	0.0	1.062	4.098	2.637	4.172	2.483	1.541	5.163	11.132	0.0	6.994	9.198	1.488	0.0	2.966	4.828	2.568	7.424	2.823	3.735	2.785	1.096	2.541	3.937	15.352	5.166	4.571	0.0	3.251	2.816	2.268	2.068	4.912	6.513	7.838	0.0	14.211	1.776	6.197	0.0	1.64	2.223	0.929	3.59	6.897	9.133	4.356	3.544	0.0
cell_0274	cluster_2	2.571	1.988	20.048	15.998	0.719	1.835	1.562	1.803	1.534	6.257	1.807	8.338	6.404	1.103	2.881	2.847	2.441	3.325	3.194	1.86	3.454	4.489	9.055	3.33	1.96	3.455	0.829	6.332	2.9	3.687	2.951	3.903	2.272	4.78	0.883	7.102	0.0	2.088	1.695	0.71	3.748	2.862	0.0	2.495	0.0	2.574	2.665	2.576	1.306	1.271	9.121	1.42	2.906	4.507	0.0	2.43	3.607	1.254	3.646	3.164
cell_0064	cluster_1	47.887	14.551	2.915	0.0	1.779	0.0	2.307	0.625	1.822	3.473	6.719	2.858	0.0	2.517	2.018	0.918	2.205	3.028	1.769	3.185	3.88	1.76	0.869	0.631	4.205	5.476	5.464	6.949	6.272	2.719	1.056	4.981	3.569	0.7	2.519	1.464	0.377	6.81	0.0	4.395	0.0	4.268	2.911	1.31	0.618	2.308	11.154	1.775	0.643	6.892	2.55	2.239	3.043	4.384	7.187	1.314	1.443	1.436	0.276	4.911
cell_0319	cluster_2	0.748	0.876	9.409	0.0	1.4	1.415	1.801	2.543	5.015	2.918	1.706	3.148	9.203	2.645	2.316	0.0	1.267	3.737	6.14	2.449	0.0	0.0	3.677	4.405	1.592	1.321	5.526	3.714	3.628	2.231	9.608	0.0	1.722	3.917	5.102	1.218	2.089	8.31	0.0	0.919	7.307	1.571	4.131	1.695	2.941	1.463	2.887	4.258	0.436	2.639	2.205	3.184	1.8	6.349	3.824	2.162	1.982	0.0	3.756	1.121
cell_0420	cluster_2	3.951	4.716	27.941	16.966	2.428	3.9	2.029	0.405	0.0	2.023	3.236	3.871	1.148	1.644	2.509	0.0	0.0	1.142	3.706	0.426	2.467	2.99	2.934	1.17	4.644	0.0	10.391	0.995	3.354	3.186	1.186	3.26	1.79	4.475	1.852	1.439	0.832	1.381	3.354	3.982	0.0	1.487	2.279	1.127	3.649	1.803	4.02	0.0	1.032	2.635	0.86	3.788	6.437	3.473	1.976	0.843	2.949	3.669	1.808	9.472
cell_0139	cluster_1	31.79	8.72	2.231	2.97	0.0	3.226	0.868	3.404	1.402	0.759	1.501	1.03	2.981	1.102	0.0	4.648	3.235	1.114	2.378	2.999	0.752	1.17	0.0	0.735	1.805	2.854	2.116	0.476	2.135	2.877	2.234	2.566	0.0	0.383	3.317	6.02	2.851	3.983	0.569	2.098	0.561	2.902	6.051	0.0	1.416	3.39	1.338	2.561	6.024	0.0	1.096	2.881	5.213	4.568	4.854	1.015	3.991	0.0	2.117	2.663
cell_0432	cluster_3	0.565	0.0	0.726	1.607	40.363	11.642	0.0	1.333	0.0	2.589	2.025	0.377	3.987	0.94	1.854	1.971	2.102	2.366	0.443	2.654	0.0	0.0	0.998	4.166	0.351	1.066	3.16	0.612	1.842	0.578	1.058	7.447	3.277	3.509	0.946	0.687	1.514	9.248	1.204	1.751	3.125	0.726	2.04	4.215	4.299	1.484	1.994	2.012	1.302	2.622	1.185	9.018	4.641	1.196	1.61	2.821	1.997	2.32	1.633	0.773
cell_0130	cluster_1	23.303	15.698	1.387	4.952	4.258	1.431	0.281	0.544	0.0	3.824	0.0	1.731	1.475	3.635	0.953	2.424	3.59	1.777	1.528	2.104	0.0	1.166	29.022	2.906	2.948	0.0	2.81	2.264	4.53	14.463	3.131	3.719	1.796	5.001	3.456	2.453	0.0	2.474	2.41	0.0	2.722	2.241	2.623	4.123	0.0	2.563	7.005	1.798	0.0	3.81	5.167	8.08	3.874	4.136	1.952	3.169	4.697	1.63	4.436	0.488
cell_0238	cluster_2	3.961	5.503	112.327	34.607	1.765	2.629	0.0	2.426	1.505	4.486	0.0	14.925	6.745	3.147	7.187	0.0	0.0	2.61	3.519	0.0	2.234	4.452	3.69	3.407	3.95	4.102	5.591	5.935	9.666	7.178	2.68	3.196	8.352	16.443	12.198	4.611	2.896	2.331	9.502	8.583	10.338	20.884	6.42	5.027	15.886	1.109	2.643	7.296	3.617	6.047	1.565	11.539	8.11	2.076	6.115	1.377	2.56	4.916	9.244	15.205
cell_0278	cluster_2	8.38	3.474	0.0	25.163	3.786	3.282	3.972	2.144	3.052	2.664	3.56	3.089	1.508	2.365	0.0	7.393	3.571	5.533	13.244	2.538	8.956	8.694	1.983	0.0	2.202	4.042	2.538	1.073	1.331	2.014	5.463	2.47	1.472	5.89	3.355	2.403	1.19	2.764	4.256	0.0	2.211	18.702	4.119	5.755	0.0	2.186	3.191	5.899	6.732	0.0	2.11	9.136	1.238	3.292	4.636	2.827	4.267	2.88	6.034	2.926
cell_0012	cluster_1	42.608	36.127	4.282	8.145	2.739	0.0	1.135	6.111	2.037	3.456	3.496	1.301	2.739	4.298	6.351	0.0	0.0	4.915	5.561	0.808	1.19	3.234	3.366	5.57	2.204	6.197	14.935	2.761	0.0	5.19	7.008	2.722	2.411	3.182	2.573	4.163	1.179	2.734	3.352	4.256	1.262	4.917	2.773	2.322	5.007	1.991	1.655	2.239	3.511	1.232	0.0	3.395	10.918	3.939	2.217	10.201	0.0	4.545	1.771	2.174
cell_0275	cluster_2	3.371	3.425	36.789	60.529	2.025	8.149	4.022	1.681	0.845	10.636	0.53	0.563	1.909	1.039	2.958	0.568	5.376	2.107	1.128	6.2	11.782	0.799	4.281	1.089	6.351	3.197	3.878	2.171	2.371	1.529	4.81	1.967	3.041	2.968	2.634	7.583	1.718	10.93	3.541	6.078	0.0	1.439	1.738	1.503	1.081	3.949	2.727	7.276	1.122	6.122	2.17	1.208	1.028	1.879	0.819	4.299	1.193	3.39	2.039	6.441
cell_0070	cluster_1	34.83	40.662	2.176	4.39	3.706	5.275	5.39	7.267	5.171	2.049	1.853	2.499	0.0	0.0	0.722	5.972	3.703	5.5	6.264	14.049	4.956	1.895	7.531	6.967	10.402	2.641	2.889	3.868	7.946	3.299	3.413	6.264	2.078	2.586	0.0	1.849	5.349	3.976	2.51	1.934	3.594	2.97	0.0	2.561	10.357	7.943	1.372	1.667	7.57	4.517	2.175	7.463	1.022	1.226	3.046	1.674	5.408	6.542	2.079	3.518
cell_0140	cluster_1	50.455	28.847	1.337	7.128	6.681	3.878	1.928	8.276	0.543	0.0	13.266	4.403	0.0	0.788	4.738	1.869	1.984	3.501	2.963	2.966	2.99	2.705	8.455	8.64	0.0	4.42	8.425	16.049	1.401	0.0	0.0	2.402	7.31	12.467	1.43	0.577	2.671	5.189	4.566	5.665	2.466	5.117	5.9	8.345	1.1	2.152	2.847	14.982	2.673	4.071	1.699	3.375	3.297	1.05	2.423	3.154	2.058	5.051	5.458	11.068
cell_0131	cluster_1	18.76	20.923	2.823	1.194	3.89	0.773	2.865	3.353	4.897	2.284	0.0	2.145	1.558	2.179	1.833	2.207	4.714	4.428	11.942	2.489	2.499	0.0	0.881	0.884	1.195	1.302	1.484	1.483	5.826	2.143	11.724	15.125	0.893	3.658	1.565	3.767	2.33	1.078	0.724	6.079	1.616	3.049	0.0	0.0	2.869	2.581	4.814	0.0	1.685	4.445	1.857	0.0	1.632	2.44	1.373	5.111	1.447	2.641	1.187	4.708
cell_0178	cluster_1	9.079	14.448	2.654	2.145	3.64	3.42	5.75	9.768	6.033	7.599	3.315	7.74	9.202	6.039	2.286	7.72	4.533	0.0	2.04	4.196	0.0	0.769	2.311	1.218	3.126	3.967	9.859	0.997	1.775	2.107	0.0	1.159	3.729	0.0	1.501	1.072	2.407	3.142	3.203	0.77	1.844	3.811	2.394	1.713	1.092	2.64	2.224	3.243	2.952	0.0	4.379	0.0	2.914	4.903	0.0	4.958	4.058	3.433	8.603	4.88
cell_0057	cluster_1	14.908	9.693	2.519	2.789	1.973	2.895	3.92	0.85	8.998	6.479	0.0	1.896	3.185	2.882	3.573	0.636	4.79	5.546	5.204	1.805	1.661	2.291	3.064	1.593	3.225	0.0	1.089	1.338	1.967	0.0	0.922	3.938	0.874	3.273	1.726	4.088	1.904	1.883	0.0	3.051	3.506	1.997	1.536	1.175	3.438	2.858	0.0	0.986	3.826	0.0	0.0	7.492	2.457	1.388	0.915	2.207	0.552	2.404	3.625	3.244
cell_0158	cluster_1	12.738	35.755	8.078	2.683	3.449	2.002	3.639	1.356	0.0	1.78	2.133	0.0	2.748	2.2	1.872	22.284	3.87	2.701	2.426	8.701	5.306	4.334	1.48	2.334	2.034	15.755	6.499	1.995	1.951	3.227	3.054	7.042	2.477	3.043	5.254	1.921	0.0	2.051	0.0	3.565	2.919	4.02	2.541	2.105	1.011	2.619	4.021	5.741	4.972	1.732	2.663	2.941	3.603	14.434	5.212	2.957	0.877	2.593	5.747	3.053
cell_0213	cluster_1	0.0	36.712	4.709	1.794	4.22	7.722	2.757	0.0	1.393	0.97	5.424	5.798	4.249	2.859	4.066	2.894	9.454	0.638	1.289	9.256	1.391	1.087	1.01	5.28	0.725	5.538	4.349	5.671	2.336	7.928	1.359	1.839	1.661	2.093	2.306	4.564	1.714	2.107	4.526	11.618	1.151	3.973	4.357	0.0	3.934	0.0	1.066	4.05	4.543	1.747	3.852	2.186	5.821	1.275	0.0	20.069	7.026	2.429	1.001	9.357
cell_0305	cluster_2	1.491	4.911	0.0	10.815	1.156	1.638	3.119	0.0	5.24	3.408	1.829	0.0	0.785	1.671	0.0	2.679	0.7	3.563	1.23	4.229	1.36	0.815	2.136	2.109	0.0	4.28	3.045	1.903	1.044	1.018	1.006	0.978	2.067	1.945	1.41	5.083	0.0	1.006	1.367	1.833	1.055	3.904	1.343	2.234	4.024	2.815	2.619	1.067	5.932	2.332	1.049	2.125	1.756	6.735	0.0	2.118	1.26	0.0	0.769	1.359
cell_0431	cluster_3	12.679	4.528	18.089	3.786	27.522	35.32	6.486	5.539	2.884	2.963	2.171	1.847	10.0	5.028	3.849	5.643	2.379	16.796	1.359	3.861	14.855	1.82	5.942	4.483	0.0	5.08	5.268	6.323	2.718	5.181	5.279	8.024	5.42	2.314	1.806	3.884	0.0	2.108	1.495	6.396	7.82	3.264	5.315	3.822	10.944	3.429	0.0	0.0	12.999	5.34	16.839	3.376	0.0	6.039	2.507	2.613	0.0	0.0	0.867	2.982
cell_0448	cluster_3	2.864	19.021	0.592	1.174	9.13	0.0	0.0	4.308	0.762	0.0	4.713	2.783	4.423	0.0	1.988	2.136	5.276	9.303	0.78	0.679	3.556	1.88	6.099	6.663	2.019	3.387	2.224	6.323	8.054	2.882	4.854	0.0	2.573	3.126	11.355	3.872	3.796	4.323	7.185	1.365	0.854	3.478	3.559	3.808	3.279	2.67	2.403	3.275	3.571	1.316	6.113	7.778	1.906	6.085	6.93	4.804	2.743	1.51	0.0	5.832
cell_0343	cluster_2	0.0	0.549	5.108	7.054	0.0	3.35	1.382	0.878	2.029	3.63	9.142	1.121	1.966	1.778	1.373	4.886	1.309	3.957	1.511	0.0	2.142	0.694	3.227	1.026	2.384	0.923	0.618	1.694	0.524	2.197	1.485	2.501	0.389	3.679	3.233	1.867	1.67	0.722	4.009	0.561	1.538	0.516	1.487	4.695	1.293	4.331	1.942	2.069	1.562	1.283	0.0	0.602	1.093	5.453	1.072	1.859	5.272	0.88	0.0	2.15
cell_0589	cluster_3	4.432	2.771	2.497	3.196	17.148	9.827	2.997	0.0	10.773	0.0	3.993	1.994	1.378	2.45	3.857	0.0	1.381	4.559	0.711	8.936	5.486	3.69	1.034	2.527	2.63	1.705	0.0	4.878	4.874	2.983	2.243	0.0	5.391	3.668	2.158	2.293	4.172	1.985	3.845	3.482	0.0	0.0	1.297	0.0	2.513	1.501	2.234	2.433	5.545	2.044	5.642	2.232	1.103	5.15	0.805	7.731	1.472	2.576	1.494	0.834
cell_0326	cluster_2	0.0	1.338	8.81	17.198	2.505	6.408	4.291	2.698	5.671	5.114	14.063	1.403	6.709	0.978	1.722	0.0	0.0	4.773	4.478	0.0	3.793	2.338	4.658	0.878	0.0	2.798	2.008	2.201	1.871	2.111	2.044	6.996	6.55	1.448	3.101	1.833	1.618	2.434	1.755	7.792	9.105	7.578	9.184	1.267	1.988	1.399	1.268	0.858	0.0	1.515	4.951	13.213	5.161	2.148	4.21	4.298	4.284	3.192	0.0	6.099
cell_0454	cluster_3	1.489	5.448	3.831	4.477	73.281	0.0	1.439	12.291	2.924	0.0	3.24	1.993	1.946	1.777	2.447	1.463	0.0	6.533	2.794	2.811	1.797	0.0	1.982	5.911	1.96	2.3	5.371	1.049	3.556	0.991	2.796	1.041	0.823	1.645	3.752	1.542	5.283	0.0	2.149	0.0	1.912	2.423	1.635	5.504	1.461	2.556	2.526	1.01	1.739	0.0	1.902	0.0	7.031	1.446	3.219	2.378	2.461	0.67	1.526	4.348
cell_0229	cluster_2	2.406	7.779	38.498	26.19	4.834	1.795	0.0	3.469	6.661	5.278	3.675	0.944	2.151	7.593	2.62	1.777	3.925	2.473	5.412	7.793	5.332	3.982	3.645	0.0	0.0	9.246	5.179	5.933	0.0	1.311	3.78	2.955	0.0	3.492	3.797	3.006	2.177	0.969	2.473	4.102	6.963	6.135	2.652	7.117	1.525	3.147	9.156	7.981	2.622	10.08	5.845	0.0	1.68	1.975	4.179	3.796	0.0	2.531	4.224	7.165
cell_0484	cluster_3	4.64	0.722	2.774	4.496	4.829	19.415	14.437	2.513	0.0	0.0	4.806	6.601	1.914	5.094	0.835	0.0	1.812	3.265	1.081	3.726	7.257	4.094	0.0	0.55	2.774	0.639	6.925	2.897	3.267	0.0	2.291	6.811	2.628	3.138	3.076	0.0	4.282	11.521	4.054	3.755	2.563	2.109	5.113	2.518	0.0	3.785	1.965	2.452	0.76	1.628	1.51	0.547	2.732	1.823	3.723	0.0	12.607	3.698	1.573	1.092
cell_0036	cluster_1	43.118	31.835	4.521	2.963	3.34	5.001	5.512	3.457	2.06	4.976	4.4	1.53	2.065	6.647	3.046	0.0	2.688	3.726	18.999	6.854	5.442	1.918	3.867	1.308	2.891	6.625	7.151	8.014	4.22	4.257	4.656	4.616	3.091	6.133	7.66	7.148	1.308	2.113	3.856	1.677	5.033	5.997	0.683	18.555	7.196	1.952	6.009	5.015	6.403	21.642	4.628	0.0	2.349	2.574	2.838	4.93	1.809	3.502	1.586	1.428
cell_0059	cluster_1	0.0	25.569	1.934	2.6	2.064	2.923	1.434	1.329	10.189	1.803	1.999	1.562	6.204	3.819	5.516	3.636	0.882	1.645	6.801	2.569	12.382	0.0	3.765	2.14	2.237	2.459	9.858	1.007	0.0	7.345	2.066	2.717	2.019	10.247	3.727	3.252	0.847	0.809	0.608	4.702	5.773	3.481	10.032	2.798	4.708	5.849	1.576	1.631	2.668	3.425	7.01	8.181	0.928	3.528	5.137	1.899	1.107	10.804	4.097	1.025
cell_0337	cluster_2	2.652	9.356	26.514	22.315	2.291	0.0	1.558	1.293	1.271	3.188	0.817	3.262	0.613	1.668	2.103	0.0	3.811	2.222	7.914	8.75	0.0	2.441	1.927	2.784	1.135	1.95	1.585	2.287	2.957	1.115	1.247	0.0	5.663	3.454	2.56	1.347	4.015	2.327	0.901	5.461	4.276	0.0	3.691	3.396	0.91	3.506	5.403	4.395	3.437	6.325	2.502	6.81	7.071	2.68	0.0	2.588	4.519	1.396	4.663	3.506
cell_0293	cluster_2	1.691	3.95	41.362	14.203	4.929	5.59	0.0	0.0	3.445	3.692	1.477	7.105	13.453	1.029	5.937	4.645	3.352	7.233	3.486	4.494	1.973	0.721	1.9	1.697	5.259	2.493	4.619	0.0	8.794	2.187	4.974	7.981	2.747	18.557	1.113	3.202	4.51	14.883	13.203	2.846	1.844	2.061	2.633	6.572	3.596	2.369	1.762	3.591	1.408	3.517	3.887	1.621	2.189	2.816	0.0	1.801	2.289	2.332	1.527	5.512
cell_0067	cluster_1	12.379	20.786	2.42	1.89	6.077	12.953	0.843	5.981	0.0	3.17	2.519	2.424	1.965	3.321	1.694	1.341	0.0	1.633	5.513	2.404	2.544	4.759	1.996	1.585	2.491	6.881	2.595	3.51	2.598	9.1	1.19	1.417	1.514	0.0	3.52	1.792	2.194	0.0	9.515	1.948	0.908	1.263	2.223	6.422	3.23	0.0	1.816	7.327	0.0	1.495	2.803	3.826	0.0	3.698	1.358	1.73	6.887	1.549	3.962	2.715
cell_0592	cluster_3	1.309	1.82	0.922	2.54	22.77	88.433	1.761	6.522	1.032	5.547	0.992	1.398	1.62	4.461	3.409	1.724	7.071	8.062	2.186	0.54	1.863	1.147	5.596	3.543	2.184	1.082	4.021	3.158	1.897	3.923	0.0	1.718	5.289	2.317	1.431	1.556	4.876	5.171	1.901	5.084	0.0	4.523	1.706	3.944	3.96	3.487	0.0	4.007	8.904	1.014	3.336	3.705	5.061	0.0	0.0	0.0	0.0	4.297	1.022	2.876
cell_0256	cluster_2	3.752	1.307	20.691	77.241	1.706	4.699	2.182	3.635	1.165	4.582	2.776	1.505	6.434	3.085	3.853	0.885	2.259	2.719	4.457	1.136	2.059	15.541	1.6	5.291	2.284	2.778	3.731	1.286	3.141	1.837	0.0	7.514	0.0	1.119	1.789	2.435	1.706	5.662	0.524	1.053	2.86	2.686	3.78	1.256	2.597	1.982	3.135	2.037	2.205	2.643	1.802	3.532	0.701	1.077	1.547	0.896	2.463	1.384	0.481	30.327
cell_0164	cluster_1	36.838	40.662	1.741	2.367	4.789	1.7	2.681	2.386	0.0	0.959	4.061	1.763	1.454	1.02	3.15	0.574	4.801	2.8	9.571	4.386	2.38	2.853	4.348	2.77	1.653	3.386	1.201	1.381	4.673	2.501	0.0	5.173	0.0	2.484	4.241	11.279	2.581	2.064	3.025	0.0	5.434	1.794	2.434	3.506	12.328	1.12	0.0	3.301	9.901	5.999	4.693	2.444	1.76	6.727	7.675	1.77	1.428	1.899	6.734	4.778
cell_0263	cluster_2	6.03	2.576	58.319	23.7	9.928	5.365	4.736	16.426	1.825	4.899	0.0	1.107	2.722	8.084	6.009	0.0	0.871	1.33	3.884	4.966	0.457	0.705	3.325	2.239	4.171	1.78	8.849	2.132	0.947	5.876	6.652	4.916	1.082	2.084	12.218	4.445	1.318	5.109	3.612	3.841	0.0	8.184	3.989	8.771	6.412	1.89	25.504	0.0	5.182	16.577	1.957	1.888	2.171	7.565	0.587	2.002	4.326	3.492	2.017	0.0
cell_0121	cluster_1	18.362	84.702	0.0	16.693	2.11	3.468	1.597	1.831	1.053	2.555	5.725	0.842	0.0	5.665	3.763	2.451	8.892	2.358	3.108	1.958	2.27	0.0	1.548	3.035	0.757	0.0	5.87	2.576	5.103	0.747	0.0	0.0	0.0	2.078	28.079	0.633	0.485	0.0	7.745	0.0	4.506	2.082	1.972	2.514	2.925	2.701	1.656	1.287	5.967	1.775	7.658	9.514	4.621	2.194	2.687	3.45	5.496	3.604	2.142	2.377
cell_0398	cluster_2	7.807	0.915	24.432	16.073	4.249	4.209	5.823	2.575	1.581	2.151	4.425	3.034	0.0	3.512	3.166	4.456	2.671	1.786	2.285	0.901	4.744	2.19	0.952	2.911	7.806	2.737	5.005	1.298	3.119	3.548	0.0	1.652	1.049	2.116	0.973	1.003	0.0	0.0	1.587	1.481	3.436	0.0	1.752	5.767	4.105	0.744	1.776	3.739	3.752	3.856	1.671	2.639	1.666	1.641	5.7	5.982	6.204	2.455	1.832	1.548
cell_0262	cluster_2	1.806	0.0	33.02	22.829	0.0	2.281	2.469	3.65	4.082	0.536	5.051	2.385	13.342	12.667	2.276	8.849	3.852	0.0	1.749	3.851	1.556	5.01	0.0	0.0	0.704	2.537	2.056	8.482	2.13	1.335	1.059	1.625	5.258	2.557	2.915	2.405	0.0	3.053	0.0	1.183	8.411	7.803	3.198	1.669	0.0	1.233	3.907	4.817	2.252	2.996	4.846	3.179	5.11	0.0	0.748	7.423	0.0	2.731	10.745	4.696
cell_0125	cluster_1	12.411	9.572	3.612	3.101	7.92	3.622	2.126	3.994	4.229	1.463	2.07	1.865	9.066	2.318	1.472	10.305	11.301	3.385	0.0	7.631	4.001	8.051	6.081	6.554	4.391	1.529	8.43	16.018	1.061	3.402	1.981	0.0	5.698	0.0	1.958	3.784	0.0	2.364	2.376	6.379	5.001	6.549	0.0	12.39	4.98	1.861	5.605	1.783	4.231	1.482	12.076	5.558	4.361	2.855	4.43	6.278	10.242	4.285	3.56	1.283
cell_0289	cluster_2	15.975	2.776	0.0	0.0	14.439	3.601	0.873	1.938	3.135	7.935	3.177	5.413	14.214	3.061	5.111	3.463	1.79	5.517	2.302	2.318	2.366	9.475	4.729	2.385	0.0	8.726	4.331	4.348	7.432	3.125	9.278	1.139	4.691	5.13	1.163	2.415	0.0	0.0	17.192	11.215	9.151	4.381	3.441	1.963	2.254	2.316	2.781	4.893	0.0	3.333	4.301	3.623	0.0	2.611	1.507	3.172	0.0	3.869	1.752	7.407
cell_0034	cluster_1	23.299	83.953	8.397	1.277	2.384	1.403	1.929	3.097	4.226	0.703	5.867	4.485	0.0	0.0	3.255	2.293	0.441	1.31	4.467	6.08	4.92	3.783	5.684	3.048	3.063	14.666	1.248	7.308	5.234	0.0	2.629	8.984	1.117	5.884	0.0	2.342	1.796	2.374	4.85	2.033	3.953	8.812	1.949	3.535	3.177	7.755	9.623	1.106	3.912	1.355	4.192	6.499	1.413	0.0	1.584	8.551	0.0	0.0	3.164	2.64
cell_0050	cluster_1	0.0	18.402	3.053	2.622	2.136	1.714	0.0	0.0	0.842	0.0	8.033	2.037	5.349	1.037	1.856	0.67	3.063	5.374	1.571	1.221	2.259	1.462	0.0	1.284	1.013	0.89	0.948	3.282	10.886	2.314	3.612	0.0	1.259	0.0	2.194	0.0	2.282	0.0	1.182	1.793	1.448	1.564	0.91	4.383	0.79	5.99	0.827	1.161	0.644	3.821	1.814	0.0	2.116	2.358	4.099	1.282	1.093	2.503	0.794	1.733
cell_0566	cluster_3	7.358	3.922	12.199	2.841	14.587	23.068	2.996	11.351	2.288	5.912	2.036	2.114	28.504	3.469	0.0	3.182	9.016	4.279	4.071	7.314	4.31	6.721	4.134	2.493	3.024	1.408	2.748	4.826	3.057	5.725	9.253	4.17	7.574	2.8	6.225	10.05	3.98	3.67	1.675	6.997	10.297	5.397	0.0	5.046	2.185	3.515	1.139	3.339	9.004	3.132	0.0	2.202	9.029	10.677	13.75	8.226	3.331	6.08	7.05	1.473
cell_0452	cluster_3	1.037	0.0	2.693	0.723	10.991	15.205	10.051	0.468	0.708	1.305	1.224	3.917	1.111	0.539	0.784	6.432	2.241	2.364	2.203	2.804	1.829	2.947	1.11	1.398	0.627	3.355	1.583	2.426	0.0	5.398	7.163	0.893	2.511	2.091	7.191	0.0	7.949	2.116	2.429	0.749	1.498	0.0	5.146	1.007	2.414	0.962	11.6	2.28	4.373	0.0	3.34	2.641	1.653	0.819	3.467	2.224	1.356	2.581	0.383	6.834
cell_0414	cluster_2	0.0	1.867	0.0	41.825	0.0	4.785	4.895	1.2	0.0	0.0	6.262	3.057	1.246	2.254	1.95	1.882	2.471	3.091	14.084	5.908	6.304	0.0	2.217	0.391	1.031	8.865	0.637	4.442	2.397	2.639	6.14	6.572	3.102	2.116	0.942	1.373	3.371	4.589	0.0	1.963	1.922	2.381	5.688	7.445	0.0	1.608	4.239	1.313	1.607	2.002	2.002	21.385	1.16	6.901	2.476	1.183	2.128	3.795	3.766	2.05
cell_0005	cluster_1	25.997	23.404	1.322	0.0	1.02	2.756	2.212	2.172	4.088	3.126	3.195	5.771	0.0	3.24	4.638	0.0	0.0	1.307	1.882	1.36	2.364	1.107	5.116	9.043	7.032	3.328	2.12	1.132	0.778	2.971	4.958	8.362	2.213	0.0	1.389	1.788	1.414	4.935	5.704	2.042	0.488	4.802	3.074	0.948	1.684	3.426	1.094	0.472	3.046	5.223	0.0	0.0	4.41	4.22	8.728	2.477	0.752	3.403	2.141	1.95
cell_0013	cluster_1	17.207	32.345	3.9	2.285	7.758	0.0	0.0	1.599	1.855	0.0	4.883	1.826	2.836	3.7	1.58	5.056	5.389	9.887	5.799	0.0	2.693	2.921	2.484	2.519	1.209	2.551	0.0	0.0	4.675	0.0	1.54	7.023	3.779	22.541	0.0	4.521	0.0	1.857	3.996	6.05	6.256	1.524	2.795	3.382	28.258	5.472	8.82	0.949	4.726	0.0	7.766	0.0	1.714	2.021	9.577	4.003	6.14	9.666	3.555	4.239
cell_0300	cluster_2	0.0	2.029	5.702	4.229	0.918	1.424	1.311	1.07	2.386	1.38	7.348	2.566	1.313	4.758	0.797	2.691	0.745	1.049	2.465	1.263	4.257	3.001	3.071	0.0	1.17	1.366	3.615	0.384	1.335	1.919	1.154	5.932	4.203	0.124	2.143	0.813	1.801	1.298	2.51	1.424	1.028	1.701	0.563	1.281	3.914	0.493	0.513	2.625	2.133	1.911	3.002	6.186	0.218	3.507	0.938	1.483	4.706	0.428	0.774	1.33
cell_0159	cluster_1	37.17	100.992	3.095	2.819	14.902	0.0	8.111	10.705	3.584	3.449	3.975	5.984	0.0	5.711	0.864	3.068	0.0	17.812	7.686	0.0	12.732	4.499	4.2	3.163	4.134	4.032	3.403	14.908	3.521	0.0	2.815	0.0	3.743	0.551	2.899	3.87	13.85	1.689	2.412	2.1	0.43	2.266	9.08	1.818	2.773	5.263	0.0	10.764	1.804	2.418	2.188	13.559	5.54	5.381	20.003	6.466	0.0	3.839	1.668	2.155
cell_0089	cluster_1	35.775	47.016	1.836	8.66	1.991	1.883	4.451	2.097	8.499	6.471	2.434	18.663	1.644	3.246	6.913	0.708	0.0	3.014	4.611	1.709	7.751	8.305	6.703	5.904	1.422	1.233	4.296	6.169	2.007	0.0	3.956	4.634	2.621	12.115	5.719	8.711	7.19	5.03	1.81	3.745	1.094	4.721	2.272	7.242	4.693	6.853	0.0	6.624	1.795	2.978	8.627	0.0	1.931	3.366	7.89	5.7	4.807	0.0	0.0	2.534
cell_0561	cluster_3	6.134	0.46	2.513	3.583	11.552	10.586	2.697	4.724	1.04	0.0	1.706	2.83	2.291	1.693	2.159	0.739	1.838	1.657	3.16	0.84	2.706	0.0	1.034	1.557	11.293	0.0	1.69	0.54	0.0	6.252	1.312	2.613	0.0	1.376	3.822	2.482	2.09	4.542	0.0	0.972	1.623	4.418	2.47	2.199	3.84	2.568	0.0	1.805	1.153	1.933	0.648	2.228	1.082	5.066	1.489	0.451	4.57	1.381	2.333	2.671
cell_0017	cluster_1	6.136	29.983	1.928	3.801	3.309	5.081	0.549	0.835	0.76	1.066	7.329	0.0	4.647	2.457	0.629	1.955	3.423	1.115	10.403	1.478	1.162	7.576	6.791	0.987	3.878	6.163	0.889	4.217	2.031	1.853	2.618	1.54	4.79	0.759	3.122	2.773	4.416	1.041	1.261	4.586	1.349	0.393	4.729	7.404	3.031	1.874	2.89	2.076	0.0	1.247	1.523	2.73	3.377	2.999	1.348	1.629	3.208	1.542	1.506	8.624
cell_0490	cluster_3	2.216	4.606	1.567	4.076	46.26	17.252	6.305	11.274	1.149	1.716	0.0	2.192	1.667	1.678	4.036	1.47	1.728	2.53	1.004	0.0	4.178	3.512	3.534	0.725	1.389	0.0	9.056	5.11	1.936	8.513	2.949	1.242	2.708	1.145	3.081	1.809	3.776	4.339	9.919	1.302	2.332	0.0	4.328	3.196	1.476	2.637	0.72	1.114	1.517	1.158	1.081	4.823	1.717	1.159	2.348	1.821	3.506	2.603	1.907	3.74
cell_0351	cluster_2	2.005	0.768	44.959	35.127	1.484	1.405	3.087	4.284	1.611	8.966	2.547	1.247	1.491	3.133	0.0	4.221	2.286	1.657	5.882	1.788	0.927	0.665	0.945	3.102	2.592	3.76	1.738	3.841	1.157	0.985	5.159	1.959	0.0	2.369	0.718	0.0	0.738	0.0	2.426	5.066	6.263	2.237	2.669	0.0	2.882	0.0	3.218	1.015	0.0	4.421	1.213	3.327	0.663	4.567	0.912	3.158	1.116	4.905	0.0	5.283
cell_0384	cluster_2	3.728	2.708	62.404	1.606	8.906	1.315	4.922	1.423	3.183	1.919	4.159	7.82	4.392	5.174	0.0	3.084	4.767	1.079	0.0	7.361	11.665	1.433	1.142	1.108	2.879	1.44	0.683	1.717	0.889	1.848	1.314	3.338	7.94	0.0	1.373	0.826	1.45	3.141	0.0	1.785	5.151	0.96	1.875	0.0	0.422	1.54	0.0	0.761	3.782	0.0	1.016	1.053	1.945	2.568	1.765	2.733	0.0	3.513	0.807	0.687
cell_0345	cluster_2	2.044	1.459	10.24	22.289	5.842	2.584	1.775	0.715	0.0	4.354	6.185	3.25	2.346	2.04	3.689	2.535	4.872	4.559	2.118	0.0	6.638	2.898	2.1	1.333	1.366	0.917	2.809	1.967	0.946	6.384	1.908	0.95	3.244	0.0	1.024	1.424	2.205	0.712	1.71	2.131	1.859	0.0	0.575	12.408	4.092	1.252	1.815	0.519	0.936	4.541	14.939	0.0	1.629	6.685	0.693	0.0	2.289	1.162	3.082	3.116
cell_0392	cluster_2	4.483	9.603	20.142	0.0	2.919	6.087	8.144	5.328	2.164	1.296	6.258	2.9	2.093	3.352	20.942	4.872	4.05	9.937	5.624	6.014	1.944	0.0	3.771	5.073	21.29	4.871	7.654	7.647	5.204	6.763	0.0	9.099	2.629	7.896	3.882	9.735	1.914	4.372	3.576	12.016	4.536	2.478	1.267	1.078	8.711	0.0	1.109	3.131	7.548	4.229	15.073	5.734	6.262	1.329	9.356	5.605	0.0	27.46	6.112	8.91
cell_0318	cluster_2	0.0	4.945	99.787	57.294	2.643	2.261	6.569	4.764	1.481	3.753	6.768	4.966	5.445	4.531	5.984	0.0	4.264	0.0	3.065	2.415	3.36	2.814	2.519	4.952	4.876	5.087	2.669	7.45	15.956	1.916	6.029	8.383	4.427	8.874	6.44	7.444	3.582	4.925	3.698	4.656	4.927	4.445	4.978	8.904	1.12	9.065	6.686	4.319	2.73	1.798	11.31	8.26	3.57	6.367	4.429	7.121	1.741	2.347	6.809	2.363
cell_0088	cluster_1	6.935	9.193	0.0	1.824	3.559	1.8	0.886	1.814	4.446	1.783	3.881	0.802	1.87	1.373	9.265	4.698	3.214	0.0	2.123	1.659	2.24	3.133	1.461	1.763	2.361	1.375	0.0	1.635	5.387	1.977	1.906	0.0	3.05	3.673	0.9	1.896	0.0	1.537	5.749	1.584	0.0	2.693	0.886	3.507	1.07	5.098	2.147	3.834	0.851	1.017	0.0	3.124	0.889	2.38	2.915	3.902	1.099	1.1	2.926	1.546
cell_0581	cluster_3	3.089	1.703	7.012	1.0	42.882	21.952	6.403	21.354	2.669	4.366	4.39	6.148	2.475	1.454	5.616	2.754	19.818	0.0	2.119	5.075	4.972	2.153	4.376	3.128	6.42	2.818	1.295	2.406	4.68	2.631	2.613	2.02	2.003	6.795	5.458	0.0	1.724	3.245	2.244	2.972	2.25	1.53	2.547	9.449	0.0	3.164	10.082	4.098	1.315	0.0	2.179	1.441	1.391	2.486	1.416	3.164	13.19	2.078	7.442	6.013
cell_0588	cluster_3	4.775	0.544	0.49	3.784	4.389	19.069	1.802	3.152	1.398	1.287	1.694	1.93	2.255	1.265	1.591	5.047	2.52	4.891	4.296	8.359	1.801	0.664	2.301	1.712	0.472	1.866	4.762	1.633	4.844	1.997	0.992	1.064	2.214	3.601	2.335	0.0	1.321	2.734	2.997	0.946	0.848	5.574	6.244	0.0	0.517	0.648	1.634	0.0	3.066	1.324	5.158	5.146	2.437	1.194	0.0	0.571	5.588	1.167	0.693	1.949
cell_0220	cluster_1	13.777	16.608	0.0	6.559	4.0	0.97	1.038	1.03	0.0	2.831	1.306	0.0	0.886	1.422	3.061	1.782	0.0	1.066	0.0	6.699	1.372	5.919	2.949	0.0	2.333	6.867	1.51	3.66	9.662	3.749	3.527	0.766	3.981	0.0	3.154	2.987	1.0	8.074	3.565	2.202	5.183	5.718	1.038	1.66	3.035	4.512	6.07	2.043	6.068	1.312	1.787	10.328	1.921	6.641	2.245	0.516	1.067	2.96	1.739	0.0
cell_0516	cluster_3	0.679	4.335	3.912	2.478	19.928	13.715	2.657	0.0	0.929	0.0	2.845	0.356	2.766	1.619	2.739	5.236	3.008	0.672	1.65	1.694	0.0	1.602	2.958	1.883	6.829	3.138	3.68	2.89	0.681	2.294	1.013	0.0	1.486	1.212	0.75	1.816	0.0	1.129	0.413	2.268	1.358	18.488	1.888	1.424	6.231	1.65	2.374	5.625	0.0	2.849	0.679	3.005	0.0	1.63	3.617	3.565	0.0	1.074	0.0	1.965
cell_0153	cluster_1	32.184	42.235	0.0	6.7	6.011	0.0	3.441	3.145	1.086	0.0	6.652	2.573	1.369	15.689	11.041	3.381	6.843	0.0	0.0	2.975	0.0	4.307	7.433	3.765	5.26	4.667	0.0	9.706	0.0	5.02	13.021	7.863	0.0	32.085	0.873	6.238	5.689	4.579	2.988	3.363	1.67	1.911	2.042	3.586	5.379	5.776	6.198	2.327	1.46	3.331	11.357	0.92	5.658	2.857	0.0	7.363	32.215	0.0	0.0	1.688
cell_0486	cluster_3	1.736	1.822	1.998	1.977	6.184	30.23	0.0	3.472	1.225	0.762	10.389	0.925	6.883	2.678	5.451	9.155	3.141	1.939	7.21	4.778	1.311	0.0	12.031	0.0	2.463	2.328	3.628	12.845	3.129	1.518	9.295	1.486	1.251	7.252	6.754	6.496	1.089	2.434	19.593	10.786	0.844	1.498	4.72	1.3	0.0	2.201	1.755	1.898	2.821	1.689	2.413	2.821	1.094	1.422	8.59	1.068	0.0	4.798	2.59	2.185
cell_0053	cluster_1	50.723	111.648	1.006	3.967	0.0	1.255	2.79	0.0	0.0	4.857	0.0	3.709	5.49	1.123	2.317	3.828	1.222	6.855	0.933	1.638	1.527	5.657	5.621	2.09	1.867	5.716	2.663	1.684	0.0	6.713	0.757	4.277	0.0	2.956	1.955	6.059	3.252	0.0	0.0	1.553	0.404	4.756	2.911	1.416	2.642	1.892	0.0	0.0	4.008	3.77	1.32	2.523	0.921	2.646	0.0	1.331	3.689	0.514	4.141	5.072
cell_0523	cluster_3	0.0	0.768	3.096	1.542	96.585	0.0	1.598	5.72	1.146	0.0	1.085	3.155	3.706	0.716	2.172	3.285	0.705	2.748	0.0	2.548	4.451	2.555	12.669	0.0	2.151	0.68	2.368	0.0	2.094	1.161	9.608	3.422	1.006	0.945	1.719	2.846	4.222	4.232	0.877	0.738	0.684	1.836	1.362	4.632	2.165	5.994	2.574	0.391	1.802	1.68	1.816	2.347	2.055	2.431	0.864	0.949	1.87	2.634	3.639	0.694
cell_0172	cluster_1	23.136	0.0	1.555	1.026	2.347	1.743	1.806	2.664	4.007	5.793	0.832	0.913	5.163	1.196	2.135	1.727	2.143	1.319	5.321	2.05	2.273	1.18	2.122	1.635	1.223	1.029	1.664	1.674	2.296	1.259	0.508	4.25	1.47	0.769	3.649	5.419	2.703	1.747	2.711	1.589	1.337	0.0	2.312	0.0	3.226	3.124	2.97	3.146	0.0	3.169	2.882	2.876	1.22	21.5	1.041	1.366	1.801	2.762	1.677	1.998
cell_0576	cluster_3	3.766	1.934	0.0	3.677	45.74	6.024	2.053	3.614	0.909	3.59	1.732	0.0	1.428	2.838	1.214	0.693	1.256	0.0	0.0	3.139	4.671	3.26	2.43	3.671	4.528	3.762	0.0	0.0	1.471	4.752	1.777	4.918	0.0	2.354	5.884	1.413	0.0	2.838	1.341	0.298	2.385	1.953	1.331	1.177	2.083	6.161	17.215	2.927	1.719	3.261	0.0	0.0	2.104	1.652	1.56	1.991	3.09	1.308	1.826	2.978
cell_0276	cluster_2	0.749	1.457	0.0	27.653	2.871	6.452	1.991	13.993	1.116	3.781	0.0	1.947	1.127	0.993	8.426	1.696	1.472	1.246	1.485	1.37	1.953	2.126	4.744	9.684	6.437	3.854	5.734	0.713	0.0	2.517	4.093	2.788	11.834	1.165	6.372	2.4	0.0	2.613	2.557	2.685	2.33	0.0	0.708	1.355	2.417	2.334	2.988	4.523	0.0	3.141	2.589	0.433	3.612	7.089	0.0	17.172	2.17	1.71	3.111	18.626
cell_0218	cluster_1	9.541	7.62	1.817	3.256	3.96	1.618	2.565	0.878	1.886	0.854	0.0	1.318	1.646	2.566	3.511	1.334	2.621	1.668	1.839	3.988	0.0	1.748	2.46	1.343	0.976	1.592	0.0	3.379	0.0	5.738	1.053	0.0	1.84	1.242	1.693	0.0	1.027	1.185	0.0	0.0	6.887	5.517	1.226	0.473	0.0	1.203	2.85	0.916	3.975	1.608	1.597	2.675	0.0	2.156	4.346	2.527	1.701	1.212	2.755	0.991
cell_0066	cluster_1	13.578	7.917	1.882	2.759	0.0	0.0	1.507	3.774	2.324	2.894	2.625	3.024	3.408	1.404	2.527	8.332	2.161	3.878	0.625	1.785	3.24	1.457	0.0	2.643	3.522	1.291	1.706	1.275	2.846	0.741	2.029	0.0	0.0	1.183	1.744	7.582	4.93	3.909	0.0	10.617	4.802	1.734	0.921	2.838	1.925	6.909	0.836	0.747	1.193	0.0	0.395	0.0	2.422	11.972	0.594	0.943	2.004	5.024	3.479	3.027
cell_0395	cluster_2	31.246	3.687	28.334	106.647	0.0	2.438	2.553	8.575	3.991	1.678	4.508	6.523	0.0	2.16	1.928	2.114	1.718	1.864	0.0	0.0	5.867	3.173	3.425	0.0	10.321	5.085	4.647	8.581	5.048	3.938	2.675	0.904	2.808	0.0	3.45	3.869	3.797	8.583	2.995	11.823	1.74	5.4	4.434	1.015	4.641	2.47	5.618	4.643	0.0	7.442	9.361	6.293	4.234	8.597	7.292	4.801	6.019	3.925	11.653	3.447
cell_0512	cluster_3	7.396	8.258	1.225	2.275	14.859	23.373	1.821	3.176	0.639	13.229	0.0	9.089	2.17	1.581	2.317	3.511	4.386	5.569	2.884	0.61	2.493	4.109	1.097	2.292	3.052	2.397	4.808	3.232	1.126	5.274	3.35	1.976	0.0	3.051	1.845	8.193	1.326	3.758	2.644	7.486	2.578	6.291	6.131	6.27	2.684	1.362	2.469	1.529	3.934	0.0	0.379	1.511	1.13	3.066	0.0	6.285	3.327	0.518	3.512	1.493
cell_0255	cluster_2	4.659	3.236	0.0	26.042	0.812	0.0	1.077	0.668	2.193	3.971	6.023	0.0	0.38	1.8	1.863	3.961	2.379	4.962	1.183	2.144	4.617	2.188	8.148	2.472	0.552	8.789	1.627	12.204	1.861	1.491	7.888	9.099	2.587	3.239	3.31	2.407	5.479	6.649	4.954	5.667	2.207	0.783	3.958	2.852	1.415	6.138	0.892	2.846	0.858	6.644	4.897	3.52	3.064	0.69	0.0	7.101	3.15	1.833	1.446	3.127
cell_0277	cluster_2	0.537	5.571	22.344	19.088	6.046	1.933	1.222	0.956	2.517	1.035	0.0	1.095	3.615	6.743	0.0	1.693	2.227	2.738	1.467	2.709	2.022	0.0	2.939	1.911	1.57	1.742	1.857	0.0	0.0	5.014	6.37	2.883	0.76	0.0	2.01	1.372	3.12	2.386	1.66	0.0	2.069	2.744	3.692	4.597	1.703	8.1	1.992	1.584	1.078	3.511	5.6	2.887	1.07	3.241	1.264	1.611	3.38	0.0	3.387	1.962
cell_0199	cluster_1	0.0	11.189	2.373	1.565	1.97	6.17	0.0	3.876	1.866	0.901	1.112	0.0	2.696	3.465	1.694	0.0	5.431	0.91	2.417	3.857	1.006	3.072	6.407	1.599	0.955	3.064	1.313	0.0	2.436	0.422	2.428	1.009	3.174	1.741	1.188	2.943	0.879	4.259	5.233	2.395	1.78	3.259	1.643	1.86	2.792	0.0	0.614	3.867	1.379	1.965	4.279	2.666	0.0	0.791	1.717	2.844	4.627	0.0	3.725	7.08
cell_0370	cluster_2	4.086	10.993	3.534	19.877	5.364	2.151	8.058	3.573	2.595	4.216	2.559	0.0	0.0	16.388	6.409	1.304	1.837	3.078	1.108	3.063	3.752	0.0	2.613	3.671	3.009	2.486	1.579	0.547	2.252	1.961	2.463	5.917	3.048	1.801	9.679	5.511	1.201	2.122	2.213	0.954	2.53	0.0	2.709	6.901	2.405	1.187	2.204	3.19	2.794	0.0	2.818	14.13	6.697	0.0	4.808	0.0	1.958	2.77	11.025	2.849
cell_0162	cluster_1	33.367	6.811	3.75	3.762	0.929	5.65	0.0	4.199	3.354	1.805	4.106	2.776	4.352	2.567	1.422	3.791	3.847	1.027	9.578	1.033	2.502	2.119	3.311	2.153	1.577	1.762	0.0	5.016	0.0	2.328	4.214	0.0	4.872	0.0	1.318	1.172	2.809	1.605	2.841	3.957	0.0	0.0	2.704	2.389	3.648	2.968	3.038	4.139	1.374	4.205	1.96	0.843	1.18	0.0	14.311	2.817	2.135	2.255	2.862	6.418
cell_0109	cluster_1	20.902	33.761	1.336	2.843	0.0	1.501	1.503	0.504	1.653	6.299	4.605	1.492	1.121	1.52	0.0	2.165	0.753	1.952	0.903	0.533	2.807	0.34	1.139	3.684	0.0	1.441	3.362	1.847	1.418	0.947	4.903	0.782	0.832	4.152	2.608	0.904	0.676	4.705	1.558	0.0	0.0	1.337	1.288	2.734	9.665	2.22	0.685	4.949	1.753	0.0	4.872	0.917	1.433	0.667	0.952	2.065	1.417	1.755	0.0	1.118
cell_0427	cluster_3	0.562	3.495	0.97	1.776	3.951	26.916	6.427	0.0	0.0	1.48	2.947	0.981	0.978	2.463	1.042	13.905	1.895	1.475	2.448	1.792	2.136	2.602	2.365	1.395	1.193	2.215	0.0	4.107	2.213	0.0	1.188	0.526	4.244	1.393	2.581	2.837	0.942	0.592	2.402	1.215	0.505	1.019	1.905	0.779	3.092	0.519	0.0	1.742	0.329	0.698	4.79	0.0	0.707	1.517	1.462	6.721	2.091	1.268	0.445	1.331
cell_0316	cluster_2	8.259	12.391	24.17	34.236	1.459	4.256	2.758	0.577	1.934	3.434	2.284	5.03	2.562	4.395	2.848	1.368	2.445	1.851	0.0	3.003	1.162	0.0	2.964	1.49	0.0	8.615	6.614	3.003	6.489	1.403	1.688	0.85	2.641	1.601	0.0	1.349	4.533	1.858	6.222	3.016	5.507	1.372	3.975	0.0	2.398	0.0	2.017	1.769	1.48	1.25	1.448	3.832	4.479	0.0	1.547	0.0	5.163	3.067	2.463	4.669
cell_0127	cluster_1	0.0	26.52	1.761	1.696	1.591	5.619	6.423	2.917	6.92	4.726	1.563	2.237	3.45	1.513	7.871	2.578	0.0	6.644	5.014	0.372	4.158	3.948	1.856	18.123	3.617	0.878	0.0	0.0	0.0	2.595	0.0	5.092	3.787	7.045	0.0	1.832	2.67	5.208	1.538	1.78	23.281	8.268	9.215	5.097	3.609	1.787	0.0	3.665	2.068	5.119	5.155	3.947	2.134	3.443	2.136	4.128	1.65	16.053	5.856	3.668
cell_0283	cluster_2	1.457	1.493	35.556	13.533	2.426	3.257	4.506	3.331	6.159	5.083	6.947	0.0	10.343	2.706	6.61	4.698	7.828	12.643	1.126	18.236	3.04	4.276	0.997	0.0	3.915	2.441	4.71	2.198	0.0	2.143	1.822	1.27	3.553	9.297	2.102	4.252	6.144	9.356	4.313	0.0	1.986	2.522	2.51	1.82	5.093	4.23	1.979	0.0	0.0	0.0	2.869	4.322	6.941	1.473	3.79	2.541	2.633	1.571	2.262	2.883
cell_0560	cluster_3	2.791	2.329	2.98	7.636	50.024	82.606	4.778	10.475	2.41	1.744	3.776	4.374	1.512	3.214	2.779	3.077	3.297	1.044	3.394	2.079	0.0	5.089	13.332	0.0	5.342	1.861	0.0	7.52	6.31	4.548	2.236	5.594	0.706	3.909	1.827	6.828	0.0	0.829	1.765	6.91	0.0	5.066	1.147	3.04	4.903	10.189	0.0	12.418	0.0	4.843	20.105	7.443	0.75	1.907	3.593	9.355	2.071	2.895	0.922	3.853
cell_0041	cluster_1	34.911	72.442	3.896	0.0	3.646	0.0	11.41	1.959	0.0	1.866	1.484	7.714	4.073	1.66	3.088	5.184	2.462	4.048	1.314	10.451	5.17	3.076	1.731	6.221	3.225	1.739	5.827	0.0	4.326	5.904	3.145	0.0	0.0	0.348	4.131	3.665	5.255	19.334	7.208	1.975	6.536	8.352	0.0	0.0	0.0	14.59	1.978	4.875	2.868	1.612	5.337	2.439	4.496	1.781	5.506	3.537	2.734	1.928	1.109	0.0
cell_0021	cluster_1	41.189	23.899	0.427	1.569	3.007	3.578	1.647	0.401	0.0	1.817	1.983	1.154	8.082	3.586	1.348	2.721	0.505	3.44	1.351	1.269	0.977	1.986	2.684	3.878	6.294	2.808	3.06	1.258	0.869	3.57	2.439	1.955	1.661	1.54	0.0	1.199	16.593	5.617	1.295	5.097	5.258	8.014	6.214	6.08	5.114	5.596	2.465	6.619	3.258	1.376	0.0	6.669	9.686	2.88	3.676	0.0	2.761	0.967	4.036	4.29
cell_0542	cluster_3	1.513	8.781	6.271	3.054	22.93	23.628	3.781	2.872	1.368	3.554	10.978	4.609	3.168	6.021	16.151	2.828	12.039	4.512	4.043	0.0	13.19	3.206	3.029	1.59	1.432	3.696	2.321	4.361	3.967	1.892	1.636	7.499	2.221	0.0	2.866	0.0	1.442	6.498	5.253	2.277	5.823	2.448	8.995	4.232	1.653	3.681	1.169	0.613	3.485	2.272	1.748	1.156	0.563	0.0	2.943	1.524	0.0	1.712	3.04	0.0
cell_0515	cluster_3	0.0	8.312	1.196	1.952	18.799	34.876	26.815	5.209	1.731	12.966	1.435	2.608	0.0	4.182	0.576	2.117	3.551	1.413	3.424	2.78	1.708	1.982	3.187	3.951	2.398	2.978	6.367	1.991	0.637	1.813	4.071	3.698	7.868	4.012	10.278	2.462	3.248	3.344	7.529	10.09	2.022	4.444	5.23	0.679	21.934	2.796	8.62	0.924	8.283	4.598	2.892	2.238	6.582	5.955	3.263	3.797	1.726	2.008	2.448	2.064
cell_0030	cluster_1	0.0	12.687	12.287	4.494	9.609	0.0	3.641	0.537	2.709	2.869	2.109	1.369	4.383	3.168	10.092	5.094	0.0	3.509	0.0	3.451	11.078	6.861	5.628	0.0	6.61	3.316	12.928	3.335	0.0	9.094	5.454	0.0	6.492	4.651	0.0	9.303	2.899	8.115	4.711	9.066	2.419	3.149	3.216	1.303	2.684	2.143	0.824	2.774	5.801	1.706	3.24	9.01	3.87	4.052	6.405	6.461	2.109	5.886	1.823	4.576
cell_0573	cluster_3	0.0	3.954	2.627	3.158	0.0	37.933	7.873	3.2	1.516	0.0	1.267	8.114	2.391	0.679	1.58	2.298	0.65	3.793	3.191	1.861	3.029	0.0	2.915	4.015	3.203	2.47	7.574	1.431	0.923	5.677	1.979	0.269	3.223	2.293	0.475	3.586	1.471	2.004	1.975	0.0	3.649	4.741	0.0	2.643	2.398	5.878	2.363	1.083	6.536	7.428	0.0	2.71	1.347	2.212	0.682	2.381	2.063	1.032	5.836	3.482
cell_0137	cluster_1	0.0	14.834	6.877	1.477	5.083	7.311	4.313	3.351	0.0	8.329	9.506	4.827	6.98	3.25	2.34	3.038	15.812	3.167	4.923	10.861	7.876	16.808	6.451	1.297	5.091	4.387	2.263	2.933	4.998	4.746	3.799	4.508	9.214	4.703	6.303	4.238	2.97	4.686	2.568	10.419	5.415	3.761	4.324	1.083	2.511	4.807	10.636	3.424	0.0	5.675	2.214	2.754	4.118	1.519	6.888	4.847	4.149	3.617	9.012	4.982
cell_0174	cluster_1	11.244	26.087	3.133	3.317	0.974	1.36	0.987	0.473	2.895	1.46	1.418	0.956	0.916	4.076	2.479	1.104	2.971	3.142	3.06	5.754	1.127	2.053	4.7	2.234	1.691	2.381	18.183	1.042	2.355	1.468	1.809	2.638	6.741	1.478	4.036	2.131	5.59	3.36	4.128	1.898	7.997	3.542	1.113	1.776	2.981	1.638	3.987	6.751	1.593	2.08	1.427	1.333	0.924	1.921	2.219	0.0	0.604	1.2	2.183	3.152
cell_0315	cluster_2	1.957	2.556	28.88	0.0	3.0	2.784	0.781	9.182	1.439	0.799	1.946	2.146	4.216	1.989	0.0	2.392	10.045	0.984	1.218	1.007	2.05	1.408	2.343	8.909	2.585	1.26	3.105	0.0	3.005	2.552	2.713	2.45	7.862	2.181	4.033	1.14	1.746	0.294	3.41	16.84	1.655	2.889	0.921	9.272	2.801	2.753	2.766	1.862	3.019	10.645	1.407	8.424	1.725	1.356	6.37	2.619	1.41	1.163	5.222	2.598
cell_0184	cluster_1	25.357	23.965	0.0	0.0	1.047	0.458	3.586	2.336	3.828	1.249	0.488	1.757	1.192	2.36	4.219	2.076	0.0	1.197	3.516	0.957	1.0	0.0	3.209	1.681	0.0	3.342	1.876	0.599	0.412	6.452	0.0	1.541	1.023	0.376	0.82	0.0	1.478	1.761	1.747	2.34	3.84	0.0	0.728	3.229	0.948	3.212	4.208	1.629	1.571	0.755	2.608	1.428	3.674	0.549	2.716	1.39	2.131	2.299	0.804	1.013
cell_0394	cluster_2	0.0	2.757	0.0	11.969	1.724	3.62	2.134	1.726	4.666	1.129	1.493	1.694	12.957	1.469	0.0	2.587	5.755	1.866	0.0	0.801	3.528	9.938	5.084	3.026	1.929	3.078	0.0	0.695	0.0	1.396	15.503	2.445	1.698	4.801	2.538	0.0	2.12	1.462	1.11	0.0	1.28	4.473	2.657	8.051	0.526	0.641	0.975	2.629	11.651	3.496	1.067	5.636	2.992	5.595	4.832	3.098	1.059	1.231	3.542	10.951
cell_0553	cluster_3	6.78	4.311	9.195	2.783	0.0	32.218	9.581	18.162	1.368	2.364	2.554	3.232	2.136	4.005	0.0	6.916	2.88	1.287	2.386	1.636	0.0	4.575	6.15	0.0	4.284	5.083	4.466	2.025	2.829	2.928	2.706	1.879	3.03	13.111	2.045	1.868	2.533	2.65	2.502	1.892	0.998	2.446	3.938	0.78	4.693	5.663	1.312	1.56	1.333	4.315	1.278	1.679	4.546	5.277	3.455	0.0	7.23	3.475	1.278	2.402
cell_0426	cluster_3	2.997	2.719	2.827	1.267	8.968	35.34	7.032	13.322	0.491	2.779	0.878	4.138	1.056	8.152	0.0	1.93	3.926	2.28	3.166	4.539	3.105	5.616	1.205	1.429	1.872	6.644	2.985	3.669	0.869	16.267	3.239	3.275	9.484	1.776	3.584	1.837	3.962	2.676	5.775	1.285	0.0	3.634	0.783	0.684	7.208	0.874	0.71	2.757	3.79	0.0	2.321	1.579	1.872	1.982	5.634	0.0	0.719	4.767	2.193	1.489
cell_0462	cluster_3	8.118	4.659	7.593	2.011	42.883	19.752	6.303	13.361	2.333	5.54	7.104	7.494	7.284	0.0	14.823	2.377	1.381	0.908	3.842	2.879	4.133	1.683	5.731	3.96	4.503	5.676	6.642	0.0	1.977	6.702	2.954	1.392	3.242	9.621	1.646	4.673	1.864	0.0	1.328	6.236	6.618	1.445	20.648	4.341	3.071	4.165	0.0	6.532	9.7	2.172	0.0	2.42	4.028	4.17	0.0	5.558	3.968	8.333	5.975	1.197
cell_0063	cluster_1	16.642	28.618	2.873	5.468	1.757	0.635	1.747	1.422	3.54	4.821	6.259	3.005	4.219	1.676	4.136	0.0	14.203	3.53	2.534	3.618	2.807	0.0	0.497	1.602	0.716	5.195	0.0	1.553	2.745	1.555	2.63	2.457	6.074	0.0	0.0	0.527	3.988	2.784	1.744	2.455	3.99	0.661	4.927	15.113	2.064	2.918	2.118	1.678	3.865	3.042	1.0	1.796	0.0	2.457	1.185	2.56	1.66	4.011	4.469	8.253
cell_0110	cluster_1	0.0	46.425	0.753	4.594	2.129	4.025	11.126	5.307	3.747	1.861	0.0	8.138	7.325	1.943	0.93	3.046	15.707	1.81	0.0	2.393	0.803	0.0	11.943	2.485	5.394	1.257	1.785	3.021	3.813	3.183	3.969	2.929	4.778	2.349	5.083	0.0	2.991	1.272	2.948	3.842	0.0	3.167	1.747	1.74	3.124	7.224	5.079	7.506	4.157	2.362	6.834	1.905	2.179	6.377	1.995	2.081	1.319	2.573	7.856	1.978
cell_0058	cluster_1	23.146	19.467	4.136	0.0	8.415	17.273	7.499	2.752	3.581	0.0	2.745	9.094	2.82	5.165	3.952	2.057	0.0	2.048	4.165	2.739	2.03	34.227	8.402	3.752	0.0	3.113	1.325	1.847	4.621	3.638	3.428	5.274	4.72	3.849	2.261	7.796	3.758	6.808	1.72	5.056	2.381	3.659	4.775	2.548	1.771	2.64	2.043	13.144	2.512	0.915	3.187	2.246	0.0	3.966	1.685	9.334	2.068	15.147	1.643	2.376
cell_0309	cluster_2	0.0	5.025	24.47	7.505	0.432	2.607	2.508	5.887	11.427	2.727	0.0	5.272	2.025	2.99	1.638	10.25	3.193	2.476	5.658	2.058	0.0	16.342	1.772	1.019	2.048	4.789	4.969	14.003	6.919	3.377	4.412	1.136	1.9	3.317	5.391	7.964	7.832	1.408	3.404	0.471	8.494	2.37	9.627	0.0	0.0	4.117	1.432	2.964	0.609	3.147	1.795	2.169	1.786	1.276	3.146	1.099	1.666	1.006	5.863	7.804
cell_0536	cluster_3	0.567	5.644	2.712	7.768	15.962	20.733	3.718	1.574	1.073	2.995	2.778	1.343	7.322	2.669	0.0	0.83	0.936	3.696	2.257	1.033	2.449	5.969	0.959	1.998	1.085	3.949	1.001	1.002	2.441	2.309	3.31	1.923	2.591	2.547	3.798	3.197	0.0	2.145	1.111	4.544	2.574	3.188	2.343	2.256	0.0	22.621	1.583	2.556	16.987	1.198	4.583	2.426	1.134	0.0	0.0	1.679	1.445	0.0	2.341	2.821
cell_0533	cluster_3	1.969	1.961	3.59	6.452	15.808	8.251	2.337	0.0	1.463	3.5	0.431	1.772	4.706	0.0	1.569	13.713	1.466	2.394	0.42	2.165	1.356	4.025	1.674	0.0	1.962	4.039	0.483	1.305	1.805	0.732	0.0	0.883	3.069	1.791	0.723	6.559	2.572	1.713	2.954	4.649	2.835	3.865	7.464	2.215	1.298	4.297	2.263	2.665	1.074	5.809	1.398	1.221	0.0	1.575	0.0	2.561	2.902	2.587	3.099	1.533
cell_0093	cluster_1	89.416	16.417	2.072	3.508	4.993	6.198	0.0	1.166	8.889	2.222	5.513	3.485	1.662	2.829	4.123	12.351	2.593	12.618	1.939	6.611	0.0	2.206	6.081	1.404	22.685	9.617	10.708	6.492	3.258	14.213	0.0	17.737	5.261	1.097	4.417	14.937	0.0	2.151	2.868	3.361	0.0	5.455	6.034	0.0	5.565	7.155	2.818	4.164	3.711	11.788	9.156	2.361	2.866	9.374	2.338	3.489	20.699	2.749	3.678	2.815
cell_0491	cluster_3	2.578	5.034	2.34	6.05	24.06	65.625	0.923	4.303	1.663	4.397	2.603	4.095	1.424	3.432	4.987	0.628	1.614	3.536	3.416	1.383	1.348	0.0	2.008	2.596	1.035	1.89	1.904	3.699	8.405	0.429	6.914	0.695	3.458	1.366	2.096	2.515	1.061	3.166	1.129	2.637	1.087	3.14	1.401	1.862	2.836	1.182	1.969	0.689	0.0	2.719	1.819	4.524	3.579	0.0	1.497	4.817	0.775	0.925	5.622	2.437
cell_0376	cluster_2	2.305	0.0	27.902	25.224	2.488	6.305	5.776	4.392	7.103	1.853	2.322	4.187	6.078	1.546	2.346	0.0	1.372	1.671	6.455	4.446	0.0	1.086	1.808	0.868	1.137	2.019	1.638	3.832	1.62	1.562	0.517	9.647	7.602	2.614	11.816	0.939	2.276	1.183	3.39	0.453	2.34	1.362	2.257	3.482	1.313	0.433	1.197	10.063	1.647	2.437	5.559	4.301	3.116	1.014	2.214	0.0	5.429	0.826	0.82	5.312
cell_0260	cluster_2	0.974	11.203	202.048	61.054	2.881	10.222	7.337	6.033	0.0	1.559	2.168	2.893	17.292	0.0	13.624	1.384	3.064	1.294	7.554	2.543	1.796	4.905	2.424	5.356	2.207	3.009	3.051	3.257	0.0	8.403	3.312	3.552	1.271	1.831	4.6	3.009	2.716	3.335	3.717	6.232	0.0	0.0	7.386	3.112	1.213	5.67	3.905	3.768	0.0	2.117	3.475	3.859	6.166	6.038	0.0	2.891	13.101	5.946	3.301	2.927
cell_0023	cluster_1	71.546	20.619	4.983	0.0	0.0	8.045	9.824	3.95	7.196	3.135	6.265	2.088	8.518	1.828	3.194	6.278	0.802	13.856	0.0	1.715	2.219	1.587	3.767	0.0	0.0	3.811	1.313	0.939	1.907	2.516	1.947	1.274	0.839	4.615	5.31	4.584	2.358	1.342	4.852	2.279	1.136	0.958	2.167	0.889	1.52	1.831	3.049	2.186	3.457	1.474	1.456	0.0	0.759	5.181	3.005	5.029	7.517	4.326	3.699	7.38
cell_0299	cluster_2	3.478	4.091	0.0	22.529	5.537	2.344	0.886	0.557	1.165	4.008	2.148	3.699	5.097	3.678	3.166	0.686	3.023	9.316	4.106	6.516	2.626	2.566	1.172	11.905	2.114	2.903	8.159	1.836	2.323	5.889	14.755	3.453	3.525	2.985	4.971	0.0	3.298	0.789	6.708	1.648	4.285	2.159	0.0	0.0	4.319	1.445	5.699	3.991	0.653	1.754	10.113	2.974	5.227	6.358	1.177	6.938	3.588	3.705	2.248	0.524
cell_0387	cluster_2	0.0	0.444	17.058	20.187	3.33	1.288	0.0	0.743	4.322	0.288	5.973	3.441	3.247	8.198	2.201	2.402	0.0	1.115	0.734	1.557	0.715	2.706	5.66	0.655	2.003	1.207	1.877	2.417	1.375	1.197	4.971	0.968	1.658	2.511	0.0	0.635	3.017	2.177	0.577	5.649	3.723	2.989	1.393	1.805	7.96	3.298	9.36	2.695	2.861	1.635	2.673	2.19	3.177	0.877	1.82	2.469	2.427	14.859	0.0	2.152
cell_0521	cluster_3	2.673	4.781	3.842	1.655	30.116	33.839	2.421	14.7	2.351	7.632	16.617	3.203	1.956	4.614	0.0	3.205	1.262	9.18	1.955	3.754	2.023	3.994	0.0	2.355	1.285	2.089	1.38	2.283	0.915	10.571	0.679	14.326	0.929	1.621	3.481	5.599	4.933	5.535	12.012	5.384	12.502	0.0	1.285	3.145	8.742	16.523	2.047	4.614	1.457	6.456	8.195	1.162	0.0	2.726	2.288	3.283	3.296	3.258	4.398	3.934
cell_0279	cluster_2	3.848	0.761	33.102	15.723	9.43	2.365	1.679	2.833	2.063	3.374	4.896	1.105	5.84	3.249	4.804	5.847	2.357	5.582	1.475	3.962	1.111	4.979	0.0	5.694	1.724	1.51	4.283	2.617	2.868	2.988	11.553	1.261	3.557	3.765	9.157	3.332	6.985	2.784	1.688	1.385	4.307	4.34	2.408	2.27	2.261	13.845	5.172	1.919	8.06	1.949	4.987	1.545	5.972	2.155	5.363	5.417	2.593	0.0	0.0	2.261
cell_0526	cluster_3	1.865	1.642	3.023	1.501	94.349	6.172	1.367	0.0	1.006	1.341	3.004	0.0	2.09	2.411	4.097	2.993	2.826	0.0	2.846	7.77	1.351	1.224	5.513	1.046	2.727	0.0	1.605	1.77	3.115	2.073	2.021	1.572	1.602	1.413	0.992	1.893	1.39	4.402	2.41	1.193	1.39	0.0	1.921	1.155	0.63	0.904	3.28	9.509	1.499	6.702	3.119	4.558	1.742	3.364	9.96	3.356	1.29	0.0	0.849	1.602
cell_0202	cluster_1	20.425	49.534	0.0	2.672	0.643	1.269	0.998	0.0	2.683	3.808	6.791	0.763	1.968	2.599	0.0	0.0	1.719	0.889	2.826	2.096	9.748	0.569	1.287	1.495	16.375	0.0	6.697	1.978	2.124	9.634	2.865	2.504	2.418	1.939	3.214	7.804	10.826	2.151	8.374	1.675	0.813	0.0	2.36	2.191	3.786	5.331	4.353	4.158	1.122	5.223	6.343	0.841	2.882	0.833	1.016	2.98	1.197	0.0	2.712	2.915
cell_0508	cluster_3	2.029	9.868	1.968	3.688	46.522	18.573	12.098	5.517	0.0	0.0	5.804	4.831	1.213	1.68	13.342	4.94	1.685	2.817	9.53	1.499	3.225	4.885	1.241	1.873	4.089	1.723	2.409	4.328	0.0	1.545	3.927	11.585	1.472	3.526	0.0	4.623	1.0	14.053	2.47	2.852	1.937	0.957	1.209	0.95	7.838	3.547	6.062	8.846	1.806	1.911	4.628	2.566	0.0	0.0	0.0	3.173	1.137	0.0	2.888	12.149
cell_0422	cluster_3	2.273	1.861	1.874	6.88	60.633	36.271	6.574	4.104	0.553	4.363	2.987	7.692	1.183	4.198	5.587	1.701	5.151	1.654	0.923	0.0	2.031	1.55	0.488	4.817	0.0	0.869	7.445	6.454	4.721	1.357	6.573	1.923	0.0	0.0	1.597	1.869	2.025	2.516	1.647	1.086	1.286	5.531	2.144	2.191	6.291	1.666	0.0	4.769	9.613	4.434	2.451	0.787	5.474	2.782	4.762	8.866	1.453	3.176	0.0	3.277
cell_0411	cluster_2	11.066	4.041	23.28	0.0	1.641	1.815	3.063	2.605	3.27	12.869	2.604	31.451	3.122	6.067	7.542	9.555	7.21	1.325	1.188	7.731	7.226	1.742	5.523	1.725	2.792	9.611	4.635	10.06	3.024	0.0	1.742	2.457	2.347	2.508	1.978	2.012	5.275	7.44	2.616	2.669	3.394	3.828	1.996	0.786	3.098	6.012	6.453	0.0	7.554	0.0	2.502	4.258	1.435	0.0	3.116	3.167	0.921	6.014	9.13	1.933
cell_0258	cluster_2	1.65	6.989	41.168	22.922	7.373	1.227	1.484	10.575	2.894	6.342	3.01	3.348	1.822	1.329	4.968	2.92	2.08	1.846	10.619	1.345	1.655	4.203	0.634	4.217	3.115	3.406	0.711	5.625	8.222	4.215	9.351	3.539	4.169	4.378	1.769	0.0	0.0	1.366	11.751	1.565	0.871	2.258	1.573	0.0	3.724	4.905	1.406	0.0	2.607	12.039	0.0	1.117	13.068	3.949	2.567	1.023	6.981	1.535	0.0	3.581
cell_0161	cluster_1	0.0	30.202	3.305	2.52	1.655	0.0	4.052	3.704	3.243	3.686	2.332	1.215	5.916	1.085	0.855	4.946	0.0	1.093	1.489	2.725	1.688	2.464	0.0	8.676	0.729	1.218	2.878	1.739	0.0	0.822	2.677	5.515	4.098	1.115	4.485	0.801	2.447	1.749	1.965	3.939	0.833	1.773	3.978	1.136	7.42	3.226	1.188	3.843	3.658	0.875	3.191	1.574	3.012	0.637	1.642	0.0	4.999	5.584	0.0	8.038
cell_0304	cluster_2	2.578	3.143	20.336	8.072	2.712	1.018	4.541	3.947	3.83	1.382	1.301	4.843	2.238	0.899	4.286	0.0	0.849	1.795	2.631	4.016	2.714	2.682	1.32	2.898	10.039	2.975	2.783	1.787	2.538	2.88	0.756	1.45	4.272	1.573	1.688	2.683	2.763	11.402	1.017	2.861	4.258	0.709	14.021	0.87	1.26	1.191	4.113	2.816	0.618	1.807	0.668	5.604	3.103	5.571	1.152	3.272	1.871	3.127	6.382	2.872
cell_0234	cluster_2	2.083	3.239	20.335	37.274	0.803	2.717	4.007	2.721	4.413	0.0	0.856	3.989	2.711	2.275	0.0	2.048	3.058	3.968	5.68	4.392	1.85	5.369	3.853	4.058	9.336	1.562	3.874	0.0	2.744	3.19	3.025	5.722	5.358	5.828	3.847	3.437	1.153	0.0	1.985	4.784	0.0	1.426	3.366	6.904	0.912	2.439	3.843	0.0	1.874	6.63	1.966	1.508	1.783	0.909	5.465	1.012	1.498	0.0	0.0	0.453
cell_0019	cluster_1	21.547	9.725	1.449	1.453	2.361	3.735	0.91	0.879	0.736	0.929	1.343	3.081	1.78	0.0	1.364	0.786	0.352	2.059	1.12	0.421	0.0	0.861	1.579	1.429	0.0	1.695	2.153	2.732	1.752	1.399	2.37	1.047	0.331	1.906	0.27	2.723	0.93	1.367	1.367	0.645	4.472	2.559	1.088	2.956	1.339	1.598	3.648	0.555	1.091	0.756	0.0	1.296	0.78	0.794	1.234	2.28	3.489	3.991	1.577	3.757
cell_0291	cluster_2	4.684	0.913	11.138	12.354	1.926	3.731	4.703	4.995	4.108	4.617	3.728	1.825	1.106	3.098	0.0	4.762	4.745	5.935	0.0	2.699	2.903	2.803	1.011	1.344	0.758	1.364	3.481	3.39	1.55	1.11	1.874	1.293	4.621	2.028	1.944	0.464	0.527	1.129	0.327	6.656	5.773	0.613	0.0	1.426	4.446	2.134	4.986	0.0	4.215	3.085	0.832	4.089	0.0	0.0	1.002	3.238	2.158	2.461	0.791	1.24
cell_0535	cluster_3	1.701	0.0	18.725	8.039	24.84	0.0	0.0	4.85	1.787	3.186	2.768	5.654	0.0	4.283	5.109	2.95	4.417	3.953	3.13	1.689	2.913	0.0	0.873	3.417	1.886	2.277	5.118	1.583	7.514	1.277	0.0	4.552	1.56	3.431	8.214	5.057	8.006	0.0	2.732	6.274	3.228	9.417	8.535	0.0	2.108	1.95	0.0	1.171	1.005	1.994	8.833	2.31	1.872	0.476	2.508	3.293	1.406	2.369	1.403	1.439
cell_0062	cluster_1	23.472	30.444	0.0	3.087	0.648	0.0	7.987	15.81	2.795	3.856	2.217	2.834	2.595	0.807	2.478	2.088	5.635	1.45	2.85	3.875	0.0	1.241	2.251	2.294	0.0	4.501	3.223	0.0	2.198	1.33	5.876	3.117	7.498	4.483	1.451	4.249	2.961	2.981	5.249	5.264	2.261	1.238	2.17	3.323	2.783	3.506	2.001	1.65	4.563	8.637	3.483	0.623	1.25	0.0	5.125	2.737	2.25	1.536	11.737	0.0
cell_0098	cluster_1	24.767	0.0	1.283	1.827	1.404	1.19	3.767	5.0	1.124	4.235	1.099	0.0	2.642	0.293	3.343	2.525	4.349	3.42	3.639	5.964	2.547	0.0	4.083	3.545	2.53	3.184	24.698	0.432	1.109	1.01	1.686	4.632	1.142	2.248	3.235	1.93	0.0	4.816	1.625	4.268	5.264	3.358	10.833	1.831	1.395	4.708	4.662	0.907	1.689	0.0	0.0	3.273	1.517	6.502	1.528	2.151	2.883	10.467	3.256	2.313
cell_0436	cluster_3	3.274	3.671	3.373	1.405	139.052	12.522	0.0	3.181	0.971	2.789	7.284	2.472	1.958	5.422	1.944	4.634	0.805	3.574	3.166	7.779	0.0	11.357	0.58	5.477	0.0	3.564	1.278	1.612	3.714	2.421	1.464	1.451	5.723	2.902	0.0	2.329	0.0	1.25	5.01	4.208	7.173	0.764	3.176	2.618	9.434	2.831	5.401	3.765	7.221	5.53	1.377	1.954	1.266	2.536	0.0	2.986	2.706	4.182	2.812	2.724
cell_0193	cluster_1	20.752	132.663	13.442	0.0	1.622	2.257	1.706	3.676	2.891	0.0	2.552	3.231	1.63	1.551	0.0	6.154	2.53	5.064	3.829	1.469	2.152	2.207	0.0	4.735	12.036	1.411	1.877	1.383	4.558	1.774	4.638	0.901	1.02	1.334	15.251	0.0	1.16	2.608	3.83	1.968	2.039	3.663	2.025	2.746	4.005	3.281	4.131	3.309	2.875	4.61	6.137	1.209	3.208	5.767	0.0	2.509	0.865	3.328	2.688	1.742
cell_0461	cluster_3	2.049	1.117	1.869	0.0	18.281	37.335	3.819	2.936	3.661	4.197	0.0	0.0	2.45	4.2	2.916	1.702	0.0	1.618	1.214	4.753	3.96	3.364	5.441	0.682	1.629	1.675	3.843	0.96	0.0	1.612	1.383	16.928	1.283	3.854	0.0	3.596	0.513	1.722	5.62	3.859	5.209	2.494	2.37	0.861	9.935	3.775	0.0	4.315	6.785	2.236	15.703	0.0	1.386	6.665	9.908	4.26	1.372	6.874	2.941	2.498
cell_0054	cluster_1	50.562	31.177	3.825	4.498	2.928	3.498	2.241	7.746	1.395	3.248	7.371	1.865	1.825	0.0	2.382	9.012	7.065	0.0	4.518	1.91	2.523	1.608	3.54	1.839	0.0	2.327	0.0	7.542	0.0	1.478	4.8	4.338	2.154	4.259	2.655	1.747	0.0	3.632	3.29	2.621	1.246	2.239	1.434	6.809	0.0	3.72	1.176	9.24	5.14	6.515	1.654	0.0	4.14	0.0	0.0	1.61	0.0	1.329	14.717	1.351
cell_0495	cluster_3	2.559	2.013	1.524	9.558	21.105	57.609	1.573	0.0	6.008	9.524	1.724	6.098	0.559	0.0	0.863	3.539	1.379	11.42	1.308	2.768	5.079	7.163	0.818	1.32	3.611	1.675	8.009	7.462	3.519	4.4	3.548	5.815	4.156	1.988	3.017	20.346	0.0	1.217	2.718	3.655	13.381	2.961	5.437	2.687	5.911	5.118	11.362	2.838	1.673	3.24	1.2	3.614	1.367	6.916	2.0	2.08	7.495	8.711	6.883	5.22
cell_0190	cluster_1	34.116	17.528	1.381	8.667	2.365	2.268	3.554	2.363	2.867	5.868	4.183	2.155	0.606	1.864	2.045	0.985	0.715	4.838	0.0	2.6	3.877	3.521	1.843	1.243	3.687	6.288	3.007	2.065	2.546	1.338	0.0	1.542	1.984	5.234	4.84	0.0	1.833	2.968	1.996	6.53	4.454	2.738	0.637	1.486	1.715	0.0	1.223	2.661	4.039	2.958	3.493	0.0	3.055	1.98	4.603	8.213	3.175	3.042	7.528	4.119
cell_0405	cluster_2	5.117	1.183	40.726	0.0	5.197	3.256	3.409	11.084	1.992	4.955	2.683	4.698	0.768	2.172	1.924	1.469	0.515	2.829	6.598	3.976	1.893	7.331	2.643	2.916	2.211	2.796	3.256	1.614	1.907	0.0	3.459	16.171	2.894	0.0	2.216	5.494	7.822	1.403	5.432	3.957	4.37	0.929	4.102	5.069	1.037	1.961	3.32	2.119	0.0	0.0	11.084	2.325	1.978	0.0	0.594	5.093	2.93	27.023	0.0	1.596
cell_0272	cluster_2	2.385	2.159	22.632	99.808	4.686	1.547	2.344	0.0	0.0	2.44	2.441	0.0	2.629	2.813	4.777	0.649	2.496	2.062	5.204	8.561	7.014	1.112	0.997	0.965	8.385	10.581	3.839	1.938	4.54	2.628	1.981	0.0	0.0	0.0	3.934	0.0	0.936	1.649	7.736	3.024	4.645	6.012	3.289	8.07	3.782	4.809	8.658	2.347	2.621	0.0	0.0	9.311	7.961	5.889	4.36	3.11	0.0	0.0	6.09	2.226
cell_0372	cluster_2	3.082	1.957	42.148	36.594	1.257	4.515	2.161	0.0	0.4	0.0	6.975	3.739	2.54	1.155	0.848	1.349	4.679	0.202	3.708	1.602	4.627	2.495	3.141	0.829	1.406	2.496	2.279	2.239	2.398	2.624	1.668	4.1	3.726	0.736	2.654	6.361	1.644	2.264	1.836	1.014	1.983	0.987	2.312	0.286	0.647	2.457	3.348	1.345	2.024	0.81	1.198	2.07	1.144	0.873	1.338	0.554	1.987	1.457	0.653	0.819
cell_0311	cluster_2	4.571	3.431	37.4	53.338	2.41	2.635	2.762	1.674	1.982	4.414	0.707	2.194	1.654	2.275	2.4	1.448	3.074	1.56	1.392	0.511	11.806	0.417	0.0	0.533	1.787	0.814	1.774	1.117	6.921	3.18	0.797	1.586	3.272	1.327	1.54	3.83	1.375	0.0	0.0	3.415	2.335	1.588	5.674	1.96	0.0	3.971	1.989	4.304	1.096	5.891	1.822	5.978	2.477	2.423	1.739	5.773	1.399	1.818	4.763	3.103
cell_0388	cluster_2	10.125	2.631	10.706	40.076	10.274	2.329	4.383	2.402	2.604	3.813	7.024	3.059	6.466	1.394	0.0	2.573	5.87	1.446	0.581	3.303	1.393	3.585	4.725	1.794	3.102	0.983	1.584	1.595	12.144	6.857	3.259	3.375	0.83	4.594	2.332	1.267	0.0	7.148	0.715	0.0	3.487	1.535	2.719	4.608	2.459	6.291	7.37	1.132	4.029	3.127	0.0	3.445	0.0	3.18	2.326	7.571	1.304	7.319	6.323	3.114
cell_0511	cluster_3	5.074	3.167	6.302	0.0	3.85	29.239	9.652	8.377	2.269	5.25	12.565	3.355	6.2	0.0	1.392	2.917	3.267	0.805	1.902	1.951	0.0	6.333	3.235	0.0	20.579	1.054	3.214	5.795	8.372	4.849	0.604	2.143	6.644	2.116	0.0	3.241	4.101	1.297	1.547	8.494	3.876	14.282	4.596	1.798	4.687	5.187	0.0	1.233	1.694	3.726	6.808	5.447	2.662	5.033	2.66	5.162	0.0	2.267	1.146	5.017
cell_0085	cluster_1	24.737	18.649	0.0	5.835	0.0	1.715	9.761	2.979	0.687	1.14	0.0	5.935	1.312	2.515	0.0	3.005	1.217	3.256	3.006	1.793	1.973	0.67	1.768	4.081	10.45	0.0	2.558	2.763	6.295	0.0	3.245	0.0	5.798	2.517	4.979	1.911	4.55	0.678	3.82	3.813	1.233	4.046	0.0	3.015	3.094	3.268	9.165	3.922	2.562	3.155	0.0	2.215	1.262	3.036	0.0	2.151	3.336	2.803	2.256	0.684
cell_0163	cluster_1	60.372	139.119	2.288	3.205	2.652	0.0	0.0	0.0	0.782	0.0	3.639	10.687	1.765	3.159	12.184	23.152	15.032	0.0	0.0	1.432	4.6	37.101	9.696	5.69	1.534	12.869	12.015	7.018	1.614	3.681	5.87	4.777	3.638	3.465	9.763	8.869	0.722	4.352	2.479	3.686	8.033	3.554	7.287	6.786	6.1	8.195	1.45	0.0	6.836	10.585	7.435	5.092	1.801	2.884	1.7	7.555	11.304	5.641	2.169	3.856
cell_0092	cluster_1	40.414	0.0	2.67	9.448	2.511	1.339	9.638	9.701	1.708	2.058	3.801	2.628	1.676	1.001	4.109	0.0	3.257	2.354	0.987	4.444	2.418	4.421	4.738	2.619	4.197	1.572	15.09	1.649	3.751	2.484	4.58	4.846	6.413	11.955	0.486	5.133	1.856	1.509	5.057	3.454	2.797	1.121	1.247	2.927	4.806	9.21	4.434	0.0	3.085	2.906	6.946	2.576	3.076	15.072	0.0	0.0	3.107	1.529	0.0	0.0
cell_0353	cluster_2	5.361	3.017	39.265	18.229	0.838	1.144	5.655	2.732	0.0	3.124	4.136	2.731	0.0	8.702	2.59	2.373	0.0	1.831	1.295	2.361	2.685	3.713	7.134	0.0	2.449	1.897	2.157	1.918	15.449	3.866	20.29	1.591	0.0	5.794	0.0	3.96	0.0	3.624	5.213	13.047	5.374	1.548	1.824	7.483	2.258	2.952	1.752	1.422	19.796	2.541	8.007	4.843	2.455	2.734	0.0	4.484	1.691	1.736	4.84	1.554
cell_0449	cluster_3	1.455	6.052	2.983	3.147	28.051	44.228	3.744	4.971	1.472	1.755	2.77	1.741	3.831	2.736	6.685	0.0	4.131	0.0	2.551	1.392	2.653	2.516	1.722	0.0	6.74	0.831	3.51	2.635	6.48	1.725	0.989	5.294	0.701	1.166	6.437	1.485	0.366	3.678	1.888	1.24	2.245	2.608	2.561	2.303	1.463	4.945	2.354	9.407	0.0	0.0	0.813	2.869	2.431	7.32	1.246	4.621	0.836	2.121	0.798	1.177
cell_0245	cluster_2	3.232	1.888	14.252	62.621	2.898	0.7	1.77	2.6	11.066	3.207	0.0	1.926	1.362	2.701	6.618	13.98	4.054	1.442	6.539	1.201	1.425	0.0	0.0	1.61	0.661	5.707	2.325	1.87	5.637	1.939	1.522	0.0	0.0	0.0	5.003	6.221	1.587	2.418	4.846	0.709	1.97	3.03	14.398	3.69	5.764	1.993	0.0	1.837	1.987	1.718	3.699	6.53	6.119	2.707	12.434	3.908	3.005	2.365	2.341	3.777
cell_0166	cluster_1	0.0	42.804	6.35	1.313	3.879	0.0	3.085	13.534	1.634	0.0	4.542	3.562	21.658	2.115	3.311	9.532	4.995	1.901	5.352	7.675	3.195	2.607	1.443	4.147	4.105	3.306	4.882	3.236	17.131	7.419	6.305	3.796	0.0	0.0	4.935	4.997	2.573	5.44	14.354	4.082	0.0	5.001	0.0	4.833	16.502	2.907	3.008	4.433	1.664	1.069	3.819	3.159	0.0	1.599	0.959	5.408	1.389	1.674	2.642	5.623
cell_0117	cluster_1	36.691	15.027	4.006	7.206	0.0	2.879	5.291	0.637	1.9	2.05	11.793	7.373	1.67	2.924	1.759	2.247	5.486	3.402	1.431	9.333	0.0	1.618	0.0	1.259	3.162	1.132	0.0	2.396	0.0	2.714	1.507	2.128	1.372	1.999	2.014	1.345	2.143	1.096	0.654	3.135	0.996	2.802	1.815	2.641	1.863	1.998	2.186	0.0	1.099	2.698	3.26	5.146	2.349	2.572	3.574	1.943	1.556	3.352	1.415	2.799
cell_0567	cluster_3	22.347	2.137	1.068	1.492	26.382	4.671	0.0	2.248	0.586	10.759	20.766	1.44	1.629	2.706	7.211	3.167	5.987	1.479	4.727	2.319	1.721	2.064	7.842	4.512	2.785	5.522	6.173	2.425	5.962	3.277	10.557	2.239	3.549	1.141	1.696	0.0	1.675	1.669	1.283	1.246	22.86	1.928	1.782	3.979	3.869	2.744	1.321	4.331	0.0	2.768	0.812	0.0	3.194	5.399	2.68	1.474	5.753	1.735	3.671	1.751
cell_0528	cluster_3	1.448	1.493	4.339	4.325	33.24	7.623	4.844	5.795	0.832	1.313	1.655	1.967	0.535	0.675	0.752	1.918	0.0	0.516	0.615	1.645	2.081	0.679	4.326	2.563	0.78	1.997	2.629	2.839	0.0	4.557	2.206	2.563	3.475	4.222	0.942	2.011	1.624	8.7	2.7	1.81	4.221	1.159	9.947	1.785	0.0	0.0	3.212	5.737	5.205	2.386	1.261	2.972	2.455	2.521	1.941	3.943	1.963	4.916	1.162	0.748
cell_0483	cluster_3	4.603	3.03	0.0	1.232	20.319	12.056	8.153	1.68	0.0	0.0	0.0	6.117	0.841	0.933	5.66	0.786	1.951	1.353	1.311	4.127	3.905	2.076	2.817	1.87	3.384	3.166	3.744	2.168	6.634	1.068	1.669	1.519	2.428	7.362	1.415	0.0	1.368	2.676	4.255	1.877	2.725	1.724	2.182	1.782	1.846	2.511	1.525	1.898	1.482	2.705	0.515	4.276	3.907	2.922	4.004	0.0	2.591	2.725	2.204	2.76
cell_0026	cluster_1	10.042	35.259	1.086	0.0	1.421	1.629	3.414	0.0	4.256	0.851	0.0	1.754	2.725	2.428	3.607	0.0	1.987	2.402	1.466	11.256	1.858	0.0	1.203	1.938	2.34	0.855	1.149	0.0	0.0	1.864	0.0	1.001	0.0	3.831	1.545	0.787	1.516	5.905	0.821	0.0	5.495	0.618	4.408	7.914	2.492	2.44	2.19	3.939	6.785	12.779	4.06	1.106	0.614	2.418	5.903	2.254	5.49	0.0	5.137	1.041
cell_0421	cluster_3	1.809	2.748	1.359	3.762	14.338	18.716	4.325	3.037	6.574	1.118	1.853	0.0	0.58	9.888	2.62	1.669	2.193	0.0	1.582	0.241	2.427	1.762	0.957	1.712	7.741	1.372	3.2	2.697	0.678	0.0	2.281	7.567	1.426	1.358	2.093	4.034	0.0	2.647	10.954	3.654	1.694	5.312	3.663	1.71	1.442	2.527	1.494	1.579	5.323	2.687	1.315	2.469	0.0	2.605	1.243	0.525	4.606	0.0	1.856	4.932
cell_0324	cluster_2	2.829	2.888	17.88	0.0	3.973	12.134	2.885	5.236	1.48	4.403	0.0	0.915	18.37	1.568	9.883	1.981	2.739	4.958	4.821	3.674	2.263	3.13	3.954	1.97	1.7	3.582	2.669	0.0	4.488	4.103	3.521	1.568	0.662	3.778	0.0	1.782	1.748	1.838	0.0	1.59	4.708	3.069	12.209	8.249	2.176	2.993	8.975	1.77	2.249	2.111	1.278	4.179	2.518	3.825	2.398	5.191	5.03	1.251	4.337	9.884
cell_0435	cluster_3	2.285	5.661	5.84	1.046	22.816	5.808	0.0	2.367	2.092	1.485	2.092	2.278	2.371	2.833	7.981	3.473	3.963	9.286	3.439	1.383	5.083	2.156	3.109	0.0	0.0	0.735	1.301	5.899	0.0	5.742	4.3	8.239	1.962	2.97	0.484	1.262	2.086	3.746	2.95	6.239	5.561	10.375	3.428	3.816	3.652	1.731	2.878	1.385	10.951	1.529	1.221	1.562	0.0	4.046	8.293	5.194	1.55	3.788	1.305	2.045
cell_0595	cluster_3	4.913	8.74	1.191	1.814	19.565	9.815	7.56	17.124	2.06	3.265	0.731	3.857	8.904	11.98	0.0	3.305	2.168	1.545	5.038	3.041	0.844	1.322	3.647	0.0	4.733	0.0	0.0	0.0	1.885	1.537	6.889	1.444	5.871	3.304	5.998	4.566	5.704	2.003	1.514	6.182	13.895	3.546	3.275	3.815	4.977	4.403	4.203	1.903	0.0	1.0	1.64	4.803	24.628	3.674	0.0	6.559	8.188	3.385	0.699	2.486
cell_0386	cluster_2	0.779	1.396	0.0	22.862	4.562	9.028	1.144	0.0	2.512	0.851	1.054	3.486	1.581	3.818	1.762	15.453	1.893	1.044	31.438	10.435	1.675	2.929	1.25	3.353	1.646	9.159	4.184	2.879	2.694	10.999	2.806	1.86	4.201	4.852	3.231	5.469	2.102	1.882	7.539	1.874	0.903	6.018	5.346	0.0	0.0	0.831	4.172	1.808	4.551	0.0	1.515	0.0	1.279	1.486	7.826	5.897	7.063	1.557	1.099	3.872
cell_0264	cluster_2	2.858	11.121	0.0	37.417	0.969	4.593	6.607	4.876	7.037	4.744	19.455	1.487	12.141	6.367	2.098	1.253	0.65	1.897	12.543	2.495	6.417	4.726	8.454	4.227	3.017	2.269	4.338	2.662	1.762	2.339	7.996	2.593	2.367	0.0	7.471	1.425	3.72	8.785	2.559	1.551	6.19	4.07	23.384	2.41	1.736	4.698	6.139	7.879	1.731	1.397	3.431	4.999	10.851	2.32	1.363	7.898	2.007	2.186	3.374	6.27
cell_0046	cluster_1	16.876	0.0	2.449	2.254	1.166	0.0	0.746	2.079	2.397	0.416	1.668	1.139	0.89	4.897	1.793	0.0	3.451	0.0	3.038	1.67	2.229	2.786	2.985	1.78	2.209	0.0	2.883	1.067	0.65	1.182	0.404	0.0	0.851	3.049	1.002	1.264	0.899	1.924	1.653	1.256	0.0	3.042	0.0	2.225	2.846	1.863	5.109	6.212	2.291	0.697	3.533	1.971	0.952	2.115	2.692	6.446	4.343	0.0	0.0	0.0
cell_0081	cluster_1	20.582	8.651	2.948	3.763	1.856	2.836	1.089	1.541	0.967	4.905	21.772	7.192	5.646	2.739	3.064	0.667	6.654	1.649	1.797	1.516	0.0	0.0	1.656	0.876	1.406	4.024	1.184	3.215	1.227	1.368	6.159	1.145	1.754	0.0	0.629	1.889	1.113	2.406	1.733	5.245	0.0	2.46	4.634	3.344	1.43	0.0	9.345	2.486	2.592	0.0	2.151	4.66	8.642	1.444	15.27	6.137	1.047	1.887	4.592	0.977
cell_0503	cluster_3	0.0	0.0	2.996	3.484	0.0	23.266	28.406	5.002	1.713	0.4	1.939	0.779	1.623	1.568	2.056	0.951	1.504	4.14	2.558	0.629	1.158	0.0	2.319	4.87	3.146	1.643	5.489	3.671	2.024	8.03	1.399	1.851	1.489	0.834	2.279	0.999	4.563	0.0	2.967	2.28	0.0	4.103	3.023	2.205	3.466	2.481	1.606	1.316	1.823	1.102	1.571	0.0	1.112	1.931	1.752	0.939	1.598	6.1	4.427	1.79
cell_0107	cluster_1	19.946	12.073	14.458	4.055	5.613	0.0	0.0	0.419	8.662	0.841	2.98	0.896	2.415	0.837	10.33	0.0	0.0	3.318	1.401	0.585	8.566	5.245	3.642	1.581	1.805	0.0	4.32	8.615	2.87	1.962	1.251	5.89	0.0	10.506	6.977	1.123	0.465	5.926	2.01	1.75	3.218	3.235	5.107	2.336	2.984	1.806	1.973	3.508	2.914	0.0	1.221	2.276	4.518	3.166	2.318	2.805	2.921	3.836	3.469	0.0
cell_0128	cluster_1	17.073	25.53	3.183	3.426	0.0	1.129	0.657	1.449	6.654	6.391	4.353	1.016	1.408	0.535	2.136	2.034	3.269	1.44	1.207	1.191	1.393	4.835	0.0	1.839	3.031	0.0	1.288	4.936	1.531	3.58	0.642	0.932	0.0	2.457	1.922	1.874	1.83	1.031	3.747	1.021	1.061	0.0	0.0	2.832	1.606	2.79	1.353	1.756	1.905	0.767	0.0	0.829	2.044	1.051	12.334	5.748	1.445	1.826	0.87	0.0
cell_0580	cluster_3	5.351	0.947	10.925	0.0	13.2	5.819	1.482	6.653	1.94	1.481	4.16	1.514	1.354	2.087	7.744	3.529	0.542	2.676	2.727	2.055	5.313	1.638	0.428	4.759	5.001	0.0	2.337	3.066	4.186	0.0	2.683	1.189	1.644	8.564	1.467	0.0	1.156	1.732	2.667	2.372	2.155	4.306	1.638	4.038	5.544	3.784	0.0	5.692	3.469	16.508	4.501	1.516	2.661	2.413	1.594	2.181	5.053	2.536	1.288	2.402
cell_0096	cluster_1	35.251	24.385	1.122	0.757	0.0	0.0	0.665	2.239	1.53	0.792	1.495	2.807	1.149	2.998	0.999	1.041	0.0	0.526	0.0	1.482	1.614	1.716	0.0	0.0	1.496	2.174	0.0	2.371	1.433	0.957	2.814	0.761	1.105	1.201	2.974	0.728	0.0	0.634	1.314	4.129	2.745	2.904	0.436	0.28	1.626	2.004	2.441	5.661	1.08	1.623	1.192	0.785	0.753	0.569	1.716	2.63	1.902	1.188	2.399	2.415
cell_0052	cluster_1	15.911	56.757	17.272	3.734	3.085	0.0	2.029	3.985	8.093	2.805	2.811	1.95	6.345	1.299	2.262	5.338	4.263	1.453	1.319	1.329	8.901	2.098	8.434	2.265	6.358	5.173	10.119	1.58	3.04	5.783	3.976	0.939	2.259	2.099	3.667	7.76	2.066	0.822	12.376	1.691	2.518	3.717	2.488	1.391	2.535	1.648	7.991	13.632	0.0	2.197	3.773	3.288	4.842	28.196	8.285	4.45	8.13	6.227	3.178	4.458
cell_0489	cluster_3	6.555	5.021	3.293	5.006	28.228	12.018	2.514	4.774	9.342	5.258	1.111	1.714	4.277	1.552	1.001	1.884	2.669	4.84	1.348	12.892	0.0	0.492	4.421	11.58	1.359	3.279	3.567	6.178	2.294	1.237	9.024	4.612	0.0	4.999	2.966	6.192	0.87	3.294	1.057	5.313	9.229	3.764	3.21	3.707	5.888	3.47	2.167	0.0	1.283	3.05	2.58	0.0	3.795	1.445	0.629	0.0	2.606	4.09	1.549	11.323
cell_0459	cluster_3	4.604	8.665	18.533	2.101	66.052	18.718	4.924	3.23	0.617	5.026	4.345	4.951	4.714	1.241	7.302	1.071	1.996	0.0	3.471	2.602	3.75	2.915	17.072	2.857	1.587	1.68	1.285	3.826	3.408	6.611	1.873	1.105	0.0	0.0	2.615	1.56	7.301	5.323	1.739	4.155	0.601	9.75	3.462	6.269	8.653	4.993	5.849	2.779	3.896	0.0	3.647	10.29	5.138	4.235	0.824	5.791	2.221	0.0	1.647	1.674
cell_0225	cluster_2	3.029	3.347	21.452	27.712	0.0	0.0	2.615	0.755	2.585	4.271	1.8	0.0	8.095	2.818	2.792	12.704	1.968	4.491	3.505	4.103	4.84	2.677	5.946	2.312	1.029	3.44	1.623	3.215	16.624	3.72	1.712	2.543	0.0	1.698	7.075	1.925	1.557	1.625	3.88	1.92	2.342	0.0	0.89	5.324	0.678	3.111	2.807	2.169	2.783	0.0	2.482	2.368	0.0	3.723	15.704	0.0	0.823	3.317	7.631	0.0
cell_0429	cluster_3	3.333	7.854	8.133	3.916	43.718	9.625	10.892	7.787	1.785	0.0	2.085	9.218	3.143	2.896	1.556	0.742	2.183	1.565	1.543	3.068	3.513	1.623	2.594	1.444	1.509	1.51	1.929	0.0	1.66	3.988	1.382	1.533	1.061	1.64	6.521	1.757	2.2	1.232	1.711	2.366	2.571	0.872	0.0	2.05	1.706	1.996	0.928	2.006	2.395	4.492	2.714	2.057	3.575	3.158	0.0	4.525	9.184	2.131	2.968	2.151
cell_0360	cluster_2	2.782	4.337	14.803	13.132	1.878	2.508	0.0	4.799	3.675	2.431	1.85	4.255	4.348	1.456	1.311	3.323	2.182	12.152	0.784	4.514	0.0	1.331	2.526	4.361	4.252	1.294	5.545	7.884	2.214	2.729	0.0	0.0	3.234	3.523	1.422	1.716	5.781	1.23	0.0	2.168	0.0	2.053	2.796	2.97	3.454	5.984	2.955	2.723	3.492	7.366	0.0	0.0	3.894	1.712	2.0	10.662	5.484	13.298	4.493	4.14
cell_0280	cluster_2	7.689	2.127	47.543	0.0	1.601	2.466	9.189	1.138	7.877	1.598	1.901	0.0	1.7	0.852	4.471	5.297	1.34	1.105	3.0	1.546	0.0	0.754	3.987	7.928	1.93	7.064	0.661	0.0	1.757	2.545	1.505	2.324	0.0	0.0	2.423	0.0	0.505	2.727	0.0	2.198	5.955	3.251	6.314	3.535	3.027	5.269	4.411	1.747	0.61	1.945	1.859	5.238	0.0	5.33	0.898	9.908	3.427	1.892	2.105	3.216
cell_0056	cluster_1	0.0	0.0	1.405	0.0	2.442	2.29	3.909	1.513	3.414	2.705	2.359	2.417	2.917	1.981	5.917	0.37	0.0	0.0	2.987	3.396	0.84	1.553	1.932	2.618	3.225	5.66	2.996	2.317	1.263	2.007	2.968	3.426	3.946	2.394	1.219	9.57	3.785	19.577	6.451	0.812	13.45	6.586	1.453	2.7	0.0	1.328	2.287	7.824	1.401	1.022	4.041	1.988	4.081	4.255	0.0	2.147	3.819	2.04	0.0	0.0
cell_0102	cluster_1	0.0	101.941	2.684	3.578	5.224	2.547	3.943	2.353	2.172	0.0	8.108	2.518	3.41	0.0	7.743	2.262	1.144	12.338	2.489	1.626	2.811	1.492	1.994	4.229	1.468	7.122	1.096	5.329	5.197	2.006	3.86	6.755	1.36	3.038	0.988	7.048	2.136	4.295	4.547	3.896	1.586	4.654	0.0	2.145	0.0	4.409	5.591	6.44	2.292	0.0	3.135	0.0	2.251	0.0	2.702	2.423	0.0	2.125	3.533	6.697
cell_0371	cluster_2	1.612	0.0	8.724	13.498	3.129	4.763	0.0	1.963	3.466	1.16	2.217	2.723	0.0	0.886	0.603	1.793	1.069	1.108	0.0	2.677	1.324	3.477	2.47	1.333	3.501	0.58	1.954	0.0	3.194	1.622	2.496	1.78	2.767	1.008	1.216	1.681	0.0	1.401	2.331	1.916	4.237	1.56	2.611	1.634	0.875	3.432	3.29	1.902	0.0	0.0	1.01	4.646	4.59	2.888	0.379	4.844	0.954	2.629	2.489	1.928
cell_0355	cluster_2	6.846	0.526	29.705	55.952	3.788	12.154	0.0	1.504	5.73	7.951	1.127	0.0	10.55	2.027	2.529	1.598	3.846	4.472	6.175	5.571	3.68	6.436	3.198	4.692	2.723	1.09	5.298	2.169	4.602	2.055	8.825	4.859	0.548	3.25	0.0	3.219	4.204	2.343	3.593	1.668	5.148	0.0	6.676	2.262	5.992	4.821	10.157	3.765	3.894	0.0	1.661	0.0	1.237	1.595	2.361	3.099	6.607	2.377	3.033	1.859
cell_0596	cluster_3	0.0	0.927	3.887	3.909	29.392	15.498	20.785	6.618	1.914	2.624	0.0	3.036	1.371	1.208	1.881	2.446	1.382	1.464	2.373	2.883	3.806	2.042	1.622	0.0	2.182	0.0	3.717	1.727	4.185	2.454	0.875	1.521	7.408	5.283	2.151	0.661	2.58	2.626	5.698	1.789	3.962	0.682	2.685	1.683	0.833	2.023	6.552	1.437	3.3	7.163	3.98	0.84	0.0	5.835	3.87	9.546	2.945	5.689	1.605	1.237
cell_0565	cluster_3	4.285	0.899	3.911	2.484	0.0	37.916	3.305	5.578	1.923	3.547	2.706	2.194	1.743	8.133	0.955	0.0	8.115	6.726	2.173	2.713	0.0	5.223	0.0	3.473	2.06	0.0	4.334	1.095	0.955	0.887	0.481	5.688	5.363	3.106	0.0	2.843	0.0	2.001	9.528	2.461	6.88	2.206	4.741	3.116	5.489	3.083	0.514	3.529	4.149	3.768	1.273	2.831	8.418	3.107	2.144	3.396	0.352	4.199	2.614	3.485
cell_0480	cluster_3	1.421	2.06	1.318	0.0	22.817	17.923	3.866	3.466	3.61	2.251	6.316	6.634	2.19	7.33	2.083	4.693	0.0	0.0	1.593	5.429	1.138	8.267	1.668	0.707	4.164	5.669	1.543	0.0	0.0	2.575	5.315	1.639	15.206	1.996	0.0	1.455	1.645	2.099	3.207	4.82	1.49	4.035	1.308	2.59	0.826	0.0	4.053	3.229	3.356	4.864	2.71	0.638	5.371	0.0	5.721	2.782	0.0	4.962	5.693	2.609
cell_0522	cluster_3	0.0	2.03	17.707	1.419	0.0	20.456	10.808	2.142	1.428	3.983	2.358	5.651	2.656	0.734	2.255	6.703	0.493	2.618	2.972	0.0	4.044	2.626	3.301	2.523	2.637	1.922	9.715	0.572	4.34	0.0	2.496	13.814	0.876	6.655	1.695	4.34	2.718	0.91	7.632	1.293	1.037	1.733	0.0	2.118	3.128	3.818	2.186	3.285	0.756	4.83	2.893	2.264	2.767	0.523	1.972	3.136	1.299	3.698	2.008	0.0
cell_0232	cluster_2	0.0	8.67	49.233	25.956	2.472	5.426	0.0	2.791	11.769	0.0	4.542	0.655	0.572	3.673	1.55	1.08	3.493	2.405	3.938	4.277	2.184	1.525	4.213	2.07	2.278	3.304	1.584	5.368	0.0	0.0	1.072	2.31	0.926	3.259	5.055	0.0	4.133	4.914	0.0	1.851	1.616	3.04	2.724	1.244	14.236	0.808	4.749	4.242	4.47	1.144	0.839	7.909	2.108	5.884	0.0	2.585	3.349	0.0	1.616	12.507
cell_0389	cluster_2	5.456	0.945	0.0	16.666	3.908	1.316	0.681	1.209	5.706	1.645	6.642	4.084	4.269	4.371	4.302	5.786	0.0	9.588	0.0	1.922	0.0	3.426	1.53	1.31	4.216	2.044	1.155	0.0	2.028	10.558	3.119	0.818	1.564	3.74	10.375	2.255	1.319	3.526	3.501	6.591	6.364	0.0	4.271	4.201	3.39	2.59	5.508	0.0	0.0	3.019	1.348	3.599	6.502	4.284	5.716	4.244	2.866	1.08	1.161	2.759
cell_0077	cluster_1	15.798	57.241	5.215	1.981	0.0	1.026	3.215	1.011	6.082	2.841	4.097	2.188	0.0	0.0	0.0	4.117	3.297	6.122	1.348	1.808	1.919	0.0	1.972	1.505	7.61	1.643	9.6	5.183	0.997	1.433	1.749	2.052	0.693	1.834	0.0	3.928	0.457	1.492	1.628	1.327	2.432	0.54	1.868	3.209	0.0	1.489	3.077	3.988	2.451	1.183	3.901	1.017	2.252	7.296	1.294	3.896	2.314	2.547	4.081	5.821
cell_0547	cluster_3	0.0	3.66	3.069	2.632	17.772	13.484	4.073	6.047	1.752	8.738	2.331	13.246	4.193	5.918	3.996	4.675	3.834	1.899	2.532	5.723	0.0	21.7	1.696	9.135	1.439	1.13	2.845	16.599	7.504	1.834	8.463	3.969	4.274	6.281	1.873	3.488	6.531	3.583	8.163	1.763	2.707	2.59	4.917	3.252	5.623	1.711	1.033	5.968	0.0	0.0	0.0	1.794	12.69	2.154	5.539	2.628	10.594	7.85	3.142	3.181
cell_0413	cluster_2	2.665	1.003	19.596	0.0	1.837	4.748	3.854	2.458	0.0	1.148	2.612	5.64	3.165	3.417	2.807	1.365	1.506	0.865	1.352	1.247	2.633	2.031	1.919	0.697	0.0	5.13	1.605	0.0	4.986	2.387	3.769	3.561	0.0	2.384	1.364	3.035	0.614	4.546	3.543	0.0	1.809	6.139	0.724	2.102	9.458	4.463	5.448	1.102	0.0	2.316	1.733	0.741	3.257	4.033	0.967	0.0	4.92	3.184	2.441	0.865
cell_0308	cluster_2	7.235	2.84	17.33	20.75	2.039	2.552	2.676	2.838	0.0	2.427	1.741	2.0	0.787	0.742	0.785	0.667	4.595	9.697	2.309	2.664	3.086	4.504	3.337	1.339	1.415	1.881	0.374	3.532	0.0	0.667	4.106	1.226	7.105	0.0	3.254	1.233	11.789	3.195	0.475	0.0	6.948	9.398	0.587	5.962	9.929	5.256	0.904	0.0	0.511	6.58	2.794	3.757	0.77	6.766	1.514	4.214	0.864	0.0	2.814	0.0
cell_0210	cluster_1	49.989	30.373	2.855	0.0	3.685	2.751	1.465	2.715	0.0	0.995	1.941	1.531	1.148	4.206	0.902	2.545	1.269	4.213	0.0	3.505	2.706	3.086	1.482	2.771	5.408	4.006	4.098	2.512	1.825	3.433	1.776	2.975	3.489	2.088	0.0	2.269	2.298	0.0	0.904	2.125	8.521	2.736	5.93	2.544	2.42	3.245	3.005	1.257	1.413	0.897	2.745	4.365	3.863	0.0	1.455	1.22	2.055	1.851	1.133	1.277
cell_0124	cluster_1	117.721	0.0	7.606	1.34	3.921	2.236	9.3	1.238	2.477	2.691	1.806	6.636	0.0	1.193	2.097	3.524	0.0	1.908	2.626	1.42	2.918	2.998	1.251	4.146	7.578	1.351	1.45	1.761	5.102	3.476	5.669	3.908	1.386	4.623	0.0	3.633	1.172	1.071	1.265	1.615	1.509	2.045	5.961	2.637	1.069	0.0	1.169	1.789	1.807	2.876	1.576	0.0	2.322	3.948	0.945	0.715	4.346	4.738	5.44	12.01
cell_0340	cluster_2	0.893	1.239	35.533	52.0	1.428	1.534	1.748	3.65	1.059	0.0	0.0	0.927	0.976	0.829	3.631	4.103	4.248	1.355	7.285	5.077	2.551	2.386	2.172	12.752	2.317	2.907	0.889	1.902	5.153	3.376	1.404	5.096	2.997	3.023	0.0	1.573	2.22	2.394	2.055	1.907	2.132	5.002	2.682	2.57	3.175	0.0	1.04	2.637	0.796	6.14	0.808	1.564	2.368	2.092	3.372	4.28	1.32	0.0	7.303	2.068
cell_0332	cluster_2	1.953	2.052	21.995	34.519	1.809	1.608	2.761	5.752	1.164	5.518	0.429	3.379	3.202	0.773	2.014	1.235	3.764	1.702	0.861	5.835	4.636	3.802	3.568	2.669	3.453	0.0	1.557	3.651	3.862	0.721	11.067	0.987	1.311	2.5	5.301	9.46	3.641	4.703	20.871	3.327	11.404	1.714	6.391	6.12	1.98	3.365	1.244	0.9	0.383	3.463	0.0	2.543	1.051	13.675	2.774	4.36	1.283	5.559	9.203	4.592
cell_0129	cluster_1	49.945	15.013	12.973	0.0	14.045	2.653	0.0	2.295	3.389	5.999	3.775	3.215	0.0	2.691	2.688	9.72	7.027	1.412	3.47	2.646	5.75	0.0	12.927	6.945	0.0	2.982	2.715	1.957	7.642	3.171	0.0	1.591	8.732	0.927	1.474	1.187	8.437	2.415	0.0	4.082	10.267	5.818	5.854	13.661	2.155	2.799	5.321	0.0	3.898	4.491	6.155	6.619	4.045	3.669	6.459	10.807	7.6	3.985	6.535	6.905
cell_0194	cluster_1	0.0	27.646	4.976	6.958	1.773	3.988	1.176	3.03	1.805	3.165	2.483	4.325	4.042	1.834	0.0	0.0	1.44	8.412	0.0	4.617	1.767	7.942	2.559	8.81	1.397	3.859	1.152	4.435	3.368	0.855	0.0	4.116	2.524	3.869	7.724	16.28	0.922	0.0	1.391	1.625	5.407	4.381	0.0	1.889	2.641	2.917	2.071	6.669	5.067	1.585	2.22	0.0	0.0	1.455	1.778	1.49	1.799	2.747	2.957	4.444
cell_0094	cluster_1	4.061	8.973	2.293	1.243	7.673	0.847	4.556	0.457	1.591	1.043	11.035	1.919	3.907	2.096	0.0	1.135	0.0	0.69	2.127	1.444	1.32	2.078	2.987	2.794	1.529	0.756	0.0	2.934	4.396	1.098	12.472	1.857	1.834	10.747	2.04	6.273	0.0	5.226	1.959	1.283	0.758	0.506	1.558	0.0	1.662	1.528	3.866	1.426	0.775	0.0	5.966	2.569	1.573	0.892	4.946	1.193	4.51	2.92	1.973	2.223
cell_0400	cluster_2	0.0	12.04	76.569	36.177	12.01	2.586	1.35	2.162	3.017	4.625	2.051	0.994	0.0	3.034	1.839	2.94	5.561	1.487	3.381	8.549	1.275	3.152	3.347	11.196	36.794	4.607	4.39	3.723	2.877	2.121	3.352	1.625	5.288	1.778	6.551	3.504	0.0	1.582	3.44	4.676	2.086	0.0	6.17	1.693	6.331	0.77	6.987	4.062	2.237	3.339	0.0	2.968	2.761	10.293	0.0	0.0	1.519	5.512	9.261	1.01
cell_0403	cluster_2	3.586	0.564	10.854	14.613	2.101	1.513	0.467	0.607	1.966	2.043	3.261	3.097	3.725	3.373	2.761	2.497	2.1	4.015	1.56	4.967	5.41	3.285	6.82	2.319	2.01	2.834	2.989	4.316	1.937	1.753	1.769	1.062	2.952	2.68	1.233	2.133	11.873	0.0	0.838	6.487	0.527	0.96	0.0	0.73	2.957	1.453	1.905	1.226	0.859	2.689	3.0	2.177	2.252	2.612	1.944	2.535	3.069	0.716	3.309	0.0
cell_0496	cluster_3	1.765	1.18	1.324	3.916	20.444	10.461	5.739	2.053	0.878	2.069	2.879	7.002	0.701	2.126	1.288	1.116	3.418	2.888	1.255	0.0	3.338	0.919	0.625	2.436	6.374	5.229	3.434	3.737	1.922	1.055	3.853	3.318	1.493	0.898	3.64	0.0	1.195	3.547	0.0	2.007	0.0	0.857	0.0	1.109	0.577	3.855	2.746	1.504	0.654	1.849	2.426	2.707	2.943	2.511	3.079	4.236	6.548	1.524	1.24	0.909
cell_0186	cluster_1	22.091	10.782	0.0	2.379	6.614	1.145	2.189	8.827	0.939	14.037	2.258	2.936	2.85	3.193	3.033	6.24	6.9	5.047	1.899	10.094	2.421	0.0	1.988	3.117	4.701	0.744	3.819	0.0	3.534	3.041	1.908	20.45	8.457	3.229	1.9	1.402	0.0	2.473	0.0	2.91	4.079	5.09	21.607	2.787	0.0	1.68	7.172	4.638	2.781	6.331	0.0	2.247	1.981	1.311	2.222	13.52	4.495	4.306	2.841	0.0
cell_0488	cluster_3	1.466	4.914	8.94	0.0	105.726	37.032	5.632	1.609	0.992	4.216	2.391	2.149	3.602	2.947	1.035	2.593	2.259	0.908	1.941	7.023	0.508	8.138	0.0	7.777	10.718	1.994	1.719	0.763	1.176	0.648	2.167	2.508	3.717	2.066	3.435	3.951	1.353	6.272	1.726	4.532	13.331	4.19	1.838	2.43	2.339	2.186	3.935	4.124	4.192	2.266	1.01	0.0	4.005	5.505	3.926	0.0	3.613	5.654	0.0	0.0
cell_0028	cluster_1	11.245	0.0	0.851	2.999	1.028	3.672	1.36	1.252	0.0	0.0	1.29	12.064	2.564	3.447	2.076	1.087	0.724	1.146	3.699	1.77	0.0	1.229	1.763	2.063	1.873	1.354	0.0	1.102	1.245	2.764	0.529	11.708	1.388	1.826	2.214	0.747	0.0	3.775	3.393	1.355	1.878	2.688	3.906	0.924	2.702	2.011	2.269	1.337	1.562	1.577	1.337	5.52	6.283	2.013	6.157	0.489	2.429	5.996	3.906	2.662
cell_0009	cluster_1	16.53	4.519	5.739	5.944	0.842	5.084	2.118	5.888	1.709	1.802	3.229	3.424	4.984	1.034	3.392	5.446	3.666	2.151	1.768	2.845	7.22	9.031	1.086	1.373	0.959	4.401	7.16	4.92	2.301	0.0	1.881	0.0	4.45	7.777	1.554	6.476	1.64	0.0	6.85	0.0	5.399	2.117	2.318	1.329	1.95	0.0	1.131	2.673	0.0	0.486	2.536	2.48	1.468	4.303	0.744	2.513	1.08	1.016	2.676	1.952
cell_0471	cluster_3	2.406	0.0	4.579	14.352	11.464	65.402	5.18	7.116	0.596	1.251	9.716	1.643	1.886	0.0	1.514	7.95	1.494	1.242	0.0	7.659	2.896	1.711	1.691	3.703	1.956	1.551	2.368	1.546	2.591	1.354	5.276	4.484	3.622	0.95	0.0	4.93	1.229	0.0	0.0	14.614	11.326	3.327	10.642	6.576	5.041	2.608	6.439	5.594	2.091	4.756	7.46	5.951	6.446	3.363	0.607	2.437	2.255	2.446	3.981	3.423
cell_0142	cluster_1	9.359	11.675	0.908	0.472	0.0	2.593	2.062	0.476	1.015	0.0	0.73	1.717	2.084	0.688	1.565	4.468	1.857	1.289	0.611	2.893	0.0	0.808	0.908	2.145	0.704	5.303	5.976	0.0	1.209	6.455	0.0	2.25	1.47	0.993	0.868	0.859	1.234	0.0	0.956	1.569	4.112	3.573	4.156	5.532	3.011	0.938	1.127	0.466	1.509	0.904	1.327	2.349	0.0	3.884	0.63	1.915	1.996	0.978	0.18	0.0
cell_0578	cluster_3	1.998	5.057	5.355	2.628	45.396	28.667	3.354	25.746	1.013	5.354	4.711	3.822	7.202	4.593	0.0	9.759	3.703	8.122	3.45	6.694	4.738	3.423	2.2	12.437	7.194	1.651	2.087	0.0	0.757	7.144	1.298	0.0	3.914	2.256	0.0	8.547	2.695	3.699	1.184	8.115	1.599	3.241	1.264	0.0	1.794	0.895	7.589	3.151	6.188	0.771	0.0	6.909	0.0	3.618	4.681	3.166	4.132	3.102	3.005	1.921
cell_0446	cluster_3	0.0	0.0	6.588	1.841	10.019	10.055	8.526	3.321	6.553	5.906	7.26	0.305	7.291	3.948	0.83	4.746	7.834	2.1	3.092	15.544	1.234	1.241	7.041	0.0	2.784	9.647	4.143	3.299	2.109	0.0	1.752	1.138	1.383	6.67	3.242	3.608	1.417	1.901	0.511	3.577	2.407	4.424	4.789	3.756	2.111	12.743	0.0	1.364	1.329	8.976	7.917	1.157	0.437	2.742	4.052	7.884	0.0	0.0	7.09	1.746
cell_0504	cluster_3	3.739	2.315	0.909	0.0	30.89	24.733	0.0	3.2	1.51	3.631	3.228	0.0	4.662	2.248	3.77	2.458	2.673	2.088	1.668	0.259	3.177	1.208	3.759	0.0	6.221	2.146	1.104	3.939	14.178	2.735	3.283	2.581	2.146	0.0	1.02	1.564	8.013	2.514	2.409	0.0	1.699	2.216	1.365	2.1	3.251	0.853	0.924	2.379	2.751	3.634	0.0	2.213	3.552	5.521	3.234	2.215	2.969	1.657	2.76	2.586
cell_0247	cluster_2	7.397	2.707	37.169	13.304	2.348	3.39	0.0	12.495	2.994	4.077	5.013	2.968	3.776	9.159	2.165	5.716	2.92	1.202	1.059	2.349	0.0	1.895	4.439	2.776	2.944	0.0	1.489	14.662	0.0	8.797	2.394	0.0	3.781	3.262	0.0	0.876	2.73	0.0	1.805	4.083	0.0	2.506	4.692	6.213	5.127	4.308	0.0	0.865	5.619	2.579	7.743	6.747	10.603	0.832	2.109	3.698	0.714	7.806	1.616	2.665
cell_0314	cluster_2	1.482	0.964	28.518	20.491	1.532	0.679	3.69	3.85	1.941	0.788	6.734	1.827	0.891	0.931	1.575	3.291	3.435	1.999	2.34	2.46	5.646	1.745	2.925	0.968	1.644	7.652	3.148	3.85	5.81	1.053	0.0	2.36	1.011	3.984	1.303	2.131	1.176	2.313	10.595	3.277	3.488	0.0	4.381	2.927	3.192	4.633	4.967	4.255	3.451	4.438	2.913	3.172	0.498	0.855	8.95	7.491	1.218	1.471	4.954	1.384
cell_0593	cluster_3	3.437	1.61	3.287	7.683	33.517	29.311	12.319	4.616	1.433	4.706	7.361	2.257	0.0	2.332	0.0	0.927	2.693	12.234	3.167	2.882	2.513	0.658	3.335	16.702	1.021	2.085	2.652	6.816	7.628	0.967	2.528	0.931	4.946	3.647	3.084	12.788	2.132	1.632	2.755	2.049	1.911	3.302	12.326	2.973	0.881	2.742	0.543	4.781	6.728	1.471	7.583	2.93	3.017	3.25	6.935	25.421	3.443	7.081	8.492	0.912
cell_0115	cluster_1	13.168	3.316	1.029	0.0	1.253	2.903	1.832	1.141	0.396	2.099	0.303	2.879	2.113	2.175	3.806	1.781	1.96	1.107	0.0	4.277	0.516	3.841	0.0	0.905	1.286	0.687	2.278	0.0	0.449	1.102	0.0	3.369	10.363	1.922	1.299	6.118	1.309	5.109	0.835	0.0	0.0	1.748	1.518	0.786	0.925	0.0	2.438	0.0	0.0	1.588	0.0	2.284	2.478	1.221	2.895	1.174	0.715	0.578	1.097	0.496
cell_0362	cluster_2	0.733	2.506	22.709	14.55	4.076	2.889	0.0	6.729	7.817	2.914	2.088	0.956	4.023	0.0	4.922	6.073	0.0	2.787	1.771	3.251	4.365	1.08	7.627	2.873	4.077	10.237	3.939	1.526	5.317	1.637	1.2	0.0	0.877	4.851	5.884	2.625	8.735	2.375	1.14	1.914	2.382	1.981	3.004	2.801	1.8	1.659	5.274	1.777	5.02	0.0	3.795	4.01	2.814	1.776	3.482	4.866	2.027	6.515	5.724	0.0
cell_0145	cluster_1	19.202	35.931	2.414	1.597	2.171	2.511	0.607	2.095	0.0	1.08	1.195	1.635	0.431	0.809	1.78	0.0	11.155	1.593	0.598	0.0	1.728	1.382	2.086	0.549	3.481	1.007	3.736	3.731	0.0	1.19	3.432	0.937	0.0	2.169	2.279	8.142	0.0	3.113	2.048	1.23	3.209	5.511	0.0	1.347	0.525	1.634	0.0	0.0	0.864	1.372	3.354	6.374	0.87	0.86	0.917	0.0	1.222	0.987	3.267	1.654
cell_0134	cluster_1	0.0	0.0	4.904	6.506	5.579	2.37	2.521	2.0	8.238	4.174	4.686	0.0	3.257	5.865	2.358	1.558	2.685	0.0	5.5	2.043	2.8	1.112	5.849	4.767	0.0	1.695	1.547	0.0	1.196	2.308	0.462	4.941	2.747	1.055	4.548	6.241	4.338	2.05	0.784	1.51	0.859	2.129	5.725	1.971	0.0	0.0	4.301	2.507	0.434	7.854	3.473	2.58	2.393	9.977	1.9	4.746	2.882	1.637	4.438	4.879
cell_0188	cluster_1	55.458	25.618	4.607	6.196	2.894	4.825	15.974	9.881	4.828	3.471	3.326	1.073	7.975	2.005	4.812	0.768	4.71	0.0	6.074	3.547	3.704	1.631	6.06	3.971	4.195	6.448	7.534	5.146	3.548	2.428	16.292	3.091	1.058	4.096	2.069	1.672	3.555	5.069	9.536	4.98	3.593	6.282	2.223	2.447	2.582	0.0	0.0	8.908	2.105	0.0	1.864	10.692	2.573	8.197	0.516	2.926	0.0	10.812	3.911	0.0
cell_0339	cluster_2	9.613	4.547	8.553	27.506	1.668	0.936	1.816	0.896	2.65	11.442	1.905	1.362	2.006	2.865	0.0	1.846	1.093	0.916	3.594	1.559	0.0	1.977	0.0	1.972	1.489	2.355	2.828	1.716	0.0	1.157	0.881	1.297	6.319	0.0	3.745	2.26	0.677	1.035	3.303	2.543	0.995	1.158	1.258	1.243	0.214	0.0	1.327	7.669	39.529	1.131	2.872	2.756	2.479	3.764	4.224	0.0	4.257	3.272	1.898	1.336
cell_0198	cluster_1	43.377	50.586	0.941	3.722	2.292	1.435	4.016	4.507	3.44	0.83	2.588	0.0	3.538	10.548	0.0	5.255	13.554	4.801	4.883	6.485	4.425	13.474	2.794	17.232	1.176	3.823	1.637	6.684	3.444	3.597	1.835	4.784	3.664	0.0	4.823	22.804	4.484	4.255	0.0	3.895	3.758	0.0	0.649	13.322	5.706	2.538	2.059	3.708	3.056	0.0	1.736	16.322	0.0	0.0	0.0	0.0	4.58	4.406	5.534	2.168
cell_0562	cluster_3	2.708	0.0	2.128	6.697	13.971	42.513	7.97	8.048	0.0	4.197	0.0	0.939	0.951	1.602	4.769	2.245	5.272	3.873	2.905	12.454	6.416	5.278	1.774	0.0	2.838	5.038	3.621	0.0	2.024	4.114	4.833	4.084	1.836	3.451	4.352	6.036	10.537	1.845	2.892	3.495	2.258	3.913	0.0	1.145	0.0	3.169	9.35	2.513	4.962	2.176	6.366	4.038	0.0	3.368	4.27	3.194	1.631	8.398	8.864	4.061
cell_0033	cluster_1	10.741	12.37	0.0	4.068	0.524	2.903	3.673	2.521	4.177	2.613	3.194	2.429	1.404	39.9	0.0	1.768	4.7	5.037	4.674	5.274	0.849	4.851	5.097	10.792	5.165	14.413	1.541	2.707	3.057	3.182	2.889	0.988	2.041	4.374	10.266	3.384	0.0	4.732	2.632	2.278	0.812	0.731	1.288	3.205	1.185	0.89	5.303	3.404	4.222	7.154	3.301	6.323	2.296	2.047	3.322	6.652	9.081	2.328	3.047	2.947
cell_0270	cluster_2	1.637	1.527	5.459	0.0	1.109	2.68	2.165	0.0	1.094	3.666	1.38	2.285	2.468	3.376	3.332	1.906	1.311	2.139	4.542	1.439	1.923	1.147	2.733	1.901	1.34	0.0	6.023	0.0	1.901	0.0	6.213	2.264	7.448	1.072	3.372	0.723	0.0	1.881	0.0	1.63	2.435	1.424	3.034	2.175	4.81	2.937	1.205	3.888	3.147	3.842	1.506	5.913	2.574	1.063	7.119	3.725	1.763	4.394	0.0	2.381
cell_0346	cluster_2	0.0	0.0	7.843	31.295	1.426	2.234	8.686	3.33	3.534	4.314	2.96	2.28	0.0	1.49	0.58	2.722	3.323	2.456	1.231	12.935	2.133	0.0	0.947	0.726	1.858	1.428	0.0	0.849	0.592	6.513	1.474	9.664	1.7	2.222	1.725	1.065	2.509	2.227	0.579	3.21	1.131	4.427	1.258	2.124	4.673	1.16	2.971	2.194	1.578	9.05	2.866	0.951	2.473	4.208	2.385	12.616	3.262	0.0	5.772	2.192
cell_0349	cluster_2	1.901	4.48	89.842	0.0	0.0	0.0	7.31	13.64	4.402	6.722	8.145	2.879	8.659	9.699	5.767	5.124	3.225	2.554	0.0	7.827	4.959	2.14	2.234	3.744	9.359	7.716	18.034	6.527	4.414	14.863	6.713	9.249	3.027	9.105	18.044	0.0	5.474	0.0	4.243	3.359	16.479	0.0	3.427	2.97	3.71	4.149	8.702	10.119	3.676	4.401	3.111	8.301	12.745	13.001	3.225	9.442	1.495	18.042	7.049	0.0
cell_0240	cluster_2	1.481	1.638	10.056	7.907	1.914	1.995	4.031	5.849	3.119	5.032	3.047	0.0	0.0	2.401	4.423	7.188	7.218	2.924	12.701	2.698	4.31	5.71	6.233	4.4	0.0	2.105	2.535	5.589	4.923	2.511	1.305	2.15	3.104	5.635	1.723	8.402	10.078	4.078	0.0	1.798	5.002	0.0	1.313	1.777	8.945	3.539	1.96	4.818	10.922	16.949	7.951	6.314	1.844	0.0	3.714	4.878	3.413	0.0	4.423	2.745
cell_0119	cluster_1	16.257	43.095	2.425	6.367	0.0	0.986	6.314	3.864	6.004	3.48	2.442	1.709	1.397	1.417	1.023	2.419	1.499	1.052	1.306	4.51	4.733	2.578	0.852	2.854	2.623	0.0	1.277	0.0	3.423	2.44	3.197	1.645	2.818	0.0	1.52	1.034	2.68	2.831	3.983	1.259	3.21	1.889	11.237	3.247	0.874	11.288	2.302	1.568	1.082	2.207	3.201	2.285	0.94	4.186	2.638	5.456	1.476	0.923	4.659	11.336
cell_0453	cluster_3	0.804	1.193	1.807	4.633	47.041	5.274	12.792	0.0	1.07	4.665	0.0	0.703	3.989	1.51	3.273	8.117	2.241	2.25	1.763	4.101	10.388	0.0	3.435	7.02	2.744	3.721	5.511	2.165	0.0	0.0	3.058	0.0	11.696	2.419	4.394	3.134	9.57	0.636	6.817	6.627	2.41	4.477	1.867	1.206	2.041	5.432	0.0	1.74	3.647	2.872	1.045	6.208	0.0	2.635	0.0	1.66	9.218	3.742	2.671	3.807
cell_0582	cluster_3	2.547	2.547	3.225	0.848	13.976	14.22	3.664	4.572	0.679	0.0	0.0	1.804	2.671	2.597	4.691	4.527	1.858	2.117	3.078	1.261	1.989	0.467	2.305	0.0	4.281	0.0	5.632	0.0	2.825	2.097	4.167	2.019	4.335	11.035	0.0	0.752	12.223	8.877	1.546	9.097	6.942	3.069	1.104	4.069	1.791	2.233	1.402	1.718	0.554	1.515	2.943	1.475	1.177	2.031	2.874	0.622	0.0	3.611	0.0	9.476
cell_0341	cluster_2	2.502	1.778	12.754	4.477	1.741	3.821	0.751	0.0	2.325	4.19	2.672	1.504	2.023	2.885	3.78	1.054	3.632	1.576	3.351	1.184	3.316	2.557	1.488	2.362	0.0	0.423	3.667	1.47	1.049	0.877	5.434	0.966	3.391	1.192	3.714	1.491	0.0	1.095	1.498	1.215	1.207	1.509	0.0	1.548	2.077	3.571	1.15	3.479	1.305	4.125	2.929	2.432	2.249	3.647	0.0	5.0	2.726	1.904	0.0	4.088
cell_0416	cluster_2	4.692	2.155	29.469	13.481	4.923	0.966	5.086	11.635	6.547	21.49	15.341	11.01	1.212	2.065	6.818	0.0	11.744	1.269	0.0	1.389	0.0	4.649	0.0	3.25	4.039	2.162	2.66	7.54	1.27	2.66	6.281	3.619	2.501	3.775	2.0	3.569	2.724	12.043	1.799	1.196	4.771	0.0	2.877	0.0	7.802	2.473	0.0	0.929	1.713	0.0	9.819	4.062	5.244	5.119	0.0	2.802	11.066	4.566	7.211	3.683
cell_0317	cluster_2	4.133	1.387	0.0	44.906	0.972	1.107	2.515	4.152	1.155	9.328	0.878	0.0	1.886	1.156	2.136	3.781	0.0	0.447	5.357	1.024	2.337	3.65	3.406	2.214	0.492	1.376	3.008	3.21	2.347	8.011	4.177	2.657	1.692	3.977	6.975	6.87	1.54	0.972	1.024	0.0	2.135	2.315	3.331	2.698	3.95	2.025	4.116	1.98	2.999	2.027	1.721	3.668	0.852	1.237	1.408	2.454	1.852	2.463	3.468	2.597
cell_0425	cluster_3	5.646	1.06	1.091	1.338	27.837	2.997	0.0	2.101	1.534	3.937	5.523	2.308	0.0	1.252	2.845	0.72	5.56	1.025	0.0	4.501	0.0	5.515	3.747	1.787	3.342	2.998	2.377	0.0	2.835	4.153	0.0	3.515	3.841	3.753	0.0	2.199	3.013	0.478	6.418	3.053	9.252	1.192	3.13	4.957	4.12	1.606	1.964	1.007	1.696	2.384	1.521	1.32	8.553	0.0	5.514	1.533	5.059	0.863	0.835	2.162
cell_0457	cluster_3	6.411	5.427	2.781	3.731	46.156	114.366	7.469	2.112	2.031	3.488	2.739	2.11	0.0	2.21	7.564	0.0	6.998	0.853	5.808	2.734	7.476	3.135	8.675	0.0	2.339	1.16	5.027	31.833	10.146	0.0	0.0	1.288	2.249	2.34	3.826	6.269	8.492	11.285	2.635	1.263	19.706	4.852	0.0	5.964	7.236	4.251	2.062	6.249	10.417	9.745	1.864	3.97	4.354	4.072	2.957	5.773	8.982	1.918	3.794	2.525
cell_0505	cluster_3	2.773	2.649	0.28	2.045	12.981	8.261	6.611	3.581	2.637	1.561	4.316	1.019	0.83	7.85	2.791	0.0	0.0	6.399	2.754	1.602	2.869	3.769	1.189	1.533	0.0	5.538	2.04	6.431	0.0	0.0	2.594	2.382	0.659	0.0	0.969	3.66	6.761	0.99	2.807	1.459	1.763	1.878	1.688	3.971	7.775	2.583	2.847	1.316	1.465	3.856	3.531	2.229	2.198	3.409	1.081	3.96	1.122	3.238	3.472	4.023
cell_0207	cluster_1	26.08	11.781	4.269	5.247	10.211	2.636	1.94	1.736	1.941	2.718	3.04	0.672	1.842	4.993	5.84	3.679	1.032	2.472	2.585	1.943	0.0	6.086	3.188	4.072	4.491	4.01	3.174	7.0	0.869	6.1	4.308	1.036	2.984	2.727	6.464	2.907	1.807	8.227	7.497	6.596	4.028	3.56	7.143	0.0	9.305	1.153	0.0	3.298	0.0	5.413	11.684	2.026	1.832	6.011	1.584	3.484	2.868	1.01	3.24	0.0
cell_0584	cluster_3	4.487	8.62	2.534	1.155	23.288	43.642	4.164	9.8	2.209	0.89	6.429	5.094	9.815	6.943	9.173	6.205	0.0	12.462	0.0	9.651	2.232	2.888	3.711	2.619	7.927	1.183	11.379	4.102	3.896	2.349	5.778	12.521	4.889	5.597	6.524	3.598	6.873	5.647	2.528	8.964	2.233	0.0	9.203	2.411	3.659	13.928	1.768	0.0	10.846	2.958	5.415	0.0	0.0	0.0	0.0	0.0	7.679	4.052	7.765	10.262
cell_0336	cluster_2	0.49	1.871	19.564	14.245	1.632	2.393	3.33	0.0	0.814	1.022	0.685	1.145	1.037	1.143	3.466	1.787	0.509	0.649	1.927	0.0	2.231	0.0	2.591	0.859	1.916	1.643	0.992	1.761	1.097	0.0	1.648	0.819	1.701	1.525	3.771	1.773	1.197	2.112	1.095	3.399	2.402	1.317	1.034	0.735	1.404	1.571	1.195	0.648	1.416	2.915	0.0	2.953	0.924	2.865	1.595	2.357	1.042	0.432	1.877	1.267
cell_0044	cluster_1	8.093	16.446	4.774	1.638	6.723	6.058	9.274	0.0	4.436	4.639	12.349	2.742	4.545	3.309	11.377	17.832	0.0	0.0	1.553	0.0	2.039	12.353	13.16	3.716	2.826	1.554	12.135	2.622	1.809	0.483	2.306	4.983	11.916	4.017	3.362	1.155	2.863	10.192	1.361	2.668	5.927	27.307	11.937	1.962	2.112	4.078	0.0	11.394	0.0	1.438	3.353	0.0	4.893	0.467	6.829	1.326	0.0	1.773	2.748	5.053
cell_0222	cluster_2	5.686	0.683	40.985	35.907	3.081	2.58	0.889	1.896	14.544	2.96	1.773	0.749	5.837	6.3	2.237	6.143	0.0	1.52	1.542	3.763	0.899	2.691	6.782	2.495	11.55	2.032	4.107	1.754	2.181	11.312	1.586	0.913	1.315	1.926	5.317	1.811	3.315	3.569	2.621	4.418	1.817	2.59	2.788	1.819	3.553	1.783	0.0	1.363	2.131	0.86	1.726	1.794	1.475	0.617	4.28	2.929	0.396	1.285	1.652	1.011
cell_0396	cluster_2	10.237	0.969	17.63	29.88	2.812	4.46	3.684	2.334	0.0	2.779	5.22	3.161	2.191	10.908	3.829	3.663	5.432	4.676	7.383	0.943	3.679	1.815	4.472	5.091	0.0	2.852	2.255	1.795	6.524	2.74	3.215	3.19	6.354	6.116	1.906	0.656	5.9	7.426	1.757	10.029	3.65	3.914	1.965	0.0	4.031	2.03	3.86	3.974	3.636	5.782	1.44	3.078	3.717	3.318	6.077	3.273	6.509	5.259	3.03	1.729
cell_0003	cluster_1	12.15	18.41	3.436	1.13	1.382	2.233	1.811	0.0	0.693	4.094	0.0	2.586	0.0	1.687	0.0	0.583	3.856	1.632	2.495	1.926	2.046	0.0	0.72	12.691	1.389	2.861	0.857	0.721	0.521	3.303	1.699	4.323	6.994	1.389	1.235	3.152	2.575	1.878	0.67	1.423	1.899	4.066	5.607	0.889	0.0	0.859	2.474	1.214	1.403	3.275	1.076	1.176	5.686	2.15	1.517	4.553	2.119	4.27	2.867	0.0
cell_0135	cluster_1	30.165	13.884	0.85	6.138	3.844	0.0	1.338	6.871	0.0	5.826	13.463	2.738	1.296	5.972	12.666	3.68	2.369	1.241	4.32	1.062	1.931	1.95	1.112	2.767	2.084	1.488	0.0	1.167	1.294	1.285	3.305	3.611	2.34	0.386	1.12	1.852	5.531	5.498	0.0	1.775	1.823	1.345	1.461	2.165	6.016	12.188	1.434	7.346	7.122	0.0	3.28	2.29	0.0	2.107	0.0	1.272	2.107	0.0	0.0	3.33
cell_0286	cluster_2	5.583	4.521	11.198	17.693	0.826	1.501	0.489	1.984	0.0	2.473	1.889	10.854	0.0	0.0	3.896	5.325	0.919	9.062	4.46	3.759	2.051	3.807	1.905	2.058	0.872	2.563	1.619	1.55	1.975	7.931	1.731	3.108	3.779	1.441	0.548	1.976	0.0	3.668	2.591	2.16	4.107	2.773	2.314	2.456	1.754	3.297	0.427	11.186	11.678	0.0	0.0	1.227	0.0	12.016	3.949	0.0	4.44	0.0	4.913	2.788
cell_0151	cluster_1	13.765	10.964	2.623	3.043	0.0	0.81	1.106	2.698	0.369	0.0	7.7	2.727	1.653	0.0	5.735	2.909	2.791	3.518	0.0	4.172	1.175	2.287	3.64	1.2	1.202	5.79	6.854	0.0	2.444	1.102	5.275	2.11	2.657	5.501	2.534	1.108	4.347	2.651	2.287	0.0	1.29	1.49	1.35	10.732	0.0	1.632	3.2	0.0	4.536	3.862	1.547	4.499	0.0	3.234	0.0	5.469	2.233	1.541	0.0	3.084
cell_0233	cluster_2	2.153	0.848	7.025	28.339	2.675	0.346	4.823	0.574	8.847	1.009	0.972	0.942	2.675	0.0	0.97	2.222	0.0	0.695	1.741	0.938	0.0	0.0	0.729	0.0	0.0	0.0	1.863	0.419	0.322	1.174	0.991	5.517	1.663	7.416	0.971	0.791	1.32	0.0	2.192	0.599	3.242	0.662	1.256	2.59	0.0	2.244	2.143	4.46	3.359	2.062	0.929	0.906	1.198	0.0	2.469	1.271	4.849	7.211	1.284	1.917
cell_0419	cluster_2	4.774	4.998	0.0	18.023	4.935	2.419	1.85	2.545	2.987	0.732	5.066	2.592	6.244	10.305	1.254	7.379	1.335	1.988	2.456	1.645	1.342	1.756	5.802	1.146	3.976	1.521	5.066	1.77	2.96	3.56	4.973	3.643	2.271	11.205	3.133	0.771	1.31	4.41	1.119	3.102	0.0	2.54	1.002	1.979	6.254	6.189	5.098	16.768	11.656	3.942	0.704	3.643	11.613	11.606	0.0	0.879	0.0	3.433	2.496	2.716
cell_0328	cluster_2	2.373	4.164	41.251	32.837	5.584	1.645	4.72	3.206	0.0	0.452	2.122	1.926	4.101	3.077	6.905	4.673	17.885	6.083	3.708	5.355	1.9	3.497	1.369	4.571	6.174	5.952	0.0	0.0	1.887	2.345	1.943	2.892	0.0	3.076	3.283	6.178	11.213	1.6	3.962	0.0	5.842	2.525	2.428	1.737	0.0	1.53	2.481	0.0	7.759	1.339	18.728	7.268	5.575	1.541	1.013	11.062	2.25	2.171	0.0	0.0
cell_0579	cluster_3	1.017	0.0	2.481	0.915	10.465	9.952	8.317	3.735	0.858	1.889	4.964	1.318	1.034	2.619	7.528	4.572	1.854	1.674	2.983	1.344	1.281	1.586	1.545	1.819	1.237	0.56	2.169	1.376	0.559	1.566	2.204	1.593	2.969	0.0	4.096	4.237	1.412	2.005	6.92	2.998	5.665	3.106	4.418	1.472	2.764	0.0	2.911	1.058	6.674	2.182	0.0	3.891	1.654	6.777	3.609	1.265	2.619	2.835	1.324	1.154
cell_0401	cluster_2	2.287	4.871	47.182	85.797	3.055	2.409	2.567	1.124	0.0	5.046	6.497	6.007	6.743	1.544	0.0	2.751	8.75	1.373	2.812	0.0	1.595	0.0	4.113	1.07	0.0	3.768	3.814	11.499	0.0	2.816	1.517	4.961	4.04	2.499	1.505	4.367	1.909	6.053	2.815	1.245	1.342	0.908	1.662	3.313	1.297	8.36	5.85	3.275	0.789	1.783	5.195	1.872	7.07	7.828	2.738	1.766	0.0	1.49	2.171	3.263
cell_0367	cluster_2	5.268	8.129	33.011	25.325	1.693	4.614	10.261	1.279	1.368	1.227	2.275	1.012	3.542	1.062	4.209	1.971	0.0	0.0	1.517	4.359	1.908	5.032	2.175	5.114	5.75	0.571	9.23	3.846	0.0	1.984	1.862	4.84	0.0	2.287	0.876	0.812	4.117	1.385	4.034	4.059	0.0	4.865	2.196	1.832	1.822	0.0	2.036	6.839	1.941	2.07	2.809	2.561	2.51	1.054	1.381	8.455	1.821	2.509	1.795	1.232
cell_0348	cluster_2	2.924	1.58	40.819	94.591	3.409	2.696	3.343	1.004	7.164	2.261	2.362	3.052	3.292	0.0	1.784	2.365	1.579	5.888	1.793	1.96	1.105	6.139	5.948	0.0	0.906	3.226	3.425	2.653	2.276	2.129	1.731	8.53	2.113	3.987	1.649	1.55	1.455	2.69	1.161	2.387	10.366	10.038	4.57	2.655	0.0	2.538	2.509	2.736	1.117	1.15	1.453	0.984	12.402	0.686	14.797	3.654	5.257	1.643	2.528	0.0
cell_0236	cluster_2	1.527	1.734	23.082	28.287	2.208	0.693	3.451	2.383	1.617	2.324	2.6	1.329	2.181	8.031	6.646	4.671	6.653	0.677	2.815	0.0	2.458	8.024	2.023	1.288	1.93	1.629	7.607	0.0	5.187	0.862	5.808	0.82	4.2	0.515	1.248	2.626	2.586	0.0	6.523	1.194	1.874	7.891	4.747	1.462	3.127	0.0	0.0	1.099	0.0	1.438	2.884	2.158	2.479	1.03	1.15	1.297	1.39	2.117	0.0	0.0
cell_0476	cluster_3	2.856	3.73	0.367	4.974	12.751	0.0	5.578	3.392	2.806	2.744	3.25	1.205	2.089	5.485	0.0	5.092	1.693	4.186	1.911	3.227	1.827	5.705	4.958	0.376	5.946	1.857	2.023	1.972	4.865	4.324	2.842	0.0	1.04	1.235	27.044	3.743	3.12	2.44	2.68	0.0	2.482	2.926	4.273	0.912	0.334	2.938	1.324	1.401	0.0	8.99	6.387	2.289	1.47	0.0	3.435	3.715	1.554	1.401	1.932	1.547
cell_0072	cluster_1	4.388	25.242	0.81	1.232	3.629	1.557	1.02	0.933	3.216	1.037	0.0	2.463	4.001	1.338	2.956	5.458	2.904	1.419	0.889	1.311	0.578	1.75	7.293	1.649	0.598	0.932	0.71	1.557	0.0	1.266	1.284	0.0	0.909	1.977	1.0	2.898	1.964	3.484	1.452	0.701	0.0	1.314	6.581	4.087	2.639	2.183	4.69	0.547	5.267	7.781	0.992	2.503	0.884	0.828	0.366	2.008	1.134	0.568	2.367	1.574
cell_0327	cluster_2	1.181	5.269	35.974	30.119	4.254	2.469	2.903	2.982	2.204	1.51	1.127	7.343	2.462	0.445	0.721	1.316	3.423	2.258	5.886	2.697	1.261	1.418	6.16	1.273	1.123	1.352	1.27	0.0	3.376	0.0	2.311	2.281	1.947	3.986	4.189	3.086	3.455	3.043	2.331	2.057	1.94	3.411	2.913	4.818	3.288	1.349	2.718	10.242	1.501	0.964	2.497	0.848	1.648	0.996	1.583	1.783	1.632	0.0	1.815	2.711
cell_0455	cluster_3	0.499	1.561	0.0	0.772	45.652	11.819	8.783	0.829	2.294	3.501	4.299	2.155	0.964	0.0	17.194	6.68	1.324	5.046	1.848	0.876	1.963	1.092	3.533	3.421	1.067	1.039	3.182	2.448	3.228	1.708	2.867	0.0	4.315	0.878	2.915	0.0	0.972	3.612	0.84	17.003	3.355	3.606	4.792	2.568	4.691	3.042	1.552	0.329	0.732	3.903	0.772	1.523	1.301	2.806	1.478	2.504	5.709	7.908	1.615	1.199
cell_0214	cluster_1	17.504	13.842	2.658	2.64	4.785	0.0	3.728	1.419	2.059	1.432	2.78	5.036	0.939	0.575	1.873	1.41	1.529	5.445	1.97	1.835	2.186	1.322	1.323	5.442	0.0	6.477	3.565	0.812	5.752	2.915	1.227	1.836	0.0	4.965	0.816	1.304	5.864	1.981	3.23	3.622	2.812	2.878	4.672	1.349	2.937	1.751	0.192	0.802	1.686	0.0	0.877	3.234	0.944	4.757	0.805	4.517	1.748	3.868	1.778	0.783
cell_0182	cluster_1	13.935	15.177	2.115	0.707	3.821	1.838	1.841	1.166	0.475	0.866	1.382	1.34	0.361	0.879	1.245	0.0	1.247	1.077	2.327	0.618	1.072	1.403	0.937	0.555	0.677	2.252	0.486	2.277	0.0	0.864	1.431	0.0	2.068	1.071	1.405	0.547	0.0	0.972	1.386	1.097	2.09	0.0	0.845	1.307	1.014	1.054	0.834	0.995	1.398	0.613	0.7	1.326	1.833	8.704	1.195	0.0	1.267	1.333	1.183	0.613
cell_0366	cluster_2	0.37	2.267	0.0	36.622	2.742	0.817	1.422	0.975	1.466	3.172	2.508	1.263	0.717	2.418	1.434	4.623	1.585	1.386	2.165	1.918	1.307	0.0	3.699	1.783	4.538	2.474	3.631	1.347	2.015	2.014	1.368	1.198	1.044	5.053	1.682	1.395	1.323	2.108	12.131	5.268	2.732	4.532	1.255	2.415	1.927	3.772	0.0	2.654	1.738	0.0	1.0	2.363	2.883	3.847	2.317	1.155	5.477	7.358	2.068	1.281
cell_0035	cluster_1	0.0	13.205	5.721	0.387	1.191	6.674	1.801	2.545	1.662	4.112	3.023	1.162	0.0	0.0	2.487	1.427	3.719	1.697	3.165	1.205	0.663	3.467	2.94	5.417	3.339	0.652	2.124	4.638	3.145	2.34	4.89	2.037	1.199	3.061	3.408	6.005	2.578	0.7	7.618	1.134	1.728	0.0	5.467	0.0	0.591	1.712	0.94	1.733	1.914	0.0	10.197	4.526	0.667	3.326	2.991	2.527	3.665	4.594	3.306	3.051
cell_0014	cluster_1	14.56	15.83	3.133	7.284	2.405	5.173	1.827	0.0	1.419	3.535	4.062	0.0	1.892	3.874	1.063	0.0	2.209	2.514	5.18	2.183	8.123	3.024	8.447	0.935	1.586	4.208	0.0	4.999	3.134	1.114	1.674	1.723	1.929	1.118	5.264	2.448	9.316	2.277	0.0	2.007	1.876	2.97	0.0	1.1	10.663	8.683	3.264	1.801	1.258	1.287	3.259	3.522	0.752	1.58	3.661	1.773	3.206	3.488	2.196	1.947
cell_0090	cluster_1	9.068	3.789	0.796	0.841	2.009	3.635	3.208	1.927	4.284	1.542	1.648	3.482	4.169	0.0	1.464	2.922	9.972	2.336	0.377	2.876	4.29	3.04	9.734	3.096	3.447	0.505	4.909	1.105	0.0	1.02	2.08	3.06	3.863	0.0	2.538	2.937	2.215	8.236	1.81	1.714	1.7	0.0	4.964	3.675	1.4	3.033	0.92	1.444	3.147	0.947	0.0	3.063	2.216	2.423	3.195	2.057	3.521	8.562	10.845	5.071
cell_0105	cluster_1	51.348	17.251	1.371	2.718	10.613	2.273	1.661	3.634	17.972	0.0	6.302	11.58	1.724	2.972	1.658	4.73	2.386	3.517	3.325	1.236	7.999	2.937	2.618	8.928	3.592	8.632	4.55	5.825	15.042	4.061	5.177	1.331	5.832	0.0	4.801	0.0	7.646	5.795	2.494	6.651	0.0	3.617	0.0	6.845	2.085	3.036	1.804	3.448	3.115	3.22	1.163	2.225	1.187	7.653	2.124	10.542	3.306	1.034	7.025	1.522
cell_0209	cluster_1	34.847	42.848	4.518	7.12	5.87	3.399	0.0	1.69	9.68	6.757	4.334	5.567	1.614	1.922	9.73	9.842	1.071	5.558	2.48	0.0	2.553	2.061	4.023	1.426	4.022	2.589	2.118	0.872	2.84	0.0	1.832	2.425	9.486	4.772	1.365	6.314	3.15	2.701	4.793	2.14	1.86	1.802	6.29	10.768	1.342	3.399	7.606	16.896	6.248	1.782	2.32	2.573	0.0	0.573	7.766	3.736	1.592	0.959	2.684	2.032
cell_0018	cluster_1	0.0	27.925	0.0	0.0	2.346	7.467	3.165	2.264	1.99	0.0	2.161	1.122	2.777	1.048	1.372	2.053	0.0	13.362	1.824	20.011	14.82	5.881	1.783	2.599	2.5	0.0	4.8	2.435	4.803	8.26	4.354	5.204	0.689	4.552	0.927	2.69	0.0	1.545	1.331	5.7	1.746	2.37	1.691	1.503	1.751	10.628	0.0	3.778	2.496	2.794	5.663	7.272	0.976	3.289	5.349	8.171	1.208	0.0	2.056	1.983
cell_0091	cluster_1	16.857	17.898	1.903	0.0	2.3	3.555	10.728	5.983	0.0	5.522	1.915	2.104	2.44	2.462	5.469	6.72	0.0	1.253	3.714	0.0	0.0	2.614	3.328	2.616	1.28	1.145	2.89	0.89	1.002	3.424	3.325	1.416	9.033	0.572	3.292	3.879	2.565	8.693	5.026	6.425	2.728	2.612	1.016	2.072	4.46	1.675	5.837	3.646	2.713	1.178	1.573	2.878	1.414	1.497	11.394	4.125	1.39	3.069	2.015	18.101
cell_0136	cluster_1	0.0	10.905	0.833	2.083	0.0	1.622	0.0	3.618	2.377	5.021	0.0	0.838	0.0	1.246	3.497	0.914	1.302	1.094	4.669	2.525	0.0	4.169	1.877	2.316	6.001	3.074	0.777	2.402	3.427	2.641	2.42	0.0	2.633	0.964	0.126	1.879	11.593	3.325	4.24	0.0	0.0	0.0	2.717	2.21	6.602	3.434	1.62	2.31	2.102	0.366	3.382	5.493	1.278	3.198	2.484	5.646	1.114	1.522	8.439	5.529
cell_0114	cluster_1	30.838	40.114	4.961	5.229	7.358	1.919	2.034	1.374	4.145	1.553	3.814	2.76	3.113	1.391	1.512	2.216	1.175	2.298	0.0	0.659	2.534	2.118	1.32	9.752	1.455	2.557	0.887	0.86	8.196	2.93	5.333	4.341	1.331	1.935	3.578	1.354	2.962	0.583	0.808	1.101	0.641	5.531	3.38	0.974	2.412	1.351	2.084	0.833	6.354	0.929	1.26	1.2	2.744	1.523	2.037	3.172	2.158	1.162	0.946	14.615
cell_0310	cluster_2	1.271	3.144	18.749	7.844	2.3	4.525	2.742	2.698	0.0	4.231	2.086	1.862	6.881	1.186	1.949	0.834	1.902	0.788	2.233	2.462	2.925	0.507	5.197	1.687	16.387	4.683	4.908	1.072	5.179	7.229	2.066	0.0	3.967	2.005	2.817	8.867	1.706	3.155	6.38	4.199	1.246	2.861	4.125	0.0	0.0	4.925	2.162	6.654	3.569	6.719	4.493	8.779	3.363	4.799	2.418	3.37	6.293	2.946	3.596	1.305
cell_0493	cluster_3	2.803	1.778	0.0	0.0	0.0	20.621	4.117	4.889	1.574	3.497	2.163	1.71	4.005	2.732	0.826	6.282	1.22	6.053	2.576	1.658	6.267	8.526	5.877	0.956	1.39	1.671	0.0	13.194	1.52	3.79	2.73	5.399	3.332	5.166	2.11	15.955	2.125	2.735	2.8	2.013	2.393	1.161	4.945	2.109	3.577	2.022	2.925	0.0	4.763	0.0	2.667	0.742	1.608	4.505	4.064	3.637	2.598	1.086	3.643	3.526
cell_0467	cluster_3	2.262	4.73	0.0	1.978	0.0	16.673	7.522	3.766	12.07	3.12	4.292	6.881	8.595	3.787	0.0	29.625	6.011	5.163	1.776	0.0	2.635	5.128	2.245	3.306	0.923	5.649	2.697	1.841	3.442	7.267	1.691	6.311	0.593	6.179	5.914	3.298	8.436	4.253	0.975	2.18	2.0	0.0	5.139	2.024	1.792	1.725	3.783	0.877	4.152	4.084	1.469	7.848	16.404	1.156	0.338	3.382	3.355	4.467	2.087	3.27
cell_0143	cluster_1	12.146	25.731	6.357	2.979	0.0	0.0	2.901	1.755	8.555	0.0	2.223	2.393	2.126	2.806	3.194	3.266	2.314	3.839	2.528	1.277	0.845	1.476	1.514	5.534	4.054	2.125	2.181	3.005	0.0	4.381	1.497	1.718	3.223	1.995	7.57	7.857	1.341	4.492	0.789	1.516	3.954	0.892	2.741	1.882	1.438	1.257	0.0	3.131	2.715	1.421	1.347	2.05	2.223	0.91	2.589	2.85	2.177	7.816	3.163	0.0
cell_0513	cluster_3	1.03	2.68	9.721	3.124	16.294	15.814	10.314	4.85	5.061	8.392	2.222	2.496	2.968	2.089	13.463	0.0	10.482	6.875	3.125	0.0	6.558	2.092	2.302	2.907	2.766	1.509	2.987	0.0	2.343	0.0	0.0	1.787	2.691	7.446	3.355	5.996	3.474	4.229	0.766	0.0	1.519	10.305	1.251	1.291	0.0	2.894	3.973	3.121	0.788	3.793	1.25	1.846	2.38	4.012	4.226	2.315	0.0	5.762	2.666	3.013
cell_0010	cluster_1	32.826	28.992	3.038	4.026	2.193	3.086	4.009	2.643	14.346	2.884	1.622	2.007	3.313	1.684	2.005	8.235	1.324	1.965	3.421	2.525	1.85	1.176	0.0	2.854	2.41	4.536	5.43	0.0	8.59	3.992	2.313	3.335	0.0	2.839	5.654	1.609	2.198	2.71	1.356	15.739	3.932	4.568	6.977	3.575	3.042	6.493	0.0	4.209	10.338	10.136	3.373	3.734	5.187	9.462	4.688	0.0	3.224	0.0	3.566	1.807
cell_0600	cluster_3	3.685	8.728	6.034	3.199	19.305	43.306	9.518	0.0	1.679	3.496	2.681	2.729	9.676	4.385	2.492	2.386	7.096	2.994	1.958	7.692	0.886	1.847	4.424	9.096	1.946	5.099	9.182	2.016	3.268	2.439	3.794	6.713	26.099	8.233	12.889	3.878	7.812	3.605	9.207	1.939	7.363	4.011	3.744	0.0	3.111	4.408	1.894	0.801	12.901	2.029	1.258	1.878	5.053	3.383	6.256	3.742	0.0	8.681	0.0	0.0
cell_0356	cluster_2	1.492	3.567	17.752	21.943	2.614	5.56	2.469	6.374	0.844	2.896	0.95	0.0	5.342	3.297	4.729	2.403	2.209	2.51	3.431	0.789	2.299	3.226	0.963	0.0	2.358	4.415	2.43	1.58	1.371	2.594	2.209	5.891	1.885	1.736	1.458	3.829	1.963	3.265	2.209	1.465	4.584	1.994	4.026	4.7	8.605	3.774	2.562	4.235	6.765	0.939	1.83	0.0	2.365	0.816	5.376	1.592	3.789	22.448	7.336	1.932
cell_0120	cluster_1	46.673	33.989	1.813	1.287	2.21	4.084	3.798	1.611	2.267	1.614	5.642	1.458	0.0	2.66	1.061	3.268	9.364	0.0	6.861	5.558	5.883	1.222	1.511	2.043	4.556	1.908	0.744	4.018	0.0	4.708	3.318	8.787	0.0	0.0	4.514	0.0	1.775	5.154	6.792	3.093	1.149	1.797	1.5	5.439	2.534	5.028	5.078	3.472	2.027	5.379	4.649	0.672	3.057	5.252	2.697	1.407	1.187	1.841	3.126	2.518
cell_0227	cluster_2	1.616	2.867	44.3	21.481	2.729	33.476	7.059	3.836	2.886	2.192	3.65	8.829	9.484	3.235	2.643	1.452	2.247	2.348	0.0	4.411	3.897	7.319	3.263	4.928	0.0	1.298	2.875	3.294	1.264	4.942	2.287	5.503	1.37	0.0	1.118	3.974	0.0	2.593	3.86	7.12	1.107	0.0	3.211	5.64	2.925	1.911	0.23	11.34	4.848	8.557	9.12	3.239	1.337	1.739	3.314	3.048	3.056	6.556	1.356	5.413
cell_0049	cluster_1	6.349	10.023	7.226	0.74	2.142	4.817	2.459	0.586	1.256	2.755	3.424	4.34	4.981	4.474	1.296	3.64	2.508	5.392	0.0	3.243	0.531	1.84	1.35	1.05	5.839	2.264	1.786	0.606	1.15	0.0	2.041	2.697	2.122	1.022	2.974	1.351	1.972	1.105	1.847	2.012	1.303	0.0	2.303	2.134	2.045	1.237	2.057	3.792	3.1	1.145	3.97	1.112	1.588	0.421	1.984	1.017	1.194	2.579	1.867	0.0
cell_0284	cluster_2	3.658	0.0	0.0	27.738	1.105	0.0	0.99	1.434	5.65	1.33	0.0	5.027	0.814	7.536	1.49	0.0	0.893	3.158	1.974	3.679	1.459	8.523	3.922	1.896	1.958	2.579	2.975	1.748	0.985	5.784	2.81	1.326	2.371	1.543	5.877	3.603	1.112	1.038	2.29	2.259	2.7	0.0	3.957	1.122	1.312	1.829	0.0	0.776	0.0	0.0	1.851	0.0	3.462	7.789	1.414	4.415	8.461	2.208	2.195	3.652
cell_0183	cluster_1	72.745	10.128	1.448	17.92	1.387	15.349	2.482	1.977	4.183	1.545	8.322	1.837	0.0	1.272	3.524	1.201	2.861	4.782	0.87	6.574	3.549	2.379	2.632	0.837	6.707	6.504	1.308	0.0	5.23	2.878	2.784	0.0	1.671	0.0	6.789	2.282	2.43	1.513	14.672	3.163	1.63	1.906	0.0	2.543	3.194	0.0	3.219	2.58	5.456	2.83	0.773	2.209	3.333	4.038	4.444	1.319	0.0	0.0	1.699	4.365
cell_0458	cluster_3	1.68	1.708	0.0	1.921	0.0	16.473	1.395	5.942	2.377	2.844	4.778	3.983	1.212	4.163	1.377	2.311	1.905	0.988	0.377	4.9	2.651	1.06	0.853	4.602	5.803	1.235	5.648	1.871	2.298	0.474	1.804	5.921	0.605	3.533	1.304	1.268	2.671	2.13	1.694	1.893	4.722	1.456	1.701	1.683	6.168	4.076	1.358	1.988	0.0	3.991	0.738	2.721	1.084	3.504	1.56	2.1	3.08	0.0	1.016	0.0
cell_0558	cluster_3	2.592	1.402	0.0	3.697	18.156	35.732	6.45	10.364	1.913	1.353	2.789	4.086	11.344	10.031	1.755	8.645	7.182	2.747	3.578	10.286	1.218	1.472	1.263	0.0	3.303	1.116	5.622	8.182	3.571	5.779	1.118	2.076	1.902	4.454	2.202	9.894	6.516	0.762	3.288	0.0	1.811	0.371	0.0	3.856	1.308	2.403	3.772	2.859	2.34	14.346	0.0	1.05	1.228	16.901	2.28	8.002	6.795	0.637	6.67	2.515
cell_0531	cluster_3	7.838	1.128	1.885	1.519	4.553	6.955	2.494	4.73	0.1	1.289	1.911	3.501	0.957	0.863	1.137	2.319	0.58	0.904	1.218	2.229	0.914	2.404	1.09	6.295	1.763	0.976	0.0	1.986	1.027	0.0	2.339	5.487	6.98	1.834	2.048	2.867	6.858	1.782	1.813	0.319	1.292	1.459	1.035	1.1	3.682	2.833	0.93	0.963	2.285	1.388	1.331	1.87	2.863	2.201	1.162	3.314	0.0	2.107	1.407	1.874
cell_0111	cluster_1	0.0	7.843	2.285	0.842	0.37	6.4	1.362	2.463	2.474	2.02	1.332	1.448	0.592	1.823	0.0	3.139	2.973	2.196	6.669	3.263	0.706	1.154	1.936	4.296	3.58	1.584	1.184	1.711	0.0	2.488	5.596	1.512	2.117	1.782	1.59	2.571	1.203	1.56	0.0	3.533	3.334	0.911	0.0	1.853	1.97	0.465	0.831	4.63	4.15	2.164	1.341	1.26	0.834	1.33	2.384	5.296	2.08	2.023	0.655	1.763
cell_0248	cluster_2	7.852	4.801	20.736	45.364	2.912	0.0	0.88	1.13	2.698	3.401	6.309	3.667	0.0	1.581	1.864	5.398	6.585	4.843	4.165	4.538	2.013	0.0	5.464	1.699	0.0	0.875	1.668	4.035	0.694	2.577	3.218	0.0	2.559	5.791	3.966	2.003	1.914	1.686	3.264	4.338	0.0	2.488	0.0	1.908	3.579	3.799	4.455	1.681	0.0	5.923	2.317	0.0	5.287	1.332	0.0	5.451	1.55	6.756	0.988	4.967
cell_0514	cluster_3	8.903	1.826	0.83	0.563	7.763	5.006	2.725	4.414	0.692	1.204	6.567	1.91	0.81	0.0	1.388	1.601	1.839	1.908	1.59	1.711	0.609	0.28	2.6	1.038	0.782	1.232	4.033	0.0	3.562	0.741	3.954	0.747	1.316	2.346	2.268	2.121	1.323	1.551	4.89	1.185	1.643	1.485	1.801	0.502	2.437	4.475	0.0	3.975	0.675	0.0	1.107	1.107	1.8	1.038	1.413	1.145	1.153	2.656	1.292	5.417
cell_0259	cluster_2	4.196	1.821	27.893	37.826	2.256	5.079	4.185	1.936	5.873	5.112	3.256	6.234	3.06	3.595	3.787	12.562	2.881	5.552	0.0	0.844	6.608	1.578	2.144	3.703	1.49	10.619	8.654	0.0	3.779	3.477	1.782	2.793	2.395	2.917	1.831	3.934	5.737	1.208	2.51	1.869	3.209	5.577	0.0	2.298	1.954	5.56	0.0	1.376	1.592	2.492	2.908	2.815	0.0	4.316	3.567	1.351	2.701	4.572	4.94	1.133
cell_0475	cluster_3	1.788	1.377	2.991	2.679	27.807	5.981	3.315	1.416	0.755	2.49	0.567	5.302	2.785	0.0	1.087	2.19	2.657	4.29	4.532	2.505	2.192	4.044	1.461	0.0	8.677	4.683	0.977	2.433	1.432	7.985	0.0	1.228	1.874	3.865	1.004	1.393	9.132	0.494	2.114	2.451	2.435	0.0	1.356	3.941	6.126	0.794	1.332	3.266	4.786	0.541	1.641	0.0	4.484	1.888	1.537	2.545	4.877	0.664	1.275	1.056
cell_0313	cluster_2	4.258	3.042	14.114	0.0	0.491	0.0	5.068	1.704	13.071	2.919	2.653	6.843	1.176	3.573	15.888	1.894	2.313	4.046	11.82	0.934	8.627	0.0	5.994	4.986	8.009	0.415	1.876	0.725	3.001	7.996	7.442	3.73	4.766	0.0	1.218	0.891	2.173	3.545	6.242	3.486	5.424	7.227	2.353	1.311	2.495	4.944	0.0	2.377	8.163	1.688	4.008	2.687	6.14	3.927	2.313	2.709	3.561	3.531	1.297	1.548
cell_0138	cluster_1	33.187	23.205	2.523	0.0	1.449	1.034	0.9	5.324	0.0	3.12	0.959	0.0	5.517	3.324	8.708	1.286	0.0	1.447	1.109	0.0	0.408	0.658	4.478	1.226	8.41	1.648	1.017	4.463	9.969	10.821	1.371	0.0	3.452	1.469	3.02	0.0	3.841	1.786	13.076	2.407	1.185	3.469	0.377	0.703	0.0	0.918	6.128	2.243	1.695	0.978	0.69	1.224	4.613	2.574	2.304	1.23	3.263	1.72	3.216	0.648
cell_0559	cluster_3	1.463	4.021	1.316	2.763	9.08	9.653	6.086	10.824	1.036	1.904	0.569	3.869	1.394	0.612	3.078	3.21	3.371	2.911	6.7	0.0	2.838	1.253	4.578	2.968	0.569	1.758	4.331	3.845	5.337	3.1	1.168	3.194	1.393	4.009	0.0	1.993	3.54	1.14	6.068	2.482	0.966	7.895	1.604	0.9	0.0	2.85	7.589	0.479	0.0	0.0	2.111	2.651	3.464	2.136	2.787	4.529	0.459	2.238	16.039	3.665
cell_0347	cluster_2	3.109	3.66	25.681	28.833	0.679	2.191	1.942	2.425	1.067	1.081	1.369	1.14	3.061	1.131	3.335	3.247	1.202	6.16	3.389	0.0	3.319	1.691	4.669	0.63	1.327	1.133	2.121	3.731	1.702	2.329	1.845	1.679	0.681	9.424	2.183	2.519	0.516	10.053	3.244	2.027	2.368	4.121	0.788	1.842	1.663	1.193	1.228	5.424	0.983	1.506	1.306	0.843	2.024	0.969	3.095	6.861	1.42	0.844	1.79	2.243
cell_0412	cluster_2	1.233	2.888	11.45	13.368	0.0	3.355	2.351	4.26	1.637	2.131	8.246	3.963	0.0	12.27	2.619	2.276	4.438	7.464	9.682	2.261	2.673	3.591	0.0	5.829	1.754	4.784	1.638	1.341	2.501	8.331	3.059	2.903	3.121	6.594	4.683	3.065	0.671	2.039	4.181	3.03	6.408	2.634	7.101	4.083	0.893	3.561	3.254	5.306	3.064	2.139	3.548	1.518	1.987	6.827	3.055	3.418	6.746	0.0	1.85	5.172
cell_0226	cluster_2	3.457	3.74	5.845	38.741	5.129	4.057	4.258	6.29	5.54	2.122	1.415	0.0	9.243	0.896	2.8	4.193	1.455	4.816	16.777	2.984	2.716	3.146	1.563	6.522	1.939	0.0	1.949	9.861	6.461	4.301	3.812	1.193	1.508	3.071	5.208	10.437	4.26	0.617	1.385	2.115	5.256	2.076	1.521	2.628	1.681	12.399	4.175	3.366	2.344	3.489	2.165	3.513	1.154	2.62	1.403	0.0	3.917	3.357	1.072	3.771
cell_0257	cluster_2	1.821	0.781	16.531	22.992	2.107	1.602	2.976	0.0	0.767	1.125	2.739	1.592	0.926	1.735	0.871	2.161	1.195	1.333	1.253	5.264	2.343	2.174	0.785	0.0	0.936	2.464	2.366	0.934	2.429	0.914	2.08	3.161	0.817	1.125	0.701	1.26	1.389	1.231	1.163	5.26	1.276	4.492	5.26	0.854	2.128	3.594	0.683	1.686	0.905	1.638	0.859	1.534	5.267	0.944	1.951	0.845	4.479	2.013	0.836	2.118
cell_0331	cluster_2	0.0	2.64	13.677	42.965	13.038	0.0	1.019	0.0	1.767	1.297	0.976	6.02	4.078	10.033	4.612	2.429	6.904	2.57	2.37	3.807	3.487	4.698	3.102	1.191	5.552	4.481	3.556	0.0	4.77	4.497	1.128	3.155	5.314	3.215	3.038	4.611	4.209	0.0	1.705	1.741	4.397	15.526	1.099	13.389	6.629	9.696	6.586	10.771	1.672	8.059	5.006	1.515	7.517	9.255	1.111	4.008	2.575	3.053	5.846	0.808
cell_0599	cluster_3	3.22	1.046	0.0	3.153	41.257	13.419	5.317	5.759	2.113	7.148	7.23	1.978	0.877	3.607	2.449	5.207	5.158	3.186	2.884	3.748	5.811	1.995	3.041	7.377	1.6	7.21	2.527	6.569	7.503	5.302	0.0	6.471	5.37	5.691	7.682	5.405	5.377	0.0	0.0	4.36	3.448	2.669	6.121	6.09	4.439	0.0	1.868	1.359	8.004	3.447	2.031	7.308	5.687	1.323	4.256	1.58	9.409	2.046	2.198	1.05
cell_0082	cluster_1	0.0	23.404	3.157	4.597	11.701	7.888	5.206	10.425	11.587	14.121	21.317	7.363	12.264	5.867	8.708	17.854	12.566	7.273	24.904	11.15	20.575	12.306	2.034	7.885	4.102	27.629	7.297	0.0	6.486	0.0	14.912	8.871	7.153	11.301	12.561	1.217	11.023	0.0	0.0	2.749	14.329	0.0	6.858	9.478	5.163	39.808	5.925	3.795	5.081	3.694	6.19	13.447	6.846	7.592	13.135	35.307	16.149	15.874	12.081	4.391
cell_0224	cluster_2	4.122	0.708	7.709	12.533	2.065	2.936	1.462	4.334	4.247	2.155	2.19	4.778	2.555	5.391	2.666	2.016	2.733	3.303	4.648	4.054	1.069	2.917	0.518	0.974	0.0	3.583	2.099	3.901	3.499	0.0	4.215	0.929	4.505	0.0	4.368	8.384	0.888	7.862	8.819	5.003	0.265	1.234	1.306	1.441	3.873	6.608	4.957	1.409	2.637	0.0	3.486	0.0	1.259	0.953	5.809	2.88	4.538	1.911	1.59	0.772
cell_0525	cluster_3	4.685	5.413	2.348	15.065	6.923	9.558	7.473	5.011	0.951	2.587	5.1	6.162	1.944	2.654	11.419	0.99	3.63	1.493	5.135	4.786	2.632	1.297	2.094	2.121	1.609	0.76	2.422	4.48	5.433	0.0	0.0	1.929	5.134	4.251	1.725	5.444	1.594	2.297	3.224	6.639	4.072	2.606	5.339	11.12	10.692	4.088	1.972	9.307	8.23	3.026	7.667	4.029	0.0	2.298	11.981	1.978	2.053	14.097	3.417	4.326
cell_0219	cluster_1	23.753	44.654	3.988	5.535	2.459	3.45	3.195	0.0	5.481	2.74	3.846	15.75	2.145	0.741	3.054	3.119	4.57	3.29	2.444	4.831	1.35	3.013	2.369	3.435	3.169	8.009	0.0	2.561	3.944	1.758	3.435	3.469	21.843	4.479	1.525	4.455	1.382	0.723	4.018	1.908	2.734	6.475	0.0	1.085	4.084	2.405	2.561	2.323	4.401	0.0	4.549	1.226	5.144	0.0	1.061	3.334	1.889	0.797	4.219	1.884
cell_0268	cluster_2	3.334	2.008	22.852	0.0	4.32	6.185	4.081	2.464	1.051	4.51	4.792	3.09	1.888	2.77	6.677	0.568	6.315	3.131	12.388	6.348	2.008	3.842	3.407	12.856	2.766	6.702	0.0	0.0	0.0	1.458	4.064	2.106	0.0	6.046	3.608	3.741	1.51	0.0	1.769	1.691	5.279	6.248	3.438	3.639	1.412	9.288	4.471	2.232	1.815	2.817	1.792	5.895	7.768	1.883	1.714	1.62	6.606	12.942	2.028	5.136
cell_0441	cluster_3	0.0	3.752	2.028	5.026	15.071	6.88	7.664	6.41	2.227	7.65	3.714	1.446	1.926	0.0	2.72	0.999	3.021	4.246	5.202	6.813	6.456	3.754	2.517	0.0	1.915	1.999	4.946	1.086	4.057	24.672	3.146	1.767	4.899	4.127	2.815	0.756	1.154	2.564	3.361	3.377	3.015	0.0	1.579	9.934	0.858	9.9	1.965	2.521	2.073	9.553	0.739	4.239	3.653	2.839	9.259	1.83	0.721	1.104	1.889	5.618
cell_0157	cluster_1	9.247	0.0	4.892	1.874	4.154	1.084	0.0	9.285	2.609	4.221	3.49	5.213	0.0	1.51	6.771	3.505	1.041	4.667	2.292	1.621	1.453	5.116	7.308	1.355	6.365	0.0	2.802	2.675	0.0	0.0	3.119	2.273	1.424	0.0	4.721	2.188	1.386	1.58	8.074	0.843	3.136	1.277	4.46	2.195	0.0	2.099	1.183	1.657	2.584	5.822	0.0	4.488	3.589	1.47	1.017	7.81	1.617	4.456	0.0	3.806
cell_0197	cluster_1	0.0	30.379	3.148	4.427	2.387	0.542	0.774	1.577	5.06	0.0	1.229	1.087	4.069	1.402	2.247	2.598	9.689	2.292	1.499	10.582	6.695	0.556	2.106	2.872	1.359	0.982	2.178	0.936	2.033	0.463	2.097	4.92	1.966	2.306	2.119	0.0	1.349	1.793	1.246	0.591	1.795	0.0	0.999	0.962	0.0	1.074	2.119	0.0	2.353	0.755	0.822	5.293	1.513	1.751	0.0	0.784	1.845	0.901	1.842	2.125
cell_0391	cluster_2	0.807	1.427	13.943	27.533	2.034	3.074	1.447	0.765	2.309	3.293	9.977	1.77	1.448	2.109	2.827	0.0	0.681	1.155	0.337	1.617	3.177	3.055	5.417	1.904	0.673	3.347	3.239	1.41	2.221	1.964	0.762	2.149	1.507	4.447	2.002	1.584	0.657	1.388	3.879	1.114	1.87	9.506	1.04	7.091	2.546	1.052	4.329	3.498	0.585	1.395	10.202	1.268	1.081	1.065	1.032	3.39	4.051	3.13	1.632	1.412
cell_0552	cluster_3	1.149	1.73	4.195	0.655	16.013	11.819	5.008	10.312	0.667	3.716	3.597	1.186	1.152	1.894	6.945	1.52	0.0	1.151	3.827	1.855	3.756	2.38	6.419	0.884	2.481	3.503	4.296	5.294	1.04	1.325	0.584	1.141	1.313	1.167	1.037	0.0	1.442	1.14	2.578	0.0	1.96	3.886	1.591	5.118	1.042	1.242	2.887	3.152	3.497	3.559	5.57	0.517	1.258	0.651	2.569	2.651	1.033	2.381	1.594	4.386
cell_0002	cluster_1	37.375	31.941	1.5	2.274	0.0	6.385	2.627	1.137	1.515	3.079	1.544	3.709	1.672	0.0	0.683	5.893	1.11	0.882	1.827	2.635	2.126	3.652	3.864	17.626	1.577	0.957	18.693	0.444	2.354	0.577	1.756	0.0	2.852	2.545	2.483	2.773	1.879	0.764	2.271	1.416	7.128	5.016	3.4	2.18	4.449	0.468	1.367	2.822	3.949	1.365	4.793	2.497	2.6	0.863	1.311	3.12	0.607	3.87	1.144	1.66
cell_0206	cluster_1	8.412	18.041	1.54	4.486	1.895	2.121	0.974	3.375	2.975	1.953	0.844	2.845	2.572	1.959	4.674	2.057	3.615	0.0	2.811	1.406	13.319	2.196	2.73	0.0	0.49	6.457	1.615	5.517	1.006	2.81	2.994	0.434	5.973	11.603	2.796	2.586	3.467	0.0	1.088	2.027	1.801	1.865	1.932	2.02	6.955	5.172	3.827	7.925	2.106	4.553	2.7	2.226	2.481	5.154	0.0	2.159	1.495	1.778	1.908	2.408
cell_0434	cluster_3	1.689	1.568	4.543	4.258	12.462	0.0	2.308	2.214	2.182	2.276	0.0	2.343	0.904	0.0	5.597	1.663	13.121	0.0	3.598	1.51	2.943	0.0	3.121	2.031	8.334	5.832	1.735	0.0	2.025	9.19	1.974	3.96	5.794	4.194	4.2	0.66	0.761	0.0	0.0	4.728	4.695	0.789	2.897	2.893	2.344	3.554	5.146	2.52	2.72	3.822	10.454	4.97	0.0	2.95	1.368	2.063	6.065	3.564	4.397	1.573
cell_0195	cluster_1	18.776	106.051	5.831	3.34	7.729	0.628	2.31	5.663	3.71	0.82	0.479	2.98	2.494	3.035	0.729	0.901	0.775	4.67	0.631	0.0	3.217	4.181	3.194	5.33	9.647	1.499	1.583	4.289	5.926	2.974	2.035	5.882	3.553	3.317	0.0	0.0	1.365	1.362	1.643	2.984	1.027	1.577	1.109	1.483	1.149	8.98	4.037	4.222	3.244	3.929	8.446	2.065	1.319	3.785	0.63	2.24	2.55	2.408	1.642	1.849
cell_0464	cluster_3	1.553	2.491	9.159	5.754	0.0	18.546	14.235	2.448	2.543	2.9	15.049	1.252	3.403	0.0	3.113	5.118	0.0	4.843	1.504	2.455	0.0	2.715	5.182	1.462	1.85	1.815	2.504	0.0	2.496	6.753	2.503	3.006	1.159	0.0	1.172	1.076	4.915	6.128	3.011	8.478	2.89	1.549	2.623	0.699	6.333	5.601	5.945	5.188	1.594	3.678	3.981	4.474	2.831	6.306	13.332	1.955	2.795	8.018	9.852	1.714
cell_0418	cluster_2	4.669	4.624	30.413	15.86	0.67	4.765	8.639	5.887	0.0	0.0	4.86	1.377	1.853	7.155	4.2	0.737	2.406	0.0	1.532	2.121	4.591	1.102	0.0	1.324	2.105	1.136	4.236	4.668	2.309	1.095	3.739	0.0	6.343	12.168	0.0	0.0	0.0	2.962	8.684	1.405	0.929	1.726	0.824	0.0	1.33	4.64	10.72	2.173	0.0	6.734	2.901	1.874	1.192	1.605	2.378	4.036	1.17	2.946	3.295	3.792
cell_0185	cluster_1	9.901	58.478	0.0	2.733	1.099	2.136	1.5	3.827	3.323	1.39	2.616	5.016	3.213	2.246	3.466	1.08	4.379	0.0	3.31	3.406	0.946	2.759	0.517	0.0	2.29	4.701	0.0	2.585	1.885	5.208	0.426	1.591	1.782	4.24	1.325	6.108	0.997	0.0	1.157	2.513	1.595	0.936	1.626	2.112	1.753	0.563	1.937	0.679	3.449	4.882	2.058	0.512	1.137	7.212	1.941	1.343	2.103	4.666	1.146	3.657
cell_0530	cluster_3	5.896	0.396	0.807	3.716	54.257	6.829	7.738	5.833	3.164	3.517	4.087	0.0	8.892	2.143	1.836	11.297	6.627	0.733	2.726	7.576	1.321	1.691	0.743	2.417	0.0	1.195	4.03	3.61	2.72	1.82	0.854	3.747	1.348	2.618	7.502	4.428	6.789	3.612	4.638	1.459	1.78	3.792	1.76	0.63	6.682	16.298	2.076	1.67	3.588	1.758	6.833	1.511	2.422	12.413	3.314	0.0	0.0	2.422	1.585	2.958
cell_0361	cluster_2	2.088	3.925	26.452	7.688	2.994	1.072	10.41	2.384	2.069	4.225	0.865	0.0	7.977	0.0	4.834	1.663	2.623	1.707	1.167	1.376	11.168	3.109	6.367	2.447	1.488	4.029	10.392	5.048	5.042	0.626	6.723	2.137	1.894	1.283	2.632	0.0	1.639	4.939	0.718	3.73	2.347	10.179	4.121	4.486	4.492	4.13	7.074	0.741	0.0	3.968	0.0	3.869	4.582	6.191	3.965	6.761	4.505	1.887	1.674	0.0
cell_0382	cluster_2	5.787	2.422	11.828	17.464	1.218	5.668	8.532	2.516	6.114	4.404	0.0	2.263	12.451	0.861	2.862	6.912	0.0	13.074	1.147	6.493	3.559	0.0	2.709	4.674	6.895	5.009	4.967	0.0	2.82	2.272	3.064	3.525	4.068	4.375	7.588	6.336	0.815	1.335	3.226	1.176	4.993	1.798	3.491	1.02	1.336	1.904	3.773	0.0	3.629	4.607	3.594	1.081	1.351	4.727	2.676	0.973	2.848	0.0	3.259	4.512
cell_0203	cluster_1	14.397	8.311	2.435	2.831	5.569	0.985	1.294	0.798	7.621	2.271	1.181	3.002	3.122	2.732	0.586	6.925	0.878	9.46	1.411	0.0	3.893	3.035	3.58	2.028	4.114	1.993	2.22	4.073	4.715	1.367	2.201	8.045	1.912	2.478	2.975	4.471	1.367	2.164	3.645	0.666	1.64	12.432	1.219	1.454	3.603	3.06	3.442	12.933	4.179	2.042	2.634	3.769	1.869	2.094	0.0	3.494	3.402	1.235	0.0	2.608
cell_0556	cluster_3	2.177	0.872	2.28	3.55	60.238	7.917	1.906	2.363	9.103	1.857	3.698	5.715	1.754	3.437	3.846	2.107	3.346	3.535	3.065	5.25	9.056	2.286	0.0	1.547	1.042	0.0	5.15	5.96	3.273	1.61	1.791	5.03	3.123	0.0	5.689	2.513	1.814	2.471	2.854	2.14	1.677	4.505	5.643	3.686	1.439	1.971	2.359	1.089	3.719	2.615	5.858	3.6	12.294	5.031	4.104	2.033	1.494	0.0	1.318	1.228
cell_0563	cluster_3	0.81	3.556	1.727	0.0	8.279	23.942	2.97	4.529	2.25	1.088	1.216	5.648	0.794	2.599	2.681	2.171	1.684	0.717	1.327	1.532	4.788	0.693	2.946	10.222	1.048	2.223	12.851	3.176	0.0	2.897	0.818	1.724	0.769	0.0	3.328	0.0	5.755	7.114	1.494	5.032	1.969	0.0	1.176	1.61	0.365	2.376	0.0	0.0	3.321	10.507	1.272	1.196	3.832	5.006	0.743	5.238	2.485	0.0	1.292	2.747
cell_0205	cluster_1	16.179	0.0	3.624	2.774	3.548	0.777	4.534	0.912	2.865	2.34	2.99	6.573	3.995	5.053	4.969	5.691	1.398	2.05	1.165	5.95	1.038	6.07	6.968	1.968	1.778	0.475	0.0	1.794	7.542	3.788	0.995	4.885	0.0	3.32	4.427	0.0	5.795	2.051	2.701	2.389	5.077	10.955	5.967	2.815	3.754	4.981	1.848	3.16	4.762	3.987	4.656	1.718	2.582	4.125	0.0	4.017	0.0	1.253	4.657	4.075
cell_0373	cluster_2	1.832	2.44	68.023	11.899	7.129	5.278	5.16	0.898	1.387	0.0	2.57	15.729	1.58	2.446	3.122	1.767	2.277	1.969	4.821	10.063	1.295	1.0	8.527	9.94	4.43	5.485	0.0	3.378	0.0	4.491	0.0	0.699	3.267	1.136	0.0	3.882	6.317	4.061	2.64	2.898	1.677	0.0	0.673	1.713	0.833	1.188	1.138	2.879	4.024	1.769	1.924	1.136	6.002	2.188	0.451	1.64	6.057	5.698	1.324	1.474
cell_0409	cluster_2	6.876	2.393	41.07	34.772	5.123	4.928	9.734	2.477	4.675	3.32	9.075	2.301	1.413	3.586	1.485	2.707	2.596	4.186	4.919	1.675	0.617	0.0	6.663	1.086	3.055	0.0	15.936	1.51	2.902	2.044	0.0	5.621	5.068	10.799	2.568	2.194	3.061	6.777	2.559	1.877	6.465	0.0	9.496	3.604	5.512	4.731	4.203	6.864	3.211	6.424	1.039	1.357	1.154	13.037	8.365	1.066	5.999	0.747	3.869	10.306
cell_0479	cluster_3	11.854	4.759	0.0	0.0	10.339	35.93	6.702	0.0	1.057	8.872	4.605	7.824	1.375	3.915	6.815	9.748	2.021	4.028	5.687	1.274	0.978	11.587	12.13	3.665	3.641	2.248	6.372	1.436	3.162	1.665	2.039	0.0	2.647	3.13	2.841	7.236	4.553	3.855	8.731	5.192	1.55	5.562	2.142	2.745	2.381	5.915	10.456	0.993	9.505	8.438	0.0	7.58	3.96	3.789	6.243	9.285	1.041	1.498	3.728	0.0
cell_0358	cluster_2	4.681	3.49	20.326	52.213	4.426	3.457	0.981	8.257	3.864	2.343	1.252	3.203	0.0	9.951	1.638	3.475	1.367	0.0	0.0	3.232	0.0	2.273	0.0	2.722	5.79	1.532	2.217	0.0	1.039	4.782	2.132	2.057	5.158	0.0	1.724	8.947	0.0	0.0	8.945	5.812	2.855	3.966	1.596	24.662	3.301	0.742	3.919	2.678	5.177	0.0	4.607	2.313	0.0	2.589	3.283	10.598	7.677	4.419	10.821	13.342
cell_0243	cluster_2	12.301	9.764	9.395	41.373	0.0	0.0	4.213	1.092	2.655	0.722	4.003	1.149	4.097	2.529	5.024	0.0	2.847	11.376	0.0	2.323	3.873	1.921	3.367	3.873	9.116	6.074	3.261	1.961	3.616	1.387	0.0	1.245	0.0	6.717	1.858	5.26	6.09	6.713	0.0	0.0	3.025	3.355	2.98	1.272	7.52	4.083	2.332	3.652	4.287	6.984	4.974	3.05	2.594	3.742	3.469	1.481	4.636	3.367	0.853	3.411
cell_0040	cluster_1	14.018	5.96	3.047	0.934	3.686	0.0	0.918	1.658	0.0	2.689	4.038	0.595	4.241	2.491	0.722	1.016	5.49	1.865	0.572	1.443	3.974	3.727	0.0	3.466	1.126	4.601	0.968	1.311	0.0	0.914	3.06	1.29	2.99	2.105	2.167	6.597	2.473	5.562	2.774	0.739	2.209	1.43	4.68	1.986	1.303	3.093	1.435	2.945	3.546	4.051	0.0	0.0	0.0	9.563	2.899	1.576	2.23	5.269	2.032	2.365
cell_0344	cluster_2	4.948	4.409	13.08	18.964	1.474	4.064	4.583	2.179	3.921	1.14	10.132	1.937	1.303	1.831	1.646	3.762	2.698	9.037	2.686	17.793	1.75	0.856	3.219	1.992	1.819	1.699	0.779	1.86	1.238	6.5	5.005	1.152	1.716	3.303	0.0	2.391	2.161	3.483	3.156	1.337	1.768	1.711	1.072	1.846	3.378	5.034	2.607	1.033	2.092	0.474	2.223	1.735	1.78	1.077	2.434	3.503	0.0	2.527	1.69	6.597
cell_0307	cluster_2	1.623	6.208	45.878	28.057	3.536	4.047	7.464	1.692	2.087	3.631	3.895	1.25	2.981	4.469	3.303	0.0	0.0	0.0	0.0	3.564	1.388	2.614	3.247	3.092	0.0	18.186	2.367	1.317	1.125	0.0	2.134	2.661	4.275	12.959	2.242	2.979	1.753	1.051	4.202	5.541	1.589	2.899	0.606	11.079	3.525	1.928	0.0	1.088	7.033	4.665	4.046	4.613	0.0	3.593	1.06	2.263	1.23	9.134	3.411	0.974
cell_0126	cluster_1	13.042	35.095	1.706	0.49	4.873	4.778	0.0	7.566	1.39	0.0	2.396	7.879	17.818	1.711	7.846	1.722	4.462	2.013	1.849	1.413	1.225	0.0	0.886	4.66	8.054	2.093	0.0	11.106	7.371	6.475	2.455	1.504	6.139	3.227	2.066	3.203	11.473	4.997	1.145	4.112	1.805	2.621	2.945	2.396	3.06	2.56	2.383	2.888	2.54	1.66	7.321	3.194	4.249	3.268	4.944	4.958	2.104	2.656	3.735	1.251
cell_0296	cluster_2	0.0	17.87	5.321	6.663	7.017	3.581	9.332	6.18	6.231	10.934	6.297	0.0	3.105	0.54	2.674	0.0	0.0	4.008	1.862	2.066	4.275	4.227	3.099	7.212	3.041	2.301	1.254	2.541	2.387	0.0	1.12	4.452	5.369	0.0	2.493	2.074	2.157	3.731	6.401	1.302	12.471	5.855	3.765	9.601	3.333	1.816	1.603	0.0	3.777	18.542	2.711	1.115	5.103	0.829	0.804	8.601	3.433	3.995	4.359	2.172
cell_0171	cluster_1	27.055	8.112	1.402	1.586	1.899	2.36	1.599	0.625	0.488	1.467	1.649	1.464	5.065	1.731	2.01	1.245	0.0	1.58	0.0	2.644	1.135	2.265	1.271	1.781	0.733	0.802	2.137	0.0	2.077	1.442	1.026	4.91	0.0	0.0	2.394	0.917	5.145	0.0	5.355	2.582	1.877	5.482	7.928	0.445	2.363	2.324	0.591	2.531	3.046	1.094	2.579	1.617	3.077	9.641	1.395	0.484	2.756	2.184	0.0	3.361
cell_0302	cluster_2	4.806	0.0	160.721	64.924	2.009	8.709	10.797	2.572	0.0	4.382	15.449	4.245	2.306	25.944	1.765	9.175	2.853	3.448	2.385	0.706	3.317	10.061	3.173	17.047	2.736	1.798	0.0	3.555	3.169	7.114	9.527	0.0	0.0	3.793	4.294	10.34	2.17	3.776	4.429	1.936	2.172	5.73	7.792	11.753	0.0	7.304	4.831	0.0	7.059	1.793	6.784	0.868	0.0	2.585	4.05	0.0	1.389	2.698	0.0	2.238
cell_0301	cluster_2	0.999	4.853	13.85	7.367	6.951	0.474	1.8	2.291	3.036	2.568	1.554	1.196	2.031	3.279	6.442	3.104	5.806	0.747	0.834	6.348	2.791	5.235	1.036	1.619	1.341	1.903	1.859	3.404	5.522	1.119	6.201	3.746	0.0	0.939	1.986	2.855	2.13	2.368	9.258	0.0	2.256	1.753	2.176	1.55	1.01	1.633	0.56	1.531	1.238	1.429	3.659	2.945	2.127	2.463	1.28	0.909	0.0	2.346	1.308	0.714
cell_0591	cluster_3	1.52	1.677	1.853	1.825	5.089	18.241	3.203	2.171	2.125	1.616	1.3	0.514	2.783	2.161	2.416	10.462	0.814	2.776	1.955	4.6	0.0	3.102	4.753	2.389	7.52	3.772	3.001	2.632	0.744	1.573	2.044	4.526	2.077	6.177	4.712	1.734	6.219	1.695	0.0	2.581	2.173	0.745	2.388	0.0	2.176	0.347	0.897	2.336	7.377	4.442	0.0	2.247	3.785	2.435	2.871	3.992	0.89	3.941	4.108	3.759
cell_0485	cluster_3	9.397	1.245	0.96	2.602	12.034	8.766	6.39	12.478	0.829	1.122	5.954	0.0	2.027	0.0	4.589	0.842	1.497	1.896	0.964	0.0	5.296	0.979	0.0	0.968	0.64	2.545	9.862	3.966	1.231	4.551	1.496	1.224	0.0	0.0	1.859	1.651	2.165	3.163	1.921	3.31	3.079	0.547	2.919	2.364	5.999	1.726	4.449	3.206	0.934	11.924	2.295	1.669	5.985	1.12	5.428	2.096	1.796	1.87	1.439	0.714
cell_0477	cluster_3	0.646	5.915	1.842	14.982	8.801	9.664	4.163	6.575	0.0	7.228	4.527	2.008	2.445	1.474	1.461	2.013	2.062	0.0	0.0	3.052	4.191	2.336	4.96	2.682	2.284	1.725	3.428	0.0	4.496	1.402	5.026	1.297	2.931	1.794	0.432	1.772	3.234	1.64	1.378	3.623	4.078	1.079	3.574	3.998	2.071	6.564	8.515	2.894	2.569	4.089	2.326	1.53	1.741	3.079	5.178	1.909	1.782	1.95	2.244	5.918
cell_0323	cluster_2	5.63	8.314	0.0	6.715	1.257	1.98	6.594	0.604	0.0	0.625	1.094	0.602	6.604	1.047	0.0	2.916	0.508	2.175	0.0	0.909	3.885	1.49	4.311	6.527	2.212	3.145	1.813	5.536	3.193	2.992	0.0	0.602	1.352	2.155	2.986	1.408	3.158	1.342	6.507	2.58	1.865	2.526	2.414	0.0	3.695	9.312	0.0	1.391	4.01	4.123	2.602	4.048	3.458	3.267	3.748	5.306	2.621	1.118	9.938	1.783
cell_0078	cluster_1	9.803	16.916	2.479	1.08	3.933	0.855	0.61	0.0	1.467	5.935	0.647	1.429	1.455	0.614	1.946	0.616	0.353	1.679	2.883	0.0	2.004	1.007	1.106	1.068	0.907	2.861	5.436	1.081	0.0	1.913	0.211	0.0	2.671	1.556	3.516	0.0	0.876	5.415	0.645	3.062	1.924	0.762	0.0	1.091	2.054	5.027	0.258	1.551	0.462	0.929	3.356	1.024	0.811	0.0	3.172	1.431	1.831	0.0	3.599	1.575
cell_0249	cluster_2	2.453	0.926	15.376	0.0	0.0	4.673	2.86	2.669	2.658	2.142	1.27	0.828	6.42	2.044	3.611	5.73	2.626	5.237	4.549	2.8	4.032	1.101	1.732	2.59	5.124	2.34	5.834	4.92	1.905	1.766	2.997	3.007	2.72	0.962	2.885	0.0	2.069	3.543	0.0	6.174	2.128	0.0	2.447	3.313	1.897	2.924	3.503	2.815	2.006	2.57	2.323	5.724	2.303	2.548	10.613	3.106	2.552	1.722	3.477	1.203
cell_0342	cluster_2	3.023	1.034	13.828	23.819	6.036	1.96	13.68	2.366	2.708	2.626	5.467	2.737	1.17	6.654	1.599	3.394	4.763	1.252	4.799	2.754	3.314	0.0	8.465	3.35	4.397	3.375	3.694	3.409	3.732	1.73	3.804	2.094	0.0	1.948	0.0	4.39	1.902	4.119	0.0	1.983	3.447	2.174	12.255	0.0	0.0	2.445	0.0	3.404	0.0	0.719	5.786	2.786	1.734	3.238	0.0	6.321	3.747	0.0	3.658	2.979
cell_0408	cluster_2	0.0	2.794	0.0	20.155	0.0	0.857	1.825	3.536	1.436	2.374	8.334	1.243	0.527	3.271	0.0	3.403	0.722	13.19	3.247	1.679	4.86	1.124	1.866	3.79	0.4	8.661	5.797	2.037	4.892	4.469	0.949	3.471	0.962	3.313	9.079	1.488	1.602	2.758	2.58	1.216	1.07	1.512	0.0	0.0	4.159	2.097	1.274	2.379	1.355	1.777	1.202	0.969	6.845	4.503	0.562	1.394	3.815	2.945	8.21	1.372
cell_0100	cluster_1	44.993	31.603	11.13	3.421	4.092	1.953	0.0	1.833	1.875	3.014	1.048	1.107	5.197	2.441	0.0	2.727	2.272	2.965	0.0	3.27	1.054	5.497	0.861	1.22	4.441	1.769	2.484	3.15	4.62	1.382	1.89	2.017	2.496	3.365	2.282	2.097	7.807	1.419	7.068	8.543	3.866	4.84	13.356	6.639	5.842	1.297	1.925	2.505	2.388	3.528	4.246	2.596	2.389	7.821	1.815	0.0	5.135	1.93	0.0	3.483
cell_0577	cluster_3	2.316	11.561	5.887	12.387	35.637	130.826	5.276	4.96	5.839	8.647	4.089	2.585	3.408	10.239	0.0	3.264	3.891	16.734	8.86	2.44	2.985	3.133	1.675	3.274	15.736	6.882	3.617	1.164	6.853	4.792	2.199	9.783	5.672	2.441	3.617	0.0	3.941	0.0	1.46	5.177	12.301	5.395	1.68	1.727	2.79	9.287	4.988	0.768	7.778	1.361	8.093	2.784	0.0	6.495	6.68	4.748	2.97	5.151	0.0	12.357
cell_0069	cluster_1	11.715	19.886	2.443	3.069	1.685	1.498	2.518	2.018	4.622	2.859	1.249	0.924	1.677	2.985	4.73	1.68	2.373	0.0	4.308	0.0	4.938	6.307	2.602	2.908	4.695	1.38	2.93	1.173	3.38	3.101	2.27	1.484	3.428	3.189	4.354	0.0	0.359	2.898	2.224	1.658	2.263	1.289	1.906	3.82	2.283	0.972	0.0	5.146	2.013	2.664	6.661	0.0	3.412	2.119	2.653	0.0	9.322	0.532	2.05	1.141
cell_0071	cluster_1	13.262	0.0	1.15	5.037	1.489	0.925	2.564	2.845	0.0	1.344	3.588	0.0	0.95	0.0	1.763	7.355	2.439	2.406	1.532	0.0	0.0	4.667	2.212	0.0	1.137	1.187	2.122	3.759	0.0	2.148	4.61	9.036	3.385	2.376	2.228	4.212	0.0	1.947	0.346	3.403	15.435	6.181	3.526	0.864	3.185	2.366	3.911	5.212	2.388	0.0	7.897	0.888	0.0	2.027	2.708	0.873	5.287	1.496	1.916	5.675
cell_0377	cluster_2	0.834	2.568	21.762	16.572	0.0	2.609	3.848	6.678	6.263	2.126	4.935	3.176	1.201	2.371	0.0	2.22	3.467	2.283	3.08	2.025	0.0	3.387	1.477	4.044	1.442	1.884	3.02	1.378	1.91	2.357	2.867	2.032	0.0	7.371	1.608	1.35	0.562	0.768	1.354	1.927	2.4	4.121	14.362	1.781	1.154	15.325	5.034	4.001	1.514	2.214	5.395	5.835	4.223	3.41	1.594	1.095	1.938	7.782	6.878	2.913
cell_0122	cluster_1	23.61	21.935	1.911	1.085	1.581	3.629	2.756	1.852	3.775	5.239	2.109	2.392	0.383	5.178	5.758	1.988	0.618	1.188	2.701	4.131	0.0	2.994	3.864	4.404	4.171	0.0	4.336	3.242	1.192	0.0	1.689	1.861	6.56	0.909	2.535	5.259	0.0	7.503	3.991	6.622	2.544	5.376	6.974	2.617	3.794	0.888	9.332	2.643	4.04	2.139	6.526	4.792	3.841	0.0	1.721	1.629	0.0	5.703	6.623	0.0
cell_0568	cluster_3	3.837	3.41	2.159	1.649	6.931	19.277	0.0	0.955	0.832	1.05	4.321	2.903	3.391	3.299	1.587	0.0	1.919	0.213	0.802	3.317	5.519	1.963	2.145	1.599	2.393	3.007	2.585	3.205	0.0	1.169	1.409	1.286	0.0	1.74	0.96	2.428	3.754	5.515	2.628	2.556	2.387	4.841	8.143	9.48	2.204	2.754	0.673	2.236	3.262	2.898	7.013	2.123	7.565	3.33	2.013	3.18	2.292	2.328	0.0	2.845
cell_0494	cluster_3	3.109	3.233	1.705	3.7	20.015	17.034	2.399	4.466	0.597	10.119	4.865	2.1	14.247	2.813	3.372	3.875	3.044	5.176	3.694	2.966	4.014	0.743	4.246	6.034	7.966	8.857	2.353	4.495	2.022	1.953	2.487	0.0	9.13	1.876	4.463	3.414	0.0	6.557	3.97	1.461	3.988	1.533	4.681	2.288	5.682	5.15	3.71	6.231	4.734	4.181	2.208	1.989	3.985	3.194	7.128	0.0	28.23	3.102	3.978	7.79
cell_0350	cluster_2	1.158	2.952	13.556	2.652	0.0	1.779	0.634	0.52	5.297	0.615	1.621	4.5	2.401	0.0	2.401	2.091	0.887	2.036	0.429	0.0	8.87	3.74	2.813	2.856	0.739	0.862	1.848	0.594	0.99	0.424	1.76	0.636	1.198	4.67	1.715	0.903	1.646	1.222	0.846	2.415	2.564	4.164	0.845	3.165	1.123	1.234	0.0	0.906	0.0	0.846	0.967	4.07	1.015	1.389	0.0	0.476	2.49	1.254	3.354	0.77
cell_0537	cluster_3	1.887	2.963	3.314	3.75	79.352	0.0	7.912	3.525	1.453	2.084	2.137	1.183	3.353	5.303	4.543	14.96	1.905	1.124	1.462	4.113	1.822	1.846	2.921	2.86	6.983	0.545	0.555	3.795	1.283	8.622	8.27	1.509	2.109	0.923	4.721	0.0	5.592	1.685	8.18	1.205	0.746	14.483	1.845	3.954	2.567	1.927	9.539	7.019	2.161	1.216	3.46	0.0	2.722	6.026	1.453	2.094	0.0	2.634	26.24	2.646
cell_0141	cluster_1	11.112	0.0	1.284	2.445	0.879	1.371	2.729	6.779	1.196	1.282	5.662	1.667	2.394	0.71	6.884	2.222	2.188	2.067	0.0	1.552	2.364	0.751	1.275	1.686	5.022	0.0	0.668	1.794	2.013	1.441	1.458	1.218	3.809	1.24	0.631	5.685	1.642	6.644	0.71	1.241	4.277	3.208	0.807	4.254	4.171	1.216	1.615	0.681	0.851	2.11	0.628	0.55	2.047	2.678	1.307	1.066	0.78	2.492	0.495	2.405
cell_0173	cluster_1	20.055	12.855	1.409	3.229	1.871	1.814	2.351	0.93	1.331	0.712	2.985	3.38	1.772	1.26	0.0	1.329	0.0	0.0	2.243	2.455	3.497	2.95	0.0	2.862	2.987	1.347	8.303	1.995	0.0	3.52	1.618	0.832	1.397	3.513	1.476	2.686	0.699	5.238	2.003	1.43	1.01	4.254	4.066	1.696	6.62	1.636	0.0	1.455	2.197	1.951	1.35	3.621	5.047	6.777	4.135	4.017	1.125	3.658	1.334	0.333
cell_0506	cluster_3	1.077	0.755	1.851	6.27	30.106	48.885	9.823	15.356	1.8	6.622	15.942	3.503	1.529	3.145	1.604	0.0	0.0	5.24	0.0	6.323	2.275	3.809	2.715	16.32	3.534	2.849	0.0	2.161	18.272	5.716	2.614	4.415	13.457	2.229	11.137	6.156	1.099	3.656	1.863	1.808	4.337	2.956	0.0	3.243	18.669	0.0	3.23	7.849	4.724	10.105	2.489	8.535	5.248	4.547	4.766	2.904	2.562	3.211	4.477	5.471
cell_0200	cluster_1	19.705	23.16	0.903	0.0	0.0	3.265	3.593	7.217	4.077	8.612	8.74	3.849	0.728	3.297	1.409	2.802	3.473	2.52	1.858	8.098	5.88	0.0	3.276	4.435	1.097	2.544	4.071	1.3	0.322	2.56	9.303	3.509	0.0	3.866	1.649	12.733	5.227	1.616	2.588	10.853	8.601	6.884	0.901	3.582	1.047	0.0	3.185	2.22	5.183	0.0	2.049	1.764	2.459	2.43	2.418	1.714	1.312	4.985	2.372	10.726
cell_0383	cluster_2	2.899	2.549	48.984	49.067	4.878	4.652	2.262	17.459	2.849	3.41	2.663	0.0	6.975	2.476	3.684	0.0	8.805	3.054	1.937	1.134	3.356	1.715	2.156	2.29	2.332	11.021	4.575	4.537	1.51	0.0	5.437	1.859	0.0	5.426	3.48	5.42	1.699	8.618	4.206	0.0	0.0	2.276	3.363	1.592	3.22	2.199	2.894	2.813	0.89	3.531	16.097	1.302	4.838	6.029	0.938	4.508	5.941	4.755	3.44	8.926
cell_0060	cluster_1	45.099	3.756	2.901	2.177	10.287	4.145	5.127	5.019	4.227	3.903	5.207	1.402	1.296	1.131	1.017	2.305	3.106	1.066	2.311	1.673	4.636	0.839	5.533	6.176	4.41	1.844	4.708	2.437	3.491	2.699	0.0	9.705	0.0	6.843	0.809	0.0	2.715	2.599	4.573	6.571	3.172	2.397	0.0	0.945	2.803	5.973	0.0	2.926	1.081	7.801	3.667	6.505	4.336	2.404	0.0	1.171	0.0	9.565	3.038	0.89
cell_0540	cluster_3	4.744	9.377	6.927	1.824	70.463	23.392	0.0	9.609	2.731	0.0	1.488	4.031	4.259	2.016	5.435	4.239	0.705	2.845	3.564	4.67	4.532	2.763	6.837	10.038	8.566	3.505	1.221	2.011	4.92	3.297	3.494	5.062	2.537	4.485	1.264	3.854	3.363	3.551	3.715	2.535	1.989	4.318	1.797	0.0	0.582	3.678	2.296	1.395	6.149	6.534	1.404	4.19	4.585	0.895	2.402	0.0	2.48	2.22	8.937	8.317
cell_0569	cluster_3	0.916	0.0	1.151	8.872	6.822	86.185	7.078	3.289	3.079	4.586	2.316	2.024	3.494	2.431	5.677	3.617	3.089	4.879	0.0	1.621	2.688	0.937	2.008	1.289	2.493	6.343	7.145	0.999	10.922	8.192	2.379	9.331	1.721	1.601	1.43	2.486	0.857	0.0	4.39	2.64	5.243	2.082	3.701	2.544	0.0	3.499	2.318	1.434	0.0	1.428	0.894	1.138	1.223	4.765	5.474	4.895	1.017	1.166	7.949	0.957
cell_0221	cluster_2	1.372	2.461	88.593	28.212	1.999	1.778	2.258	1.247	4.043	0.0	1.715	2.709	0.0	0.0	3.709	1.801	3.044	0.0	3.178	2.599	9.717	7.593	1.273	1.396	0.818	14.613	0.0	1.759	5.505	1.085	3.602	20.422	2.866	1.712	1.54	1.892	1.211	6.647	8.022	2.336	3.615	2.742	4.036	0.699	2.004	6.064	4.127	7.904	1.658	3.613	0.0	1.929	0.0	5.402	0.0	4.518	3.165	2.551	4.846	0.0
cell_0246	cluster_2	4.228	2.699	55.052	25.845	4.87	14.011	4.893	26.6	3.043	2.623	4.469	2.532	3.539	2.983	8.924	4.435	1.605	1.411	5.115	3.954	2.837	6.857	1.945	2.635	1.257	1.763	4.948	1.5	17.751	7.091	16.55	5.105	0.551	3.333	0.0	0.0	9.373	0.0	3.119	8.444	4.268	7.495	5.053	1.131	4.398	3.852	2.934	6.421	7.005	0.793	1.77	3.181	15.06	2.614	0.485	1.881	4.168	0.52	0.0	4.27
cell_0037	cluster_1	31.2	10.036	0.0	2.739	5.145	1.106	1.642	0.0	6.828	3.788	1.117	6.624	1.598	0.0	0.982	0.0	2.497	1.62	1.926	1.659	3.977	4.24	3.537	4.044	2.65	1.403	0.872	3.004	2.17	1.582	1.829	1.083	0.61	5.797	1.065	3.519	1.045	0.553	2.312	2.756	4.929	3.27	6.304	2.582	2.346	5.685	2.437	2.764	2.076	0.0	1.391	1.242	3.004	1.114	1.117	4.432	3.93	2.301	2.465	6.527
cell_0501	cluster_3	50.529	1.794	1.569	4.132	0.0	41.276	6.972	12.591	3.428	1.94	1.582	2.79	10.638	0.0	3.884	2.983	0.974	2.697	4.393	1.825	12.607	19.115	2.383	3.246	1.206	2.707	3.086	2.193	2.99	2.435	2.982	7.835	1.338	0.669	2.629	3.212	3.381	1.604	2.042	5.717	2.252	8.143	2.157	2.462	1.58	1.655	7.724	1.881	3.436	2.16	1.106	2.446	0.0	1.024	5.264	3.09	7.939	5.529	6.053	19.722
cell_0104	cluster_1	19.475	43.316	7.681	3.148	3.398	2.527	1.275	5.935	3.248	5.269	2.126	1.863	1.191	11.224	0.0	2.068	7.606	3.997	5.115	8.333	0.54	0.0	0.0	2.847	5.474	0.6	8.115	7.951	2.014	2.214	0.881	0.0	3.404	2.49	6.641	3.552	3.208	5.315	4.683	1.505	1.615	0.0	0.701	1.767	0.0	5.148	0.0	0.739	0.0	0.646	0.796	2.394	2.743	1.521	0.995	4.296	0.898	2.465	3.542	3.549
cell_0048	cluster_1	22.174	11.964	15.882	5.484	2.501	1.776	3.497	1.781	4.186	8.125	2.364	4.858	5.887	1.452	7.516	0.0	4.4	2.726	2.815	4.215	2.645	1.323	5.642	3.293	2.131	0.0	6.183	1.247	1.791	3.726	1.47	1.717	1.674	1.854	2.931	2.74	3.065	8.626	4.039	13.557	1.725	0.0	1.186	2.083	1.286	3.755	3.747	5.27	5.751	0.0	4.71	0.0	14.454	1.121	4.172	1.099	2.064	0.928	0.0	9.461
cell_0298	cluster_2	6.851	3.634	0.0	9.019	8.338	2.478	0.936	1.292	2.039	1.447	1.363	0.862	2.515	1.154	0.901	8.772	4.092	7.342	1.694	4.0	2.372	2.697	3.173	0.0	1.453	1.531	0.0	4.122	1.643	2.43	1.035	3.015	1.08	0.0	0.91	2.358	1.225	6.08	5.427	2.457	3.256	2.139	0.0	2.433	1.668	2.025	2.672	2.254	2.214	2.43	8.157	0.0	3.456	1.802	1.247	1.245	2.639	5.603	4.828	1.01
cell_0594	cluster_3	0.662	2.983	2.132	0.866	42.384	0.0	6.382	0.0	0.708	2.329	0.0	1.247	1.349	4.161	0.0	0.759	0.0	1.124	2.813	7.418	2.484	0.0	2.561	6.101	1.617	1.126	1.841	6.571	1.583	3.951	1.315	0.386	7.803	0.836	3.824	1.516	4.202	1.774	7.991	2.266	2.343	1.474	3.323	7.263	0.0	1.73	1.236	3.692	2.415	1.106	1.31	6.136	12.465	0.0	1.944	3.155	2.187	14.152	0.0	5.178
cell_0097	cluster_1	11.53	43.676	2.521	2.309	10.541	0.0	12.737	2.002	0.557	7.673	5.935	2.265	5.622	0.0	2.747	8.582	4.29	1.323	6.165	7.794	0.0	3.349	5.115	1.622	9.402	2.56	2.901	8.264	2.884	4.253	5.152	1.09	4.349	1.772	9.83	5.795	1.77	2.196	3.142	2.348	4.42	3.259	2.027	0.894	4.619	4.635	2.561	6.485	12.453	0.0	5.882	1.364	0.0	7.777	4.189	15.029	3.587	1.649	1.214	0.637
cell_0039	cluster_1	15.322	20.155	2.178	2.15	0.0	4.731	1.328	2.545	7.031	2.244	1.256	3.12	0.764	2.327	2.413	5.091	3.01	2.195	2.388	2.884	1.647	0.0	0.22	3.987	3.057	14.11	1.149	9.859	2.56	1.538	6.013	2.842	2.729	0.494	4.701	1.72	0.695	3.768	2.224	5.524	0.0	0.732	8.683	1.193	2.121	2.21	3.019	1.89	6.18	7.83	2.47	0.854	1.186	7.475	4.912	2.698	3.015	1.43	6.731	5.072
cell_0116	cluster_1	11.202	40.624	3.326	26.177	7.209	0.0	2.442	7.891	3.215	1.478	6.973	1.862	1.923	0.567	0.504	8.583	2.395	0.0	5.054	1.382	3.388	3.997	3.497	2.978	0.805	1.768	1.913	2.099	1.278	0.646	2.787	3.794	2.537	11.2	7.748	7.345	2.439	6.369	3.277	2.862	0.0	0.0	7.498	1.036	0.0	1.825	1.212	0.836	4.563	0.0	5.412	2.067	2.373	2.789	1.271	7.821	1.216	2.247	4.478	2.718
cell_0261	cluster_2	0.0	1.592	7.825	31.138	3.217	5.347	3.825	2.24	1.692	1.605	2.635	1.575	0.986	4.783	2.233	2.296	0.0	2.579	1.016	1.361	1.488	3.466	1.225	4.221	1.389	0.0	5.099	2.574	10.004	11.649	0.0	1.003	0.0	1.216	3.084	10.613	2.475	0.418	14.233	5.811	0.931	1.13	3.733	1.604	0.0	2.617	0.0	0.596	6.033	1.95	1.814	2.712	0.0	1.64	1.103	3.391	0.525	0.0	1.202	3.204
cell_0357	cluster_2	1.364	2.207	23.795	12.15	6.761	7.96	4.005	1.733	10.215	0.0	9.166	5.609	6.212	4.626	8.122	0.0	1.939	12.318	5.423	2.171	0.0	8.886	2.202	5.419	4.466	1.99	0.853	2.905	2.472	10.719	5.493	0.0	3.79	3.007	0.0	2.981	2.952	3.476	3.501	5.552	4.711	2.77	4.107	1.854	3.776	3.239	0.805	3.702	3.278	3.045	1.962	2.48	4.159	2.262	4.656	4.757	7.826	3.456	1.987	3.004
cell_0399	cluster_2	2.947	1.789	10.695	12.071	0.0	3.427	5.154	2.706	1.323	2.36	1.275	1.99	5.455	1.12	2.295	7.83	3.416	1.813	0.0	2.243	2.009	2.808	1.01	10.42	0.0	1.32	0.0	0.0	2.566	5.295	4.568	0.0	2.825	0.0	8.26	1.569	1.659	1.979	10.345	3.128	1.089	4.578	2.01	4.595	2.69	2.953	5.569	8.522	4.607	1.656	4.789	1.544	4.654	12.282	0.953	7.835	1.658	1.541	1.485	0.0
cell_0499	cluster_3	2.679	1.15	1.276	4.344	18.585	72.542	5.626	5.804	1.221	0.0	1.763	0.886	1.346	1.432	3.149	3.81	5.012	8.33	1.144	1.987	3.827	3.004	3.402	2.864	16.714	0.697	0.0	3.352	1.654	0.0	3.735	1.344	0.0	18.415	3.254	2.029	1.777	2.279	6.272	2.245	2.125	1.501	1.441	1.562	5.326	0.0	4.3	5.379	0.0	1.856	3.444	12.193	2.466	1.89	0.0	11.115	1.398	3.495	1.724	1.805
cell_0443	cluster_3	2.261	1.702	2.494	2.139	14.528	25.863	2.857	3.565	0.679	7.504	7.393	3.025	9.244	2.075	8.269	2.235	1.689	3.935	1.765	8.607	2.284	2.742	4.366	4.192	2.953	5.541	1.755	5.648	3.395	1.702	1.046	1.018	3.615	2.689	1.503	3.33	8.512	2.892	1.592	4.308	6.691	6.586	8.955	5.608	3.0	1.321	4.822	2.995	1.485	2.956	2.997	5.013	1.141	4.946	1.982	1.662	2.049	0.0	0.0	0.909
cell_0583	cluster_3	2.692	2.945	0.625	0.0	6.818	7.906	18.085	0.0	0.0	1.446	2.082	1.511	4.087	1.347	1.406	0.798	0.493	2.547	0.0	1.824	2.577	2.789	0.0	3.5	0.0	6.278	2.249	0.0	1.552	2.515	2.202	2.104	0.514	0.534	0.0	0.869	1.037	3.705	0.909	0.693	1.749	0.612	2.947	0.3	2.16	0.774	0.854	2.74	3.287	1.318	2.061	1.918	1.543	0.627	0.92	0.613	4.197	3.214	2.759	1.691
cell_0027	cluster_1	6.384	23.704	2.915	1.116	3.637	6.166	3.079	1.052	4.901	3.403	1.719	1.658	3.938	2.24	2.02	2.003	1.389	0.0	1.954	3.449	5.933	2.046	6.094	2.049	2.814	0.0	0.0	0.0	2.636	1.596	4.92	14.387	2.29	1.186	2.885	6.179	0.0	1.911	3.623	1.275	1.442	4.764	1.197	1.028	4.012	0.0	1.48	2.342	3.693	2.969	0.0	5.384	1.559	5.147	0.687	4.619	1.424	0.859	10.793	3.307
cell_0564	cluster_3	0.5	2.582	1.082	1.806	6.303	47.876	7.126	3.033	0.741	2.566	2.549	1.136	2.076	1.621	1.563	4.274	2.507	3.122	0.0	1.922	3.04	2.908	2.826	0.885	1.941	2.726	1.616	3.755	1.326	2.293	3.402	5.218	2.567	2.257	1.468	0.0	1.774	0.902	2.005	1.844	10.497	1.86	3.296	19.656	5.567	2.113	2.313	7.319	3.569	1.738	1.263	0.0	1.432	2.456	8.104	0.663	1.075	4.68	5.911	1.982
cell_0470	cluster_3	3.423	2.038	0.567	3.421	13.885	21.758	2.652	0.0	1.017	3.089	0.682	2.012	1.14	1.494	1.826	6.894	1.626	1.441	6.472	2.32	2.853	2.494	1.077	1.077	2.383	1.927	1.918	1.857	3.871	3.13	1.802	0.997	1.971	4.903	1.68	6.708	1.247	1.16	4.092	2.922	1.284	6.216	2.685	9.551	3.114	1.668	0.0	1.756	1.643	3.219	5.859	6.844	3.828	0.0	1.571	2.46	3.446	2.821	7.086	5.521
cell_0325	cluster_2	0.957	1.377	26.821	22.35	2.874	3.704	2.479	6.033	2.587	5.137	1.485	0.0	1.0	3.501	1.087	8.147	7.056	0.0	1.666	1.116	3.658	2.834	2.326	2.548	5.948	0.0	6.493	3.267	8.909	1.85	1.354	1.448	4.394	6.622	1.51	4.861	2.228	1.636	2.16	7.852	3.194	0.789	3.596	7.438	0.0	5.873	4.69	14.68	5.411	1.389	5.825	6.755	3.904	5.61	4.422	2.43	1.77	4.472	2.029	5.827
cell_0176	cluster_1	29.787	7.001	2.558	4.746	2.246	0.0	6.804	4.256	0.0	6.691	5.404	4.154	4.869	1.931	1.324	1.959	0.0	0.0	9.892	0.0	1.216	3.586	0.0	4.326	10.689	0.0	3.936	2.685	3.9	5.467	3.163	2.997	4.45	2.93	4.168	7.436	0.0	0.0	9.358	2.148	0.58	4.301	1.217	2.075	0.977	2.909	4.915	12.313	4.079	3.176	4.342	3.748	3.596	11.867	2.161	8.307	3.11	1.001	2.28	3.148
cell_0303	cluster_2	6.967	2.571	56.91	51.242	10.153	5.69	21.681	30.946	2.765	13.259	5.141	7.952	5.057	2.586	19.514	14.185	10.882	3.828	20.851	6.155	0.0	31.92	11.494	4.684	6.272	2.463	6.763	15.31	10.994	2.597	6.762	8.654	1.755	4.995	0.0	10.171	1.528	18.281	9.958	3.429	4.05	3.904	0.663	0.0	1.466	2.557	8.121	3.042	4.22	4.652	22.893	4.258	5.156	3.027	8.732	10.822	1.768	11.135	4.657	2.322
cell_0498	cluster_3	1.442	3.34	0.83	0.909	25.031	0.0	1.422	0.0	0.671	1.991	1.985	0.668	1.311	0.0	1.981	1.632	1.189	1.86	1.584	2.569	3.582	5.64	0.993	1.309	1.141	2.631	1.039	1.176	2.74	8.52	0.75	0.0	3.083	5.237	2.37	1.846	0.0	2.652	0.78	1.709	0.837	1.662	2.339	8.221	0.0	1.035	5.546	2.946	1.115	2.038	3.839	0.0	2.33	6.0	0.877	4.986	1.444	2.394	1.15	5.338
cell_0571	cluster_3	2.181	1.474	4.799	2.02	61.571	19.593	7.203	1.542	0.552	2.148	1.355	1.2	2.77	6.215	4.148	1.156	2.281	3.05	1.379	0.498	6.716	2.429	1.724	3.413	11.637	7.232	3.273	1.801	2.846	1.908	1.169	3.144	2.524	2.125	2.011	0.0	0.0	4.397	2.108	4.334	4.99	2.11	2.305	3.164	0.639	3.404	3.009	7.065	0.975	7.152	4.502	1.808	4.404	1.397	1.551	2.095	1.174	2.814	0.94	2.258
cell_0123	cluster_1	44.675	15.668	2.343	1.879	1.331	3.789	1.991	0.0	3.782	1.589	1.881	4.752	2.028	2.023	2.348	3.414	4.589	11.409	4.596	19.468	3.708	4.653	3.83	2.688	9.411	8.322	2.402	0.0	2.51	4.567	1.772	2.517	1.706	3.409	1.201	5.395	2.56	1.73	5.104	0.0	8.762	4.232	0.725	2.332	2.145	2.829	2.274	4.476	13.515	7.831	0.564	1.786	3.603	2.134	2.003	3.643	0.0	12.304	5.14	3.04
cell_0045	cluster_1	72.868	27.277	1.144	2.639	3.422	11.773	2.663	1.549	4.271	2.395	2.44	5.938	3.762	3.65	0.0	5.527	3.581	0.0	2.197	0.0	8.153	2.715	2.07	4.325	1.627	0.981	1.754	7.1	0.0	3.816	0.5	0.0	1.354	0.0	1.903	3.718	1.079	2.853	2.177	1.285	0.0	1.046	3.236	3.688	2.313	3.891	2.929	2.839	2.976	6.162	7.877	0.0	4.936	2.884	1.727	5.964	1.294	4.045	0.0	5.892
cell_0025	cluster_1	29.725	7.112	15.815	0.0	4.834	8.654	10.902	0.764	1.878	2.576	5.825	1.606	0.0	1.148	1.218	4.984	10.345	4.097	0.0	6.492	1.524	11.297	4.107	2.797	4.158	4.259	5.26	0.852	2.483	2.573	2.653	9.503	4.329	3.084	2.404	15.11	4.874	2.826	1.612	2.371	3.398	1.412	8.66	2.524	1.567	4.917	6.813	2.709	2.003	2.503	4.108	0.0	0.0	7.196	2.824	4.325	1.782	2.211	4.86	8.042
cell_0380	cluster_2	3.004	2.714	8.537	8.304	1.19	8.952	0.0	7.501	2.079	5.188	1.541	1.61	3.137	1.999	3.428	1.154	3.035	2.982	4.558	0.0	1.686	4.697	3.493	2.038	0.0	1.828	3.021	7.788	4.933	1.106	2.564	0.965	2.186	8.325	1.242	1.555	5.996	7.641	1.7	2.667	1.773	2.465	3.746	4.963	4.075	6.888	3.181	4.635	3.422	3.226	2.167	11.629	4.343	0.0	0.0	2.511	8.331	1.216	1.757	6.502
cell_0445	cluster_3	1.37	4.456	1.082	2.324	18.04	5.575	5.372	0.485	0.964	0.64	1.214	1.214	1.948	1.872	3.387	2.076	1.34	10.857	0.0	0.0	0.934	1.972	3.386	15.522	3.752	1.811	1.183	1.295	4.91	5.163	2.312	1.753	1.723	6.414	2.838	0.973	2.076	0.0	3.559	3.884	3.562	3.089	2.679	0.871	0.673	4.039	2.294	1.313	4.647	1.97	2.553	2.802	2.802	1.87	1.307	4.79	1.324	1.463	2.153	0.0
cell_0597	cluster_3	16.605	4.283	2.09	1.779	39.878	13.673	3.672	5.755	2.267	0.0	3.709	4.422	2.775	3.454	3.547	2.293	3.997	0.0	2.639	3.926	7.603	2.853	5.066	2.421	2.777	5.617	0.0	0.918	3.651	1.587	1.909	0.0	1.849	5.054	0.918	6.129	10.896	1.81	3.84	2.125	2.524	7.791	3.44	2.491	10.503	3.129	1.042	1.992	0.886	1.156	2.918	1.779	5.336	0.0	1.825	4.042	4.345	4.031	3.104	1.372
cell_0487	cluster_3	2.073	2.649	1.043	0.0	22.036	21.672	5.069	8.205	0.941	0.579	0.0	1.198	1.567	1.873	0.991	2.104	1.504	3.072	1.811	2.52	1.301	6.984	1.764	1.075	2.081	0.599	3.463	1.619	2.55	3.578	0.707	2.485	0.675	2.457	0.845	3.291	4.846	0.0	0.0	5.115	0.795	3.863	3.386	2.889	3.693	3.334	0.461	1.627	1.655	2.101	0.957	0.901	2.254	0.0	0.915	4.134	4.037	4.603	1.361	7.742
cell_0016	cluster_1	153.622	0.0	4.385	2.81	1.785	2.18	1.912	0.0	2.817	1.926	8.307	4.371	4.333	2.555	4.007	8.965	1.139	2.618	4.128	0.0	3.742	8.231	1.244	3.553	5.556	3.851	3.78	5.857	1.898	2.797	0.0	1.965	0.0	0.0	2.537	2.397	1.847	2.652	1.559	1.52	2.102	3.547	2.796	1.991	1.94	2.736	1.647	8.067	6.042	2.331	0.931	0.0	2.1	1.868	2.034	3.601	2.091	0.499	1.311	1.532
cell_0152	cluster_1	29.864	38.121	0.0	0.0	2.056	2.485	3.34	1.986	2.211	1.999	2.619	2.628	3.272	0.0	6.68	2.298	5.126	4.239	4.58	1.057	2.537	3.831	2.349	2.354	3.587	6.658	4.101	2.215	2.4	3.737	5.222	2.089	1.559	1.912	3.294	3.684	5.681	3.647	0.0	1.62	0.0	3.004	2.549	5.349	3.335	8.608	6.808	6.719	2.067	8.628	2.804	2.729	2.245	4.322	1.568	1.986	7.427	2.067	1.609	0.0
cell_0590	cluster_3	3.867	1.912	2.522	1.877	97.348	17.571	3.715	0.0	1.073	0.0	1.429	2.213	2.838	1.084	0.936	3.188	1.122	0.0	2.601	4.903	0.0	2.112	1.843	4.969	5.973	0.0	5.936	3.169	2.083	0.748	2.256	2.051	6.974	2.044	1.467	1.902	1.635	0.95	4.491	9.493	1.629	1.601	1.393	2.36	5.746	0.0	0.888	1.829	0.939	6.692	0.697	2.449	0.0	2.88	1.065	0.59	1.061	4.176	2.424	0.232
cell_0083	cluster_1	10.479	8.159	0.418	2.017	1.215	5.391	6.328	1.127	2.884	1.415	4.77	1.706	1.927	6.036	3.108	1.788	3.182	1.107	0.0	11.832	1.688	2.279	2.479	0.513	2.283	1.697	1.067	1.467	0.625	1.701	2.046	0.0	0.767	0.0	1.209	4.574	2.723	2.514	0.0	2.745	10.161	6.113	1.485	2.589	1.458	1.52	1.03	0.891	4.298	1.727	0.0	0.0	1.511	3.035	4.966	1.218	1.294	1.301	7.491	0.0
cell_0518	cluster_3	2.455	8.224	1.023	3.044	17.611	10.659	2.61	0.361	0.701	1.672	2.902	2.338	2.581	2.279	1.133	1.785	1.323	0.733	2.098	0.615	5.055	5.427	0.986	0.981	6.539	1.751	3.946	3.657	0.742	2.693	3.197	0.859	1.389	2.513	1.155	1.906	2.259	2.906	2.666	2.836	2.493	1.083	1.432	1.919	3.833	2.902	1.869	1.568	3.339	1.743	1.843	2.731	2.423	4.95	1.672	3.923	8.345	1.676	0.636	1.049
cell_0074	cluster_1	5.483	11.097	5.696	11.489	1.383	4.336	2.811	2.748	2.674	8.248	0.845	2.151	1.432	0.0	1.149	5.98	5.251	2.75	0.0	4.149	2.391	0.396	6.998	0.0	4.562	2.396	1.848	5.632	1.176	4.993	2.465	1.054	1.334	2.391	1.735	2.741	1.842	6.395	2.07	3.529	2.266	0.0	0.627	1.94	2.168	2.464	0.937	0.0	4.168	4.444	4.361	2.19	4.571	1.771	0.63	2.235	2.007	3.771	9.102	0.0
cell_0216	cluster_1	41.422	16.929	8.931	4.952	6.997	4.393	0.0	8.688	5.234	2.774	2.655	1.73	2.032	3.84	7.575	9.376	1.367	3.262	3.64	2.248	11.217	1.835	1.606	6.511	3.75	8.061	2.858	8.89	1.485	2.296	2.118	2.759	2.524	1.617	2.282	4.636	4.789	5.694	8.663	1.521	0.879	1.471	2.059	2.538	1.966	1.14	4.597	1.575	2.143	3.965	0.0	2.759	4.204	2.244	0.726	2.023	9.068	5.214	3.474	1.573
cell_0551	cluster_3	3.826	1.409	2.315	3.283	16.736	0.0	0.0	0.0	0.589	2.276	0.0	1.349	3.933	4.339	2.393	2.972	3.268	2.995	2.381	22.362	7.741	1.479	1.733	0.0	1.124	2.383	2.985	3.61	1.987	0.0	1.931	0.703	4.219	4.804	0.999	1.797	0.953	0.925	2.472	0.737	0.0	1.248	1.005	2.061	0.0	0.0	4.144	0.479	2.585	2.696	1.198	2.417	2.108	2.376	5.723	3.888	1.933	4.633	1.117	1.871
cell_0519	cluster_3	7.786	8.285	0.72	9.028	11.505	25.07	2.837	3.66	0.0	4.409	0.883	4.043	1.821	1.725	1.567	0.933	1.623	5.043	1.137	2.562	7.112	6.41	1.433	10.29	6.845	1.815	8.457	3.536	0.999	5.901	3.406	4.432	6.102	7.381	1.487	0.0	5.643	3.036	4.205	10.485	1.936	5.906	2.133	4.302	1.608	1.941	0.0	17.585	3.032	5.931	7.202	2.445	1.889	1.439	4.579	8.532	2.279	9.429	5.294	7.05
cell_0212	cluster_1	20.599	9.507	8.381	1.525	1.414	9.15	6.519	6.937	4.764	9.291	2.538	2.563	5.231	0.0	0.0	0.0	3.381	3.694	3.618	5.573	2.45	3.286	1.455	6.572	2.247	4.116	4.346	0.0	11.422	3.199	6.897	16.033	2.862	4.837	3.27	1.474	6.073	0.0	4.115	1.837	10.115	7.437	0.0	4.43	1.844	8.906	4.553	2.628	2.774	10.621	0.0	3.312	0.489	4.319	2.761	2.875	1.766	0.0	3.973	4.52
cell_0285	cluster_2	1.886	2.919	7.25	14.917	2.344	4.56	4.279	1.989	2.991	4.907	2.276	4.241	0.0	2.197	2.6	4.494	0.0	6.442	4.459	4.92	2.104	0.847	1.473	2.943	2.889	1.508	0.0	4.954	1.983	0.0	3.583	4.434	2.028	0.951	1.428	3.001	2.839	0.0	3.162	15.918	1.795	3.393	2.85	1.423	2.473	0.0	0.676	3.08	3.105	4.561	3.986	3.768	4.697	5.435	1.177	5.349	1.371	1.068	0.0	1.459
cell_0273	cluster_2	6.464	5.418	29.109	23.254	2.611	1.973	3.55	1.35	10.314	3.504	0.0	4.077	2.04	2.657	0.0	7.801	2.458	2.588	2.898	0.0	2.342	1.738	2.766	4.463	13.689	3.348	2.445	3.806	2.133	5.937	1.034	3.847	0.0	5.348	8.681	2.075	1.406	3.084	2.574	3.22	2.942	7.522	2.865	3.234	2.905	3.311	6.46	4.023	0.0	0.0	6.615	3.053	2.613	6.334	4.842	3.151	4.149	1.248	3.947	4.332
cell_0196	cluster_1	18.268	39.76	1.535	1.856	3.487	4.069	2.059	6.174	4.431	0.885	1.265	9.658	8.591	0.0	2.02	2.024	7.131	0.869	6.711	2.923	0.189	0.362	4.655	1.414	4.797	1.635	1.223	1.675	3.31	6.74	1.962	4.146	0.0	1.91	7.218	6.069	5.923	1.433	2.663	2.993	1.727	0.0	6.173	6.852	1.161	2.459	9.069	0.0	4.029	7.461	4.733	1.462	0.643	11.312	5.411	5.834	4.66	2.768	0.92	2.849
cell_0251	cluster_2	1.581	1.438	21.984	27.41	0.571	1.198	8.472	0.0	3.236	1.233	3.559	4.301	6.109	2.152	0.0	2.516	1.38	6.031	1.104	5.761	5.065	0.0	0.498	4.474	1.55	4.248	0.0	2.057	2.603	3.695	3.905	2.344	1.234	1.85	4.566	1.826	1.209	1.301	3.449	3.954	0.0	0.0	1.998	1.954	1.693	2.206	5.21	2.048	11.33	1.514	2.512	3.847	0.864	2.81	1.576	1.311	1.291	4.57	0.0	1.579
cell_0223	cluster_2	0.778	1.591	19.925	19.129	0.618	1.813	5.142	1.978	0.788	1.181	2.717	3.906	4.579	2.312	2.667	1.498	4.094	1.575	1.483	0.594	3.791	0.844	6.186	2.9	0.942	0.684	0.881	3.134	4.908	4.019	0.638	0.0	0.0	3.789	0.0	1.236	2.782	4.676	2.419	1.171	2.223	1.162	1.602	0.979	1.031	1.166	4.372	0.0	4.022	0.577	2.543	3.109	1.612	9.05	1.74	4.104	1.46	3.159	3.29	6.36
cell_0237	cluster_2	0.0	5.433	30.605	30.588	3.623	0.604	2.793	2.141	2.509	3.033	5.273	4.545	8.108	4.514	1.461	1.386	2.041	1.681	5.0	4.253	14.524	0.0	2.646	1.61	4.573	3.248	3.369	1.473	1.893	6.454	5.57	3.539	0.0	2.659	2.948	0.0	3.236	1.526	3.133	3.603	3.131	2.685	0.665	1.904	0.0	3.261	0.0	5.523	1.657	1.531	0.595	1.725	1.704	2.081	2.81	1.899	2.709	4.589	5.534	2.227
cell_0437	cluster_3	8.929	4.73	6.143	6.693	8.178	32.797	40.354	8.481	1.771	5.196	1.174	1.787	1.14	2.198	0.0	13.335	0.0	4.867	2.15	2.493	0.0	2.944	2.267	3.486	7.274	1.151	0.0	3.051	4.675	24.184	3.565	0.0	3.437	0.819	6.126	5.677	8.243	3.711	2.284	1.684	9.399	7.914	1.008	3.864	2.875	1.814	0.0	0.883	2.053	4.409	9.161	2.285	0.0	2.011	5.117	5.87	4.485	1.033	5.508	3.867
cell_0042	cluster_1	3.94	0.0	0.475	2.729	1.216	0.753	3.745	1.124	5.729	2.857	0.845	5.384	2.702	2.944	3.453	1.097	2.884	9.197	0.0	7.491	2.2	4.808	0.0	2.593	2.191	2.554	0.632	0.0	9.665	2.195	0.496	5.01	1.36	2.045	2.106	4.139	1.844	2.305	0.79	1.785	5.31	2.8	3.491	1.547	1.2	3.568	5.47	1.332	3.089	1.492	3.441	0.0	4.316	0.0	1.449	2.977	4.548	1.366	1.374	5.423
cell_0306	cluster_2	1.156	3.626	6.482	12.834	3.221	0.705	1.072	3.022	2.614	2.191	2.628	11.311	2.124	3.388	6.613	5.74	2.959	2.142	2.434	0.79	2.268	1.222	0.0	1.069	4.521	1.238	1.151	0.715	0.438	2.49	8.132	1.73	2.997	2.348	1.962	2.104	2.707	6.96	3.195	6.301	2.143	3.032	1.815	3.345	1.031	0.0	0.524	0.988	4.743	6.032	2.178	0.922	4.834	1.252	1.679	0.0	0.738	2.449	2.315	9.443
cell_0527	cluster_3	3.245	2.256	1.813	2.005	15.854	43.093	0.0	4.457	3.278	1.467	5.229	0.0	1.251	0.0	0.862	0.0	4.622	4.172	7.009	11.534	5.281	8.521	7.562	3.682	3.551	3.582	5.897	0.0	6.089	5.76	7.252	23.335	0.985	3.615	1.822	3.989	3.91	4.604	1.729	7.009	0.0	2.614	9.972	7.461	9.875	5.625	6.032	0.0	9.839	2.002	4.889	13.453	0.0	4.262	0.0	3.388	5.745	4.136	3.47	7.545
cell_0557	cluster_3	3.888	3.398	2.329	0.906	23.865	0.0	3.1	0.0	2.337	1.701	3.421	3.091	6.026	2.097	1.283	0.595	2.37	1.686	1.085	1.544	1.175	1.147	2.259	6.412	2.554	0.955	4.461	9.018	3.451	0.843	4.544	0.0	3.217	1.989	3.049	1.402	7.868	2.991	0.0	0.939	6.246	2.542	1.525	2.533	1.362	2.144	1.577	6.726	1.067	3.699	2.678	4.254	6.335	2.99	1.388	2.102	2.554	3.145	0.698	6.237
cell_0510	cluster_3	1.102	3.165	1.176	0.564	64.27	20.454	1.387	5.735	2.146	0.763	0.0	1.004	0.502	2.42	3.47	1.267	1.892	1.651	2.196	1.441	12.918	0.388	4.907	2.41	6.282	1.641	2.523	0.32	3.304	2.613	5.267	0.882	0.0	0.938	1.156	2.953	0.961	3.301	0.859	6.2	3.523	0.0	4.333	4.454	2.324	1.123	1.913	2.313	6.247	2.508	4.356	2.951	2.066	1.171	5.354	1.195	0.0	1.413	2.332	3.071
cell_0415	cluster_2	1.799	1.677	11.11	19.868	1.619	1.556	1.273	8.973	0.0	2.843	4.671	1.252	1.637	4.235	0.868	8.558	3.385	0.834	3.488	2.052	1.25	3.76	1.742	4.054	0.883	2.859	1.359	1.85	0.895	0.0	3.389	0.864	0.0	0.44	2.219	2.65	0.0	0.0	4.805	2.519	2.69	1.643	2.686	0.0	0.6	1.1	5.144	4.035	3.035	1.305	3.847	1.976	0.713	1.157	2.269	2.277	7.102	4.161	2.659	1.656
cell_0242	cluster_2	3.507	2.968	16.143	0.0	2.914	1.368	2.106	1.642	0.691	7.101	2.596	0.914	6.797	1.309	0.0	2.868	1.69	1.6	2.44	1.865	8.067	1.536	3.424	2.181	6.386	2.25	1.436	1.776	5.715	5.985	5.82	9.422	0.0	2.037	2.278	0.634	3.47	0.0	2.673	0.0	0.969	2.1	6.656	7.597	3.678	0.546	2.988	0.0	2.157	4.074	0.0	1.546	6.263	0.801	1.815	6.071	4.255	1.87	1.493	10.353
cell_0073	cluster_1	15.574	22.114	2.588	5.299	8.175	4.213	8.924	4.097	4.582	4.151	4.021	1.37	13.641	6.179	7.389	2.149	1.321	3.76	6.461	1.184	2.022	6.843	10.904	20.923	7.512	3.384	15.325	0.0	9.054	5.209	0.0	1.163	3.495	17.379	8.675	3.74	3.638	5.449	2.144	7.491	8.395	2.563	2.937	4.282	0.0	4.826	7.191	21.116	12.628	0.0	7.014	3.759	0.0	2.97	3.077	2.356	2.431	7.635	1.973	1.981
cell_0365	cluster_2	3.21	10.954	46.453	24.534	11.031	0.0	6.668	9.856	7.153	4.893	12.013	1.995	1.63	6.348	2.236	7.654	3.888	5.178	9.74	2.233	5.538	0.0	1.62	1.269	10.572	5.059	4.808	6.022	2.672	9.549	5.235	2.602	6.266	1.898	4.949	6.658	2.635	7.971	1.79	0.881	7.251	2.224	12.516	2.756	0.655	2.543	1.598	2.985	2.349	1.288	0.0	9.447	0.0	2.468	4.587	5.519	0.834	10.834	1.9	0.0
cell_0267	cluster_2	2.308	4.824	18.903	7.169	8.051	4.336	0.749	7.65	6.228	4.384	1.98	3.779	0.835	0.0	1.914	0.0	1.962	10.368	1.488	2.664	1.192	6.095	1.092	3.172	4.893	2.41	1.454	0.78	8.593	0.605	1.818	3.144	2.043	3.556	1.257	0.836	6.883	2.446	3.248	0.0	1.45	1.85	6.448	1.224	6.201	0.0	0.0	1.787	1.495	4.14	0.639	5.29	1.231	2.427	1.331	3.307	7.89	0.762	0.0	0.0
cell_0290	cluster_2	2.339	7.746	23.432	0.0	2.22	4.464	1.926	5.47	1.715	3.126	0.0	0.935	0.0	5.926	1.512	2.756	0.0	0.0	1.736	1.115	2.492	5.465	3.512	0.0	2.575	4.35	0.718	2.053	2.219	4.216	1.554	3.313	2.202	2.189	6.333	1.463	2.691	8.066	10.558	9.48	1.841	3.107	1.528	0.405	2.826	2.901	2.018	1.644	1.59	0.0	5.109	3.619	1.504	2.527	5.607	0.872	0.637	0.0	1.363	3.879
cell_0006	cluster_1	55.932	49.28	0.0	4.641	0.0	2.006	0.0	1.963	3.791	2.06	4.709	2.323	15.208	3.777	1.236	3.169	3.916	4.391	4.323	1.669	0.0	2.101	3.476	4.525	1.873	2.404	3.679	0.0	3.158	1.599	2.264	3.422	1.472	3.074	8.034	1.574	4.269	3.042	1.906	5.594	8.04	1.584	2.096	21.272	1.082	3.789	1.34	0.593	4.281	2.153	4.6	1.936	7.854	15.76	1.969	0.786	0.0	4.334	1.258	0.0
cell_0529	cluster_3	0.0	0.0	1.282	3.318	52.684	29.321	1.617	1.971	1.243	5.421	1.789	6.235	2.015	1.549	1.397	5.826	3.704	1.445	1.671	2.753	2.604	2.932	2.43	2.218	2.548	3.665	4.867	1.183	4.264	2.251	1.415	2.822	9.089	3.168	5.048	4.78	0.689	5.395	2.807	6.072	5.254	1.616	1.636	1.111	1.633	2.117	1.949	1.408	3.688	10.176	1.628	9.219	1.836	1.255	5.01	0.0	11.234	2.918	6.425	1.544
cell_0132	cluster_1	57.245	0.0	7.084	4.296	5.783	4.929	4.9	2.577	3.04	7.046	3.01	0.964	4.547	0.0	2.561	2.91	6.058	0.0	2.232	6.734	6.221	7.474	18.691	1.235	6.561	4.412	7.849	1.642	0.895	3.622	3.342	0.0	2.187	1.347	5.119	6.947	7.549	2.292	1.943	2.893	5.564	23.632	6.166	2.965	2.82	16.974	4.13	2.972	7.19	6.639	10.307	4.039	4.138	2.477	5.206	6.696	4.025	0.694	7.808	8.648
cell_0241	cluster_2	2.664	2.092	0.0	23.612	0.735	1.016	3.635	0.999	3.934	1.3	1.697	1.172	2.005	1.566	1.005	1.96	1.074	4.314	0.0	2.615	0.0	2.077	0.0	2.002	0.488	2.408	0.895	5.691	2.663	0.574	1.028	0.741	0.0	10.318	1.686	0.452	1.356	1.866	7.79	2.926	2.802	1.21	0.0	2.614	0.0	3.037	0.878	2.981	0.779	1.357	2.765	5.503	0.689	0.654	0.0	2.067	1.063	2.023	3.964	0.297
cell_0051	cluster_1	34.938	12.372	0.0	0.939	5.685	0.0	8.795	5.541	1.879	2.328	1.824	0.0	0.939	6.712	17.973	6.283	3.935	6.839	3.544	6.791	6.099	6.775	1.504	4.014	0.451	5.336	6.699	2.466	0.0	2.42	1.883	10.669	3.371	1.186	3.945	5.043	0.916	0.988	4.149	1.642	2.907	1.472	9.22	0.0	2.448	1.878	3.906	15.825	1.646	17.897	6.398	4.19	4.328	5.469	1.339	0.0	1.829	2.042	1.442	0.656
cell_0095	cluster_1	20.343	30.662	4.153	2.177	4.366	2.123	1.23	4.243	11.087	2.473	14.254	3.544	1.884	2.008	0.0	0.683	2.654	2.115	2.123	4.057	0.777	3.34	9.826	1.598	2.785	0.0	2.238	2.519	0.879	5.013	1.584	3.689	0.443	2.905	1.516	5.63	1.877	1.547	7.022	2.049	2.885	1.708	3.615	3.666	2.587	2.827	5.482	1.513	0.0	2.113	0.909	0.801	5.057	6.43	5.008	2.516	6.353	2.462	2.133	2.235
cell_0292	cluster_2	1.159	3.048	0.0	0.0	0.916	6.248	2.341	2.752	4.712	3.525	1.091	1.218	2.527	1.181	0.0	3.822	5.951	4.639	2.578	5.044	2.683	0.0	0.672	1.796	7.025	1.68	1.505	3.813	4.057	4.895	2.47	1.622	2.005	2.866	2.984	0.0	4.872	3.357	4.708	9.611	2.942	1.3	2.303	1.252	9.733	5.739	3.144	1.635	0.919	5.393	18.667	1.352	3.36	0.0	1.632	1.515	5.397	0.558	1.855	3.772
cell_0430	cluster_3	1.356	4.084	0.0	1.521	13.658	54.81	7.106	2.228	0.847	0.934	1.682	1.904	2.671	2.503	3.252	0.95	4.956	8.354	5.936	8.943	0.0	2.417	1.527	1.797	4.093	2.542	1.634	3.784	2.718	1.789	3.416	0.0	4.483	0.0	1.585	4.213	1.972	0.517	2.157	3.101	5.36	4.546	2.691	0.0	5.9	2.474	7.528	12.103	1.881	2.288	4.497	0.0	3.173	6.319	9.703	1.658	3.175	4.383	4.779	1.462
cell_0068	cluster_1	15.218	10.892	2.947	2.555	3.315	3.646	3.374	0.0	1.109	6.316	1.657	1.819	5.674	2.0	0.962	1.49	1.394	0.867	1.488	2.293	3.666	1.117	1.38	2.696	7.536	3.695	2.447	4.164	3.384	3.066	0.0	2.959	6.241	4.266	0.0	1.257	3.135	0.0	1.518	1.607	2.265	2.295	6.588	2.533	0.766	1.887	15.838	4.584	9.509	0.591	3.376	2.713	6.308	1.24	4.56	1.902	2.207	0.668	0.0	2.485
cell_0469	cluster_3	0.0	3.286	2.451	3.376	14.096	66.482	10.607	4.02	2.732	6.072	3.269	6.503	0.785	3.101	9.323	9.789	17.735	2.939	4.048	0.0	2.001	14.957	5.562	6.649	8.062	0.0	3.302	1.424	3.324	2.186	7.156	1.632	6.522	3.112	3.021	1.04	0.0	11.638	0.0	11.588	1.171	0.422	6.882	18.479	2.243	8.16	4.625	0.0	0.0	3.83	1.22	5.495	2.515	2.482	2.646	1.938	1.909	1.568	4.857	0.0
cell_0024	cluster_1	13.779	29.449	1.463	0.0	1.24	1.661	3.036	1.119	1.443	2.867	2.307	0.771	3.851	2.731	6.341	17.277	6.196	1.119	2.494	0.651	0.0	1.346	7.59	4.249	7.721	0.0	12.23	1.196	4.676	4.642	2.598	12.363	3.251	0.0	0.0	5.802	0.846	5.862	2.15	2.432	0.0	2.241	4.033	0.0	1.736	3.784	3.2	2.882	1.512	2.763	3.56	6.119	3.187	2.119	2.185	1.679	0.0	1.126	0.0	0.613
cell_0281	cluster_2	1.495	3.719	8.256	12.568	0.864	13.151	0.0	3.455	4.996	5.103	4.892	3.631	1.066	0.753	1.646	0.0	2.812	2.14	5.931	2.801	2.554	0.878	4.47	3.669	1.943	3.463	1.115	3.52	1.721	0.0	2.471	1.136	1.219	0.632	3.694	3.131	4.357	3.679	1.581	0.0	0.766	2.693	0.0	3.035	2.836	5.096	1.725	1.7	2.216	4.014	0.653	1.001	1.568	4.031	1.858	8.435	1.896	0.177	4.832	1.359
cell_0217	cluster_1	14.269	0.0	0.36	3.209	0.0	1.669	4.175	7.604	3.513	3.854	1.847	8.116	2.07	2.992	1.984	6.439	2.382	1.119	3.56	2.574	1.264	2.622	0.0	2.876	2.751	1.963	0.0	1.147	3.563	3.726	0.0	1.907	3.731	2.91	1.593	0.0	11.812	3.559	6.732	3.237	0.705	2.461	7.074	3.015	0.0	13.406	3.091	2.758	3.093	0.0	3.937	0.79	0.809	8.342	7.965	4.277	1.738	1.093	2.111	4.75
cell_0460	cluster_3	2.05	4.376	6.399	8.437	23.45	11.717	5.526	3.692	2.928	3.043	1.96	3.075	8.831	1.551	8.753	1.45	2.972	1.905	0.882	2.181	0.0	5.868	2.023	2.381	9.298	1.288	2.699	3.491	2.873	10.238	2.892	6.051	1.224	2.222	5.686	0.0	0.779	3.068	0.73	3.474	6.977	6.376	2.551	3.351	3.944	5.412	0.0	0.767	4.7	2.214	2.043	5.615	2.306	4.261	1.261	3.224	2.852	0.775	0.79	1.18
cell_0020	cluster_1	12.71	12.625	2.401	2.547	2.074	4.807	0.88	5.743	4.315	0.0	0.949	0.0	0.761	3.887	1.309	1.108	1.165	1.785	2.184	2.461	11.459	2.055	0.0	1.487	3.104	1.557	1.194	2.887	2.923	0.832	3.157	1.918	0.0	0.947	1.041	6.676	4.137	1.749	1.353	3.463	2.883	6.856	3.305	1.931	0.825	0.0	0.0	1.358	6.145	3.656	0.0	3.071	0.0	0.987	0.834	2.485	2.642	1.622	3.334	0.0
cell_0354	cluster_2	3.741	2.969	16.107	7.087	8.158	0.0	2.09	0.944	3.042	0.565	2.809	1.321	1.146	8.305	5.49	7.085	3.498	1.716	0.833	0.0	2.743	1.963	1.387	3.294	0.925	2.796	1.444	5.621	2.373	0.958	0.0	0.631	1.663	4.34	1.818	1.393	3.896	1.715	1.548	2.814	1.429	5.422	0.923	1.746	1.666	0.88	0.821	3.058	3.211	3.284	4.925	3.721	2.265	0.0	3.336	3.107	1.61	1.411	2.48	1.067
cell_0417	cluster_2	3.788	1.644	93.462	4.064	5.668	2.864	1.48	1.293	2.523	1.563	3.868	0.645	2.513	0.39	1.093	1.131	10.575	1.052	2.978	1.834	0.0	1.58	2.073	3.603	3.596	4.624	1.707	2.689	0.0	1.263	0.842	4.897	0.0	5.789	3.002	5.253	1.356	1.173	1.911	1.592	0.779	2.115	7.384	1.397	2.953	10.675	9.762	8.071	0.0	4.607	4.154	2.077	0.771	1.113	3.519	3.695	6.995	0.0	2.365	0.0
cell_0410	cluster_2	1.918	3.59	15.691	40.499	1.956	1.325	1.006	4.823	12.586	0.0	1.783	3.5	4.192	1.333	3.348	0.0	4.812	8.669	2.001	3.094	2.789	5.958	1.877	3.572	0.0	2.238	2.432	6.585	2.842	4.997	6.448	1.911	2.674	3.855	2.446	3.053	4.984	4.535	2.401	1.114	2.723	1.953	2.676	1.542	1.408	0.817	10.678	5.133	1.576	2.996	0.797	4.165	2.512	1.521	2.133	3.34	4.267	1.113	2.098	3.037
cell_0169	cluster_1	0.0	5.099	0.721	1.868	4.855	2.557	2.329	4.525	2.891	0.954	0.69	1.689	2.578	1.892	7.675	0.0	0.699	2.078	3.328	3.063	1.559	0.722	0.0	1.535	3.432	4.262	2.785	2.66	0.817	1.022	1.009	0.0	0.788	9.314	6.404	1.114	1.453	4.463	2.449	1.303	1.974	1.465	0.636	2.741	0.0	1.806	1.507	0.0	2.306	2.035	2.708	0.656	0.828	1.161	1.418	0.837	1.948	3.037	1.494	9.067
cell_0402	cluster_2	6.348	3.684	16.534	58.037	4.027	6.117	3.505	2.738	1.753	1.509	0.764	4.632	2.508	1.974	6.217	2.38	0.91	0.0	2.522	0.759	1.264	4.835	1.808	2.855	11.594	2.507	2.443	3.591	2.609	7.821	1.071	1.694	2.293	5.3	1.947	10.479	3.614	4.133	1.01	0.881	1.733	3.287	2.226	4.895	1.979	1.606	2.651	3.475	3.822	1.636	2.733	1.689	0.0	2.882	8.81	3.351	1.971	2.135	3.563	1.329
cell_0481	cluster_3	0.0	4.393	4.697	4.419	0.0	30.083	1.04	1.026	0.0	0.871	2.085	2.268	1.745	1.891	1.898	3.034	5.301	0.925	0.0	12.039	5.061	4.724	1.96	0.0	0.926	2.978	1.456	0.0	7.953	6.521	2.085	4.156	4.55	2.023	7.4	3.148	6.58	2.528	2.47	9.449	10.746	3.008	5.831	1.801	0.0	0.0	3.542	1.068	2.233	3.541	2.547	0.775	2.303	2.737	2.848	2.762	4.665	0.0	8.939	3.529
cell_0106	cluster_1	27.268	0.0	4.602	2.73	0.0	5.759	1.509	2.909	5.569	1.217	1.086	3.33	1.373	2.143	9.12	3.157	1.948	9.061	9.76	1.449	10.32	3.266	7.075	7.497	1.93	2.134	4.7	2.037	0.969	2.101	4.078	0.0	0.0	5.446	0.783	1.356	2.206	1.594	3.116	1.365	1.381	3.104	1.446	1.586	1.394	1.644	2.321	3.682	1.513	2.31	2.886	5.613	5.725	6.547	0.0	0.0	4.874	1.101	0.0	5.474
cell_0428	cluster_3	1.255	5.366	2.437	3.762	10.041	24.044	4.518	2.43	0.0	1.896	1.62	5.545	4.25	2.074	2.104	0.214	3.245	5.001	4.305	2.407	0.0	5.922	1.025	3.028	3.287	1.396	2.66	2.525	2.428	1.247	3.487	6.021	3.576	2.518	4.598	2.286	3.484	4.927	0.0	0.858	3.435	1.473	1.715	0.0	3.505	4.604	3.033	0.0	1.93	2.232	0.0	6.079	4.117	0.0	3.016	4.544	0.0	0.554	1.456	3.49
cell_0463	cluster_3	1.361	2.836	4.048	1.983	31.882	24.088	4.49	7.734	4.232	0.98	2.748	1.222	1.445	4.225	3.076	6.321	3.098	4.321	2.398	1.417	11.169	1.998	0.586	5.195	4.968	0.0	3.022	4.287	3.845	2.139	1.183	3.041	2.219	2.875	1.691	2.563	2.098	1.037	3.188	2.384	0.623	1.223	1.372	1.05	3.106	0.0	1.392	2.701	2.875	2.131	3.663	2.995	1.726	0.0	13.609	1.847	4.805	1.453	1.736	1.189
cell_0478	cluster_3	4.667	1.424	5.263	4.168	15.858	50.24	3.397	4.101	0.0	2.87	2.019	8.007	2.174	1.018	0.0	2.597	6.542	2.83	1.796	6.007	2.417	0.89	1.063	3.368	1.028	6.024	1.964	1.621	0.659	6.681	6.815	4.886	9.216	2.3	4.714	1.791	5.42	1.428	2.24	2.566	1.276	1.246	1.994	3.36	3.436	0.0	3.219	1.247	3.203	3.14	0.652	1.824	0.802	9.406	3.766	0.0	4.865	1.615	0.83	0.0
cell_0507	cluster_3	0.0	1.409	9.082	14.737	0.0	28.903	0.0	2.89	0.0	2.072	6.66	3.651	4.938	2.396	9.007	8.131	17.243	0.0	5.482	8.303	5.559	5.084	2.318	10.419	3.124	0.0	5.142	3.703	17.088	5.518	9.119	3.222	12.45	17.915	4.26	2.205	9.722	4.285	2.576	12.554	2.211	3.44	0.0	0.0	5.48	5.832	0.779	3.46	6.85	4.99	0.0	3.387	1.338	2.263	5.415	12.8	2.19	8.281	5.812	0.0
cell_0433	cluster_3	4.007	0.837	5.557	3.494	14.694	14.179	8.225	5.702	0.947	1.774	4.836	0.0	4.823	2.523	3.737	1.576	1.196	4.043	1.23	0.996	2.247	2.749	3.964	2.649	3.884	1.366	5.603	2.79	3.552	1.017	1.483	0.685	1.838	0.0	2.209	10.473	2.058	9.206	3.346	1.844	0.886	0.429	2.4	3.16	0.644	1.885	0.0	3.005	1.831	3.196	0.818	6.404	0.0	1.672	6.421	4.767	0.0	1.341	3.552	6.658
cell_0170	cluster_1	35.12	19.29	0.993	2.881	3.451	4.115	3.867	6.028	3.444	4.928	2.263	8.703	8.488	5.862	6.978	4.125	3.418	5.932	0.0	0.0	2.863	3.3	0.0	6.134	5.299	2.608	0.515	11.06	0.0	1.024	1.205	1.931	5.959	4.7	4.791	7.337	3.375	7.05	3.356	4.625	3.712	4.944	6.548	2.604	4.287	3.502	4.894	5.756	1.372	4.263	3.302	0.0	3.769	0.707	3.569	2.031	5.196	1.696	3.99	3.208
cell_0329	cluster_2	4.071	3.711	10.995	9.265	1.807	1.304	1.138	2.909	0.59	2.919	4.785	2.433	2.703	0.0	0.0	2.746	1.232	3.197	2.445	2.301	7.303	3.307	2.966	0.885	5.991	1.677	1.946	3.173	3.575	0.0	1.306	2.136	4.789	1.238	1.846	1.636	0.811	2.1	0.678	4.544	2.115	1.189	2.994	5.793	0.0	1.047	1.527	4.62	3.79	2.373	1.995	0.748	0.0	0.0	8.829	1.268	3.478	1.238	2.081	2.961
cell_0545	cluster_3	2.168	2.827	3.252	0.343	22.443	0.0	3.093	2.683	1.287	2.218	1.562	0.486	2.754	3.652	0.718	1.422	0.74	0.939	0.0	0.708	0.756	0.373	0.0	0.781	1.187	0.0	1.522	1.262	1.247	3.735	0.875	1.365	3.89	0.0	1.242	2.981	1.788	1.111	1.202	0.0	0.468	2.449	0.526	4.374	0.686	7.193	2.114	0.621	1.969	2.175	1.367	2.212	1.378	0.49	0.307	1.184	2.065	4.801	0.0	0.39
cell_0167	cluster_1	53.41	15.405	9.651	0.614	3.593	2.216	0.55	3.989	3.293	0.0	0.0	5.4	2.728	5.823	0.0	3.846	3.17	8.281	0.735	3.63	4.607	9.225	2.743	4.864	2.02	3.308	3.469	1.095	3.738	4.846	2.199	1.103	5.423	3.343	1.678	1.87	4.358	3.362	3.873	3.919	0.0	2.462	2.589	2.177	3.66	2.648	4.204	1.106	2.463	0.0	2.398	3.485	2.593	3.607	1.809	0.0	2.77	4.086	4.276	6.198
cell_0015	cluster_1	7.599	17.825	1.59	9.995	0.0	25.381	2.596	10.712	17.279	3.819	1.628	17.778	1.91	16.182	5.31	1.838	0.0	4.003	5.163	2.294	1.01	4.504	4.575	3.013	2.013	0.0	4.131	7.108	1.09	3.139	13.761	3.578	20.588	3.82	2.407	1.598	2.098	6.681	7.233	3.525	7.697	4.498	2.375	1.256	4.141	0.0	0.0	6.293	4.658	0.0	2.738	7.904	0.0	11.856	0.0	1.556	9.366	1.452	3.018	2.924
cell_0007	cluster_1	30.394	19.854	3.504	2.343	1.194	3.293	0.0	3.042	0.989	2.058	1.059	1.172	5.152	2.654	4.256	2.771	4.691	2.362	1.444	0.806	0.928	1.986	1.02	1.841	2.728	11.102	1.18	2.261	0.76	1.585	3.988	0.0	4.404	1.224	0.0	3.044	5.182	2.7	3.594	2.67	2.949	3.281	1.389	4.799	3.328	8.694	1.395	2.235	1.559	2.5	4.312	0.0	0.0	2.658	1.655	1.164	4.979	2.412	0.0	1.478
cell_0473	cluster_3	3.2	0.0	5.644	2.053	8.403	57.63	67.556	17.354	2.613	4.484	3.332	4.637	0.992	9.207	2.602	2.199	1.389	6.718	3.688	2.325	2.881	9.857	10.705	10.242	3.557	4.353	6.145	2.515	4.181	3.085	9.77	4.85	3.118	2.362	2.86	2.274	9.187	0.0	8.551	2.226	4.674	3.592	0.791	2.136	2.2	0.796	0.0	1.434	0.667	1.65	6.688	3.163	1.522	1.225	3.266	6.552	5.898	5.772	0.0	0.0
cell_0208	cluster_1	47.712	72.128	2.609	9.501	0.0	6.574	4.728	0.0	0.0	0.0	8.521	2.005	2.6	1.247	2.255	2.822	0.684	0.0	2.848	0.888	2.286	10.654	1.077	1.367	0.539	2.255	3.48	3.239	0.0	1.253	1.516	1.545	1.196	16.406	1.124	6.236	1.116	2.683	0.0	3.079	5.162	5.235	0.663	1.464	1.124	1.836	2.375	1.866	3.237	1.673	6.256	1.456	3.348	2.441	2.009	2.354	3.201	5.283	3.046	21.259
cell_0148	cluster_1	4.265	9.394	0.704	2.569	0.796	1.614	0.0	1.055	7.762	1.865	2.338	1.827	3.503	4.339	1.789	2.502	3.491	2.772	1.779	2.847	1.685	2.39	1.239	0.0	0.693	9.349	3.355	4.063	6.925	4.356	7.05	0.0	0.0	3.198	6.667	3.979	0.577	1.829	1.357	2.887	0.623	5.82	1.839	0.0	1.044	0.996	1.955	1.609	1.621	1.297	2.662	0.0	1.647	0.0	2.059	0.391	3.933	3.902	3.116	1.583
cell_0534	cluster_3	2.469	1.255	1.14	6.584	4.742	19.834	10.802	10.381	1.815	2.216	2.123	0.884	0.0	4.936	3.176	0.0	5.294	1.171	2.617	6.507	15.169	1.771	1.853	1.301	0.0	2.093	4.671	0.0	0.0	0.0	2.099	0.514	3.915	1.482	4.204	0.978	7.952	2.293	1.325	0.959	2.754	4.913	0.874	4.14	0.695	1.81	3.607	6.359	4.65	4.45	4.334	3.884	0.867	0.0	4.272	2.309	2.292	1.434	5.914	0.0
cell_0517	cluster_3	4.231	11.226	1.407	1.444	0.0	23.376	3.692	5.69	1.725	3.492	2.642	0.974	7.99	2.411	2.09	1.98	3.737	4.182	2.245	2.741	5.409	2.42	3.821	2.214	0.0	0.0	2.428	0.964	3.114	3.374	1.917	2.742	5.375	2.045	2.079	1.125	4.677	4.513	0.0	1.362	1.355	0.893	2.747	2.702	3.872	4.664	1.783	3.007	4.148	0.776	1.202	3.231	1.704	3.868	3.462	2.129	5.04	2.67	1.801	1.585
cell_0031	cluster_1	13.357	12.402	3.245	1.653	2.1	2.092	0.916	5.468	0.0	3.2	1.864	1.722	10.352	1.515	1.422	0.0	0.797	2.851	1.421	2.097	2.977	0.637	2.861	11.112	4.087	1.848	2.578	0.0	2.94	0.879	2.979	1.681	2.149	1.642	3.319	1.352	0.673	2.386	2.089	0.0	1.026	2.759	2.804	1.509	1.833	5.612	1.498	3.634	0.68	0.744	1.455	0.845	1.748	5.136	2.425	1.329	0.798	5.51	1.704	2.254
cell_0381	cluster_2	1.751	2.052	33.43	110.285	0.0	0.0	0.84	4.02	4.066	3.582	0.0	8.98	2.172	10.022	7.598	3.614	2.317	0.0	7.378	13.206	1.808	5.956	5.04	0.0	8.847	4.119	2.829	0.0	2.055	0.0	3.917	9.524	6.994	6.523	0.0	2.868	1.482	9.561	1.859	1.937	2.881	0.0	4.857	6.247	1.324	0.288	5.641	0.8	5.688	2.916	1.17	6.69	1.575	0.0	0.916	9.605	2.204	4.513	0.677	0.971
