gene_set	rank	running_es	member	metric
HALLMARK_INTERFERON_ALPHA_RESPONSE	1	0.015378	true	3.0009
HALLMARK_INTERFERON_ALPHA_RESPONSE	2	0.01396	false	2.9902
HALLMARK_INTERFERON_ALPHA_RESPONSE	3	0.012541	false	2.9875
HALLMARK_INTERFERON_ALPHA_RESPONSE	4	0.027774	true	2.9726
HALLMARK_INTERFERON_ALPHA_RESPONSE	5	0.042848	true	2.9417
HALLMARK_INTERFERON_ALPHA_RESPONSE	6	0.057917	true	2.9406
HALLMARK_INTERFERON_ALPHA_RESPONSE	7	0.072982	true	2.9399
HALLMARK_INTERFERON_ALPHA_RESPONSE	8	0.088	true	2.9307
HALLMARK_INTERFERON_ALPHA_RESPONSE	9	0.102876	true	2.9029
HALLMARK_INTERFERON_ALPHA_RESPONSE	10	0.117732	true	2.8991
HALLMARK_INTERFERON_ALPHA_RESPONSE	11	0.132485	true	2.8789
HALLMARK_INTERFERON_ALPHA_RESPONSE	12	0.131066	false	2.8646
HALLMARK_INTERFERON_ALPHA_RESPONSE	13	0.145726	true	2.8608
HALLMARK_INTERFERON_ALPHA_RESPONSE	14	0.160187	true	2.8219
HALLMARK_INTERFERON_ALPHA_RESPONSE	15	0.174645	true	2.8215
HALLMARK_INTERFERON_ALPHA_RESPONSE	16	0.173227	false	2.8144
HALLMARK_INTERFERON_ALPHA_RESPONSE	17	0.187585	true	2.8019
HALLMARK_INTERFERON_ALPHA_RESPONSE	18	0.201926	true	2.7986
HALLMARK_INTERFERON_ALPHA_RESPONSE	19	0.216223	true	2.79
HALLMARK_INTERFERON_ALPHA_RESPONSE	20	0.23051	true	2.788
HALLMARK_INTERFERON_ALPHA_RESPONSE	21	0.244703	true	2.7698
HALLMARK_INTERFERON_ALPHA_RESPONSE	22	0.243285	false	2.7503
HALLMARK_INTERFERON_ALPHA_RESPONSE	23	0.257377	true	2.7499
HALLMARK_INTERFERON_ALPHA_RESPONSE	24	0.271395	true	2.7357
HALLMARK_INTERFERON_ALPHA_RESPONSE	25	0.285401	true	2.733
HALLMARK_INTERFERON_ALPHA_RESPONSE	26	0.283982	false	2.7329
HALLMARK_INTERFERON_ALPHA_RESPONSE	27	0.297817	true	2.6998
HALLMARK_INTERFERON_ALPHA_RESPONSE	28	0.311641	true	2.6978
HALLMARK_INTERFERON_ALPHA_RESPONSE	29	0.325356	true	2.6763
HALLMARK_INTERFERON_ALPHA_RESPONSE	30	0.323937	false	2.6701
HALLMARK_INTERFERON_ALPHA_RESPONSE	31	0.337539	true	2.6542
HALLMARK_INTERFERON_ALPHA_RESPONSE	32	0.351133	true	2.6529
HALLMARK_INTERFERON_ALPHA_RESPONSE	33	0.364716	true	2.6506
HALLMARK_INTERFERON_ALPHA_RESPONSE	34	0.378166	true	2.6248
HALLMARK_INTERFERON_ALPHA_RESPONSE	35	0.376748	false	2.5986
HALLMARK_INTERFERON_ALPHA_RESPONSE	36	0.389954	true	2.577
HALLMARK_INTERFERON_ALPHA_RESPONSE	37	0.388535	false	2.5746
HALLMARK_INTERFERON_ALPHA_RESPONSE	38	0.387117	false	2.5726
HALLMARK_INTERFERON_ALPHA_RESPONSE	39	0.400157	true	2.5448
HALLMARK_INTERFERON_ALPHA_RESPONSE	40	0.413174	true	2.5402
HALLMARK_INTERFERON_ALPHA_RESPONSE	41	0.426186	true	2.5391
HALLMARK_INTERFERON_ALPHA_RESPONSE	42	0.424767	false	2.5221
HALLMARK_INTERFERON_ALPHA_RESPONSE	43	0.437631	true	2.5102
HALLMARK_INTERFERON_ALPHA_RESPONSE	44	0.436212	false	2.5038
HALLMARK_INTERFERON_ALPHA_RESPONSE	45	0.434794	false	2.4973
HALLMARK_INTERFERON_ALPHA_RESPONSE	46	0.447567	true	2.4926
HALLMARK_INTERFERON_ALPHA_RESPONSE	47	0.460163	true	2.458
HALLMARK_INTERFERON_ALPHA_RESPONSE	48	0.458744	false	2.4563
HALLMARK_INTERFERON_ALPHA_RESPONSE	49	0.457326	false	2.4542
HALLMARK_INTERFERON_ALPHA_RESPONSE	50	0.455907	false	2.4409
HALLMARK_INTERFERON_ALPHA_RESPONSE	51	0.468266	true	2.4116
HALLMARK_INTERFERON_ALPHA_RESPONSE	52	0.480586	true	2.4043
HALLMARK_INTERFERON_ALPHA_RESPONSE	53	0.479168	false	2.3968
HALLMARK_INTERFERON_ALPHA_RESPONSE	54	0.491404	true	2.3878
HALLMARK_INTERFERON_ALPHA_RESPONSE	55	0.489985	false	2.3827
HALLMARK_INTERFERON_ALPHA_RESPONSE	56	0.502179	true	2.3796
HALLMARK_INTERFERON_ALPHA_RESPONSE	57	0.500761	false	2.3647
HALLMARK_INTERFERON_ALPHA_RESPONSE	58	0.512842	true	2.3576
HALLMARK_INTERFERON_ALPHA_RESPONSE	59	0.511424	false	2.3312
HALLMARK_INTERFERON_ALPHA_RESPONSE	60	0.510005	false	2.3196
HALLMARK_INTERFERON_ALPHA_RESPONSE	61	0.508587	false	2.3179
HALLMARK_INTERFERON_ALPHA_RESPONSE	62	0.507168	false	2.3045
HALLMARK_INTERFERON_ALPHA_RESPONSE	63	0.50575	false	2.2908
HALLMARK_INTERFERON_ALPHA_RESPONSE	64	0.504331	false	2.2778
HALLMARK_INTERFERON_ALPHA_RESPONSE	65	0.502913	false	2.2745
HALLMARK_INTERFERON_ALPHA_RESPONSE	66	0.501495	false	2.2685
HALLMARK_INTERFERON_ALPHA_RESPONSE	67	0.513074	true	2.2596
HALLMARK_INTERFERON_ALPHA_RESPONSE	68	0.524629	true	2.255
HALLMARK_INTERFERON_ALPHA_RESPONSE	69	0.536156	true	2.2494
HALLMARK_INTERFERON_ALPHA_RESPONSE	70	0.547621	true	2.2373
HALLMARK_INTERFERON_ALPHA_RESPONSE	71	0.559032	true	2.2268
HALLMARK_INTERFERON_ALPHA_RESPONSE	72	0.557614	false	2.2091
HALLMARK_INTERFERON_ALPHA_RESPONSE	73	0.556195	false	2.2021
HALLMARK_INTERFERON_ALPHA_RESPONSE	74	0.567433	true	2.1931
HALLMARK_INTERFERON_ALPHA_RESPONSE	75	0.57866	true	2.1908
HALLMARK_INTERFERON_ALPHA_RESPONSE	76	0.577241	false	2.1862
HALLMARK_INTERFERON_ALPHA_RESPONSE	77	0.575823	false	2.1568
HALLMARK_INTERFERON_ALPHA_RESPONSE	78	0.574404	false	2.1533
HALLMARK_INTERFERON_ALPHA_RESPONSE	79	0.572986	false	2.1303
HALLMARK_INTERFERON_ALPHA_RESPONSE	80	0.583855	true	2.121
HALLMARK_INTERFERON_ALPHA_RESPONSE	81	0.594644	true	2.1054
HALLMARK_INTERFERON_ALPHA_RESPONSE	82	0.605376	true	2.0943
HALLMARK_INTERFERON_ALPHA_RESPONSE	83	0.603958	false	2.0755
HALLMARK_INTERFERON_ALPHA_RESPONSE	84	0.61458	true	2.073
HALLMARK_INTERFERON_ALPHA_RESPONSE	85	0.625144	true	2.0614
HALLMARK_INTERFERON_ALPHA_RESPONSE	86	0.635621	true	2.0446
HALLMARK_INTERFERON_ALPHA_RESPONSE	87	0.634203	false	2.0422
HALLMARK_INTERFERON_ALPHA_RESPONSE	88	0.644666	true	2.0419
HALLMARK_INTERFERON_ALPHA_RESPONSE	89	0.654992	true	2.015
HALLMARK_INTERFERON_ALPHA_RESPONSE	90	0.665235	true	1.9989
HALLMARK_INTERFERON_ALPHA_RESPONSE	91	0.663816	false	1.9893
HALLMARK_INTERFERON_ALPHA_RESPONSE	92	0.662398	false	1.9798
HALLMARK_INTERFERON_ALPHA_RESPONSE	93	0.672515	true	1.9744
HALLMARK_INTERFERON_ALPHA_RESPONSE	94	0.671097	false	1.9575
HALLMARK_INTERFERON_ALPHA_RESPONSE	95	0.669679	false	1.9541
HALLMARK_INTERFERON_ALPHA_RESPONSE	96	0.679684	true	1.9524
HALLMARK_INTERFERON_ALPHA_RESPONSE	97	0.689571	true	1.9295
HALLMARK_INTERFERON_ALPHA_RESPONSE	98	0.699449	true	1.9278
HALLMARK_INTERFERON_ALPHA_RESPONSE	99	0.709328	true	1.9277
HALLMARK_INTERFERON_ALPHA_RESPONSE	100	0.719199	true	1.9264
HALLMARK_INTERFERON_ALPHA_RESPONSE	101	0.717781	false	1.9237
HALLMARK_INTERFERON_ALPHA_RESPONSE	102	0.716362	false	1.8915
HALLMARK_INTERFERON_ALPHA_RESPONSE	103	0.726051	true	1.8907
HALLMARK_INTERFERON_ALPHA_RESPONSE	104	0.735687	true	1.8805
HALLMARK_INTERFERON_ALPHA_RESPONSE	105	0.74519	true	1.8545
HALLMARK_INTERFERON_ALPHA_RESPONSE	106	0.743772	false	1.8508
HALLMARK_INTERFERON_ALPHA_RESPONSE	107	0.742353	false	1.8416
HALLMARK_INTERFERON_ALPHA_RESPONSE	108	0.751741	true	1.832
HALLMARK_INTERFERON_ALPHA_RESPONSE	109	0.750323	false	1.8252
HALLMARK_INTERFERON_ALPHA_RESPONSE	110	0.748904	false	1.8234
HALLMARK_INTERFERON_ALPHA_RESPONSE	111	0.758121	true	1.7986
HALLMARK_INTERFERON_ALPHA_RESPONSE	112	0.756703	false	1.7686
HALLMARK_INTERFERON_ALPHA_RESPONSE	113	0.755284	false	1.765
HALLMARK_INTERFERON_ALPHA_RESPONSE	114	0.753866	false	1.7591
HALLMARK_INTERFERON_ALPHA_RESPONSE	115	0.76285	true	1.7533
HALLMARK_INTERFERON_ALPHA_RESPONSE	116	0.761432	false	1.7532
HALLMARK_INTERFERON_ALPHA_RESPONSE	117	0.770358	true	1.7419
HALLMARK_INTERFERON_ALPHA_RESPONSE	118	0.779179	true	1.7214
HALLMARK_INTERFERON_ALPHA_RESPONSE	119	0.787973	true	1.716
HALLMARK_INTERFERON_ALPHA_RESPONSE	120	0.786554	false	1.7104
HALLMARK_INTERFERON_ALPHA_RESPONSE	121	0.79527	true	1.7008
HALLMARK_INTERFERON_ALPHA_RESPONSE	122	0.793852	false	1.6974
HALLMARK_INTERFERON_ALPHA_RESPONSE	123	0.792433	false	1.6972
HALLMARK_INTERFERON_ALPHA_RESPONSE	124	0.791015	false	1.6778
HALLMARK_INTERFERON_ALPHA_RESPONSE	125	0.799557	true	1.6669
HALLMARK_INTERFERON_ALPHA_RESPONSE	126	0.798138	false	1.6514
HALLMARK_INTERFERON_ALPHA_RESPONSE	127	0.79672	false	1.6439
HALLMARK_INTERFERON_ALPHA_RESPONSE	128	0.795301	false	1.6294
HALLMARK_INTERFERON_ALPHA_RESPONSE	129	0.793883	false	1.6267
HALLMARK_INTERFERON_ALPHA_RESPONSE	130	0.792464	false	1.6237
HALLMARK_INTERFERON_ALPHA_RESPONSE	131	0.800754	true	1.6177
HALLMARK_INTERFERON_ALPHA_RESPONSE	132	0.808956	true	1.6006
HALLMARK_INTERFERON_ALPHA_RESPONSE	133	0.807537	false	1.5837
HALLMARK_INTERFERON_ALPHA_RESPONSE	134	0.806119	false	1.5675
HALLMARK_INTERFERON_ALPHA_RESPONSE	135	0.804701	false	1.5511
HALLMARK_INTERFERON_ALPHA_RESPONSE	136	0.803282	false	1.5463
HALLMARK_INTERFERON_ALPHA_RESPONSE	137	0.801864	false	1.5419
HALLMARK_INTERFERON_ALPHA_RESPONSE	138	0.809682	true	1.5258
HALLMARK_INTERFERON_ALPHA_RESPONSE	139	0.808264	false	1.5249
HALLMARK_INTERFERON_ALPHA_RESPONSE	140	0.816028	true	1.5151
HALLMARK_INTERFERON_ALPHA_RESPONSE	141	0.82374	true	1.505
HALLMARK_INTERFERON_ALPHA_RESPONSE	142	0.822321	false	1.4984
HALLMARK_INTERFERON_ALPHA_RESPONSE	143	0.829982	true	1.4949
HALLMARK_INTERFERON_ALPHA_RESPONSE	144	0.837592	true	1.4851
HALLMARK_INTERFERON_ALPHA_RESPONSE	145	0.836174	false	1.4809
HALLMARK_INTERFERON_ALPHA_RESPONSE	146	0.834755	false	1.4712
HALLMARK_INTERFERON_ALPHA_RESPONSE	147	0.833337	false	1.4594
HALLMARK_INTERFERON_ALPHA_RESPONSE	148	0.831918	false	1.4433
HALLMARK_INTERFERON_ALPHA_RESPONSE	149	0.8305	false	1.4225
HALLMARK_INTERFERON_ALPHA_RESPONSE	150	0.829082	false	1.4184
HALLMARK_INTERFERON_ALPHA_RESPONSE	151	0.827663	false	1.4127
HALLMARK_INTERFERON_ALPHA_RESPONSE	152	0.826245	false	1.407
HALLMARK_INTERFERON_ALPHA_RESPONSE	153	0.824826	false	1.4011
HALLMARK_INTERFERON_ALPHA_RESPONSE	154	0.823408	false	1.3841
HALLMARK_INTERFERON_ALPHA_RESPONSE	155	0.821989	false	1.3795
HALLMARK_INTERFERON_ALPHA_RESPONSE	156	0.828979	true	1.3639
HALLMARK_INTERFERON_ALPHA_RESPONSE	157	0.82756	false	1.3546
HALLMARK_INTERFERON_ALPHA_RESPONSE	158	0.826142	false	1.3486
HALLMARK_INTERFERON_ALPHA_RESPONSE	159	0.824723	false	1.3411
HALLMARK_INTERFERON_ALPHA_RESPONSE	160	0.823305	false	1.3365
HALLMARK_INTERFERON_ALPHA_RESPONSE	161	0.821887	false	1.3341
HALLMARK_INTERFERON_ALPHA_RESPONSE	162	0.820468	false	1.3302
HALLMARK_INTERFERON_ALPHA_RESPONSE	163	0.81905	false	1.3147
HALLMARK_INTERFERON_ALPHA_RESPONSE	164	0.817631	false	1.3079
HALLMARK_INTERFERON_ALPHA_RESPONSE	165	0.816213	false	1.3054
HALLMARK_INTERFERON_ALPHA_RESPONSE	166	0.814794	false	1.3002
HALLMARK_INTERFERON_ALPHA_RESPONSE	167	0.821411	true	1.2912
HALLMARK_INTERFERON_ALPHA_RESPONSE	168	0.819993	false	1.2787
HALLMARK_INTERFERON_ALPHA_RESPONSE	169	0.826423	true	1.2549
HALLMARK_INTERFERON_ALPHA_RESPONSE	170	0.825005	false	1.2544
HALLMARK_INTERFERON_ALPHA_RESPONSE	171	0.823586	false	1.2504
HALLMARK_INTERFERON_ALPHA_RESPONSE	172	0.829986	true	1.2488
HALLMARK_INTERFERON_ALPHA_RESPONSE	173	0.828568	false	1.234
HALLMARK_INTERFERON_ALPHA_RESPONSE	174	0.827149	false	1.2139
HALLMARK_INTERFERON_ALPHA_RESPONSE	175	0.825731	false	1.2024
HALLMARK_INTERFERON_ALPHA_RESPONSE	176	0.824312	false	1.1962
HALLMARK_INTERFERON_ALPHA_RESPONSE	177	0.822894	false	1.1871
HALLMARK_INTERFERON_ALPHA_RESPONSE	178	0.821475	false	1.1815
HALLMARK_INTERFERON_ALPHA_RESPONSE	179	0.820057	false	1.1728
HALLMARK_INTERFERON_ALPHA_RESPONSE	180	0.826063	true	1.1721
HALLMARK_INTERFERON_ALPHA_RESPONSE	181	0.824645	false	1.1702
HALLMARK_INTERFERON_ALPHA_RESPONSE	182	0.830604	true	1.1629
HALLMARK_INTERFERON_ALPHA_RESPONSE	183	0.829185	false	1.15
HALLMARK_INTERFERON_ALPHA_RESPONSE	184	0.827767	false	1.135
HALLMARK_INTERFERON_ALPHA_RESPONSE	185	0.826348	false	1.1321
HALLMARK_INTERFERON_ALPHA_RESPONSE	186	0.82493	false	1.1148
HALLMARK_INTERFERON_ALPHA_RESPONSE	187	0.823511	false	1.0982
HALLMARK_INTERFERON_ALPHA_RESPONSE	188	0.822093	false	1.0824
HALLMARK_INTERFERON_ALPHA_RESPONSE	189	0.820675	false	1.0709
HALLMARK_INTERFERON_ALPHA_RESPONSE	190	0.819256	false	1.0634
HALLMARK_INTERFERON_ALPHA_RESPONSE	191	0.817838	false	1.0552
HALLMARK_INTERFERON_ALPHA_RESPONSE	192	0.816419	false	1.0523
HALLMARK_INTERFERON_ALPHA_RESPONSE	193	0.815001	false	1.0476
HALLMARK_INTERFERON_ALPHA_RESPONSE	194	0.813582	false	1.0368
HALLMARK_INTERFERON_ALPHA_RESPONSE	195	0.812164	false	1.031
HALLMARK_INTERFERON_ALPHA_RESPONSE	196	0.810746	false	1.0302
HALLMARK_INTERFERON_ALPHA_RESPONSE	197	0.815993	true	1.0239
HALLMARK_INTERFERON_ALPHA_RESPONSE	198	0.814574	false	1.0191
HALLMARK_INTERFERON_ALPHA_RESPONSE	199	0.813156	false	1.0052
HALLMARK_INTERFERON_ALPHA_RESPONSE	200	0.811737	false	0.9944
HALLMARK_INTERFERON_ALPHA_RESPONSE	201	0.810319	false	0.9805
HALLMARK_INTERFERON_ALPHA_RESPONSE	202	0.8089	false	0.9802
HALLMARK_INTERFERON_ALPHA_RESPONSE	203	0.807482	false	0.9774
HALLMARK_INTERFERON_ALPHA_RESPONSE	204	0.806063	false	0.9719
HALLMARK_INTERFERON_ALPHA_RESPONSE	205	0.81104	true	0.9712
HALLMARK_INTERFERON_ALPHA_RESPONSE	206	0.815988	true	0.9655
HALLMARK_INTERFERON_ALPHA_RESPONSE	207	0.81457	false	0.9504
HALLMARK_INTERFERON_ALPHA_RESPONSE	208	0.813151	false	0.9313
HALLMARK_INTERFERON_ALPHA_RESPONSE	209	0.811733	false	0.9184
HALLMARK_INTERFERON_ALPHA_RESPONSE	210	0.810314	false	0.9055
HALLMARK_INTERFERON_ALPHA_RESPONSE	211	0.808896	false	0.9053
HALLMARK_INTERFERON_ALPHA_RESPONSE	212	0.807478	false	0.9002
HALLMARK_INTERFERON_ALPHA_RESPONSE	213	0.806059	false	0.891
HALLMARK_INTERFERON_ALPHA_RESPONSE	214	0.804641	false	0.8882
HALLMARK_INTERFERON_ALPHA_RESPONSE	215	0.803222	false	0.8851
HALLMARK_INTERFERON_ALPHA_RESPONSE	216	0.801804	false	0.8812
HALLMARK_INTERFERON_ALPHA_RESPONSE	217	0.800385	false	0.8761
HALLMARK_INTERFERON_ALPHA_RESPONSE	218	0.798967	false	0.8662
HALLMARK_INTERFERON_ALPHA_RESPONSE	219	0.797548	false	0.8636
HALLMARK_INTERFERON_ALPHA_RESPONSE	220	0.79613	false	0.8476
HALLMARK_INTERFERON_ALPHA_RESPONSE	221	0.794712	false	0.8424
HALLMARK_INTERFERON_ALPHA_RESPONSE	222	0.793293	false	0.8305
HALLMARK_INTERFERON_ALPHA_RESPONSE	223	0.791875	false	0.804
HALLMARK_INTERFERON_ALPHA_RESPONSE	224	0.790456	false	0.7893
HALLMARK_INTERFERON_ALPHA_RESPONSE	225	0.789038	false	0.7814
HALLMARK_INTERFERON_ALPHA_RESPONSE	226	0.787619	false	0.7739
HALLMARK_INTERFERON_ALPHA_RESPONSE	227	0.786201	false	0.7733
HALLMARK_INTERFERON_ALPHA_RESPONSE	228	0.784782	false	0.7619
HALLMARK_INTERFERON_ALPHA_RESPONSE	229	0.788686	true	0.7617
HALLMARK_INTERFERON_ALPHA_RESPONSE	230	0.787267	false	0.7587
HALLMARK_INTERFERON_ALPHA_RESPONSE	231	0.785849	false	0.7541
HALLMARK_INTERFERON_ALPHA_RESPONSE	232	0.78443	false	0.7455
HALLMARK_INTERFERON_ALPHA_RESPONSE	233	0.783012	false	0.7398
HALLMARK_INTERFERON_ALPHA_RESPONSE	234	0.781594	false	0.7346
HALLMARK_INTERFERON_ALPHA_RESPONSE	235	0.780175	false	0.7294
HALLMARK_INTERFERON_ALPHA_RESPONSE	236	0.778757	false	0.7143
HALLMARK_INTERFERON_ALPHA_RESPONSE	237	0.777338	false	0.7009
HALLMARK_INTERFERON_ALPHA_RESPONSE	238	0.77592	false	0.6962
HALLMARK_INTERFERON_ALPHA_RESPONSE	239	0.774501	false	0.6953
HALLMARK_INTERFERON_ALPHA_RESPONSE	240	0.773083	false	0.6882
HALLMARK_INTERFERON_ALPHA_RESPONSE	241	0.771665	false	0.6872
HALLMARK_INTERFERON_ALPHA_RESPONSE	242	0.770246	false	0.6758
HALLMARK_INTERFERON_ALPHA_RESPONSE	243	0.768828	false	0.6723
HALLMARK_INTERFERON_ALPHA_RESPONSE	244	0.767409	false	0.6674
HALLMARK_INTERFERON_ALPHA_RESPONSE	245	0.765991	false	0.6633
HALLMARK_INTERFERON_ALPHA_RESPONSE	246	0.764572	false	0.6488
HALLMARK_INTERFERON_ALPHA_RESPONSE	247	0.763154	false	0.6447
HALLMARK_INTERFERON_ALPHA_RESPONSE	248	0.766397	true	0.6329
HALLMARK_INTERFERON_ALPHA_RESPONSE	249	0.764979	false	0.6324
HALLMARK_INTERFERON_ALPHA_RESPONSE	250	0.76356	false	0.6188
HALLMARK_INTERFERON_ALPHA_RESPONSE	251	0.762142	false	0.6164
HALLMARK_INTERFERON_ALPHA_RESPONSE	252	0.760723	false	0.6053
HALLMARK_INTERFERON_ALPHA_RESPONSE	253	0.759305	false	0.6048
HALLMARK_INTERFERON_ALPHA_RESPONSE	254	0.757886	false	0.5951
HALLMARK_INTERFERON_ALPHA_RESPONSE	255	0.756468	false	0.5932
HALLMARK_INTERFERON_ALPHA_RESPONSE	256	0.75505	false	0.59
HALLMARK_INTERFERON_ALPHA_RESPONSE	257	0.753631	false	0.5718
HALLMARK_INTERFERON_ALPHA_RESPONSE	258	0.752213	false	0.5716
HALLMARK_INTERFERON_ALPHA_RESPONSE	259	0.750794	false	0.546
HALLMARK_INTERFERON_ALPHA_RESPONSE	260	0.749376	false	0.5341
HALLMARK_INTERFERON_ALPHA_RESPONSE	261	0.747957	false	0.5324
HALLMARK_INTERFERON_ALPHA_RESPONSE	262	0.746539	false	0.5309
HALLMARK_INTERFERON_ALPHA_RESPONSE	263	0.749169	true	0.5133
HALLMARK_INTERFERON_ALPHA_RESPONSE	264	0.747751	false	0.508
HALLMARK_INTERFERON_ALPHA_RESPONSE	265	0.746332	false	0.5035
HALLMARK_INTERFERON_ALPHA_RESPONSE	266	0.744914	false	0.5012
HALLMARK_INTERFERON_ALPHA_RESPONSE	267	0.743496	false	0.4932
HALLMARK_INTERFERON_ALPHA_RESPONSE	268	0.742077	false	0.4898
HALLMARK_INTERFERON_ALPHA_RESPONSE	269	0.740659	false	0.4799
HALLMARK_INTERFERON_ALPHA_RESPONSE	270	0.73924	false	0.4732
HALLMARK_INTERFERON_ALPHA_RESPONSE	271	0.737822	false	0.4714
HALLMARK_INTERFERON_ALPHA_RESPONSE	272	0.736403	false	0.4598
HALLMARK_INTERFERON_ALPHA_RESPONSE	273	0.734985	false	0.4575
HALLMARK_INTERFERON_ALPHA_RESPONSE	274	0.733566	false	0.4569
HALLMARK_INTERFERON_ALPHA_RESPONSE	275	0.732148	false	0.4538
HALLMARK_INTERFERON_ALPHA_RESPONSE	276	0.73073	false	0.4527
HALLMARK_INTERFERON_ALPHA_RESPONSE	277	0.729311	false	0.4492
HALLMARK_INTERFERON_ALPHA_RESPONSE	278	0.727893	false	0.4469
HALLMARK_INTERFERON_ALPHA_RESPONSE	279	0.726474	false	0.445
HALLMARK_INTERFERON_ALPHA_RESPONSE	280	0.725056	false	0.4412
HALLMARK_INTERFERON_ALPHA_RESPONSE	281	0.723637	false	0.44
HALLMARK_INTERFERON_ALPHA_RESPONSE	282	0.722219	false	0.43
HALLMARK_INTERFERON_ALPHA_RESPONSE	283	0.7208	false	0.4087
HALLMARK_INTERFERON_ALPHA_RESPONSE	284	0.719382	false	0.4077
HALLMARK_INTERFERON_ALPHA_RESPONSE	285	0.717964	false	0.407
HALLMARK_INTERFERON_ALPHA_RESPONSE	286	0.716545	false	0.4068
HALLMARK_INTERFERON_ALPHA_RESPONSE	287	0.715127	false	0.4003
HALLMARK_INTERFERON_ALPHA_RESPONSE	288	0.713708	false	0.3923
HALLMARK_INTERFERON_ALPHA_RESPONSE	289	0.71229	false	0.3865
HALLMARK_INTERFERON_ALPHA_RESPONSE	290	0.710871	false	0.3864
HALLMARK_INTERFERON_ALPHA_RESPONSE	291	0.709453	false	0.3853
HALLMARK_INTERFERON_ALPHA_RESPONSE	292	0.708035	false	0.3852
HALLMARK_INTERFERON_ALPHA_RESPONSE	293	0.706616	false	0.3627
HALLMARK_INTERFERON_ALPHA_RESPONSE	294	0.705198	false	0.3592
HALLMARK_INTERFERON_ALPHA_RESPONSE	295	0.703779	false	0.3475
HALLMARK_INTERFERON_ALPHA_RESPONSE	296	0.702361	false	0.3332
HALLMARK_INTERFERON_ALPHA_RESPONSE	297	0.700942	false	0.3288
HALLMARK_INTERFERON_ALPHA_RESPONSE	298	0.699524	false	0.3261
HALLMARK_INTERFERON_ALPHA_RESPONSE	299	0.698105	false	0.3173
HALLMARK_INTERFERON_ALPHA_RESPONSE	300	0.696687	false	0.3141
HALLMARK_INTERFERON_ALPHA_RESPONSE	301	0.695269	false	0.3127
HALLMARK_INTERFERON_ALPHA_RESPONSE	302	0.69385	false	0.3079
HALLMARK_INTERFERON_ALPHA_RESPONSE	303	0.695422	true	0.3068
HALLMARK_INTERFERON_ALPHA_RESPONSE	304	0.694004	false	0.3017
HALLMARK_INTERFERON_ALPHA_RESPONSE	305	0.692585	false	0.2986
HALLMARK_INTERFERON_ALPHA_RESPONSE	306	0.691167	false	0.2932
HALLMARK_INTERFERON_ALPHA_RESPONSE	307	0.689749	false	0.2913
HALLMARK_INTERFERON_ALPHA_RESPONSE	308	0.68833	false	0.2831
HALLMARK_INTERFERON_ALPHA_RESPONSE	309	0.686912	false	0.2778
HALLMARK_INTERFERON_ALPHA_RESPONSE	310	0.685493	false	0.2734
HALLMARK_INTERFERON_ALPHA_RESPONSE	311	0.684075	false	0.2732
HALLMARK_INTERFERON_ALPHA_RESPONSE	312	0.685443	true	0.267
HALLMARK_INTERFERON_ALPHA_RESPONSE	313	0.684025	false	0.2649
HALLMARK_INTERFERON_ALPHA_RESPONSE	314	0.682606	false	0.2378
HALLMARK_INTERFERON_ALPHA_RESPONSE	315	0.681188	false	0.2307
HALLMARK_INTERFERON_ALPHA_RESPONSE	316	0.679769	false	0.2286
HALLMARK_INTERFERON_ALPHA_RESPONSE	317	0.678351	false	0.228
HALLMARK_INTERFERON_ALPHA_RESPONSE	318	0.676933	false	0.2235
HALLMARK_INTERFERON_ALPHA_RESPONSE	319	0.675514	false	0.2216
HALLMARK_INTERFERON_ALPHA_RESPONSE	320	0.674096	false	0.2195
HALLMARK_INTERFERON_ALPHA_RESPONSE	321	0.672677	false	0.2192
HALLMARK_INTERFERON_ALPHA_RESPONSE	322	0.671259	false	0.217
HALLMARK_INTERFERON_ALPHA_RESPONSE	323	0.66984	false	0.2139
HALLMARK_INTERFERON_ALPHA_RESPONSE	324	0.670936	true	0.2139
HALLMARK_INTERFERON_ALPHA_RESPONSE	325	0.669518	false	0.2119
HALLMARK_INTERFERON_ALPHA_RESPONSE	326	0.668099	false	0.2101
HALLMARK_INTERFERON_ALPHA_RESPONSE	327	0.666681	false	0.2085
HALLMARK_INTERFERON_ALPHA_RESPONSE	328	0.665263	false	0.2044
HALLMARK_INTERFERON_ALPHA_RESPONSE	329	0.663844	false	0.2039
HALLMARK_INTERFERON_ALPHA_RESPONSE	330	0.662426	false	0.1972
HALLMARK_INTERFERON_ALPHA_RESPONSE	331	0.661007	false	0.1916
HALLMARK_INTERFERON_ALPHA_RESPONSE	332	0.659589	false	0.1913
HALLMARK_INTERFERON_ALPHA_RESPONSE	333	0.65817	false	0.19
HALLMARK_INTERFERON_ALPHA_RESPONSE	334	0.656752	false	0.1825
HALLMARK_INTERFERON_ALPHA_RESPONSE	335	0.655334	false	0.1809
HALLMARK_INTERFERON_ALPHA_RESPONSE	336	0.653915	false	0.1805
HALLMARK_INTERFERON_ALPHA_RESPONSE	337	0.652497	false	0.1724
HALLMARK_INTERFERON_ALPHA_RESPONSE	338	0.651078	false	0.1684
HALLMARK_INTERFERON_ALPHA_RESPONSE	339	0.64966	false	0.1657
HALLMARK_INTERFERON_ALPHA_RESPONSE	340	0.648241	false	0.1642
HALLMARK_INTERFERON_ALPHA_RESPONSE	341	0.646823	false	0.1638
HALLMARK_INTERFERON_ALPHA_RESPONSE	342	0.645404	false	0.1545
HALLMARK_INTERFERON_ALPHA_RESPONSE	343	0.643986	false	0.1353
HALLMARK_INTERFERON_ALPHA_RESPONSE	344	0.642568	false	0.1347
HALLMARK_INTERFERON_ALPHA_RESPONSE	345	0.641149	false	0.1296
HALLMARK_INTERFERON_ALPHA_RESPONSE	346	0.639731	false	0.1239
HALLMARK_INTERFERON_ALPHA_RESPONSE	347	0.638312	false	0.115
HALLMARK_INTERFERON_ALPHA_RESPONSE	348	0.636894	false	0.1108
HALLMARK_INTERFERON_ALPHA_RESPONSE	349	0.635475	false	0.1107
HALLMARK_INTERFERON_ALPHA_RESPONSE	350	0.634057	false	0.1043
HALLMARK_INTERFERON_ALPHA_RESPONSE	351	0.632638	false	0.1027
HALLMARK_INTERFERON_ALPHA_RESPONSE	352	0.63122	false	0.1016
HALLMARK_INTERFERON_ALPHA_RESPONSE	353	0.629802	false	0.0995
HALLMARK_INTERFERON_ALPHA_RESPONSE	354	0.628383	false	0.099
HALLMARK_INTERFERON_ALPHA_RESPONSE	355	0.626965	false	0.0986
HALLMARK_INTERFERON_ALPHA_RESPONSE	356	0.625546	false	0.0954
HALLMARK_INTERFERON_ALPHA_RESPONSE	357	0.624128	false	0.093
HALLMARK_INTERFERON_ALPHA_RESPONSE	358	0.622709	false	0.0883
HALLMARK_INTERFERON_ALPHA_RESPONSE	359	0.621291	false	0.0881
HALLMARK_INTERFERON_ALPHA_RESPONSE	360	0.619873	false	0.0876
HALLMARK_INTERFERON_ALPHA_RESPONSE	361	0.618454	false	0.0827
HALLMARK_INTERFERON_ALPHA_RESPONSE	362	0.617036	false	0.0775
HALLMARK_INTERFERON_ALPHA_RESPONSE	363	0.615617	false	0.0734
HALLMARK_INTERFERON_ALPHA_RESPONSE	364	0.614199	false	0.0733
HALLMARK_INTERFERON_ALPHA_RESPONSE	365	0.61278	false	0.0701
HALLMARK_INTERFERON_ALPHA_RESPONSE	366	0.611362	false	0.0684
HALLMARK_INTERFERON_ALPHA_RESPONSE	367	0.609943	false	0.062
HALLMARK_INTERFERON_ALPHA_RESPONSE	368	0.608525	false	0.0609
HALLMARK_INTERFERON_ALPHA_RESPONSE	369	0.607107	false	0.0569
HALLMARK_INTERFERON_ALPHA_RESPONSE	370	0.605688	false	0.0542
HALLMARK_INTERFERON_ALPHA_RESPONSE	371	0.60427	false	0.0529
HALLMARK_INTERFERON_ALPHA_RESPONSE	372	0.602851	false	0.0524
HALLMARK_INTERFERON_ALPHA_RESPONSE	373	0.601433	false	0.0499
HALLMARK_INTERFERON_ALPHA_RESPONSE	374	0.600014	false	0.0432
HALLMARK_INTERFERON_ALPHA_RESPONSE	375	0.598596	false	0.0411
HALLMARK_INTERFERON_ALPHA_RESPONSE	376	0.597178	false	0.0407
HALLMARK_INTERFERON_ALPHA_RESPONSE	377	0.595759	false	0.0384
HALLMARK_INTERFERON_ALPHA_RESPONSE	378	0.594341	false	0.0343
HALLMARK_INTERFERON_ALPHA_RESPONSE	379	0.592922	false	0.0321
HALLMARK_INTERFERON_ALPHA_RESPONSE	380	0.591504	false	0.0275
HALLMARK_INTERFERON_ALPHA_RESPONSE	381	0.590085	false	0.0233
HALLMARK_INTERFERON_ALPHA_RESPONSE	382	0.588667	false	0.0224
HALLMARK_INTERFERON_ALPHA_RESPONSE	383	0.587248	false	0.0203
HALLMARK_INTERFERON_ALPHA_RESPONSE	384	0.58583	false	0.0187
HALLMARK_INTERFERON_ALPHA_RESPONSE	385	0.584412	false	0.0152
HALLMARK_INTERFERON_ALPHA_RESPONSE	386	0.582993	false	0.0147
HALLMARK_INTERFERON_ALPHA_RESPONSE	387	0.581575	false	0.0126
HALLMARK_INTERFERON_ALPHA_RESPONSE	388	0.580156	false	0.0119
HALLMARK_INTERFERON_ALPHA_RESPONSE	389	0.578738	false	0.011
HALLMARK_INTERFERON_ALPHA_RESPONSE	390	0.577319	false	0.0097
HALLMARK_INTERFERON_ALPHA_RESPONSE	391	0.575901	false	0.0096
HALLMARK_INTERFERON_ALPHA_RESPONSE	392	0.574482	false	0.0079
HALLMARK_INTERFERON_ALPHA_RESPONSE	393	0.573064	false	0.0061
HALLMARK_INTERFERON_ALPHA_RESPONSE	394	0.571646	false	0.0057
HALLMARK_INTERFERON_ALPHA_RESPONSE	395	0.570227	false	0.0035
HALLMARK_INTERFERON_ALPHA_RESPONSE	396	0.568809	false	-0.0032
HALLMARK_INTERFERON_ALPHA_RESPONSE	397	0.56739	false	-0.0049
HALLMARK_INTERFERON_ALPHA_RESPONSE	398	0.565972	false	-0.0059
HALLMARK_INTERFERON_ALPHA_RESPONSE	399	0.564553	false	-0.0077
HALLMARK_INTERFERON_ALPHA_RESPONSE	400	0.563135	false	-0.0102
HALLMARK_INTERFERON_ALPHA_RESPONSE	401	0.561717	false	-0.0107
HALLMARK_INTERFERON_ALPHA_RESPONSE	402	0.560298	false	-0.0119
HALLMARK_INTERFERON_ALPHA_RESPONSE	403	0.55888	false	-0.0123
HALLMARK_INTERFERON_ALPHA_RESPONSE	404	0.557461	false	-0.0188
HALLMARK_INTERFERON_ALPHA_RESPONSE	405	0.556043	false	-0.0188
HALLMARK_INTERFERON_ALPHA_RESPONSE	406	0.554624	false	-0.019
HALLMARK_INTERFERON_ALPHA_RESPONSE	407	0.553206	false	-0.0203
HALLMARK_INTERFERON_ALPHA_RESPONSE	408	0.551787	false	-0.0207
HALLMARK_INTERFERON_ALPHA_RESPONSE	409	0.550369	false	-0.0213
HALLMARK_INTERFERON_ALPHA_RESPONSE	410	0.548951	false	-0.0218
HALLMARK_INTERFERON_ALPHA_RESPONSE	411	0.547532	false	-0.0299
HALLMARK_INTERFERON_ALPHA_RESPONSE	412	0.546114	false	-0.0307
HALLMARK_INTERFERON_ALPHA_RESPONSE	413	0.544695	false	-0.0338
HALLMARK_INTERFERON_ALPHA_RESPONSE	414	0.543277	false	-0.0342
HALLMARK_INTERFERON_ALPHA_RESPONSE	415	0.541858	false	-0.0358
HALLMARK_INTERFERON_ALPHA_RESPONSE	416	0.54044	false	-0.0359
HALLMARK_INTERFERON_ALPHA_RESPONSE	417	0.539021	false	-0.0368
HALLMARK_INTERFERON_ALPHA_RESPONSE	418	0.537603	false	-0.0389
HALLMARK_INTERFERON_ALPHA_RESPONSE	419	0.536185	false	-0.0403
HALLMARK_INTERFERON_ALPHA_RESPONSE	420	0.534766	false	-0.0405
HALLMARK_INTERFERON_ALPHA_RESPONSE	421	0.533348	false	-0.042
HALLMARK_INTERFERON_ALPHA_RESPONSE	422	0.531929	false	-0.0445
HALLMARK_INTERFERON_ALPHA_RESPONSE	423	0.530511	false	-0.0466
HALLMARK_INTERFERON_ALPHA_RESPONSE	424	0.529092	false	-0.0504
HALLMARK_INTERFERON_ALPHA_RESPONSE	425	0.527674	false	-0.0513
HALLMARK_INTERFERON_ALPHA_RESPONSE	426	0.526256	false	-0.0567
HALLMARK_INTERFERON_ALPHA_RESPONSE	427	0.524837	false	-0.0571
HALLMARK_INTERFERON_ALPHA_RESPONSE	428	0.523419	false	-0.0585
HALLMARK_INTERFERON_ALPHA_RESPONSE	429	0.522	false	-0.0593
HALLMARK_INTERFERON_ALPHA_RESPONSE	430	0.520582	false	-0.0637
HALLMARK_INTERFERON_ALPHA_RESPONSE	431	0.519163	false	-0.0653
HALLMARK_INTERFERON_ALPHA_RESPONSE	432	0.517745	false	-0.0687
HALLMARK_INTERFERON_ALPHA_RESPONSE	433	0.516326	false	-0.0723
HALLMARK_INTERFERON_ALPHA_RESPONSE	434	0.514908	false	-0.0751
HALLMARK_INTERFERON_ALPHA_RESPONSE	435	0.51349	false	-0.0755
HALLMARK_INTERFERON_ALPHA_RESPONSE	436	0.512071	false	-0.0781
HALLMARK_INTERFERON_ALPHA_RESPONSE	437	0.510653	false	-0.0855
HALLMARK_INTERFERON_ALPHA_RESPONSE	438	0.509234	false	-0.0865
HALLMARK_INTERFERON_ALPHA_RESPONSE	439	0.507816	false	-0.0888
HALLMARK_INTERFERON_ALPHA_RESPONSE	440	0.506397	false	-0.0889
HALLMARK_INTERFERON_ALPHA_RESPONSE	441	0.504979	false	-0.0898
HALLMARK_INTERFERON_ALPHA_RESPONSE	442	0.50356	false	-0.092
HALLMARK_INTERFERON_ALPHA_RESPONSE	443	0.502142	false	-0.093
HALLMARK_INTERFERON_ALPHA_RESPONSE	444	0.500724	false	-0.0937
HALLMARK_INTERFERON_ALPHA_RESPONSE	445	0.499305	false	-0.0966
HALLMARK_INTERFERON_ALPHA_RESPONSE	446	0.497887	false	-0.0981
HALLMARK_INTERFERON_ALPHA_RESPONSE	447	0.496468	false	-0.1039
HALLMARK_INTERFERON_ALPHA_RESPONSE	448	0.49505	false	-0.1059
HALLMARK_INTERFERON_ALPHA_RESPONSE	449	0.493631	false	-0.1069
HALLMARK_INTERFERON_ALPHA_RESPONSE	450	0.492213	false	-0.1091
HALLMARK_INTERFERON_ALPHA_RESPONSE	451	0.490795	false	-0.1125
HALLMARK_INTERFERON_ALPHA_RESPONSE	452	0.489376	false	-0.1125
HALLMARK_INTERFERON_ALPHA_RESPONSE	453	0.487958	false	-0.1158
HALLMARK_INTERFERON_ALPHA_RESPONSE	454	0.486539	false	-0.1159
HALLMARK_INTERFERON_ALPHA_RESPONSE	455	0.485121	false	-0.1183
HALLMARK_INTERFERON_ALPHA_RESPONSE	456	0.483702	false	-0.1279
HALLMARK_INTERFERON_ALPHA_RESPONSE	457	0.482284	false	-0.1358
HALLMARK_INTERFERON_ALPHA_RESPONSE	458	0.480865	false	-0.1402
HALLMARK_INTERFERON_ALPHA_RESPONSE	459	0.479447	false	-0.1411
HALLMARK_INTERFERON_ALPHA_RESPONSE	460	0.478029	false	-0.1452
HALLMARK_INTERFERON_ALPHA_RESPONSE	461	0.47661	false	-0.154
HALLMARK_INTERFERON_ALPHA_RESPONSE	462	0.475192	false	-0.1616
HALLMARK_INTERFERON_ALPHA_RESPONSE	463	0.473773	false	-0.1661
HALLMARK_INTERFERON_ALPHA_RESPONSE	464	0.472355	false	-0.1745
HALLMARK_INTERFERON_ALPHA_RESPONSE	465	0.470936	false	-0.1845
HALLMARK_INTERFERON_ALPHA_RESPONSE	466	0.469518	false	-0.1872
HALLMARK_INTERFERON_ALPHA_RESPONSE	467	0.468099	false	-0.1887
HALLMARK_INTERFERON_ALPHA_RESPONSE	468	0.466681	false	-0.1888
HALLMARK_INTERFERON_ALPHA_RESPONSE	469	0.465263	false	-0.191
HALLMARK_INTERFERON_ALPHA_RESPONSE	470	0.463844	false	-0.1917
HALLMARK_INTERFERON_ALPHA_RESPONSE	471	0.462426	false	-0.1938
HALLMARK_INTERFERON_ALPHA_RESPONSE	472	0.461007	false	-0.1983
HALLMARK_INTERFERON_ALPHA_RESPONSE	473	0.459589	false	-0.2014
HALLMARK_INTERFERON_ALPHA_RESPONSE	474	0.45817	false	-0.2028
HALLMARK_INTERFERON_ALPHA_RESPONSE	475	0.456752	false	-0.2069
HALLMARK_INTERFERON_ALPHA_RESPONSE	476	0.455334	false	-0.2081
HALLMARK_INTERFERON_ALPHA_RESPONSE	477	0.453915	false	-0.2111
HALLMARK_INTERFERON_ALPHA_RESPONSE	478	0.452497	false	-0.2155
HALLMARK_INTERFERON_ALPHA_RESPONSE	479	0.451078	false	-0.2168
HALLMARK_INTERFERON_ALPHA_RESPONSE	480	0.44966	false	-0.2183
HALLMARK_INTERFERON_ALPHA_RESPONSE	481	0.448241	false	-0.2208
HALLMARK_INTERFERON_ALPHA_RESPONSE	482	0.446823	false	-0.2239
HALLMARK_INTERFERON_ALPHA_RESPONSE	483	0.445404	false	-0.2269
HALLMARK_INTERFERON_ALPHA_RESPONSE	484	0.443986	false	-0.2282
HALLMARK_INTERFERON_ALPHA_RESPONSE	485	0.442568	false	-0.2312
HALLMARK_INTERFERON_ALPHA_RESPONSE	486	0.441149	false	-0.2424
HALLMARK_INTERFERON_ALPHA_RESPONSE	487	0.439731	false	-0.2432
HALLMARK_INTERFERON_ALPHA_RESPONSE	488	0.438312	false	-0.2458
HALLMARK_INTERFERON_ALPHA_RESPONSE	489	0.436894	false	-0.2869
HALLMARK_INTERFERON_ALPHA_RESPONSE	490	0.435475	false	-0.2898
HALLMARK_INTERFERON_ALPHA_RESPONSE	491	0.434057	false	-0.2959
HALLMARK_INTERFERON_ALPHA_RESPONSE	492	0.432638	false	-0.2997
HALLMARK_INTERFERON_ALPHA_RESPONSE	493	0.43122	false	-0.3039
HALLMARK_INTERFERON_ALPHA_RESPONSE	494	0.429802	false	-0.3121
HALLMARK_INTERFERON_ALPHA_RESPONSE	495	0.428383	false	-0.3157
HALLMARK_INTERFERON_ALPHA_RESPONSE	496	0.426965	false	-0.3181
HALLMARK_INTERFERON_ALPHA_RESPONSE	497	0.425546	false	-0.3231
HALLMARK_INTERFERON_ALPHA_RESPONSE	498	0.424128	false	-0.3232
HALLMARK_INTERFERON_ALPHA_RESPONSE	499	0.422709	false	-0.3241
HALLMARK_INTERFERON_ALPHA_RESPONSE	500	0.421291	false	-0.3245
HALLMARK_INTERFERON_ALPHA_RESPONSE	501	0.419873	false	-0.3332
HALLMARK_INTERFERON_ALPHA_RESPONSE	502	0.418454	false	-0.3335
HALLMARK_INTERFERON_ALPHA_RESPONSE	503	0.417036	false	-0.3372
HALLMARK_INTERFERON_ALPHA_RESPONSE	504	0.415617	false	-0.3612
HALLMARK_INTERFERON_ALPHA_RESPONSE	505	0.414199	false	-0.3624
HALLMARK_INTERFERON_ALPHA_RESPONSE	506	0.41278	false	-0.3658
HALLMARK_INTERFERON_ALPHA_RESPONSE	507	0.411362	false	-0.366
HALLMARK_INTERFERON_ALPHA_RESPONSE	508	0.409943	false	-0.372
HALLMARK_INTERFERON_ALPHA_RESPONSE	509	0.408525	false	-0.3874
HALLMARK_INTERFERON_ALPHA_RESPONSE	510	0.407107	false	-0.3896
HALLMARK_INTERFERON_ALPHA_RESPONSE	511	0.405688	false	-0.3964
HALLMARK_INTERFERON_ALPHA_RESPONSE	512	0.40427	false	-0.4086
HALLMARK_INTERFERON_ALPHA_RESPONSE	513	0.402851	false	-0.4086
HALLMARK_INTERFERON_ALPHA_RESPONSE	514	0.401433	false	-0.4121
HALLMARK_INTERFERON_ALPHA_RESPONSE	515	0.400014	false	-0.42
HALLMARK_INTERFERON_ALPHA_RESPONSE	516	0.398596	false	-0.4258
HALLMARK_INTERFERON_ALPHA_RESPONSE	517	0.397178	false	-0.4308
HALLMARK_INTERFERON_ALPHA_RESPONSE	518	0.395759	false	-0.4311
HALLMARK_INTERFERON_ALPHA_RESPONSE	519	0.394341	false	-0.4319
HALLMARK_INTERFERON_ALPHA_RESPONSE	520	0.392922	false	-0.4365
HALLMARK_INTERFERON_ALPHA_RESPONSE	521	0.391504	false	-0.4405
HALLMARK_INTERFERON_ALPHA_RESPONSE	522	0.390085	false	-0.4619
HALLMARK_INTERFERON_ALPHA_RESPONSE	523	0.388667	false	-0.4659
HALLMARK_INTERFERON_ALPHA_RESPONSE	524	0.387248	false	-0.4742
HALLMARK_INTERFERON_ALPHA_RESPONSE	525	0.38583	false	-0.4763
HALLMARK_INTERFERON_ALPHA_RESPONSE	526	0.384412	false	-0.482
HALLMARK_INTERFERON_ALPHA_RESPONSE	527	0.382993	false	-0.4886
HALLMARK_INTERFERON_ALPHA_RESPONSE	528	0.381575	false	-0.4913
HALLMARK_INTERFERON_ALPHA_RESPONSE	529	0.380156	false	-0.4977
HALLMARK_INTERFERON_ALPHA_RESPONSE	530	0.378738	false	-0.5067
HALLMARK_INTERFERON_ALPHA_RESPONSE	531	0.377319	false	-0.5148
HALLMARK_INTERFERON_ALPHA_RESPONSE	532	0.375901	false	-0.5158
HALLMARK_INTERFERON_ALPHA_RESPONSE	533	0.374482	false	-0.5249
HALLMARK_INTERFERON_ALPHA_RESPONSE	534	0.373064	false	-0.5454
HALLMARK_INTERFERON_ALPHA_RESPONSE	535	0.371646	false	-0.5488
HALLMARK_INTERFERON_ALPHA_RESPONSE	536	0.370227	false	-0.55
HALLMARK_INTERFERON_ALPHA_RESPONSE	537	0.37305	true	-0.5508
HALLMARK_INTERFERON_ALPHA_RESPONSE	538	0.371631	false	-0.5569
HALLMARK_INTERFERON_ALPHA_RESPONSE	539	0.370213	false	-0.5638
HALLMARK_INTERFERON_ALPHA_RESPONSE	540	0.368794	false	-0.5639
HALLMARK_INTERFERON_ALPHA_RESPONSE	541	0.367376	false	-0.5658
HALLMARK_INTERFERON_ALPHA_RESPONSE	542	0.365957	false	-0.5697
HALLMARK_INTERFERON_ALPHA_RESPONSE	543	0.364539	false	-0.5713
HALLMARK_INTERFERON_ALPHA_RESPONSE	544	0.363121	false	-0.576
HALLMARK_INTERFERON_ALPHA_RESPONSE	545	0.361702	false	-0.5781
HALLMARK_INTERFERON_ALPHA_RESPONSE	546	0.360284	false	-0.579
HALLMARK_INTERFERON_ALPHA_RESPONSE	547	0.358865	false	-0.5951
HALLMARK_INTERFERON_ALPHA_RESPONSE	548	0.357447	false	-0.604
HALLMARK_INTERFERON_ALPHA_RESPONSE	549	0.356028	false	-0.6132
HALLMARK_INTERFERON_ALPHA_RESPONSE	550	0.35461	false	-0.6285
HALLMARK_INTERFERON_ALPHA_RESPONSE	551	0.353191	false	-0.634
HALLMARK_INTERFERON_ALPHA_RESPONSE	552	0.351773	false	-0.6384
HALLMARK_INTERFERON_ALPHA_RESPONSE	553	0.350355	false	-0.6465
HALLMARK_INTERFERON_ALPHA_RESPONSE	554	0.348936	false	-0.6491
HALLMARK_INTERFERON_ALPHA_RESPONSE	555	0.347518	false	-0.6512
HALLMARK_INTERFERON_ALPHA_RESPONSE	556	0.346099	false	-0.6608
HALLMARK_INTERFERON_ALPHA_RESPONSE	557	0.344681	false	-0.6667
HALLMARK_INTERFERON_ALPHA_RESPONSE	558	0.343262	false	-0.6746
HALLMARK_INTERFERON_ALPHA_RESPONSE	559	0.341844	false	-0.6804
HALLMARK_INTERFERON_ALPHA_RESPONSE	560	0.340426	false	-0.6812
HALLMARK_INTERFERON_ALPHA_RESPONSE	561	0.339007	false	-0.6878
HALLMARK_INTERFERON_ALPHA_RESPONSE	562	0.337589	false	-0.6922
HALLMARK_INTERFERON_ALPHA_RESPONSE	563	0.33617	false	-0.6976
HALLMARK_INTERFERON_ALPHA_RESPONSE	564	0.334752	false	-0.7021
HALLMARK_INTERFERON_ALPHA_RESPONSE	565	0.333333	false	-0.7099
HALLMARK_INTERFERON_ALPHA_RESPONSE	566	0.331915	false	-0.7111
HALLMARK_INTERFERON_ALPHA_RESPONSE	567	0.330496	false	-0.7126
HALLMARK_INTERFERON_ALPHA_RESPONSE	568	0.329078	false	-0.7327
HALLMARK_INTERFERON_ALPHA_RESPONSE	569	0.32766	false	-0.7483
HALLMARK_INTERFERON_ALPHA_RESPONSE	570	0.326241	false	-0.7574
HALLMARK_INTERFERON_ALPHA_RESPONSE	571	0.324823	false	-0.77
HALLMARK_INTERFERON_ALPHA_RESPONSE	572	0.323404	false	-0.779
HALLMARK_INTERFERON_ALPHA_RESPONSE	573	0.321986	false	-0.7833
HALLMARK_INTERFERON_ALPHA_RESPONSE	574	0.320567	false	-0.7857
HALLMARK_INTERFERON_ALPHA_RESPONSE	575	0.319149	false	-0.7888
HALLMARK_INTERFERON_ALPHA_RESPONSE	576	0.31773	false	-0.7957
HALLMARK_INTERFERON_ALPHA_RESPONSE	577	0.316312	false	-0.8031
HALLMARK_INTERFERON_ALPHA_RESPONSE	578	0.314894	false	-0.8109
HALLMARK_INTERFERON_ALPHA_RESPONSE	579	0.313475	false	-0.817
HALLMARK_INTERFERON_ALPHA_RESPONSE	580	0.312057	false	-0.8286
HALLMARK_INTERFERON_ALPHA_RESPONSE	581	0.310638	false	-0.838
HALLMARK_INTERFERON_ALPHA_RESPONSE	582	0.30922	false	-0.8403
HALLMARK_INTERFERON_ALPHA_RESPONSE	583	0.307801	false	-0.8489
HALLMARK_INTERFERON_ALPHA_RESPONSE	584	0.306383	false	-0.8523
HALLMARK_INTERFERON_ALPHA_RESPONSE	585	0.304965	false	-0.8562
HALLMARK_INTERFERON_ALPHA_RESPONSE	586	0.303546	false	-0.8608
HALLMARK_INTERFERON_ALPHA_RESPONSE	587	0.302128	false	-0.8741
HALLMARK_INTERFERON_ALPHA_RESPONSE	588	0.300709	false	-0.8822
HALLMARK_INTERFERON_ALPHA_RESPONSE	589	0.299291	false	-0.9019
HALLMARK_INTERFERON_ALPHA_RESPONSE	590	0.297872	false	-0.9024
HALLMARK_INTERFERON_ALPHA_RESPONSE	591	0.296454	false	-0.9093
HALLMARK_INTERFERON_ALPHA_RESPONSE	592	0.295035	false	-0.9101
HALLMARK_INTERFERON_ALPHA_RESPONSE	593	0.293617	false	-0.9214
HALLMARK_INTERFERON_ALPHA_RESPONSE	594	0.292199	false	-0.9216
HALLMARK_INTERFERON_ALPHA_RESPONSE	595	0.29078	false	-0.9471
HALLMARK_INTERFERON_ALPHA_RESPONSE	596	0.289362	false	-0.9608
HALLMARK_INTERFERON_ALPHA_RESPONSE	597	0.287943	false	-0.9689
HALLMARK_INTERFERON_ALPHA_RESPONSE	598	0.286525	false	-0.9737
HALLMARK_INTERFERON_ALPHA_RESPONSE	599	0.285106	false	-0.9774
HALLMARK_INTERFERON_ALPHA_RESPONSE	600	0.283688	false	-0.9817
HALLMARK_INTERFERON_ALPHA_RESPONSE	601	0.28227	false	-0.9818
HALLMARK_INTERFERON_ALPHA_RESPONSE	602	0.280851	false	-1.0016
HALLMARK_INTERFERON_ALPHA_RESPONSE	603	0.279433	false	-1.0023
HALLMARK_INTERFERON_ALPHA_RESPONSE	604	0.278014	false	-1.0203
HALLMARK_INTERFERON_ALPHA_RESPONSE	605	0.276596	false	-1.0283
HALLMARK_INTERFERON_ALPHA_RESPONSE	606	0.275177	false	-1.036
HALLMARK_INTERFERON_ALPHA_RESPONSE	607	0.273759	false	-1.0553
HALLMARK_INTERFERON_ALPHA_RESPONSE	608	0.27234	false	-1.0569
HALLMARK_INTERFERON_ALPHA_RESPONSE	609	0.270922	false	-1.0739
HALLMARK_INTERFERON_ALPHA_RESPONSE	610	0.269504	false	-1.0792
HALLMARK_INTERFERON_ALPHA_RESPONSE	611	0.268085	false	-1.082
HALLMARK_INTERFERON_ALPHA_RESPONSE	612	0.266667	false	-1.082
HALLMARK_INTERFERON_ALPHA_RESPONSE	613	0.265248	false	-1.0874
HALLMARK_INTERFERON_ALPHA_RESPONSE	614	0.26383	false	-1.0979
HALLMARK_INTERFERON_ALPHA_RESPONSE	615	0.262411	false	-1.102
HALLMARK_INTERFERON_ALPHA_RESPONSE	616	0.260993	false	-1.12
HALLMARK_INTERFERON_ALPHA_RESPONSE	617	0.259574	false	-1.1236
HALLMARK_INTERFERON_ALPHA_RESPONSE	618	0.258156	false	-1.1262
HALLMARK_INTERFERON_ALPHA_RESPONSE	619	0.256738	false	-1.1444
HALLMARK_INTERFERON_ALPHA_RESPONSE	620	0.255319	false	-1.1687
HALLMARK_INTERFERON_ALPHA_RESPONSE	621	0.253901	false	-1.1705
HALLMARK_INTERFERON_ALPHA_RESPONSE	622	0.252482	false	-1.176
HALLMARK_INTERFERON_ALPHA_RESPONSE	623	0.251064	false	-1.178
HALLMARK_INTERFERON_ALPHA_RESPONSE	624	0.249645	false	-1.2115
HALLMARK_INTERFERON_ALPHA_RESPONSE	625	0.248227	false	-1.2167
HALLMARK_INTERFERON_ALPHA_RESPONSE	626	0.246809	false	-1.2194
HALLMARK_INTERFERON_ALPHA_RESPONSE	627	0.24539	false	-1.2195
HALLMARK_INTERFERON_ALPHA_RESPONSE	628	0.243972	false	-1.2224
HALLMARK_INTERFERON_ALPHA_RESPONSE	629	0.242553	false	-1.224
HALLMARK_INTERFERON_ALPHA_RESPONSE	630	0.241135	false	-1.2323
HALLMARK_INTERFERON_ALPHA_RESPONSE	631	0.239716	false	-1.2339
HALLMARK_INTERFERON_ALPHA_RESPONSE	632	0.238298	false	-1.2498
HALLMARK_INTERFERON_ALPHA_RESPONSE	633	0.236879	false	-1.268
HALLMARK_INTERFERON_ALPHA_RESPONSE	634	0.235461	false	-1.2702
HALLMARK_INTERFERON_ALPHA_RESPONSE	635	0.234043	false	-1.2865
HALLMARK_INTERFERON_ALPHA_RESPONSE	636	0.232624	false	-1.308
HALLMARK_INTERFERON_ALPHA_RESPONSE	637	0.231206	false	-1.3125
HALLMARK_INTERFERON_ALPHA_RESPONSE	638	0.229787	false	-1.317
HALLMARK_INTERFERON_ALPHA_RESPONSE	639	0.228369	false	-1.3251
HALLMARK_INTERFERON_ALPHA_RESPONSE	640	0.22695	false	-1.3289
HALLMARK_INTERFERON_ALPHA_RESPONSE	641	0.225532	false	-1.3304
HALLMARK_INTERFERON_ALPHA_RESPONSE	642	0.224113	false	-1.3499
HALLMARK_INTERFERON_ALPHA_RESPONSE	643	0.222695	false	-1.3519
HALLMARK_INTERFERON_ALPHA_RESPONSE	644	0.221277	false	-1.3733
HALLMARK_INTERFERON_ALPHA_RESPONSE	645	0.219858	false	-1.3791
HALLMARK_INTERFERON_ALPHA_RESPONSE	646	0.21844	false	-1.3828
HALLMARK_INTERFERON_ALPHA_RESPONSE	647	0.217021	false	-1.3881
HALLMARK_INTERFERON_ALPHA_RESPONSE	648	0.215603	false	-1.3904
HALLMARK_INTERFERON_ALPHA_RESPONSE	649	0.214184	false	-1.3962
HALLMARK_INTERFERON_ALPHA_RESPONSE	650	0.212766	false	-1.406
HALLMARK_INTERFERON_ALPHA_RESPONSE	651	0.211348	false	-1.4108
HALLMARK_INTERFERON_ALPHA_RESPONSE	652	0.209929	false	-1.4426
HALLMARK_INTERFERON_ALPHA_RESPONSE	653	0.208511	false	-1.4641
HALLMARK_INTERFERON_ALPHA_RESPONSE	654	0.207092	false	-1.4665
HALLMARK_INTERFERON_ALPHA_RESPONSE	655	0.205674	false	-1.4673
HALLMARK_INTERFERON_ALPHA_RESPONSE	656	0.204255	false	-1.4839
HALLMARK_INTERFERON_ALPHA_RESPONSE	657	0.202837	false	-1.4846
HALLMARK_INTERFERON_ALPHA_RESPONSE	658	0.201418	false	-1.5006
HALLMARK_INTERFERON_ALPHA_RESPONSE	659	0.2	false	-1.5069
HALLMARK_INTERFERON_ALPHA_RESPONSE	660	0.198582	false	-1.5136
HALLMARK_INTERFERON_ALPHA_RESPONSE	661	0.197163	false	-1.5229
HALLMARK_INTERFERON_ALPHA_RESPONSE	662	0.195745	false	-1.5247
HALLMARK_INTERFERON_ALPHA_RESPONSE	663	0.194326	false	-1.5438
HALLMARK_INTERFERON_ALPHA_RESPONSE	664	0.192908	false	-1.5594
HALLMARK_INTERFERON_ALPHA_RESPONSE	665	0.191489	false	-1.5606
HALLMARK_INTERFERON_ALPHA_RESPONSE	666	0.190071	false	-1.5767
HALLMARK_INTERFERON_ALPHA_RESPONSE	667	0.188652	false	-1.6026
HALLMARK_INTERFERON_ALPHA_RESPONSE	668	0.187234	false	-1.6035
HALLMARK_INTERFERON_ALPHA_RESPONSE	669	0.185816	false	-1.6053
HALLMARK_INTERFERON_ALPHA_RESPONSE	670	0.184397	false	-1.6161
HALLMARK_INTERFERON_ALPHA_RESPONSE	671	0.182979	false	-1.6239
HALLMARK_INTERFERON_ALPHA_RESPONSE	672	0.18156	false	-1.6421
HALLMARK_INTERFERON_ALPHA_RESPONSE	673	0.180142	false	-1.649
HALLMARK_INTERFERON_ALPHA_RESPONSE	674	0.178723	false	-1.6519
HALLMARK_INTERFERON_ALPHA_RESPONSE	675	0.177305	false	-1.6587
HALLMARK_INTERFERON_ALPHA_RESPONSE	676	0.175887	false	-1.6628
HALLMARK_INTERFERON_ALPHA_RESPONSE	677	0.174468	false	-1.6728
HALLMARK_INTERFERON_ALPHA_RESPONSE	678	0.17305	false	-1.6932
HALLMARK_INTERFERON_ALPHA_RESPONSE	679	0.171631	false	-1.698
HALLMARK_INTERFERON_ALPHA_RESPONSE	680	0.170213	false	-1.7064
HALLMARK_INTERFERON_ALPHA_RESPONSE	681	0.168794	false	-1.7117
HALLMARK_INTERFERON_ALPHA_RESPONSE	682	0.167376	false	-1.7133
HALLMARK_INTERFERON_ALPHA_RESPONSE	683	0.165957	false	-1.7147
HALLMARK_INTERFERON_ALPHA_RESPONSE	684	0.164539	false	-1.7156
HALLMARK_INTERFERON_ALPHA_RESPONSE	685	0.163121	false	-1.7212
HALLMARK_INTERFERON_ALPHA_RESPONSE	686	0.161702	false	-1.744
HALLMARK_INTERFERON_ALPHA_RESPONSE	687	0.160284	false	-1.7485
HALLMARK_INTERFERON_ALPHA_RESPONSE	688	0.158865	false	-1.7585
HALLMARK_INTERFERON_ALPHA_RESPONSE	689	0.157447	false	-1.7637
HALLMARK_INTERFERON_ALPHA_RESPONSE	690	0.156028	false	-1.7669
HALLMARK_INTERFERON_ALPHA_RESPONSE	691	0.15461	false	-1.7763
HALLMARK_INTERFERON_ALPHA_RESPONSE	692	0.153191	false	-1.8008
HALLMARK_INTERFERON_ALPHA_RESPONSE	693	0.151773	false	-1.8149
HALLMARK_INTERFERON_ALPHA_RESPONSE	694	0.150355	false	-1.8315
HALLMARK_INTERFERON_ALPHA_RESPONSE	695	0.148936	false	-1.8374
HALLMARK_INTERFERON_ALPHA_RESPONSE	696	0.147518	false	-1.8398
HALLMARK_INTERFERON_ALPHA_RESPONSE	697	0.146099	false	-1.8492
HALLMARK_INTERFERON_ALPHA_RESPONSE	698	0.144681	false	-1.8706
HALLMARK_INTERFERON_ALPHA_RESPONSE	699	0.143262	false	-1.8805
HALLMARK_INTERFERON_ALPHA_RESPONSE	700	0.141844	false	-1.8888
HALLMARK_INTERFERON_ALPHA_RESPONSE	701	0.140426	false	-1.9043
HALLMARK_INTERFERON_ALPHA_RESPONSE	702	0.139007	false	-1.9127
HALLMARK_INTERFERON_ALPHA_RESPONSE	703	0.137589	false	-1.9144
HALLMARK_INTERFERON_ALPHA_RESPONSE	704	0.13617	false	-1.9235
HALLMARK_INTERFERON_ALPHA_RESPONSE	705	0.134752	false	-1.9346
HALLMARK_INTERFERON_ALPHA_RESPONSE	706	0.133333	false	-1.959
HALLMARK_INTERFERON_ALPHA_RESPONSE	707	0.131915	false	-1.9649
HALLMARK_INTERFERON_ALPHA_RESPONSE	708	0.130496	false	-1.9725
HALLMARK_INTERFERON_ALPHA_RESPONSE	709	0.129078	false	-1.9815
HALLMARK_INTERFERON_ALPHA_RESPONSE	710	0.12766	false	-1.9909
HALLMARK_INTERFERON_ALPHA_RESPONSE	711	0.126241	false	-1.9961
HALLMARK_INTERFERON_ALPHA_RESPONSE	712	0.124823	false	-1.9977
HALLMARK_INTERFERON_ALPHA_RESPONSE	713	0.123404	false	-2.0156
HALLMARK_INTERFERON_ALPHA_RESPONSE	714	0.121986	false	-2.0215
HALLMARK_INTERFERON_ALPHA_RESPONSE	715	0.120567	false	-2.0552
HALLMARK_INTERFERON_ALPHA_RESPONSE	716	0.119149	false	-2.0694
HALLMARK_INTERFERON_ALPHA_RESPONSE	717	0.11773	false	-2.0711
HALLMARK_INTERFERON_ALPHA_RESPONSE	718	0.116312	false	-2.0825
HALLMARK_INTERFERON_ALPHA_RESPONSE	719	0.114894	false	-2.0857
HALLMARK_INTERFERON_ALPHA_RESPONSE	720	0.113475	false	-2.0887
HALLMARK_INTERFERON_ALPHA_RESPONSE	721	0.112057	false	-2.1022
HALLMARK_INTERFERON_ALPHA_RESPONSE	722	0.110638	false	-2.1033
HALLMARK_INTERFERON_ALPHA_RESPONSE	723	0.10922	false	-2.1224
HALLMARK_INTERFERON_ALPHA_RESPONSE	724	0.107801	false	-2.124
HALLMARK_INTERFERON_ALPHA_RESPONSE	725	0.106383	false	-2.1338
HALLMARK_INTERFERON_ALPHA_RESPONSE	726	0.104965	false	-2.1409
HALLMARK_INTERFERON_ALPHA_RESPONSE	727	0.103546	false	-2.1533
HALLMARK_INTERFERON_ALPHA_RESPONSE	728	0.102128	false	-2.1556
HALLMARK_INTERFERON_ALPHA_RESPONSE	729	0.100709	false	-2.1904
HALLMARK_INTERFERON_ALPHA_RESPONSE	730	0.099291	false	-2.2084
HALLMARK_INTERFERON_ALPHA_RESPONSE	731	0.097872	false	-2.2221
HALLMARK_INTERFERON_ALPHA_RESPONSE	732	0.096454	false	-2.2404
HALLMARK_INTERFERON_ALPHA_RESPONSE	733	0.095035	false	-2.2762
HALLMARK_INTERFERON_ALPHA_RESPONSE	734	0.093617	false	-2.277
HALLMARK_INTERFERON_ALPHA_RESPONSE	735	0.092199	false	-2.2859
HALLMARK_INTERFERON_ALPHA_RESPONSE	736	0.09078	false	-2.2867
HALLMARK_INTERFERON_ALPHA_RESPONSE	737	0.089362	false	-2.3006
HALLMARK_INTERFERON_ALPHA_RESPONSE	738	0.087943	false	-2.3008
HALLMARK_INTERFERON_ALPHA_RESPONSE	739	0.086525	false	-2.3092
HALLMARK_INTERFERON_ALPHA_RESPONSE	740	0.085106	false	-2.3113
HALLMARK_INTERFERON_ALPHA_RESPONSE	741	0.083688	false	-2.3209
HALLMARK_INTERFERON_ALPHA_RESPONSE	742	0.08227	false	-2.3246
HALLMARK_INTERFERON_ALPHA_RESPONSE	743	0.080851	false	-2.3249
HALLMARK_INTERFERON_ALPHA_RESPONSE	744	0.079433	false	-2.3372
HALLMARK_INTERFERON_ALPHA_RESPONSE	745	0.078014	false	-2.3376
HALLMARK_INTERFERON_ALPHA_RESPONSE	746	0.076596	false	-2.3729
HALLMARK_INTERFERON_ALPHA_RESPONSE	747	0.075177	false	-2.3745
HALLMARK_INTERFERON_ALPHA_RESPONSE	748	0.073759	false	-2.3938
HALLMARK_INTERFERON_ALPHA_RESPONSE	749	0.07234	false	-2.3982
HALLMARK_INTERFERON_ALPHA_RESPONSE	750	0.070922	false	-2.3993
HALLMARK_INTERFERON_ALPHA_RESPONSE	751	0.069504	false	-2.427
HALLMARK_INTERFERON_ALPHA_RESPONSE	752	0.068085	false	-2.4485
HALLMARK_INTERFERON_ALPHA_RESPONSE	753	0.066667	false	-2.456
HALLMARK_INTERFERON_ALPHA_RESPONSE	754	0.065248	false	-2.4671
HALLMARK_INTERFERON_ALPHA_RESPONSE	755	0.06383	false	-2.4884
HALLMARK_INTERFERON_ALPHA_RESPONSE	756	0.062411	false	-2.4962
HALLMARK_INTERFERON_ALPHA_RESPONSE	757	0.060993	false	-2.5051
HALLMARK_INTERFERON_ALPHA_RESPONSE	758	0.059574	false	-2.5234
HALLMARK_INTERFERON_ALPHA_RESPONSE	759	0.058156	false	-2.5266
HALLMARK_INTERFERON_ALPHA_RESPONSE	760	0.056738	false	-2.5353
HALLMARK_INTERFERON_ALPHA_RESPONSE	761	0.055319	false	-2.5386
HALLMARK_INTERFERON_ALPHA_RESPONSE	762	0.053901	false	-2.5623
HALLMARK_INTERFERON_ALPHA_RESPONSE	763	0.052482	false	-2.5644
HALLMARK_INTERFERON_ALPHA_RESPONSE	764	0.051064	false	-2.583
HALLMARK_INTERFERON_ALPHA_RESPONSE	765	0.049645	false	-2.5972
HALLMARK_INTERFERON_ALPHA_RESPONSE	766	0.048227	false	-2.6085
HALLMARK_INTERFERON_ALPHA_RESPONSE	767	0.046809	false	-2.6106
HALLMARK_INTERFERON_ALPHA_RESPONSE	768	0.04539	false	-2.6181
HALLMARK_INTERFERON_ALPHA_RESPONSE	769	0.043972	false	-2.6276
HALLMARK_INTERFERON_ALPHA_RESPONSE	770	0.042553	false	-2.6342
HALLMARK_INTERFERON_ALPHA_RESPONSE	771	0.041135	false	-2.6383
HALLMARK_INTERFERON_ALPHA_RESPONSE	772	0.039716	false	-2.6452
HALLMARK_INTERFERON_ALPHA_RESPONSE	773	0.038298	false	-2.6485
HALLMARK_INTERFERON_ALPHA_RESPONSE	774	0.036879	false	-2.6833
HALLMARK_INTERFERON_ALPHA_RESPONSE	775	0.035461	false	-2.6851
HALLMARK_INTERFERON_ALPHA_RESPONSE	776	0.034043	false	-2.7151
HALLMARK_INTERFERON_ALPHA_RESPONSE	777	0.032624	false	-2.7158
HALLMARK_INTERFERON_ALPHA_RESPONSE	778	0.031206	false	-2.7365
HALLMARK_INTERFERON_ALPHA_RESPONSE	779	0.029787	false	-2.751
HALLMARK_INTERFERON_ALPHA_RESPONSE	780	0.028369	false	-2.7772
HALLMARK_INTERFERON_ALPHA_RESPONSE	781	0.02695	false	-2.8051
HALLMARK_INTERFERON_ALPHA_RESPONSE	782	0.025532	false	-2.8281
HALLMARK_INTERFERON_ALPHA_RESPONSE	783	0.024113	false	-2.8281
HALLMARK_INTERFERON_ALPHA_RESPONSE	784	0.022695	false	-2.8304
HALLMARK_INTERFERON_ALPHA_RESPONSE	785	0.021277	false	-2.8423
HALLMARK_INTERFERON_ALPHA_RESPONSE	786	0.019858	false	-2.8458
HALLMARK_INTERFERON_ALPHA_RESPONSE	787	0.01844	false	-2.8515
HALLMARK_INTERFERON_ALPHA_RESPONSE	788	0.017021	false	-2.8642
HALLMARK_INTERFERON_ALPHA_RESPONSE	789	0.015603	false	-2.8772
HALLMARK_INTERFERON_ALPHA_RESPONSE	790	0.014184	false	-2.8842
HALLMARK_INTERFERON_ALPHA_RESPONSE	791	0.012766	false	-2.9113
HALLMARK_INTERFERON_ALPHA_RESPONSE	792	0.011348	false	-2.9174
HALLMARK_INTERFERON_ALPHA_RESPONSE	793	0.009929	false	-2.9291
HALLMARK_INTERFERON_ALPHA_RESPONSE	794	0.008511	false	-2.94
HALLMARK_INTERFERON_ALPHA_RESPONSE	795	0.007092	false	-2.949
HALLMARK_INTERFERON_ALPHA_RESPONSE	796	0.005674	false	-2.9577
HALLMARK_INTERFERON_ALPHA_RESPONSE	797	0.004255	false	-2.9677
HALLMARK_INTERFERON_ALPHA_RESPONSE	798	0.002837	false	-2.9696
HALLMARK_INTERFERON_ALPHA_RESPONSE	799	0.001418	false	-2.9879
HALLMARK_INTERFERON_ALPHA_RESPONSE	800	0.0	false	-3.0179
HALLMARK_E2F_TARGETS	1	-0.001493	false	3.0009
HALLMARK_E2F_TARGETS	2	0.0149	true	2.9902
HALLMARK_E2F_TARGETS	3	0.013407	false	2.9875
HALLMARK_E2F_TARGETS	4	0.029702	true	2.9726
HALLMARK_E2F_TARGETS	5	0.045829	true	2.9417
HALLMARK_E2F_TARGETS	6	0.061949	true	2.9406
HALLMARK_E2F_TARGETS	7	0.060456	false	2.9399
HALLMARK_E2F_TARGETS	8	0.058964	false	2.9307
HALLMARK_E2F_TARGETS	9	0.074877	true	2.9029
HALLMARK_E2F_TARGETS	10	0.073385	false	2.8991
HALLMARK_E2F_TARGETS	11	0.089167	true	2.8789
HALLMARK_E2F_TARGETS	12	0.10487	true	2.8646
HALLMARK_E2F_TARGETS	13	0.120553	true	2.8608
HALLMARK_E2F_TARGETS	14	0.11906	false	2.8219
HALLMARK_E2F_TARGETS	15	0.134528	true	2.8215
HALLMARK_E2F_TARGETS	16	0.133035	false	2.8144
HALLMARK_E2F_TARGETS	17	0.148395	true	2.8019
HALLMARK_E2F_TARGETS	18	0.163737	true	2.7986
HALLMARK_E2F_TARGETS	19	0.162244	false	2.79
HALLMARK_E2F_TARGETS	20	0.177528	true	2.788
HALLMARK_E2F_TARGETS	21	0.192712	true	2.7698
HALLMARK_E2F_TARGETS	22	0.207789	true	2.7503
HALLMARK_E2F_TARGETS	23	0.206297	false	2.7499
HALLMARK_E2F_TARGETS	24	0.221293	true	2.7357
HALLMARK_E2F_TARGETS	25	0.219801	false	2.733
HALLMARK_E2F_TARGETS	26	0.218308	false	2.7329
HALLMARK_E2F_TARGETS	27	0.233108	true	2.6998
HALLMARK_E2F_TARGETS	28	0.231616	false	2.6978
HALLMARK_E2F_TARGETS	29	0.230123	false	2.6763
HALLMARK_E2F_TARGETS	30	0.24476	true	2.6701
HALLMARK_E2F_TARGETS	31	0.243268	false	2.6542
HALLMARK_E2F_TARGETS	32	0.241775	false	2.6529
HALLMARK_E2F_TARGETS	33	0.256306	true	2.6506
HALLMARK_E2F_TARGETS	34	0.254813	false	2.6248
HALLMARK_E2F_TARGETS	35	0.269059	true	2.5986
HALLMARK_E2F_TARGETS	36	0.267566	false	2.577
HALLMARK_E2F_TARGETS	37	0.28168	true	2.5746
HALLMARK_E2F_TARGETS	38	0.280187	false	2.5726
HALLMARK_E2F_TARGETS	39	0.278695	false	2.5448
HALLMARK_E2F_TARGETS	40	0.277202	false	2.5402
HALLMARK_E2F_TARGETS	41	0.291122	true	2.5391
HALLMARK_E2F_TARGETS	42	0.289629	false	2.5221
HALLMARK_E2F_TARGETS	43	0.30339	true	2.5102
HALLMARK_E2F_TARGETS	44	0.301897	false	2.5038
HALLMARK_E2F_TARGETS	45	0.300405	false	2.4973
HALLMARK_E2F_TARGETS	46	0.298912	false	2.4926
HALLMARK_E2F_TARGETS	47	0.312387	true	2.458
HALLMARK_E2F_TARGETS	48	0.310895	false	2.4563
HALLMARK_E2F_TARGETS	49	0.324348	true	2.4542
HALLMARK_E2F_TARGETS	50	0.322856	false	2.4409
HALLMARK_E2F_TARGETS	51	0.321363	false	2.4116
HALLMARK_E2F_TARGETS	52	0.319871	false	2.4043
HALLMARK_E2F_TARGETS	53	0.318378	false	2.3968
HALLMARK_E2F_TARGETS	54	0.331468	true	2.3878
HALLMARK_E2F_TARGETS	55	0.329975	false	2.3827
HALLMARK_E2F_TARGETS	56	0.328483	false	2.3796
HALLMARK_E2F_TARGETS	57	0.341446	true	2.3647
HALLMARK_E2F_TARGETS	58	0.35437	true	2.3576
HALLMARK_E2F_TARGETS	59	0.367149	true	2.3312
HALLMARK_E2F_TARGETS	60	0.365657	false	2.3196
HALLMARK_E2F_TARGETS	61	0.378363	true	2.3179
HALLMARK_E2F_TARGETS	62	0.376871	false	2.3045
HALLMARK_E2F_TARGETS	63	0.375378	false	2.2908
HALLMARK_E2F_TARGETS	64	0.373886	false	2.2778
HALLMARK_E2F_TARGETS	65	0.386354	true	2.2745
HALLMARK_E2F_TARGETS	66	0.384862	false	2.2685
HALLMARK_E2F_TARGETS	67	0.383369	false	2.2596
HALLMARK_E2F_TARGETS	68	0.381877	false	2.255
HALLMARK_E2F_TARGETS	69	0.380384	false	2.2494
HALLMARK_E2F_TARGETS	70	0.392649	true	2.2373
HALLMARK_E2F_TARGETS	71	0.391156	false	2.2268
HALLMARK_E2F_TARGETS	72	0.403266	true	2.2091
HALLMARK_E2F_TARGETS	73	0.401774	false	2.2021
HALLMARK_E2F_TARGETS	74	0.400281	false	2.1931
HALLMARK_E2F_TARGETS	75	0.412291	true	2.1908
HALLMARK_E2F_TARGETS	76	0.424275	true	2.1862
HALLMARK_E2F_TARGETS	77	0.436098	true	2.1568
HALLMARK_E2F_TARGETS	78	0.447903	true	2.1533
HALLMARK_E2F_TARGETS	79	0.459581	true	2.1303
HALLMARK_E2F_TARGETS	80	0.458088	false	2.121
HALLMARK_E2F_TARGETS	81	0.46963	true	2.1054
HALLMARK_E2F_TARGETS	82	0.481111	true	2.0943
HALLMARK_E2F_TARGETS	83	0.479618	false	2.0755
HALLMARK_E2F_TARGETS	84	0.478126	false	2.073
HALLMARK_E2F_TARGETS	85	0.476633	false	2.0614
HALLMARK_E2F_TARGETS	86	0.475141	false	2.0446
HALLMARK_E2F_TARGETS	87	0.486336	true	2.0422
HALLMARK_E2F_TARGETS	88	0.484843	false	2.0419
HALLMARK_E2F_TARGETS	89	0.48335	false	2.015
HALLMARK_E2F_TARGETS	90	0.481858	false	1.9989
HALLMARK_E2F_TARGETS	91	0.492763	true	1.9893
HALLMARK_E2F_TARGETS	92	0.49127	false	1.9798
HALLMARK_E2F_TARGETS	93	0.489778	false	1.9744
HALLMARK_E2F_TARGETS	94	0.500509	true	1.9575
HALLMARK_E2F_TARGETS	95	0.499016	false	1.9541
HALLMARK_E2F_TARGETS	96	0.497524	false	1.9524
HALLMARK_E2F_TARGETS	97	0.496031	false	1.9295
HALLMARK_E2F_TARGETS	98	0.494539	false	1.9278
HALLMARK_E2F_TARGETS	99	0.493046	false	1.9277
HALLMARK_E2F_TARGETS	100	0.491553	false	1.9264
HALLMARK_E2F_TARGETS	101	0.502099	true	1.9237
HALLMARK_E2F_TARGETS	102	0.512468	true	1.8915
HALLMARK_E2F_TARGETS	103	0.510975	false	1.8907
HALLMARK_E2F_TARGETS	104	0.521284	true	1.8805
HALLMARK_E2F_TARGETS	105	0.519791	false	1.8545
HALLMARK_E2F_TARGETS	106	0.529937	true	1.8508
HALLMARK_E2F_TARGETS	107	0.528444	false	1.8416
HALLMARK_E2F_TARGETS	108	0.526952	false	1.832
HALLMARK_E2F_TARGETS	109	0.536958	true	1.8252
HALLMARK_E2F_TARGETS	110	0.546953	true	1.8234
HALLMARK_E2F_TARGETS	111	0.545461	false	1.7986
HALLMARK_E2F_TARGETS	112	0.543968	false	1.7686
HALLMARK_E2F_TARGETS	113	0.542476	false	1.765
HALLMARK_E2F_TARGETS	114	0.540983	false	1.7591
HALLMARK_E2F_TARGETS	115	0.53949	false	1.7533
HALLMARK_E2F_TARGETS	116	0.549101	true	1.7532
HALLMARK_E2F_TARGETS	117	0.547609	false	1.7419
HALLMARK_E2F_TARGETS	118	0.546116	false	1.7214
HALLMARK_E2F_TARGETS	119	0.544624	false	1.716
HALLMARK_E2F_TARGETS	120	0.543131	false	1.7104
HALLMARK_E2F_TARGETS	121	0.552455	true	1.7008
HALLMARK_E2F_TARGETS	122	0.550962	false	1.6974
HALLMARK_E2F_TARGETS	123	0.560266	true	1.6972
HALLMARK_E2F_TARGETS	124	0.569464	true	1.6778
HALLMARK_E2F_TARGETS	125	0.567971	false	1.6669
HALLMARK_E2F_TARGETS	126	0.566479	false	1.6514
HALLMARK_E2F_TARGETS	127	0.564986	false	1.6439
HALLMARK_E2F_TARGETS	128	0.563493	false	1.6294
HALLMARK_E2F_TARGETS	129	0.562001	false	1.6267
HALLMARK_E2F_TARGETS	130	0.560508	false	1.6237
HALLMARK_E2F_TARGETS	131	0.559016	false	1.6177
HALLMARK_E2F_TARGETS	132	0.56779	true	1.6006
HALLMARK_E2F_TARGETS	133	0.566298	false	1.5837
HALLMARK_E2F_TARGETS	134	0.564805	false	1.5675
HALLMARK_E2F_TARGETS	135	0.563312	false	1.5511
HALLMARK_E2F_TARGETS	136	0.56182	false	1.5463
HALLMARK_E2F_TARGETS	137	0.560327	false	1.5419
HALLMARK_E2F_TARGETS	138	0.558835	false	1.5258
HALLMARK_E2F_TARGETS	139	0.557342	false	1.5249
HALLMARK_E2F_TARGETS	140	0.55585	false	1.5151
HALLMARK_E2F_TARGETS	141	0.5641	true	1.505
HALLMARK_E2F_TARGETS	142	0.572314	true	1.4984
HALLMARK_E2F_TARGETS	143	0.570822	false	1.4949
HALLMARK_E2F_TARGETS	144	0.569329	false	1.4851
HALLMARK_E2F_TARGETS	145	0.567837	false	1.4809
HALLMARK_E2F_TARGETS	146	0.566344	false	1.4712
HALLMARK_E2F_TARGETS	147	0.564852	false	1.4594
HALLMARK_E2F_TARGETS	148	0.572764	true	1.4433
HALLMARK_E2F_TARGETS	149	0.571271	false	1.4225
HALLMARK_E2F_TARGETS	150	0.569779	false	1.4184
HALLMARK_E2F_TARGETS	151	0.568286	false	1.4127
HALLMARK_E2F_TARGETS	152	0.566793	false	1.407
HALLMARK_E2F_TARGETS	153	0.565301	false	1.4011
HALLMARK_E2F_TARGETS	154	0.563808	false	1.3841
HALLMARK_E2F_TARGETS	155	0.562316	false	1.3795
HALLMARK_E2F_TARGETS	156	0.560823	false	1.3639
HALLMARK_E2F_TARGETS	157	0.559331	false	1.3546
HALLMARK_E2F_TARGETS	158	0.557838	false	1.3486
HALLMARK_E2F_TARGETS	159	0.556346	false	1.3411
HALLMARK_E2F_TARGETS	160	0.554853	false	1.3365
HALLMARK_E2F_TARGETS	161	0.553361	false	1.3341
HALLMARK_E2F_TARGETS	162	0.551868	false	1.3302
HALLMARK_E2F_TARGETS	163	0.550376	false	1.3147
HALLMARK_E2F_TARGETS	164	0.548883	false	1.3079
HALLMARK_E2F_TARGETS	165	0.556039	true	1.3054
HALLMARK_E2F_TARGETS	166	0.563167	true	1.3002
HALLMARK_E2F_TARGETS	167	0.570245	true	1.2912
HALLMARK_E2F_TARGETS	168	0.577255	true	1.2787
HALLMARK_E2F_TARGETS	169	0.584134	true	1.2549
HALLMARK_E2F_TARGETS	170	0.591011	true	1.2544
HALLMARK_E2F_TARGETS	171	0.589518	false	1.2504
HALLMARK_E2F_TARGETS	172	0.588026	false	1.2488
HALLMARK_E2F_TARGETS	173	0.59479	true	1.234
HALLMARK_E2F_TARGETS	174	0.593298	false	1.2139
HALLMARK_E2F_TARGETS	175	0.591805	false	1.2024
HALLMARK_E2F_TARGETS	176	0.590313	false	1.1962
HALLMARK_E2F_TARGETS	177	0.58882	false	1.1871
HALLMARK_E2F_TARGETS	178	0.595297	true	1.1815
HALLMARK_E2F_TARGETS	179	0.593805	false	1.1728
HALLMARK_E2F_TARGETS	180	0.60023	true	1.1721
HALLMARK_E2F_TARGETS	181	0.606645	true	1.1702
HALLMARK_E2F_TARGETS	182	0.605152	false	1.1629
HALLMARK_E2F_TARGETS	183	0.60366	false	1.15
HALLMARK_E2F_TARGETS	184	0.602167	false	1.135
HALLMARK_E2F_TARGETS	185	0.608373	true	1.1321
HALLMARK_E2F_TARGETS	186	0.606881	false	1.1148
HALLMARK_E2F_TARGETS	187	0.605388	false	1.0982
HALLMARK_E2F_TARGETS	188	0.603896	false	1.0824
HALLMARK_E2F_TARGETS	189	0.609766	true	1.0709
HALLMARK_E2F_TARGETS	190	0.608274	false	1.0634
HALLMARK_E2F_TARGETS	191	0.614058	true	1.0552
HALLMARK_E2F_TARGETS	192	0.619827	true	1.0523
HALLMARK_E2F_TARGETS	193	0.618334	false	1.0476
HALLMARK_E2F_TARGETS	194	0.616842	false	1.0368
HALLMARK_E2F_TARGETS	195	0.615349	false	1.031
HALLMARK_E2F_TARGETS	196	0.613857	false	1.0302
HALLMARK_E2F_TARGETS	197	0.61947	true	1.0239
HALLMARK_E2F_TARGETS	198	0.617977	false	1.0191
HALLMARK_E2F_TARGETS	199	0.616485	false	1.0052
HALLMARK_E2F_TARGETS	200	0.614992	false	0.9944
HALLMARK_E2F_TARGETS	201	0.6135	false	0.9805
HALLMARK_E2F_TARGETS	202	0.612007	false	0.9802
HALLMARK_E2F_TARGETS	203	0.610515	false	0.9774
HALLMARK_E2F_TARGETS	204	0.609022	false	0.9719
HALLMARK_E2F_TARGETS	205	0.60753	false	0.9712
HALLMARK_E2F_TARGETS	206	0.606037	false	0.9655
HALLMARK_E2F_TARGETS	207	0.604545	false	0.9504
HALLMARK_E2F_TARGETS	208	0.603052	false	0.9313
HALLMARK_E2F_TARGETS	209	0.601559	false	0.9184
HALLMARK_E2F_TARGETS	210	0.600067	false	0.9055
HALLMARK_E2F_TARGETS	211	0.60503	true	0.9053
HALLMARK_E2F_TARGETS	212	0.603537	false	0.9002
HALLMARK_E2F_TARGETS	213	0.608422	true	0.891
HALLMARK_E2F_TARGETS	214	0.613291	true	0.8882
HALLMARK_E2F_TARGETS	215	0.611798	false	0.8851
HALLMARK_E2F_TARGETS	216	0.610306	false	0.8812
HALLMARK_E2F_TARGETS	217	0.615108	true	0.8761
HALLMARK_E2F_TARGETS	218	0.613616	false	0.8662
HALLMARK_E2F_TARGETS	219	0.612123	false	0.8636
HALLMARK_E2F_TARGETS	220	0.61677	true	0.8476
HALLMARK_E2F_TARGETS	221	0.621388	true	0.8424
HALLMARK_E2F_TARGETS	222	0.619896	false	0.8305
HALLMARK_E2F_TARGETS	223	0.618403	false	0.804
HALLMARK_E2F_TARGETS	224	0.616911	false	0.7893
HALLMARK_E2F_TARGETS	225	0.621194	true	0.7814
HALLMARK_E2F_TARGETS	226	0.625437	true	0.7739
HALLMARK_E2F_TARGETS	227	0.623944	false	0.7733
HALLMARK_E2F_TARGETS	228	0.622452	false	0.7619
HALLMARK_E2F_TARGETS	229	0.626627	true	0.7617
HALLMARK_E2F_TARGETS	230	0.630787	true	0.7587
HALLMARK_E2F_TARGETS	231	0.629294	false	0.7541
HALLMARK_E2F_TARGETS	232	0.627802	false	0.7455
HALLMARK_E2F_TARGETS	233	0.626309	false	0.7398
HALLMARK_E2F_TARGETS	234	0.624816	false	0.7346
HALLMARK_E2F_TARGETS	235	0.623324	false	0.7294
HALLMARK_E2F_TARGETS	236	0.621831	false	0.7143
HALLMARK_E2F_TARGETS	237	0.625674	true	0.7009
HALLMARK_E2F_TARGETS	238	0.624181	false	0.6962
HALLMARK_E2F_TARGETS	239	0.622688	false	0.6953
HALLMARK_E2F_TARGETS	240	0.621196	false	0.6882
HALLMARK_E2F_TARGETS	241	0.619703	false	0.6872
HALLMARK_E2F_TARGETS	242	0.623408	true	0.6758
HALLMARK_E2F_TARGETS	243	0.621915	false	0.6723
HALLMARK_E2F_TARGETS	244	0.620423	false	0.6674
HALLMARK_E2F_TARGETS	245	0.624059	true	0.6633
HALLMARK_E2F_TARGETS	246	0.627616	true	0.6488
HALLMARK_E2F_TARGETS	247	0.626123	false	0.6447
HALLMARK_E2F_TARGETS	248	0.62463	false	0.6329
HALLMARK_E2F_TARGETS	249	0.628097	true	0.6324
HALLMARK_E2F_TARGETS	250	0.626605	false	0.6188
HALLMARK_E2F_TARGETS	251	0.625112	false	0.6164
HALLMARK_E2F_TARGETS	252	0.62362	false	0.6053
HALLMARK_E2F_TARGETS	253	0.622127	false	0.6048
HALLMARK_E2F_TARGETS	254	0.620635	false	0.5951
HALLMARK_E2F_TARGETS	255	0.619142	false	0.5932
HALLMARK_E2F_TARGETS	256	0.61765	false	0.59
HALLMARK_E2F_TARGETS	257	0.616157	false	0.5718
HALLMARK_E2F_TARGETS	258	0.614664	false	0.5716
HALLMARK_E2F_TARGETS	259	0.613172	false	0.546
HALLMARK_E2F_TARGETS	260	0.6161	true	0.5341
HALLMARK_E2F_TARGETS	261	0.614607	false	0.5324
HALLMARK_E2F_TARGETS	262	0.613115	false	0.5309
HALLMARK_E2F_TARGETS	263	0.611622	false	0.5133
HALLMARK_E2F_TARGETS	264	0.61013	false	0.508
HALLMARK_E2F_TARGETS	265	0.608637	false	0.5035
HALLMARK_E2F_TARGETS	266	0.607145	false	0.5012
HALLMARK_E2F_TARGETS	267	0.605652	false	0.4932
HALLMARK_E2F_TARGETS	268	0.60416	false	0.4898
HALLMARK_E2F_TARGETS	269	0.602667	false	0.4799
HALLMARK_E2F_TARGETS	270	0.601174	false	0.4732
HALLMARK_E2F_TARGETS	271	0.599682	false	0.4714
HALLMARK_E2F_TARGETS	272	0.598189	false	0.4598
HALLMARK_E2F_TARGETS	273	0.596697	false	0.4575
HALLMARK_E2F_TARGETS	274	0.595204	false	0.4569
HALLMARK_E2F_TARGETS	275	0.593712	false	0.4538
HALLMARK_E2F_TARGETS	276	0.592219	false	0.4527
HALLMARK_E2F_TARGETS	277	0.590727	false	0.4492
HALLMARK_E2F_TARGETS	278	0.589234	false	0.4469
HALLMARK_E2F_TARGETS	279	0.591674	true	0.445
HALLMARK_E2F_TARGETS	280	0.590181	false	0.4412
HALLMARK_E2F_TARGETS	281	0.588688	false	0.44
HALLMARK_E2F_TARGETS	282	0.587196	false	0.43
HALLMARK_E2F_TARGETS	283	0.589437	true	0.4087
HALLMARK_E2F_TARGETS	284	0.587944	false	0.4077
HALLMARK_E2F_TARGETS	285	0.586452	false	0.407
HALLMARK_E2F_TARGETS	286	0.584959	false	0.4068
HALLMARK_E2F_TARGETS	287	0.583467	false	0.4003
HALLMARK_E2F_TARGETS	288	0.581974	false	0.3923
HALLMARK_E2F_TARGETS	289	0.584093	true	0.3865
HALLMARK_E2F_TARGETS	290	0.5826	false	0.3864
HALLMARK_E2F_TARGETS	291	0.581107	false	0.3853
HALLMARK_E2F_TARGETS	292	0.583219	true	0.3852
HALLMARK_E2F_TARGETS	293	0.585207	true	0.3627
HALLMARK_E2F_TARGETS	294	0.583715	false	0.3592
HALLMARK_E2F_TARGETS	295	0.582222	false	0.3475
HALLMARK_E2F_TARGETS	296	0.58073	false	0.3332
HALLMARK_E2F_TARGETS	297	0.582532	true	0.3288
HALLMARK_E2F_TARGETS	298	0.58104	false	0.3261
HALLMARK_E2F_TARGETS	299	0.579547	false	0.3173
HALLMARK_E2F_TARGETS	300	0.578054	false	0.3141
HALLMARK_E2F_TARGETS	301	0.576562	false	0.3127
HALLMARK_E2F_TARGETS	302	0.575069	false	0.3079
HALLMARK_E2F_TARGETS	303	0.573577	false	0.3068
HALLMARK_E2F_TARGETS	304	0.575231	true	0.3017
HALLMARK_E2F_TARGETS	305	0.573738	false	0.2986
HALLMARK_E2F_TARGETS	306	0.572245	false	0.2932
HALLMARK_E2F_TARGETS	307	0.573842	true	0.2913
HALLMARK_E2F_TARGETS	308	0.57235	false	0.2831
HALLMARK_E2F_TARGETS	309	0.570857	false	0.2778
HALLMARK_E2F_TARGETS	310	0.569365	false	0.2734
HALLMARK_E2F_TARGETS	311	0.567872	false	0.2732
HALLMARK_E2F_TARGETS	312	0.566379	false	0.267
HALLMARK_E2F_TARGETS	313	0.564887	false	0.2649
HALLMARK_E2F_TARGETS	314	0.563394	false	0.2378
HALLMARK_E2F_TARGETS	315	0.561902	false	0.2307
HALLMARK_E2F_TARGETS	316	0.560409	false	0.2286
HALLMARK_E2F_TARGETS	317	0.558917	false	0.228
HALLMARK_E2F_TARGETS	318	0.557424	false	0.2235
HALLMARK_E2F_TARGETS	319	0.555932	false	0.2216
HALLMARK_E2F_TARGETS	320	0.554439	false	0.2195
HALLMARK_E2F_TARGETS	321	0.552947	false	0.2192
HALLMARK_E2F_TARGETS	322	0.551454	false	0.217
HALLMARK_E2F_TARGETS	323	0.549962	false	0.2139
HALLMARK_E2F_TARGETS	324	0.548469	false	0.2139
HALLMARK_E2F_TARGETS	325	0.54963	true	0.2119
HALLMARK_E2F_TARGETS	326	0.548138	false	0.2101
HALLMARK_E2F_TARGETS	327	0.546645	false	0.2085
HALLMARK_E2F_TARGETS	328	0.545153	false	0.2044
HALLMARK_E2F_TARGETS	329	0.54366	false	0.2039
HALLMARK_E2F_TARGETS	330	0.542168	false	0.1972
HALLMARK_E2F_TARGETS	331	0.540675	false	0.1916
HALLMARK_E2F_TARGETS	332	0.539183	false	0.1913
HALLMARK_E2F_TARGETS	333	0.53769	false	0.19
HALLMARK_E2F_TARGETS	334	0.536198	false	0.1825
HALLMARK_E2F_TARGETS	335	0.534705	false	0.1809
HALLMARK_E2F_TARGETS	336	0.533213	false	0.1805
HALLMARK_E2F_TARGETS	337	0.53172	false	0.1724
HALLMARK_E2F_TARGETS	338	0.530227	false	0.1684
HALLMARK_E2F_TARGETS	339	0.528735	false	0.1657
HALLMARK_E2F_TARGETS	340	0.527242	false	0.1642
HALLMARK_E2F_TARGETS	341	0.52575	false	0.1638
HALLMARK_E2F_TARGETS	342	0.524257	false	0.1545
HALLMARK_E2F_TARGETS	343	0.522765	false	0.1353
HALLMARK_E2F_TARGETS	344	0.521272	false	0.1347
HALLMARK_E2F_TARGETS	345	0.51978	false	0.1296
HALLMARK_E2F_TARGETS	346	0.518287	false	0.1239
HALLMARK_E2F_TARGETS	347	0.516795	false	0.115
HALLMARK_E2F_TARGETS	348	0.515302	false	0.1108
HALLMARK_E2F_TARGETS	349	0.51381	false	0.1107
HALLMARK_E2F_TARGETS	350	0.512317	false	0.1043
HALLMARK_E2F_TARGETS	351	0.51288	true	0.1027
HALLMARK_E2F_TARGETS	352	0.511388	false	0.1016
HALLMARK_E2F_TARGETS	353	0.509895	false	0.0995
HALLMARK_E2F_TARGETS	354	0.508403	false	0.099
HALLMARK_E2F_TARGETS	355	0.50691	false	0.0986
HALLMARK_E2F_TARGETS	356	0.505417	false	0.0954
HALLMARK_E2F_TARGETS	357	0.503925	false	0.093
HALLMARK_E2F_TARGETS	358	0.502432	false	0.0883
HALLMARK_E2F_TARGETS	359	0.50094	false	0.0881
HALLMARK_E2F_TARGETS	360	0.50142	true	0.0876
HALLMARK_E2F_TARGETS	361	0.499927	false	0.0827
HALLMARK_E2F_TARGETS	362	0.500352	true	0.0775
HALLMARK_E2F_TARGETS	363	0.498859	false	0.0734
HALLMARK_E2F_TARGETS	364	0.497367	false	0.0733
HALLMARK_E2F_TARGETS	365	0.495874	false	0.0701
HALLMARK_E2F_TARGETS	366	0.494382	false	0.0684
HALLMARK_E2F_TARGETS	367	0.492889	false	0.062
HALLMARK_E2F_TARGETS	368	0.491397	false	0.0609
HALLMARK_E2F_TARGETS	369	0.489904	false	0.0569
HALLMARK_E2F_TARGETS	370	0.488412	false	0.0542
HALLMARK_E2F_TARGETS	371	0.486919	false	0.0529
HALLMARK_E2F_TARGETS	372	0.485427	false	0.0524
HALLMARK_E2F_TARGETS	373	0.483934	false	0.0499
HALLMARK_E2F_TARGETS	374	0.482442	false	0.0432
HALLMARK_E2F_TARGETS	375	0.480949	false	0.0411
HALLMARK_E2F_TARGETS	376	0.481172	true	0.0407
HALLMARK_E2F_TARGETS	377	0.47968	false	0.0384
HALLMARK_E2F_TARGETS	378	0.478187	false	0.0343
HALLMARK_E2F_TARGETS	379	0.476695	false	0.0321
HALLMARK_E2F_TARGETS	380	0.476845	true	0.0275
HALLMARK_E2F_TARGETS	381	0.475353	false	0.0233
HALLMARK_E2F_TARGETS	382	0.47386	false	0.0224
HALLMARK_E2F_TARGETS	383	0.472368	false	0.0203
HALLMARK_E2F_TARGETS	384	0.47247	true	0.0187
HALLMARK_E2F_TARGETS	385	0.472553	true	0.0152
HALLMARK_E2F_TARGETS	386	0.471061	false	0.0147
HALLMARK_E2F_TARGETS	387	0.469568	false	0.0126
HALLMARK_E2F_TARGETS	388	0.469634	true	0.0119
HALLMARK_E2F_TARGETS	389	0.468141	false	0.011
HALLMARK_E2F_TARGETS	390	0.466649	false	0.0097
HALLMARK_E2F_TARGETS	391	0.465156	false	0.0096
HALLMARK_E2F_TARGETS	392	0.463663	false	0.0079
HALLMARK_E2F_TARGETS	393	0.462171	false	0.0061
HALLMARK_E2F_TARGETS	394	0.460678	false	0.0057
HALLMARK_E2F_TARGETS	395	0.459186	false	0.0035
HALLMARK_E2F_TARGETS	396	0.457693	false	-0.0032
HALLMARK_E2F_TARGETS	397	0.456201	false	-0.0049
HALLMARK_E2F_TARGETS	398	0.454708	false	-0.0059
HALLMARK_E2F_TARGETS	399	0.453216	false	-0.0077
HALLMARK_E2F_TARGETS	400	0.451723	false	-0.0102
HALLMARK_E2F_TARGETS	401	0.450231	false	-0.0107
HALLMARK_E2F_TARGETS	402	0.448738	false	-0.0119
HALLMARK_E2F_TARGETS	403	0.447246	false	-0.0123
HALLMARK_E2F_TARGETS	404	0.445753	false	-0.0188
HALLMARK_E2F_TARGETS	405	0.445856	true	-0.0188
HALLMARK_E2F_TARGETS	406	0.444363	false	-0.019
HALLMARK_E2F_TARGETS	407	0.444475	true	-0.0203
HALLMARK_E2F_TARGETS	408	0.442982	false	-0.0207
HALLMARK_E2F_TARGETS	409	0.443099	true	-0.0213
HALLMARK_E2F_TARGETS	410	0.441606	false	-0.0218
HALLMARK_E2F_TARGETS	411	0.440114	false	-0.0299
HALLMARK_E2F_TARGETS	412	0.438621	false	-0.0307
HALLMARK_E2F_TARGETS	413	0.437129	false	-0.0338
HALLMARK_E2F_TARGETS	414	0.435636	false	-0.0342
HALLMARK_E2F_TARGETS	415	0.434143	false	-0.0358
HALLMARK_E2F_TARGETS	416	0.432651	false	-0.0359
HALLMARK_E2F_TARGETS	417	0.431158	false	-0.0368
HALLMARK_E2F_TARGETS	418	0.429666	false	-0.0389
HALLMARK_E2F_TARGETS	419	0.428173	false	-0.0403
HALLMARK_E2F_TARGETS	420	0.426681	false	-0.0405
HALLMARK_E2F_TARGETS	421	0.425188	false	-0.042
HALLMARK_E2F_TARGETS	422	0.423696	false	-0.0445
HALLMARK_E2F_TARGETS	423	0.422203	false	-0.0466
HALLMARK_E2F_TARGETS	424	0.420711	false	-0.0504
HALLMARK_E2F_TARGETS	425	0.419218	false	-0.0513
HALLMARK_E2F_TARGETS	426	0.417726	false	-0.0567
HALLMARK_E2F_TARGETS	427	0.416233	false	-0.0571
HALLMARK_E2F_TARGETS	428	0.416554	true	-0.0585
HALLMARK_E2F_TARGETS	429	0.415061	false	-0.0593
HALLMARK_E2F_TARGETS	430	0.413569	false	-0.0637
HALLMARK_E2F_TARGETS	431	0.412076	false	-0.0653
HALLMARK_E2F_TARGETS	432	0.410583	false	-0.0687
HALLMARK_E2F_TARGETS	433	0.409091	false	-0.0723
HALLMARK_E2F_TARGETS	434	0.407598	false	-0.0751
HALLMARK_E2F_TARGETS	435	0.408012	true	-0.0755
HALLMARK_E2F_TARGETS	436	0.40652	false	-0.0781
HALLMARK_E2F_TARGETS	437	0.405027	false	-0.0855
HALLMARK_E2F_TARGETS	438	0.403535	false	-0.0865
HALLMARK_E2F_TARGETS	439	0.402042	false	-0.0888
HALLMARK_E2F_TARGETS	440	0.40253	true	-0.0889
HALLMARK_E2F_TARGETS	441	0.401037	false	-0.0898
HALLMARK_E2F_TARGETS	442	0.399545	false	-0.092
HALLMARK_E2F_TARGETS	443	0.398052	false	-0.093
HALLMARK_E2F_TARGETS	444	0.39656	false	-0.0937
HALLMARK_E2F_TARGETS	445	0.395067	false	-0.0966
HALLMARK_E2F_TARGETS	446	0.393575	false	-0.0981
HALLMARK_E2F_TARGETS	447	0.392082	false	-0.1039
HALLMARK_E2F_TARGETS	448	0.392663	true	-0.1059
HALLMARK_E2F_TARGETS	449	0.39117	false	-0.1069
HALLMARK_E2F_TARGETS	450	0.389677	false	-0.1091
HALLMARK_E2F_TARGETS	451	0.388185	false	-0.1125
HALLMARK_E2F_TARGETS	452	0.386692	false	-0.1125
HALLMARK_E2F_TARGETS	453	0.387327	true	-0.1158
HALLMARK_E2F_TARGETS	454	0.385835	false	-0.1159
HALLMARK_E2F_TARGETS	455	0.384342	false	-0.1183
HALLMARK_E2F_TARGETS	456	0.38285	false	-0.1279
HALLMARK_E2F_TARGETS	457	0.383594	true	-0.1358
HALLMARK_E2F_TARGETS	458	0.382101	false	-0.1402
HALLMARK_E2F_TARGETS	459	0.380609	false	-0.1411
HALLMARK_E2F_TARGETS	460	0.379116	false	-0.1452
HALLMARK_E2F_TARGETS	461	0.377624	false	-0.154
HALLMARK_E2F_TARGETS	462	0.376131	false	-0.1616
HALLMARK_E2F_TARGETS	463	0.374639	false	-0.1661
HALLMARK_E2F_TARGETS	464	0.373146	false	-0.1745
HALLMARK_E2F_TARGETS	465	0.371654	false	-0.1845
HALLMARK_E2F_TARGETS	466	0.370161	false	-0.1872
HALLMARK_E2F_TARGETS	467	0.371196	true	-0.1887
HALLMARK_E2F_TARGETS	468	0.369703	false	-0.1888
HALLMARK_E2F_TARGETS	469	0.37075	true	-0.191
HALLMARK_E2F_TARGETS	470	0.369257	false	-0.1917
HALLMARK_E2F_TARGETS	471	0.367765	false	-0.1938
HALLMARK_E2F_TARGETS	472	0.366272	false	-0.1983
HALLMARK_E2F_TARGETS	473	0.36478	false	-0.2014
HALLMARK_E2F_TARGETS	474	0.363287	false	-0.2028
HALLMARK_E2F_TARGETS	475	0.361795	false	-0.2069
HALLMARK_E2F_TARGETS	476	0.360302	false	-0.2081
HALLMARK_E2F_TARGETS	477	0.35881	false	-0.2111
HALLMARK_E2F_TARGETS	478	0.357317	false	-0.2155
HALLMARK_E2F_TARGETS	479	0.355825	false	-0.2168
HALLMARK_E2F_TARGETS	480	0.354332	false	-0.2183
HALLMARK_E2F_TARGETS	481	0.355543	true	-0.2208
HALLMARK_E2F_TARGETS	482	0.35405	false	-0.2239
HALLMARK_E2F_TARGETS	483	0.352557	false	-0.2269
HALLMARK_E2F_TARGETS	484	0.351065	false	-0.2282
HALLMARK_E2F_TARGETS	485	0.349572	false	-0.2312
HALLMARK_E2F_TARGETS	486	0.34808	false	-0.2424
HALLMARK_E2F_TARGETS	487	0.346587	false	-0.2432
HALLMARK_E2F_TARGETS	488	0.345095	false	-0.2458
HALLMARK_E2F_TARGETS	489	0.343602	false	-0.2869
HALLMARK_E2F_TARGETS	490	0.34211	false	-0.2898
HALLMARK_E2F_TARGETS	491	0.340617	false	-0.2959
HALLMARK_E2F_TARGETS	492	0.339125	false	-0.2997
HALLMARK_E2F_TARGETS	493	0.337632	false	-0.3039
HALLMARK_E2F_TARGETS	494	0.33614	false	-0.3121
HALLMARK_E2F_TARGETS	495	0.334647	false	-0.3157
HALLMARK_E2F_TARGETS	496	0.333154	false	-0.3181
HALLMARK_E2F_TARGETS	497	0.331662	false	-0.3231
HALLMARK_E2F_TARGETS	498	0.330169	false	-0.3232
HALLMARK_E2F_TARGETS	499	0.328677	false	-0.3241
HALLMARK_E2F_TARGETS	500	0.327184	false	-0.3245
HALLMARK_E2F_TARGETS	501	0.329011	true	-0.3332
HALLMARK_E2F_TARGETS	502	0.327519	false	-0.3335
HALLMARK_E2F_TARGETS	503	0.326026	false	-0.3372
HALLMARK_E2F_TARGETS	504	0.328006	true	-0.3612
HALLMARK_E2F_TARGETS	505	0.326514	false	-0.3624
HALLMARK_E2F_TARGETS	506	0.325021	false	-0.3658
HALLMARK_E2F_TARGETS	507	0.323529	false	-0.366
HALLMARK_E2F_TARGETS	508	0.322036	false	-0.372
HALLMARK_E2F_TARGETS	509	0.320544	false	-0.3874
HALLMARK_E2F_TARGETS	510	0.319051	false	-0.3896
HALLMARK_E2F_TARGETS	511	0.317559	false	-0.3964
HALLMARK_E2F_TARGETS	512	0.316066	false	-0.4086
HALLMARK_E2F_TARGETS	513	0.314574	false	-0.4086
HALLMARK_E2F_TARGETS	514	0.313081	false	-0.4121
HALLMARK_E2F_TARGETS	515	0.311588	false	-0.42
HALLMARK_E2F_TARGETS	516	0.310096	false	-0.4258
HALLMARK_E2F_TARGETS	517	0.308603	false	-0.4308
HALLMARK_E2F_TARGETS	518	0.307111	false	-0.4311
HALLMARK_E2F_TARGETS	519	0.305618	false	-0.4319
HALLMARK_E2F_TARGETS	520	0.304126	false	-0.4365
HALLMARK_E2F_TARGETS	521	0.302633	false	-0.4405
HALLMARK_E2F_TARGETS	522	0.301141	false	-0.4619
HALLMARK_E2F_TARGETS	523	0.299648	false	-0.4659
HALLMARK_E2F_TARGETS	524	0.298156	false	-0.4742
HALLMARK_E2F_TARGETS	525	0.296663	false	-0.4763
HALLMARK_E2F_TARGETS	526	0.295171	false	-0.482
HALLMARK_E2F_TARGETS	527	0.293678	false	-0.4886
HALLMARK_E2F_TARGETS	528	0.292185	false	-0.4913
HALLMARK_E2F_TARGETS	529	0.290693	false	-0.4977
HALLMARK_E2F_TARGETS	530	0.2892	false	-0.5067
HALLMARK_E2F_TARGETS	531	0.287708	false	-0.5148
HALLMARK_E2F_TARGETS	532	0.286215	false	-0.5158
HALLMARK_E2F_TARGETS	533	0.284723	false	-0.5249
HALLMARK_E2F_TARGETS	534	0.28323	false	-0.5454
HALLMARK_E2F_TARGETS	535	0.281738	false	-0.5488
HALLMARK_E2F_TARGETS	536	0.280245	false	-0.55
HALLMARK_E2F_TARGETS	537	0.278753	false	-0.5508
HALLMARK_E2F_TARGETS	538	0.27726	false	-0.5569
HALLMARK_E2F_TARGETS	539	0.275768	false	-0.5638
HALLMARK_E2F_TARGETS	540	0.274275	false	-0.5639
HALLMARK_E2F_TARGETS	541	0.272783	false	-0.5658
HALLMARK_E2F_TARGETS	542	0.27129	false	-0.5697
HALLMARK_E2F_TARGETS	543	0.269797	false	-0.5713
HALLMARK_E2F_TARGETS	544	0.268305	false	-0.576
HALLMARK_E2F_TARGETS	545	0.266812	false	-0.5781
HALLMARK_E2F_TARGETS	546	0.26532	false	-0.579
HALLMARK_E2F_TARGETS	547	0.263827	false	-0.5951
HALLMARK_E2F_TARGETS	548	0.262335	false	-0.604
HALLMARK_E2F_TARGETS	549	0.260842	false	-0.6132
HALLMARK_E2F_TARGETS	550	0.25935	false	-0.6285
HALLMARK_E2F_TARGETS	551	0.257857	false	-0.634
HALLMARK_E2F_TARGETS	552	0.256365	false	-0.6384
HALLMARK_E2F_TARGETS	553	0.254872	false	-0.6465
HALLMARK_E2F_TARGETS	554	0.25338	false	-0.6491
HALLMARK_E2F_TARGETS	555	0.251887	false	-0.6512
HALLMARK_E2F_TARGETS	556	0.250394	false	-0.6608
HALLMARK_E2F_TARGETS	557	0.248902	false	-0.6667
HALLMARK_E2F_TARGETS	558	0.247409	false	-0.6746
HALLMARK_E2F_TARGETS	559	0.245917	false	-0.6804
HALLMARK_E2F_TARGETS	560	0.244424	false	-0.6812
HALLMARK_E2F_TARGETS	561	0.242932	false	-0.6878
HALLMARK_E2F_TARGETS	562	0.241439	false	-0.6922
HALLMARK_E2F_TARGETS	563	0.239947	false	-0.6976
HALLMARK_E2F_TARGETS	564	0.238454	false	-0.7021
HALLMARK_E2F_TARGETS	565	0.236962	false	-0.7099
HALLMARK_E2F_TARGETS	566	0.235469	false	-0.7111
HALLMARK_E2F_TARGETS	567	0.239376	true	-0.7126
HALLMARK_E2F_TARGETS	568	0.237883	false	-0.7327
HALLMARK_E2F_TARGETS	569	0.236391	false	-0.7483
HALLMARK_E2F_TARGETS	570	0.234898	false	-0.7574
HALLMARK_E2F_TARGETS	571	0.233406	false	-0.77
HALLMARK_E2F_TARGETS	572	0.231913	false	-0.779
HALLMARK_E2F_TARGETS	573	0.23042	false	-0.7833
HALLMARK_E2F_TARGETS	574	0.228928	false	-0.7857
HALLMARK_E2F_TARGETS	575	0.227435	false	-0.7888
HALLMARK_E2F_TARGETS	576	0.231797	true	-0.7957
HALLMARK_E2F_TARGETS	577	0.230305	false	-0.8031
HALLMARK_E2F_TARGETS	578	0.228812	false	-0.8109
HALLMARK_E2F_TARGETS	579	0.22732	false	-0.817
HALLMARK_E2F_TARGETS	580	0.225827	false	-0.8286
HALLMARK_E2F_TARGETS	581	0.224335	false	-0.838
HALLMARK_E2F_TARGETS	582	0.222842	false	-0.8403
HALLMARK_E2F_TARGETS	583	0.221349	false	-0.8489
HALLMARK_E2F_TARGETS	584	0.219857	false	-0.8523
HALLMARK_E2F_TARGETS	585	0.22455	true	-0.8562
HALLMARK_E2F_TARGETS	586	0.223058	false	-0.8608
HALLMARK_E2F_TARGETS	587	0.221565	false	-0.8741
HALLMARK_E2F_TARGETS	588	0.220073	false	-0.8822
HALLMARK_E2F_TARGETS	589	0.21858	false	-0.9019
HALLMARK_E2F_TARGETS	590	0.217088	false	-0.9024
HALLMARK_E2F_TARGETS	591	0.215595	false	-0.9093
HALLMARK_E2F_TARGETS	592	0.214103	false	-0.9101
HALLMARK_E2F_TARGETS	593	0.21261	false	-0.9214
HALLMARK_E2F_TARGETS	594	0.211117	false	-0.9216
HALLMARK_E2F_TARGETS	595	0.209625	false	-0.9471
HALLMARK_E2F_TARGETS	596	0.214892	true	-0.9608
HALLMARK_E2F_TARGETS	597	0.2134	false	-0.9689
HALLMARK_E2F_TARGETS	598	0.211907	false	-0.9737
HALLMARK_E2F_TARGETS	599	0.217265	true	-0.9774
HALLMARK_E2F_TARGETS	600	0.215773	false	-0.9817
HALLMARK_E2F_TARGETS	601	0.21428	false	-0.9818
HALLMARK_E2F_TARGETS	602	0.212788	false	-1.0016
HALLMARK_E2F_TARGETS	603	0.211295	false	-1.0023
HALLMARK_E2F_TARGETS	604	0.209803	false	-1.0203
HALLMARK_E2F_TARGETS	605	0.20831	false	-1.0283
HALLMARK_E2F_TARGETS	606	0.206818	false	-1.036
HALLMARK_E2F_TARGETS	607	0.205325	false	-1.0553
HALLMARK_E2F_TARGETS	608	0.203832	false	-1.0569
HALLMARK_E2F_TARGETS	609	0.20234	false	-1.0739
HALLMARK_E2F_TARGETS	610	0.200847	false	-1.0792
HALLMARK_E2F_TARGETS	611	0.199355	false	-1.082
HALLMARK_E2F_TARGETS	612	0.197862	false	-1.082
HALLMARK_E2F_TARGETS	613	0.19637	false	-1.0874
HALLMARK_E2F_TARGETS	614	0.194877	false	-1.0979
HALLMARK_E2F_TARGETS	615	0.193385	false	-1.102
HALLMARK_E2F_TARGETS	616	0.191892	false	-1.12
HALLMARK_E2F_TARGETS	617	0.1904	false	-1.1236
HALLMARK_E2F_TARGETS	618	0.188907	false	-1.1262
HALLMARK_E2F_TARGETS	619	0.187415	false	-1.1444
HALLMARK_E2F_TARGETS	620	0.185922	false	-1.1687
HALLMARK_E2F_TARGETS	621	0.184429	false	-1.1705
HALLMARK_E2F_TARGETS	622	0.182937	false	-1.176
HALLMARK_E2F_TARGETS	623	0.181444	false	-1.178
HALLMARK_E2F_TARGETS	624	0.179952	false	-1.2115
HALLMARK_E2F_TARGETS	625	0.178459	false	-1.2167
HALLMARK_E2F_TARGETS	626	0.176967	false	-1.2194
HALLMARK_E2F_TARGETS	627	0.175474	false	-1.2195
HALLMARK_E2F_TARGETS	628	0.173982	false	-1.2224
HALLMARK_E2F_TARGETS	629	0.172489	false	-1.224
HALLMARK_E2F_TARGETS	630	0.170997	false	-1.2323
HALLMARK_E2F_TARGETS	631	0.169504	false	-1.2339
HALLMARK_E2F_TARGETS	632	0.168012	false	-1.2498
HALLMARK_E2F_TARGETS	633	0.166519	false	-1.268
HALLMARK_E2F_TARGETS	634	0.165026	false	-1.2702
HALLMARK_E2F_TARGETS	635	0.163534	false	-1.2865
HALLMARK_E2F_TARGETS	636	0.162041	false	-1.308
HALLMARK_E2F_TARGETS	637	0.160549	false	-1.3125
HALLMARK_E2F_TARGETS	638	0.159056	false	-1.317
HALLMARK_E2F_TARGETS	639	0.157564	false	-1.3251
HALLMARK_E2F_TARGETS	640	0.156071	false	-1.3289
HALLMARK_E2F_TARGETS	641	0.154579	false	-1.3304
HALLMARK_E2F_TARGETS	642	0.153086	false	-1.3499
HALLMARK_E2F_TARGETS	643	0.160497	true	-1.3519
HALLMARK_E2F_TARGETS	644	0.159005	false	-1.3733
HALLMARK_E2F_TARGETS	645	0.157512	false	-1.3791
HALLMARK_E2F_TARGETS	646	0.15602	false	-1.3828
HALLMARK_E2F_TARGETS	647	0.154527	false	-1.3881
HALLMARK_E2F_TARGETS	648	0.153035	false	-1.3904
HALLMARK_E2F_TARGETS	649	0.151542	false	-1.3962
HALLMARK_E2F_TARGETS	650	0.150049	false	-1.406
HALLMARK_E2F_TARGETS	651	0.157783	true	-1.4108
HALLMARK_E2F_TARGETS	652	0.156291	false	-1.4426
HALLMARK_E2F_TARGETS	653	0.154798	false	-1.4641
HALLMARK_E2F_TARGETS	654	0.153306	false	-1.4665
HALLMARK_E2F_TARGETS	655	0.151813	false	-1.4673
HALLMARK_E2F_TARGETS	656	0.150321	false	-1.4839
HALLMARK_E2F_TARGETS	657	0.148828	false	-1.4846
HALLMARK_E2F_TARGETS	658	0.147336	false	-1.5006
HALLMARK_E2F_TARGETS	659	0.145843	false	-1.5069
HALLMARK_E2F_TARGETS	660	0.144351	false	-1.5136
HALLMARK_E2F_TARGETS	661	0.142858	false	-1.5229
HALLMARK_E2F_TARGETS	662	0.141366	false	-1.5247
HALLMARK_E2F_TARGETS	663	0.149828	true	-1.5438
HALLMARK_E2F_TARGETS	664	0.148336	false	-1.5594
HALLMARK_E2F_TARGETS	665	0.146843	false	-1.5606
HALLMARK_E2F_TARGETS	666	0.145351	false	-1.5767
HALLMARK_E2F_TARGETS	667	0.143858	false	-1.6026
HALLMARK_E2F_TARGETS	668	0.142366	false	-1.6035
HALLMARK_E2F_TARGETS	669	0.140873	false	-1.6053
HALLMARK_E2F_TARGETS	670	0.139381	false	-1.6161
HALLMARK_E2F_TARGETS	671	0.137888	false	-1.6239
HALLMARK_E2F_TARGETS	672	0.136396	false	-1.6421
HALLMARK_E2F_TARGETS	673	0.145435	true	-1.649
HALLMARK_E2F_TARGETS	674	0.143943	false	-1.6519
HALLMARK_E2F_TARGETS	675	0.14245	false	-1.6587
HALLMARK_E2F_TARGETS	676	0.140958	false	-1.6628
HALLMARK_E2F_TARGETS	677	0.139465	false	-1.6728
HALLMARK_E2F_TARGETS	678	0.137973	false	-1.6932
HALLMARK_E2F_TARGETS	679	0.13648	false	-1.698
HALLMARK_E2F_TARGETS	680	0.134988	false	-1.7064
HALLMARK_E2F_TARGETS	681	0.133495	false	-1.7117
HALLMARK_E2F_TARGETS	682	0.132002	false	-1.7133
HALLMARK_E2F_TARGETS	683	0.13051	false	-1.7147
HALLMARK_E2F_TARGETS	684	0.129017	false	-1.7156
HALLMARK_E2F_TARGETS	685	0.127525	false	-1.7212
HALLMARK_E2F_TARGETS	686	0.126032	false	-1.744
HALLMARK_E2F_TARGETS	687	0.12454	false	-1.7485
HALLMARK_E2F_TARGETS	688	0.123047	false	-1.7585
HALLMARK_E2F_TARGETS	689	0.121555	false	-1.7637
HALLMARK_E2F_TARGETS	690	0.120062	false	-1.7669
HALLMARK_E2F_TARGETS	691	0.11857	false	-1.7763
HALLMARK_E2F_TARGETS	692	0.117077	false	-1.8008
HALLMARK_E2F_TARGETS	693	0.115585	false	-1.8149
HALLMARK_E2F_TARGETS	694	0.114092	false	-1.8315
HALLMARK_E2F_TARGETS	695	0.112599	false	-1.8374
HALLMARK_E2F_TARGETS	696	0.111107	false	-1.8398
HALLMARK_E2F_TARGETS	697	0.109614	false	-1.8492
HALLMARK_E2F_TARGETS	698	0.108122	false	-1.8706
HALLMARK_E2F_TARGETS	699	0.106629	false	-1.8805
HALLMARK_E2F_TARGETS	700	0.105137	false	-1.8888
HALLMARK_E2F_TARGETS	701	0.115576	true	-1.9043
HALLMARK_E2F_TARGETS	702	0.114084	false	-1.9127
HALLMARK_E2F_TARGETS	703	0.112591	false	-1.9144
HALLMARK_E2F_TARGETS	704	0.111099	false	-1.9235
HALLMARK_E2F_TARGETS	705	0.109606	false	-1.9346
HALLMARK_E2F_TARGETS	706	0.108113	false	-1.959
HALLMARK_E2F_TARGETS	707	0.106621	false	-1.9649
HALLMARK_E2F_TARGETS	708	0.105128	false	-1.9725
HALLMARK_E2F_TARGETS	709	0.103636	false	-1.9815
HALLMARK_E2F_TARGETS	710	0.102143	false	-1.9909
HALLMARK_E2F_TARGETS	711	0.100651	false	-1.9961
HALLMARK_E2F_TARGETS	712	0.099158	false	-1.9977
HALLMARK_E2F_TARGETS	713	0.097666	false	-2.0156
HALLMARK_E2F_TARGETS	714	0.096173	false	-2.0215
HALLMARK_E2F_TARGETS	715	0.094681	false	-2.0552
HALLMARK_E2F_TARGETS	716	0.093188	false	-2.0694
HALLMARK_E2F_TARGETS	717	0.091696	false	-2.0711
HALLMARK_E2F_TARGETS	718	0.090203	false	-2.0825
HALLMARK_E2F_TARGETS	719	0.08871	false	-2.0857
HALLMARK_E2F_TARGETS	720	0.087218	false	-2.0887
HALLMARK_E2F_TARGETS	721	0.085725	false	-2.1022
HALLMARK_E2F_TARGETS	722	0.084233	false	-2.1033
HALLMARK_E2F_TARGETS	723	0.08274	false	-2.1224
HALLMARK_E2F_TARGETS	724	0.081248	false	-2.124
HALLMARK_E2F_TARGETS	725	0.079755	false	-2.1338
HALLMARK_E2F_TARGETS	726	0.078263	false	-2.1409
HALLMARK_E2F_TARGETS	727	0.07677	false	-2.1533
HALLMARK_E2F_TARGETS	728	0.075278	false	-2.1556
HALLMARK_E2F_TARGETS	729	0.073785	false	-2.1904
HALLMARK_E2F_TARGETS	730	0.072293	false	-2.2084
HALLMARK_E2F_TARGETS	731	0.0708	false	-2.2221
HALLMARK_E2F_TARGETS	732	0.069307	false	-2.2404
HALLMARK_E2F_TARGETS	733	0.067815	false	-2.2762
HALLMARK_E2F_TARGETS	734	0.066322	false	-2.277
HALLMARK_E2F_TARGETS	735	0.06483	false	-2.2859
HALLMARK_E2F_TARGETS	736	0.063337	false	-2.2867
HALLMARK_E2F_TARGETS	737	0.061845	false	-2.3006
HALLMARK_E2F_TARGETS	738	0.060352	false	-2.3008
HALLMARK_E2F_TARGETS	739	0.05886	false	-2.3092
HALLMARK_E2F_TARGETS	740	0.057367	false	-2.3113
HALLMARK_E2F_TARGETS	741	0.055875	false	-2.3209
HALLMARK_E2F_TARGETS	742	0.054382	false	-2.3246
HALLMARK_E2F_TARGETS	743	0.05289	false	-2.3249
HALLMARK_E2F_TARGETS	744	0.051397	false	-2.3372
HALLMARK_E2F_TARGETS	745	0.049905	false	-2.3376
HALLMARK_E2F_TARGETS	746	0.048412	false	-2.3729
HALLMARK_E2F_TARGETS	747	0.046919	false	-2.3745
HALLMARK_E2F_TARGETS	748	0.045427	false	-2.3938
HALLMARK_E2F_TARGETS	749	0.043934	false	-2.3982
HALLMARK_E2F_TARGETS	750	0.042442	false	-2.3993
HALLMARK_E2F_TARGETS	751	0.040949	false	-2.427
HALLMARK_E2F_TARGETS	752	0.039457	false	-2.4485
HALLMARK_E2F_TARGETS	753	0.037964	false	-2.456
HALLMARK_E2F_TARGETS	754	0.036472	false	-2.4671
HALLMARK_E2F_TARGETS	755	0.034979	false	-2.4884
HALLMARK_E2F_TARGETS	756	0.048663	true	-2.4962
HALLMARK_E2F_TARGETS	757	0.04717	false	-2.5051
HALLMARK_E2F_TARGETS	758	0.045678	false	-2.5234
HALLMARK_E2F_TARGETS	759	0.044185	false	-2.5266
HALLMARK_E2F_TARGETS	760	0.042693	false	-2.5353
HALLMARK_E2F_TARGETS	761	0.0412	false	-2.5386
HALLMARK_E2F_TARGETS	762	0.039708	false	-2.5623
HALLMARK_E2F_TARGETS	763	0.038215	false	-2.5644
HALLMARK_E2F_TARGETS	764	0.036723	false	-2.583
HALLMARK_E2F_TARGETS	765	0.03523	false	-2.5972
HALLMARK_E2F_TARGETS	766	0.033738	false	-2.6085
HALLMARK_E2F_TARGETS	767	0.032245	false	-2.6106
HALLMARK_E2F_TARGETS	768	0.030753	false	-2.6181
HALLMARK_E2F_TARGETS	769	0.02926	false	-2.6276
HALLMARK_E2F_TARGETS	770	0.027767	false	-2.6342
HALLMARK_E2F_TARGETS	771	0.026275	false	-2.6383
HALLMARK_E2F_TARGETS	772	0.024782	false	-2.6452
HALLMARK_E2F_TARGETS	773	0.02329	false	-2.6485
HALLMARK_E2F_TARGETS	774	0.021797	false	-2.6833
HALLMARK_E2F_TARGETS	775	0.020305	false	-2.6851
HALLMARK_E2F_TARGETS	776	0.018812	false	-2.7151
HALLMARK_E2F_TARGETS	777	0.01732	false	-2.7158
HALLMARK_E2F_TARGETS	778	0.015827	false	-2.7365
HALLMARK_E2F_TARGETS	779	0.014335	false	-2.751
HALLMARK_E2F_TARGETS	780	0.012842	false	-2.7772
HALLMARK_E2F_TARGETS	781	0.01135	false	-2.8051
HALLMARK_E2F_TARGETS	782	0.009857	false	-2.8281
HALLMARK_E2F_TARGETS	783	0.008364	false	-2.8281
HALLMARK_E2F_TARGETS	784	0.023881	true	-2.8304
HALLMARK_E2F_TARGETS	785	0.022388	false	-2.8423
HALLMARK_E2F_TARGETS	786	0.020896	false	-2.8458
HALLMARK_E2F_TARGETS	787	0.019403	false	-2.8515
HALLMARK_E2F_TARGETS	788	0.01791	false	-2.8642
HALLMARK_E2F_TARGETS	789	0.016418	false	-2.8772
HALLMARK_E2F_TARGETS	790	0.014925	false	-2.8842
HALLMARK_E2F_TARGETS	791	0.013433	false	-2.9113
HALLMARK_E2F_TARGETS	792	0.01194	false	-2.9174
HALLMARK_E2F_TARGETS	793	0.010448	false	-2.9291
HALLMARK_E2F_TARGETS	794	0.008955	false	-2.94
HALLMARK_E2F_TARGETS	795	0.007463	false	-2.949
HALLMARK_E2F_TARGETS	796	0.00597	false	-2.9577
HALLMARK_E2F_TARGETS	797	0.004478	false	-2.9677
HALLMARK_E2F_TARGETS	798	0.002985	false	-2.9696
HALLMARK_E2F_TARGETS	799	0.001493	false	-2.9879
HALLMARK_E2F_TARGETS	800	0.0	false	-3.0179
HALLMARK_MYC_TARGETS_V1	1	-0.001449	false	3.0009
HALLMARK_MYC_TARGETS_V1	2	-0.002899	false	2.9902
HALLMARK_MYC_TARGETS_V1	3	-0.004348	false	2.9875
HALLMARK_MYC_TARGETS_V1	4	-0.005797	false	2.9726
HALLMARK_MYC_TARGETS_V1	5	-0.007246	false	2.9417
HALLMARK_MYC_TARGETS_V1	6	-0.008696	false	2.9406
HALLMARK_MYC_TARGETS_V1	7	-0.010145	false	2.9399
HALLMARK_MYC_TARGETS_V1	8	-0.011594	false	2.9307
HALLMARK_MYC_TARGETS_V1	9	-0.013043	false	2.9029
HALLMARK_MYC_TARGETS_V1	10	-0.014493	false	2.8991
HALLMARK_MYC_TARGETS_V1	11	-0.015942	false	2.8789
HALLMARK_MYC_TARGETS_V1	12	-0.017391	false	2.8646
HALLMARK_MYC_TARGETS_V1	13	-0.018841	false	2.8608
HALLMARK_MYC_TARGETS_V1	14	-0.02029	false	2.8219
HALLMARK_MYC_TARGETS_V1	15	-0.021739	false	2.8215
HALLMARK_MYC_TARGETS_V1	16	-0.023188	false	2.8144
HALLMARK_MYC_TARGETS_V1	17	-0.024638	false	2.8019
HALLMARK_MYC_TARGETS_V1	18	-0.026087	false	2.7986
HALLMARK_MYC_TARGETS_V1	19	-0.027536	false	2.79
HALLMARK_MYC_TARGETS_V1	20	-0.028986	false	2.788
HALLMARK_MYC_TARGETS_V1	21	-0.030435	false	2.7698
HALLMARK_MYC_TARGETS_V1	22	-0.031884	false	2.7503
HALLMARK_MYC_TARGETS_V1	23	-0.033333	false	2.7499
HALLMARK_MYC_TARGETS_V1	24	-0.034783	false	2.7357
HALLMARK_MYC_TARGETS_V1	25	-0.036232	false	2.733
HALLMARK_MYC_TARGETS_V1	26	-0.037681	false	2.7329
HALLMARK_MYC_TARGETS_V1	27	-0.03913	false	2.6998
HALLMARK_MYC_TARGETS_V1	28	-0.04058	false	2.6978
HALLMARK_MYC_TARGETS_V1	29	-0.042029	false	2.6763
HALLMARK_MYC_TARGETS_V1	30	-0.043478	false	2.6701
HALLMARK_MYC_TARGETS_V1	31	-0.044928	false	2.6542
HALLMARK_MYC_TARGETS_V1	32	-0.046377	false	2.6529
HALLMARK_MYC_TARGETS_V1	33	-0.047826	false	2.6506
HALLMARK_MYC_TARGETS_V1	34	-0.049275	false	2.6248
HALLMARK_MYC_TARGETS_V1	35	-0.050725	false	2.5986
HALLMARK_MYC_TARGETS_V1	36	-0.052174	false	2.577
HALLMARK_MYC_TARGETS_V1	37	-0.053623	false	2.5746
HALLMARK_MYC_TARGETS_V1	38	-0.055072	false	2.5726
HALLMARK_MYC_TARGETS_V1	39	-0.056522	false	2.5448
HALLMARK_MYC_TARGETS_V1	40	-0.057971	false	2.5402
HALLMARK_MYC_TARGETS_V1	41	-0.05942	false	2.5391
HALLMARK_MYC_TARGETS_V1	42	-0.06087	false	2.5221
HALLMARK_MYC_TARGETS_V1	43	-0.062319	false	2.5102
HALLMARK_MYC_TARGETS_V1	44	-0.063768	false	2.5038
HALLMARK_MYC_TARGETS_V1	45	-0.065217	false	2.4973
HALLMARK_MYC_TARGETS_V1	46	-0.066667	false	2.4926
HALLMARK_MYC_TARGETS_V1	47	-0.068116	false	2.458
HALLMARK_MYC_TARGETS_V1	48	-0.069565	false	2.4563
HALLMARK_MYC_TARGETS_V1	49	-0.071014	false	2.4542
HALLMARK_MYC_TARGETS_V1	50	-0.072464	false	2.4409
HALLMARK_MYC_TARGETS_V1	51	-0.073913	false	2.4116
HALLMARK_MYC_TARGETS_V1	52	-0.075362	false	2.4043
HALLMARK_MYC_TARGETS_V1	53	-0.076812	false	2.3968
HALLMARK_MYC_TARGETS_V1	54	-0.078261	false	2.3878
HALLMARK_MYC_TARGETS_V1	55	-0.07971	false	2.3827
HALLMARK_MYC_TARGETS_V1	56	-0.081159	false	2.3796
HALLMARK_MYC_TARGETS_V1	57	-0.082609	false	2.3647
HALLMARK_MYC_TARGETS_V1	58	-0.084058	false	2.3576
HALLMARK_MYC_TARGETS_V1	59	-0.085507	false	2.3312
HALLMARK_MYC_TARGETS_V1	60	-0.086957	false	2.3196
HALLMARK_MYC_TARGETS_V1	61	-0.088406	false	2.3179
HALLMARK_MYC_TARGETS_V1	62	-0.089855	false	2.3045
HALLMARK_MYC_TARGETS_V1	63	-0.091304	false	2.2908
HALLMARK_MYC_TARGETS_V1	64	-0.092754	false	2.2778
HALLMARK_MYC_TARGETS_V1	65	-0.094203	false	2.2745
HALLMARK_MYC_TARGETS_V1	66	-0.095652	false	2.2685
HALLMARK_MYC_TARGETS_V1	67	-0.097101	false	2.2596
HALLMARK_MYC_TARGETS_V1	68	-0.098551	false	2.255
HALLMARK_MYC_TARGETS_V1	69	-0.1	false	2.2494
HALLMARK_MYC_TARGETS_V1	70	-0.101449	false	2.2373
HALLMARK_MYC_TARGETS_V1	71	-0.102899	false	2.2268
HALLMARK_MYC_TARGETS_V1	72	-0.104348	false	2.2091
HALLMARK_MYC_TARGETS_V1	73	-0.105797	false	2.2021
HALLMARK_MYC_TARGETS_V1	74	-0.107246	false	2.1931
HALLMARK_MYC_TARGETS_V1	75	-0.108696	false	2.1908
HALLMARK_MYC_TARGETS_V1	76	-0.110145	false	2.1862
HALLMARK_MYC_TARGETS_V1	77	-0.111594	false	2.1568
HALLMARK_MYC_TARGETS_V1	78	-0.113043	false	2.1533
HALLMARK_MYC_TARGETS_V1	79	-0.114493	false	2.1303
HALLMARK_MYC_TARGETS_V1	80	-0.115942	false	2.121
HALLMARK_MYC_TARGETS_V1	81	-0.117391	false	2.1054
HALLMARK_MYC_TARGETS_V1	82	-0.118841	false	2.0943
HALLMARK_MYC_TARGETS_V1	83	-0.12029	false	2.0755
HALLMARK_MYC_TARGETS_V1	84	-0.121739	false	2.073
HALLMARK_MYC_TARGETS_V1	85	-0.123188	false	2.0614
HALLMARK_MYC_TARGETS_V1	86	-0.124638	false	2.0446
HALLMARK_MYC_TARGETS_V1	87	-0.126087	false	2.0422
HALLMARK_MYC_TARGETS_V1	88	-0.127536	false	2.0419
HALLMARK_MYC_TARGETS_V1	89	-0.128986	false	2.015
HALLMARK_MYC_TARGETS_V1	90	-0.130435	false	1.9989
HALLMARK_MYC_TARGETS_V1	91	-0.131884	false	1.9893
HALLMARK_MYC_TARGETS_V1	92	-0.133333	false	1.9798
HALLMARK_MYC_TARGETS_V1	93	-0.134783	false	1.9744
HALLMARK_MYC_TARGETS_V1	94	-0.136232	false	1.9575
HALLMARK_MYC_TARGETS_V1	95	-0.137681	false	1.9541
HALLMARK_MYC_TARGETS_V1	96	-0.13913	false	1.9524
HALLMARK_MYC_TARGETS_V1	97	-0.14058	false	1.9295
HALLMARK_MYC_TARGETS_V1	98	-0.142029	false	1.9278
HALLMARK_MYC_TARGETS_V1	99	-0.143478	false	1.9277
HALLMARK_MYC_TARGETS_V1	100	-0.144928	false	1.9264
HALLMARK_MYC_TARGETS_V1	101	-0.146377	false	1.9237
HALLMARK_MYC_TARGETS_V1	102	-0.147826	false	1.8915
HALLMARK_MYC_TARGETS_V1	103	-0.149275	false	1.8907
HALLMARK_MYC_TARGETS_V1	104	-0.150725	false	1.8805
HALLMARK_MYC_TARGETS_V1	105	-0.152174	false	1.8545
HALLMARK_MYC_TARGETS_V1	106	-0.153623	false	1.8508
HALLMARK_MYC_TARGETS_V1	107	-0.155072	false	1.8416
HALLMARK_MYC_TARGETS_V1	108	-0.156522	false	1.832
HALLMARK_MYC_TARGETS_V1	109	-0.157971	false	1.8252
HALLMARK_MYC_TARGETS_V1	110	-0.15942	false	1.8234
HALLMARK_MYC_TARGETS_V1	111	-0.16087	false	1.7986
HALLMARK_MYC_TARGETS_V1	112	-0.162319	false	1.7686
HALLMARK_MYC_TARGETS_V1	113	-0.163768	false	1.765
HALLMARK_MYC_TARGETS_V1	114	-0.165217	false	1.7591
HALLMARK_MYC_TARGETS_V1	115	-0.166667	false	1.7533
HALLMARK_MYC_TARGETS_V1	116	-0.168116	false	1.7532
HALLMARK_MYC_TARGETS_V1	117	-0.169565	false	1.7419
HALLMARK_MYC_TARGETS_V1	118	-0.171014	false	1.7214
HALLMARK_MYC_TARGETS_V1	119	-0.172464	false	1.716
HALLMARK_MYC_TARGETS_V1	120	-0.173913	false	1.7104
HALLMARK_MYC_TARGETS_V1	121	-0.175362	false	1.7008
HALLMARK_MYC_TARGETS_V1	122	-0.176812	false	1.6974
HALLMARK_MYC_TARGETS_V1	123	-0.178261	false	1.6972
HALLMARK_MYC_TARGETS_V1	124	-0.17971	false	1.6778
HALLMARK_MYC_TARGETS_V1	125	-0.181159	false	1.6669
HALLMARK_MYC_TARGETS_V1	126	-0.182609	false	1.6514
HALLMARK_MYC_TARGETS_V1	127	-0.184058	false	1.6439
HALLMARK_MYC_TARGETS_V1	128	-0.185507	false	1.6294
HALLMARK_MYC_TARGETS_V1	129	-0.186957	false	1.6267
HALLMARK_MYC_TARGETS_V1	130	-0.188406	false	1.6237
HALLMARK_MYC_TARGETS_V1	131	-0.189855	false	1.6177
HALLMARK_MYC_TARGETS_V1	132	-0.191304	false	1.6006
HALLMARK_MYC_TARGETS_V1	133	-0.192754	false	1.5837
HALLMARK_MYC_TARGETS_V1	134	-0.194203	false	1.5675
HALLMARK_MYC_TARGETS_V1	135	-0.195652	false	1.5511
HALLMARK_MYC_TARGETS_V1	136	-0.197101	false	1.5463
HALLMARK_MYC_TARGETS_V1	137	-0.198551	false	1.5419
HALLMARK_MYC_TARGETS_V1	138	-0.2	false	1.5258
HALLMARK_MYC_TARGETS_V1	139	-0.201449	false	1.5249
HALLMARK_MYC_TARGETS_V1	140	-0.202899	false	1.5151
HALLMARK_MYC_TARGETS_V1	141	-0.204348	false	1.505
HALLMARK_MYC_TARGETS_V1	142	-0.205797	false	1.4984
HALLMARK_MYC_TARGETS_V1	143	-0.207246	false	1.4949
HALLMARK_MYC_TARGETS_V1	144	-0.208696	false	1.4851
HALLMARK_MYC_TARGETS_V1	145	-0.210145	false	1.4809
HALLMARK_MYC_TARGETS_V1	146	-0.211594	false	1.4712
HALLMARK_MYC_TARGETS_V1	147	-0.213043	false	1.4594
HALLMARK_MYC_TARGETS_V1	148	-0.214493	false	1.4433
HALLMARK_MYC_TARGETS_V1	149	-0.215942	false	1.4225
HALLMARK_MYC_TARGETS_V1	150	-0.217391	false	1.4184
HALLMARK_MYC_TARGETS_V1	151	-0.218841	false	1.4127
HALLMARK_MYC_TARGETS_V1	152	-0.22029	false	1.407
HALLMARK_MYC_TARGETS_V1	153	-0.221739	false	1.4011
HALLMARK_MYC_TARGETS_V1	154	-0.223188	false	1.3841
HALLMARK_MYC_TARGETS_V1	155	-0.224638	false	1.3795
HALLMARK_MYC_TARGETS_V1	156	-0.226087	false	1.3639
HALLMARK_MYC_TARGETS_V1	157	-0.227536	false	1.3546
HALLMARK_MYC_TARGETS_V1	158	-0.228986	false	1.3486
HALLMARK_MYC_TARGETS_V1	159	-0.230435	false	1.3411
HALLMARK_MYC_TARGETS_V1	160	-0.231884	false	1.3365
HALLMARK_MYC_TARGETS_V1	161	-0.233333	false	1.3341
HALLMARK_MYC_TARGETS_V1	162	-0.234783	false	1.3302
HALLMARK_MYC_TARGETS_V1	163	-0.236232	false	1.3147
HALLMARK_MYC_TARGETS_V1	164	-0.237681	false	1.3079
HALLMARK_MYC_TARGETS_V1	165	-0.23913	false	1.3054
HALLMARK_MYC_TARGETS_V1	166	-0.24058	false	1.3002
HALLMARK_MYC_TARGETS_V1	167	-0.242029	false	1.2912
HALLMARK_MYC_TARGETS_V1	168	-0.243478	false	1.2787
HALLMARK_MYC_TARGETS_V1	169	-0.244928	false	1.2549
HALLMARK_MYC_TARGETS_V1	170	-0.246377	false	1.2544
HALLMARK_MYC_TARGETS_V1	171	-0.247826	false	1.2504
HALLMARK_MYC_TARGETS_V1	172	-0.249275	false	1.2488
HALLMARK_MYC_TARGETS_V1	173	-0.250725	false	1.234
HALLMARK_MYC_TARGETS_V1	174	-0.252174	false	1.2139
HALLMARK_MYC_TARGETS_V1	175	-0.253623	false	1.2024
HALLMARK_MYC_TARGETS_V1	176	-0.255072	false	1.1962
HALLMARK_MYC_TARGETS_V1	177	-0.256522	false	1.1871
HALLMARK_MYC_TARGETS_V1	178	-0.257971	false	1.1815
HALLMARK_MYC_TARGETS_V1	179	-0.25942	false	1.1728
HALLMARK_MYC_TARGETS_V1	180	-0.26087	false	1.1721
HALLMARK_MYC_TARGETS_V1	181	-0.262319	false	1.1702
HALLMARK_MYC_TARGETS_V1	182	-0.263768	false	1.1629
HALLMARK_MYC_TARGETS_V1	183	-0.265217	false	1.15
HALLMARK_MYC_TARGETS_V1	184	-0.266667	false	1.135
HALLMARK_MYC_TARGETS_V1	185	-0.268116	false	1.1321
HALLMARK_MYC_TARGETS_V1	186	-0.269565	false	1.1148
HALLMARK_MYC_TARGETS_V1	187	-0.271014	false	1.0982
HALLMARK_MYC_TARGETS_V1	188	-0.272464	false	1.0824
HALLMARK_MYC_TARGETS_V1	189	-0.273913	false	1.0709
HALLMARK_MYC_TARGETS_V1	190	-0.275362	false	1.0634
HALLMARK_MYC_TARGETS_V1	191	-0.276812	false	1.0552
HALLMARK_MYC_TARGETS_V1	192	-0.278261	false	1.0523
HALLMARK_MYC_TARGETS_V1	193	-0.27971	false	1.0476
HALLMARK_MYC_TARGETS_V1	194	-0.281159	false	1.0368
HALLMARK_MYC_TARGETS_V1	195	-0.282609	false	1.031
HALLMARK_MYC_TARGETS_V1	196	-0.284058	false	1.0302
HALLMARK_MYC_TARGETS_V1	197	-0.285507	false	1.0239
HALLMARK_MYC_TARGETS_V1	198	-0.286957	false	1.0191
HALLMARK_MYC_TARGETS_V1	199	-0.288406	false	1.0052
HALLMARK_MYC_TARGETS_V1	200	-0.289855	false	0.9944
HALLMARK_MYC_TARGETS_V1	201	-0.291304	false	0.9805
HALLMARK_MYC_TARGETS_V1	202	-0.292754	false	0.9802
HALLMARK_MYC_TARGETS_V1	203	-0.294203	false	0.9774
HALLMARK_MYC_TARGETS_V1	204	-0.295652	false	0.9719
HALLMARK_MYC_TARGETS_V1	205	-0.297101	false	0.9712
HALLMARK_MYC_TARGETS_V1	206	-0.298551	false	0.9655
HALLMARK_MYC_TARGETS_V1	207	-0.3	false	0.9504
HALLMARK_MYC_TARGETS_V1	208	-0.301449	false	0.9313
HALLMARK_MYC_TARGETS_V1	209	-0.302899	false	0.9184
HALLMARK_MYC_TARGETS_V1	210	-0.304348	false	0.9055
HALLMARK_MYC_TARGETS_V1	211	-0.305797	false	0.9053
HALLMARK_MYC_TARGETS_V1	212	-0.307246	false	0.9002
HALLMARK_MYC_TARGETS_V1	213	-0.308696	false	0.891
HALLMARK_MYC_TARGETS_V1	214	-0.310145	false	0.8882
HALLMARK_MYC_TARGETS_V1	215	-0.311594	false	0.8851
HALLMARK_MYC_TARGETS_V1	216	-0.313043	false	0.8812
HALLMARK_MYC_TARGETS_V1	217	-0.314493	false	0.8761
HALLMARK_MYC_TARGETS_V1	218	-0.315942	false	0.8662
HALLMARK_MYC_TARGETS_V1	219	-0.317391	false	0.8636
HALLMARK_MYC_TARGETS_V1	220	-0.318841	false	0.8476
HALLMARK_MYC_TARGETS_V1	221	-0.32029	false	0.8424
HALLMARK_MYC_TARGETS_V1	222	-0.321739	false	0.8305
HALLMARK_MYC_TARGETS_V1	223	-0.323188	false	0.804
HALLMARK_MYC_TARGETS_V1	224	-0.324638	false	0.7893
HALLMARK_MYC_TARGETS_V1	225	-0.326087	false	0.7814
HALLMARK_MYC_TARGETS_V1	226	-0.327536	false	0.7739
HALLMARK_MYC_TARGETS_V1	227	-0.328986	false	0.7733
HALLMARK_MYC_TARGETS_V1	228	-0.330435	false	0.7619
HALLMARK_MYC_TARGETS_V1	229	-0.331884	false	0.7617
HALLMARK_MYC_TARGETS_V1	230	-0.333333	false	0.7587
HALLMARK_MYC_TARGETS_V1	231	-0.334783	false	0.7541
HALLMARK_MYC_TARGETS_V1	232	-0.336232	false	0.7455
HALLMARK_MYC_TARGETS_V1	233	-0.337681	false	0.7398
HALLMARK_MYC_TARGETS_V1	234	-0.33913	false	0.7346
HALLMARK_MYC_TARGETS_V1	235	-0.34058	false	0.7294
HALLMARK_MYC_TARGETS_V1	236	-0.342029	false	0.7143
HALLMARK_MYC_TARGETS_V1	237	-0.343478	false	0.7009
HALLMARK_MYC_TARGETS_V1	238	-0.344928	false	0.6962
HALLMARK_MYC_TARGETS_V1	239	-0.346377	false	0.6953
HALLMARK_MYC_TARGETS_V1	240	-0.347826	false	0.6882
HALLMARK_MYC_TARGETS_V1	241	-0.349275	false	0.6872
HALLMARK_MYC_TARGETS_V1	242	-0.350725	false	0.6758
HALLMARK_MYC_TARGETS_V1	243	-0.352174	false	0.6723
HALLMARK_MYC_TARGETS_V1	244	-0.353623	false	0.6674
HALLMARK_MYC_TARGETS_V1	245	-0.355072	false	0.6633
HALLMARK_MYC_TARGETS_V1	246	-0.356522	false	0.6488
HALLMARK_MYC_TARGETS_V1	247	-0.357971	false	0.6447
HALLMARK_MYC_TARGETS_V1	248	-0.35942	false	0.6329
HALLMARK_MYC_TARGETS_V1	249	-0.36087	false	0.6324
HALLMARK_MYC_TARGETS_V1	250	-0.362319	false	0.6188
HALLMARK_MYC_TARGETS_V1	251	-0.363768	false	0.6164
HALLMARK_MYC_TARGETS_V1	252	-0.365217	false	0.6053
HALLMARK_MYC_TARGETS_V1	253	-0.366667	false	0.6048
HALLMARK_MYC_TARGETS_V1	254	-0.368116	false	0.5951
HALLMARK_MYC_TARGETS_V1	255	-0.369565	false	0.5932
HALLMARK_MYC_TARGETS_V1	256	-0.371014	false	0.59
HALLMARK_MYC_TARGETS_V1	257	-0.372464	false	0.5718
HALLMARK_MYC_TARGETS_V1	258	-0.373913	false	0.5716
HALLMARK_MYC_TARGETS_V1	259	-0.37123	true	0.546
HALLMARK_MYC_TARGETS_V1	260	-0.372679	false	0.5341
HALLMARK_MYC_TARGETS_V1	261	-0.374129	false	0.5324
HALLMARK_MYC_TARGETS_V1	262	-0.375578	false	0.5309
HALLMARK_MYC_TARGETS_V1	263	-0.377027	false	0.5133
HALLMARK_MYC_TARGETS_V1	264	-0.378477	false	0.508
HALLMARK_MYC_TARGETS_V1	265	-0.379926	false	0.5035
HALLMARK_MYC_TARGETS_V1	266	-0.381375	false	0.5012
HALLMARK_MYC_TARGETS_V1	267	-0.382824	false	0.4932
HALLMARK_MYC_TARGETS_V1	268	-0.384274	false	0.4898
HALLMARK_MYC_TARGETS_V1	269	-0.385723	false	0.4799
HALLMARK_MYC_TARGETS_V1	270	-0.387172	false	0.4732
HALLMARK_MYC_TARGETS_V1	271	-0.388621	false	0.4714
HALLMARK_MYC_TARGETS_V1	272	-0.390071	false	0.4598
HALLMARK_MYC_TARGETS_V1	273	-0.39152	false	0.4575
HALLMARK_MYC_TARGETS_V1	274	-0.392969	false	0.4569
HALLMARK_MYC_TARGETS_V1	275	-0.394419	false	0.4538
HALLMARK_MYC_TARGETS_V1	276	-0.395868	false	0.4527
HALLMARK_MYC_TARGETS_V1	277	-0.397317	false	0.4492
HALLMARK_MYC_TARGETS_V1	278	-0.398766	false	0.4469
HALLMARK_MYC_TARGETS_V1	279	-0.400216	false	0.445
HALLMARK_MYC_TARGETS_V1	280	-0.401665	false	0.4412
HALLMARK_MYC_TARGETS_V1	281	-0.403114	false	0.44
HALLMARK_MYC_TARGETS_V1	282	-0.404564	false	0.43
HALLMARK_MYC_TARGETS_V1	283	-0.406013	false	0.4087
HALLMARK_MYC_TARGETS_V1	284	-0.407462	false	0.4077
HALLMARK_MYC_TARGETS_V1	285	-0.408911	false	0.407
HALLMARK_MYC_TARGETS_V1	286	-0.410361	false	0.4068
HALLMARK_MYC_TARGETS_V1	287	-0.41181	false	0.4003
HALLMARK_MYC_TARGETS_V1	288	-0.413259	false	0.3923
HALLMARK_MYC_TARGETS_V1	289	-0.414708	false	0.3865
HALLMARK_MYC_TARGETS_V1	290	-0.416158	false	0.3864
HALLMARK_MYC_TARGETS_V1	291	-0.417607	false	0.3853
HALLMARK_MYC_TARGETS_V1	292	-0.419056	false	0.3852
HALLMARK_MYC_TARGETS_V1	293	-0.420506	false	0.3627
HALLMARK_MYC_TARGETS_V1	294	-0.421955	false	0.3592
HALLMARK_MYC_TARGETS_V1	295	-0.423404	false	0.3475
HALLMARK_MYC_TARGETS_V1	296	-0.424853	false	0.3332
HALLMARK_MYC_TARGETS_V1	297	-0.426303	false	0.3288
HALLMARK_MYC_TARGETS_V1	298	-0.427752	false	0.3261
HALLMARK_MYC_TARGETS_V1	299	-0.429201	false	0.3173
HALLMARK_MYC_TARGETS_V1	300	-0.43065	false	0.3141
HALLMARK_MYC_TARGETS_V1	301	-0.4321	false	0.3127
HALLMARK_MYC_TARGETS_V1	302	-0.433549	false	0.3079
HALLMARK_MYC_TARGETS_V1	303	-0.434998	false	0.3068
HALLMARK_MYC_TARGETS_V1	304	-0.436448	false	0.3017
HALLMARK_MYC_TARGETS_V1	305	-0.437897	false	0.2986
HALLMARK_MYC_TARGETS_V1	306	-0.439346	false	0.2932
HALLMARK_MYC_TARGETS_V1	307	-0.440795	false	0.2913
HALLMARK_MYC_TARGETS_V1	308	-0.442245	false	0.2831
HALLMARK_MYC_TARGETS_V1	309	-0.443694	false	0.2778
HALLMARK_MYC_TARGETS_V1	310	-0.445143	false	0.2734
HALLMARK_MYC_TARGETS_V1	311	-0.446593	false	0.2732
HALLMARK_MYC_TARGETS_V1	312	-0.448042	false	0.267
HALLMARK_MYC_TARGETS_V1	313	-0.449491	false	0.2649
HALLMARK_MYC_TARGETS_V1	314	-0.45094	false	0.2378
HALLMARK_MYC_TARGETS_V1	315	-0.45239	false	0.2307
HALLMARK_MYC_TARGETS_V1	316	-0.453839	false	0.2286
HALLMARK_MYC_TARGETS_V1	317	-0.455288	false	0.228
HALLMARK_MYC_TARGETS_V1	318	-0.456737	false	0.2235
HALLMARK_MYC_TARGETS_V1	319	-0.458187	false	0.2216
HALLMARK_MYC_TARGETS_V1	320	-0.459636	false	0.2195
HALLMARK_MYC_TARGETS_V1	321	-0.461085	false	0.2192
HALLMARK_MYC_TARGETS_V1	322	-0.462535	false	0.217
HALLMARK_MYC_TARGETS_V1	323	-0.463984	false	0.2139
HALLMARK_MYC_TARGETS_V1	324	-0.465433	false	0.2139
HALLMARK_MYC_TARGETS_V1	325	-0.466882	false	0.2119
HALLMARK_MYC_TARGETS_V1	326	-0.468332	false	0.2101
HALLMARK_MYC_TARGETS_V1	327	-0.469781	false	0.2085
HALLMARK_MYC_TARGETS_V1	328	-0.47123	false	0.2044
HALLMARK_MYC_TARGETS_V1	329	-0.472679	false	0.2039
HALLMARK_MYC_TARGETS_V1	330	-0.474129	false	0.1972
HALLMARK_MYC_TARGETS_V1	331	-0.475578	false	0.1916
HALLMARK_MYC_TARGETS_V1	332	-0.477027	false	0.1913
HALLMARK_MYC_TARGETS_V1	333	-0.478477	false	0.19
HALLMARK_MYC_TARGETS_V1	334	-0.479926	false	0.1825
HALLMARK_MYC_TARGETS_V1	335	-0.481375	false	0.1809
HALLMARK_MYC_TARGETS_V1	336	-0.482824	false	0.1805
HALLMARK_MYC_TARGETS_V1	337	-0.484274	false	0.1724
HALLMARK_MYC_TARGETS_V1	338	-0.485723	false	0.1684
HALLMARK_MYC_TARGETS_V1	339	-0.487172	false	0.1657
HALLMARK_MYC_TARGETS_V1	340	-0.488621	false	0.1642
HALLMARK_MYC_TARGETS_V1	341	-0.490071	false	0.1638
HALLMARK_MYC_TARGETS_V1	342	-0.49152	false	0.1545
HALLMARK_MYC_TARGETS_V1	343	-0.492969	false	0.1353
HALLMARK_MYC_TARGETS_V1	344	-0.494419	false	0.1347
HALLMARK_MYC_TARGETS_V1	345	-0.495868	false	0.1296
HALLMARK_MYC_TARGETS_V1	346	-0.497317	false	0.1239
HALLMARK_MYC_TARGETS_V1	347	-0.498766	false	0.115
HALLMARK_MYC_TARGETS_V1	348	-0.500216	false	0.1108
HALLMARK_MYC_TARGETS_V1	349	-0.499672	true	0.1107
HALLMARK_MYC_TARGETS_V1	350	-0.501121	false	0.1043
HALLMARK_MYC_TARGETS_V1	351	-0.50257	false	0.1027
HALLMARK_MYC_TARGETS_V1	352	-0.50402	false	0.1016
HALLMARK_MYC_TARGETS_V1	353	-0.505469	false	0.0995
HALLMARK_MYC_TARGETS_V1	354	-0.506918	false	0.099
HALLMARK_MYC_TARGETS_V1	355	-0.508367	false	0.0986
HALLMARK_MYC_TARGETS_V1	356	-0.509817	false	0.0954
HALLMARK_MYC_TARGETS_V1	357	-0.511266	false	0.093
HALLMARK_MYC_TARGETS_V1	358	-0.512715	false	0.0883
HALLMARK_MYC_TARGETS_V1	359	-0.514165	false	0.0881
HALLMARK_MYC_TARGETS_V1	360	-0.515614	false	0.0876
HALLMARK_MYC_TARGETS_V1	361	-0.517063	false	0.0827
HALLMARK_MYC_TARGETS_V1	362	-0.518512	false	0.0775
HALLMARK_MYC_TARGETS_V1	363	-0.519962	false	0.0734
HALLMARK_MYC_TARGETS_V1	364	-0.519602	true	0.0733
HALLMARK_MYC_TARGETS_V1	365	-0.521051	false	0.0701
HALLMARK_MYC_TARGETS_V1	366	-0.5225	false	0.0684
HALLMARK_MYC_TARGETS_V1	367	-0.52395	false	0.062
HALLMARK_MYC_TARGETS_V1	368	-0.525399	false	0.0609
HALLMARK_MYC_TARGETS_V1	369	-0.526848	false	0.0569
HALLMARK_MYC_TARGETS_V1	370	-0.528297	false	0.0542
HALLMARK_MYC_TARGETS_V1	371	-0.529747	false	0.0529
HALLMARK_MYC_TARGETS_V1	372	-0.531196	false	0.0524
HALLMARK_MYC_TARGETS_V1	373	-0.532645	false	0.0499
HALLMARK_MYC_TARGETS_V1	374	-0.534094	false	0.0432
HALLMARK_MYC_TARGETS_V1	375	-0.535544	false	0.0411
HALLMARK_MYC_TARGETS_V1	376	-0.536993	false	0.0407
HALLMARK_MYC_TARGETS_V1	377	-0.538442	false	0.0384
HALLMARK_MYC_TARGETS_V1	378	-0.539892	false	0.0343
HALLMARK_MYC_TARGETS_V1	379	-0.541341	false	0.0321
HALLMARK_MYC_TARGETS_V1	380	-0.54279	false	0.0275
HALLMARK_MYC_TARGETS_V1	381	-0.544239	false	0.0233
HALLMARK_MYC_TARGETS_V1	382	-0.545689	false	0.0224
HALLMARK_MYC_TARGETS_V1	383	-0.547138	false	0.0203
HALLMARK_MYC_TARGETS_V1	384	-0.548587	false	0.0187
HALLMARK_MYC_TARGETS_V1	385	-0.550036	false	0.0152
HALLMARK_MYC_TARGETS_V1	386	-0.551486	false	0.0147
HALLMARK_MYC_TARGETS_V1	387	-0.552935	false	0.0126
HALLMARK_MYC_TARGETS_V1	388	-0.554384	false	0.0119
HALLMARK_MYC_TARGETS_V1	389	-0.555834	false	0.011
HALLMARK_MYC_TARGETS_V1	390	-0.557283	false	0.0097
HALLMARK_MYC_TARGETS_V1	391	-0.557236	true	0.0096
HALLMARK_MYC_TARGETS_V1	392	-0.558685	false	0.0079
HALLMARK_MYC_TARGETS_V1	393	-0.560134	false	0.0061
HALLMARK_MYC_TARGETS_V1	394	-0.561584	false	0.0057
HALLMARK_MYC_TARGETS_V1	395	-0.563033	false	0.0035
HALLMARK_MYC_TARGETS_V1	396	-0.564482	false	-0.0032
HALLMARK_MYC_TARGETS_V1	397	-0.565931	false	-0.0049
HALLMARK_MYC_TARGETS_V1	398	-0.567381	false	-0.0059
HALLMARK_MYC_TARGETS_V1	399	-0.56883	false	-0.0077
HALLMARK_MYC_TARGETS_V1	400	-0.570279	false	-0.0102
HALLMARK_MYC_TARGETS_V1	401	-0.571728	false	-0.0107
HALLMARK_MYC_TARGETS_V1	402	-0.573178	false	-0.0119
HALLMARK_MYC_TARGETS_V1	403	-0.574627	false	-0.0123
HALLMARK_MYC_TARGETS_V1	404	-0.576076	false	-0.0188
HALLMARK_MYC_TARGETS_V1	405	-0.577526	false	-0.0188
HALLMARK_MYC_TARGETS_V1	406	-0.578975	false	-0.019
HALLMARK_MYC_TARGETS_V1	407	-0.580424	false	-0.0203
HALLMARK_MYC_TARGETS_V1	408	-0.581873	false	-0.0207
HALLMARK_MYC_TARGETS_V1	409	-0.583323	false	-0.0213
HALLMARK_MYC_TARGETS_V1	410	-0.584772	false	-0.0218
HALLMARK_MYC_TARGETS_V1	411	-0.586221	false	-0.0299
HALLMARK_MYC_TARGETS_V1	412	-0.587671	false	-0.0307
HALLMARK_MYC_TARGETS_V1	413	-0.58912	false	-0.0338
HALLMARK_MYC_TARGETS_V1	414	-0.590569	false	-0.0342
HALLMARK_MYC_TARGETS_V1	415	-0.592018	false	-0.0358
HALLMARK_MYC_TARGETS_V1	416	-0.593468	false	-0.0359
HALLMARK_MYC_TARGETS_V1	417	-0.594917	false	-0.0368
HALLMARK_MYC_TARGETS_V1	418	-0.596366	false	-0.0389
HALLMARK_MYC_TARGETS_V1	419	-0.597815	false	-0.0403
HALLMARK_MYC_TARGETS_V1	420	-0.597617	true	-0.0405
HALLMARK_MYC_TARGETS_V1	421	-0.599066	false	-0.042
HALLMARK_MYC_TARGETS_V1	422	-0.600515	false	-0.0445
HALLMARK_MYC_TARGETS_V1	423	-0.601964	false	-0.0466
HALLMARK_MYC_TARGETS_V1	424	-0.603414	false	-0.0504
HALLMARK_MYC_TARGETS_V1	425	-0.604863	false	-0.0513
HALLMARK_MYC_TARGETS_V1	426	-0.604584	true	-0.0567
HALLMARK_MYC_TARGETS_V1	427	-0.606034	false	-0.0571
HALLMARK_MYC_TARGETS_V1	428	-0.607483	false	-0.0585
HALLMARK_MYC_TARGETS_V1	429	-0.608932	false	-0.0593
HALLMARK_MYC_TARGETS_V1	430	-0.610381	false	-0.0637
HALLMARK_MYC_TARGETS_V1	431	-0.611831	false	-0.0653
HALLMARK_MYC_TARGETS_V1	432	-0.61328	false	-0.0687
HALLMARK_MYC_TARGETS_V1	433	-0.614729	false	-0.0723
HALLMARK_MYC_TARGETS_V1	434	-0.616178	false	-0.0751
HALLMARK_MYC_TARGETS_V1	435	-0.617628	false	-0.0755
HALLMARK_MYC_TARGETS_V1	436	-0.619077	false	-0.0781
HALLMARK_MYC_TARGETS_V1	437	-0.620526	false	-0.0855
HALLMARK_MYC_TARGETS_V1	438	-0.621976	false	-0.0865
HALLMARK_MYC_TARGETS_V1	439	-0.623425	false	-0.0888
HALLMARK_MYC_TARGETS_V1	440	-0.624874	false	-0.0889
HALLMARK_MYC_TARGETS_V1	441	-0.626323	false	-0.0898
HALLMARK_MYC_TARGETS_V1	442	-0.627773	false	-0.092
HALLMARK_MYC_TARGETS_V1	443	-0.627316	true	-0.093
HALLMARK_MYC_TARGETS_V1	444	-0.628765	false	-0.0937
HALLMARK_MYC_TARGETS_V1	445	-0.630214	false	-0.0966
HALLMARK_MYC_TARGETS_V1	446	-0.631664	false	-0.0981
HALLMARK_MYC_TARGETS_V1	447	-0.633113	false	-0.1039
HALLMARK_MYC_TARGETS_V1	448	-0.634562	false	-0.1059
HALLMARK_MYC_TARGETS_V1	449	-0.636011	false	-0.1069
HALLMARK_MYC_TARGETS_V1	450	-0.637461	false	-0.1091
HALLMARK_MYC_TARGETS_V1	451	-0.63891	false	-0.1125
HALLMARK_MYC_TARGETS_V1	452	-0.640359	false	-0.1125
HALLMARK_MYC_TARGETS_V1	453	-0.641808	false	-0.1158
HALLMARK_MYC_TARGETS_V1	454	-0.643258	false	-0.1159
HALLMARK_MYC_TARGETS_V1	455	-0.644707	false	-0.1183
HALLMARK_MYC_TARGETS_V1	456	-0.646156	false	-0.1279
HALLMARK_MYC_TARGETS_V1	457	-0.647606	false	-0.1358
HALLMARK_MYC_TARGETS_V1	458	-0.649055	false	-0.1402
HALLMARK_MYC_TARGETS_V1	459	-0.650504	false	-0.1411
HALLMARK_MYC_TARGETS_V1	460	-0.651953	false	-0.1452
HALLMARK_MYC_TARGETS_V1	461	-0.653403	false	-0.154
HALLMARK_MYC_TARGETS_V1	462	-0.654852	false	-0.1616
HALLMARK_MYC_TARGETS_V1	463	-0.656301	false	-0.1661
HALLMARK_MYC_TARGETS_V1	464	-0.657751	false	-0.1745
HALLMARK_MYC_TARGETS_V1	465	-0.6592	false	-0.1845
HALLMARK_MYC_TARGETS_V1	466	-0.660649	false	-0.1872
HALLMARK_MYC_TARGETS_V1	467	-0.662098	false	-0.1887
HALLMARK_MYC_TARGETS_V1	468	-0.663548	false	-0.1888
HALLMARK_MYC_TARGETS_V1	469	-0.664997	false	-0.191
HALLMARK_MYC_TARGETS_V1	470	-0.666446	false	-0.1917
HALLMARK_MYC_TARGETS_V1	471	-0.667895	false	-0.1938
HALLMARK_MYC_TARGETS_V1	472	-0.666921	true	-0.1983
HALLMARK_MYC_TARGETS_V1	473	-0.665931	true	-0.2014
HALLMARK_MYC_TARGETS_V1	474	-0.667381	false	-0.2028
HALLMARK_MYC_TARGETS_V1	475	-0.66883	false	-0.2069
HALLMARK_MYC_TARGETS_V1	476	-0.670279	false	-0.2081
HALLMARK_MYC_TARGETS_V1	477	-0.671728	false	-0.2111
HALLMARK_MYC_TARGETS_V1	478	-0.673178	false	-0.2155
HALLMARK_MYC_TARGETS_V1	479	-0.674627	false	-0.2168
HALLMARK_MYC_TARGETS_V1	480	-0.676076	false	-0.2183
HALLMARK_MYC_TARGETS_V1	481	-0.677526	false	-0.2208
HALLMARK_MYC_TARGETS_V1	482	-0.678975	false	-0.2239
HALLMARK_MYC_TARGETS_V1	483	-0.680424	false	-0.2269
HALLMARK_MYC_TARGETS_V1	484	-0.681873	false	-0.2282
HALLMARK_MYC_TARGETS_V1	485	-0.683323	false	-0.2312
HALLMARK_MYC_TARGETS_V1	486	-0.684772	false	-0.2424
HALLMARK_MYC_TARGETS_V1	487	-0.686221	false	-0.2432
HALLMARK_MYC_TARGETS_V1	488	-0.687671	false	-0.2458
HALLMARK_MYC_TARGETS_V1	489	-0.68912	false	-0.2869
HALLMARK_MYC_TARGETS_V1	490	-0.690569	false	-0.2898
HALLMARK_MYC_TARGETS_V1	491	-0.692018	false	-0.2959
HALLMARK_MYC_TARGETS_V1	492	-0.693468	false	-0.2997
HALLMARK_MYC_TARGETS_V1	493	-0.694917	false	-0.3039
HALLMARK_MYC_TARGETS_V1	494	-0.696366	false	-0.3121
HALLMARK_MYC_TARGETS_V1	495	-0.697815	false	-0.3157
HALLMARK_MYC_TARGETS_V1	496	-0.699265	false	-0.3181
HALLMARK_MYC_TARGETS_V1	497	-0.700714	false	-0.3231
HALLMARK_MYC_TARGETS_V1	498	-0.702163	false	-0.3232
HALLMARK_MYC_TARGETS_V1	499	-0.703613	false	-0.3241
HALLMARK_MYC_TARGETS_V1	500	-0.705062	false	-0.3245
HALLMARK_MYC_TARGETS_V1	501	-0.706511	false	-0.3332
HALLMARK_MYC_TARGETS_V1	502	-0.70796	false	-0.3335
HALLMARK_MYC_TARGETS_V1	503	-0.70941	false	-0.3372
HALLMARK_MYC_TARGETS_V1	504	-0.710859	false	-0.3612
HALLMARK_MYC_TARGETS_V1	505	-0.712308	false	-0.3624
HALLMARK_MYC_TARGETS_V1	506	-0.713757	false	-0.3658
HALLMARK_MYC_TARGETS_V1	507	-0.715207	false	-0.366
HALLMARK_MYC_TARGETS_V1	508	-0.716656	false	-0.372
HALLMARK_MYC_TARGETS_V1	509	-0.718105	false	-0.3874
HALLMARK_MYC_TARGETS_V1	510	-0.719555	false	-0.3896
HALLMARK_MYC_TARGETS_V1	511	-0.721004	false	-0.3964
HALLMARK_MYC_TARGETS_V1	512	-0.722453	false	-0.4086
HALLMARK_MYC_TARGETS_V1	513	-0.723902	false	-0.4086
HALLMARK_MYC_TARGETS_V1	514	-0.725352	false	-0.4121
HALLMARK_MYC_TARGETS_V1	515	-0.726801	false	-0.42
HALLMARK_MYC_TARGETS_V1	516	-0.72825	false	-0.4258
HALLMARK_MYC_TARGETS_V1	517	-0.7297	false	-0.4308
HALLMARK_MYC_TARGETS_V1	518	-0.731149	false	-0.4311
HALLMARK_MYC_TARGETS_V1	519	-0.732598	false	-0.4319
HALLMARK_MYC_TARGETS_V1	520	-0.734047	false	-0.4365
HALLMARK_MYC_TARGETS_V1	521	-0.735497	false	-0.4405
HALLMARK_MYC_TARGETS_V1	522	-0.736946	false	-0.4619
HALLMARK_MYC_TARGETS_V1	523	-0.738395	false	-0.4659
HALLMARK_MYC_TARGETS_V1	524	-0.739844	false	-0.4742
HALLMARK_MYC_TARGETS_V1	525	-0.741294	false	-0.4763
HALLMARK_MYC_TARGETS_V1	526	-0.738925	true	-0.482
HALLMARK_MYC_TARGETS_V1	527	-0.740375	false	-0.4886
HALLMARK_MYC_TARGETS_V1	528	-0.741824	false	-0.4913
HALLMARK_MYC_TARGETS_V1	529	-0.743273	false	-0.4977
HALLMARK_MYC_TARGETS_V1	530	-0.740783	true	-0.5067
HALLMARK_MYC_TARGETS_V1	531	-0.742233	false	-0.5148
HALLMARK_MYC_TARGETS_V1	532	-0.743682	false	-0.5158
HALLMARK_MYC_TARGETS_V1	533	-0.745131	false	-0.5249
HALLMARK_MYC_TARGETS_V1	534	-0.74658	false	-0.5454
HALLMARK_MYC_TARGETS_V1	535	-0.74803	false	-0.5488
HALLMARK_MYC_TARGETS_V1	536	-0.749479	false	-0.55
HALLMARK_MYC_TARGETS_V1	537	-0.746772	true	-0.5508
HALLMARK_MYC_TARGETS_V1	538	-0.748222	false	-0.5569
HALLMARK_MYC_TARGETS_V1	539	-0.749671	false	-0.5638
HALLMARK_MYC_TARGETS_V1	540	-0.75112	false	-0.5639
HALLMARK_MYC_TARGETS_V1	541	-0.75257	false	-0.5658
HALLMARK_MYC_TARGETS_V1	542	-0.754019	false	-0.5697
HALLMARK_MYC_TARGETS_V1	543	-0.755468	false	-0.5713
HALLMARK_MYC_TARGETS_V1	544	-0.752637	true	-0.576
HALLMARK_MYC_TARGETS_V1	545	-0.749797	true	-0.5781
HALLMARK_MYC_TARGETS_V1	546	-0.751246	false	-0.579
HALLMARK_MYC_TARGETS_V1	547	-0.752695	false	-0.5951
HALLMARK_MYC_TARGETS_V1	548	-0.754144	false	-0.604
HALLMARK_MYC_TARGETS_V1	549	-0.755594	false	-0.6132
HALLMARK_MYC_TARGETS_V1	550	-0.752505	true	-0.6285
HALLMARK_MYC_TARGETS_V1	551	-0.753955	false	-0.634
HALLMARK_MYC_TARGETS_V1	552	-0.755404	false	-0.6384
HALLMARK_MYC_TARGETS_V1	553	-0.756853	false	-0.6465
HALLMARK_MYC_TARGETS_V1	554	-0.758303	false	-0.6491
HALLMARK_MYC_TARGETS_V1	555	-0.759752	false	-0.6512
HALLMARK_MYC_TARGETS_V1	556	-0.761201	false	-0.6608
HALLMARK_MYC_TARGETS_V1	557	-0.757925	true	-0.6667
HALLMARK_MYC_TARGETS_V1	558	-0.759374	false	-0.6746
HALLMARK_MYC_TARGETS_V1	559	-0.760824	false	-0.6804
HALLMARK_MYC_TARGETS_V1	560	-0.762273	false	-0.6812
HALLMARK_MYC_TARGETS_V1	561	-0.763722	false	-0.6878
HALLMARK_MYC_TARGETS_V1	562	-0.765171	false	-0.6922
HALLMARK_MYC_TARGETS_V1	563	-0.766621	false	-0.6976
HALLMARK_MYC_TARGETS_V1	564	-0.76807	false	-0.7021
HALLMARK_MYC_TARGETS_V1	565	-0.769519	false	-0.7099
HALLMARK_MYC_TARGETS_V1	566	-0.770968	false	-0.7111
HALLMARK_MYC_TARGETS_V1	567	-0.772418	false	-0.7126
HALLMARK_MYC_TARGETS_V1	568	-0.773867	false	-0.7327
HALLMARK_MYC_TARGETS_V1	569	-0.775316	false	-0.7483
HALLMARK_MYC_TARGETS_V1	570	-0.776766	false	-0.7574
HALLMARK_MYC_TARGETS_V1	571	-0.778215	false	-0.77
HALLMARK_MYC_TARGETS_V1	572	-0.779664	false	-0.779
HALLMARK_MYC_TARGETS_V1	573	-0.781113	false	-0.7833
HALLMARK_MYC_TARGETS_V1	574	-0.782563	false	-0.7857
HALLMARK_MYC_TARGETS_V1	575	-0.784012	false	-0.7888
HALLMARK_MYC_TARGETS_V1	576	-0.785461	false	-0.7957
HALLMARK_MYC_TARGETS_V1	577	-0.786911	false	-0.8031
HALLMARK_MYC_TARGETS_V1	578	-0.78836	false	-0.8109
HALLMARK_MYC_TARGETS_V1	579	-0.789809	false	-0.817
HALLMARK_MYC_TARGETS_V1	580	-0.791258	false	-0.8286
HALLMARK_MYC_TARGETS_V1	581	-0.78714	true	-0.838
HALLMARK_MYC_TARGETS_V1	582	-0.78859	false	-0.8403
HALLMARK_MYC_TARGETS_V1	583	-0.790039	false	-0.8489
HALLMARK_MYC_TARGETS_V1	584	-0.791488	false	-0.8523
HALLMARK_MYC_TARGETS_V1	585	-0.792937	false	-0.8562
HALLMARK_MYC_TARGETS_V1	586	-0.794387	false	-0.8608
HALLMARK_MYC_TARGETS_V1	587	-0.795836	false	-0.8741
HALLMARK_MYC_TARGETS_V1	588	-0.797285	false	-0.8822
HALLMARK_MYC_TARGETS_V1	589	-0.798735	false	-0.9019
HALLMARK_MYC_TARGETS_V1	590	-0.800184	false	-0.9024
HALLMARK_MYC_TARGETS_V1	591	-0.801633	false	-0.9093
HALLMARK_MYC_TARGETS_V1	592	-0.803082	false	-0.9101
HALLMARK_MYC_TARGETS_V1	593	-0.804532	false	-0.9214
HALLMARK_MYC_TARGETS_V1	594	-0.805981	false	-0.9216
HALLMARK_MYC_TARGETS_V1	595	-0.80743	false	-0.9471
HALLMARK_MYC_TARGETS_V1	596	-0.80888	false	-0.9608
HALLMARK_MYC_TARGETS_V1	597	-0.810329	false	-0.9689
HALLMARK_MYC_TARGETS_V1	598	-0.805544	true	-0.9737
HALLMARK_MYC_TARGETS_V1	599	-0.800741	true	-0.9774
HALLMARK_MYC_TARGETS_V1	600	-0.80219	false	-0.9817
HALLMARK_MYC_TARGETS_V1	601	-0.80364	false	-0.9818
HALLMARK_MYC_TARGETS_V1	602	-0.805089	false	-1.0016
HALLMARK_MYC_TARGETS_V1	603	-0.806538	false	-1.0023
HALLMARK_MYC_TARGETS_V1	604	-0.801525	true	-1.0203
HALLMARK_MYC_TARGETS_V1	605	-0.802974	false	-1.0283
HALLMARK_MYC_TARGETS_V1	606	-0.804423	false	-1.036
HALLMARK_MYC_TARGETS_V1	607	-0.805873	false	-1.0553
HALLMARK_MYC_TARGETS_V1	608	-0.807322	false	-1.0569
HALLMARK_MYC_TARGETS_V1	609	-0.808771	false	-1.0739
HALLMARK_MYC_TARGETS_V1	610	-0.81022	false	-1.0792
HALLMARK_MYC_TARGETS_V1	611	-0.81167	false	-1.082
HALLMARK_MYC_TARGETS_V1	612	-0.813119	false	-1.082
HALLMARK_MYC_TARGETS_V1	613	-0.814568	false	-1.0874
HALLMARK_MYC_TARGETS_V1	614	-0.816018	false	-1.0979
HALLMARK_MYC_TARGETS_V1	615	-0.817467	false	-1.102
HALLMARK_MYC_TARGETS_V1	616	-0.818916	false	-1.12
HALLMARK_MYC_TARGETS_V1	617	-0.820365	false	-1.1236
HALLMARK_MYC_TARGETS_V1	618	-0.821815	false	-1.1262
HALLMARK_MYC_TARGETS_V1	619	-0.816191	true	-1.1444
HALLMARK_MYC_TARGETS_V1	620	-0.810448	true	-1.1687
HALLMARK_MYC_TARGETS_V1	621	-0.804696	true	-1.1705
HALLMARK_MYC_TARGETS_V1	622	-0.806146	false	-1.176
HALLMARK_MYC_TARGETS_V1	623	-0.807595	false	-1.178
HALLMARK_MYC_TARGETS_V1	624	-0.809044	false	-1.2115
HALLMARK_MYC_TARGETS_V1	625	-0.810493	false	-1.2167
HALLMARK_MYC_TARGETS_V1	626	-0.811943	false	-1.2194
HALLMARK_MYC_TARGETS_V1	627	-0.80595	true	-1.2195
HALLMARK_MYC_TARGETS_V1	628	-0.8074	false	-1.2224
HALLMARK_MYC_TARGETS_V1	629	-0.808849	false	-1.224
HALLMARK_MYC_TARGETS_V1	630	-0.810298	false	-1.2323
HALLMARK_MYC_TARGETS_V1	631	-0.804235	true	-1.2339
HALLMARK_MYC_TARGETS_V1	632	-0.805684	false	-1.2498
HALLMARK_MYC_TARGETS_V1	633	-0.799453	true	-1.268
HALLMARK_MYC_TARGETS_V1	634	-0.800903	false	-1.2702
HALLMARK_MYC_TARGETS_V1	635	-0.802352	false	-1.2865
HALLMARK_MYC_TARGETS_V1	636	-0.803801	false	-1.308
HALLMARK_MYC_TARGETS_V1	637	-0.805251	false	-1.3125
HALLMARK_MYC_TARGETS_V1	638	-0.798779	true	-1.317
HALLMARK_MYC_TARGETS_V1	639	-0.800228	false	-1.3251
HALLMARK_MYC_TARGETS_V1	640	-0.801678	false	-1.3289
HALLMARK_MYC_TARGETS_V1	641	-0.803127	false	-1.3304
HALLMARK_MYC_TARGETS_V1	642	-0.804576	false	-1.3499
HALLMARK_MYC_TARGETS_V1	643	-0.806025	false	-1.3519
HALLMARK_MYC_TARGETS_V1	644	-0.799277	true	-1.3733
HALLMARK_MYC_TARGETS_V1	645	-0.800727	false	-1.3791
HALLMARK_MYC_TARGETS_V1	646	-0.793931	true	-1.3828
HALLMARK_MYC_TARGETS_V1	647	-0.795381	false	-1.3881
HALLMARK_MYC_TARGETS_V1	648	-0.79683	false	-1.3904
HALLMARK_MYC_TARGETS_V1	649	-0.798279	false	-1.3962
HALLMARK_MYC_TARGETS_V1	650	-0.799728	false	-1.406
HALLMARK_MYC_TARGETS_V1	651	-0.792796	true	-1.4108
HALLMARK_MYC_TARGETS_V1	652	-0.794245	false	-1.4426
HALLMARK_MYC_TARGETS_V1	653	-0.787051	true	-1.4641
HALLMARK_MYC_TARGETS_V1	654	-0.7885	false	-1.4665
HALLMARK_MYC_TARGETS_V1	655	-0.78129	true	-1.4673
HALLMARK_MYC_TARGETS_V1	656	-0.773998	true	-1.4839
HALLMARK_MYC_TARGETS_V1	657	-0.775447	false	-1.4846
HALLMARK_MYC_TARGETS_V1	658	-0.776896	false	-1.5006
HALLMARK_MYC_TARGETS_V1	659	-0.769492	true	-1.5069
HALLMARK_MYC_TARGETS_V1	660	-0.762054	true	-1.5136
HALLMARK_MYC_TARGETS_V1	661	-0.75457	true	-1.5229
HALLMARK_MYC_TARGETS_V1	662	-0.75602	false	-1.5247
HALLMARK_MYC_TARGETS_V1	663	-0.748434	true	-1.5438
HALLMARK_MYC_TARGETS_V1	664	-0.740771	true	-1.5594
HALLMARK_MYC_TARGETS_V1	665	-0.733102	true	-1.5606
HALLMARK_MYC_TARGETS_V1	666	-0.725354	true	-1.5767
HALLMARK_MYC_TARGETS_V1	667	-0.726804	false	-1.6026
HALLMARK_MYC_TARGETS_V1	668	-0.728253	false	-1.6035
HALLMARK_MYC_TARGETS_V1	669	-0.729702	false	-1.6053
HALLMARK_MYC_TARGETS_V1	670	-0.731151	false	-1.6161
HALLMARK_MYC_TARGETS_V1	671	-0.732601	false	-1.6239
HALLMARK_MYC_TARGETS_V1	672	-0.724531	true	-1.6421
HALLMARK_MYC_TARGETS_V1	673	-0.725981	false	-1.649
HALLMARK_MYC_TARGETS_V1	674	-0.717863	true	-1.6519
HALLMARK_MYC_TARGETS_V1	675	-0.719313	false	-1.6587
HALLMARK_MYC_TARGETS_V1	676	-0.720762	false	-1.6628
HALLMARK_MYC_TARGETS_V1	677	-0.712542	true	-1.6728
HALLMARK_MYC_TARGETS_V1	678	-0.713991	false	-1.6932
HALLMARK_MYC_TARGETS_V1	679	-0.705647	true	-1.698
HALLMARK_MYC_TARGETS_V1	680	-0.697262	true	-1.7064
HALLMARK_MYC_TARGETS_V1	681	-0.688851	true	-1.7117
HALLMARK_MYC_TARGETS_V1	682	-0.680432	true	-1.7133
HALLMARK_MYC_TARGETS_V1	683	-0.681881	false	-1.7147
HALLMARK_MYC_TARGETS_V1	684	-0.68333	false	-1.7156
HALLMARK_MYC_TARGETS_V1	685	-0.68478	false	-1.7212
HALLMARK_MYC_TARGETS_V1	686	-0.686229	false	-1.744
HALLMARK_MYC_TARGETS_V1	687	-0.687678	false	-1.7485
HALLMARK_MYC_TARGETS_V1	688	-0.689127	false	-1.7585
HALLMARK_MYC_TARGETS_V1	689	-0.690577	false	-1.7637
HALLMARK_MYC_TARGETS_V1	690	-0.692026	false	-1.7669
HALLMARK_MYC_TARGETS_V1	691	-0.683297	true	-1.7763
HALLMARK_MYC_TARGETS_V1	692	-0.674448	true	-1.8008
HALLMARK_MYC_TARGETS_V1	693	-0.675898	false	-1.8149
HALLMARK_MYC_TARGETS_V1	694	-0.677347	false	-1.8315
HALLMARK_MYC_TARGETS_V1	695	-0.668318	true	-1.8374
HALLMARK_MYC_TARGETS_V1	696	-0.669767	false	-1.8398
HALLMARK_MYC_TARGETS_V1	697	-0.660681	true	-1.8492
HALLMARK_MYC_TARGETS_V1	698	-0.66213	false	-1.8706
HALLMARK_MYC_TARGETS_V1	699	-0.663579	false	-1.8805
HALLMARK_MYC_TARGETS_V1	700	-0.654298	true	-1.8888
HALLMARK_MYC_TARGETS_V1	701	-0.64494	true	-1.9043
HALLMARK_MYC_TARGETS_V1	702	-0.635541	true	-1.9127
HALLMARK_MYC_TARGETS_V1	703	-0.63699	false	-1.9144
HALLMARK_MYC_TARGETS_V1	704	-0.627539	true	-1.9235
HALLMARK_MYC_TARGETS_V1	705	-0.628988	false	-1.9346
HALLMARK_MYC_TARGETS_V1	706	-0.630437	false	-1.959
HALLMARK_MYC_TARGETS_V1	707	-0.620782	true	-1.9649
HALLMARK_MYC_TARGETS_V1	708	-0.622231	false	-1.9725
HALLMARK_MYC_TARGETS_V1	709	-0.62368	false	-1.9815
HALLMARK_MYC_TARGETS_V1	710	-0.613897	true	-1.9909
HALLMARK_MYC_TARGETS_V1	711	-0.604089	true	-1.9961
HALLMARK_MYC_TARGETS_V1	712	-0.605538	false	-1.9977
HALLMARK_MYC_TARGETS_V1	713	-0.606988	false	-2.0156
HALLMARK_MYC_TARGETS_V1	714	-0.597054	true	-2.0215
HALLMARK_MYC_TARGETS_V1	715	-0.598503	false	-2.0552
HALLMARK_MYC_TARGETS_V1	716	-0.599952	false	-2.0694
HALLMARK_MYC_TARGETS_V1	717	-0.589775	true	-2.0711
HALLMARK_MYC_TARGETS_V1	718	-0.591224	false	-2.0825
HALLMARK_MYC_TARGETS_V1	719	-0.580975	true	-2.0857
HALLMARK_MYC_TARGETS_V1	720	-0.582425	false	-2.0887
HALLMARK_MYC_TARGETS_V1	721	-0.572095	true	-2.1022
HALLMARK_MYC_TARGETS_V1	722	-0.573544	false	-2.1033
HALLMARK_MYC_TARGETS_V1	723	-0.574993	false	-2.1224
HALLMARK_MYC_TARGETS_V1	724	-0.576443	false	-2.124
HALLMARK_MYC_TARGETS_V1	725	-0.565957	true	-2.1338
HALLMARK_MYC_TARGETS_V1	726	-0.567406	false	-2.1409
HALLMARK_MYC_TARGETS_V1	727	-0.568856	false	-2.1533
HALLMARK_MYC_TARGETS_V1	728	-0.570305	false	-2.1556
HALLMARK_MYC_TARGETS_V1	729	-0.559541	true	-2.1904
HALLMARK_MYC_TARGETS_V1	730	-0.54869	true	-2.2084
HALLMARK_MYC_TARGETS_V1	731	-0.550139	false	-2.2221
HALLMARK_MYC_TARGETS_V1	732	-0.53913	true	-2.2404
HALLMARK_MYC_TARGETS_V1	733	-0.527945	true	-2.2762
HALLMARK_MYC_TARGETS_V1	734	-0.516756	true	-2.277
HALLMARK_MYC_TARGETS_V1	735	-0.505523	true	-2.2859
HALLMARK_MYC_TARGETS_V1	736	-0.506972	false	-2.2867
HALLMARK_MYC_TARGETS_V1	737	-0.495667	true	-2.3006
HALLMARK_MYC_TARGETS_V1	738	-0.497116	false	-2.3008
HALLMARK_MYC_TARGETS_V1	739	-0.498566	false	-2.3092
HALLMARK_MYC_TARGETS_V1	740	-0.500015	false	-2.3113
HALLMARK_MYC_TARGETS_V1	741	-0.488611	true	-2.3209
HALLMARK_MYC_TARGETS_V1	742	-0.477188	true	-2.3246
HALLMARK_MYC_TARGETS_V1	743	-0.478637	false	-2.3249
HALLMARK_MYC_TARGETS_V1	744	-0.467152	true	-2.3372
HALLMARK_MYC_TARGETS_V1	745	-0.468601	false	-2.3376
HALLMARK_MYC_TARGETS_V1	746	-0.47005	false	-2.3729
HALLMARK_MYC_TARGETS_V1	747	-0.4715	false	-2.3745
HALLMARK_MYC_TARGETS_V1	748	-0.472949	false	-2.3938
HALLMARK_MYC_TARGETS_V1	749	-0.474398	false	-2.3982
HALLMARK_MYC_TARGETS_V1	750	-0.462608	true	-2.3993
HALLMARK_MYC_TARGETS_V1	751	-0.464058	false	-2.427
HALLMARK_MYC_TARGETS_V1	752	-0.452026	true	-2.4485
HALLMARK_MYC_TARGETS_V1	753	-0.439957	true	-2.456
HALLMARK_MYC_TARGETS_V1	754	-0.427834	true	-2.4671
HALLMARK_MYC_TARGETS_V1	755	-0.429283	false	-2.4884
HALLMARK_MYC_TARGETS_V1	756	-0.430733	false	-2.4962
HALLMARK_MYC_TARGETS_V1	757	-0.432182	false	-2.5051
HALLMARK_MYC_TARGETS_V1	758	-0.433631	false	-2.5234
HALLMARK_MYC_TARGETS_V1	759	-0.421216	true	-2.5266
HALLMARK_MYC_TARGETS_V1	760	-0.408757	true	-2.5353
HALLMARK_MYC_TARGETS_V1	761	-0.396283	true	-2.5386
HALLMARK_MYC_TARGETS_V1	762	-0.397732	false	-2.5623
HALLMARK_MYC_TARGETS_V1	763	-0.385131	true	-2.5644
HALLMARK_MYC_TARGETS_V1	764	-0.372438	true	-2.583
HALLMARK_MYC_TARGETS_V1	765	-0.359676	true	-2.5972
HALLMARK_MYC_TARGETS_V1	766	-0.346858	true	-2.6085
HALLMARK_MYC_TARGETS_V1	767	-0.348307	false	-2.6106
HALLMARK_MYC_TARGETS_V1	768	-0.335442	true	-2.6181
HALLMARK_MYC_TARGETS_V1	769	-0.32253	true	-2.6276
HALLMARK_MYC_TARGETS_V1	770	-0.309586	true	-2.6342
HALLMARK_MYC_TARGETS_V1	771	-0.296622	true	-2.6383
HALLMARK_MYC_TARGETS_V1	772	-0.283623	true	-2.6452
HALLMARK_MYC_TARGETS_V1	773	-0.270609	true	-2.6485
HALLMARK_MYC_TARGETS_V1	774	-0.257423	true	-2.6833
HALLMARK_MYC_TARGETS_V1	775	-0.244229	true	-2.6851
HALLMARK_MYC_TARGETS_V1	776	-0.245678	false	-2.7151
HALLMARK_MYC_TARGETS_V1	777	-0.247127	false	-2.7158
HALLMARK_MYC_TARGETS_V1	778	-0.23368	true	-2.7365
HALLMARK_MYC_TARGETS_V1	779	-0.220162	true	-2.751
HALLMARK_MYC_TARGETS_V1	780	-0.206515	true	-2.7772
HALLMARK_MYC_TARGETS_V1	781	-0.207964	false	-2.8051
HALLMARK_MYC_TARGETS_V1	782	-0.194067	true	-2.8281
HALLMARK_MYC_TARGETS_V1	783	-0.195517	false	-2.8281
HALLMARK_MYC_TARGETS_V1	784	-0.181608	true	-2.8304
HALLMARK_MYC_TARGETS_V1	785	-0.167641	true	-2.8423
HALLMARK_MYC_TARGETS_V1	786	-0.153658	true	-2.8458
HALLMARK_MYC_TARGETS_V1	787	-0.139646	true	-2.8515
HALLMARK_MYC_TARGETS_V1	788	-0.141095	false	-2.8642
HALLMARK_MYC_TARGETS_V1	789	-0.126956	true	-2.8772
HALLMARK_MYC_TARGETS_V1	790	-0.112784	true	-2.8842
HALLMARK_MYC_TARGETS_V1	791	-0.098478	true	-2.9113
HALLMARK_MYC_TARGETS_V1	792	-0.084142	true	-2.9174
HALLMARK_MYC_TARGETS_V1	793	-0.069748	true	-2.9291
HALLMARK_MYC_TARGETS_V1	794	-0.055302	true	-2.94
HALLMARK_MYC_TARGETS_V1	795	-0.040811	true	-2.949
HALLMARK_MYC_TARGETS_V1	796	-0.026277	true	-2.9577
HALLMARK_MYC_TARGETS_V1	797	-0.011694	true	-2.9677
HALLMARK_MYC_TARGETS_V1	798	0.002899	true	-2.9696
HALLMARK_MYC_TARGETS_V1	799	0.001449	false	-2.9879
HALLMARK_MYC_TARGETS_V1	800	0.0	false	-3.0179
HALLMARK_TNFA_SIGNALING_VIA_NFKB	1	-0.001399	false	3.0009
HALLMARK_TNFA_SIGNALING_VIA_NFKB	2	-0.002797	false	2.9902
HALLMARK_TNFA_SIGNALING_VIA_NFKB	3	-0.004196	false	2.9875
HALLMARK_TNFA_SIGNALING_VIA_NFKB	4	-0.005594	false	2.9726
HALLMARK_TNFA_SIGNALING_VIA_NFKB	5	-0.006993	false	2.9417
HALLMARK_TNFA_SIGNALING_VIA_NFKB	6	-0.008392	false	2.9406
HALLMARK_TNFA_SIGNALING_VIA_NFKB	7	-0.00979	false	2.9399
HALLMARK_TNFA_SIGNALING_VIA_NFKB	8	-0.011189	false	2.9307
HALLMARK_TNFA_SIGNALING_VIA_NFKB	9	-0.012587	false	2.9029
HALLMARK_TNFA_SIGNALING_VIA_NFKB	10	-0.013986	false	2.8991
HALLMARK_TNFA_SIGNALING_VIA_NFKB	11	-0.015385	false	2.8789
HALLMARK_TNFA_SIGNALING_VIA_NFKB	12	-0.016783	false	2.8646
HALLMARK_TNFA_SIGNALING_VIA_NFKB	13	-0.018182	false	2.8608
HALLMARK_TNFA_SIGNALING_VIA_NFKB	14	-0.01958	false	2.8219
HALLMARK_TNFA_SIGNALING_VIA_NFKB	15	0.003486	true	2.8215
HALLMARK_TNFA_SIGNALING_VIA_NFKB	16	0.002088	false	2.8144
HALLMARK_TNFA_SIGNALING_VIA_NFKB	17	0.000689	false	2.8019
HALLMARK_TNFA_SIGNALING_VIA_NFKB	18	-0.00071	false	2.7986
HALLMARK_TNFA_SIGNALING_VIA_NFKB	19	-0.002108	false	2.79
HALLMARK_TNFA_SIGNALING_VIA_NFKB	20	-0.003507	false	2.788
HALLMARK_TNFA_SIGNALING_VIA_NFKB	21	-0.004905	false	2.7698
HALLMARK_TNFA_SIGNALING_VIA_NFKB	22	-0.006304	false	2.7503
HALLMARK_TNFA_SIGNALING_VIA_NFKB	23	-0.007703	false	2.7499
HALLMARK_TNFA_SIGNALING_VIA_NFKB	24	-0.009101	false	2.7357
HALLMARK_TNFA_SIGNALING_VIA_NFKB	25	-0.0105	false	2.733
HALLMARK_TNFA_SIGNALING_VIA_NFKB	26	-0.011898	false	2.7329
HALLMARK_TNFA_SIGNALING_VIA_NFKB	27	-0.013297	false	2.6998
HALLMARK_TNFA_SIGNALING_VIA_NFKB	28	-0.014696	false	2.6978
HALLMARK_TNFA_SIGNALING_VIA_NFKB	29	-0.016094	false	2.6763
HALLMARK_TNFA_SIGNALING_VIA_NFKB	30	-0.017493	false	2.6701
HALLMARK_TNFA_SIGNALING_VIA_NFKB	31	-0.018891	false	2.6542
HALLMARK_TNFA_SIGNALING_VIA_NFKB	32	-0.02029	false	2.6529
HALLMARK_TNFA_SIGNALING_VIA_NFKB	33	-0.021689	false	2.6506
HALLMARK_TNFA_SIGNALING_VIA_NFKB	34	-0.023087	false	2.6248
HALLMARK_TNFA_SIGNALING_VIA_NFKB	35	-0.024486	false	2.5986
HALLMARK_TNFA_SIGNALING_VIA_NFKB	36	-0.025884	false	2.577
HALLMARK_TNFA_SIGNALING_VIA_NFKB	37	-0.027283	false	2.5746
HALLMARK_TNFA_SIGNALING_VIA_NFKB	38	-0.028682	false	2.5726
HALLMARK_TNFA_SIGNALING_VIA_NFKB	39	-0.03008	false	2.5448
HALLMARK_TNFA_SIGNALING_VIA_NFKB	40	-0.031479	false	2.5402
HALLMARK_TNFA_SIGNALING_VIA_NFKB	41	-0.032877	false	2.5391
HALLMARK_TNFA_SIGNALING_VIA_NFKB	42	-0.034276	false	2.5221
HALLMARK_TNFA_SIGNALING_VIA_NFKB	43	-0.035675	false	2.5102
HALLMARK_TNFA_SIGNALING_VIA_NFKB	44	-0.037073	false	2.5038
HALLMARK_TNFA_SIGNALING_VIA_NFKB	45	-0.038472	false	2.4973
HALLMARK_TNFA_SIGNALING_VIA_NFKB	46	-0.03987	false	2.4926
HALLMARK_TNFA_SIGNALING_VIA_NFKB	47	-0.041269	false	2.458
HALLMARK_TNFA_SIGNALING_VIA_NFKB	48	-0.042668	false	2.4563
HALLMARK_TNFA_SIGNALING_VIA_NFKB	49	-0.044066	false	2.4542
HALLMARK_TNFA_SIGNALING_VIA_NFKB	50	-0.045465	false	2.4409
HALLMARK_TNFA_SIGNALING_VIA_NFKB	51	-0.046863	false	2.4116
HALLMARK_TNFA_SIGNALING_VIA_NFKB	52	-0.048262	false	2.4043
HALLMARK_TNFA_SIGNALING_VIA_NFKB	53	-0.049661	false	2.3968
HALLMARK_TNFA_SIGNALING_VIA_NFKB	54	-0.051059	false	2.3878
HALLMARK_TNFA_SIGNALING_VIA_NFKB	55	-0.052458	false	2.3827
HALLMARK_TNFA_SIGNALING_VIA_NFKB	56	-0.053856	false	2.3796
HALLMARK_TNFA_SIGNALING_VIA_NFKB	57	-0.055255	false	2.3647
HALLMARK_TNFA_SIGNALING_VIA_NFKB	58	-0.056654	false	2.3576
HALLMARK_TNFA_SIGNALING_VIA_NFKB	59	-0.058052	false	2.3312
HALLMARK_TNFA_SIGNALING_VIA_NFKB	60	-0.059451	false	2.3196
HALLMARK_TNFA_SIGNALING_VIA_NFKB	61	-0.060849	false	2.3179
HALLMARK_TNFA_SIGNALING_VIA_NFKB	62	-0.062248	false	2.3045
HALLMARK_TNFA_SIGNALING_VIA_NFKB	63	-0.063647	false	2.2908
HALLMARK_TNFA_SIGNALING_VIA_NFKB	64	-0.065045	false	2.2778
HALLMARK_TNFA_SIGNALING_VIA_NFKB	65	-0.066444	false	2.2745
HALLMARK_TNFA_SIGNALING_VIA_NFKB	66	-0.067842	false	2.2685
HALLMARK_TNFA_SIGNALING_VIA_NFKB	67	-0.069241	false	2.2596
HALLMARK_TNFA_SIGNALING_VIA_NFKB	68	-0.07064	false	2.255
HALLMARK_TNFA_SIGNALING_VIA_NFKB	69	-0.072038	false	2.2494
HALLMARK_TNFA_SIGNALING_VIA_NFKB	70	-0.073437	false	2.2373
HALLMARK_TNFA_SIGNALING_VIA_NFKB	71	-0.074835	false	2.2268
HALLMARK_TNFA_SIGNALING_VIA_NFKB	72	-0.076234	false	2.2091
HALLMARK_TNFA_SIGNALING_VIA_NFKB	73	-0.077633	false	2.2021
HALLMARK_TNFA_SIGNALING_VIA_NFKB	74	-0.079031	false	2.1931
HALLMARK_TNFA_SIGNALING_VIA_NFKB	75	-0.08043	false	2.1908
HALLMARK_TNFA_SIGNALING_VIA_NFKB	76	-0.081828	false	2.1862
HALLMARK_TNFA_SIGNALING_VIA_NFKB	77	-0.083227	false	2.1568
HALLMARK_TNFA_SIGNALING_VIA_NFKB	78	-0.084626	false	2.1533
HALLMARK_TNFA_SIGNALING_VIA_NFKB	79	-0.086024	false	2.1303
HALLMARK_TNFA_SIGNALING_VIA_NFKB	80	-0.087423	false	2.121
HALLMARK_TNFA_SIGNALING_VIA_NFKB	81	-0.088821	false	2.1054
HALLMARK_TNFA_SIGNALING_VIA_NFKB	82	-0.09022	false	2.0943
HALLMARK_TNFA_SIGNALING_VIA_NFKB	83	-0.091619	false	2.0755
HALLMARK_TNFA_SIGNALING_VIA_NFKB	84	-0.093017	false	2.073
HALLMARK_TNFA_SIGNALING_VIA_NFKB	85	-0.094416	false	2.0614
HALLMARK_TNFA_SIGNALING_VIA_NFKB	86	-0.095815	false	2.0446
HALLMARK_TNFA_SIGNALING_VIA_NFKB	87	-0.097213	false	2.0422
HALLMARK_TNFA_SIGNALING_VIA_NFKB	88	-0.098612	false	2.0419
HALLMARK_TNFA_SIGNALING_VIA_NFKB	89	-0.10001	false	2.015
HALLMARK_TNFA_SIGNALING_VIA_NFKB	90	-0.101409	false	1.9989
HALLMARK_TNFA_SIGNALING_VIA_NFKB	91	-0.102808	false	1.9893
HALLMARK_TNFA_SIGNALING_VIA_NFKB	92	-0.104206	false	1.9798
HALLMARK_TNFA_SIGNALING_VIA_NFKB	93	-0.105605	false	1.9744
HALLMARK_TNFA_SIGNALING_VIA_NFKB	94	-0.107003	false	1.9575
HALLMARK_TNFA_SIGNALING_VIA_NFKB	95	-0.108402	false	1.9541
HALLMARK_TNFA_SIGNALING_VIA_NFKB	96	-0.109801	false	1.9524
HALLMARK_TNFA_SIGNALING_VIA_NFKB	97	-0.111199	false	1.9295
HALLMARK_TNFA_SIGNALING_VIA_NFKB	98	-0.112598	false	1.9278
HALLMARK_TNFA_SIGNALING_VIA_NFKB	99	-0.113996	false	1.9277
HALLMARK_TNFA_SIGNALING_VIA_NFKB	100	-0.115395	false	1.9264
HALLMARK_TNFA_SIGNALING_VIA_NFKB	101	-0.116794	false	1.9237
HALLMARK_TNFA_SIGNALING_VIA_NFKB	102	-0.10133	true	1.8915
HALLMARK_TNFA_SIGNALING_VIA_NFKB	103	-0.102729	false	1.8907
HALLMARK_TNFA_SIGNALING_VIA_NFKB	104	-0.104127	false	1.8805
HALLMARK_TNFA_SIGNALING_VIA_NFKB	105	-0.105526	false	1.8545
HALLMARK_TNFA_SIGNALING_VIA_NFKB	106	-0.106924	false	1.8508
HALLMARK_TNFA_SIGNALING_VIA_NFKB	107	-0.108323	false	1.8416
HALLMARK_TNFA_SIGNALING_VIA_NFKB	108	-0.109722	false	1.832
HALLMARK_TNFA_SIGNALING_VIA_NFKB	109	-0.11112	false	1.8252
HALLMARK_TNFA_SIGNALING_VIA_NFKB	110	-0.112519	false	1.8234
HALLMARK_TNFA_SIGNALING_VIA_NFKB	111	-0.113917	false	1.7986
HALLMARK_TNFA_SIGNALING_VIA_NFKB	112	-0.115316	false	1.7686
HALLMARK_TNFA_SIGNALING_VIA_NFKB	113	-0.116715	false	1.765
HALLMARK_TNFA_SIGNALING_VIA_NFKB	114	-0.118113	false	1.7591
HALLMARK_TNFA_SIGNALING_VIA_NFKB	115	-0.119512	false	1.7533
HALLMARK_TNFA_SIGNALING_VIA_NFKB	116	-0.12091	false	1.7532
HALLMARK_TNFA_SIGNALING_VIA_NFKB	117	-0.122309	false	1.7419
HALLMARK_TNFA_SIGNALING_VIA_NFKB	118	-0.123708	false	1.7214
HALLMARK_TNFA_SIGNALING_VIA_NFKB	119	-0.125106	false	1.716
HALLMARK_TNFA_SIGNALING_VIA_NFKB	120	-0.126505	false	1.7104
HALLMARK_TNFA_SIGNALING_VIA_NFKB	121	-0.127903	false	1.7008
HALLMARK_TNFA_SIGNALING_VIA_NFKB	122	-0.129302	false	1.6974
HALLMARK_TNFA_SIGNALING_VIA_NFKB	123	-0.130701	false	1.6972
HALLMARK_TNFA_SIGNALING_VIA_NFKB	124	-0.132099	false	1.6778
HALLMARK_TNFA_SIGNALING_VIA_NFKB	125	-0.133498	false	1.6669
HALLMARK_TNFA_SIGNALING_VIA_NFKB	126	-0.134896	false	1.6514
HALLMARK_TNFA_SIGNALING_VIA_NFKB	127	-0.136295	false	1.6439
HALLMARK_TNFA_SIGNALING_VIA_NFKB	128	-0.137694	false	1.6294
HALLMARK_TNFA_SIGNALING_VIA_NFKB	129	-0.139092	false	1.6267
HALLMARK_TNFA_SIGNALING_VIA_NFKB	130	-0.140491	false	1.6237
HALLMARK_TNFA_SIGNALING_VIA_NFKB	131	-0.141889	false	1.6177
HALLMARK_TNFA_SIGNALING_VIA_NFKB	132	-0.143288	false	1.6006
HALLMARK_TNFA_SIGNALING_VIA_NFKB	133	-0.144687	false	1.5837
HALLMARK_TNFA_SIGNALING_VIA_NFKB	134	-0.146085	false	1.5675
HALLMARK_TNFA_SIGNALING_VIA_NFKB	135	-0.147484	false	1.5511
HALLMARK_TNFA_SIGNALING_VIA_NFKB	136	-0.148882	false	1.5463
HALLMARK_TNFA_SIGNALING_VIA_NFKB	137	-0.150281	false	1.5419
HALLMARK_TNFA_SIGNALING_VIA_NFKB	138	-0.15168	false	1.5258
HALLMARK_TNFA_SIGNALING_VIA_NFKB	139	-0.153078	false	1.5249
HALLMARK_TNFA_SIGNALING_VIA_NFKB	140	-0.154477	false	1.5151
HALLMARK_TNFA_SIGNALING_VIA_NFKB	141	-0.155875	false	1.505
HALLMARK_TNFA_SIGNALING_VIA_NFKB	142	-0.157274	false	1.4984
HALLMARK_TNFA_SIGNALING_VIA_NFKB	143	-0.158673	false	1.4949
HALLMARK_TNFA_SIGNALING_VIA_NFKB	144	-0.160071	false	1.4851
HALLMARK_TNFA_SIGNALING_VIA_NFKB	145	-0.16147	false	1.4809
HALLMARK_TNFA_SIGNALING_VIA_NFKB	146	-0.162868	false	1.4712
HALLMARK_TNFA_SIGNALING_VIA_NFKB	147	-0.164267	false	1.4594
HALLMARK_TNFA_SIGNALING_VIA_NFKB	148	-0.165666	false	1.4433
HALLMARK_TNFA_SIGNALING_VIA_NFKB	149	-0.167064	false	1.4225
HALLMARK_TNFA_SIGNALING_VIA_NFKB	150	-0.168463	false	1.4184
HALLMARK_TNFA_SIGNALING_VIA_NFKB	151	-0.169861	false	1.4127
HALLMARK_TNFA_SIGNALING_VIA_NFKB	152	-0.17126	false	1.407
HALLMARK_TNFA_SIGNALING_VIA_NFKB	153	-0.172659	false	1.4011
HALLMARK_TNFA_SIGNALING_VIA_NFKB	154	-0.174057	false	1.3841
HALLMARK_TNFA_SIGNALING_VIA_NFKB	155	-0.175456	false	1.3795
HALLMARK_TNFA_SIGNALING_VIA_NFKB	156	-0.176854	false	1.3639
HALLMARK_TNFA_SIGNALING_VIA_NFKB	157	-0.178253	false	1.3546
HALLMARK_TNFA_SIGNALING_VIA_NFKB	158	-0.179652	false	1.3486
HALLMARK_TNFA_SIGNALING_VIA_NFKB	159	-0.18105	false	1.3411
HALLMARK_TNFA_SIGNALING_VIA_NFKB	160	-0.182449	false	1.3365
HALLMARK_TNFA_SIGNALING_VIA_NFKB	161	-0.183848	false	1.3341
HALLMARK_TNFA_SIGNALING_VIA_NFKB	162	-0.185246	false	1.3302
HALLMARK_TNFA_SIGNALING_VIA_NFKB	163	-0.186645	false	1.3147
HALLMARK_TNFA_SIGNALING_VIA_NFKB	164	-0.188043	false	1.3079
HALLMARK_TNFA_SIGNALING_VIA_NFKB	165	-0.177371	true	1.3054
HALLMARK_TNFA_SIGNALING_VIA_NFKB	166	-0.178769	false	1.3002
HALLMARK_TNFA_SIGNALING_VIA_NFKB	167	-0.180168	false	1.2912
HALLMARK_TNFA_SIGNALING_VIA_NFKB	168	-0.181567	false	1.2787
HALLMARK_TNFA_SIGNALING_VIA_NFKB	169	-0.182965	false	1.2549
HALLMARK_TNFA_SIGNALING_VIA_NFKB	170	-0.184364	false	1.2544
HALLMARK_TNFA_SIGNALING_VIA_NFKB	171	-0.174141	true	1.2504
HALLMARK_TNFA_SIGNALING_VIA_NFKB	172	-0.17554	false	1.2488
HALLMARK_TNFA_SIGNALING_VIA_NFKB	173	-0.176938	false	1.234
HALLMARK_TNFA_SIGNALING_VIA_NFKB	174	-0.178337	false	1.2139
HALLMARK_TNFA_SIGNALING_VIA_NFKB	175	-0.179735	false	1.2024
HALLMARK_TNFA_SIGNALING_VIA_NFKB	176	-0.181134	false	1.1962
HALLMARK_TNFA_SIGNALING_VIA_NFKB	177	-0.182533	false	1.1871
HALLMARK_TNFA_SIGNALING_VIA_NFKB	178	-0.183931	false	1.1815
HALLMARK_TNFA_SIGNALING_VIA_NFKB	179	-0.18533	false	1.1728
HALLMARK_TNFA_SIGNALING_VIA_NFKB	180	-0.186728	false	1.1721
HALLMARK_TNFA_SIGNALING_VIA_NFKB	181	-0.188127	false	1.1702
HALLMARK_TNFA_SIGNALING_VIA_NFKB	182	-0.189526	false	1.1629
HALLMARK_TNFA_SIGNALING_VIA_NFKB	183	-0.190924	false	1.15
HALLMARK_TNFA_SIGNALING_VIA_NFKB	184	-0.192323	false	1.135
HALLMARK_TNFA_SIGNALING_VIA_NFKB	185	-0.193721	false	1.1321
HALLMARK_TNFA_SIGNALING_VIA_NFKB	186	-0.19512	false	1.1148
HALLMARK_TNFA_SIGNALING_VIA_NFKB	187	-0.196519	false	1.0982
HALLMARK_TNFA_SIGNALING_VIA_NFKB	188	-0.197917	false	1.0824
HALLMARK_TNFA_SIGNALING_VIA_NFKB	189	-0.199316	false	1.0709
HALLMARK_TNFA_SIGNALING_VIA_NFKB	190	-0.200714	false	1.0634
HALLMARK_TNFA_SIGNALING_VIA_NFKB	191	-0.202113	false	1.0552
HALLMARK_TNFA_SIGNALING_VIA_NFKB	192	-0.203512	false	1.0523
HALLMARK_TNFA_SIGNALING_VIA_NFKB	193	-0.20491	false	1.0476
HALLMARK_TNFA_SIGNALING_VIA_NFKB	194	-0.206309	false	1.0368
HALLMARK_TNFA_SIGNALING_VIA_NFKB	195	-0.207707	false	1.031
HALLMARK_TNFA_SIGNALING_VIA_NFKB	196	-0.209106	false	1.0302
HALLMARK_TNFA_SIGNALING_VIA_NFKB	197	-0.210505	false	1.0239
HALLMARK_TNFA_SIGNALING_VIA_NFKB	198	-0.211903	false	1.0191
HALLMARK_TNFA_SIGNALING_VIA_NFKB	199	-0.213302	false	1.0052
HALLMARK_TNFA_SIGNALING_VIA_NFKB	200	-0.2147	false	0.9944
HALLMARK_TNFA_SIGNALING_VIA_NFKB	201	-0.216099	false	0.9805
HALLMARK_TNFA_SIGNALING_VIA_NFKB	202	-0.217498	false	0.9802
HALLMARK_TNFA_SIGNALING_VIA_NFKB	203	-0.218896	false	0.9774
HALLMARK_TNFA_SIGNALING_VIA_NFKB	204	-0.220295	false	0.9719
HALLMARK_TNFA_SIGNALING_VIA_NFKB	205	-0.221693	false	0.9712
HALLMARK_TNFA_SIGNALING_VIA_NFKB	206	-0.223092	false	0.9655
HALLMARK_TNFA_SIGNALING_VIA_NFKB	207	-0.215323	true	0.9504
HALLMARK_TNFA_SIGNALING_VIA_NFKB	208	-0.216721	false	0.9313
HALLMARK_TNFA_SIGNALING_VIA_NFKB	209	-0.21812	false	0.9184
HALLMARK_TNFA_SIGNALING_VIA_NFKB	210	-0.219518	false	0.9055
HALLMARK_TNFA_SIGNALING_VIA_NFKB	211	-0.220917	false	0.9053
HALLMARK_TNFA_SIGNALING_VIA_NFKB	212	-0.222316	false	0.9002
HALLMARK_TNFA_SIGNALING_VIA_NFKB	213	-0.223714	false	0.891
HALLMARK_TNFA_SIGNALING_VIA_NFKB	214	-0.225113	false	0.8882
HALLMARK_TNFA_SIGNALING_VIA_NFKB	215	-0.226511	false	0.8851
HALLMARK_TNFA_SIGNALING_VIA_NFKB	216	-0.22791	false	0.8812
HALLMARK_TNFA_SIGNALING_VIA_NFKB	217	-0.229309	false	0.8761
HALLMARK_TNFA_SIGNALING_VIA_NFKB	218	-0.230707	false	0.8662
HALLMARK_TNFA_SIGNALING_VIA_NFKB	219	-0.232106	false	0.8636
HALLMARK_TNFA_SIGNALING_VIA_NFKB	220	-0.233504	false	0.8476
HALLMARK_TNFA_SIGNALING_VIA_NFKB	221	-0.234903	false	0.8424
HALLMARK_TNFA_SIGNALING_VIA_NFKB	222	-0.236302	false	0.8305
HALLMARK_TNFA_SIGNALING_VIA_NFKB	223	-0.2377	false	0.804
HALLMARK_TNFA_SIGNALING_VIA_NFKB	224	-0.239099	false	0.7893
HALLMARK_TNFA_SIGNALING_VIA_NFKB	225	-0.240497	false	0.7814
HALLMARK_TNFA_SIGNALING_VIA_NFKB	226	-0.241896	false	0.7739
HALLMARK_TNFA_SIGNALING_VIA_NFKB	227	-0.235574	true	0.7733
HALLMARK_TNFA_SIGNALING_VIA_NFKB	228	-0.236973	false	0.7619
HALLMARK_TNFA_SIGNALING_VIA_NFKB	229	-0.238371	false	0.7617
HALLMARK_TNFA_SIGNALING_VIA_NFKB	230	-0.23977	false	0.7587
HALLMARK_TNFA_SIGNALING_VIA_NFKB	231	-0.241168	false	0.7541
HALLMARK_TNFA_SIGNALING_VIA_NFKB	232	-0.242567	false	0.7455
HALLMARK_TNFA_SIGNALING_VIA_NFKB	233	-0.243966	false	0.7398
HALLMARK_TNFA_SIGNALING_VIA_NFKB	234	-0.245364	false	0.7346
HALLMARK_TNFA_SIGNALING_VIA_NFKB	235	-0.246763	false	0.7294
HALLMARK_TNFA_SIGNALING_VIA_NFKB	236	-0.248161	false	0.7143
HALLMARK_TNFA_SIGNALING_VIA_NFKB	237	-0.24956	false	0.7009
HALLMARK_TNFA_SIGNALING_VIA_NFKB	238	-0.250959	false	0.6962
HALLMARK_TNFA_SIGNALING_VIA_NFKB	239	-0.252357	false	0.6953
HALLMARK_TNFA_SIGNALING_VIA_NFKB	240	-0.253756	false	0.6882
HALLMARK_TNFA_SIGNALING_VIA_NFKB	241	-0.255154	false	0.6872
HALLMARK_TNFA_SIGNALING_VIA_NFKB	242	-0.256553	false	0.6758
HALLMARK_TNFA_SIGNALING_VIA_NFKB	243	-0.257952	false	0.6723
HALLMARK_TNFA_SIGNALING_VIA_NFKB	244	-0.25935	false	0.6674
HALLMARK_TNFA_SIGNALING_VIA_NFKB	245	-0.260749	false	0.6633
HALLMARK_TNFA_SIGNALING_VIA_NFKB	246	-0.262147	false	0.6488
HALLMARK_TNFA_SIGNALING_VIA_NFKB	247	-0.263546	false	0.6447
HALLMARK_TNFA_SIGNALING_VIA_NFKB	248	-0.264945	false	0.6329
HALLMARK_TNFA_SIGNALING_VIA_NFKB	249	-0.259774	true	0.6324
HALLMARK_TNFA_SIGNALING_VIA_NFKB	250	-0.261173	false	0.6188
HALLMARK_TNFA_SIGNALING_VIA_NFKB	251	-0.262572	false	0.6164
HALLMARK_TNFA_SIGNALING_VIA_NFKB	252	-0.26397	false	0.6053
HALLMARK_TNFA_SIGNALING_VIA_NFKB	253	-0.265369	false	0.6048
HALLMARK_TNFA_SIGNALING_VIA_NFKB	254	-0.266767	false	0.5951
HALLMARK_TNFA_SIGNALING_VIA_NFKB	255	-0.268166	false	0.5932
HALLMARK_TNFA_SIGNALING_VIA_NFKB	256	-0.269565	false	0.59
HALLMARK_TNFA_SIGNALING_VIA_NFKB	257	-0.270963	false	0.5718
HALLMARK_TNFA_SIGNALING_VIA_NFKB	258	-0.272362	false	0.5716
HALLMARK_TNFA_SIGNALING_VIA_NFKB	259	-0.27376	false	0.546
HALLMARK_TNFA_SIGNALING_VIA_NFKB	260	-0.275159	false	0.5341
HALLMARK_TNFA_SIGNALING_VIA_NFKB	261	-0.276558	false	0.5324
HALLMARK_TNFA_SIGNALING_VIA_NFKB	262	-0.277956	false	0.5309
HALLMARK_TNFA_SIGNALING_VIA_NFKB	263	-0.279355	false	0.5133
HALLMARK_TNFA_SIGNALING_VIA_NFKB	264	-0.280753	false	0.508
HALLMARK_TNFA_SIGNALING_VIA_NFKB	265	-0.282152	false	0.5035
HALLMARK_TNFA_SIGNALING_VIA_NFKB	266	-0.283551	false	0.5012
HALLMARK_TNFA_SIGNALING_VIA_NFKB	267	-0.284949	false	0.4932
HALLMARK_TNFA_SIGNALING_VIA_NFKB	268	-0.286348	false	0.4898
HALLMARK_TNFA_SIGNALING_VIA_NFKB	269	-0.287746	false	0.4799
HALLMARK_TNFA_SIGNALING_VIA_NFKB	270	-0.289145	false	0.4732
HALLMARK_TNFA_SIGNALING_VIA_NFKB	271	-0.290544	false	0.4714
HALLMARK_TNFA_SIGNALING_VIA_NFKB	272	-0.291942	false	0.4598
HALLMARK_TNFA_SIGNALING_VIA_NFKB	273	-0.293341	false	0.4575
HALLMARK_TNFA_SIGNALING_VIA_NFKB	274	-0.294739	false	0.4569
HALLMARK_TNFA_SIGNALING_VIA_NFKB	275	-0.296138	false	0.4538
HALLMARK_TNFA_SIGNALING_VIA_NFKB	276	-0.297537	false	0.4527
HALLMARK_TNFA_SIGNALING_VIA_NFKB	277	-0.298935	false	0.4492
HALLMARK_TNFA_SIGNALING_VIA_NFKB	278	-0.300334	false	0.4469
HALLMARK_TNFA_SIGNALING_VIA_NFKB	279	-0.301732	false	0.445
HALLMARK_TNFA_SIGNALING_VIA_NFKB	280	-0.303131	false	0.4412
HALLMARK_TNFA_SIGNALING_VIA_NFKB	281	-0.30453	false	0.44
HALLMARK_TNFA_SIGNALING_VIA_NFKB	282	-0.305928	false	0.43
HALLMARK_TNFA_SIGNALING_VIA_NFKB	283	-0.307327	false	0.4087
HALLMARK_TNFA_SIGNALING_VIA_NFKB	284	-0.308725	false	0.4077
HALLMARK_TNFA_SIGNALING_VIA_NFKB	285	-0.310124	false	0.407
HALLMARK_TNFA_SIGNALING_VIA_NFKB	286	-0.311523	false	0.4068
HALLMARK_TNFA_SIGNALING_VIA_NFKB	287	-0.312921	false	0.4003
HALLMARK_TNFA_SIGNALING_VIA_NFKB	288	-0.31432	false	0.3923
HALLMARK_TNFA_SIGNALING_VIA_NFKB	289	-0.315718	false	0.3865
HALLMARK_TNFA_SIGNALING_VIA_NFKB	290	-0.317117	false	0.3864
HALLMARK_TNFA_SIGNALING_VIA_NFKB	291	-0.318516	false	0.3853
HALLMARK_TNFA_SIGNALING_VIA_NFKB	292	-0.319914	false	0.3852
HALLMARK_TNFA_SIGNALING_VIA_NFKB	293	-0.321313	false	0.3627
HALLMARK_TNFA_SIGNALING_VIA_NFKB	294	-0.322711	false	0.3592
HALLMARK_TNFA_SIGNALING_VIA_NFKB	295	-0.32411	false	0.3475
HALLMARK_TNFA_SIGNALING_VIA_NFKB	296	-0.325509	false	0.3332
HALLMARK_TNFA_SIGNALING_VIA_NFKB	297	-0.326907	false	0.3288
HALLMARK_TNFA_SIGNALING_VIA_NFKB	298	-0.328306	false	0.3261
HALLMARK_TNFA_SIGNALING_VIA_NFKB	299	-0.329704	false	0.3173
HALLMARK_TNFA_SIGNALING_VIA_NFKB	300	-0.331103	false	0.3141
HALLMARK_TNFA_SIGNALING_VIA_NFKB	301	-0.332502	false	0.3127
HALLMARK_TNFA_SIGNALING_VIA_NFKB	302	-0.3339	false	0.3079
HALLMARK_TNFA_SIGNALING_VIA_NFKB	303	-0.335299	false	0.3068
HALLMARK_TNFA_SIGNALING_VIA_NFKB	304	-0.332833	true	0.3017
HALLMARK_TNFA_SIGNALING_VIA_NFKB	305	-0.334231	false	0.2986
HALLMARK_TNFA_SIGNALING_VIA_NFKB	306	-0.33563	false	0.2932
HALLMARK_TNFA_SIGNALING_VIA_NFKB	307	-0.337029	false	0.2913
HALLMARK_TNFA_SIGNALING_VIA_NFKB	308	-0.338427	false	0.2831
HALLMARK_TNFA_SIGNALING_VIA_NFKB	309	-0.339826	false	0.2778
HALLMARK_TNFA_SIGNALING_VIA_NFKB	310	-0.341224	false	0.2734
HALLMARK_TNFA_SIGNALING_VIA_NFKB	311	-0.342623	false	0.2732
HALLMARK_TNFA_SIGNALING_VIA_NFKB	312	-0.344022	false	0.267
HALLMARK_TNFA_SIGNALING_VIA_NFKB	313	-0.34542	false	0.2649
HALLMARK_TNFA_SIGNALING_VIA_NFKB	314	-0.346819	false	0.2378
HALLMARK_TNFA_SIGNALING_VIA_NFKB	315	-0.348217	false	0.2307
HALLMARK_TNFA_SIGNALING_VIA_NFKB	316	-0.346349	true	0.2286
HALLMARK_TNFA_SIGNALING_VIA_NFKB	317	-0.347747	false	0.228
HALLMARK_TNFA_SIGNALING_VIA_NFKB	318	-0.349146	false	0.2235
HALLMARK_TNFA_SIGNALING_VIA_NFKB	319	-0.350544	false	0.2216
HALLMARK_TNFA_SIGNALING_VIA_NFKB	320	-0.351943	false	0.2195
HALLMARK_TNFA_SIGNALING_VIA_NFKB	321	-0.353342	false	0.2192
HALLMARK_TNFA_SIGNALING_VIA_NFKB	322	-0.35474	false	0.217
HALLMARK_TNFA_SIGNALING_VIA_NFKB	323	-0.356139	false	0.2139
HALLMARK_TNFA_SIGNALING_VIA_NFKB	324	-0.357537	false	0.2139
HALLMARK_TNFA_SIGNALING_VIA_NFKB	325	-0.358936	false	0.2119
HALLMARK_TNFA_SIGNALING_VIA_NFKB	326	-0.360335	false	0.2101
HALLMARK_TNFA_SIGNALING_VIA_NFKB	327	-0.361733	false	0.2085
HALLMARK_TNFA_SIGNALING_VIA_NFKB	328	-0.363132	false	0.2044
HALLMARK_TNFA_SIGNALING_VIA_NFKB	329	-0.36453	false	0.2039
HALLMARK_TNFA_SIGNALING_VIA_NFKB	330	-0.365929	false	0.1972
HALLMARK_TNFA_SIGNALING_VIA_NFKB	331	-0.367328	false	0.1916
HALLMARK_TNFA_SIGNALING_VIA_NFKB	332	-0.368726	false	0.1913
HALLMARK_TNFA_SIGNALING_VIA_NFKB	333	-0.370125	false	0.19
HALLMARK_TNFA_SIGNALING_VIA_NFKB	334	-0.371523	false	0.1825
HALLMARK_TNFA_SIGNALING_VIA_NFKB	335	-0.372922	false	0.1809
HALLMARK_TNFA_SIGNALING_VIA_NFKB	336	-0.374321	false	0.1805
HALLMARK_TNFA_SIGNALING_VIA_NFKB	337	-0.375719	false	0.1724
HALLMARK_TNFA_SIGNALING_VIA_NFKB	338	-0.377118	false	0.1684
HALLMARK_TNFA_SIGNALING_VIA_NFKB	339	-0.378516	false	0.1657
HALLMARK_TNFA_SIGNALING_VIA_NFKB	340	-0.379915	false	0.1642
HALLMARK_TNFA_SIGNALING_VIA_NFKB	341	-0.381314	false	0.1638
HALLMARK_TNFA_SIGNALING_VIA_NFKB	342	-0.382712	false	0.1545
HALLMARK_TNFA_SIGNALING_VIA_NFKB	343	-0.384111	false	0.1353
HALLMARK_TNFA_SIGNALING_VIA_NFKB	344	-0.385509	false	0.1347
HALLMARK_TNFA_SIGNALING_VIA_NFKB	345	-0.386908	false	0.1296
HALLMARK_TNFA_SIGNALING_VIA_NFKB	346	-0.388307	false	0.1239
HALLMARK_TNFA_SIGNALING_VIA_NFKB	347	-0.389705	false	0.115
HALLMARK_TNFA_SIGNALING_VIA_NFKB	348	-0.391104	false	0.1108
HALLMARK_TNFA_SIGNALING_VIA_NFKB	349	-0.392502	false	0.1107
HALLMARK_TNFA_SIGNALING_VIA_NFKB	350	-0.393901	false	0.1043
HALLMARK_TNFA_SIGNALING_VIA_NFKB	351	-0.3953	false	0.1027
HALLMARK_TNFA_SIGNALING_VIA_NFKB	352	-0.396698	false	0.1016
HALLMARK_TNFA_SIGNALING_VIA_NFKB	353	-0.398097	false	0.0995
HALLMARK_TNFA_SIGNALING_VIA_NFKB	354	-0.399495	false	0.099
HALLMARK_TNFA_SIGNALING_VIA_NFKB	355	-0.400894	false	0.0986
HALLMARK_TNFA_SIGNALING_VIA_NFKB	356	-0.402293	false	0.0954
HALLMARK_TNFA_SIGNALING_VIA_NFKB	357	-0.403691	false	0.093
HALLMARK_TNFA_SIGNALING_VIA_NFKB	358	-0.40509	false	0.0883
HALLMARK_TNFA_SIGNALING_VIA_NFKB	359	-0.406488	false	0.0881
HALLMARK_TNFA_SIGNALING_VIA_NFKB	360	-0.407887	false	0.0876
HALLMARK_TNFA_SIGNALING_VIA_NFKB	361	-0.409286	false	0.0827
HALLMARK_TNFA_SIGNALING_VIA_NFKB	362	-0.410684	false	0.0775
HALLMARK_TNFA_SIGNALING_VIA_NFKB	363	-0.412083	false	0.0734
HALLMARK_TNFA_SIGNALING_VIA_NFKB	364	-0.413481	false	0.0733
HALLMARK_TNFA_SIGNALING_VIA_NFKB	365	-0.41488	false	0.0701
HALLMARK_TNFA_SIGNALING_VIA_NFKB	366	-0.416279	false	0.0684
HALLMARK_TNFA_SIGNALING_VIA_NFKB	367	-0.417677	false	0.062
HALLMARK_TNFA_SIGNALING_VIA_NFKB	368	-0.419076	false	0.0609
HALLMARK_TNFA_SIGNALING_VIA_NFKB	369	-0.420474	false	0.0569
HALLMARK_TNFA_SIGNALING_VIA_NFKB	370	-0.421873	false	0.0542
HALLMARK_TNFA_SIGNALING_VIA_NFKB	371	-0.423272	false	0.0529
HALLMARK_TNFA_SIGNALING_VIA_NFKB	372	-0.422844	true	0.0524
HALLMARK_TNFA_SIGNALING_VIA_NFKB	373	-0.424242	false	0.0499
HALLMARK_TNFA_SIGNALING_VIA_NFKB	374	-0.425641	false	0.0432
HALLMARK_TNFA_SIGNALING_VIA_NFKB	375	-0.427039	false	0.0411
HALLMARK_TNFA_SIGNALING_VIA_NFKB	376	-0.428438	false	0.0407
HALLMARK_TNFA_SIGNALING_VIA_NFKB	377	-0.429837	false	0.0384
HALLMARK_TNFA_SIGNALING_VIA_NFKB	378	-0.431235	false	0.0343
HALLMARK_TNFA_SIGNALING_VIA_NFKB	379	-0.432634	false	0.0321
HALLMARK_TNFA_SIGNALING_VIA_NFKB	380	-0.434032	false	0.0275
HALLMARK_TNFA_SIGNALING_VIA_NFKB	381	-0.435431	false	0.0233
HALLMARK_TNFA_SIGNALING_VIA_NFKB	382	-0.43683	false	0.0224
HALLMARK_TNFA_SIGNALING_VIA_NFKB	383	-0.438228	false	0.0203
HALLMARK_TNFA_SIGNALING_VIA_NFKB	384	-0.439627	false	0.0187
HALLMARK_TNFA_SIGNALING_VIA_NFKB	385	-0.441025	false	0.0152
HALLMARK_TNFA_SIGNALING_VIA_NFKB	386	-0.442424	false	0.0147
HALLMARK_TNFA_SIGNALING_VIA_NFKB	387	-0.443823	false	0.0126
HALLMARK_TNFA_SIGNALING_VIA_NFKB	388	-0.445221	false	0.0119
HALLMARK_TNFA_SIGNALING_VIA_NFKB	389	-0.44662	false	0.011
HALLMARK_TNFA_SIGNALING_VIA_NFKB	390	-0.448018	false	0.0097
HALLMARK_TNFA_SIGNALING_VIA_NFKB	391	-0.449417	false	0.0096
HALLMARK_TNFA_SIGNALING_VIA_NFKB	392	-0.450816	false	0.0079
HALLMARK_TNFA_SIGNALING_VIA_NFKB	393	-0.452214	false	0.0061
HALLMARK_TNFA_SIGNALING_VIA_NFKB	394	-0.453613	false	0.0057
HALLMARK_TNFA_SIGNALING_VIA_NFKB	395	-0.455011	false	0.0035
HALLMARK_TNFA_SIGNALING_VIA_NFKB	396	-0.45641	false	-0.0032
HALLMARK_TNFA_SIGNALING_VIA_NFKB	397	-0.457809	false	-0.0049
HALLMARK_TNFA_SIGNALING_VIA_NFKB	398	-0.459207	false	-0.0059
HALLMARK_TNFA_SIGNALING_VIA_NFKB	399	-0.460606	false	-0.0077
HALLMARK_TNFA_SIGNALING_VIA_NFKB	400	-0.462004	false	-0.0102
HALLMARK_TNFA_SIGNALING_VIA_NFKB	401	-0.463403	false	-0.0107
HALLMARK_TNFA_SIGNALING_VIA_NFKB	402	-0.463305	true	-0.0119
HALLMARK_TNFA_SIGNALING_VIA_NFKB	403	-0.464704	false	-0.0123
HALLMARK_TNFA_SIGNALING_VIA_NFKB	404	-0.466103	false	-0.0188
HALLMARK_TNFA_SIGNALING_VIA_NFKB	405	-0.467501	false	-0.0188
HALLMARK_TNFA_SIGNALING_VIA_NFKB	406	-0.4689	false	-0.019
HALLMARK_TNFA_SIGNALING_VIA_NFKB	407	-0.470298	false	-0.0203
HALLMARK_TNFA_SIGNALING_VIA_NFKB	408	-0.471697	false	-0.0207
HALLMARK_TNFA_SIGNALING_VIA_NFKB	409	-0.473096	false	-0.0213
HALLMARK_TNFA_SIGNALING_VIA_NFKB	410	-0.472918	true	-0.0218
HALLMARK_TNFA_SIGNALING_VIA_NFKB	411	-0.474316	false	-0.0299
HALLMARK_TNFA_SIGNALING_VIA_NFKB	412	-0.475715	false	-0.0307
HALLMARK_TNFA_SIGNALING_VIA_NFKB	413	-0.477114	false	-0.0338
HALLMARK_TNFA_SIGNALING_VIA_NFKB	414	-0.478512	false	-0.0342
HALLMARK_TNFA_SIGNALING_VIA_NFKB	415	-0.479911	false	-0.0358
HALLMARK_TNFA_SIGNALING_VIA_NFKB	416	-0.481309	false	-0.0359
HALLMARK_TNFA_SIGNALING_VIA_NFKB	417	-0.482708	false	-0.0368
HALLMARK_TNFA_SIGNALING_VIA_NFKB	418	-0.484107	false	-0.0389
HALLMARK_TNFA_SIGNALING_VIA_NFKB	419	-0.485505	false	-0.0403
HALLMARK_TNFA_SIGNALING_VIA_NFKB	420	-0.486904	false	-0.0405
HALLMARK_TNFA_SIGNALING_VIA_NFKB	421	-0.486561	true	-0.042
HALLMARK_TNFA_SIGNALING_VIA_NFKB	422	-0.487959	false	-0.0445
HALLMARK_TNFA_SIGNALING_VIA_NFKB	423	-0.489358	false	-0.0466
HALLMARK_TNFA_SIGNALING_VIA_NFKB	424	-0.490756	false	-0.0504
HALLMARK_TNFA_SIGNALING_VIA_NFKB	425	-0.492155	false	-0.0513
HALLMARK_TNFA_SIGNALING_VIA_NFKB	426	-0.493554	false	-0.0567
HALLMARK_TNFA_SIGNALING_VIA_NFKB	427	-0.494952	false	-0.0571
HALLMARK_TNFA_SIGNALING_VIA_NFKB	428	-0.496351	false	-0.0585
HALLMARK_TNFA_SIGNALING_VIA_NFKB	429	-0.497749	false	-0.0593
HALLMARK_TNFA_SIGNALING_VIA_NFKB	430	-0.499148	false	-0.0637
HALLMARK_TNFA_SIGNALING_VIA_NFKB	431	-0.500547	false	-0.0653
HALLMARK_TNFA_SIGNALING_VIA_NFKB	432	-0.501945	false	-0.0687
HALLMARK_TNFA_SIGNALING_VIA_NFKB	433	-0.503344	false	-0.0723
HALLMARK_TNFA_SIGNALING_VIA_NFKB	434	-0.504742	false	-0.0751
HALLMARK_TNFA_SIGNALING_VIA_NFKB	435	-0.504125	true	-0.0755
HALLMARK_TNFA_SIGNALING_VIA_NFKB	436	-0.505524	false	-0.0781
HALLMARK_TNFA_SIGNALING_VIA_NFKB	437	-0.506922	false	-0.0855
HALLMARK_TNFA_SIGNALING_VIA_NFKB	438	-0.508321	false	-0.0865
HALLMARK_TNFA_SIGNALING_VIA_NFKB	439	-0.509719	false	-0.0888
HALLMARK_TNFA_SIGNALING_VIA_NFKB	440	-0.511118	false	-0.0889
HALLMARK_TNFA_SIGNALING_VIA_NFKB	441	-0.512517	false	-0.0898
HALLMARK_TNFA_SIGNALING_VIA_NFKB	442	-0.513915	false	-0.092
HALLMARK_TNFA_SIGNALING_VIA_NFKB	443	-0.515314	false	-0.093
HALLMARK_TNFA_SIGNALING_VIA_NFKB	444	-0.516712	false	-0.0937
HALLMARK_TNFA_SIGNALING_VIA_NFKB	445	-0.518111	false	-0.0966
HALLMARK_TNFA_SIGNALING_VIA_NFKB	446	-0.51951	false	-0.0981
HALLMARK_TNFA_SIGNALING_VIA_NFKB	447	-0.520908	false	-0.1039
HALLMARK_TNFA_SIGNALING_VIA_NFKB	448	-0.522307	false	-0.1059
HALLMARK_TNFA_SIGNALING_VIA_NFKB	449	-0.523705	false	-0.1069
HALLMARK_TNFA_SIGNALING_VIA_NFKB	450	-0.525104	false	-0.1091
HALLMARK_TNFA_SIGNALING_VIA_NFKB	451	-0.526503	false	-0.1125
HALLMARK_TNFA_SIGNALING_VIA_NFKB	452	-0.527901	false	-0.1125
HALLMARK_TNFA_SIGNALING_VIA_NFKB	453	-0.526954	true	-0.1158
HALLMARK_TNFA_SIGNALING_VIA_NFKB	454	-0.528353	false	-0.1159
HALLMARK_TNFA_SIGNALING_VIA_NFKB	455	-0.529752	false	-0.1183
HALLMARK_TNFA_SIGNALING_VIA_NFKB	456	-0.53115	false	-0.1279
HALLMARK_TNFA_SIGNALING_VIA_NFKB	457	-0.532549	false	-0.1358
HALLMARK_TNFA_SIGNALING_VIA_NFKB	458	-0.533947	false	-0.1402
HALLMARK_TNFA_SIGNALING_VIA_NFKB	459	-0.535346	false	-0.1411
HALLMARK_TNFA_SIGNALING_VIA_NFKB	460	-0.536745	false	-0.1452
HALLMARK_TNFA_SIGNALING_VIA_NFKB	461	-0.538143	false	-0.154
HALLMARK_TNFA_SIGNALING_VIA_NFKB	462	-0.539542	false	-0.1616
HALLMARK_TNFA_SIGNALING_VIA_NFKB	463	-0.538184	true	-0.1661
HALLMARK_TNFA_SIGNALING_VIA_NFKB	464	-0.536757	true	-0.1745
HALLMARK_TNFA_SIGNALING_VIA_NFKB	465	-0.538156	false	-0.1845
HALLMARK_TNFA_SIGNALING_VIA_NFKB	466	-0.539555	false	-0.1872
HALLMARK_TNFA_SIGNALING_VIA_NFKB	467	-0.540953	false	-0.1887
HALLMARK_TNFA_SIGNALING_VIA_NFKB	468	-0.542352	false	-0.1888
HALLMARK_TNFA_SIGNALING_VIA_NFKB	469	-0.54375	false	-0.191
HALLMARK_TNFA_SIGNALING_VIA_NFKB	470	-0.545149	false	-0.1917
HALLMARK_TNFA_SIGNALING_VIA_NFKB	471	-0.546548	false	-0.1938
HALLMARK_TNFA_SIGNALING_VIA_NFKB	472	-0.547946	false	-0.1983
HALLMARK_TNFA_SIGNALING_VIA_NFKB	473	-0.5463	true	-0.2014
HALLMARK_TNFA_SIGNALING_VIA_NFKB	474	-0.547698	false	-0.2028
HALLMARK_TNFA_SIGNALING_VIA_NFKB	475	-0.549097	false	-0.2069
HALLMARK_TNFA_SIGNALING_VIA_NFKB	476	-0.550496	false	-0.2081
HALLMARK_TNFA_SIGNALING_VIA_NFKB	477	-0.551894	false	-0.2111
HALLMARK_TNFA_SIGNALING_VIA_NFKB	478	-0.553293	false	-0.2155
HALLMARK_TNFA_SIGNALING_VIA_NFKB	479	-0.554691	false	-0.2168
HALLMARK_TNFA_SIGNALING_VIA_NFKB	480	-0.55609	false	-0.2183
HALLMARK_TNFA_SIGNALING_VIA_NFKB	481	-0.554285	true	-0.2208
HALLMARK_TNFA_SIGNALING_VIA_NFKB	482	-0.555683	false	-0.2239
HALLMARK_TNFA_SIGNALING_VIA_NFKB	483	-0.557082	false	-0.2269
HALLMARK_TNFA_SIGNALING_VIA_NFKB	484	-0.558481	false	-0.2282
HALLMARK_TNFA_SIGNALING_VIA_NFKB	485	-0.55659	true	-0.2312
HALLMARK_TNFA_SIGNALING_VIA_NFKB	486	-0.557989	false	-0.2424
HALLMARK_TNFA_SIGNALING_VIA_NFKB	487	-0.559387	false	-0.2432
HALLMARK_TNFA_SIGNALING_VIA_NFKB	488	-0.560786	false	-0.2458
HALLMARK_TNFA_SIGNALING_VIA_NFKB	489	-0.562184	false	-0.2869
HALLMARK_TNFA_SIGNALING_VIA_NFKB	490	-0.563583	false	-0.2898
HALLMARK_TNFA_SIGNALING_VIA_NFKB	491	-0.564982	false	-0.2959
HALLMARK_TNFA_SIGNALING_VIA_NFKB	492	-0.56638	false	-0.2997
HALLMARK_TNFA_SIGNALING_VIA_NFKB	493	-0.567779	false	-0.3039
HALLMARK_TNFA_SIGNALING_VIA_NFKB	494	-0.569178	false	-0.3121
HALLMARK_TNFA_SIGNALING_VIA_NFKB	495	-0.570576	false	-0.3157
HALLMARK_TNFA_SIGNALING_VIA_NFKB	496	-0.571975	false	-0.3181
HALLMARK_TNFA_SIGNALING_VIA_NFKB	497	-0.573373	false	-0.3231
HALLMARK_TNFA_SIGNALING_VIA_NFKB	498	-0.574772	false	-0.3232
HALLMARK_TNFA_SIGNALING_VIA_NFKB	499	-0.572123	true	-0.3241
HALLMARK_TNFA_SIGNALING_VIA_NFKB	500	-0.573521	false	-0.3245
HALLMARK_TNFA_SIGNALING_VIA_NFKB	501	-0.57492	false	-0.3332
HALLMARK_TNFA_SIGNALING_VIA_NFKB	502	-0.576318	false	-0.3335
HALLMARK_TNFA_SIGNALING_VIA_NFKB	503	-0.577717	false	-0.3372
HALLMARK_TNFA_SIGNALING_VIA_NFKB	504	-0.579116	false	-0.3612
HALLMARK_TNFA_SIGNALING_VIA_NFKB	505	-0.580514	false	-0.3624
HALLMARK_TNFA_SIGNALING_VIA_NFKB	506	-0.581913	false	-0.3658
HALLMARK_TNFA_SIGNALING_VIA_NFKB	507	-0.583311	false	-0.366
HALLMARK_TNFA_SIGNALING_VIA_NFKB	508	-0.58471	false	-0.372
HALLMARK_TNFA_SIGNALING_VIA_NFKB	509	-0.586109	false	-0.3874
HALLMARK_TNFA_SIGNALING_VIA_NFKB	510	-0.587507	false	-0.3896
HALLMARK_TNFA_SIGNALING_VIA_NFKB	511	-0.588906	false	-0.3964
HALLMARK_TNFA_SIGNALING_VIA_NFKB	512	-0.590304	false	-0.4086
HALLMARK_TNFA_SIGNALING_VIA_NFKB	513	-0.591703	false	-0.4086
HALLMARK_TNFA_SIGNALING_VIA_NFKB	514	-0.593102	false	-0.4121
HALLMARK_TNFA_SIGNALING_VIA_NFKB	515	-0.5945	false	-0.42
HALLMARK_TNFA_SIGNALING_VIA_NFKB	516	-0.595899	false	-0.4258
HALLMARK_TNFA_SIGNALING_VIA_NFKB	517	-0.597297	false	-0.4308
HALLMARK_TNFA_SIGNALING_VIA_NFKB	518	-0.598696	false	-0.4311
HALLMARK_TNFA_SIGNALING_VIA_NFKB	519	-0.600095	false	-0.4319
HALLMARK_TNFA_SIGNALING_VIA_NFKB	520	-0.596526	true	-0.4365
HALLMARK_TNFA_SIGNALING_VIA_NFKB	521	-0.597925	false	-0.4405
HALLMARK_TNFA_SIGNALING_VIA_NFKB	522	-0.599323	false	-0.4619
HALLMARK_TNFA_SIGNALING_VIA_NFKB	523	-0.600722	false	-0.4659
HALLMARK_TNFA_SIGNALING_VIA_NFKB	524	-0.602121	false	-0.4742
HALLMARK_TNFA_SIGNALING_VIA_NFKB	525	-0.603519	false	-0.4763
HALLMARK_TNFA_SIGNALING_VIA_NFKB	526	-0.604918	false	-0.482
HALLMARK_TNFA_SIGNALING_VIA_NFKB	527	-0.606317	false	-0.4886
HALLMARK_TNFA_SIGNALING_VIA_NFKB	528	-0.607715	false	-0.4913
HALLMARK_TNFA_SIGNALING_VIA_NFKB	529	-0.609114	false	-0.4977
HALLMARK_TNFA_SIGNALING_VIA_NFKB	530	-0.604971	true	-0.5067
HALLMARK_TNFA_SIGNALING_VIA_NFKB	531	-0.60637	false	-0.5148
HALLMARK_TNFA_SIGNALING_VIA_NFKB	532	-0.607768	false	-0.5158
HALLMARK_TNFA_SIGNALING_VIA_NFKB	533	-0.609167	false	-0.5249
HALLMARK_TNFA_SIGNALING_VIA_NFKB	534	-0.604709	true	-0.5454
HALLMARK_TNFA_SIGNALING_VIA_NFKB	535	-0.606107	false	-0.5488
HALLMARK_TNFA_SIGNALING_VIA_NFKB	536	-0.607506	false	-0.55
HALLMARK_TNFA_SIGNALING_VIA_NFKB	537	-0.603003	true	-0.5508
HALLMARK_TNFA_SIGNALING_VIA_NFKB	538	-0.604401	false	-0.5569
HALLMARK_TNFA_SIGNALING_VIA_NFKB	539	-0.6058	false	-0.5638
HALLMARK_TNFA_SIGNALING_VIA_NFKB	540	-0.60119	true	-0.5639
HALLMARK_TNFA_SIGNALING_VIA_NFKB	541	-0.596565	true	-0.5658
HALLMARK_TNFA_SIGNALING_VIA_NFKB	542	-0.597963	false	-0.5697
HALLMARK_TNFA_SIGNALING_VIA_NFKB	543	-0.599362	false	-0.5713
HALLMARK_TNFA_SIGNALING_VIA_NFKB	544	-0.60076	false	-0.576
HALLMARK_TNFA_SIGNALING_VIA_NFKB	545	-0.602159	false	-0.5781
HALLMARK_TNFA_SIGNALING_VIA_NFKB	546	-0.603558	false	-0.579
HALLMARK_TNFA_SIGNALING_VIA_NFKB	547	-0.604956	false	-0.5951
HALLMARK_TNFA_SIGNALING_VIA_NFKB	548	-0.606355	false	-0.604
HALLMARK_TNFA_SIGNALING_VIA_NFKB	549	-0.607753	false	-0.6132
HALLMARK_TNFA_SIGNALING_VIA_NFKB	550	-0.609152	false	-0.6285
HALLMARK_TNFA_SIGNALING_VIA_NFKB	551	-0.610551	false	-0.634
HALLMARK_TNFA_SIGNALING_VIA_NFKB	552	-0.611949	false	-0.6384
HALLMARK_TNFA_SIGNALING_VIA_NFKB	553	-0.613348	false	-0.6465
HALLMARK_TNFA_SIGNALING_VIA_NFKB	554	-0.614746	false	-0.6491
HALLMARK_TNFA_SIGNALING_VIA_NFKB	555	-0.616145	false	-0.6512
HALLMARK_TNFA_SIGNALING_VIA_NFKB	556	-0.617544	false	-0.6608
HALLMARK_TNFA_SIGNALING_VIA_NFKB	557	-0.618942	false	-0.6667
HALLMARK_TNFA_SIGNALING_VIA_NFKB	558	-0.620341	false	-0.6746
HALLMARK_TNFA_SIGNALING_VIA_NFKB	559	-0.621739	false	-0.6804
HALLMARK_TNFA_SIGNALING_VIA_NFKB	560	-0.623138	false	-0.6812
HALLMARK_TNFA_SIGNALING_VIA_NFKB	561	-0.624537	false	-0.6878
HALLMARK_TNFA_SIGNALING_VIA_NFKB	562	-0.618877	true	-0.6922
HALLMARK_TNFA_SIGNALING_VIA_NFKB	563	-0.620276	false	-0.6976
HALLMARK_TNFA_SIGNALING_VIA_NFKB	564	-0.621675	false	-0.7021
HALLMARK_TNFA_SIGNALING_VIA_NFKB	565	-0.623073	false	-0.7099
HALLMARK_TNFA_SIGNALING_VIA_NFKB	566	-0.61726	true	-0.7111
HALLMARK_TNFA_SIGNALING_VIA_NFKB	567	-0.618658	false	-0.7126
HALLMARK_TNFA_SIGNALING_VIA_NFKB	568	-0.620057	false	-0.7327
HALLMARK_TNFA_SIGNALING_VIA_NFKB	569	-0.621455	false	-0.7483
HALLMARK_TNFA_SIGNALING_VIA_NFKB	570	-0.622854	false	-0.7574
HALLMARK_TNFA_SIGNALING_VIA_NFKB	571	-0.624253	false	-0.77
HALLMARK_TNFA_SIGNALING_VIA_NFKB	572	-0.617884	true	-0.779
HALLMARK_TNFA_SIGNALING_VIA_NFKB	573	-0.619282	false	-0.7833
HALLMARK_TNFA_SIGNALING_VIA_NFKB	574	-0.620681	false	-0.7857
HALLMARK_TNFA_SIGNALING_VIA_NFKB	575	-0.614233	true	-0.7888
HALLMARK_TNFA_SIGNALING_VIA_NFKB	576	-0.607728	true	-0.7957
HALLMARK_TNFA_SIGNALING_VIA_NFKB	577	-0.609126	false	-0.8031
HALLMARK_TNFA_SIGNALING_VIA_NFKB	578	-0.610525	false	-0.8109
HALLMARK_TNFA_SIGNALING_VIA_NFKB	579	-0.603845	true	-0.817
HALLMARK_TNFA_SIGNALING_VIA_NFKB	580	-0.605244	false	-0.8286
HALLMARK_TNFA_SIGNALING_VIA_NFKB	581	-0.606642	false	-0.838
HALLMARK_TNFA_SIGNALING_VIA_NFKB	582	-0.608041	false	-0.8403
HALLMARK_TNFA_SIGNALING_VIA_NFKB	583	-0.60944	false	-0.8489
HALLMARK_TNFA_SIGNALING_VIA_NFKB	584	-0.602471	true	-0.8523
HALLMARK_TNFA_SIGNALING_VIA_NFKB	585	-0.60387	false	-0.8562
HALLMARK_TNFA_SIGNALING_VIA_NFKB	586	-0.605269	false	-0.8608
HALLMARK_TNFA_SIGNALING_VIA_NFKB	587	-0.606667	false	-0.8741
HALLMARK_TNFA_SIGNALING_VIA_NFKB	588	-0.608066	false	-0.8822
HALLMARK_TNFA_SIGNALING_VIA_NFKB	589	-0.600693	true	-0.9019
HALLMARK_TNFA_SIGNALING_VIA_NFKB	590	-0.602091	false	-0.9024
HALLMARK_TNFA_SIGNALING_VIA_NFKB	591	-0.60349	false	-0.9093
HALLMARK_TNFA_SIGNALING_VIA_NFKB	592	-0.604888	false	-0.9101
HALLMARK_TNFA_SIGNALING_VIA_NFKB	593	-0.606287	false	-0.9214
HALLMARK_TNFA_SIGNALING_VIA_NFKB	594	-0.607686	false	-0.9216
HALLMARK_TNFA_SIGNALING_VIA_NFKB	595	-0.609084	false	-0.9471
HALLMARK_TNFA_SIGNALING_VIA_NFKB	596	-0.610483	false	-0.9608
HALLMARK_TNFA_SIGNALING_VIA_NFKB	597	-0.611881	false	-0.9689
HALLMARK_TNFA_SIGNALING_VIA_NFKB	598	-0.61328	false	-0.9737
HALLMARK_TNFA_SIGNALING_VIA_NFKB	599	-0.614679	false	-0.9774
HALLMARK_TNFA_SIGNALING_VIA_NFKB	600	-0.616077	false	-0.9817
HALLMARK_TNFA_SIGNALING_VIA_NFKB	601	-0.617476	false	-0.9818
HALLMARK_TNFA_SIGNALING_VIA_NFKB	602	-0.618874	false	-1.0016
HALLMARK_TNFA_SIGNALING_VIA_NFKB	603	-0.620273	false	-1.0023
HALLMARK_TNFA_SIGNALING_VIA_NFKB	604	-0.621672	false	-1.0203
HALLMARK_TNFA_SIGNALING_VIA_NFKB	605	-0.62307	false	-1.0283
HALLMARK_TNFA_SIGNALING_VIA_NFKB	606	-0.624469	false	-1.036
HALLMARK_TNFA_SIGNALING_VIA_NFKB	607	-0.625867	false	-1.0553
HALLMARK_TNFA_SIGNALING_VIA_NFKB	608	-0.617227	true	-1.0569
HALLMARK_TNFA_SIGNALING_VIA_NFKB	609	-0.618625	false	-1.0739
HALLMARK_TNFA_SIGNALING_VIA_NFKB	610	-0.620024	false	-1.0792
HALLMARK_TNFA_SIGNALING_VIA_NFKB	611	-0.621423	false	-1.082
HALLMARK_TNFA_SIGNALING_VIA_NFKB	612	-0.622821	false	-1.082
HALLMARK_TNFA_SIGNALING_VIA_NFKB	613	-0.62422	false	-1.0874
HALLMARK_TNFA_SIGNALING_VIA_NFKB	614	-0.615244	true	-1.0979
HALLMARK_TNFA_SIGNALING_VIA_NFKB	615	-0.616642	false	-1.102
HALLMARK_TNFA_SIGNALING_VIA_NFKB	616	-0.618041	false	-1.12
HALLMARK_TNFA_SIGNALING_VIA_NFKB	617	-0.61944	false	-1.1236
HALLMARK_TNFA_SIGNALING_VIA_NFKB	618	-0.620838	false	-1.1262
HALLMARK_TNFA_SIGNALING_VIA_NFKB	619	-0.622237	false	-1.1444
HALLMARK_TNFA_SIGNALING_VIA_NFKB	620	-0.623635	false	-1.1687
HALLMARK_TNFA_SIGNALING_VIA_NFKB	621	-0.625034	false	-1.1705
HALLMARK_TNFA_SIGNALING_VIA_NFKB	622	-0.626433	false	-1.176
HALLMARK_TNFA_SIGNALING_VIA_NFKB	623	-0.627831	false	-1.178
HALLMARK_TNFA_SIGNALING_VIA_NFKB	624	-0.62923	false	-1.2115
HALLMARK_TNFA_SIGNALING_VIA_NFKB	625	-0.630628	false	-1.2167
HALLMARK_TNFA_SIGNALING_VIA_NFKB	626	-0.632027	false	-1.2194
HALLMARK_TNFA_SIGNALING_VIA_NFKB	627	-0.633426	false	-1.2195
HALLMARK_TNFA_SIGNALING_VIA_NFKB	628	-0.634824	false	-1.2224
HALLMARK_TNFA_SIGNALING_VIA_NFKB	629	-0.636223	false	-1.224
HALLMARK_TNFA_SIGNALING_VIA_NFKB	630	-0.637621	false	-1.2323
HALLMARK_TNFA_SIGNALING_VIA_NFKB	631	-0.627534	true	-1.2339
HALLMARK_TNFA_SIGNALING_VIA_NFKB	632	-0.628933	false	-1.2498
HALLMARK_TNFA_SIGNALING_VIA_NFKB	633	-0.630331	false	-1.268
HALLMARK_TNFA_SIGNALING_VIA_NFKB	634	-0.63173	false	-1.2702
HALLMARK_TNFA_SIGNALING_VIA_NFKB	635	-0.633128	false	-1.2865
HALLMARK_TNFA_SIGNALING_VIA_NFKB	636	-0.622435	true	-1.308
HALLMARK_TNFA_SIGNALING_VIA_NFKB	637	-0.623834	false	-1.3125
HALLMARK_TNFA_SIGNALING_VIA_NFKB	638	-0.625233	false	-1.317
HALLMARK_TNFA_SIGNALING_VIA_NFKB	639	-0.6144	true	-1.3251
HALLMARK_TNFA_SIGNALING_VIA_NFKB	640	-0.615798	false	-1.3289
HALLMARK_TNFA_SIGNALING_VIA_NFKB	641	-0.604922	true	-1.3304
HALLMARK_TNFA_SIGNALING_VIA_NFKB	642	-0.606321	false	-1.3499
HALLMARK_TNFA_SIGNALING_VIA_NFKB	643	-0.595268	true	-1.3519
HALLMARK_TNFA_SIGNALING_VIA_NFKB	644	-0.596667	false	-1.3733
HALLMARK_TNFA_SIGNALING_VIA_NFKB	645	-0.598065	false	-1.3791
HALLMARK_TNFA_SIGNALING_VIA_NFKB	646	-0.58676	true	-1.3828
HALLMARK_TNFA_SIGNALING_VIA_NFKB	647	-0.575412	true	-1.3881
HALLMARK_TNFA_SIGNALING_VIA_NFKB	648	-0.57681	false	-1.3904
HALLMARK_TNFA_SIGNALING_VIA_NFKB	649	-0.578209	false	-1.3962
HALLMARK_TNFA_SIGNALING_VIA_NFKB	650	-0.579608	false	-1.406
HALLMARK_TNFA_SIGNALING_VIA_NFKB	651	-0.581006	false	-1.4108
HALLMARK_TNFA_SIGNALING_VIA_NFKB	652	-0.582405	false	-1.4426
HALLMARK_TNFA_SIGNALING_VIA_NFKB	653	-0.583803	false	-1.4641
HALLMARK_TNFA_SIGNALING_VIA_NFKB	654	-0.585202	false	-1.4665
HALLMARK_TNFA_SIGNALING_VIA_NFKB	655	-0.573206	true	-1.4673
HALLMARK_TNFA_SIGNALING_VIA_NFKB	656	-0.574605	false	-1.4839
HALLMARK_TNFA_SIGNALING_VIA_NFKB	657	-0.562468	true	-1.4846
HALLMARK_TNFA_SIGNALING_VIA_NFKB	658	-0.563866	false	-1.5006
HALLMARK_TNFA_SIGNALING_VIA_NFKB	659	-0.565265	false	-1.5069
HALLMARK_TNFA_SIGNALING_VIA_NFKB	660	-0.566664	false	-1.5136
HALLMARK_TNFA_SIGNALING_VIA_NFKB	661	-0.568062	false	-1.5229
HALLMARK_TNFA_SIGNALING_VIA_NFKB	662	-0.569461	false	-1.5247
HALLMARK_TNFA_SIGNALING_VIA_NFKB	663	-0.570859	false	-1.5438
HALLMARK_TNFA_SIGNALING_VIA_NFKB	664	-0.572258	false	-1.5594
HALLMARK_TNFA_SIGNALING_VIA_NFKB	665	-0.5595	true	-1.5606
HALLMARK_TNFA_SIGNALING_VIA_NFKB	666	-0.560898	false	-1.5767
HALLMARK_TNFA_SIGNALING_VIA_NFKB	667	-0.562297	false	-1.6026
HALLMARK_TNFA_SIGNALING_VIA_NFKB	668	-0.549188	true	-1.6035
HALLMARK_TNFA_SIGNALING_VIA_NFKB	669	-0.536064	true	-1.6053
HALLMARK_TNFA_SIGNALING_VIA_NFKB	670	-0.537463	false	-1.6161
HALLMARK_TNFA_SIGNALING_VIA_NFKB	671	-0.538861	false	-1.6239
HALLMARK_TNFA_SIGNALING_VIA_NFKB	672	-0.54026	false	-1.6421
HALLMARK_TNFA_SIGNALING_VIA_NFKB	673	-0.526778	true	-1.649
HALLMARK_TNFA_SIGNALING_VIA_NFKB	674	-0.528177	false	-1.6519
HALLMARK_TNFA_SIGNALING_VIA_NFKB	675	-0.529576	false	-1.6587
HALLMARK_TNFA_SIGNALING_VIA_NFKB	676	-0.515981	true	-1.6628
HALLMARK_TNFA_SIGNALING_VIA_NFKB	677	-0.51738	false	-1.6728
HALLMARK_TNFA_SIGNALING_VIA_NFKB	678	-0.518779	false	-1.6932
HALLMARK_TNFA_SIGNALING_VIA_NFKB	679	-0.520177	false	-1.698
HALLMARK_TNFA_SIGNALING_VIA_NFKB	680	-0.521576	false	-1.7064
HALLMARK_TNFA_SIGNALING_VIA_NFKB	681	-0.522974	false	-1.7117
HALLMARK_TNFA_SIGNALING_VIA_NFKB	682	-0.524373	false	-1.7133
HALLMARK_TNFA_SIGNALING_VIA_NFKB	683	-0.525772	false	-1.7147
HALLMARK_TNFA_SIGNALING_VIA_NFKB	684	-0.511746	true	-1.7156
HALLMARK_TNFA_SIGNALING_VIA_NFKB	685	-0.513145	false	-1.7212
HALLMARK_TNFA_SIGNALING_VIA_NFKB	686	-0.498887	true	-1.744
HALLMARK_TNFA_SIGNALING_VIA_NFKB	687	-0.500285	false	-1.7485
HALLMARK_TNFA_SIGNALING_VIA_NFKB	688	-0.485909	true	-1.7585
HALLMARK_TNFA_SIGNALING_VIA_NFKB	689	-0.47149	true	-1.7637
HALLMARK_TNFA_SIGNALING_VIA_NFKB	690	-0.472889	false	-1.7669
HALLMARK_TNFA_SIGNALING_VIA_NFKB	691	-0.474288	false	-1.7763
HALLMARK_TNFA_SIGNALING_VIA_NFKB	692	-0.475686	false	-1.8008
HALLMARK_TNFA_SIGNALING_VIA_NFKB	693	-0.460849	true	-1.8149
HALLMARK_TNFA_SIGNALING_VIA_NFKB	694	-0.462247	false	-1.8315
HALLMARK_TNFA_SIGNALING_VIA_NFKB	695	-0.463646	false	-1.8374
HALLMARK_TNFA_SIGNALING_VIA_NFKB	696	-0.465044	false	-1.8398
HALLMARK_TNFA_SIGNALING_VIA_NFKB	697	-0.466443	false	-1.8492
HALLMARK_TNFA_SIGNALING_VIA_NFKB	698	-0.467842	false	-1.8706
HALLMARK_TNFA_SIGNALING_VIA_NFKB	699	-0.452468	true	-1.8805
HALLMARK_TNFA_SIGNALING_VIA_NFKB	700	-0.437026	true	-1.8888
HALLMARK_TNFA_SIGNALING_VIA_NFKB	701	-0.421458	true	-1.9043
HALLMARK_TNFA_SIGNALING_VIA_NFKB	702	-0.422856	false	-1.9127
HALLMARK_TNFA_SIGNALING_VIA_NFKB	703	-0.424255	false	-1.9144
HALLMARK_TNFA_SIGNALING_VIA_NFKB	704	-0.40853	true	-1.9235
HALLMARK_TNFA_SIGNALING_VIA_NFKB	705	-0.409928	false	-1.9346
HALLMARK_TNFA_SIGNALING_VIA_NFKB	706	-0.411327	false	-1.959
HALLMARK_TNFA_SIGNALING_VIA_NFKB	707	-0.412726	false	-1.9649
HALLMARK_TNFA_SIGNALING_VIA_NFKB	708	-0.414124	false	-1.9725
HALLMARK_TNFA_SIGNALING_VIA_NFKB	709	-0.415523	false	-1.9815
HALLMARK_TNFA_SIGNALING_VIA_NFKB	710	-0.399247	true	-1.9909
HALLMARK_TNFA_SIGNALING_VIA_NFKB	711	-0.400645	false	-1.9961
HALLMARK_TNFA_SIGNALING_VIA_NFKB	712	-0.384314	true	-1.9977
HALLMARK_TNFA_SIGNALING_VIA_NFKB	713	-0.385712	false	-2.0156
HALLMARK_TNFA_SIGNALING_VIA_NFKB	714	-0.369186	true	-2.0215
HALLMARK_TNFA_SIGNALING_VIA_NFKB	715	-0.370584	false	-2.0552
HALLMARK_TNFA_SIGNALING_VIA_NFKB	716	-0.371983	false	-2.0694
HALLMARK_TNFA_SIGNALING_VIA_NFKB	717	-0.373381	false	-2.0711
HALLMARK_TNFA_SIGNALING_VIA_NFKB	718	-0.37478	false	-2.0825
HALLMARK_TNFA_SIGNALING_VIA_NFKB	719	-0.376179	false	-2.0857
HALLMARK_TNFA_SIGNALING_VIA_NFKB	720	-0.377577	false	-2.0887
HALLMARK_TNFA_SIGNALING_VIA_NFKB	721	-0.360391	true	-2.1022
HALLMARK_TNFA_SIGNALING_VIA_NFKB	722	-0.36179	false	-2.1033
HALLMARK_TNFA_SIGNALING_VIA_NFKB	723	-0.363188	false	-2.1224
HALLMARK_TNFA_SIGNALING_VIA_NFKB	724	-0.345824	true	-2.124
HALLMARK_TNFA_SIGNALING_VIA_NFKB	725	-0.347222	false	-2.1338
HALLMARK_TNFA_SIGNALING_VIA_NFKB	726	-0.348621	false	-2.1409
HALLMARK_TNFA_SIGNALING_VIA_NFKB	727	-0.350019	false	-2.1533
HALLMARK_TNFA_SIGNALING_VIA_NFKB	728	-0.351418	false	-2.1556
HALLMARK_TNFA_SIGNALING_VIA_NFKB	729	-0.352817	false	-2.1904
HALLMARK_TNFA_SIGNALING_VIA_NFKB	730	-0.354215	false	-2.2084
HALLMARK_TNFA_SIGNALING_VIA_NFKB	731	-0.336049	true	-2.2221
HALLMARK_TNFA_SIGNALING_VIA_NFKB	732	-0.337447	false	-2.2404
HALLMARK_TNFA_SIGNALING_VIA_NFKB	733	-0.318839	true	-2.2762
HALLMARK_TNFA_SIGNALING_VIA_NFKB	734	-0.320238	false	-2.277
HALLMARK_TNFA_SIGNALING_VIA_NFKB	735	-0.321636	false	-2.2859
HALLMARK_TNFA_SIGNALING_VIA_NFKB	736	-0.302941	true	-2.2867
HALLMARK_TNFA_SIGNALING_VIA_NFKB	737	-0.30434	false	-2.3006
HALLMARK_TNFA_SIGNALING_VIA_NFKB	738	-0.305738	false	-2.3008
HALLMARK_TNFA_SIGNALING_VIA_NFKB	739	-0.307137	false	-2.3092
HALLMARK_TNFA_SIGNALING_VIA_NFKB	740	-0.308536	false	-2.3113
HALLMARK_TNFA_SIGNALING_VIA_NFKB	741	-0.289562	true	-2.3209
HALLMARK_TNFA_SIGNALING_VIA_NFKB	742	-0.29096	false	-2.3246
HALLMARK_TNFA_SIGNALING_VIA_NFKB	743	-0.292359	false	-2.3249
HALLMARK_TNFA_SIGNALING_VIA_NFKB	744	-0.293757	false	-2.3372
HALLMARK_TNFA_SIGNALING_VIA_NFKB	745	-0.295156	false	-2.3376
HALLMARK_TNFA_SIGNALING_VIA_NFKB	746	-0.296555	false	-2.3729
HALLMARK_TNFA_SIGNALING_VIA_NFKB	747	-0.297953	false	-2.3745
HALLMARK_TNFA_SIGNALING_VIA_NFKB	748	-0.299352	false	-2.3938
HALLMARK_TNFA_SIGNALING_VIA_NFKB	749	-0.30075	false	-2.3982
HALLMARK_TNFA_SIGNALING_VIA_NFKB	750	-0.281135	true	-2.3993
HALLMARK_TNFA_SIGNALING_VIA_NFKB	751	-0.282534	false	-2.427
HALLMARK_TNFA_SIGNALING_VIA_NFKB	752	-0.283932	false	-2.4485
HALLMARK_TNFA_SIGNALING_VIA_NFKB	753	-0.263854	true	-2.456
HALLMARK_TNFA_SIGNALING_VIA_NFKB	754	-0.265252	false	-2.4671
HALLMARK_TNFA_SIGNALING_VIA_NFKB	755	-0.244908	true	-2.4884
HALLMARK_TNFA_SIGNALING_VIA_NFKB	756	-0.246307	false	-2.4962
HALLMARK_TNFA_SIGNALING_VIA_NFKB	757	-0.247705	false	-2.5051
HALLMARK_TNFA_SIGNALING_VIA_NFKB	758	-0.249104	false	-2.5234
HALLMARK_TNFA_SIGNALING_VIA_NFKB	759	-0.228448	true	-2.5266
HALLMARK_TNFA_SIGNALING_VIA_NFKB	760	-0.207721	true	-2.5353
HALLMARK_TNFA_SIGNALING_VIA_NFKB	761	-0.20912	false	-2.5386
HALLMARK_TNFA_SIGNALING_VIA_NFKB	762	-0.188172	true	-2.5623
HALLMARK_TNFA_SIGNALING_VIA_NFKB	763	-0.167207	true	-2.5644
HALLMARK_TNFA_SIGNALING_VIA_NFKB	764	-0.168606	false	-2.583
HALLMARK_TNFA_SIGNALING_VIA_NFKB	765	-0.170004	false	-2.5972
HALLMARK_TNFA_SIGNALING_VIA_NFKB	766	-0.171403	false	-2.6085
HALLMARK_TNFA_SIGNALING_VIA_NFKB	767	-0.172802	false	-2.6106
HALLMARK_TNFA_SIGNALING_VIA_NFKB	768	-0.1742	false	-2.6181
HALLMARK_TNFA_SIGNALING_VIA_NFKB	769	-0.152719	true	-2.6276
HALLMARK_TNFA_SIGNALING_VIA_NFKB	770	-0.154117	false	-2.6342
HALLMARK_TNFA_SIGNALING_VIA_NFKB	771	-0.132549	true	-2.6383
HALLMARK_TNFA_SIGNALING_VIA_NFKB	772	-0.110923	true	-2.6452
HALLMARK_TNFA_SIGNALING_VIA_NFKB	773	-0.112321	false	-2.6485
HALLMARK_TNFA_SIGNALING_VIA_NFKB	774	-0.11372	false	-2.6833
HALLMARK_TNFA_SIGNALING_VIA_NFKB	775	-0.115119	false	-2.6851
HALLMARK_TNFA_SIGNALING_VIA_NFKB	776	-0.116517	false	-2.7151
HALLMARK_TNFA_SIGNALING_VIA_NFKB	777	-0.117916	false	-2.7158
HALLMARK_TNFA_SIGNALING_VIA_NFKB	778	-0.119314	false	-2.7365
HALLMARK_TNFA_SIGNALING_VIA_NFKB	779	-0.120713	false	-2.751
HALLMARK_TNFA_SIGNALING_VIA_NFKB	780	-0.098008	true	-2.7772
HALLMARK_TNFA_SIGNALING_VIA_NFKB	781	-0.099407	false	-2.8051
HALLMARK_TNFA_SIGNALING_VIA_NFKB	782	-0.100805	false	-2.8281
HALLMARK_TNFA_SIGNALING_VIA_NFKB	783	-0.102204	false	-2.8281
HALLMARK_TNFA_SIGNALING_VIA_NFKB	784	-0.103603	false	-2.8304
HALLMARK_TNFA_SIGNALING_VIA_NFKB	785	-0.105001	false	-2.8423
HALLMARK_TNFA_SIGNALING_VIA_NFKB	786	-0.1064	false	-2.8458
HALLMARK_TNFA_SIGNALING_VIA_NFKB	787	-0.083088	true	-2.8515
HALLMARK_TNFA_SIGNALING_VIA_NFKB	788	-0.059672	true	-2.8642
HALLMARK_TNFA_SIGNALING_VIA_NFKB	789	-0.061071	false	-2.8772
HALLMARK_TNFA_SIGNALING_VIA_NFKB	790	-0.062469	false	-2.8842
HALLMARK_TNFA_SIGNALING_VIA_NFKB	791	-0.063868	false	-2.9113
HALLMARK_TNFA_SIGNALING_VIA_NFKB	792	-0.065267	false	-2.9174
HALLMARK_TNFA_SIGNALING_VIA_NFKB	793	-0.04132	true	-2.9291
HALLMARK_TNFA_SIGNALING_VIA_NFKB	794	-0.017284	true	-2.94
HALLMARK_TNFA_SIGNALING_VIA_NFKB	795	-0.018683	false	-2.949
HALLMARK_TNFA_SIGNALING_VIA_NFKB	796	-0.020082	false	-2.9577
HALLMARK_TNFA_SIGNALING_VIA_NFKB	797	-0.02148	false	-2.9677
HALLMARK_TNFA_SIGNALING_VIA_NFKB	798	0.002797	true	-2.9696
HALLMARK_TNFA_SIGNALING_VIA_NFKB	799	0.001399	false	-2.9879
HALLMARK_TNFA_SIGNALING_VIA_NFKB	800	0.0	false	-3.0179
HALLMARK_APOPTOSIS	1	-0.001379	false	3.0009
HALLMARK_APOPTOSIS	2	-0.002759	false	2.9902
HALLMARK_APOPTOSIS	3	-0.004138	false	2.9875
HALLMARK_APOPTOSIS	4	-0.005517	false	2.9726
HALLMARK_APOPTOSIS	5	-0.006897	false	2.9417
HALLMARK_APOPTOSIS	6	-0.008276	false	2.9406
HALLMARK_APOPTOSIS	7	-0.009655	false	2.9399
HALLMARK_APOPTOSIS	8	-0.011034	false	2.9307
HALLMARK_APOPTOSIS	9	-0.012414	false	2.9029
HALLMARK_APOPTOSIS	10	-0.013793	false	2.8991
HALLMARK_APOPTOSIS	11	-0.015172	false	2.8789
HALLMARK_APOPTOSIS	12	-0.016552	false	2.8646
HALLMARK_APOPTOSIS	13	-0.017931	false	2.8608
HALLMARK_APOPTOSIS	14	0.01749	true	2.8219
HALLMARK_APOPTOSIS	15	0.016111	false	2.8215
HALLMARK_APOPTOSIS	16	0.014731	false	2.8144
HALLMARK_APOPTOSIS	17	0.049902	true	2.8019
HALLMARK_APOPTOSIS	18	0.048523	false	2.7986
HALLMARK_APOPTOSIS	19	0.047143	false	2.79
HALLMARK_APOPTOSIS	20	0.045764	false	2.788
HALLMARK_APOPTOSIS	21	0.044385	false	2.7698
HALLMARK_APOPTOSIS	22	0.043005	false	2.7503
HALLMARK_APOPTOSIS	23	0.041626	false	2.7499
HALLMARK_APOPTOSIS	24	0.075965	true	2.7357
HALLMARK_APOPTOSIS	25	0.074586	false	2.733
HALLMARK_APOPTOSIS	26	0.073206	false	2.7329
HALLMARK_APOPTOSIS	27	0.107095	true	2.6998
HALLMARK_APOPTOSIS	28	0.105716	false	2.6978
HALLMARK_APOPTOSIS	29	0.104337	false	2.6763
HALLMARK_APOPTOSIS	30	0.102957	false	2.6701
HALLMARK_APOPTOSIS	31	0.101578	false	2.6542
HALLMARK_APOPTOSIS	32	0.100199	false	2.6529
HALLMARK_APOPTOSIS	33	0.09882	false	2.6506
HALLMARK_APOPTOSIS	34	0.09744	false	2.6248
HALLMARK_APOPTOSIS	35	0.130059	true	2.5986
HALLMARK_APOPTOSIS	36	0.12868	false	2.577
HALLMARK_APOPTOSIS	37	0.1273	false	2.5746
HALLMARK_APOPTOSIS	38	0.125921	false	2.5726
HALLMARK_APOPTOSIS	39	0.124542	false	2.5448
HALLMARK_APOPTOSIS	40	0.123163	false	2.5402
HALLMARK_APOPTOSIS	41	0.121783	false	2.5391
HALLMARK_APOPTOSIS	42	0.120404	false	2.5221
HALLMARK_APOPTOSIS	43	0.119025	false	2.5102
HALLMARK_APOPTOSIS	44	0.150454	true	2.5038
HALLMARK_APOPTOSIS	45	0.149074	false	2.4973
HALLMARK_APOPTOSIS	46	0.147695	false	2.4926
HALLMARK_APOPTOSIS	47	0.178549	true	2.458
HALLMARK_APOPTOSIS	48	0.17717	false	2.4563
HALLMARK_APOPTOSIS	49	0.17579	false	2.4542
HALLMARK_APOPTOSIS	50	0.174411	false	2.4409
HALLMARK_APOPTOSIS	51	0.173032	false	2.4116
HALLMARK_APOPTOSIS	52	0.203211	true	2.4043
HALLMARK_APOPTOSIS	53	0.201832	false	2.3968
HALLMARK_APOPTOSIS	54	0.200453	false	2.3878
HALLMARK_APOPTOSIS	55	0.230361	true	2.3827
HALLMARK_APOPTOSIS	56	0.228981	false	2.3796
HALLMARK_APOPTOSIS	57	0.227602	false	2.3647
HALLMARK_APOPTOSIS	58	0.226223	false	2.3576
HALLMARK_APOPTOSIS	59	0.224843	false	2.3312
HALLMARK_APOPTOSIS	60	0.223464	false	2.3196
HALLMARK_APOPTOSIS	61	0.222085	false	2.3179
HALLMARK_APOPTOSIS	62	0.220706	false	2.3045
HALLMARK_APOPTOSIS	63	0.219326	false	2.2908
HALLMARK_APOPTOSIS	64	0.217947	false	2.2778
HALLMARK_APOPTOSIS	65	0.216568	false	2.2745
HALLMARK_APOPTOSIS	66	0.215188	false	2.2685
HALLMARK_APOPTOSIS	67	0.213809	false	2.2596
HALLMARK_APOPTOSIS	68	0.242114	true	2.255
HALLMARK_APOPTOSIS	69	0.240735	false	2.2494
HALLMARK_APOPTOSIS	70	0.239356	false	2.2373
HALLMARK_APOPTOSIS	71	0.237976	false	2.2268
HALLMARK_APOPTOSIS	72	0.236597	false	2.2091
HALLMARK_APOPTOSIS	73	0.235218	false	2.2021
HALLMARK_APOPTOSIS	74	0.233838	false	2.1931
HALLMARK_APOPTOSIS	75	0.232459	false	2.1908
HALLMARK_APOPTOSIS	76	0.23108	false	2.1862
HALLMARK_APOPTOSIS	77	0.229701	false	2.1568
HALLMARK_APOPTOSIS	78	0.228321	false	2.1533
HALLMARK_APOPTOSIS	79	0.226942	false	2.1303
HALLMARK_APOPTOSIS	80	0.225563	false	2.121
HALLMARK_APOPTOSIS	81	0.224183	false	2.1054
HALLMARK_APOPTOSIS	82	0.222804	false	2.0943
HALLMARK_APOPTOSIS	83	0.221425	false	2.0755
HALLMARK_APOPTOSIS	84	0.220045	false	2.073
HALLMARK_APOPTOSIS	85	0.218666	false	2.0614
HALLMARK_APOPTOSIS	86	0.217287	false	2.0446
HALLMARK_APOPTOSIS	87	0.215907	false	2.0422
HALLMARK_APOPTOSIS	88	0.214528	false	2.0419
HALLMARK_APOPTOSIS	89	0.213149	false	2.015
HALLMARK_APOPTOSIS	90	0.211769	false	1.9989
HALLMARK_APOPTOSIS	91	0.21039	false	1.9893
HALLMARK_APOPTOSIS	92	0.209011	false	1.9798
HALLMARK_APOPTOSIS	93	0.207632	false	1.9744
HALLMARK_APOPTOSIS	94	0.206252	false	1.9575
HALLMARK_APOPTOSIS	95	0.204873	false	1.9541
HALLMARK_APOPTOSIS	96	0.22938	true	1.9524
HALLMARK_APOPTOSIS	97	0.2536	true	1.9295
HALLMARK_APOPTOSIS	98	0.25222	false	1.9278
HALLMARK_APOPTOSIS	99	0.276417	true	1.9277
HALLMARK_APOPTOSIS	100	0.275038	false	1.9264
HALLMARK_APOPTOSIS	101	0.273659	false	1.9237
HALLMARK_APOPTOSIS	102	0.272279	false	1.8915
HALLMARK_APOPTOSIS	103	0.2709	false	1.8907
HALLMARK_APOPTOSIS	104	0.269521	false	1.8805
HALLMARK_APOPTOSIS	105	0.268141	false	1.8545
HALLMARK_APOPTOSIS	106	0.266762	false	1.8508
HALLMARK_APOPTOSIS	107	0.265383	false	1.8416
HALLMARK_APOPTOSIS	108	0.264003	false	1.832
HALLMARK_APOPTOSIS	109	0.262624	false	1.8252
HALLMARK_APOPTOSIS	110	0.261245	false	1.8234
HALLMARK_APOPTOSIS	111	0.259865	false	1.7986
HALLMARK_APOPTOSIS	112	0.258486	false	1.7686
HALLMARK_APOPTOSIS	113	0.257107	false	1.765
HALLMARK_APOPTOSIS	114	0.255728	false	1.7591
HALLMARK_APOPTOSIS	115	0.254348	false	1.7533
HALLMARK_APOPTOSIS	116	0.252969	false	1.7532
HALLMARK_APOPTOSIS	117	0.25159	false	1.7419
HALLMARK_APOPTOSIS	118	0.25021	false	1.7214
HALLMARK_APOPTOSIS	119	0.248831	false	1.716
HALLMARK_APOPTOSIS	120	0.247452	false	1.7104
HALLMARK_APOPTOSIS	121	0.246072	false	1.7008
HALLMARK_APOPTOSIS	122	0.244693	false	1.6974
HALLMARK_APOPTOSIS	123	0.243314	false	1.6972
HALLMARK_APOPTOSIS	124	0.241934	false	1.6778
HALLMARK_APOPTOSIS	125	0.240555	false	1.6669
HALLMARK_APOPTOSIS	126	0.239176	false	1.6514
HALLMARK_APOPTOSIS	127	0.237796	false	1.6439
HALLMARK_APOPTOSIS	128	0.236417	false	1.6294
HALLMARK_APOPTOSIS	129	0.235038	false	1.6267
HALLMARK_APOPTOSIS	130	0.233659	false	1.6237
HALLMARK_APOPTOSIS	131	0.232279	false	1.6177
HALLMARK_APOPTOSIS	132	0.2309	false	1.6006
HALLMARK_APOPTOSIS	133	0.229521	false	1.5837
HALLMARK_APOPTOSIS	134	0.228141	false	1.5675
HALLMARK_APOPTOSIS	135	0.226762	false	1.5511
HALLMARK_APOPTOSIS	136	0.225383	false	1.5463
HALLMARK_APOPTOSIS	137	0.224003	false	1.5419
HALLMARK_APOPTOSIS	138	0.222624	false	1.5258
HALLMARK_APOPTOSIS	139	0.221245	false	1.5249
HALLMARK_APOPTOSIS	140	0.219865	false	1.5151
HALLMARK_APOPTOSIS	141	0.218486	false	1.505
HALLMARK_APOPTOSIS	142	0.217107	false	1.4984
HALLMARK_APOPTOSIS	143	0.215728	false	1.4949
HALLMARK_APOPTOSIS	144	0.214348	false	1.4851
HALLMARK_APOPTOSIS	145	0.232936	true	1.4809
HALLMARK_APOPTOSIS	146	0.231557	false	1.4712
HALLMARK_APOPTOSIS	147	0.230178	false	1.4594
HALLMARK_APOPTOSIS	148	0.228798	false	1.4433
HALLMARK_APOPTOSIS	149	0.227419	false	1.4225
HALLMARK_APOPTOSIS	150	0.22604	false	1.4184
HALLMARK_APOPTOSIS	151	0.224661	false	1.4127
HALLMARK_APOPTOSIS	152	0.223281	false	1.407
HALLMARK_APOPTOSIS	153	0.221902	false	1.4011
HALLMARK_APOPTOSIS	154	0.220523	false	1.3841
HALLMARK_APOPTOSIS	155	0.219143	false	1.3795
HALLMARK_APOPTOSIS	156	0.217764	false	1.3639
HALLMARK_APOPTOSIS	157	0.216385	false	1.3546
HALLMARK_APOPTOSIS	158	0.215005	false	1.3486
HALLMARK_APOPTOSIS	159	0.213626	false	1.3411
HALLMARK_APOPTOSIS	160	0.212247	false	1.3365
HALLMARK_APOPTOSIS	161	0.210867	false	1.3341
HALLMARK_APOPTOSIS	162	0.209488	false	1.3302
HALLMARK_APOPTOSIS	163	0.208109	false	1.3147
HALLMARK_APOPTOSIS	164	0.206729	false	1.3079
HALLMARK_APOPTOSIS	165	0.20535	false	1.3054
HALLMARK_APOPTOSIS	166	0.203971	false	1.3002
HALLMARK_APOPTOSIS	167	0.202592	false	1.2912
HALLMARK_APOPTOSIS	168	0.201212	false	1.2787
HALLMARK_APOPTOSIS	169	0.199833	false	1.2549
HALLMARK_APOPTOSIS	170	0.198454	false	1.2544
HALLMARK_APOPTOSIS	171	0.197074	false	1.2504
HALLMARK_APOPTOSIS	172	0.21275	true	1.2488
HALLMARK_APOPTOSIS	173	0.211371	false	1.234
HALLMARK_APOPTOSIS	174	0.209992	false	1.2139
HALLMARK_APOPTOSIS	175	0.208612	false	1.2024
HALLMARK_APOPTOSIS	176	0.207233	false	1.1962
HALLMARK_APOPTOSIS	177	0.205854	false	1.1871
HALLMARK_APOPTOSIS	178	0.204474	false	1.1815
HALLMARK_APOPTOSIS	179	0.203095	false	1.1728
HALLMARK_APOPTOSIS	180	0.217807	true	1.1721
HALLMARK_APOPTOSIS	181	0.216428	false	1.1702
HALLMARK_APOPTOSIS	182	0.215049	false	1.1629
HALLMARK_APOPTOSIS	183	0.213669	false	1.15
HALLMARK_APOPTOSIS	184	0.21229	false	1.135
HALLMARK_APOPTOSIS	185	0.210911	false	1.1321
HALLMARK_APOPTOSIS	186	0.209531	false	1.1148
HALLMARK_APOPTOSIS	187	0.208152	false	1.0982
HALLMARK_APOPTOSIS	188	0.206773	false	1.0824
HALLMARK_APOPTOSIS	189	0.205393	false	1.0709
HALLMARK_APOPTOSIS	190	0.218741	true	1.0634
HALLMARK_APOPTOSIS	191	0.217362	false	1.0552
HALLMARK_APOPTOSIS	192	0.215983	false	1.0523
HALLMARK_APOPTOSIS	193	0.214603	false	1.0476
HALLMARK_APOPTOSIS	194	0.213224	false	1.0368
HALLMARK_APOPTOSIS	195	0.211845	false	1.031
HALLMARK_APOPTOSIS	196	0.224776	true	1.0302
HALLMARK_APOPTOSIS	197	0.223397	false	1.0239
HALLMARK_APOPTOSIS	198	0.222017	false	1.0191
HALLMARK_APOPTOSIS	199	0.220638	false	1.0052
HALLMARK_APOPTOSIS	200	0.219259	false	0.9944
HALLMARK_APOPTOSIS	201	0.217879	false	0.9805
HALLMARK_APOPTOSIS	202	0.2165	false	0.9802
HALLMARK_APOPTOSIS	203	0.215121	false	0.9774
HALLMARK_APOPTOSIS	204	0.213741	false	0.9719
HALLMARK_APOPTOSIS	205	0.212362	false	0.9712
HALLMARK_APOPTOSIS	206	0.210983	false	0.9655
HALLMARK_APOPTOSIS	207	0.209603	false	0.9504
HALLMARK_APOPTOSIS	208	0.208224	false	0.9313
HALLMARK_APOPTOSIS	209	0.206845	false	0.9184
HALLMARK_APOPTOSIS	210	0.205466	false	0.9055
HALLMARK_APOPTOSIS	211	0.204086	false	0.9053
HALLMARK_APOPTOSIS	212	0.202707	false	0.9002
HALLMARK_APOPTOSIS	213	0.201328	false	0.891
HALLMARK_APOPTOSIS	214	0.199948	false	0.8882
HALLMARK_APOPTOSIS	215	0.198569	false	0.8851
HALLMARK_APOPTOSIS	216	0.19719	false	0.8812
HALLMARK_APOPTOSIS	217	0.19581	false	0.8761
HALLMARK_APOPTOSIS	218	0.194431	false	0.8662
HALLMARK_APOPTOSIS	219	0.193052	false	0.8636
HALLMARK_APOPTOSIS	220	0.191672	false	0.8476
HALLMARK_APOPTOSIS	221	0.202247	true	0.8424
HALLMARK_APOPTOSIS	222	0.200868	false	0.8305
HALLMARK_APOPTOSIS	223	0.21096	true	0.804
HALLMARK_APOPTOSIS	224	0.209581	false	0.7893
HALLMARK_APOPTOSIS	225	0.208202	false	0.7814
HALLMARK_APOPTOSIS	226	0.206822	false	0.7739
HALLMARK_APOPTOSIS	227	0.205443	false	0.7733
HALLMARK_APOPTOSIS	228	0.204064	false	0.7619
HALLMARK_APOPTOSIS	229	0.202684	false	0.7617
HALLMARK_APOPTOSIS	230	0.201305	false	0.7587
HALLMARK_APOPTOSIS	231	0.199926	false	0.7541
HALLMARK_APOPTOSIS	232	0.198546	false	0.7455
HALLMARK_APOPTOSIS	233	0.197167	false	0.7398
HALLMARK_APOPTOSIS	234	0.195788	false	0.7346
HALLMARK_APOPTOSIS	235	0.194408	false	0.7294
HALLMARK_APOPTOSIS	236	0.193029	false	0.7143
HALLMARK_APOPTOSIS	237	0.19165	false	0.7009
HALLMARK_APOPTOSIS	238	0.200389	true	0.6962
HALLMARK_APOPTOSIS	239	0.19901	false	0.6953
HALLMARK_APOPTOSIS	240	0.19763	false	0.6882
HALLMARK_APOPTOSIS	241	0.196251	false	0.6872
HALLMARK_APOPTOSIS	242	0.204734	true	0.6758
HALLMARK_APOPTOSIS	243	0.203354	false	0.6723
HALLMARK_APOPTOSIS	244	0.201975	false	0.6674
HALLMARK_APOPTOSIS	245	0.200596	false	0.6633
HALLMARK_APOPTOSIS	246	0.199216	false	0.6488
HALLMARK_APOPTOSIS	247	0.197837	false	0.6447
HALLMARK_APOPTOSIS	248	0.205781	true	0.6329
HALLMARK_APOPTOSIS	249	0.204402	false	0.6324
HALLMARK_APOPTOSIS	250	0.203023	false	0.6188
HALLMARK_APOPTOSIS	251	0.201643	false	0.6164
HALLMARK_APOPTOSIS	252	0.200264	false	0.6053
HALLMARK_APOPTOSIS	253	0.198885	false	0.6048
HALLMARK_APOPTOSIS	254	0.197505	false	0.5951
HALLMARK_APOPTOSIS	255	0.196126	false	0.5932
HALLMARK_APOPTOSIS	256	0.194747	false	0.59
HALLMARK_APOPTOSIS	257	0.201925	true	0.5718
HALLMARK_APOPTOSIS	258	0.209099	true	0.5716
HALLMARK_APOPTOSIS	259	0.20772	false	0.546
HALLMARK_APOPTOSIS	260	0.206341	false	0.5341
HALLMARK_APOPTOSIS	261	0.204961	false	0.5324
HALLMARK_APOPTOSIS	262	0.203582	false	0.5309
HALLMARK_APOPTOSIS	263	0.202203	false	0.5133
HALLMARK_APOPTOSIS	264	0.200823	false	0.508
HALLMARK_APOPTOSIS	265	0.199444	false	0.5035
HALLMARK_APOPTOSIS	266	0.198065	false	0.5012
HALLMARK_APOPTOSIS	267	0.196685	false	0.4932
HALLMARK_APOPTOSIS	268	0.195306	false	0.4898
HALLMARK_APOPTOSIS	269	0.193927	false	0.4799
HALLMARK_APOPTOSIS	270	0.192547	false	0.4732
HALLMARK_APOPTOSIS	271	0.191168	false	0.4714
HALLMARK_APOPTOSIS	272	0.189789	false	0.4598
HALLMARK_APOPTOSIS	273	0.188409	false	0.4575
HALLMARK_APOPTOSIS	274	0.18703	false	0.4569
HALLMARK_APOPTOSIS	275	0.185651	false	0.4538
HALLMARK_APOPTOSIS	276	0.184272	false	0.4527
HALLMARK_APOPTOSIS	277	0.18991	true	0.4492
HALLMARK_APOPTOSIS	278	0.18853	false	0.4469
HALLMARK_APOPTOSIS	279	0.187151	false	0.445
HALLMARK_APOPTOSIS	280	0.185772	false	0.4412
HALLMARK_APOPTOSIS	281	0.184392	false	0.44
HALLMARK_APOPTOSIS	282	0.183013	false	0.43
HALLMARK_APOPTOSIS	283	0.188144	true	0.4087
HALLMARK_APOPTOSIS	284	0.186765	false	0.4077
HALLMARK_APOPTOSIS	285	0.185385	false	0.407
HALLMARK_APOPTOSIS	286	0.184006	false	0.4068
HALLMARK_APOPTOSIS	287	0.182627	false	0.4003
HALLMARK_APOPTOSIS	288	0.181247	false	0.3923
HALLMARK_APOPTOSIS	289	0.179868	false	0.3865
HALLMARK_APOPTOSIS	290	0.178489	false	0.3864
HALLMARK_APOPTOSIS	291	0.183325	true	0.3853
HALLMARK_APOPTOSIS	292	0.181946	false	0.3852
HALLMARK_APOPTOSIS	293	0.180566	false	0.3627
HALLMARK_APOPTOSIS	294	0.179187	false	0.3592
HALLMARK_APOPTOSIS	295	0.177808	false	0.3475
HALLMARK_APOPTOSIS	296	0.176428	false	0.3332
HALLMARK_APOPTOSIS	297	0.175049	false	0.3288
HALLMARK_APOPTOSIS	298	0.179143	true	0.3261
HALLMARK_APOPTOSIS	299	0.177763	false	0.3173
HALLMARK_APOPTOSIS	300	0.176384	false	0.3141
HALLMARK_APOPTOSIS	301	0.175005	false	0.3127
HALLMARK_APOPTOSIS	302	0.173625	false	0.3079
HALLMARK_APOPTOSIS	303	0.172246	false	0.3068
HALLMARK_APOPTOSIS	304	0.170867	false	0.3017
HALLMARK_APOPTOSIS	305	0.169487	false	0.2986
HALLMARK_APOPTOSIS	306	0.173168	true	0.2932
HALLMARK_APOPTOSIS	307	0.171789	false	0.2913
HALLMARK_APOPTOSIS	308	0.170409	false	0.2831
HALLMARK_APOPTOSIS	309	0.16903	false	0.2778
HALLMARK_APOPTOSIS	310	0.167651	false	0.2734
HALLMARK_APOPTOSIS	311	0.166272	false	0.2732
HALLMARK_APOPTOSIS	312	0.164892	false	0.267
HALLMARK_APOPTOSIS	313	0.163513	false	0.2649
HALLMARK_APOPTOSIS	314	0.162134	false	0.2378
HALLMARK_APOPTOSIS	315	0.160754	false	0.2307
HALLMARK_APOPTOSIS	316	0.163624	true	0.2286
HALLMARK_APOPTOSIS	317	0.162244	false	0.228
HALLMARK_APOPTOSIS	318	0.160865	false	0.2235
HALLMARK_APOPTOSIS	319	0.159486	false	0.2216
HALLMARK_APOPTOSIS	320	0.158106	false	0.2195
HALLMARK_APOPTOSIS	321	0.156727	false	0.2192
HALLMARK_APOPTOSIS	322	0.155348	false	0.217
HALLMARK_APOPTOSIS	323	0.153968	false	0.2139
HALLMARK_APOPTOSIS	324	0.152589	false	0.2139
HALLMARK_APOPTOSIS	325	0.15121	false	0.2119
HALLMARK_APOPTOSIS	326	0.14983	false	0.2101
HALLMARK_APOPTOSIS	327	0.148451	false	0.2085
HALLMARK_APOPTOSIS	328	0.147072	false	0.2044
HALLMARK_APOPTOSIS	329	0.145692	false	0.2039
HALLMARK_APOPTOSIS	330	0.148167	true	0.1972
HALLMARK_APOPTOSIS	331	0.146788	false	0.1916
HALLMARK_APOPTOSIS	332	0.145409	false	0.1913
HALLMARK_APOPTOSIS	333	0.147793	true	0.19
HALLMARK_APOPTOSIS	334	0.146414	false	0.1825
HALLMARK_APOPTOSIS	335	0.148685	true	0.1809
HALLMARK_APOPTOSIS	336	0.150951	true	0.1805
HALLMARK_APOPTOSIS	337	0.149571	false	0.1724
HALLMARK_APOPTOSIS	338	0.148192	false	0.1684
HALLMARK_APOPTOSIS	339	0.146813	false	0.1657
HALLMARK_APOPTOSIS	340	0.145433	false	0.1642
HALLMARK_APOPTOSIS	341	0.144054	false	0.1638
HALLMARK_APOPTOSIS	342	0.142675	false	0.1545
HALLMARK_APOPTOSIS	343	0.141295	false	0.1353
HALLMARK_APOPTOSIS	344	0.139916	false	0.1347
HALLMARK_APOPTOSIS	345	0.138537	false	0.1296
HALLMARK_APOPTOSIS	346	0.137158	false	0.1239
HALLMARK_APOPTOSIS	347	0.135778	false	0.115
HALLMARK_APOPTOSIS	348	0.134399	false	0.1108
HALLMARK_APOPTOSIS	349	0.13302	false	0.1107
HALLMARK_APOPTOSIS	350	0.13164	false	0.1043
HALLMARK_APOPTOSIS	351	0.130261	false	0.1027
HALLMARK_APOPTOSIS	352	0.128882	false	0.1016
HALLMARK_APOPTOSIS	353	0.127502	false	0.0995
HALLMARK_APOPTOSIS	354	0.126123	false	0.099
HALLMARK_APOPTOSIS	355	0.124744	false	0.0986
HALLMARK_APOPTOSIS	356	0.123364	false	0.0954
HALLMARK_APOPTOSIS	357	0.121985	false	0.093
HALLMARK_APOPTOSIS	358	0.120606	false	0.0883
HALLMARK_APOPTOSIS	359	0.119226	false	0.0881
HALLMARK_APOPTOSIS	360	0.117847	false	0.0876
HALLMARK_APOPTOSIS	361	0.116468	false	0.0827
HALLMARK_APOPTOSIS	362	0.115089	false	0.0775
HALLMARK_APOPTOSIS	363	0.113709	false	0.0734
HALLMARK_APOPTOSIS	364	0.114629	true	0.0733
HALLMARK_APOPTOSIS	365	0.115509	true	0.0701
HALLMARK_APOPTOSIS	366	0.114129	false	0.0684
HALLMARK_APOPTOSIS	367	0.11275	false	0.062
HALLMARK_APOPTOSIS	368	0.113515	true	0.0609
HALLMARK_APOPTOSIS	369	0.112136	false	0.0569
HALLMARK_APOPTOSIS	370	0.112816	true	0.0542
HALLMARK_APOPTOSIS	371	0.111437	false	0.0529
HALLMARK_APOPTOSIS	372	0.110058	false	0.0524
HALLMARK_APOPTOSIS	373	0.110684	true	0.0499
HALLMARK_APOPTOSIS	374	0.109304	false	0.0432
HALLMARK_APOPTOSIS	375	0.107925	false	0.0411
HALLMARK_APOPTOSIS	376	0.106546	false	0.0407
HALLMARK_APOPTOSIS	377	0.105167	false	0.0384
HALLMARK_APOPTOSIS	378	0.103787	false	0.0343
HALLMARK_APOPTOSIS	379	0.10419	true	0.0321
HALLMARK_APOPTOSIS	380	0.102811	false	0.0275
HALLMARK_APOPTOSIS	381	0.101432	false	0.0233
HALLMARK_APOPTOSIS	382	0.100052	false	0.0224
HALLMARK_APOPTOSIS	383	0.098673	false	0.0203
HALLMARK_APOPTOSIS	384	0.097294	false	0.0187
HALLMARK_APOPTOSIS	385	0.095915	false	0.0152
HALLMARK_APOPTOSIS	386	0.094535	false	0.0147
HALLMARK_APOPTOSIS	387	0.093156	false	0.0126
HALLMARK_APOPTOSIS	388	0.093306	true	0.0119
HALLMARK_APOPTOSIS	389	0.091926	false	0.011
HALLMARK_APOPTOSIS	390	0.090547	false	0.0097
HALLMARK_APOPTOSIS	391	0.089168	false	0.0096
HALLMARK_APOPTOSIS	392	0.087789	false	0.0079
HALLMARK_APOPTOSIS	393	0.086409	false	0.0061
HALLMARK_APOPTOSIS	394	0.08503	false	0.0057
HALLMARK_APOPTOSIS	395	0.083651	false	0.0035
HALLMARK_APOPTOSIS	396	0.082271	false	-0.0032
HALLMARK_APOPTOSIS	397	0.080892	false	-0.0049
HALLMARK_APOPTOSIS	398	0.079513	false	-0.0059
HALLMARK_APOPTOSIS	399	0.078133	false	-0.0077
HALLMARK_APOPTOSIS	400	0.076754	false	-0.0102
HALLMARK_APOPTOSIS	401	0.075375	false	-0.0107
HALLMARK_APOPTOSIS	402	0.073995	false	-0.0119
HALLMARK_APOPTOSIS	403	0.072616	false	-0.0123
HALLMARK_APOPTOSIS	404	0.071237	false	-0.0188
HALLMARK_APOPTOSIS	405	0.071473	true	-0.0188
HALLMARK_APOPTOSIS	406	0.070093	false	-0.019
HALLMARK_APOPTOSIS	407	0.068714	false	-0.0203
HALLMARK_APOPTOSIS	408	0.067335	false	-0.0207
HALLMARK_APOPTOSIS	409	0.065955	false	-0.0213
HALLMARK_APOPTOSIS	410	0.064576	false	-0.0218
HALLMARK_APOPTOSIS	411	0.063197	false	-0.0299
HALLMARK_APOPTOSIS	412	0.061817	false	-0.0307
HALLMARK_APOPTOSIS	413	0.062242	true	-0.0338
HALLMARK_APOPTOSIS	414	0.060863	false	-0.0342
HALLMARK_APOPTOSIS	415	0.059483	false	-0.0358
HALLMARK_APOPTOSIS	416	0.058104	false	-0.0359
HALLMARK_APOPTOSIS	417	0.056725	false	-0.0368
HALLMARK_APOPTOSIS	418	0.055346	false	-0.0389
HALLMARK_APOPTOSIS	419	0.053966	false	-0.0403
HALLMARK_APOPTOSIS	420	0.052587	false	-0.0405
HALLMARK_APOPTOSIS	421	0.051208	false	-0.042
HALLMARK_APOPTOSIS	422	0.049828	false	-0.0445
HALLMARK_APOPTOSIS	423	0.048449	false	-0.0466
HALLMARK_APOPTOSIS	424	0.04707	false	-0.0504
HALLMARK_APOPTOSIS	425	0.047714	true	-0.0513
HALLMARK_APOPTOSIS	426	0.046335	false	-0.0567
HALLMARK_APOPTOSIS	427	0.044956	false	-0.0571
HALLMARK_APOPTOSIS	428	0.043576	false	-0.0585
HALLMARK_APOPTOSIS	429	0.044321	true	-0.0593
HALLMARK_APOPTOSIS	430	0.042942	false	-0.0637
HALLMARK_APOPTOSIS	431	0.041562	false	-0.0653
HALLMARK_APOPTOSIS	432	0.040183	false	-0.0687
HALLMARK_APOPTOSIS	433	0.038804	false	-0.0723
HALLMARK_APOPTOSIS	434	0.039746	true	-0.0751
HALLMARK_APOPTOSIS	435	0.038367	false	-0.0755
HALLMARK_APOPTOSIS	436	0.036987	false	-0.0781
HALLMARK_APOPTOSIS	437	0.035608	false	-0.0855
HALLMARK_APOPTOSIS	438	0.034229	false	-0.0865
HALLMARK_APOPTOSIS	439	0.032849	false	-0.0888
HALLMARK_APOPTOSIS	440	0.03147	false	-0.0889
HALLMARK_APOPTOSIS	441	0.030091	false	-0.0898
HALLMARK_APOPTOSIS	442	0.028711	false	-0.092
HALLMARK_APOPTOSIS	443	0.027332	false	-0.093
HALLMARK_APOPTOSIS	444	0.028509	true	-0.0937
HALLMARK_APOPTOSIS	445	0.027129	false	-0.0966
HALLMARK_APOPTOSIS	446	0.02575	false	-0.0981
HALLMARK_APOPTOSIS	447	0.024371	false	-0.1039
HALLMARK_APOPTOSIS	448	0.022991	false	-0.1059
HALLMARK_APOPTOSIS	449	0.021612	false	-0.1069
HALLMARK_APOPTOSIS	450	0.020233	false	-0.1091
HALLMARK_APOPTOSIS	451	0.018853	false	-0.1125
HALLMARK_APOPTOSIS	452	0.017474	false	-0.1125
HALLMARK_APOPTOSIS	453	0.016095	false	-0.1158
HALLMARK_APOPTOSIS	454	0.014716	false	-0.1159
HALLMARK_APOPTOSIS	455	0.013336	false	-0.1183
HALLMARK_APOPTOSIS	456	0.011957	false	-0.1279
HALLMARK_APOPTOSIS	457	0.010578	false	-0.1358
HALLMARK_APOPTOSIS	458	0.009198	false	-0.1402
HALLMARK_APOPTOSIS	459	0.007819	false	-0.1411
HALLMARK_APOPTOSIS	460	0.009642	true	-0.1452
HALLMARK_APOPTOSIS	461	0.008262	false	-0.154
HALLMARK_APOPTOSIS	462	0.006883	false	-0.1616
HALLMARK_APOPTOSIS	463	0.005504	false	-0.1661
HALLMARK_APOPTOSIS	464	0.004125	false	-0.1745
HALLMARK_APOPTOSIS	465	0.002745	false	-0.1845
HALLMARK_APOPTOSIS	466	0.001366	false	-0.1872
HALLMARK_APOPTOSIS	467	0.003735	true	-0.1887
HALLMARK_APOPTOSIS	468	0.002356	false	-0.1888
HALLMARK_APOPTOSIS	469	0.000976	false	-0.191
HALLMARK_APOPTOSIS	470	-0.000403	false	-0.1917
HALLMARK_APOPTOSIS	471	-0.001782	false	-0.1938
HALLMARK_APOPTOSIS	472	-0.003162	false	-0.1983
HALLMARK_APOPTOSIS	473	-0.000634	true	-0.2014
HALLMARK_APOPTOSIS	474	0.001912	true	-0.2028
HALLMARK_APOPTOSIS	475	0.000532	false	-0.2069
HALLMARK_APOPTOSIS	476	-0.000847	false	-0.2081
HALLMARK_APOPTOSIS	477	-0.002226	false	-0.2111
HALLMARK_APOPTOSIS	478	-0.003606	false	-0.2155
HALLMARK_APOPTOSIS	479	-0.004985	false	-0.2168
HALLMARK_APOPTOSIS	480	-0.006364	false	-0.2183
HALLMARK_APOPTOSIS	481	-0.007744	false	-0.2208
HALLMARK_APOPTOSIS	482	-0.009123	false	-0.2239
HALLMARK_APOPTOSIS	483	-0.010502	false	-0.2269
HALLMARK_APOPTOSIS	484	-0.011882	false	-0.2282
HALLMARK_APOPTOSIS	485	-0.008979	true	-0.2312
HALLMARK_APOPTOSIS	486	-0.010358	false	-0.2424
HALLMARK_APOPTOSIS	487	-0.011738	false	-0.2432
HALLMARK_APOPTOSIS	488	-0.013117	false	-0.2458
HALLMARK_APOPTOSIS	489	-0.014496	false	-0.2869
HALLMARK_APOPTOSIS	490	-0.015875	false	-0.2898
HALLMARK_APOPTOSIS	491	-0.017255	false	-0.2959
HALLMARK_APOPTOSIS	492	-0.018634	false	-0.2997
HALLMARK_APOPTOSIS	493	-0.020013	false	-0.3039
HALLMARK_APOPTOSIS	494	-0.021393	false	-0.3121
HALLMARK_APOPTOSIS	495	-0.022772	false	-0.3157
HALLMARK_APOPTOSIS	496	-0.024151	false	-0.3181
HALLMARK_APOPTOSIS	497	-0.025531	false	-0.3231
HALLMARK_APOPTOSIS	498	-0.02691	false	-0.3232
HALLMARK_APOPTOSIS	499	-0.028289	false	-0.3241
HALLMARK_APOPTOSIS	500	-0.029669	false	-0.3245
HALLMARK_APOPTOSIS	501	-0.025485	true	-0.3332
HALLMARK_APOPTOSIS	502	-0.026865	false	-0.3335
HALLMARK_APOPTOSIS	503	-0.022632	true	-0.3372
HALLMARK_APOPTOSIS	504	-0.024011	false	-0.3612
HALLMARK_APOPTOSIS	505	-0.025391	false	-0.3624
HALLMARK_APOPTOSIS	506	-0.02677	false	-0.3658
HALLMARK_APOPTOSIS	507	-0.028149	false	-0.366
HALLMARK_APOPTOSIS	508	-0.029528	false	-0.372
HALLMARK_APOPTOSIS	509	-0.030908	false	-0.3874
HALLMARK_APOPTOSIS	510	-0.032287	false	-0.3896
HALLMARK_APOPTOSIS	511	-0.033666	false	-0.3964
HALLMARK_APOPTOSIS	512	-0.035046	false	-0.4086
HALLMARK_APOPTOSIS	513	-0.036425	false	-0.4086
HALLMARK_APOPTOSIS	514	-0.037804	false	-0.4121
HALLMARK_APOPTOSIS	515	-0.039184	false	-0.42
HALLMARK_APOPTOSIS	516	-0.040563	false	-0.4258
HALLMARK_APOPTOSIS	517	-0.041942	false	-0.4308
HALLMARK_APOPTOSIS	518	-0.043322	false	-0.4311
HALLMARK_APOPTOSIS	519	-0.044701	false	-0.4319
HALLMARK_APOPTOSIS	520	-0.04608	false	-0.4365
HALLMARK_APOPTOSIS	521	-0.04746	false	-0.4405
HALLMARK_APOPTOSIS	522	-0.048839	false	-0.4619
HALLMARK_APOPTOSIS	523	-0.050218	false	-0.4659
HALLMARK_APOPTOSIS	524	-0.051597	false	-0.4742
HALLMARK_APOPTOSIS	525	-0.052977	false	-0.4763
HALLMARK_APOPTOSIS	526	-0.054356	false	-0.482
HALLMARK_APOPTOSIS	527	-0.055735	false	-0.4886
HALLMARK_APOPTOSIS	528	-0.049569	true	-0.4913
HALLMARK_APOPTOSIS	529	-0.050948	false	-0.4977
HALLMARK_APOPTOSIS	530	-0.052327	false	-0.5067
HALLMARK_APOPTOSIS	531	-0.053707	false	-0.5148
HALLMARK_APOPTOSIS	532	-0.055086	false	-0.5158
HALLMARK_APOPTOSIS	533	-0.056465	false	-0.5249
HALLMARK_APOPTOSIS	534	-0.057845	false	-0.5454
HALLMARK_APOPTOSIS	535	-0.059224	false	-0.5488
HALLMARK_APOPTOSIS	536	-0.060603	false	-0.55
HALLMARK_APOPTOSIS	537	-0.05369	true	-0.5508
HALLMARK_APOPTOSIS	538	-0.055069	false	-0.5569
HALLMARK_APOPTOSIS	539	-0.056448	false	-0.5638
HALLMARK_APOPTOSIS	540	-0.057827	false	-0.5639
HALLMARK_APOPTOSIS	541	-0.059207	false	-0.5658
HALLMARK_APOPTOSIS	542	-0.060586	false	-0.5697
HALLMARK_APOPTOSIS	543	-0.061965	false	-0.5713
HALLMARK_APOPTOSIS	544	-0.063345	false	-0.576
HALLMARK_APOPTOSIS	545	-0.064724	false	-0.5781
HALLMARK_APOPTOSIS	546	-0.066103	false	-0.579
HALLMARK_APOPTOSIS	547	-0.067483	false	-0.5951
HALLMARK_APOPTOSIS	548	-0.068862	false	-0.604
HALLMARK_APOPTOSIS	549	-0.070241	false	-0.6132
HALLMARK_APOPTOSIS	550	-0.071621	false	-0.6285
HALLMARK_APOPTOSIS	551	-0.073	false	-0.634
HALLMARK_APOPTOSIS	552	-0.074379	false	-0.6384
HALLMARK_APOPTOSIS	553	-0.075759	false	-0.6465
HALLMARK_APOPTOSIS	554	-0.077138	false	-0.6491
HALLMARK_APOPTOSIS	555	-0.078517	false	-0.6512
HALLMARK_APOPTOSIS	556	-0.070223	true	-0.6608
HALLMARK_APOPTOSIS	557	-0.071602	false	-0.6667
HALLMARK_APOPTOSIS	558	-0.072981	false	-0.6746
HALLMARK_APOPTOSIS	559	-0.074361	false	-0.6804
HALLMARK_APOPTOSIS	560	-0.06581	true	-0.6812
HALLMARK_APOPTOSIS	561	-0.067189	false	-0.6878
HALLMARK_APOPTOSIS	562	-0.068569	false	-0.6922
HALLMARK_APOPTOSIS	563	-0.069948	false	-0.6976
HALLMARK_APOPTOSIS	564	-0.071327	false	-0.7021
HALLMARK_APOPTOSIS	565	-0.072707	false	-0.7099
HALLMARK_APOPTOSIS	566	-0.074086	false	-0.7111
HALLMARK_APOPTOSIS	567	-0.075465	false	-0.7126
HALLMARK_APOPTOSIS	568	-0.076845	false	-0.7327
HALLMARK_APOPTOSIS	569	-0.078224	false	-0.7483
HALLMARK_APOPTOSIS	570	-0.079603	false	-0.7574
HALLMARK_APOPTOSIS	571	-0.080982	false	-0.77
HALLMARK_APOPTOSIS	572	-0.082362	false	-0.779
HALLMARK_APOPTOSIS	573	-0.083741	false	-0.7833
HALLMARK_APOPTOSIS	574	-0.08512	false	-0.7857
HALLMARK_APOPTOSIS	575	-0.0865	false	-0.7888
HALLMARK_APOPTOSIS	576	-0.087879	false	-0.7957
HALLMARK_APOPTOSIS	577	-0.089258	false	-0.8031
HALLMARK_APOPTOSIS	578	-0.090638	false	-0.8109
HALLMARK_APOPTOSIS	579	-0.092017	false	-0.817
HALLMARK_APOPTOSIS	580	-0.093396	false	-0.8286
HALLMARK_APOPTOSIS	581	-0.094776	false	-0.838
HALLMARK_APOPTOSIS	582	-0.096155	false	-0.8403
HALLMARK_APOPTOSIS	583	-0.097534	false	-0.8489
HALLMARK_APOPTOSIS	584	-0.098913	false	-0.8523
HALLMARK_APOPTOSIS	585	-0.100293	false	-0.8562
HALLMARK_APOPTOSIS	586	-0.101672	false	-0.8608
HALLMARK_APOPTOSIS	587	-0.103051	false	-0.8741
HALLMARK_APOPTOSIS	588	-0.104431	false	-0.8822
HALLMARK_APOPTOSIS	589	-0.10581	false	-0.9019
HALLMARK_APOPTOSIS	590	-0.107189	false	-0.9024
HALLMARK_APOPTOSIS	591	-0.108569	false	-0.9093
HALLMARK_APOPTOSIS	592	-0.109948	false	-0.9101
HALLMARK_APOPTOSIS	593	-0.098382	true	-0.9214
HALLMARK_APOPTOSIS	594	-0.099762	false	-0.9216
HALLMARK_APOPTOSIS	595	-0.101141	false	-0.9471
HALLMARK_APOPTOSIS	596	-0.10252	false	-0.9608
HALLMARK_APOPTOSIS	597	-0.1039	false	-0.9689
HALLMARK_APOPTOSIS	598	-0.105279	false	-0.9737
HALLMARK_APOPTOSIS	599	-0.09301	true	-0.9774
HALLMARK_APOPTOSIS	600	-0.094389	false	-0.9817
HALLMARK_APOPTOSIS	601	-0.095768	false	-0.9818
HALLMARK_APOPTOSIS	602	-0.097148	false	-1.0016
HALLMARK_APOPTOSIS	603	-0.098527	false	-1.0023
HALLMARK_APOPTOSIS	604	-0.099906	false	-1.0203
HALLMARK_APOPTOSIS	605	-0.101286	false	-1.0283
HALLMARK_APOPTOSIS	606	-0.102665	false	-1.036
HALLMARK_APOPTOSIS	607	-0.104044	false	-1.0553
HALLMARK_APOPTOSIS	608	-0.090778	true	-1.0569
HALLMARK_APOPTOSIS	609	-0.092157	false	-1.0739
HALLMARK_APOPTOSIS	610	-0.093536	false	-1.0792
HALLMARK_APOPTOSIS	611	-0.094915	false	-1.082
HALLMARK_APOPTOSIS	612	-0.096295	false	-1.082
HALLMARK_APOPTOSIS	613	-0.097674	false	-1.0874
HALLMARK_APOPTOSIS	614	-0.099053	false	-1.0979
HALLMARK_APOPTOSIS	615	-0.100433	false	-1.102
HALLMARK_APOPTOSIS	616	-0.101812	false	-1.12
HALLMARK_APOPTOSIS	617	-0.103191	false	-1.1236
HALLMARK_APOPTOSIS	618	-0.104571	false	-1.1262
HALLMARK_APOPTOSIS	619	-0.10595	false	-1.1444
HALLMARK_APOPTOSIS	620	-0.107329	false	-1.1687
HALLMARK_APOPTOSIS	621	-0.108709	false	-1.1705
HALLMARK_APOPTOSIS	622	-0.110088	false	-1.176
HALLMARK_APOPTOSIS	623	-0.095301	true	-1.178
HALLMARK_APOPTOSIS	624	-0.080094	true	-1.2115
HALLMARK_APOPTOSIS	625	-0.081473	false	-1.2167
HALLMARK_APOPTOSIS	626	-0.082852	false	-1.2194
HALLMARK_APOPTOSIS	627	-0.084232	false	-1.2195
HALLMARK_APOPTOSIS	628	-0.085611	false	-1.2224
HALLMARK_APOPTOSIS	629	-0.08699	false	-1.224
HALLMARK_APOPTOSIS	630	-0.08837	false	-1.2323
HALLMARK_APOPTOSIS	631	-0.089749	false	-1.2339
HALLMARK_APOPTOSIS	632	-0.091128	false	-1.2498
HALLMARK_APOPTOSIS	633	-0.092508	false	-1.268
HALLMARK_APOPTOSIS	634	-0.093887	false	-1.2702
HALLMARK_APOPTOSIS	635	-0.077739	true	-1.2865
HALLMARK_APOPTOSIS	636	-0.079118	false	-1.308
HALLMARK_APOPTOSIS	637	-0.080498	false	-1.3125
HALLMARK_APOPTOSIS	638	-0.063966	true	-1.317
HALLMARK_APOPTOSIS	639	-0.065346	false	-1.3251
HALLMARK_APOPTOSIS	640	-0.066725	false	-1.3289
HALLMARK_APOPTOSIS	641	-0.068104	false	-1.3304
HALLMARK_APOPTOSIS	642	-0.069484	false	-1.3499
HALLMARK_APOPTOSIS	643	-0.070863	false	-1.3519
HALLMARK_APOPTOSIS	644	-0.072242	false	-1.3733
HALLMARK_APOPTOSIS	645	-0.073621	false	-1.3791
HALLMARK_APOPTOSIS	646	-0.075001	false	-1.3828
HALLMARK_APOPTOSIS	647	-0.07638	false	-1.3881
HALLMARK_APOPTOSIS	648	-0.077759	false	-1.3904
HALLMARK_APOPTOSIS	649	-0.079139	false	-1.3962
HALLMARK_APOPTOSIS	650	-0.080518	false	-1.406
HALLMARK_APOPTOSIS	651	-0.081897	false	-1.4108
HALLMARK_APOPTOSIS	652	-0.083277	false	-1.4426
HALLMARK_APOPTOSIS	653	-0.084656	false	-1.4641
HALLMARK_APOPTOSIS	654	-0.086035	false	-1.4665
HALLMARK_APOPTOSIS	655	-0.087415	false	-1.4673
HALLMARK_APOPTOSIS	656	-0.088794	false	-1.4839
HALLMARK_APOPTOSIS	657	-0.090173	false	-1.4846
HALLMARK_APOPTOSIS	658	-0.091553	false	-1.5006
HALLMARK_APOPTOSIS	659	-0.092932	false	-1.5069
HALLMARK_APOPTOSIS	660	-0.094311	false	-1.5136
HALLMARK_APOPTOSIS	661	-0.09569	false	-1.5229
HALLMARK_APOPTOSIS	662	-0.09707	false	-1.5247
HALLMARK_APOPTOSIS	663	-0.098449	false	-1.5438
HALLMARK_APOPTOSIS	664	-0.099828	false	-1.5594
HALLMARK_APOPTOSIS	665	-0.101208	false	-1.5606
HALLMARK_APOPTOSIS	666	-0.102587	false	-1.5767
HALLMARK_APOPTOSIS	667	-0.103966	false	-1.6026
HALLMARK_APOPTOSIS	668	-0.105346	false	-1.6035
HALLMARK_APOPTOSIS	669	-0.106725	false	-1.6053
HALLMARK_APOPTOSIS	670	-0.108104	false	-1.6161
HALLMARK_APOPTOSIS	671	-0.109484	false	-1.6239
HALLMARK_APOPTOSIS	672	-0.110863	false	-1.6421
HALLMARK_APOPTOSIS	673	-0.112242	false	-1.649
HALLMARK_APOPTOSIS	674	-0.113621	false	-1.6519
HALLMARK_APOPTOSIS	675	-0.115001	false	-1.6587
HALLMARK_APOPTOSIS	676	-0.11638	false	-1.6628
HALLMARK_APOPTOSIS	677	-0.117759	false	-1.6728
HALLMARK_APOPTOSIS	678	-0.119139	false	-1.6932
HALLMARK_APOPTOSIS	679	-0.120518	false	-1.698
HALLMARK_APOPTOSIS	680	-0.121897	false	-1.7064
HALLMARK_APOPTOSIS	681	-0.123277	false	-1.7117
HALLMARK_APOPTOSIS	682	-0.124656	false	-1.7133
HALLMARK_APOPTOSIS	683	-0.126035	false	-1.7147
HALLMARK_APOPTOSIS	684	-0.127415	false	-1.7156
HALLMARK_APOPTOSIS	685	-0.128794	false	-1.7212
HALLMARK_APOPTOSIS	686	-0.130173	false	-1.744
HALLMARK_APOPTOSIS	687	-0.131553	false	-1.7485
HALLMARK_APOPTOSIS	688	-0.132932	false	-1.7585
HALLMARK_APOPTOSIS	689	-0.134311	false	-1.7637
HALLMARK_APOPTOSIS	690	-0.13569	false	-1.7669
HALLMARK_APOPTOSIS	691	-0.13707	false	-1.7763
HALLMARK_APOPTOSIS	692	-0.138449	false	-1.8008
HALLMARK_APOPTOSIS	693	-0.139828	false	-1.8149
HALLMARK_APOPTOSIS	694	-0.141208	false	-1.8315
HALLMARK_APOPTOSIS	695	-0.142587	false	-1.8374
HALLMARK_APOPTOSIS	696	-0.143966	false	-1.8398
HALLMARK_APOPTOSIS	697	-0.145346	false	-1.8492
HALLMARK_APOPTOSIS	698	-0.146725	false	-1.8706
HALLMARK_APOPTOSIS	699	-0.148104	false	-1.8805
HALLMARK_APOPTOSIS	700	-0.149484	false	-1.8888
HALLMARK_APOPTOSIS	701	-0.150863	false	-1.9043
HALLMARK_APOPTOSIS	702	-0.152242	false	-1.9127
HALLMARK_APOPTOSIS	703	-0.153621	false	-1.9144
HALLMARK_APOPTOSIS	704	-0.155001	false	-1.9235
HALLMARK_APOPTOSIS	705	-0.15638	false	-1.9346
HALLMARK_APOPTOSIS	706	-0.13179	true	-1.959
HALLMARK_APOPTOSIS	707	-0.133169	false	-1.9649
HALLMARK_APOPTOSIS	708	-0.134548	false	-1.9725
HALLMARK_APOPTOSIS	709	-0.135928	false	-1.9815
HALLMARK_APOPTOSIS	710	-0.110938	true	-1.9909
HALLMARK_APOPTOSIS	711	-0.112317	false	-1.9961
HALLMARK_APOPTOSIS	712	-0.113696	false	-1.9977
HALLMARK_APOPTOSIS	713	-0.115076	false	-2.0156
HALLMARK_APOPTOSIS	714	-0.116455	false	-2.0215
HALLMARK_APOPTOSIS	715	-0.117834	false	-2.0552
HALLMARK_APOPTOSIS	716	-0.119214	false	-2.0694
HALLMARK_APOPTOSIS	717	-0.120593	false	-2.0711
HALLMARK_APOPTOSIS	718	-0.121972	false	-2.0825
HALLMARK_APOPTOSIS	719	-0.123352	false	-2.0857
HALLMARK_APOPTOSIS	720	-0.124731	false	-2.0887
HALLMARK_APOPTOSIS	721	-0.12611	false	-2.1022
HALLMARK_APOPTOSIS	722	-0.12749	false	-2.1033
HALLMARK_APOPTOSIS	723	-0.128869	false	-2.1224
HALLMARK_APOPTOSIS	724	-0.130248	false	-2.124
HALLMARK_APOPTOSIS	725	-0.131627	false	-2.1338
HALLMARK_APOPTOSIS	726	-0.133007	false	-2.1409
HALLMARK_APOPTOSIS	727	-0.105978	true	-2.1533
HALLMARK_APOPTOSIS	728	-0.107357	false	-2.1556
HALLMARK_APOPTOSIS	729	-0.108737	false	-2.1904
HALLMARK_APOPTOSIS	730	-0.110116	false	-2.2084
HALLMARK_APOPTOSIS	731	-0.111495	false	-2.2221
HALLMARK_APOPTOSIS	732	-0.112875	false	-2.2404
HALLMARK_APOPTOSIS	733	-0.084304	true	-2.2762
HALLMARK_APOPTOSIS	734	-0.055721	true	-2.277
HALLMARK_APOPTOSIS	735	-0.057101	false	-2.2859
HALLMARK_APOPTOSIS	736	-0.05848	false	-2.2867
HALLMARK_APOPTOSIS	737	-0.059859	false	-2.3006
HALLMARK_APOPTOSIS	738	-0.061238	false	-2.3008
HALLMARK_APOPTOSIS	739	-0.062618	false	-2.3092
HALLMARK_APOPTOSIS	740	-0.063997	false	-2.3113
HALLMARK_APOPTOSIS	741	-0.065376	false	-2.3209
HALLMARK_APOPTOSIS	742	-0.066756	false	-2.3246
HALLMARK_APOPTOSIS	743	-0.068135	false	-2.3249
HALLMARK_APOPTOSIS	744	-0.069514	false	-2.3372
HALLMARK_APOPTOSIS	745	-0.070894	false	-2.3376
HALLMARK_APOPTOSIS	746	-0.072273	false	-2.3729
HALLMARK_APOPTOSIS	747	-0.073652	false	-2.3745
HALLMARK_APOPTOSIS	748	-0.075032	false	-2.3938
HALLMARK_APOPTOSIS	749	-0.076411	false	-2.3982
HALLMARK_APOPTOSIS	750	-0.07779	false	-2.3993
HALLMARK_APOPTOSIS	751	-0.079169	false	-2.427
HALLMARK_APOPTOSIS	752	-0.080549	false	-2.4485
HALLMARK_APOPTOSIS	753	-0.081928	false	-2.456
HALLMARK_APOPTOSIS	754	-0.083307	false	-2.4671
HALLMARK_APOPTOSIS	755	-0.084687	false	-2.4884
HALLMARK_APOPTOSIS	756	-0.086066	false	-2.4962
HALLMARK_APOPTOSIS	757	-0.087445	false	-2.5051
HALLMARK_APOPTOSIS	758	-0.088825	false	-2.5234
HALLMARK_APOPTOSIS	759	-0.090204	false	-2.5266
HALLMARK_APOPTOSIS	760	-0.091583	false	-2.5353
HALLMARK_APOPTOSIS	761	-0.092963	false	-2.5386
HALLMARK_APOPTOSIS	762	-0.094342	false	-2.5623
HALLMARK_APOPTOSIS	763	-0.095721	false	-2.5644
HALLMARK_APOPTOSIS	764	-0.063298	true	-2.583
HALLMARK_APOPTOSIS	765	-0.064677	false	-2.5972
HALLMARK_APOPTOSIS	766	-0.066057	false	-2.6085
HALLMARK_APOPTOSIS	767	-0.067436	false	-2.6106
HALLMARK_APOPTOSIS	768	-0.068815	false	-2.6181
HALLMARK_APOPTOSIS	769	-0.070195	false	-2.6276
HALLMARK_APOPTOSIS	770	-0.071574	false	-2.6342
HALLMARK_APOPTOSIS	771	-0.072953	false	-2.6383
HALLMARK_APOPTOSIS	772	-0.074333	false	-2.6452
HALLMARK_APOPTOSIS	773	-0.075712	false	-2.6485
HALLMARK_APOPTOSIS	774	-0.04203	true	-2.6833
HALLMARK_APOPTOSIS	775	-0.043409	false	-2.6851
HALLMARK_APOPTOSIS	776	-0.044789	false	-2.7151
HALLMARK_APOPTOSIS	777	-0.046168	false	-2.7158
HALLMARK_APOPTOSIS	778	-0.047547	false	-2.7365
HALLMARK_APOPTOSIS	779	-0.048927	false	-2.751
HALLMARK_APOPTOSIS	780	-0.050306	false	-2.7772
HALLMARK_APOPTOSIS	781	-0.051685	false	-2.8051
HALLMARK_APOPTOSIS	782	-0.053064	false	-2.8281
HALLMARK_APOPTOSIS	783	-0.054444	false	-2.8281
HALLMARK_APOPTOSIS	784	-0.055823	false	-2.8304
HALLMARK_APOPTOSIS	785	-0.057202	false	-2.8423
HALLMARK_APOPTOSIS	786	-0.058582	false	-2.8458
HALLMARK_APOPTOSIS	787	-0.059961	false	-2.8515
HALLMARK_APOPTOSIS	788	-0.06134	false	-2.8642
HALLMARK_APOPTOSIS	789	-0.06272	false	-2.8772
HALLMARK_APOPTOSIS	790	-0.064099	false	-2.8842
HALLMARK_APOPTOSIS	791	-0.065478	false	-2.9113
HALLMARK_APOPTOSIS	792	-0.066858	false	-2.9174
HALLMARK_APOPTOSIS	793	-0.068237	false	-2.9291
HALLMARK_APOPTOSIS	794	-0.069616	false	-2.94
HALLMARK_APOPTOSIS	795	-0.070995	false	-2.949
HALLMARK_APOPTOSIS	796	-0.072375	false	-2.9577
HALLMARK_APOPTOSIS	797	-0.035124	true	-2.9677
HALLMARK_APOPTOSIS	798	-0.036503	false	-2.9696
HALLMARK_APOPTOSIS	799	-0.037882	false	-2.9879
HALLMARK_APOPTOSIS	800	0.0	true	-3.0179
