sample	rank	umi_count	is_cell
sample_A	1	17150.1	true
sample_A	2	13956.5	true
sample_A	3	16352.2	true
sample_A	4	13414.3	true
sample_A	5	17205.4	true
sample_A	6	15441.4	true
sample_A	7	16129.2	true
sample_A	8	15695.4	true
sample_A	9	13149.2	true
sample_A	10	14962.8	true
sample_A	11	14521.3	true
sample_A	12	16397.8	true
sample_A	13	13802.4	true
sample_A	14	12757.0	true
sample_A	15	15807.0	true
sample_A	16	15307.5	true
sample_A	17	17029.4	true
sample_A	18	15522.8	true
sample_A	19	12739.4	true
sample_A	20	15296.9	true
sample_A	21	16056.7	true
sample_A	22	14828.7	true
sample_A	23	16868.2	true
sample_A	24	15457.6	true
sample_A	25	16802.4	true
sample_A	26	13187.5	true
sample_A	27	13819.6	true
sample_A	28	16154.7	true
sample_A	29	16392.8	true
sample_A	30	15214.2	true
sample_A	31	15707.7	true
sample_A	32	14906.5	true
sample_A	33	13824.3	true
sample_A	34	14530.9	true
sample_A	35	15624.3	true
sample_A	36	15299.5	true
sample_A	37	15635.7	true
sample_A	38	16378.2	true
sample_A	39	15116.4	true
sample_A	40	14016.6	true
sample_A	41	16397.0	true
sample_A	42	16146.7	true
sample_A	43	15255.2	true
sample_A	44	13024.2	true
sample_A	45	13172.0	true
sample_A	46	14870.0	true
sample_A	47	16406.8	true
sample_A	48	13961.6	true
sample_A	49	14226.5	true
sample_A	50	16419.1	true
sample_A	51	12827.0	true
sample_A	52	13592.3	true
sample_A	53	14935.2	true
sample_A	54	14848.1	true
sample_A	55	16188.2	true
sample_A	56	12497.6	true
sample_A	57	13178.2	true
sample_A	58	16617.1	true
sample_A	59	13157.2	true
sample_A	60	16730.1	true
sample_A	61	15049.3	true
sample_A	62	16254.2	true
sample_A	63	16735.6	true
sample_A	64	12468.3	true
sample_A	65	16211.9	true
sample_A	66	15354.9	true
sample_A	67	14212.0	true
sample_A	68	12494.8	true
sample_A	69	12671.8	true
sample_A	70	14839.8	true
sample_A	71	13122.5	true
sample_A	72	14202.8	true
sample_A	73	12859.7	true
sample_A	74	16744.0	true
sample_A	75	14198.8	true
sample_A	76	14218.7	true
sample_A	77	14026.5	true
sample_A	78	14423.0	true
sample_A	79	14444.9	true
sample_A	80	14543.7	true
sample_A	81	13954.6	true
sample_A	82	14968.0	true
sample_A	83	12894.4	true
sample_A	84	12772.2	true
sample_A	85	14395.9	true
sample_A	86	14309.3	true
sample_A	87	14286.4	true
sample_A	88	14269.8	true
sample_A	89	15763.4	true
sample_A	90	15650.8	true
sample_A	91	14090.3	true
sample_A	92	14334.4	true
sample_A	93	13904.5	true
sample_A	94	15177.3	true
sample_A	95	13743.8	true
sample_A	96	12890.5	true
sample_A	97	15753.6	true
sample_A	98	13112.4	true
sample_A	99	14863.5	true
sample_A	100	13879.8	true
sample_A	101	14752.0	true
sample_A	102	12942.5	true
sample_A	103	13931.1	true
sample_A	104	14437.4	true
sample_A	105	15116.0	true
sample_A	106	13729.9	true
sample_A	107	12878.3	true
sample_A	108	12827.7	true
sample_A	109	13992.9	true
sample_A	110	14498.3	true
sample_A	111	14880.3	true
sample_A	112	14601.6	true
sample_A	113	16503.6	true
sample_A	114	15146.9	true
sample_A	115	16471.6	true
sample_A	116	13568.8	true
sample_A	117	12875.7	true
sample_A	118	14041.3	true
sample_A	119	12972.7	true
sample_A	120	13784.7	true
sample_A	121	13436.7	true
sample_A	122	12543.0	true
sample_A	123	13834.6	true
sample_A	124	14939.4	true
sample_A	125	16329.0	true
sample_A	126	12704.8	true
sample_A	127	15779.7	true
sample_A	128	15474.0	true
sample_A	129	12500.6	true
sample_A	130	13266.6	true
sample_A	131	15183.0	true
sample_A	132	12704.4	true
sample_A	133	13340.4	true
sample_A	134	13105.3	true
sample_A	135	14452.9	true
sample_A	136	13160.8	true
sample_A	137	15586.3	true
sample_A	138	13807.8	true
sample_A	139	13708.9	true
sample_A	140	12491.3	true
sample_A	141	12425.7	true
sample_A	142	12821.2	true
sample_A	143	15049.5	true
sample_A	144	12892.2	true
sample_A	145	14783.4	true
sample_A	146	14126.3	true
sample_A	147	13622.9	true
sample_A	148	13272.2	true
sample_A	149	15339.1	true
sample_A	150	12955.7	true
sample_A	151	13189.9	true
sample_A	152	15509.1	true
sample_A	153	13135.0	true
sample_A	154	12471.4	true
sample_A	155	15078.1	true
sample_A	156	12582.3	true
sample_A	157	12720.7	true
sample_A	158	14659.4	true
sample_A	159	15072.3	true
sample_A	160	15759.7	true
sample_A	161	12255.4	true
sample_A	162	15992.4	true
sample_A	163	14667.4	true
sample_A	164	15868.4	true
sample_A	165	15609.6	true
sample_A	166	15781.5	true
sample_A	167	12590.4	true
sample_A	168	14060.4	true
sample_A	169	14837.9	true
sample_A	170	14246.2	true
sample_A	171	13103.3	true
sample_A	172	12991.3	true
sample_A	173	13446.9	true
sample_A	174	14674.9	true
sample_A	175	13218.4	true
sample_A	176	14391.4	true
sample_A	177	13309.8	true
sample_A	178	13528.5	true
sample_A	179	12667.5	true
sample_A	180	14820.4	true
sample_A	181	12631.2	true
sample_A	182	15123.3	true
sample_A	183	12649.1	true
sample_A	184	13448.2	true
sample_A	185	12279.1	true
sample_A	186	12794.3	true
sample_A	187	16038.3	true
sample_A	188	15040.8	true
sample_A	189	12304.8	true
sample_A	190	12818.2	true
sample_A	191	14400.6	true
sample_A	192	12552.9	true
sample_A	193	14053.9	true
sample_A	194	15476.5	true
sample_A	195	13671.5	true
sample_A	196	13345.7	true
sample_A	197	15967.6	true
sample_A	198	12512.8	true
sample_A	199	11861.1	true
sample_A	200	15455.7	true
sample_A	201	14842.2	true
sample_A	202	14053.6	true
sample_A	203	12045.1	true
sample_A	204	12246.3	true
sample_A	205	15783.4	true
sample_A	206	15534.8	true
sample_A	207	12049.4	true
sample_A	208	13133.2	true
sample_A	209	12801.2	true
sample_A	210	11774.7	true
sample_A	211	13308.0	true
sample_A	212	14215.9	true
sample_A	213	11754.6	true
sample_A	214	13133.8	true
sample_A	215	15418.0	true
sample_A	216	13776.0	true
sample_A	217	14997.2	true
sample_A	218	12502.9	true
sample_A	219	11771.5	true
sample_A	220	13976.5	true
sample_A	221	13965.5	true
sample_A	222	12798.6	true
sample_A	223	15477.8	true
sample_A	224	13148.5	true
sample_A	225	14482.5	true
sample_A	226	11852.8	true
sample_A	227	13268.8	true
sample_A	228	12894.1	true
sample_A	229	12990.5	true
sample_A	230	15684.1	true
sample_A	231	12102.9	true
sample_A	232	14792.0	true
sample_A	233	14680.5	true
sample_A	234	14080.5	true
sample_A	235	13978.2	true
sample_A	236	14425.9	true
sample_A	237	13764.3	true
sample_A	238	13919.6	true
sample_A	239	12061.1	true
sample_A	240	13492.5	true
sample_A	241	12122.1	true
sample_A	242	12978.2	true
sample_A	243	12936.7	true
sample_A	244	11827.0	true
sample_A	245	12311.0	true
sample_A	246	12890.8	true
sample_A	247	12330.9	true
sample_A	248	12252.3	true
sample_A	249	13897.9	true
sample_A	250	12684.3	true
sample_A	251	14491.4	true
sample_A	252	14934.6	true
sample_A	253	13881.6	true
sample_A	254	14092.4	true
sample_A	255	15150.7	true
sample_A	256	15273.2	true
sample_A	257	14065.6	true
sample_A	258	14657.3	true
sample_A	259	14278.2	true
sample_A	260	13532.7	true
sample_A	261	11674.7	true
sample_A	262	14222.6	true
sample_A	263	12589.3	true
sample_A	264	14692.2	true
sample_A	265	12517.0	true
sample_A	266	11712.6	true
sample_A	267	11778.2	true
sample_A	268	12346.0	true
sample_A	269	11828.9	true
sample_A	270	13555.6	true
sample_A	271	15282.1	true
sample_A	272	14246.1	true
sample_A	273	15221.5	true
sample_A	274	12001.3	true
sample_A	275	12197.7	true
sample_A	276	11541.8	true
sample_A	277	11777.2	true
sample_A	278	12186.8	true
sample_A	279	12631.1	true
sample_A	280	12901.5	true
sample_A	281	12737.7	true
sample_A	282	11679.7	true
sample_A	283	12577.5	true
sample_A	284	13274.2	true
sample_A	285	14628.5	true
sample_A	286	12994.9	true
sample_A	287	11991.7	true
sample_A	288	13357.9	true
sample_A	289	13667.4	true
sample_A	290	14477.8	true
sample_A	291	13511.1	true
sample_A	292	12074.9	true
sample_A	293	13838.2	true
sample_A	294	12772.1	true
sample_A	295	12876.9	true
sample_A	296	12003.9	true
sample_A	297	13029.7	true
sample_A	298	14696.1	true
sample_A	299	12163.1	true
sample_A	300	13788.8	true
sample_A	301	13495.8	true
sample_A	302	12654.3	true
sample_A	303	15098.2	true
sample_A	304	11947.4	true
sample_A	305	13904.9	true
sample_A	306	12553.9	true
sample_A	307	12109.3	true
sample_A	308	14517.4	true
sample_A	309	11962.5	true
sample_A	310	12057.2	true
sample_A	311	11754.6	true
sample_A	312	11471.2	true
sample_A	313	12390.2	true
sample_A	314	11543.8	true
sample_A	315	15065.3	true
sample_A	316	13788.7	true
sample_A	317	14339.6	true
sample_A	318	11280.2	true
sample_A	319	12610.1	true
sample_A	320	14905.0	true
sample_A	321	11583.4	true
sample_A	322	13972.4	true
sample_A	323	11805.7	true
sample_A	324	15136.4	true
sample_A	325	14976.9	true
sample_A	326	13493.6	true
sample_A	327	13199.9	true
sample_A	328	15062.6	true
sample_A	329	11892.9	true
sample_A	330	12938.0	true
sample_A	331	13633.1	true
sample_A	332	14620.8	true
sample_A	333	13298.0	true
sample_A	334	14330.5	true
sample_A	335	12557.7	true
sample_A	336	12197.6	true
sample_A	337	12187.1	true
sample_A	338	13431.7	true
sample_A	339	12544.2	true
sample_A	340	12290.3	true
sample_A	341	14135.9	true
sample_A	342	11982.9	true
sample_A	343	13758.9	true
sample_A	344	11922.4	true
sample_A	345	14706.5	true
sample_A	346	11514.3	true
sample_A	347	12702.8	true
sample_A	348	12917.6	true
sample_A	349	14714.0	true
sample_A	350	12991.5	true
sample_A	351	11752.2	true
sample_A	352	11883.2	true
sample_A	353	13588.5	true
sample_A	354	12232.9	true
sample_A	355	12088.8	true
sample_A	356	12785.6	true
sample_A	357	13476.8	true
sample_A	358	11792.1	true
sample_A	359	14845.7	true
sample_A	360	13238.1	true
sample_A	361	11654.8	true
sample_A	362	12341.5	true
sample_A	363	11866.2	true
sample_A	364	12369.2	true
sample_A	365	11696.4	true
sample_A	366	14199.3	true
sample_A	367	14376.1	true
sample_A	368	13326.2	true
sample_A	369	12416.0	true
sample_A	370	13668.3	true
sample_A	371	12801.4	true
sample_A	372	11856.2	true
sample_A	373	14539.9	true
sample_A	374	14646.6	true
sample_A	375	14516.1	true
sample_A	376	11475.6	true
sample_A	377	12221.1	true
sample_A	378	11856.8	true
sample_A	379	13494.3	true
sample_A	380	12584.9	true
sample_A	381	14733.9	true
sample_A	382	13383.0	true
sample_A	383	11618.6	true
sample_A	384	12067.8	true
sample_A	385	11450.3	true
sample_A	386	13867.8	true
sample_A	387	12819.4	true
sample_A	388	12825.4	true
sample_A	389	12951.5	true
sample_A	390	14197.0	true
sample_A	391	12747.7	true
sample_A	392	11806.5	true
sample_A	393	14647.2	true
sample_A	394	11418.1	true
sample_A	395	13552.2	true
sample_A	396	12168.6	true
sample_A	397	13213.2	true
sample_A	398	14253.5	true
sample_A	399	13705.0	true
sample_A	400	13077.5	true
sample_A	401	13704.3	true
sample_A	402	13042.1	true
sample_A	403	13922.7	true
sample_A	404	14560.3	true
sample_A	405	12358.4	true
sample_A	406	11897.8	true
sample_A	407	14598.2	true
sample_A	408	10836.1	true
sample_A	409	10943.8	true
sample_A	410	11284.6	true
sample_A	411	13917.1	true
sample_A	412	12348.3	true
sample_A	413	13423.3	true
sample_A	414	11460.9	true
sample_A	415	11246.7	true
sample_A	416	12010.2	true
sample_A	417	11401.6	true
sample_A	418	12925.1	true
sample_A	419	11497.3	true
sample_A	420	13207.6	true
sample_A	421	11560.7	true
sample_A	422	13134.1	true
sample_A	423	11222.3	true
sample_A	424	13716.0	true
sample_A	425	11210.5	true
sample_A	426	13844.4	true
sample_A	427	13214.8	true
sample_A	428	11916.3	true
sample_A	429	10846.6	true
sample_A	430	11094.8	true
sample_A	431	13144.0	true
sample_A	432	12617.5	true
sample_A	433	11897.8	true
sample_A	434	12309.7	true
sample_A	435	11771.7	true
sample_A	436	12726.4	true
sample_A	437	12449.0	true
sample_A	438	12124.8	true
sample_A	439	14377.1	true
sample_A	440	13028.9	true
sample_A	441	13283.2	true
sample_A	442	12531.2	true
sample_A	443	14215.6	true
sample_A	444	11928.7	true
sample_A	445	14199.7	true
sample_A	446	13365.2	true
sample_A	447	11259.1	true
sample_A	448	14023.6	true
sample_A	449	12513.4	true
sample_A	450	11124.1	true
sample_A	451	13612.2	true
sample_A	452	11199.7	true
sample_A	453	10971.2	true
sample_A	454	13076.0	true
sample_A	455	12087.3	true
sample_A	456	11499.6	true
sample_A	457	11187.3	true
sample_A	458	14280.2	true
sample_A	459	12106.3	true
sample_A	460	12953.6	true
sample_A	461	11609.8	true
sample_A	462	12143.4	true
sample_A	463	13571.6	true
sample_A	464	12737.1	true
sample_A	465	11300.2	true
sample_A	466	12065.4	true
sample_A	467	12191.9	true
sample_A	468	12004.9	true
sample_A	469	13567.6	true
sample_A	470	14031.0	true
sample_A	471	13301.6	true
sample_A	472	11062.7	true
sample_A	473	10806.8	true
sample_A	474	13816.5	true
sample_A	475	13502.2	true
sample_A	476	11324.1	true
sample_A	477	12439.0	true
sample_A	478	10822.6	true
sample_A	479	11474.2	true
sample_A	480	13928.9	true
sample_A	481	12611.8	true
sample_A	482	13764.0	true
sample_A	483	11704.4	true
sample_A	484	11545.1	true
sample_A	485	12488.6	true
sample_A	486	12565.1	true
sample_A	487	13303.6	true
sample_A	488	13237.7	true
sample_A	489	11197.0	true
sample_A	490	10909.6	true
sample_A	491	12825.5	true
sample_A	492	13847.8	true
sample_A	493	12566.1	true
sample_A	494	11987.2	true
sample_A	495	12576.1	true
sample_A	496	11719.0	true
sample_A	497	12470.2	true
sample_A	498	11771.8	true
sample_A	499	12839.1	true
sample_A	500	12224.9	true
sample_A	501	11718.8	true
sample_A	502	13508.0	true
sample_A	503	13379.9	true
sample_A	504	13935.6	true
sample_A	505	12538.2	true
sample_A	506	13686.6	true
sample_A	507	12502.7	true
sample_A	508	13211.9	true
sample_A	509	10821.1	true
sample_A	510	12710.3	true
sample_A	511	13211.9	true
sample_A	512	11873.3	true
sample_A	513	11413.4	true
sample_A	514	11956.8	true
sample_A	515	12682.8	true
sample_A	516	10367.8	true
sample_A	517	10392.5	true
sample_A	518	12119.0	true
sample_A	519	11415.4	true
sample_A	520	11563.6	true
sample_A	521	11808.1	true
sample_A	522	10453.0	true
sample_A	523	12759.3	true
sample_A	524	12253.1	true
sample_A	525	11573.9	true
sample_A	526	12090.5	true
sample_A	527	10729.7	true
sample_A	528	11357.9	true
sample_A	529	12891.5	true
sample_A	530	13792.2	true
sample_A	531	12269.4	true
sample_A	532	12005.9	true
sample_A	533	11532.7	true
sample_A	534	11081.2	true
sample_A	535	11185.8	true
sample_A	536	12788.4	true
sample_A	537	11566.5	true
sample_A	538	11207.5	true
sample_A	539	13124.1	true
sample_A	540	10906.1	true
sample_A	541	12302.7	true
sample_A	542	11013.6	true
sample_A	543	13660.6	true
sample_A	544	12196.3	true
sample_A	545	11002.3	true
sample_A	546	12523.6	true
sample_A	547	12125.2	true
sample_A	548	10147.2	true
sample_A	549	10292.3	true
sample_A	550	10484.5	true
sample_A	551	10568.9	true
sample_A	552	13028.0	true
sample_A	553	13379.8	true
sample_A	554	10307.3	true
sample_A	555	11714.7	true
sample_A	556	13356.2	true
sample_A	557	10930.0	true
sample_A	558	13522.0	true
sample_A	559	10248.0	true
sample_A	560	10362.2	true
sample_A	561	13364.9	true
sample_A	562	11192.5	true
sample_A	563	11690.7	true
sample_A	564	11923.0	true
sample_A	565	10857.2	true
sample_A	566	10771.3	true
sample_A	567	10686.0	true
sample_A	568	11532.7	true
sample_A	569	10961.5	true
sample_A	570	11423.1	true
sample_A	571	12817.4	true
sample_A	572	11262.3	true
sample_A	573	12483.5	true
sample_A	574	10704.3	true
sample_A	575	11703.7	true
sample_A	576	12050.8	true
sample_A	577	11456.9	true
sample_A	578	11390.9	true
sample_A	579	13478.0	true
sample_A	580	11292.2	true
sample_A	581	11435.6	true
sample_A	582	12554.2	true
sample_A	583	10982.0	true
sample_A	584	12486.9	true
sample_A	585	10316.4	true
sample_A	586	10145.8	true
sample_A	587	12994.9	true
sample_A	588	11003.0	true
sample_A	589	12917.2	true
sample_A	590	12374.0	true
sample_A	591	12375.2	true
sample_A	592	10870.3	true
sample_A	593	11773.6	true
sample_A	594	12321.0	true
sample_A	595	12591.8	true
sample_A	596	12216.2	true
sample_A	597	12482.7	true
sample_A	598	11960.1	true
sample_A	599	10587.2	true
sample_A	600	12276.8	true
sample_A	601	10044.6	true
sample_A	602	12328.2	true
sample_A	603	13241.0	true
sample_A	604	11488.0	true
sample_A	605	11079.4	true
sample_A	606	11363.0	true
sample_A	607	11503.1	true
sample_A	608	12379.4	true
sample_A	609	10135.3	true
sample_A	610	13147.3	true
sample_A	611	13145.3	true
sample_A	612	11026.9	true
sample_A	613	11020.8	true
sample_A	614	11949.8	true
sample_A	615	13190.1	true
sample_A	616	10299.1	true
sample_A	617	10673.7	true
sample_A	618	11764.5	true
sample_A	619	11944.4	true
sample_A	620	10907.2	true
sample_A	621	10955.4	true
sample_A	622	12406.8	true
sample_A	623	12023.1	true
sample_A	624	12654.0	true
sample_A	625	12966.1	true
sample_A	626	10984.5	true
sample_A	627	11836.3	true
sample_A	628	10100.2	true
sample_A	629	10188.4	true
sample_A	630	9849.8	true
sample_A	631	10995.6	true
sample_A	632	13106.6	true
sample_A	633	12884.7	true
sample_A	634	11851.5	true
sample_A	635	9728.3	true
sample_A	636	12100.8	true
sample_A	637	9756.9	true
sample_A	638	9823.5	true
sample_A	639	12687.4	true
sample_A	640	10297.1	true
sample_A	641	10544.0	true
sample_A	642	12848.0	true
sample_A	643	11369.8	true
sample_A	644	12462.3	true
sample_A	645	9689.3	true
sample_A	646	10962.6	true
sample_A	647	10857.9	true
sample_A	648	10818.9	true
sample_A	649	11714.6	true
sample_A	650	10520.8	true
sample_A	651	12884.7	true
sample_A	652	9649.2	true
sample_A	653	11436.1	true
sample_A	654	12461.0	true
sample_A	655	12149.3	true
sample_A	656	9735.2	true
sample_A	657	12367.5	true
sample_A	658	11291.8	true
sample_A	659	10002.9	true
sample_A	660	11007.7	true
sample_A	661	11033.5	true
sample_A	662	11473.4	true
sample_A	663	10122.0	true
sample_A	664	11795.3	true
sample_A	665	12456.9	true
sample_A	666	9733.7	true
sample_A	667	10284.1	true
sample_A	668	11592.5	true
sample_A	669	11340.4	true
sample_A	670	11508.3	true
sample_A	671	12483.2	true
sample_A	672	10874.7	true
sample_A	673	11654.4	true
sample_A	674	10510.0	true
sample_A	675	11889.7	true
sample_A	676	10780.0	true
sample_A	677	12574.4	true
sample_A	678	12555.1	true
sample_A	679	10959.2	true
sample_A	680	12432.0	true
sample_A	681	11147.4	true
sample_A	682	11726.4	true
sample_A	683	10719.5	true
sample_A	684	9893.9	true
sample_A	685	10340.2	true
sample_A	686	10229.4	true
sample_A	687	10822.0	true
sample_A	688	10511.9	true
sample_A	689	11985.3	true
sample_A	690	11195.6	true
sample_A	691	12582.0	true
sample_A	692	12161.0	true
sample_A	693	12316.7	true
sample_A	694	12083.1	true
sample_A	695	11205.5	true
sample_A	696	9499.5	true
sample_A	697	10968.4	true
sample_A	698	11343.3	true
sample_A	699	11189.0	true
sample_A	700	12198.0	true
sample_A	701	10051.3	true
sample_A	702	11197.2	true
sample_A	703	9431.7	true
sample_A	704	10273.5	true
sample_A	705	9387.7	true
sample_A	706	11189.2	true
sample_A	707	10179.8	true
sample_A	708	9954.2	true
sample_A	709	10351.7	true
sample_A	710	11882.5	true
sample_A	711	12435.1	true
sample_A	712	10371.5	true
sample_A	713	10144.0	true
sample_A	714	11566.4	true
sample_A	715	11623.0	true
sample_A	716	10279.6	true
sample_A	717	9351.6	true
sample_A	718	12430.7	true
sample_A	719	9369.7	true
sample_A	720	11627.1	true
sample_A	721	10345.5	true
sample_A	722	10904.2	true
sample_A	723	11454.0	true
sample_A	724	11702.4	true
sample_A	725	10082.5	true
sample_A	726	11482.7	true
sample_A	727	9751.5	true
sample_A	728	11200.0	true
sample_A	729	11165.2	true
sample_A	730	9733.5	true
sample_A	731	9571.4	true
sample_A	732	11418.4	true
sample_A	733	11454.6	true
sample_A	734	10269.1	true
sample_A	735	11997.7	true
sample_A	736	12456.4	true
sample_A	737	12437.1	true
sample_A	738	9643.7	true
sample_A	739	11323.6	true
sample_A	740	10443.4	true
sample_A	741	11632.2	true
sample_A	742	10165.2	true
sample_A	743	10551.4	true
sample_A	744	12049.6	true
sample_A	745	11345.0	true
sample_A	746	9880.8	true
sample_A	747	11959.5	true
sample_A	748	10357.2	true
sample_A	749	9610.7	true
sample_A	750	11920.7	true
sample_A	751	9255.7	true
sample_A	752	11154.8	true
sample_A	753	12295.5	true
sample_A	754	12049.4	true
sample_A	755	10534.0	true
sample_A	756	11309.9	true
sample_A	757	11554.3	true
sample_A	758	11833.4	true
sample_A	759	11158.9	true
sample_A	760	9738.3	true
sample_A	761	10764.1	true
sample_A	762	11485.4	true
sample_A	763	10251.1	true
sample_A	764	11736.5	true
sample_A	765	10019.8	true
sample_A	766	9956.0	true
sample_A	767	10329.9	true
sample_A	768	10834.4	true
sample_A	769	10542.2	true
sample_A	770	10321.8	true
sample_A	771	10580.6	true
sample_A	772	11109.4	true
sample_A	773	11908.6	true
sample_A	774	10930.7	true
sample_A	775	11192.7	true
sample_A	776	10919.1	true
sample_A	777	10468.2	true
sample_A	778	9643.0	true
sample_A	779	10639.1	true
sample_A	780	11414.6	true
sample_A	781	9238.2	true
sample_A	782	11661.9	true
sample_A	783	11581.1	true
sample_A	784	11713.5	true
sample_A	785	11950.1	true
sample_A	786	9850.7	true
sample_A	787	11662.0	true
sample_A	788	11288.9	true
sample_A	789	9766.9	true
sample_A	790	11471.0	true
sample_A	791	11853.2	true
sample_A	792	11006.7	true
sample_A	793	10763.8	true
sample_A	794	9960.5	true
sample_A	795	9627.7	true
sample_A	796	10844.2	true
sample_A	797	10711.4	true
sample_A	798	10530.8	true
sample_A	799	10471.5	true
sample_A	800	9147.4	true
sample_A	801	15538.1	false
sample_A	802	15957.4	false
sample_A	803	16476.6	false
sample_A	804	14236.9	false
sample_A	805	16554.7	false
sample_A	806	16532.0	false
sample_A	807	13350.3	false
sample_A	808	14279.2	false
sample_A	809	13469.0	false
sample_A	810	15332.8	false
sample_A	811	13165.1	false
sample_A	812	13253.8	false
sample_A	813	12749.8	false
sample_A	814	16065.8	false
sample_A	815	12710.1	false
sample_A	816	13695.8	false
sample_A	817	13553.0	false
sample_A	818	12691.7	false
sample_A	819	15976.5	false
sample_A	820	16318.9	false
sample_A	821	14130.8	false
sample_A	822	16494.1	false
sample_A	823	12469.8	false
sample_A	824	12641.2	false
sample_A	825	15099.4	false
sample_A	826	15292.5	false
sample_A	827	14114.5	false
sample_A	828	13884.4	false
sample_A	829	12893.3	false
sample_A	830	14340.5	false
sample_A	831	15618.9	false
sample_A	832	13352.2	false
sample_A	833	12752.3	false
sample_A	834	12264.2	false
sample_A	835	12696.0	false
sample_A	836	14925.7	false
sample_A	837	12351.0	false
sample_A	838	14387.9	false
sample_A	839	15669.1	false
sample_A	840	11896.0	false
sample_A	841	15135.1	false
sample_A	842	13480.9	false
sample_A	843	13648.2	false
sample_A	844	13067.3	false
sample_A	845	15721.3	false
sample_A	846	13052.3	false
sample_A	847	14947.2	false
sample_A	848	14396.6	false
sample_A	849	13132.1	false
sample_A	850	11973.0	false
sample_A	851	14193.2	false
sample_A	852	12033.6	false
sample_A	853	15372.4	false
sample_A	854	13466.7	false
sample_A	855	15065.5	false
sample_A	856	13976.9	false
sample_A	857	15234.9	false
sample_A	858	13297.7	false
sample_A	859	15129.8	false
sample_A	860	15016.8	false
sample_A	861	14270.8	false
sample_A	862	13762.5	false
sample_A	863	13234.3	false
sample_A	864	11692.0	false
sample_A	865	14861.4	false
sample_A	866	14328.3	false
sample_A	867	15020.3	false
sample_A	868	11735.1	false
sample_A	869	12528.6	false
sample_A	870	14698.0	false
sample_A	871	13397.6	false
sample_A	872	11551.0	false
sample_A	873	15016.9	false
sample_A	874	14152.9	false
sample_A	875	12378.3	false
sample_A	876	11498.8	false
sample_A	877	14758.5	false
sample_A	878	11155.3	false
sample_A	879	12229.3	false
sample_A	880	14081.1	false
sample_A	881	12392.1	false
sample_A	882	14768.2	false
sample_A	883	14782.6	false
sample_A	884	11031.3	false
sample_A	885	11040.4	false
sample_A	886	12735.5	false
sample_A	887	13682.8	false
sample_A	888	14397.8	false
sample_A	889	13169.7	false
sample_A	890	11493.8	false
sample_A	891	11788.5	false
sample_A	892	12789.1	false
sample_A	893	11404.9	false
sample_A	894	14547.3	false
sample_A	895	14170.1	false
sample_A	896	13722.2	false
sample_A	897	12181.6	false
sample_A	898	12385.7	false
sample_A	899	13490.1	false
sample_A	900	12870.3	false
sample_A	901	11274.8	false
sample_A	902	11872.4	false
sample_A	903	12022.8	false
sample_A	904	12788.4	false
sample_A	905	12148.3	false
sample_A	906	14071.7	false
sample_A	907	11255.7	false
sample_A	908	10820.2	false
sample_A	909	13218.8	false
sample_A	910	10886.1	false
sample_A	911	11308.6	false
sample_A	912	10975.4	false
sample_A	913	13359.9	false
sample_A	914	11821.8	false
sample_A	915	13642.6	false
sample_A	916	13401.3	false
sample_A	917	10586.1	false
sample_A	918	11921.0	false
sample_A	919	12048.0	false
sample_A	920	12921.3	false
sample_A	921	12946.6	false
sample_A	922	13828.9	false
sample_A	923	13921.6	false
sample_A	924	12738.3	false
sample_A	925	13229.0	false
sample_A	926	11598.3	false
sample_A	927	11322.6	false
sample_A	928	10666.4	false
sample_A	929	12352.5	false
sample_A	930	13112.2	false
sample_A	931	11374.9	false
sample_A	932	11150.6	false
sample_A	933	11974.1	false
sample_A	934	12076.4	false
sample_A	935	13622.6	false
sample_A	936	10758.1	false
sample_A	937	11240.6	false
sample_A	938	11782.2	false
sample_A	939	10895.9	false
sample_A	940	10924.4	false
sample_A	941	10914.9	false
sample_A	942	10101.7	false
sample_A	943	12983.1	false
sample_A	944	10945.4	false
sample_A	945	12412.7	false
sample_A	946	11099.4	false
sample_A	947	13287.1	false
sample_A	948	12163.9	false
sample_A	949	12864.5	false
sample_A	950	12070.1	false
sample_A	951	10582.7	false
sample_A	952	12284.1	false
sample_A	953	12348.0	false
sample_A	954	10029.4	false
sample_A	955	12331.3	false
sample_A	956	11757.6	false
sample_A	957	10599.5	false
sample_A	958	10207.4	false
sample_A	959	10127.0	false
sample_A	960	12652.0	false
sample_A	961	10320.2	false
sample_A	962	11382.3	false
sample_A	963	12571.6	false
sample_A	964	11828.6	false
sample_A	965	12765.2	false
sample_A	966	10542.7	false
sample_A	967	12977.1	false
sample_A	968	10443.5	false
sample_A	969	12629.7	false
sample_A	970	12552.7	false
sample_A	971	9601.8	false
sample_A	972	12656.6	false
sample_A	973	9655.7	false
sample_A	974	9981.5	false
sample_A	975	11164.2	false
sample_A	976	9636.5	false
sample_A	977	11519.9	false
sample_A	978	11151.1	false
sample_A	979	9668.4	false
sample_A	980	10481.0	false
sample_A	981	10099.5	false
sample_A	982	11661.2	false
sample_A	983	10617.5	false
sample_A	984	9761.0	false
sample_A	985	12230.7	false
sample_A	986	10413.7	false
sample_A	987	9547.2	false
sample_A	988	9988.5	false
sample_A	989	9687.8	false
sample_A	990	11338.7	false
sample_A	991	9600.2	false
sample_A	992	11052.7	false
sample_A	993	10533.9	false
sample_A	994	9396.1	false
sample_A	995	11974.2	false
sample_A	996	9743.1	false
sample_A	997	9567.2	false
sample_A	998	10799.6	false
sample_A	999	11218.6	false
sample_A	1000	12097.4	false
sample_A	1001	10001.6	false
sample_A	1002	11021.7	false
sample_A	1003	10478.2	false
sample_A	1004	10611.6	false
sample_A	1005	11595.0	false
sample_A	1006	11497.6	false
sample_A	1007	10900.2	false
sample_A	1008	9669.0	false
sample_A	1009	10989.3	false
sample_A	1010	10818.7	false
sample_A	1011	9670.2	false
sample_A	1012	10592.7	false
sample_A	1013	9844.5	false
sample_A	1014	11627.3	false
sample_A	1015	11831.9	false
sample_A	1016	8979.8	false
sample_A	1017	11287.6	false
sample_A	1018	9131.7	false
sample_A	1019	9897.9	false
sample_A	1020	10822.3	false
sample_A	1021	10384.4	false
sample_A	1022	9224.2	false
sample_A	1023	11361.2	false
sample_A	1024	9041.8	false
sample_A	1025	11818.9	false
sample_A	1026	8847.2	false
sample_A	1027	10341.3	false
sample_A	1028	10288.7	false
sample_A	1029	9140.3	false
sample_A	1030	11494.3	false
sample_A	1031	10244.6	false
sample_A	1032	10153.7	false
sample_A	1033	8767.9	false
sample_A	1034	9209.1	false
sample_A	1035	10499.1	false
sample_A	1036	10998.6	false
sample_A	1037	9918.8	false
sample_A	1038	10822.7	false
sample_A	1039	10337.8	false
sample_A	1040	9063.0	false
sample_A	1041	10996.5	false
sample_A	1042	9267.7	false
sample_A	1043	10485.4	false
sample_A	1044	11306.3	false
sample_A	1045	9831.5	false
sample_A	1046	9485.7	false
sample_A	1047	9462.9	false
sample_A	1048	8561.4	false
sample_A	1049	8840.4	false
sample_A	1050	10537.5	false
sample_A	1051	11180.4	false
sample_A	1052	9953.4	false
sample_A	1053	9725.7	false
sample_A	1054	10204.5	false
sample_A	1055	9915.0	false
sample_A	1056	10001.9	false
sample_A	1057	9817.1	false
sample_A	1058	8876.0	false
sample_A	1059	9398.6	false
sample_A	1060	10329.5	false
sample_A	1061	10366.6	false
sample_A	1062	10399.8	false
sample_A	1063	9946.2	false
sample_A	1064	10126.9	false
sample_A	1065	11063.4	false
sample_A	1066	10355.0	false
sample_A	1067	9982.6	false
sample_A	1068	8722.1	false
sample_A	1069	9627.6	false
sample_A	1070	10810.7	false
sample_A	1071	8456.4	false
sample_A	1072	9714.4	false
sample_A	1073	10845.3	false
sample_A	1074	11083.5	false
sample_A	1075	10005.9	false
sample_A	1076	10445.4	false
sample_A	1077	9789.6	false
sample_A	1078	8684.9	false
sample_A	1079	9038.3	false
sample_A	1080	10075.6	false
sample_A	1081	10579.5	false
sample_A	1082	11038.9	false
sample_A	1083	8381.7	false
sample_A	1084	10163.5	false
sample_A	1085	9865.3	false
sample_A	1086	10009.1	false
sample_A	1087	9628.7	false
sample_A	1088	9049.9	false
sample_A	1089	10908.8	false
sample_A	1090	9452.3	false
sample_A	1091	10680.3	false
sample_A	1092	9093.0	false
sample_A	1093	10846.9	false
sample_A	1094	10555.0	false
sample_A	1095	10087.3	false
sample_A	1096	9546.6	false
sample_A	1097	8484.5	false
sample_A	1098	10036.0	false
sample_A	1099	10247.0	false
sample_A	1100	9936.5	false
sample_A	1101	9548.8	false
sample_A	1102	10155.9	false
sample_A	1103	8909.5	false
sample_A	1104	10348.7	false
sample_A	1105	9809.6	false
sample_A	1106	8248.1	false
sample_A	1107	9715.6	false
sample_A	1108	10251.6	false
sample_A	1109	10175.7	false
sample_A	1110	10583.7	false
sample_A	1111	9504.4	false
sample_A	1112	10547.9	false
sample_A	1113	9313.3	false
sample_A	1114	9388.4	false
sample_A	1115	8728.6	false
sample_A	1116	8311.4	false
sample_A	1117	9043.1	false
sample_A	1118	8438.8	false
sample_A	1119	10220.9	false
sample_A	1120	8581.4	false
sample_A	1121	7828.9	false
sample_A	1122	8186.7	false
sample_A	1123	8565.3	false
sample_A	1124	8035.8	false
sample_A	1125	9315.2	false
sample_A	1126	8538.8	false
sample_A	1127	10031.9	false
sample_A	1128	10201.6	false
sample_A	1129	10135.0	false
sample_A	1130	8948.2	false
sample_A	1131	9715.1	false
sample_A	1132	7864.3	false
sample_A	1133	9559.9	false
sample_A	1134	7835.6	false
sample_A	1135	9668.6	false
sample_A	1136	9138.4	false
sample_A	1137	9316.2	false
sample_A	1138	10210.8	false
sample_A	1139	8157.3	false
sample_A	1140	9207.1	false
sample_A	1141	9526.1	false
sample_A	1142	8934.0	false
sample_A	1143	9459.6	false
sample_A	1144	8426.8	false
sample_A	1145	8551.8	false
sample_A	1146	9825.2	false
sample_A	1147	8155.0	false
sample_A	1148	7781.4	false
sample_A	1149	9234.4	false
sample_A	1150	9940.8	false
sample_A	1151	8896.2	false
sample_A	1152	9587.3	false
sample_A	1153	7601.8	false
sample_A	1154	9377.7	false
sample_A	1155	8702.8	false
sample_A	1156	8646.4	false
sample_A	1157	8131.2	false
sample_A	1158	8103.5	false
sample_A	1159	8184.4	false
sample_A	1160	8518.7	false
sample_A	1161	7713.8	false
sample_A	1162	7441.3	false
sample_A	1163	7382.0	false
sample_A	1164	8847.1	false
sample_A	1165	9729.5	false
sample_A	1166	8582.0	false
sample_A	1167	9246.7	false
sample_A	1168	9494.0	false
sample_A	1169	9155.0	false
sample_A	1170	7383.4	false
sample_A	1171	7281.0	false
sample_A	1172	7608.7	false
sample_A	1173	7905.0	false
sample_A	1174	8478.5	false
sample_A	1175	7447.7	false
sample_A	1176	8592.0	false
sample_A	1177	8943.0	false
sample_A	1178	8963.6	false
sample_A	1179	7404.8	false
sample_A	1180	9379.5	false
sample_A	1181	9396.4	false
sample_A	1182	8412.3	false
sample_A	1183	8852.6	false
sample_A	1184	9393.7	false
sample_A	1185	8106.2	false
sample_A	1186	7277.8	false
sample_A	1187	9248.4	false
sample_A	1188	8190.7	false
sample_A	1189	8728.8	false
sample_A	1190	7912.9	false
sample_A	1191	8182.4	false
sample_A	1192	8740.1	false
sample_A	1193	8687.9	false
sample_A	1194	7521.2	false
sample_A	1195	9279.1	false
sample_A	1196	9256.9	false
sample_A	1197	7742.2	false
sample_A	1198	8565.6	false
sample_A	1199	8354.5	false
sample_A	1200	8318.8	false
sample_A	1201	7824.4	false
sample_A	1202	8549.8	false
sample_A	1203	9423.3	false
sample_A	1204	8406.5	false
sample_A	1205	9001.6	false
sample_A	1206	7966.9	false
sample_A	1207	8634.5	false
sample_A	1208	7647.7	false
sample_A	1209	7019.5	false
sample_A	1210	9312.3	false
sample_A	1211	9303.1	false
sample_A	1212	9291.1	false
sample_A	1213	6994.7	false
sample_A	1214	7569.0	false
sample_A	1215	8548.1	false
sample_A	1216	8459.8	false
sample_A	1217	7717.2	false
sample_A	1218	7416.7	false
sample_A	1219	7488.8	false
sample_A	1220	8905.6	false
sample_A	1221	8149.2	false
sample_A	1222	8992.3	false
sample_A	1223	7881.0	false
sample_A	1224	7535.9	false
sample_A	1225	8320.2	false
sample_A	1226	7593.4	false
sample_A	1227	7179.3	false
sample_A	1228	8933.8	false
sample_A	1229	8378.4	false
sample_A	1230	8908.5	false
sample_A	1231	7412.4	false
sample_A	1232	7321.2	false
sample_A	1233	8404.2	false
sample_A	1234	7395.0	false
sample_A	1235	7978.5	false
sample_A	1236	8070.6	false
sample_A	1237	8861.3	false
sample_A	1238	8686.7	false
sample_A	1239	7935.3	false
sample_A	1240	8789.6	false
sample_A	1241	7879.7	false
sample_A	1242	7429.2	false
sample_A	1243	6744.1	false
sample_A	1244	7694.7	false
sample_A	1245	7036.2	false
sample_A	1246	7148.1	false
sample_A	1247	8287.6	false
sample_A	1248	8132.9	false
sample_A	1249	8489.6	false
sample_A	1250	8930.3	false
sample_A	1251	7469.4	false
sample_A	1252	7360.9	false
sample_A	1253	7898.4	false
sample_A	1254	7506.0	false
sample_A	1255	7696.7	false
sample_A	1256	7590.7	false
sample_A	1257	8211.6	false
sample_A	1258	8314.3	false
sample_A	1259	7639.5	false
sample_A	1260	6906.0	false
sample_A	1261	7993.5	false
sample_A	1262	7882.0	false
sample_A	1263	8164.8	false
sample_A	1264	7681.4	false
sample_A	1265	8255.8	false
sample_A	1266	8614.3	false
sample_A	1267	7962.4	false
sample_A	1268	6576.6	false
sample_A	1269	6644.6	false
sample_A	1270	8518.5	false
sample_A	1271	8399.5	false
sample_A	1272	8519.8	false
sample_A	1273	7584.3	false
sample_A	1274	8152.5	false
sample_A	1275	8429.8	false
sample_A	1276	7698.4	false
sample_A	1277	8411.8	false
sample_A	1278	7306.6	false
sample_A	1279	6419.3	false
sample_A	1280	7006.4	false
sample_A	1281	6972.2	false
sample_A	1282	7382.3	false
sample_A	1283	8140.9	false
sample_A	1284	6831.8	false
sample_A	1285	7428.5	false
sample_A	1286	7727.9	false
sample_A	1287	7794.3	false
sample_A	1288	7322.4	false
sample_A	1289	6474.5	false
sample_A	1290	8436.7	false
sample_A	1291	8412.0	false
sample_A	1292	6854.5	false
sample_A	1293	8411.7	false
sample_A	1294	8206.0	false
sample_A	1295	6725.7	false
sample_A	1296	7065.0	false
sample_A	1297	7473.9	false
sample_A	1298	8413.5	false
sample_A	1299	7314.1	false
sample_A	1300	6576.1	false
sample_A	1301	7913.0	false
sample_A	1302	6320.2	false
sample_A	1303	7755.2	false
sample_A	1304	6477.8	false
sample_A	1305	6331.5	false
sample_A	1306	7017.1	false
sample_A	1307	7546.1	false
sample_A	1308	7590.6	false
sample_A	1309	7955.7	false
sample_A	1310	6342.8	false
sample_A	1311	6325.2	false
sample_A	1312	7771.3	false
sample_A	1313	7560.1	false
sample_A	1314	6953.7	false
sample_A	1315	7851.1	false
sample_A	1316	6455.0	false
sample_A	1317	7758.2	false
sample_A	1318	6892.9	false
sample_A	1319	7300.5	false
sample_A	1320	6181.7	false
sample_A	1321	7208.7	false
sample_A	1322	7091.3	false
sample_A	1323	6949.4	false
sample_A	1324	7612.7	false
sample_A	1325	7159.1	false
sample_A	1326	8032.9	false
sample_A	1327	7625.8	false
sample_A	1328	7834.9	false
sample_A	1329	7054.8	false
sample_A	1330	6444.9	false
sample_A	1331	6538.4	false
sample_A	1332	7628.1	false
sample_A	1333	7141.6	false
sample_A	1334	6587.7	false
sample_A	1335	6809.0	false
sample_A	1336	7963.3	false
sample_A	1337	6045.2	false
sample_A	1338	6292.1	false
sample_A	1339	6927.0	false
sample_A	1340	6478.5	false
sample_A	1341	6780.3	false
sample_A	1342	7983.3	false
sample_A	1343	6837.6	false
sample_A	1344	6047.1	false
sample_A	1345	6152.9	false
sample_A	1346	6777.2	false
sample_A	1347	6017.9	false
sample_A	1348	7400.6	false
sample_A	1349	6657.4	false
sample_A	1350	7883.8	false
sample_A	1351	7561.8	false
sample_A	1352	7555.3	false
sample_A	1353	7598.3	false
sample_A	1354	7745.8	false
sample_A	1355	5934.6	false
sample_A	1356	6036.8	false
sample_A	1357	7216.9	false
sample_A	1358	7206.8	false
sample_A	1359	7734.7	false
sample_A	1360	6673.8	false
sample_A	1361	7754.8	false
sample_A	1362	7026.6	false
sample_A	1363	7187.7	false
sample_A	1364	6358.1	false
sample_A	1365	7578.9	false
sample_A	1366	7855.9	false
sample_A	1367	5955.3	false
sample_A	1368	6324.4	false
sample_A	1369	7382.0	false
sample_A	1370	6242.9	false
sample_A	1371	6284.5	false
sample_A	1372	6801.0	false
sample_A	1373	5891.2	false
sample_A	1374	7438.7	false
sample_A	1375	5786.4	false
sample_A	1376	6407.8	false
sample_A	1377	6075.6	false
sample_A	1378	5835.0	false
sample_A	1379	6245.4	false
sample_A	1380	6569.4	false
sample_A	1381	7459.9	false
sample_A	1382	6019.1	false
sample_A	1383	7687.0	false
sample_A	1384	7287.7	false
sample_A	1385	7479.8	false
sample_A	1386	7417.1	false
sample_A	1387	6042.0	false
sample_A	1388	7164.0	false
sample_A	1389	6040.0	false
sample_A	1390	6846.0	false
sample_A	1391	6781.5	false
sample_A	1392	6980.9	false
sample_A	1393	5880.6	false
sample_A	1394	6410.4	false
sample_A	1395	7268.8	false
sample_A	1396	7053.0	false
sample_A	1397	5861.3	false
sample_A	1398	5856.6	false
sample_A	1399	5774.2	false
sample_A	1400	7302.3	false
sample_A	1401	5678.4	false
sample_A	1402	6154.6	false
sample_A	1403	5950.2	false
sample_A	1404	5915.0	false
sample_A	1405	5739.2	false
sample_A	1406	6572.8	false
sample_A	1407	5956.4	false
sample_A	1408	6503.0	false
sample_A	1409	7145.2	false
sample_A	1410	7390.4	false
sample_A	1411	6543.9	false
sample_A	1412	5830.8	false
sample_A	1413	5900.1	false
sample_A	1414	7126.2	false
sample_A	1415	5680.1	false
sample_A	1416	6989.7	false
sample_A	1417	7267.6	false
sample_A	1418	5731.4	false
sample_A	1419	5943.1	false
sample_A	1420	7258.9	false
sample_A	1421	6837.5	false
sample_A	1422	5844.3	false
sample_A	1423	6190.2	false
sample_A	1424	6238.1	false
sample_A	1425	7111.7	false
sample_A	1426	6555.3	false
sample_A	1427	6341.9	false
sample_A	1428	5715.7	false
sample_A	1429	5684.8	false
sample_A	1430	6226.4	false
sample_A	1431	5664.5	false
sample_A	1432	6939.6	false
sample_A	1433	6520.1	false
sample_A	1434	6270.8	false
sample_A	1435	6719.8	false
sample_A	1436	7230.7	false
sample_A	1437	6022.0	false
sample_A	1438	6781.8	false
sample_A	1439	5471.1	false
sample_A	1440	6684.4	false
sample_A	1441	6825.2	false
sample_A	1442	6979.5	false
sample_A	1443	5422.0	false
sample_A	1444	5792.1	false
sample_A	1445	5945.3	false
sample_A	1446	5985.3	false
sample_A	1447	7038.8	false
sample_A	1448	5548.7	false
sample_A	1449	5473.7	false
sample_A	1450	6976.2	false
sample_A	1451	5459.2	false
sample_A	1452	5958.1	false
sample_A	1453	6647.5	false
sample_A	1454	6847.6	false
sample_A	1455	5585.3	false
sample_A	1456	5885.7	false
sample_A	1457	6336.9	false
sample_A	1458	6436.0	false
sample_A	1459	6768.8	false
sample_A	1460	5983.7	false
sample_A	1461	6309.3	false
sample_A	1462	6043.5	false
sample_A	1463	6636.9	false
sample_A	1464	6989.9	false
sample_A	1465	5500.1	false
sample_A	1466	5478.3	false
sample_A	1467	6762.3	false
sample_A	1468	6488.9	false
sample_A	1469	5785.8	false
sample_A	1470	5364.7	false
sample_A	1471	6217.4	false
sample_A	1472	5554.4	false
sample_A	1473	5552.4	false
sample_A	1474	6715.8	false
sample_A	1475	6218.2	false
sample_A	1476	6515.0	false
sample_A	1477	6015.3	false
sample_A	1478	6223.5	false
sample_A	1479	6311.1	false
sample_A	1480	5822.9	false
sample_A	1481	5387.2	false
sample_A	1482	5642.2	false
sample_A	1483	6553.7	false
sample_A	1484	6832.5	false
sample_A	1485	5464.8	false
sample_A	1486	6608.2	false
sample_A	1487	6562.1	false
sample_A	1488	6809.0	false
sample_A	1489	6304.0	false
sample_A	1490	6028.0	false
sample_A	1491	6469.1	false
sample_A	1492	6866.7	false
sample_A	1493	5431.6	false
sample_A	1494	6630.5	false
sample_A	1495	5338.5	false
sample_A	1496	6685.4	false
sample_A	1497	5377.2	false
sample_A	1498	5829.1	false
sample_A	1499	6323.7	false
sample_A	1500	6447.1	false
sample_A	1501	6527.5	false
sample_A	1502	6585.3	false
sample_A	1503	5156.3	false
sample_A	1504	6000.9	false
sample_A	1505	6682.3	false
sample_A	1506	6558.0	false
sample_A	1507	6533.4	false
sample_A	1508	5610.1	false
sample_A	1509	5133.4	false
sample_A	1510	6230.8	false
sample_A	1511	5235.0	false
sample_A	1512	6313.5	false
sample_A	1513	5496.8	false
sample_A	1514	6661.9	false
sample_A	1515	6390.9	false
sample_A	1516	5023.3	false
sample_A	1517	5505.2	false
sample_A	1518	5063.8	false
sample_A	1519	5972.1	false
sample_A	1520	6112.7	false
sample_A	1521	6375.4	false
sample_A	1522	5795.2	false
sample_A	1523	6098.8	false
sample_A	1524	6094.8	false
sample_A	1525	5571.7	false
sample_A	1526	5080.9	false
sample_A	1527	5218.0	false
sample_A	1528	6245.7	false
sample_A	1529	6388.4	false
sample_A	1530	5442.4	false
sample_A	1531	5512.9	false
sample_A	1532	6576.3	false
sample_A	1533	4933.6	false
sample_A	1534	6329.0	false
sample_A	1535	5887.3	false
sample_A	1536	6620.3	false
sample_A	1537	5085.3	false
sample_A	1538	5236.0	false
sample_A	1539	5707.4	false
sample_A	1540	5154.9	false
sample_A	1541	4912.1	false
sample_A	1542	6112.9	false
sample_A	1543	4976.2	false
sample_A	1544	4874.1	false
sample_A	1545	6511.0	false
sample_A	1546	5918.2	false
sample_A	1547	4849.4	false
sample_A	1548	5955.1	false
sample_A	1549	5439.0	false
sample_A	1550	5859.1	false
sample_A	1551	5531.8	false
sample_A	1552	6046.6	false
sample_A	1553	5460.9	false
sample_A	1554	5039.9	false
sample_A	1555	5943.4	false
sample_A	1556	5088.9	false
sample_A	1557	5437.1	false
sample_A	1558	5462.4	false
sample_A	1559	6120.0	false
sample_A	1560	4908.2	false
sample_A	1561	5348.6	false
sample_A	1562	5483.1	false
sample_A	1563	5171.1	false
sample_A	1564	6179.4	false
sample_A	1565	5759.2	false
sample_A	1566	6093.1	false
sample_A	1567	5551.7	false
sample_A	1568	6128.6	false
sample_A	1569	5408.3	false
sample_A	1570	5494.9	false
sample_A	1571	5664.1	false
sample_A	1572	5658.0	false
sample_A	1573	5943.5	false
sample_A	1574	5069.2	false
sample_A	1575	5028.8	false
sample_A	1576	5358.2	false
sample_A	1577	5865.9	false
sample_A	1578	5155.3	false
sample_A	1579	5106.7	false
sample_A	1580	5178.3	false
sample_A	1581	5275.5	false
sample_A	1582	5816.9	false
sample_A	1583	4925.6	false
sample_A	1584	6182.1	false
sample_A	1585	5149.3	false
sample_A	1586	6184.0	false
sample_A	1587	5991.7	false
sample_A	1588	5861.6	false
sample_A	1589	5543.7	false
sample_A	1590	5048.1	false
sample_A	1591	4695.2	false
sample_A	1592	5126.7	false
sample_A	1593	4654.3	false
sample_A	1594	4969.7	false
sample_A	1595	5614.1	false
sample_A	1596	5773.8	false
sample_A	1597	4877.3	false
sample_A	1598	5777.3	false
sample_A	1599	5989.6	false
sample_A	1600	5290.7	false
sample_A	1601	5406.2	false
sample_A	1602	5551.3	false
sample_A	1603	5970.4	false
sample_A	1604	4654.6	false
sample_A	1605	5674.5	false
sample_A	1606	5040.1	false
sample_A	1607	5794.5	false
sample_A	1608	5143.7	false
sample_A	1609	4738.6	false
sample_A	1610	5019.6	false
sample_A	1611	5849.3	false
sample_A	1612	5528.2	false
sample_A	1613	5697.8	false
sample_A	1614	5959.8	false
sample_A	1615	5005.0	false
sample_A	1616	5181.3	false
sample_A	1617	5134.7	false
sample_A	1618	4812.5	false
sample_A	1619	6083.2	false
sample_A	1620	5900.5	false
sample_A	1621	5076.2	false
sample_A	1622	5658.4	false
sample_A	1623	5725.7	false
sample_A	1624	5380.4	false
sample_A	1625	5545.1	false
sample_A	1626	5213.0	false
sample_A	1627	5143.7	false
sample_A	1628	5892.1	false
sample_A	1629	5826.1	false
sample_A	1630	5036.2	false
sample_A	1631	5412.9	false
sample_A	1632	5749.9	false
sample_A	1633	4842.9	false
sample_A	1634	4679.6	false
sample_A	1635	5622.1	false
sample_A	1636	6004.4	false
sample_A	1637	5516.1	false
sample_A	1638	5424.4	false
sample_A	1639	5682.2	false
sample_A	1640	5593.5	false
sample_A	1641	4763.4	false
sample_A	1642	4900.5	false
sample_A	1643	4610.9	false
sample_A	1644	5402.7	false
sample_A	1645	5858.1	false
sample_A	1646	5222.8	false
sample_A	1647	5118.5	false
sample_A	1648	4591.1	false
sample_A	1649	4789.8	false
sample_A	1650	5826.8	false
sample_A	1651	5647.0	false
sample_A	1652	5930.8	false
sample_A	1653	5680.0	false
sample_A	1654	4829.8	false
sample_A	1655	5927.4	false
sample_A	1656	4628.6	false
sample_A	1657	5570.7	false
sample_A	1658	4675.5	false
sample_A	1659	5830.0	false
sample_A	1660	4512.3	false
sample_A	1661	4566.5	false
sample_A	1662	5301.9	false
sample_A	1663	5529.1	false
sample_A	1664	5532.6	false
sample_A	1665	4473.6	false
sample_A	1666	4741.6	false
sample_A	1667	5757.5	false
sample_A	1668	4571.8	false
sample_A	1669	5792.7	false
sample_A	1670	5080.2	false
sample_A	1671	5556.9	false
sample_A	1672	4767.1	false
sample_A	1673	5117.2	false
sample_A	1674	4483.9	false
sample_A	1675	5568.8	false
sample_A	1676	4910.4	false
sample_A	1677	4367.1	false
sample_A	1678	5302.4	false
sample_A	1679	5079.2	false
sample_A	1680	5602.8	false
sample_A	1681	4644.7	false
sample_A	1682	4854.2	false
sample_A	1683	5752.3	false
sample_A	1684	4936.6	false
sample_A	1685	4652.9	false
sample_A	1686	4388.7	false
sample_A	1687	5052.7	false
sample_A	1688	4750.8	false
sample_A	1689	4599.0	false
sample_A	1690	4583.1	false
sample_A	1691	5234.5	false
sample_A	1692	5710.1	false
sample_A	1693	5229.7	false
sample_A	1694	4683.4	false
sample_A	1695	5713.9	false
sample_A	1696	5097.0	false
sample_A	1697	5228.8	false
sample_A	1698	5384.5	false
sample_A	1699	5660.4	false
sample_A	1700	5269.4	false
sample_A	1701	4946.1	false
sample_A	1702	5364.1	false
sample_A	1703	4256.6	false
sample_A	1704	5142.7	false
sample_A	1705	5555.9	false
sample_A	1706	4606.8	false
sample_A	1707	5164.5	false
sample_A	1708	4792.6	false
sample_A	1709	5586.6	false
sample_A	1710	4221.7	false
sample_A	1711	5167.2	false
sample_A	1712	4625.2	false
sample_A	1713	4970.0	false
sample_A	1714	5535.5	false
sample_A	1715	4611.5	false
sample_A	1716	4756.2	false
sample_A	1717	4590.9	false
sample_A	1718	4257.4	false
sample_A	1719	4925.5	false
sample_A	1720	5372.2	false
sample_A	1721	5165.5	false
sample_A	1722	4651.2	false
sample_A	1723	4199.3	false
sample_A	1724	5250.5	false
sample_A	1725	4837.9	false
sample_A	1726	5251.5	false
sample_A	1727	5148.1	false
sample_A	1728	5214.4	false
sample_A	1729	5046.5	false
sample_A	1730	4806.5	false
sample_A	1731	5531.8	false
sample_A	1732	5394.7	false
sample_A	1733	4803.1	false
sample_A	1734	4411.9	false
sample_A	1735	5232.4	false
sample_A	1736	5033.0	false
sample_A	1737	5444.3	false
sample_A	1738	4230.1	false
sample_A	1739	4775.2	false
sample_A	1740	4451.3	false
sample_A	1741	5174.5	false
sample_A	1742	5162.7	false
sample_A	1743	4409.6	false
sample_A	1744	4459.2	false
sample_A	1745	4641.8	false
sample_A	1746	5203.7	false
sample_A	1747	4797.0	false
sample_A	1748	5157.8	false
sample_A	1749	4882.9	false
sample_A	1750	5152.4	false
sample_A	1751	4602.8	false
sample_A	1752	5319.3	false
sample_A	1753	5200.4	false
sample_A	1754	4116.2	false
sample_A	1755	4478.4	false
sample_A	1756	4414.3	false
sample_A	1757	4466.1	false
sample_A	1758	5265.1	false
sample_A	1759	5047.0	false
sample_A	1760	4374.7	false
sample_A	1761	4271.0	false
sample_A	1762	4533.8	false
sample_A	1763	5248.5	false
sample_A	1764	4137.7	false
sample_A	1765	4519.3	false
sample_A	1766	5328.1	false
sample_A	1767	4268.6	false
sample_A	1768	4825.3	false
sample_A	1769	4280.0	false
sample_A	1770	4433.7	false
sample_A	1771	5094.5	false
sample_A	1772	5023.2	false
sample_A	1773	4751.7	false
sample_A	1774	4691.8	false
sample_A	1775	4146.1	false
sample_A	1776	4851.4	false
sample_A	1777	4919.7	false
sample_A	1778	5185.7	false
sample_A	1779	4221.8	false
sample_A	1780	5152.6	false
sample_A	1781	4883.5	false
sample_A	1782	4486.7	false
sample_A	1783	4489.4	false
sample_A	1784	3951.5	false
sample_A	1785	4174.1	false
sample_A	1786	4320.0	false
sample_A	1787	5255.7	false
sample_A	1788	4012.3	false
sample_A	1789	4640.0	false
sample_A	1790	5017.4	false
sample_A	1791	4797.9	false
sample_A	1792	4570.7	false
sample_A	1793	3976.3	false
sample_A	1794	4533.8	false
sample_A	1795	4723.0	false
sample_A	1796	4403.1	false
sample_A	1797	4869.0	false
sample_A	1798	4204.1	false
sample_A	1799	3941.4	false
sample_A	1800	4443.9	false
sample_A	1801	4055.0	false
sample_A	1802	4338.3	false
sample_A	1803	4540.5	false
sample_A	1804	4839.6	false
sample_A	1805	4149.9	false
sample_A	1806	4105.4	false
sample_A	1807	4160.4	false
sample_A	1808	4177.0	false
sample_A	1809	5200.3	false
sample_A	1810	4624.8	false
sample_A	1811	4621.7	false
sample_A	1812	4629.3	false
sample_A	1813	3952.2	false
sample_A	1814	5145.8	false
sample_A	1815	4551.6	false
sample_A	1816	3997.7	false
sample_A	1817	4784.1	false
sample_A	1818	3947.2	false
sample_A	1819	4138.6	false
sample_A	1820	4639.7	false
sample_A	1821	3881.9	false
sample_A	1822	4622.0	false
sample_A	1823	5026.7	false
sample_A	1824	3879.7	false
sample_A	1825	4552.8	false
sample_A	1826	4147.2	false
sample_A	1827	4931.6	false
sample_A	1828	4111.6	false
sample_A	1829	4925.1	false
sample_A	1830	4136.4	false
sample_A	1831	4451.2	false
sample_A	1832	4397.3	false
sample_A	1833	3886.1	false
sample_A	1834	3892.0	false
sample_A	1835	4569.8	false
sample_A	1836	4523.7	false
sample_A	1837	4384.4	false
sample_A	1838	4034.5	false
sample_A	1839	4369.0	false
sample_A	1840	4023.8	false
sample_A	1841	4724.7	false
sample_A	1842	5068.2	false
sample_A	1843	4969.8	false
sample_A	1844	3768.9	false
sample_A	1845	3940.2	false
sample_A	1846	4195.7	false
sample_A	1847	4083.0	false
sample_A	1848	4661.3	false
sample_A	1849	4835.7	false
sample_A	1850	4816.4	false
sample_A	1851	4803.1	false
sample_A	1852	3852.8	false
sample_A	1853	5014.8	false
sample_A	1854	4965.3	false
sample_A	1855	4183.9	false
sample_A	1856	3894.5	false
sample_A	1857	4241.2	false
sample_A	1858	4651.1	false
sample_A	1859	4537.1	false
sample_A	1860	3724.4	false
sample_A	1861	4810.7	false
sample_A	1862	4674.1	false
sample_A	1863	4755.5	false
sample_A	1864	4295.5	false
sample_A	1865	4854.0	false
sample_A	1866	4215.2	false
sample_A	1867	4141.7	false
sample_A	1868	3871.0	false
sample_A	1869	4205.3	false
sample_A	1870	4621.0	false
sample_A	1871	4931.2	false
sample_A	1872	3954.2	false
sample_A	1873	4019.8	false
sample_A	1874	3782.7	false
sample_A	1875	4099.7	false
sample_A	1876	4624.7	false
sample_A	1877	4726.4	false
sample_A	1878	3867.7	false
sample_A	1879	4060.7	false
sample_A	1880	3900.6	false
sample_A	1881	4210.2	false
sample_A	1882	3940.4	false
sample_A	1883	4336.5	false
sample_A	1884	4360.1	false
sample_A	1885	3729.8	false
sample_A	1886	4567.2	false
sample_A	1887	3925.2	false
sample_A	1888	3998.9	false
sample_A	1889	4901.8	false
sample_A	1890	4155.4	false
sample_A	1891	4498.0	false
sample_A	1892	4671.6	false
sample_A	1893	3778.4	false
sample_A	1894	3875.7	false
sample_A	1895	4863.4	false
sample_A	1896	4006.0	false
sample_A	1897	4792.9	false
sample_A	1898	4795.5	false
sample_A	1899	4542.2	false
sample_A	1900	3842.9	false
sample_A	1901	4183.0	false
sample_A	1902	4603.9	false
sample_A	1903	4155.3	false
sample_A	1904	3753.8	false
sample_A	1905	4400.8	false
sample_A	1906	4048.1	false
sample_A	1907	3745.1	false
sample_A	1908	3810.0	false
sample_A	1909	4150.8	false
sample_A	1910	4100.6	false
sample_A	1911	4371.5	false
sample_A	1912	3920.6	false
sample_A	1913	3729.4	false
sample_A	1914	3960.4	false
sample_A	1915	4240.2	false
sample_A	1916	3782.0	false
sample_A	1917	3941.6	false
sample_A	1918	4122.9	false
sample_A	1919	4156.5	false
sample_A	1920	4226.9	false
sample_A	1921	3630.1	false
sample_A	1922	3723.3	false
sample_A	1923	4274.6	false
sample_A	1924	4269.5	false
sample_A	1925	4502.1	false
sample_A	1926	3645.7	false
sample_A	1927	4440.3	false
sample_A	1928	3867.7	false
sample_A	1929	4715.1	false
sample_A	1930	3562.3	false
sample_A	1931	3938.9	false
sample_A	1932	4511.7	false
sample_A	1933	3600.3	false
sample_A	1934	4557.6	false
sample_A	1935	4319.8	false
sample_A	1936	3679.3	false
sample_A	1937	3940.7	false
sample_A	1938	3929.5	false
sample_A	1939	4307.8	false
sample_A	1940	4725.2	false
sample_A	1941	4664.1	false
sample_A	1942	4331.3	false
sample_A	1943	4173.5	false
sample_A	1944	3552.7	false
sample_A	1945	3915.2	false
sample_A	1946	3721.3	false
sample_A	1947	4572.0	false
sample_A	1948	4139.9	false
sample_A	1949	4037.3	false
sample_A	1950	4150.9	false
sample_A	1951	4072.4	false
sample_A	1952	4532.7	false
sample_A	1953	3655.6	false
sample_A	1954	4662.5	false
sample_A	1955	4022.9	false
sample_A	1956	4526.9	false
sample_A	1957	4274.4	false
sample_A	1958	3900.6	false
sample_A	1959	3574.6	false
sample_A	1960	4311.9	false
sample_A	1961	3687.4	false
sample_A	1962	4127.0	false
sample_A	1963	4042.9	false
sample_A	1964	3489.0	false
sample_A	1965	4162.7	false
sample_A	1966	3954.3	false
sample_A	1967	4020.4	false
sample_A	1968	4112.3	false
sample_A	1969	4112.0	false
sample_A	1970	3694.3	false
sample_A	1971	4059.7	false
sample_A	1972	4474.5	false
sample_A	1973	4219.5	false
sample_A	1974	4465.5	false
sample_A	1975	4013.5	false
sample_A	1976	4197.3	false
sample_A	1977	3489.6	false
sample_A	1978	4322.1	false
sample_A	1979	4371.1	false
sample_A	1980	4290.9	false
sample_A	1981	3756.8	false
sample_A	1982	3857.6	false
sample_A	1983	3837.7	false
sample_A	1984	4555.3	false
sample_A	1985	4411.3	false
sample_A	1986	3661.8	false
sample_A	1987	3946.3	false
sample_A	1988	3384.6	false
sample_A	1989	3963.6	false
sample_A	1990	3516.2	false
sample_A	1991	3748.4	false
sample_A	1992	3663.3	false
sample_A	1993	4262.1	false
sample_A	1994	3892.5	false
sample_A	1995	4381.0	false
sample_A	1996	3786.4	false
sample_A	1997	4416.5	false
sample_A	1998	3563.5	false
sample_A	1999	3888.7	false
sample_A	2000	4420.4	false
sample_A	2001	3358.8	false
sample_A	2002	4177.4	false
sample_A	2003	3738.2	false
sample_A	2004	4252.0	false
sample_A	2005	3441.6	false
sample_A	2006	3974.4	false
sample_A	2007	4421.1	false
sample_A	2008	3866.3	false
sample_A	2009	3562.9	false
sample_A	2010	4144.9	false
sample_A	2011	4272.8	false
sample_A	2012	4065.4	false
sample_A	2013	4360.6	false
sample_A	2014	3347.5	false
sample_A	2015	3349.4	false
sample_A	2016	4474.3	false
sample_A	2017	3624.2	false
sample_A	2018	3939.7	false
sample_A	2019	4249.5	false
sample_A	2020	3386.9	false
sample_A	2021	3744.5	false
sample_A	2022	4078.7	false
sample_A	2023	3883.7	false
sample_A	2024	4288.8	false
sample_A	2025	3949.8	false
sample_A	2026	3524.6	false
sample_A	2027	4089.1	false
sample_A	2028	4081.1	false
sample_A	2029	3988.7	false
sample_A	2030	3546.5	false
sample_A	2031	4022.2	false
sample_A	2032	3404.2	false
sample_A	2033	4040.2	false
sample_A	2034	3733.0	false
sample_A	2035	3591.3	false
sample_A	2036	3667.1	false
sample_A	2037	3384.7	false
sample_A	2038	4377.2	false
sample_A	2039	3722.0	false
sample_A	2040	3273.1	false
sample_A	2041	4372.2	false
sample_A	2042	3425.2	false
sample_A	2043	4071.1	false
sample_A	2044	3622.3	false
sample_A	2045	3875.3	false
sample_A	2046	3542.4	false
sample_A	2047	4024.0	false
sample_A	2048	4350.6	false
sample_A	2049	4321.8	false
sample_A	2050	3613.5	false
sample_A	2051	4338.3	false
sample_A	2052	4093.5	false
sample_A	2053	4337.1	false
sample_A	2054	4117.5	false
sample_A	2055	4029.0	false
sample_A	2056	3280.4	false
sample_A	2057	4181.3	false
sample_A	2058	4210.3	false
sample_A	2059	4060.8	false
sample_A	2060	3697.1	false
sample_A	2061	3500.8	false
sample_A	2062	4237.6	false
sample_A	2063	4265.7	false
sample_A	2064	4303.6	false
sample_A	2065	4000.5	false
sample_A	2066	3890.7	false
sample_A	2067	4023.9	false
sample_A	2068	4146.7	false
sample_A	2069	3194.9	false
sample_A	2070	4066.5	false
sample_A	2071	3203.0	false
sample_A	2072	3688.3	false
sample_A	2073	3846.8	false
sample_A	2074	3464.3	false
sample_A	2075	4026.9	false
sample_A	2076	3893.2	false
sample_A	2077	3493.8	false
sample_A	2078	4030.2	false
sample_A	2079	3919.4	false
sample_A	2080	3298.6	false
sample_A	2081	3266.4	false
sample_A	2082	3925.8	false
sample_A	2083	3204.7	false
sample_A	2084	4243.7	false
sample_A	2085	3615.4	false
sample_A	2086	4127.5	false
sample_A	2087	3365.3	false
sample_A	2088	3645.1	false
sample_A	2089	3678.6	false
sample_A	2090	4253.7	false
sample_A	2091	3988.6	false
sample_A	2092	4238.5	false
sample_A	2093	3223.7	false
sample_A	2094	4168.9	false
sample_A	2095	3476.3	false
sample_A	2096	3907.1	false
sample_A	2097	4237.3	false
sample_A	2098	3700.4	false
sample_A	2099	3759.1	false
sample_A	2100	3811.8	false
sample_A	2101	4158.5	false
sample_A	2102	3207.5	false
sample_A	2103	3328.7	false
sample_A	2104	3976.0	false
sample_A	2105	4191.6	false
sample_A	2106	3969.6	false
sample_A	2107	3195.1	false
sample_A	2108	3843.7	false
sample_A	2109	3942.4	false
sample_A	2110	3788.5	false
sample_A	2111	4064.2	false
sample_A	2112	3794.1	false
sample_A	2113	3620.0	false
sample_A	2114	3179.0	false
sample_A	2115	3528.6	false
sample_A	2116	3402.3	false
sample_A	2117	3102.3	false
sample_A	2118	3512.3	false
sample_A	2119	3834.5	false
sample_A	2120	3968.1	false
sample_A	2121	3383.3	false
sample_A	2122	3143.9	false
sample_A	2123	3684.1	false
sample_A	2124	3357.3	false
sample_A	2125	3224.6	false
sample_A	2126	4142.7	false
sample_A	2127	3874.3	false
sample_A	2128	4067.8	false
sample_A	2129	3591.6	false
sample_A	2130	3371.0	false
sample_A	2131	4060.4	false
sample_A	2132	3163.0	false
sample_A	2133	3157.5	false
sample_A	2134	3579.1	false
sample_A	2135	3443.5	false
sample_A	2136	3235.2	false
sample_A	2137	3570.7	false
sample_A	2138	3191.4	false
sample_A	2139	3501.5	false
sample_A	2140	3600.8	false
sample_A	2141	3279.8	false
sample_A	2142	3140.1	false
sample_A	2143	3637.6	false
sample_A	2144	3923.3	false
sample_A	2145	3861.4	false
sample_A	2146	3128.4	false
sample_A	2147	3940.0	false
sample_A	2148	3700.1	false
sample_A	2149	3782.3	false
sample_A	2150	3470.7	false
sample_A	2151	3998.3	false
sample_A	2152	3926.1	false
sample_A	2153	3306.7	false
sample_A	2154	3783.8	false
sample_A	2155	3566.9	false
sample_A	2156	4062.4	false
sample_A	2157	3807.1	false
sample_A	2158	3269.8	false
sample_A	2159	3879.6	false
sample_A	2160	3715.6	false
sample_A	2161	3901.7	false
sample_A	2162	3523.1	false
sample_A	2163	3317.2	false
sample_A	2164	3406.6	false
sample_A	2165	3953.3	false
sample_A	2166	3636.9	false
sample_A	2167	4034.9	false
sample_A	2168	3302.0	false
sample_A	2169	3120.2	false
sample_A	2170	3628.8	false
sample_A	2171	3787.0	false
sample_A	2172	3931.4	false
sample_A	2173	3492.8	false
sample_A	2174	3709.1	false
sample_A	2175	3967.5	false
sample_A	2176	3261.5	false
sample_A	2177	3580.6	false
sample_A	2178	3134.5	false
sample_A	2179	3396.9	false
sample_A	2180	3613.0	false
sample_A	2181	3024.9	false
sample_A	2182	3537.7	false
sample_A	2183	3285.9	false
sample_A	2184	3784.4	false
sample_A	2185	3324.6	false
sample_A	2186	3785.0	false
sample_A	2187	3665.9	false
sample_A	2188	3732.6	false
sample_A	2189	3431.2	false
sample_A	2190	3650.3	false
sample_A	2191	3868.9	false
sample_A	2192	3670.3	false
sample_A	2193	3812.3	false
sample_A	2194	3859.5	false
sample_A	2195	3218.7	false
sample_A	2196	3395.1	false
sample_A	2197	3796.0	false
sample_A	2198	3515.9	false
sample_A	2199	2956.6	false
sample_A	2200	3878.5	false
sample_A	2201	3654.2	false
sample_A	2202	3955.8	false
sample_A	2203	3641.3	false
sample_A	2204	3281.7	false
sample_A	2205	3240.4	false
sample_A	2206	3041.9	false
sample_A	2207	3472.8	false
sample_A	2208	3137.0	false
sample_A	2209	3548.0	false
sample_A	2210	3863.2	false
sample_A	2211	3689.5	false
sample_A	2212	3360.4	false
sample_A	2213	3717.1	false
sample_A	2214	3565.8	false
sample_A	2215	3567.7	false
sample_A	2216	3259.4	false
sample_A	2217	3654.6	false
sample_A	2218	3039.2	false
sample_A	2219	3602.1	false
sample_A	2220	3870.0	false
sample_A	2221	3804.5	false
sample_A	2222	3724.7	false
sample_A	2223	3330.4	false
sample_A	2224	3731.4	false
sample_A	2225	3823.7	false
sample_A	2226	3805.6	false
sample_A	2227	3135.2	false
sample_A	2228	3126.1	false
sample_A	2229	3871.5	false
sample_A	2230	3806.4	false
sample_A	2231	3216.1	false
sample_A	2232	3808.9	false
sample_A	2233	3463.7	false
sample_A	2234	3295.4	false
sample_A	2235	3533.6	false
sample_A	2236	3376.9	false
sample_A	2237	3215.5	false
sample_A	2238	3409.2	false
sample_A	2239	3711.4	false
sample_A	2240	3684.9	false
sample_A	2241	3136.5	false
sample_A	2242	2881.9	false
sample_A	2243	3779.6	false
sample_A	2244	2981.6	false
sample_A	2245	2872.8	false
sample_A	2246	3145.2	false
sample_A	2247	3006.8	false
sample_A	2248	3070.9	false
sample_A	2249	3712.2	false
sample_A	2250	3150.1	false
sample_A	2251	3464.4	false
sample_A	2252	3311.4	false
sample_A	2253	3561.4	false
sample_A	2254	3164.7	false
sample_A	2255	3555.9	false
sample_A	2256	3056.8	false
sample_A	2257	3596.9	false
sample_A	2258	3400.4	false
sample_A	2259	2999.0	false
sample_A	2260	3656.8	false
sample_A	2261	3652.4	false
sample_A	2262	3568.4	false
sample_A	2263	3373.3	false
sample_A	2264	2813.9	false
sample_A	2265	3615.2	false
sample_A	2266	3020.4	false
sample_A	2267	3693.7	false
sample_A	2268	3555.6	false
sample_A	2269	3464.2	false
sample_A	2270	3656.9	false
sample_A	2271	3539.4	false
sample_A	2272	3307.8	false
sample_A	2273	2835.9	false
sample_A	2274	3025.8	false
sample_A	2275	3746.8	false
sample_A	2276	3706.6	false
sample_A	2277	2992.4	false
sample_A	2278	3273.1	false
sample_A	2279	3215.2	false
sample_A	2280	2830.0	false
sample_A	2281	3740.4	false
sample_A	2282	3621.5	false
sample_A	2283	3294.0	false
sample_A	2284	3552.3	false
sample_A	2285	3037.7	false
sample_A	2286	3137.6	false
sample_A	2287	3054.1	false
sample_A	2288	3082.4	false
sample_A	2289	2988.8	false
sample_A	2290	3270.5	false
sample_A	2291	3713.1	false
sample_A	2292	3403.0	false
sample_A	2293	2930.6	false
sample_A	2294	3172.4	false
sample_A	2295	2941.0	false
sample_A	2296	3720.6	false
sample_A	2297	3221.8	false
sample_A	2298	3574.9	false
sample_A	2299	2992.9	false
sample_A	2300	3693.7	false
sample_A	2301	3449.4	false
sample_A	2302	3662.8	false
sample_A	2303	3694.0	false
sample_A	2304	3041.1	false
sample_A	2305	3417.9	false
sample_A	2306	2859.5	false
sample_A	2307	3003.4	false
sample_A	2308	3377.6	false
sample_A	2309	2848.1	false
sample_A	2310	3036.8	false
sample_A	2311	3677.5	false
sample_A	2312	2969.6	false
sample_A	2313	2769.3	false
sample_A	2314	3373.2	false
sample_A	2315	3328.8	false
sample_A	2316	3402.6	false
sample_A	2317	2837.2	false
sample_A	2318	3173.1	false
sample_A	2319	3664.0	false
sample_A	2320	3426.3	false
sample_A	2321	3563.3	false
sample_A	2322	3299.4	false
sample_A	2323	3494.1	false
sample_A	2324	3244.0	false
sample_A	2325	3290.1	false
sample_A	2326	2779.5	false
sample_A	2327	3527.9	false
sample_A	2328	3386.0	false
sample_A	2329	3418.2	false
sample_A	2330	3128.9	false
sample_A	2331	3470.2	false
sample_A	2332	3271.6	false
sample_A	2333	3207.0	false
sample_A	2334	2713.6	false
sample_A	2335	3563.4	false
sample_A	2336	3130.0	false
sample_A	2337	3583.0	false
sample_A	2338	2699.1	false
sample_A	2339	2744.7	false
sample_A	2340	3044.9	false
sample_A	2341	2733.7	false
sample_A	2342	3341.9	false
sample_A	2343	3179.0	false
sample_A	2344	3095.1	false
sample_A	2345	2926.9	false
sample_A	2346	2994.0	false
sample_A	2347	3128.7	false
sample_A	2348	2882.4	false
sample_A	2349	3048.4	false
sample_A	2350	2718.3	false
sample_A	2351	3055.8	false
sample_A	2352	2997.1	false
sample_A	2353	3011.5	false
sample_A	2354	3211.3	false
sample_A	2355	3412.4	false
sample_A	2356	3558.6	false
sample_A	2357	2708.0	false
sample_A	2358	2822.3	false
sample_A	2359	2870.1	false
sample_A	2360	2830.8	false
sample_A	2361	3319.0	false
sample_A	2362	2682.2	false
sample_A	2363	3532.1	false
sample_A	2364	3276.9	false
sample_A	2365	2954.7	false
sample_A	2366	2944.8	false
sample_A	2367	3146.6	false
sample_A	2368	3316.6	false
sample_A	2369	3142.1	false
sample_A	2370	3525.6	false
sample_A	2371	3099.8	false
sample_A	2372	3052.3	false
sample_A	2373	3015.4	false
sample_A	2374	2765.7	false
sample_A	2375	3554.9	false
sample_A	2376	2820.4	false
sample_A	2377	3308.9	false
sample_A	2378	3511.6	false
sample_A	2379	2884.4	false
sample_A	2380	3460.4	false
sample_A	2381	3394.9	false
sample_A	2382	3495.3	false
sample_A	2383	3359.8	false
sample_A	2384	3013.0	false
sample_A	2385	3173.7	false
sample_A	2386	3115.4	false
sample_A	2387	3362.4	false
sample_A	2388	2938.2	false
sample_A	2389	3481.1	false
sample_A	2390	3438.7	false
sample_A	2391	3067.2	false
sample_A	2392	3074.7	false
sample_A	2393	3442.6	false
sample_A	2394	3051.4	false
sample_A	2395	3239.0	false
sample_A	2396	2875.2	false
sample_A	2397	3181.0	false
sample_A	2398	2715.4	false
sample_A	2399	3307.3	false
sample_A	2400	2696.7	false
sample_A	2401	2835.9	false
sample_A	2402	2951.7	false
sample_A	2403	3243.5	false
sample_A	2404	3219.3	false
sample_A	2405	3471.8	false
sample_A	2406	2727.8	false
sample_A	2407	3249.4	false
sample_A	2408	3065.7	false
sample_A	2409	2609.0	false
sample_A	2410	3251.0	false
sample_A	2411	2726.0	false
sample_A	2412	3078.6	false
sample_A	2413	2901.0	false
sample_A	2414	2652.4	false
sample_A	2415	3444.0	false
sample_A	2416	3339.8	false
sample_A	2417	2730.9	false
sample_A	2418	2670.6	false
sample_A	2419	3115.0	false
sample_A	2420	2709.0	false
sample_A	2421	3430.3	false
sample_A	2422	3124.4	false
sample_A	2423	3290.0	false
sample_A	2424	3456.1	false
sample_A	2425	3284.7	false
sample_A	2426	2785.8	false
sample_A	2427	2595.8	false
sample_A	2428	2695.3	false
sample_A	2429	3425.4	false
sample_A	2430	3355.9	false
sample_A	2431	2831.3	false
sample_A	2432	3303.8	false
sample_A	2433	3323.4	false
sample_A	2434	2855.3	false
sample_A	2435	2795.3	false
sample_A	2436	3167.9	false
sample_A	2437	2861.6	false
sample_A	2438	2905.4	false
sample_A	2439	2865.2	false
sample_A	2440	3243.5	false
sample_A	2441	3206.6	false
sample_A	2442	2557.4	false
sample_A	2443	2839.3	false
sample_A	2444	2873.9	false
sample_A	2445	3380.1	false
sample_A	2446	2737.4	false
sample_A	2447	2780.5	false
sample_A	2448	3394.3	false
sample_A	2449	3323.1	false
sample_A	2450	2714.2	false
sample_A	2451	2957.9	false
sample_A	2452	2791.3	false
sample_A	2453	2519.7	false
sample_A	2454	2739.6	false
sample_A	2455	3288.9	false
sample_A	2456	2522.2	false
sample_A	2457	2952.2	false
sample_A	2458	3224.7	false
sample_A	2459	3205.7	false
sample_A	2460	2831.8	false
sample_A	2461	2990.1	false
sample_A	2462	2527.1	false
sample_A	2463	3210.7	false
sample_A	2464	2906.7	false
sample_A	2465	3283.7	false
sample_A	2466	2769.9	false
sample_A	2467	3209.2	false
sample_A	2468	3289.5	false
sample_A	2469	2789.4	false
sample_A	2470	2686.7	false
sample_A	2471	2846.4	false
sample_A	2472	2622.3	false
sample_A	2473	3129.1	false
sample_A	2474	3270.7	false
sample_A	2475	3267.0	false
sample_A	2476	3143.5	false
sample_A	2477	2821.2	false
sample_A	2478	2558.8	false
sample_A	2479	3343.9	false
sample_A	2480	2761.7	false
sample_A	2481	2508.2	false
sample_A	2482	2854.0	false
sample_A	2483	3045.0	false
sample_A	2484	2717.2	false
sample_A	2485	2569.5	false
sample_A	2486	2740.8	false
sample_A	2487	3203.9	false
sample_A	2488	3033.4	false
sample_A	2489	2570.5	false
sample_A	2490	3189.5	false
sample_A	2491	2959.0	false
sample_A	2492	2992.9	false
sample_A	2493	2765.0	false
sample_A	2494	3154.2	false
sample_A	2495	2875.6	false
sample_A	2496	3315.8	false
sample_A	2497	3126.4	false
sample_A	2498	3154.8	false
sample_A	2499	2976.4	false
sample_A	2500	3170.1	false
sample_A	2501	2747.2	false
sample_A	2502	2569.9	false
sample_A	2503	3119.3	false
sample_A	2504	3183.3	false
sample_A	2505	2938.9	false
sample_A	2506	2449.4	false
sample_A	2507	3287.3	false
sample_A	2508	2796.2	false
sample_A	2509	2435.4	false
sample_A	2510	2636.8	false
sample_A	2511	3055.9	false
sample_A	2512	2748.4	false
sample_A	2513	2634.4	false
sample_A	2514	2700.8	false
sample_A	2515	3266.2	false
sample_A	2516	3066.4	false
sample_A	2517	2768.2	false
sample_A	2518	2506.3	false
sample_A	2519	3031.8	false
sample_A	2520	2554.0	false
sample_A	2521	3192.7	false
sample_A	2522	3060.7	false
sample_A	2523	3120.2	false
sample_A	2524	2460.5	false
sample_A	2525	2807.4	false
sample_A	2526	2819.0	false
sample_A	2527	2689.0	false
sample_A	2528	2477.0	false
sample_A	2529	3002.8	false
sample_A	2530	2591.7	false
sample_A	2531	2930.9	false
sample_A	2532	3203.9	false
sample_A	2533	2829.3	false
sample_A	2534	3045.0	false
sample_A	2535	2696.5	false
sample_A	2536	2838.0	false
sample_A	2537	3135.3	false
sample_A	2538	3217.6	false
sample_A	2539	3113.2	false
sample_A	2540	2647.8	false
sample_A	2541	2465.3	false
sample_A	2542	3225.9	false
sample_A	2543	3153.5	false
sample_A	2544	3022.6	false
sample_A	2545	2632.4	false
sample_A	2546	2968.0	false
sample_A	2547	2420.7	false
sample_A	2548	2963.2	false
sample_A	2549	3088.4	false
sample_A	2550	2433.7	false
sample_A	2551	2547.1	false
sample_A	2552	2455.4	false
sample_A	2553	3049.9	false
sample_A	2554	2817.1	false
sample_A	2555	2426.6	false
sample_A	2556	2949.2	false
sample_A	2557	2517.4	false
sample_A	2558	3099.2	false
sample_A	2559	2936.7	false
sample_A	2560	2507.1	false
sample_A	2561	2994.8	false
sample_A	2562	2719.5	false
sample_A	2563	3180.7	false
sample_A	2564	3051.9	false
sample_A	2565	3027.9	false
sample_A	2566	2623.7	false
sample_A	2567	2442.3	false
sample_A	2568	2800.8	false
sample_A	2569	2605.7	false
sample_A	2570	2405.1	false
sample_A	2571	2378.4	false
sample_A	2572	2535.2	false
sample_A	2573	2945.2	false
sample_A	2574	3150.7	false
sample_A	2575	2627.6	false
sample_A	2576	3143.9	false
sample_A	2577	2686.5	false
sample_A	2578	2811.3	false
sample_A	2579	2437.8	false
sample_A	2580	2722.4	false
sample_A	2581	3144.4	false
sample_A	2582	2444.4	false
sample_A	2583	2736.3	false
sample_A	2584	2753.2	false
sample_A	2585	2523.5	false
sample_A	2586	2958.4	false
sample_A	2587	2704.9	false
sample_A	2588	3009.8	false
sample_A	2589	2752.7	false
sample_A	2590	2804.8	false
sample_A	2591	2362.5	false
sample_A	2592	3141.6	false
sample_A	2593	2340.3	false
sample_A	2594	3143.6	false
sample_A	2595	2513.5	false
sample_A	2596	2768.0	false
sample_A	2597	2645.0	false
sample_A	2598	2582.3	false
sample_A	2599	3052.3	false
sample_A	2600	2407.4	false
sample_A	2601	3063.4	false
sample_A	2602	2936.7	false
sample_A	2603	2479.5	false
sample_A	2604	2900.0	false
sample_A	2605	2754.1	false
sample_A	2606	2805.9	false
sample_A	2607	2545.2	false
sample_A	2608	2974.2	false
sample_A	2609	2668.5	false
sample_A	2610	2605.3	false
sample_A	2611	3043.5	false
sample_A	2612	2561.0	false
sample_A	2613	3078.3	false
sample_A	2614	3042.2	false
sample_A	2615	2803.7	false
sample_A	2616	2454.0	false
sample_A	2617	2867.2	false
sample_A	2618	2587.7	false
sample_A	2619	2939.7	false
sample_A	2620	2981.6	false
sample_A	2621	2855.7	false
sample_A	2622	2721.1	false
sample_A	2623	3067.4	false
sample_A	2624	2492.6	false
sample_A	2625	2387.2	false
sample_A	2626	2685.8	false
sample_A	2627	2986.2	false
sample_A	2628	2468.6	false
sample_A	2629	3085.6	false
sample_A	2630	2634.2	false
sample_A	2631	3012.9	false
sample_A	2632	2825.2	false
sample_A	2633	3059.8	false
sample_A	2634	2853.0	false
sample_A	2635	2847.6	false
sample_A	2636	2904.2	false
sample_A	2637	2755.5	false
sample_A	2638	2316.5	false
sample_A	2639	2580.8	false
sample_A	2640	2660.5	false
sample_A	2641	2331.9	false
sample_A	2642	2663.9	false
sample_A	2643	2465.3	false
sample_A	2644	2708.1	false
sample_A	2645	2592.7	false
sample_A	2646	2586.0	false
sample_A	2647	2913.7	false
sample_A	2648	2281.4	false
sample_A	2649	2539.6	false
sample_A	2650	2394.2	false
sample_A	2651	2722.6	false
sample_A	2652	2992.6	false
sample_A	2653	2974.7	false
sample_A	2654	2644.5	false
sample_A	2655	2675.2	false
sample_A	2656	2900.1	false
sample_A	2657	2699.1	false
sample_A	2658	2871.0	false
sample_A	2659	2723.6	false
sample_A	2660	2915.9	false
sample_A	2661	2641.0	false
sample_A	2662	2878.4	false
sample_A	2663	2974.5	false
sample_A	2664	2847.5	false
sample_A	2665	2678.3	false
sample_A	2666	2252.3	false
sample_A	2667	2611.2	false
sample_A	2668	2321.7	false
sample_A	2669	2871.1	false
sample_A	2670	2879.9	false
sample_A	2671	2644.3	false
sample_A	2672	2790.5	false
sample_A	2673	2628.7	false
sample_A	2674	2730.9	false
sample_A	2675	2335.0	false
sample_A	2676	2741.4	false
sample_A	2677	2329.1	false
sample_A	2678	2483.5	false
sample_A	2679	2840.4	false
sample_A	2680	2980.1	false
sample_A	2681	2981.8	false
sample_A	2682	2603.5	false
sample_A	2683	2769.1	false
sample_A	2684	2896.1	false
sample_A	2685	2692.9	false
sample_A	2686	2817.4	false
sample_A	2687	2380.4	false
sample_A	2688	2322.4	false
sample_A	2689	2773.0	false
sample_A	2690	2554.7	false
sample_A	2691	2805.8	false
sample_A	2692	2246.1	false
sample_A	2693	2468.8	false
sample_A	2694	2833.7	false
sample_A	2695	2329.7	false
sample_A	2696	2360.0	false
sample_A	2697	2877.1	false
sample_A	2698	2823.9	false
sample_A	2699	2514.8	false
sample_A	2700	2556.6	false
sample_A	2701	2933.9	false
sample_A	2702	2837.7	false
sample_A	2703	2633.9	false
sample_A	2704	2218.2	false
sample_A	2705	2250.2	false
sample_A	2706	2226.3	false
sample_A	2707	2301.5	false
sample_A	2708	2431.6	false
sample_A	2709	2913.8	false
sample_A	2710	2846.0	false
sample_A	2711	2234.5	false
sample_A	2712	2742.6	false
sample_A	2713	2744.7	false
sample_A	2714	2334.9	false
sample_A	2715	2599.1	false
sample_A	2716	2807.2	false
sample_A	2717	2880.5	false
sample_A	2718	2372.3	false
sample_A	2719	2701.1	false
sample_A	2720	2931.8	false
sample_A	2721	2346.2	false
sample_A	2722	2728.2	false
sample_A	2723	2247.5	false
sample_A	2724	2604.7	false
sample_A	2725	2870.3	false
sample_A	2726	2645.1	false
sample_A	2727	2267.9	false
sample_A	2728	2820.1	false
sample_A	2729	2171.8	false
sample_A	2730	2624.5	false
sample_A	2731	2429.6	false
sample_A	2732	2171.7	false
sample_A	2733	2264.0	false
sample_A	2734	2793.5	false
sample_A	2735	2382.2	false
sample_A	2736	2428.5	false
sample_A	2737	2197.5	false
sample_A	2738	2223.7	false
sample_A	2739	2525.6	false
sample_A	2740	2534.2	false
sample_A	2741	2593.6	false
sample_A	2742	2746.5	false
sample_A	2743	2225.7	false
sample_A	2744	2596.3	false
sample_A	2745	2415.0	false
sample_A	2746	2167.6	false
sample_A	2747	2415.7	false
sample_A	2748	2598.4	false
sample_A	2749	2305.1	false
sample_A	2750	2731.4	false
sample_A	2751	2742.9	false
sample_A	2752	2376.5	false
sample_A	2753	2247.6	false
sample_A	2754	2213.6	false
sample_A	2755	2376.6	false
sample_A	2756	2675.2	false
sample_A	2757	2272.9	false
sample_A	2758	2268.9	false
sample_A	2759	2674.4	false
sample_A	2760	2269.1	false
sample_A	2761	2499.1	false
sample_A	2762	2580.5	false
sample_A	2763	2494.3	false
sample_A	2764	2472.0	false
sample_A	2765	2503.2	false
sample_A	2766	2281.7	false
sample_A	2767	2443.5	false
sample_A	2768	2429.8	false
sample_A	2769	2153.4	false
sample_A	2770	2581.7	false
sample_A	2771	2371.2	false
sample_A	2772	2860.3	false
sample_A	2773	2804.6	false
sample_A	2774	2694.1	false
sample_A	2775	2520.4	false
sample_A	2776	2364.0	false
sample_A	2777	2640.6	false
sample_A	2778	2548.9	false
sample_A	2779	2435.0	false
sample_A	2780	2394.6	false
sample_A	2781	2607.2	false
sample_A	2782	2308.2	false
sample_A	2783	2572.2	false
sample_A	2784	2749.6	false
sample_A	2785	2145.0	false
sample_A	2786	2535.9	false
sample_A	2787	2597.7	false
sample_A	2788	2651.9	false
sample_A	2789	2436.4	false
sample_A	2790	2576.9	false
sample_A	2791	2781.7	false
sample_A	2792	2607.0	false
sample_A	2793	2583.3	false
sample_A	2794	2165.9	false
sample_A	2795	2597.1	false
sample_A	2796	2309.9	false
sample_A	2797	2678.4	false
sample_A	2798	2165.1	false
sample_A	2799	2372.0	false
sample_A	2800	2594.4	false
sample_A	2801	2550.2	false
sample_A	2802	2193.8	false
sample_A	2803	2737.0	false
sample_A	2804	2687.4	false
sample_A	2805	2157.7	false
sample_A	2806	2673.3	false
sample_A	2807	2332.4	false
sample_A	2808	2241.0	false
sample_A	2809	2686.4	false
sample_A	2810	2593.0	false
sample_A	2811	2216.5	false
sample_A	2812	2215.4	false
sample_A	2813	2461.1	false
sample_A	2814	2798.2	false
sample_A	2815	2152.9	false
sample_A	2816	2516.1	false
sample_A	2817	2256.8	false
sample_A	2818	2705.6	false
sample_A	2819	2312.3	false
sample_A	2820	2501.7	false
sample_A	2821	2162.7	false
sample_A	2822	2274.1	false
sample_A	2823	2461.8	false
sample_A	2824	2327.5	false
sample_A	2825	2449.8	false
sample_A	2826	2514.5	false
sample_A	2827	2785.5	false
sample_A	2828	2444.7	false
sample_A	2829	2431.7	false
sample_A	2830	2380.3	false
sample_A	2831	2783.7	false
sample_A	2832	2253.2	false
sample_A	2833	2510.7	false
sample_A	2834	2668.4	false
sample_A	2835	2069.9	false
sample_A	2836	2324.8	false
sample_A	2837	2775.9	false
sample_A	2838	2618.9	false
sample_A	2839	2739.1	false
sample_A	2840	2278.2	false
sample_A	2841	2715.1	false
sample_A	2842	2587.0	false
sample_A	2843	2322.3	false
sample_A	2844	2539.1	false
sample_A	2845	2095.4	false
sample_A	2846	2675.7	false
sample_A	2847	2301.4	false
sample_A	2848	2105.8	false
sample_A	2849	2528.2	false
sample_A	2850	2319.2	false
sample_A	2851	2647.1	false
sample_A	2852	2391.7	false
sample_A	2853	2047.6	false
sample_A	2854	2383.3	false
sample_A	2855	2318.6	false
sample_A	2856	2407.6	false
sample_A	2857	2065.8	false
sample_A	2858	2207.2	false
sample_A	2859	2389.5	false
sample_A	2860	2066.2	false
sample_A	2861	2344.8	false
sample_A	2862	2577.5	false
sample_A	2863	2398.2	false
sample_A	2864	2212.4	false
sample_A	2865	2164.3	false
sample_A	2866	2088.6	false
sample_A	2867	2639.8	false
sample_A	2868	2505.1	false
sample_A	2869	2308.0	false
sample_A	2870	2344.6	false
sample_A	2871	2491.5	false
sample_A	2872	2074.5	false
sample_A	2873	2059.1	false
sample_A	2874	2071.8	false
sample_A	2875	2270.9	false
sample_A	2876	2519.0	false
sample_A	2877	2151.4	false
sample_A	2878	2447.4	false
sample_A	2879	2602.4	false
sample_A	2880	2449.6	false
sample_A	2881	2505.2	false
sample_A	2882	2200.4	false
sample_A	2883	2363.6	false
sample_A	2884	2216.5	false
sample_A	2885	2316.9	false
sample_A	2886	2704.9	false
sample_A	2887	2280.6	false
sample_A	2888	2571.0	false
sample_A	2889	2689.1	false
sample_A	2890	2300.6	false
sample_A	2891	2020.2	false
sample_A	2892	2617.5	false
sample_A	2893	2342.7	false
sample_A	2894	2593.2	false
sample_A	2895	2137.9	false
sample_A	2896	2309.4	false
sample_A	2897	2587.3	false
sample_A	2898	2018.8	false
sample_A	2899	2091.9	false
sample_A	2900	2369.6	false
sample_A	2901	2075.4	false
sample_A	2902	2114.7	false
sample_A	2903	2565.2	false
sample_A	2904	2006.7	false
sample_A	2905	2685.3	false
sample_A	2906	2331.3	false
sample_A	2907	2602.8	false
sample_A	2908	2564.4	false
sample_A	2909	2557.7	false
sample_A	2910	2617.7	false
sample_A	2911	2645.0	false
sample_A	2912	2564.3	false
sample_A	2913	2579.0	false
sample_A	2914	2407.8	false
sample_A	2915	2310.2	false
sample_A	2916	2447.6	false
sample_A	2917	2405.4	false
sample_A	2918	2122.8	false
sample_A	2919	2528.6	false
sample_A	2920	2190.0	false
sample_A	2921	2033.5	false
sample_A	2922	2046.5	false
sample_A	2923	2444.6	false
sample_A	2924	2526.7	false
sample_A	2925	2552.3	false
sample_A	2926	1975.5	false
sample_A	2927	2154.3	false
sample_A	2928	1975.7	false
sample_A	2929	2145.0	false
sample_A	2930	2278.0	false
sample_A	2931	2473.9	false
sample_A	2932	2377.5	false
sample_A	2933	2554.9	false
sample_A	2934	2618.3	false
sample_A	2935	2545.6	false
sample_A	2936	2427.7	false
sample_A	2937	2112.8	false
sample_A	2938	1975.1	false
sample_A	2939	2525.8	false
sample_A	2940	2220.1	false
sample_A	2941	2214.2	false
sample_A	2942	2467.4	false
sample_A	2943	2339.7	false
sample_A	2944	2154.0	false
sample_A	2945	2420.1	false
sample_A	2946	2450.8	false
sample_A	2947	2527.4	false
sample_A	2948	2564.2	false
sample_A	2949	2332.3	false
sample_A	2950	2532.3	false
sample_A	2951	2527.2	false
sample_A	2952	2503.9	false
sample_A	2953	2299.3	false
sample_A	2954	2240.4	false
sample_A	2955	2210.1	false
sample_A	2956	2242.1	false
sample_A	2957	2332.2	false
sample_A	2958	2117.1	false
sample_A	2959	2542.7	false
sample_A	2960	2552.0	false
sample_A	2961	2286.3	false
sample_A	2962	2013.2	false
sample_A	2963	2277.4	false
sample_A	2964	2219.4	false
sample_A	2965	2287.9	false
sample_A	2966	2399.0	false
sample_A	2967	2004.4	false
sample_A	2968	2076.0	false
sample_A	2969	2585.2	false
sample_A	2970	2194.0	false
sample_A	2971	2556.5	false
sample_A	2972	2482.3	false
sample_A	2973	2083.3	false
sample_A	2974	2413.6	false
sample_A	2975	2496.2	false
sample_A	2976	2431.7	false
sample_A	2977	2421.9	false
sample_A	2978	2597.1	false
sample_A	2979	2038.7	false
sample_A	2980	2068.6	false
sample_A	2981	2383.7	false
sample_A	2982	2364.5	false
sample_A	2983	1975.1	false
sample_A	2984	1932.8	false
sample_A	2985	2267.2	false
sample_A	2986	2191.6	false
sample_A	2987	2458.9	false
sample_A	2988	2039.8	false
sample_A	2989	2571.8	false
sample_A	2990	2141.7	false
sample_A	2991	2143.0	false
sample_A	2992	2461.6	false
sample_A	2993	2499.9	false
sample_A	2994	2369.1	false
sample_A	2995	2454.9	false
sample_A	2996	2308.7	false
sample_A	2997	2035.3	false
sample_A	2998	2047.1	false
sample_A	2999	2467.6	false
sample_A	3000	2101.6	false
sample_A	3001	2549.9	false
sample_A	3002	2420.2	false
sample_A	3003	2324.2	false
sample_A	3004	1973.8	false
sample_A	3005	2206.1	false
sample_A	3006	2118.1	false
sample_A	3007	2451.6	false
sample_A	3008	1965.1	false
sample_A	3009	1930.7	false
sample_A	3010	2179.2	false
sample_A	3011	2035.2	false
sample_A	3012	2521.3	false
sample_A	3013	2421.4	false
sample_A	3014	2379.4	false
sample_A	3015	1891.9	false
sample_A	3016	2461.5	false
sample_A	3017	2323.6	false
sample_A	3018	1895.3	false
sample_A	3019	1939.1	false
sample_A	3020	2028.2	false
sample_A	3021	1905.9	false
sample_A	3022	2146.2	false
sample_A	3023	2117.6	false
sample_A	3024	2538.3	false
sample_A	3025	2323.6	false
sample_A	3026	2288.0	false
sample_A	3027	2289.7	false
sample_A	3028	2515.5	false
sample_A	3029	1940.4	false
sample_A	3030	2471.7	false
sample_A	3031	2117.4	false
sample_A	3032	2096.0	false
sample_A	3033	2030.9	false
sample_A	3034	2017.2	false
sample_A	3035	1883.1	false
sample_A	3036	2190.0	false
sample_A	3037	2024.4	false
sample_A	3038	2006.9	false
sample_A	3039	1902.6	false
sample_A	3040	2079.3	false
sample_A	3041	2005.2	false
sample_A	3042	1913.1	false
sample_A	3043	1959.2	false
sample_A	3044	2211.7	false
sample_A	3045	2262.1	false
sample_A	3046	2304.0	false
sample_A	3047	2408.6	false
sample_A	3048	1975.4	false
sample_A	3049	2273.3	false
sample_A	3050	2157.1	false
sample_A	3051	2497.7	false
sample_A	3052	2358.9	false
sample_A	3053	1936.6	false
sample_A	3054	2039.0	false
sample_A	3055	2374.1	false
sample_A	3056	2079.1	false
sample_A	3057	1924.2	false
sample_A	3058	1863.0	false
sample_A	3059	2266.5	false
sample_A	3060	1975.1	false
sample_A	3061	1928.9	false
sample_A	3062	2140.7	false
sample_A	3063	2197.4	false
sample_A	3064	2292.1	false
sample_A	3065	2371.3	false
sample_A	3066	2080.0	false
sample_A	3067	2479.6	false
sample_A	3068	2280.7	false
sample_A	3069	2209.6	false
sample_A	3070	2122.4	false
sample_A	3071	2076.4	false
sample_A	3072	1967.1	false
sample_A	3073	2212.3	false
sample_A	3074	2133.2	false
sample_A	3075	2193.8	false
sample_A	3076	2138.9	false
sample_A	3077	2339.4	false
sample_A	3078	2371.0	false
sample_A	3079	1972.2	false
sample_A	3080	2029.4	false
sample_A	3081	1896.7	false
sample_A	3082	2109.7	false
sample_A	3083	1864.6	false
sample_A	3084	2456.1	false
sample_A	3085	1865.0	false
sample_A	3086	2456.1	false
sample_A	3087	2361.1	false
sample_A	3088	2318.0	false
sample_A	3089	1916.3	false
sample_A	3090	2432.0	false
sample_A	3091	1930.4	false
sample_A	3092	2418.5	false
sample_A	3093	2079.9	false
sample_A	3094	2347.5	false
sample_A	3095	1866.8	false
sample_A	3096	2107.3	false
sample_A	3097	2195.6	false
sample_A	3098	2455.2	false
sample_A	3099	1946.8	false
sample_A	3100	1880.8	false
sample_A	3101	2433.0	false
sample_A	3102	2378.4	false
sample_A	3103	1947.1	false
sample_A	3104	2404.2	false
sample_A	3105	2282.9	false
sample_A	3106	1937.3	false
sample_A	3107	2243.2	false
sample_A	3108	2156.8	false
sample_A	3109	2295.0	false
sample_A	3110	1889.0	false
sample_A	3111	2362.8	false
sample_A	3112	1915.2	false
sample_A	3113	1836.2	false
sample_A	3114	2234.0	false
sample_A	3115	2238.7	false
sample_A	3116	2013.6	false
sample_A	3117	1840.0	false
sample_A	3118	2375.8	false
sample_A	3119	2109.3	false
sample_A	3120	2304.6	false
sample_A	3121	2059.3	false
sample_A	3122	2367.6	false
sample_A	3123	1835.8	false
sample_A	3124	2335.6	false
sample_A	3125	1974.0	false
sample_A	3126	2376.8	false
sample_A	3127	2073.1	false
sample_A	3128	2201.1	false
sample_A	3129	2375.0	false
sample_A	3130	1923.4	false
sample_A	3131	1977.2	false
sample_A	3132	2342.5	false
sample_A	3133	2323.9	false
sample_A	3134	1828.7	false
sample_A	3135	2033.1	false
sample_A	3136	1795.9	false
sample_A	3137	1869.6	false
sample_A	3138	1975.4	false
sample_A	3139	2195.8	false
sample_A	3140	2290.6	false
sample_A	3141	2225.8	false
sample_A	3142	1909.5	false
sample_A	3143	2318.2	false
sample_A	3144	1987.1	false
sample_A	3145	2266.9	false
sample_A	3146	1907.1	false
sample_A	3147	2019.7	false
sample_A	3148	2103.8	false
sample_A	3149	2254.3	false
sample_A	3150	2045.4	false
sample_A	3151	2247.3	false
sample_A	3152	2401.5	false
sample_A	3153	1912.4	false
sample_A	3154	2394.4	false
sample_A	3155	2287.2	false
sample_A	3156	2108.7	false
sample_A	3157	1957.8	false
sample_A	3158	1853.5	false
sample_A	3159	1803.2	false
sample_A	3160	1851.5	false
sample_A	3161	2296.0	false
sample_A	3162	2322.4	false
sample_A	3163	1775.9	false
sample_A	3164	2355.6	false
sample_A	3165	2309.2	false
sample_A	3166	2197.7	false
sample_A	3167	2195.0	false
sample_A	3168	1875.9	false
sample_A	3169	2327.6	false
sample_A	3170	1979.9	false
sample_A	3171	1909.1	false
sample_A	3172	2242.1	false
sample_A	3173	2234.7	false
sample_A	3174	1773.2	false
sample_A	3175	1812.9	false
sample_A	3176	2175.6	false
sample_A	3177	1928.5	false
sample_A	3178	2069.0	false
sample_A	3179	1818.7	false
sample_A	3180	2098.8	false
sample_A	3181	2357.9	false
sample_A	3182	1808.5	false
sample_A	3183	2087.7	false
sample_A	3184	2184.1	false
sample_A	3185	2105.8	false
sample_A	3186	1957.7	false
sample_A	3187	2088.7	false
sample_A	3188	1949.9	false
sample_A	3189	2349.5	false
sample_A	3190	2345.6	false
sample_A	3191	1928.9	false
sample_A	3192	2296.8	false
sample_A	3193	1867.6	false
sample_A	3194	1895.0	false
sample_A	3195	1775.4	false
sample_A	3196	1757.2	false
sample_A	3197	2254.9	false
sample_A	3198	1901.7	false
sample_A	3199	2001.8	false
sample_A	3200	1782.1	false
sample_A	3201	2090.8	false
sample_A	3202	2285.2	false
sample_A	3203	2334.4	false
sample_A	3204	2009.2	false
sample_A	3205	1924.9	false
sample_A	3206	2248.4	false
sample_A	3207	2092.5	false
sample_A	3208	2133.0	false
sample_A	3209	2156.1	false
sample_A	3210	1814.9	false
sample_A	3211	1894.8	false
sample_A	3212	2243.9	false
sample_A	3213	1959.8	false
sample_A	3214	2304.0	false
sample_A	3215	2329.6	false
sample_A	3216	2039.6	false
sample_A	3217	2120.3	false
sample_A	3218	1783.4	false
sample_A	3219	2080.8	false
sample_A	3220	1800.9	false
sample_A	3221	2001.0	false
sample_A	3222	1885.6	false
sample_A	3223	2092.9	false
sample_A	3224	2132.6	false
sample_A	3225	2271.2	false
sample_A	3226	2235.0	false
sample_A	3227	1800.9	false
sample_A	3228	2197.6	false
sample_A	3229	2101.0	false
sample_A	3230	1875.7	false
sample_A	3231	2143.5	false
sample_A	3232	1946.4	false
sample_A	3233	1866.9	false
sample_A	3234	1995.0	false
sample_A	3235	2075.0	false
sample_A	3236	1769.6	false
sample_A	3237	2246.6	false
sample_A	3238	2230.0	false
sample_A	3239	2300.7	false
sample_A	3240	2069.1	false
sample_A	3241	2053.9	false
sample_A	3242	1819.5	false
sample_A	3243	1838.0	false
sample_A	3244	1886.2	false
sample_A	3245	2040.6	false
sample_A	3246	2187.3	false
sample_A	3247	2025.1	false
sample_A	3248	1791.5	false
sample_A	3249	2184.3	false
sample_A	3250	1810.2	false
sample_A	3251	1772.9	false
sample_A	3252	1830.9	false
sample_A	3253	2175.7	false
sample_A	3254	2011.7	false
sample_A	3255	1862.7	false
sample_A	3256	1938.6	false
sample_A	3257	2277.9	false
sample_A	3258	2086.2	false
sample_A	3259	1919.8	false
sample_A	3260	2080.8	false
sample_A	3261	2003.9	false
sample_A	3262	1848.7	false
sample_A	3263	2246.7	false
sample_A	3264	1927.4	false
sample_A	3265	2262.0	false
sample_A	3266	2253.8	false
sample_A	3267	1767.4	false
sample_A	3268	1701.0	false
sample_A	3269	2261.9	false
sample_A	3270	2224.5	false
sample_A	3271	2208.6	false
sample_A	3272	1945.5	false
sample_A	3273	1814.6	false
sample_A	3274	2216.4	false
sample_A	3275	1795.7	false
sample_A	3276	1827.6	false
sample_A	3277	2111.0	false
sample_A	3278	1917.7	false
sample_A	3279	1926.1	false
sample_A	3280	1971.5	false
sample_A	3281	2065.2	false
sample_A	3282	2000.2	false
sample_A	3283	1853.7	false
sample_A	3284	2080.5	false
sample_A	3285	1980.5	false
sample_A	3286	1905.5	false
sample_A	3287	1819.9	false
sample_A	3288	2256.9	false
sample_A	3289	1682.8	false
sample_A	3290	2154.3	false
sample_A	3291	2037.0	false
sample_A	3292	1838.3	false
sample_A	3293	2259.2	false
sample_A	3294	2057.0	false
sample_A	3295	1691.9	false
sample_A	3296	2003.5	false
sample_A	3297	2167.8	false
sample_A	3298	2102.5	false
sample_A	3299	2087.1	false
sample_A	3300	2107.5	false
sample_A	3301	2001.1	false
sample_A	3302	2132.5	false
sample_A	3303	1903.5	false
sample_A	3304	2239.1	false
sample_A	3305	1809.0	false
sample_A	3306	1937.5	false
sample_A	3307	1738.9	false
sample_A	3308	1896.4	false
sample_A	3309	2067.0	false
sample_A	3310	1691.0	false
sample_A	3311	1723.2	false
sample_A	3312	1798.7	false
sample_A	3313	1722.1	false
sample_A	3314	1781.3	false
sample_A	3315	1836.5	false
sample_A	3316	2156.1	false
sample_A	3317	2144.9	false
sample_A	3318	1872.3	false
sample_A	3319	1961.3	false
sample_A	3320	1837.4	false
sample_A	3321	2207.2	false
sample_A	3322	2190.2	false
sample_A	3323	2175.8	false
sample_A	3324	1711.8	false
sample_A	3325	1710.2	false
sample_A	3326	2104.2	false
sample_A	3327	1761.4	false
sample_A	3328	1988.3	false
sample_A	3329	1680.5	false
sample_A	3330	2213.3	false
sample_A	3331	2224.6	false
sample_A	3332	2015.2	false
sample_A	3333	1902.9	false
sample_A	3334	1781.4	false
sample_A	3335	1924.6	false
sample_A	3336	2015.5	false
sample_A	3337	1654.4	false
sample_A	3338	2132.1	false
sample_A	3339	1697.6	false
sample_A	3340	1796.8	false
sample_A	3341	2205.6	false
sample_A	3342	1880.8	false
sample_A	3343	2173.9	false
sample_A	3344	2060.5	false
sample_A	3345	2044.1	false
sample_A	3346	1690.1	false
sample_A	3347	2091.5	false
sample_A	3348	2051.2	false
sample_A	3349	1968.1	false
sample_A	3350	1695.2	false
sample_A	3351	2003.0	false
sample_A	3352	2014.1	false
sample_A	3353	2116.3	false
sample_A	3354	2028.4	false
sample_A	3355	1895.8	false
sample_A	3356	1971.6	false
sample_A	3357	1880.3	false
sample_A	3358	1871.7	false
sample_A	3359	1704.0	false
sample_A	3360	1763.8	false
sample_A	3361	2005.3	false
sample_A	3362	1812.3	false
sample_A	3363	1740.2	false
sample_A	3364	1786.0	false
sample_A	3365	1698.3	false
sample_A	3366	1763.5	false
sample_A	3367	2051.6	false
sample_A	3368	1650.3	false
sample_A	3369	1711.3	false
sample_A	3370	2156.9	false
sample_A	3371	1844.7	false
sample_A	3372	1925.7	false
sample_A	3373	1932.7	false
sample_A	3374	2070.6	false
sample_A	3375	1929.4	false
sample_A	3376	2180.1	false
sample_A	3377	2107.6	false
sample_A	3378	2003.2	false
sample_A	3379	2123.9	false
sample_A	3380	1646.8	false
sample_A	3381	2025.1	false
sample_A	3382	2167.9	false
sample_A	3383	1797.9	false
sample_A	3384	1872.8	false
sample_A	3385	1735.4	false
sample_A	3386	1848.7	false
sample_A	3387	1823.8	false
sample_A	3388	2179.8	false
sample_A	3389	2034.2	false
sample_A	3390	1737.3	false
sample_A	3391	1947.4	false
sample_A	3392	2154.1	false
sample_A	3393	1816.7	false
sample_A	3394	2009.8	false
sample_A	3395	1856.7	false
sample_A	3396	1829.8	false
sample_A	3397	1968.6	false
sample_A	3398	1915.0	false
sample_A	3399	1768.4	false
sample_A	3400	2146.7	false
sample_A	3401	1613.6	false
sample_A	3402	1835.1	false
sample_A	3403	1685.0	false
sample_A	3404	1798.9	false
sample_A	3405	1778.6	false
sample_A	3406	1786.1	false
sample_A	3407	1859.1	false
sample_A	3408	1644.0	false
sample_A	3409	2042.1	false
sample_A	3410	2080.9	false
sample_A	3411	1797.4	false
sample_A	3412	1743.8	false
sample_A	3413	1915.6	false
sample_A	3414	2146.7	false
sample_A	3415	1994.3	false
sample_A	3416	2125.6	false
sample_A	3417	2045.3	false
sample_A	3418	2045.6	false
sample_A	3419	1910.3	false
sample_A	3420	1776.8	false
sample_A	3421	2020.6	false
sample_A	3422	1718.0	false
sample_A	3423	1822.1	false
sample_A	3424	1637.0	false
sample_A	3425	1908.6	false
sample_A	3426	1784.6	false
sample_A	3427	1617.9	false
sample_A	3428	1918.8	false
sample_A	3429	2011.9	false
sample_A	3430	2062.2	false
sample_A	3431	1851.8	false
sample_A	3432	1960.4	false
sample_A	3433	1728.7	false
sample_A	3434	1665.8	false
sample_A	3435	1994.7	false
sample_A	3436	1760.7	false
sample_A	3437	1623.4	false
sample_A	3438	1812.6	false
sample_A	3439	1725.6	false
sample_A	3440	1696.9	false
sample_A	3441	1740.4	false
sample_A	3442	2095.0	false
sample_A	3443	1742.8	false
sample_A	3444	1740.2	false
sample_A	3445	1705.8	false
sample_A	3446	2120.7	false
sample_A	3447	1869.1	false
sample_A	3448	2047.4	false
sample_A	3449	1698.3	false
sample_A	3450	1611.0	false
sample_A	3451	2112.3	false
sample_A	3452	2081.2	false
sample_A	3453	1892.1	false
sample_A	3454	1934.1	false
sample_A	3455	1666.2	false
sample_A	3456	1844.5	false
sample_A	3457	1830.3	false
sample_A	3458	1836.0	false
sample_A	3459	1716.1	false
sample_A	3460	1589.4	false
sample_A	3461	1658.4	false
sample_A	3462	1792.3	false
sample_A	3463	2030.6	false
sample_A	3464	1796.3	false
sample_A	3465	1859.8	false
sample_A	3466	1878.4	false
sample_A	3467	2097.8	false
sample_A	3468	1675.3	false
sample_A	3469	2091.9	false
sample_A	3470	1645.5	false
sample_A	3471	2090.0	false
sample_A	3472	1615.4	false
sample_A	3473	1658.3	false
sample_A	3474	1847.4	false
sample_A	3475	1686.1	false
sample_A	3476	1897.0	false
sample_A	3477	1584.3	false
sample_A	3478	1670.4	false
sample_A	3479	1836.8	false
sample_A	3480	1804.9	false
sample_A	3481	1659.9	false
sample_A	3482	1862.5	false
sample_A	3483	1743.6	false
sample_A	3484	1746.6	false
sample_A	3485	2046.0	false
sample_A	3486	1899.2	false
sample_A	3487	1687.6	false
sample_A	3488	2078.7	false
sample_A	3489	1793.8	false
sample_A	3490	1746.9	false
sample_A	3491	1782.4	false
sample_A	3492	1592.6	false
sample_A	3493	2089.7	false
sample_A	3494	1623.6	false
sample_A	3495	1649.7	false
sample_A	3496	1956.6	false
sample_A	3497	1723.1	false
sample_A	3498	2077.4	false
sample_A	3499	1871.1	false
sample_A	3500	1683.5	false
sample_A	3501	2001.2	false
sample_A	3502	1961.6	false
sample_A	3503	1921.4	false
sample_A	3504	2019.9	false
sample_A	3505	1880.4	false
sample_A	3506	1976.2	false
sample_A	3507	1948.9	false
sample_A	3508	1970.0	false
sample_A	3509	1971.9	false
sample_A	3510	2024.1	false
sample_A	3511	1980.9	false
sample_A	3512	1619.5	false
sample_A	3513	1665.4	false
sample_A	3514	1604.7	false
sample_A	3515	1938.0	false
sample_A	3516	1818.5	false
sample_A	3517	1994.2	false
sample_A	3518	1619.2	false
sample_A	3519	2004.5	false
sample_A	3520	2016.9	false
sample_A	3521	2039.1	false
sample_A	3522	1552.4	false
sample_A	3523	1629.9	false
sample_A	3524	1983.4	false
sample_A	3525	2069.5	false
sample_A	3526	1852.4	false
sample_A	3527	1816.0	false
sample_A	3528	1931.9	false
sample_A	3529	1592.0	false
sample_A	3530	1534.5	false
sample_A	3531	1912.5	false
sample_A	3532	1935.6	false
sample_A	3533	1811.4	false
sample_A	3534	1747.6	false
sample_A	3535	1815.1	false
sample_A	3536	1751.6	false
sample_A	3537	1723.3	false
sample_A	3538	1714.2	false
sample_A	3539	1655.6	false
sample_A	3540	1655.5	false
sample_A	3541	1936.0	false
sample_A	3542	1913.2	false
sample_A	3543	1564.7	false
sample_A	3544	2008.0	false
sample_A	3545	1861.5	false
sample_A	3546	1804.4	false
sample_A	3547	1886.8	false
sample_A	3548	1762.0	false
sample_A	3549	1737.6	false
sample_A	3550	1983.4	false
sample_A	3551	1985.2	false
sample_A	3552	2035.3	false
sample_A	3553	1679.8	false
sample_A	3554	1904.9	false
sample_A	3555	1599.9	false
sample_A	3556	1618.7	false
sample_A	3557	1856.8	false
sample_A	3558	2012.1	false
sample_A	3559	1811.2	false
sample_A	3560	1646.8	false
sample_A	3561	1883.6	false
sample_A	3562	1717.3	false
sample_A	3563	1801.3	false
sample_A	3564	1561.2	false
sample_A	3565	1907.3	false
sample_A	3566	1779.5	false
sample_A	3567	1832.2	false
sample_A	3568	1646.4	false
sample_A	3569	1965.6	false
sample_A	3570	2026.7	false
sample_A	3571	1771.4	false
sample_A	3572	1711.8	false
sample_A	3573	1658.3	false
sample_A	3574	1886.2	false
sample_A	3575	1622.6	false
sample_A	3576	1693.5	false
sample_A	3577	2015.3	false
sample_A	3578	1953.7	false
sample_A	3579	2011.2	false
sample_A	3580	1598.0	false
sample_A	3581	1903.2	false
sample_A	3582	1733.8	false
sample_A	3583	1627.9	false
sample_A	3584	1783.5	false
sample_A	3585	1927.0	false
sample_A	3586	1928.5	false
sample_A	3587	1634.3	false
sample_A	3588	1630.8	false
sample_A	3589	1900.4	false
sample_A	3590	1572.0	false
sample_A	3591	1610.5	false
sample_A	3592	1856.0	false
sample_A	3593	1708.9	false
sample_A	3594	1906.5	false
sample_A	3595	1513.8	false
sample_A	3596	1885.0	false
sample_A	3597	1948.7	false
sample_A	3598	1608.2	false
sample_A	3599	1864.1	false
sample_A	3600	1998.7	false
sample_A	3601	1558.2	false
sample_A	3602	1499.5	false
sample_A	3603	1884.6	false
sample_A	3604	1930.3	false
sample_A	3605	1974.2	false
sample_A	3606	1589.8	false
sample_A	3607	1539.3	false
sample_A	3608	1795.0	false
sample_A	3609	1706.3	false
sample_A	3610	1677.6	false
sample_A	3611	1696.0	false
sample_A	3612	1571.0	false
sample_A	3613	1938.1	false
sample_A	3614	1981.0	false
sample_A	3615	1510.5	false
sample_A	3616	1800.3	false
sample_A	3617	1745.0	false
sample_A	3618	1562.3	false
sample_A	3619	1963.1	false
sample_A	3620	1795.5	false
sample_A	3621	1838.1	false
sample_A	3622	1670.3	false
sample_A	3623	1637.1	false
sample_A	3624	1800.1	false
sample_A	3625	1964.9	false
sample_A	3626	1902.9	false
sample_A	3627	1953.6	false
sample_A	3628	1629.7	false
sample_A	3629	1707.0	false
sample_A	3630	1599.2	false
sample_A	3631	1790.1	false
sample_A	3632	1472.1	false
sample_A	3633	1922.8	false
sample_A	3634	1953.3	false
sample_A	3635	1746.8	false
sample_A	3636	1949.5	false
sample_A	3637	1827.3	false
sample_A	3638	1602.0	false
sample_A	3639	1676.2	false
sample_A	3640	1466.5	false
sample_A	3641	1503.0	false
sample_A	3642	1475.0	false
sample_A	3643	1746.0	false
sample_A	3644	1756.0	false
sample_A	3645	1888.9	false
sample_A	3646	1518.9	false
sample_A	3647	1800.9	false
sample_A	3648	1604.7	false
sample_A	3649	1969.6	false
sample_A	3650	1634.9	false
sample_A	3651	1906.2	false
sample_A	3652	1771.7	false
sample_A	3653	1492.2	false
sample_A	3654	1947.2	false
sample_A	3655	1635.2	false
sample_A	3656	1860.5	false
sample_A	3657	1725.7	false
sample_A	3658	1602.7	false
sample_A	3659	1853.5	false
sample_A	3660	1902.7	false
sample_A	3661	1746.9	false
sample_A	3662	1919.7	false
sample_A	3663	1804.5	false
sample_A	3664	1941.1	false
sample_A	3665	1926.3	false
sample_A	3666	1468.0	false
sample_A	3667	1828.2	false
sample_A	3668	1732.1	false
sample_A	3669	1472.7	false
sample_A	3670	1563.5	false
sample_A	3671	1537.1	false
sample_A	3672	1456.2	false
sample_A	3673	1449.9	false
sample_A	3674	1829.1	false
sample_A	3675	1742.7	false
sample_A	3676	1758.0	false
sample_A	3677	1536.0	false
sample_A	3678	1612.0	false
sample_A	3679	1562.8	false
sample_A	3680	1492.6	false
sample_A	3681	1592.1	false
sample_A	3682	1495.0	false
sample_A	3683	1838.5	false
sample_A	3684	1744.1	false
sample_A	3685	1562.7	false
sample_A	3686	1503.4	false
sample_A	3687	1836.6	false
sample_A	3688	1763.5	false
sample_A	3689	1501.5	false
sample_A	3690	1670.0	false
sample_A	3691	1725.3	false
sample_A	3692	1574.4	false
sample_A	3693	1775.8	false
sample_A	3694	1785.3	false
sample_A	3695	1800.3	false
sample_A	3696	1616.4	false
sample_A	3697	1510.4	false
sample_A	3698	1523.0	false
sample_A	3699	1679.5	false
sample_A	3700	1795.1	false
sample_A	3701	1446.2	false
sample_A	3702	1623.1	false
sample_A	3703	1696.0	false
sample_A	3704	1682.6	false
sample_A	3705	1668.5	false
sample_A	3706	1817.7	false
sample_A	3707	1441.7	false
sample_A	3708	1743.0	false
sample_A	3709	1929.8	false
sample_A	3710	1753.0	false
sample_A	3711	1574.8	false
sample_A	3712	1889.4	false
sample_A	3713	1888.0	false
sample_A	3714	1641.8	false
sample_A	3715	1820.4	false
sample_A	3716	1513.1	false
sample_A	3717	1881.3	false
sample_A	3718	1859.5	false
sample_A	3719	1860.0	false
sample_A	3720	1853.1	false
sample_A	3721	1564.4	false
sample_A	3722	1598.8	false
sample_A	3723	1802.1	false
sample_A	3724	1624.0	false
sample_A	3725	1470.7	false
sample_A	3726	1645.8	false
sample_A	3727	1461.4	false
sample_A	3728	1589.0	false
sample_A	3729	1447.2	false
sample_A	3730	1833.4	false
sample_A	3731	1736.3	false
sample_A	3732	1560.4	false
sample_A	3733	1628.6	false
sample_A	3734	1865.3	false
sample_A	3735	1809.1	false
sample_A	3736	1837.1	false
sample_A	3737	1773.1	false
sample_A	3738	1844.1	false
sample_A	3739	1905.3	false
sample_A	3740	1602.6	false
sample_A	3741	1488.9	false
sample_A	3742	1724.2	false
sample_A	3743	1807.5	false
sample_A	3744	1750.1	false
sample_A	3745	1736.9	false
sample_A	3746	1833.3	false
sample_A	3747	1803.3	false
sample_A	3748	1877.1	false
sample_A	3749	1626.7	false
sample_A	3750	1534.1	false
sample_A	3751	1424.6	false
sample_A	3752	1564.3	false
sample_A	3753	1458.4	false
sample_A	3754	1786.9	false
sample_A	3755	1641.8	false
sample_A	3756	1839.4	false
sample_A	3757	1536.1	false
sample_A	3758	1588.7	false
sample_A	3759	1753.2	false
sample_A	3760	1857.9	false
sample_A	3761	1679.8	false
sample_A	3762	1461.8	false
sample_A	3763	1811.9	false
sample_A	3764	1851.5	false
sample_A	3765	1871.8	false
sample_A	3766	1719.0	false
sample_A	3767	1440.2	false
sample_A	3768	1799.5	false
sample_A	3769	1487.4	false
sample_A	3770	1434.2	false
sample_A	3771	1468.8	false
sample_A	3772	1498.6	false
sample_A	3773	1427.2	false
sample_A	3774	1601.1	false
sample_A	3775	1533.0	false
sample_A	3776	1830.5	false
sample_A	3777	1717.4	false
sample_A	3778	1625.9	false
sample_A	3779	1688.1	false
sample_A	3780	1613.5	false
sample_A	3781	1443.1	false
sample_A	3782	1628.5	false
sample_A	3783	1562.9	false
sample_A	3784	1807.1	false
sample_A	3785	1471.2	false
sample_A	3786	1517.9	false
sample_A	3787	1427.8	false
sample_A	3788	1879.1	false
sample_A	3789	1839.6	false
sample_A	3790	1804.6	false
sample_A	3791	1688.4	false
sample_A	3792	1742.9	false
sample_A	3793	1760.4	false
sample_A	3794	1762.5	false
sample_A	3795	1823.5	false
sample_A	3796	1597.4	false
sample_A	3797	1389.2	false
sample_A	3798	1681.8	false
sample_A	3799	1577.2	false
sample_A	3800	1606.6	false
sample_A	3801	1611.4	false
sample_A	3802	1718.0	false
sample_A	3803	1551.2	false
sample_A	3804	1735.9	false
sample_A	3805	1807.8	false
sample_A	3806	1649.1	false
sample_A	3807	1650.6	false
sample_A	3808	1798.0	false
sample_A	3809	1476.5	false
sample_A	3810	1617.7	false
sample_A	3811	1703.0	false
sample_A	3812	1707.6	false
sample_A	3813	1524.4	false
sample_A	3814	1726.3	false
sample_A	3815	1821.4	false
sample_A	3816	1859.4	false
sample_A	3817	1549.8	false
sample_A	3818	1568.6	false
sample_A	3819	1859.8	false
sample_A	3820	1816.0	false
sample_A	3821	1446.7	false
sample_A	3822	1792.1	false
sample_A	3823	1433.7	false
sample_A	3824	1739.9	false
sample_A	3825	1524.1	false
sample_A	3826	1630.4	false
sample_A	3827	1373.3	false
sample_A	3828	1518.3	false
sample_A	3829	1577.8	false
sample_A	3830	1710.9	false
sample_A	3831	1749.3	false
sample_A	3832	1563.3	false
sample_A	3833	1390.6	false
sample_A	3834	1379.3	false
sample_A	3835	1482.4	false
sample_A	3836	1778.1	false
sample_A	3837	1633.7	false
sample_A	3838	1583.8	false
sample_A	3839	1399.3	false
sample_A	3840	1679.8	false
sample_A	3841	1840.7	false
sample_A	3842	1484.9	false
sample_A	3843	1786.0	false
sample_A	3844	1497.9	false
sample_A	3845	1529.9	false
sample_A	3846	1790.4	false
sample_A	3847	1682.0	false
sample_A	3848	1718.1	false
sample_A	3849	1597.5	false
sample_A	3850	1580.3	false
sample_A	3851	1662.7	false
sample_A	3852	1753.3	false
sample_A	3853	1395.5	false
sample_A	3854	1784.7	false
sample_A	3855	1668.2	false
sample_A	3856	1609.5	false
sample_A	3857	1823.9	false
sample_A	3858	1524.7	false
sample_A	3859	1489.8	false
sample_A	3860	1808.7	false
sample_A	3861	1450.0	false
sample_A	3862	1516.0	false
sample_A	3863	1509.6	false
sample_A	3864	1500.8	false
sample_A	3865	1800.0	false
sample_A	3866	1696.4	false
sample_A	3867	1437.2	false
sample_A	3868	1628.4	false
sample_A	3869	1611.5	false
sample_A	3870	1355.4	false
sample_A	3871	1801.9	false
sample_A	3872	1534.9	false
sample_A	3873	1467.7	false
sample_A	3874	1783.0	false
sample_A	3875	1821.3	false
sample_A	3876	1621.9	false
sample_A	3877	1441.6	false
sample_A	3878	1537.9	false
sample_A	3879	1357.0	false
sample_A	3880	1714.3	false
sample_A	3881	1374.6	false
sample_A	3882	1686.4	false
sample_A	3883	1624.5	false
sample_A	3884	1590.5	false
sample_A	3885	1800.5	false
sample_A	3886	1418.4	false
sample_A	3887	1450.3	false
sample_A	3888	1437.7	false
sample_A	3889	1452.5	false
sample_A	3890	1421.2	false
sample_A	3891	1808.9	false
sample_A	3892	1548.2	false
sample_A	3893	1718.0	false
sample_A	3894	1622.6	false
sample_A	3895	1630.5	false
sample_A	3896	1672.0	false
sample_A	3897	1784.6	false
sample_A	3898	1685.4	false
sample_A	3899	1684.9	false
sample_A	3900	1790.6	false
sample_A	3901	1410.2	false
sample_A	3902	1430.3	false
sample_A	3903	1755.8	false
sample_A	3904	1736.1	false
sample_A	3905	1746.3	false
sample_A	3906	1408.8	false
sample_A	3907	1558.3	false
sample_A	3908	1735.4	false
sample_A	3909	1732.3	false
sample_A	3910	1488.9	false
sample_A	3911	1442.7	false
sample_A	3912	1717.3	false
sample_A	3913	1544.8	false
sample_A	3914	1554.8	false
sample_A	3915	1721.8	false
sample_A	3916	1686.4	false
sample_A	3917	1521.8	false
sample_A	3918	1769.2	false
sample_A	3919	1434.8	false
sample_A	3920	1604.2	false
sample_A	3921	1640.2	false
sample_A	3922	1778.4	false
sample_A	3923	1668.1	false
sample_A	3924	1657.0	false
sample_A	3925	1741.1	false
sample_A	3926	1536.7	false
sample_A	3927	1577.4	false
sample_A	3928	1395.5	false
sample_A	3929	1766.6	false
sample_A	3930	1453.0	false
sample_A	3931	1372.7	false
sample_A	3932	1730.1	false
sample_A	3933	1714.1	false
sample_A	3934	1577.5	false
sample_A	3935	1515.0	false
sample_A	3936	1611.1	false
sample_A	3937	1635.7	false
sample_A	3938	1378.4	false
sample_A	3939	1670.0	false
sample_A	3940	1356.7	false
sample_A	3941	1370.7	false
sample_A	3942	1527.6	false
sample_A	3943	1448.4	false
sample_A	3944	1548.3	false
sample_A	3945	1426.3	false
sample_A	3946	1684.2	false
sample_A	3947	1414.9	false
sample_A	3948	1480.4	false
sample_A	3949	1398.1	false
sample_A	3950	1357.2	false
sample_A	3951	1640.6	false
sample_A	3952	1718.6	false
sample_A	3953	1621.9	false
sample_A	3954	1407.0	false
sample_A	3955	1716.2	false
sample_A	3956	1496.5	false
sample_A	3957	1387.4	false
sample_A	3958	1385.8	false
sample_A	3959	1486.5	false
sample_A	3960	1556.4	false
sample_A	3961	1332.7	false
sample_A	3962	1737.7	false
sample_A	3963	1502.6	false
sample_A	3964	1464.8	false
sample_A	3965	1451.7	false
sample_A	3966	1707.0	false
sample_A	3967	1386.6	false
sample_A	3968	1518.5	false
sample_A	3969	1738.9	false
sample_A	3970	1330.5	false
sample_A	3971	1442.6	false
sample_A	3972	1710.4	false
sample_A	3973	1364.9	false
sample_A	3974	1403.8	false
sample_A	3975	1349.2	false
sample_A	3976	1425.5	false
sample_A	3977	1688.0	false
sample_A	3978	1358.7	false
sample_A	3979	1324.8	false
sample_A	3980	1650.2	false
sample_A	3981	1709.8	false
sample_A	3982	1564.1	false
sample_A	3983	1518.2	false
sample_A	3984	1459.3	false
sample_A	3985	1581.4	false
sample_A	3986	1501.8	false
sample_A	3987	1748.8	false
sample_A	3988	1340.7	false
sample_A	3989	1505.9	false
sample_A	3990	1675.6	false
sample_A	3991	1417.7	false
sample_A	3992	1730.8	false
sample_A	3993	1307.4	false
sample_A	3994	1388.5	false
sample_A	3995	1382.9	false
sample_A	3996	1575.0	false
sample_A	3997	1631.7	false
sample_A	3998	1689.9	false
sample_A	3999	1417.4	false
sample_A	4000	1514.0	false
sample_B	1	8994.3	true
sample_B	2	8705.0	true
sample_B	3	9403.3	true
sample_B	4	10107.4	true
sample_B	5	8759.7	true
sample_B	6	9759.5	true
sample_B	7	8534.8	true
sample_B	8	9128.8	true
sample_B	9	8229.4	true
sample_B	10	8620.3	true
sample_B	11	8697.3	true
sample_B	12	8003.4	true
sample_B	13	9927.6	true
sample_B	14	7835.4	true
sample_B	15	9425.1	true
sample_B	16	7715.6	true
sample_B	17	9468.5	true
sample_B	18	9265.2	true
sample_B	19	8298.1	true
sample_B	20	9593.8	true
sample_B	21	10083.5	true
sample_B	22	7627.8	true
sample_B	23	7816.2	true
sample_B	24	9254.4	true
sample_B	25	9355.3	true
sample_B	26	9816.5	true
sample_B	27	8151.6	true
sample_B	28	8189.8	true
sample_B	29	7727.5	true
sample_B	30	9348.0	true
sample_B	31	7736.3	true
sample_B	32	9509.1	true
sample_B	33	8521.2	true
sample_B	34	7870.1	true
sample_B	35	8204.0	true
sample_B	36	8678.8	true
sample_B	37	7597.4	true
sample_B	38	9411.0	true
sample_B	39	8795.9	true
sample_B	40	9336.2	true
sample_B	41	8126.2	true
sample_B	42	10025.2	true
sample_B	43	9591.2	true
sample_B	44	8634.2	true
sample_B	45	7853.8	true
sample_B	46	9891.0	true
sample_B	47	9126.2	true
sample_B	48	8177.4	true
sample_B	49	7490.9	true
sample_B	50	8541.3	true
sample_B	51	7582.1	true
sample_B	52	7980.6	true
sample_B	53	9293.0	true
sample_B	54	8171.4	true
sample_B	55	9529.3	true
sample_B	56	7534.8	true
sample_B	57	9984.4	true
sample_B	58	7769.8	true
sample_B	59	8309.3	true
sample_B	60	8239.8	true
sample_B	61	8649.7	true
sample_B	62	8796.7	true
sample_B	63	8118.3	true
sample_B	64	9877.3	true
sample_B	65	7626.1	true
sample_B	66	8470.2	true
sample_B	67	8371.1	true
sample_B	68	8162.1	true
sample_B	69	9823.6	true
sample_B	70	7348.3	true
sample_B	71	8875.3	true
sample_B	72	7942.1	true
sample_B	73	9219.9	true
sample_B	74	9605.9	true
sample_B	75	8260.0	true
sample_B	76	8185.1	true
sample_B	77	8608.9	true
sample_B	78	9574.8	true
sample_B	79	7985.1	true
sample_B	80	9719.1	true
sample_B	81	7367.9	true
sample_B	82	7526.0	true
sample_B	83	8523.4	true
sample_B	84	7836.9	true
sample_B	85	7803.6	true
sample_B	86	8281.7	true
sample_B	87	7961.7	true
sample_B	88	8858.7	true
sample_B	89	7459.7	true
sample_B	90	9780.1	true
sample_B	91	8430.6	true
sample_B	92	7717.2	true
sample_B	93	9672.4	true
sample_B	94	9160.1	true
sample_B	95	9334.3	true
sample_B	96	8450.8	true
sample_B	97	7777.1	true
sample_B	98	7931.0	true
sample_B	99	7683.6	true
sample_B	100	9298.8	true
sample_B	101	7718.0	true
sample_B	102	9293.9	true
sample_B	103	8975.9	true
sample_B	104	9217.9	true
sample_B	105	8455.5	true
sample_B	106	8205.6	true
sample_B	107	7507.5	true
sample_B	108	8345.8	true
sample_B	109	7705.3	true
sample_B	110	7329.0	true
sample_B	111	8018.3	true
sample_B	112	8117.2	true
sample_B	113	8757.4	true
sample_B	114	7442.2	true
sample_B	115	7326.8	true
sample_B	116	7633.4	true
sample_B	117	7139.6	true
sample_B	118	8000.2	true
sample_B	119	9012.2	true
sample_B	120	9160.3	true
sample_B	121	8967.1	true
sample_B	122	8526.0	true
sample_B	123	7134.2	true
sample_B	124	8685.0	true
sample_B	125	8220.5	true
sample_B	126	9406.7	true
sample_B	127	9007.0	true
sample_B	128	9305.5	true
sample_B	129	7515.3	true
sample_B	130	7182.0	true
sample_B	131	9525.4	true
sample_B	132	8836.3	true
sample_B	133	9115.6	true
sample_B	134	9067.3	true
sample_B	135	8238.4	true
sample_B	136	8648.3	true
sample_B	137	8051.4	true
sample_B	138	7055.2	true
sample_B	139	8363.4	true
sample_B	140	8086.8	true
sample_B	141	8570.6	true
sample_B	142	7885.9	true
sample_B	143	8344.3	true
sample_B	144	8870.9	true
sample_B	145	8910.2	true
sample_B	146	9045.7	true
sample_B	147	9087.4	true
sample_B	148	8893.2	true
sample_B	149	7277.8	true
sample_B	150	8376.3	true
sample_B	151	8902.9	true
sample_B	152	9083.7	true
sample_B	153	9336.2	true
sample_B	154	8660.5	true
sample_B	155	8666.4	true
sample_B	156	9007.0	true
sample_B	157	7885.0	true
sample_B	158	7989.3	true
sample_B	159	9293.2	true
sample_B	160	7374.4	true
sample_B	161	7064.8	true
sample_B	162	8223.8	true
sample_B	163	7015.5	true
sample_B	164	9270.0	true
sample_B	165	7876.7	true
sample_B	166	7359.1	true
sample_B	167	7307.1	true
sample_B	168	7345.4	true
sample_B	169	7331.4	true
sample_B	170	9115.7	true
sample_B	171	9213.1	true
sample_B	172	8376.6	true
sample_B	173	8388.2	true
sample_B	174	7000.9	true
sample_B	175	8878.7	true
sample_B	176	7436.5	true
sample_B	177	8739.2	true
sample_B	178	8126.5	true
sample_B	179	9226.5	true
sample_B	180	7468.7	true
sample_B	181	8196.2	true
sample_B	182	8840.3	true
sample_B	183	8964.4	true
sample_B	184	7717.8	true
sample_B	185	7389.0	true
sample_B	186	7427.6	true
sample_B	187	8915.3	true
sample_B	188	8067.1	true
sample_B	189	9145.2	true
sample_B	190	8574.2	true
sample_B	191	6908.7	true
sample_B	192	7700.7	true
sample_B	193	7873.4	true
sample_B	194	8860.1	true
sample_B	195	8334.1	true
sample_B	196	7724.5	true
sample_B	197	8555.8	true
sample_B	198	8766.8	true
sample_B	199	6898.7	true
sample_B	200	8742.9	true
sample_B	201	8911.2	true
sample_B	202	9048.3	true
sample_B	203	7424.4	true
sample_B	204	7026.3	true
sample_B	205	8902.5	true
sample_B	206	8901.0	true
sample_B	207	6768.0	true
sample_B	208	6802.3	true
sample_B	209	6817.7	true
sample_B	210	8157.8	true
sample_B	211	8586.7	true
sample_B	212	8377.1	true
sample_B	213	7842.6	true
sample_B	214	8385.1	true
sample_B	215	8040.3	true
sample_B	216	8709.2	true
sample_B	217	7427.2	true
sample_B	218	6896.3	true
sample_B	219	7956.9	true
sample_B	220	7790.8	true
sample_B	221	7793.2	true
sample_B	222	7732.2	true
sample_B	223	7278.7	true
sample_B	224	6791.0	true
sample_B	225	7643.4	true
sample_B	226	7980.7	true
sample_B	227	7397.0	true
sample_B	228	7546.4	true
sample_B	229	7342.3	true
sample_B	230	7885.4	true
sample_B	231	8073.7	true
sample_B	232	7816.3	true
sample_B	233	7563.2	true
sample_B	234	7500.1	true
sample_B	235	7512.4	true
sample_B	236	6623.6	true
sample_B	237	8861.7	true
sample_B	238	6867.0	true
sample_B	239	7751.6	true
sample_B	240	7858.8	true
sample_B	241	7555.8	true
sample_B	242	6848.7	true
sample_B	243	7613.2	true
sample_B	244	8530.1	true
sample_B	245	6707.3	true
sample_B	246	6806.0	true
sample_B	247	6722.1	true
sample_B	248	8547.0	true
sample_B	249	8764.5	true
sample_B	250	7761.8	true
sample_B	251	7503.5	true
sample_B	252	8415.3	true
sample_B	253	8036.2	true
sample_B	254	8429.7	true
sample_B	255	7549.1	true
sample_B	256	6590.2	true
sample_B	257	8379.9	true
sample_B	258	7314.9	true
sample_B	259	8398.8	true
sample_B	260	8485.9	true
sample_B	261	8198.1	true
sample_B	262	7334.1	true
sample_B	263	7010.6	true
sample_B	264	7890.7	true
sample_B	265	7158.7	true
sample_B	266	7028.8	true
sample_B	267	7757.6	true
sample_B	268	8237.8	true
sample_B	269	7149.4	true
sample_B	270	6471.4	true
sample_B	271	7051.7	true
sample_B	272	7038.9	true
sample_B	273	8566.8	true
sample_B	274	8425.4	true
sample_B	275	7097.7	true
sample_B	276	7098.3	true
sample_B	277	7364.6	true
sample_B	278	7470.0	true
sample_B	279	6896.4	true
sample_B	280	7711.3	true
sample_B	281	7617.6	true
sample_B	282	7075.4	true
sample_B	283	7558.3	true
sample_B	284	6505.2	true
sample_B	285	8460.5	true
sample_B	286	7921.3	true
sample_B	287	6590.2	true
sample_B	288	7675.2	true
sample_B	289	6905.9	true
sample_B	290	7342.6	true
sample_B	291	6977.9	true
sample_B	292	7183.1	true
sample_B	293	8069.4	true
sample_B	294	7413.9	true
sample_B	295	7210.9	true
sample_B	296	6748.9	true
sample_B	297	7124.7	true
sample_B	298	7489.9	true
sample_B	299	6580.9	true
sample_B	300	7673.2	true
sample_B	301	7262.5	true
sample_B	302	8092.1	true
sample_B	303	8016.8	true
sample_B	304	6731.7	true
sample_B	305	7667.0	true
sample_B	306	6525.9	true
sample_B	307	6667.0	true
sample_B	308	7275.2	true
sample_B	309	6588.6	true
sample_B	310	6967.5	true
sample_B	311	6619.3	true
sample_B	312	6705.7	true
sample_B	313	8349.5	true
sample_B	314	7642.6	true
sample_B	315	6662.1	true
sample_B	316	6795.1	true
sample_B	317	7095.9	true
sample_B	318	7631.6	true
sample_B	319	7021.5	true
sample_B	320	6918.5	true
sample_B	321	7255.6	true
sample_B	322	6640.3	true
sample_B	323	7226.0	true
sample_B	324	6465.7	true
sample_B	325	7427.6	true
sample_B	326	6896.0	true
sample_B	327	7513.0	true
sample_B	328	7543.1	true
sample_B	329	7253.2	true
sample_B	330	6181.1	true
sample_B	331	6799.4	true
sample_B	332	7824.0	true
sample_B	333	7915.2	true
sample_B	334	6292.6	true
sample_B	335	7184.2	true
sample_B	336	7109.4	true
sample_B	337	6173.0	true
sample_B	338	7017.3	true
sample_B	339	6631.5	true
sample_B	340	6426.3	true
sample_B	341	7563.1	true
sample_B	342	6958.3	true
sample_B	343	7373.0	true
sample_B	344	7927.5	true
sample_B	345	8072.7	true
sample_B	346	7573.4	true
sample_B	347	7803.7	true
sample_B	348	7559.2	true
sample_B	349	7953.2	true
sample_B	350	6664.6	true
sample_B	351	7059.2	true
sample_B	352	6779.9	true
sample_B	353	6963.8	true
sample_B	354	6478.3	true
sample_B	355	7684.8	true
sample_B	356	7463.9	true
sample_B	357	7984.4	true
sample_B	358	6336.0	true
sample_B	359	7095.4	true
sample_B	360	7391.0	true
sample_B	361	6626.7	true
sample_B	362	6786.4	true
sample_B	363	7530.7	true
sample_B	364	6876.6	true
sample_B	365	7455.0	true
sample_B	366	6521.5	true
sample_B	367	7598.8	true
sample_B	368	6681.9	true
sample_B	369	7759.8	true
sample_B	370	7300.6	true
sample_B	371	7632.2	true
sample_B	372	7066.8	true
sample_B	373	6337.3	true
sample_B	374	7983.9	true
sample_B	375	7232.5	true
sample_B	376	7980.7	true
sample_B	377	6329.0	true
sample_B	378	5985.3	true
sample_B	379	7205.7	true
sample_B	380	7620.0	true
sample_B	381	6986.8	true
sample_B	382	5980.9	true
sample_B	383	7424.4	true
sample_B	384	7217.7	true
sample_B	385	7407.9	true
sample_B	386	7509.8	true
sample_B	387	5956.3	true
sample_B	388	6854.4	true
sample_B	389	6930.7	true
sample_B	390	7415.5	true
sample_B	391	7356.2	true
sample_B	392	6060.7	true
sample_B	393	7640.8	true
sample_B	394	7449.7	true
sample_B	395	6270.6	true
sample_B	396	6100.3	true
sample_B	397	7185.2	true
sample_B	398	5875.6	true
sample_B	399	6619.4	true
sample_B	400	6423.1	true
sample_B	401	6474.7	true
sample_B	402	6441.0	true
sample_B	403	6400.6	true
sample_B	404	6268.7	true
sample_B	405	7069.6	true
sample_B	406	6707.3	true
sample_B	407	6261.8	true
sample_B	408	6205.8	true
sample_B	409	7509.9	true
sample_B	410	7544.9	true
sample_B	411	6604.7	true
sample_B	412	5931.4	true
sample_B	413	7112.5	true
sample_B	414	7220.2	true
sample_B	415	7662.4	true
sample_B	416	6528.6	true
sample_B	417	6296.4	true
sample_B	418	6902.3	true
sample_B	419	5842.2	true
sample_B	420	6139.0	true
sample_B	421	6512.0	true
sample_B	422	6722.8	true
sample_B	423	5893.5	true
sample_B	424	7063.9	true
sample_B	425	5993.9	true
sample_B	426	6189.6	true
sample_B	427	6297.6	true
sample_B	428	5874.1	true
sample_B	429	5900.6	true
sample_B	430	6658.2	true
sample_B	431	6171.8	true
sample_B	432	6606.3	true
sample_B	433	7511.8	true
sample_B	434	6181.4	true
sample_B	435	6058.6	true
sample_B	436	7013.7	true
sample_B	437	6043.1	true
sample_B	438	6355.3	true
sample_B	439	6396.9	true
sample_B	440	6336.5	true
sample_B	441	6106.1	true
sample_B	442	5928.3	true
sample_B	443	7140.6	true
sample_B	444	6656.2	true
sample_B	445	7441.2	true
sample_B	446	6240.5	true
sample_B	447	6005.8	true
sample_B	448	6794.0	true
sample_B	449	6378.2	true
sample_B	450	7149.9	true
sample_B	451	6090.8	true
sample_B	452	7002.8	true
sample_B	453	6230.5	true
sample_B	454	5573.7	true
sample_B	455	7468.5	true
sample_B	456	6733.1	true
sample_B	457	6978.3	true
sample_B	458	5615.6	true
sample_B	459	6202.2	true
sample_B	460	7170.0	true
sample_B	461	6085.1	true
sample_B	462	7214.6	true
sample_B	463	5921.6	true
sample_B	464	7284.5	true
sample_B	465	6417.8	true
sample_B	466	7289.0	true
sample_B	467	6965.1	true
sample_B	468	5875.7	true
sample_B	469	5724.6	true
sample_B	470	6754.6	true
sample_B	471	6315.6	true
sample_B	472	7274.3	true
sample_B	473	7113.5	true
sample_B	474	6734.7	true
sample_B	475	7351.3	true
sample_B	476	6345.8	true
sample_B	477	6709.8	true
sample_B	478	7191.7	true
sample_B	479	6289.5	true
sample_B	480	5925.0	true
sample_B	481	7321.2	true
sample_B	482	6353.6	true
sample_B	483	7244.0	true
sample_B	484	7266.3	true
sample_B	485	6511.6	true
sample_B	486	6611.4	true
sample_B	487	5936.0	true
sample_B	488	5695.9	true
sample_B	489	5606.0	true
sample_B	490	5462.1	true
sample_B	491	7002.7	true
sample_B	492	6279.6	true
sample_B	493	5501.2	true
sample_B	494	6497.4	true
sample_B	495	7023.7	true
sample_B	496	6065.6	true
sample_B	497	6015.7	true
sample_B	498	6983.1	true
sample_B	499	6190.4	true
sample_B	500	6113.3	true
sample_B	501	7707.2	false
sample_B	502	7665.6	false
sample_B	503	8821.6	false
sample_B	504	7956.2	false
sample_B	505	9956.7	false
sample_B	506	9082.2	false
sample_B	507	9132.0	false
sample_B	508	9994.8	false
sample_B	509	8666.0	false
sample_B	510	7670.5	false
sample_B	511	8242.1	false
sample_B	512	8821.0	false
sample_B	513	7664.0	false
sample_B	514	9803.2	false
sample_B	515	7892.6	false
sample_B	516	8133.1	false
sample_B	517	8500.4	false
sample_B	518	9612.8	false
sample_B	519	9189.4	false
sample_B	520	9582.3	false
sample_B	521	7310.4	false
sample_B	522	7789.5	false
sample_B	523	7733.9	false
sample_B	524	7309.6	false
sample_B	525	9083.4	false
sample_B	526	8481.3	false
sample_B	527	7318.8	false
sample_B	528	7923.4	false
sample_B	529	9443.8	false
sample_B	530	7500.6	false
sample_B	531	8308.1	false
sample_B	532	8494.5	false
sample_B	533	7232.3	false
sample_B	534	7831.8	false
sample_B	535	7758.9	false
sample_B	536	8786.0	false
sample_B	537	9285.8	false
sample_B	538	9266.0	false
sample_B	539	7640.1	false
sample_B	540	7541.0	false
sample_B	541	8947.7	false
sample_B	542	7558.2	false
sample_B	543	9146.3	false
sample_B	544	7600.2	false
sample_B	545	8887.2	false
sample_B	546	7982.1	false
sample_B	547	7051.2	false
sample_B	548	8163.8	false
sample_B	549	7734.2	false
sample_B	550	6775.6	false
sample_B	551	9111.9	false
sample_B	552	7236.0	false
sample_B	553	8398.3	false
sample_B	554	6904.6	false
sample_B	555	7326.3	false
sample_B	556	9009.0	false
sample_B	557	6701.9	false
sample_B	558	8036.7	false
sample_B	559	6809.2	false
sample_B	560	7690.0	false
sample_B	561	8575.0	false
sample_B	562	7660.6	false
sample_B	563	7097.6	false
sample_B	564	8533.4	false
sample_B	565	7445.8	false
sample_B	566	8551.0	false
sample_B	567	8648.3	false
sample_B	568	6837.5	false
sample_B	569	8685.3	false
sample_B	570	8376.2	false
sample_B	571	8425.6	false
sample_B	572	8086.9	false
sample_B	573	6954.2	false
sample_B	574	8493.0	false
sample_B	575	6894.7	false
sample_B	576	8161.1	false
sample_B	577	7505.0	false
sample_B	578	6792.4	false
sample_B	579	6378.8	false
sample_B	580	8336.8	false
sample_B	581	6704.4	false
sample_B	582	7264.2	false
sample_B	583	7251.6	false
sample_B	584	6731.1	false
sample_B	585	6588.1	false
sample_B	586	7511.3	false
sample_B	587	6706.7	false
sample_B	588	6674.6	false
sample_B	589	6667.6	false
sample_B	590	7248.4	false
sample_B	591	8099.5	false
sample_B	592	6843.9	false
sample_B	593	7814.3	false
sample_B	594	7457.7	false
sample_B	595	7016.4	false
sample_B	596	6996.2	false
sample_B	597	6526.9	false
sample_B	598	7545.0	false
sample_B	599	6916.5	false
sample_B	600	7807.9	false
sample_B	601	8144.5	false
sample_B	602	6967.5	false
sample_B	603	7003.7	false
sample_B	604	7683.8	false
sample_B	605	6635.6	false
sample_B	606	8005.9	false
sample_B	607	7051.3	false
sample_B	608	6521.1	false
sample_B	609	7166.8	false
sample_B	610	8006.2	false
sample_B	611	7445.6	false
sample_B	612	6198.0	false
sample_B	613	6453.4	false
sample_B	614	7450.5	false
sample_B	615	6028.3	false
sample_B	616	7840.9	false
sample_B	617	7564.8	false
sample_B	618	6132.3	false
sample_B	619	6251.6	false
sample_B	620	6389.9	false
sample_B	621	7398.9	false
sample_B	622	7609.6	false
sample_B	623	5969.7	false
sample_B	624	5981.9	false
sample_B	625	7100.1	false
sample_B	626	5934.0	false
sample_B	627	5992.1	false
sample_B	628	5823.4	false
sample_B	629	7422.5	false
sample_B	630	7550.7	false
sample_B	631	6447.2	false
sample_B	632	7382.6	false
sample_B	633	6337.7	false
sample_B	634	6678.5	false
sample_B	635	6479.2	false
sample_B	636	7207.2	false
sample_B	637	6381.2	false
sample_B	638	6643.5	false
sample_B	639	5636.8	false
sample_B	640	6669.2	false
sample_B	641	6397.0	false
sample_B	642	7222.4	false
sample_B	643	6401.8	false
sample_B	644	7076.7	false
sample_B	645	6377.9	false
sample_B	646	6210.0	false
sample_B	647	5962.4	false
sample_B	648	5936.1	false
sample_B	649	7054.1	false
sample_B	650	6965.9	false
sample_B	651	7193.6	false
sample_B	652	6254.9	false
sample_B	653	6444.8	false
sample_B	654	6145.2	false
sample_B	655	5751.5	false
sample_B	656	6169.9	false
sample_B	657	6607.6	false
sample_B	658	7095.3	false
sample_B	659	6684.7	false
sample_B	660	7245.6	false
sample_B	661	5968.3	false
sample_B	662	7187.9	false
sample_B	663	5677.5	false
sample_B	664	5443.5	false
sample_B	665	6205.8	false
sample_B	666	5336.2	false
sample_B	667	5356.3	false
sample_B	668	6348.3	false
sample_B	669	6472.5	false
sample_B	670	6673.0	false
sample_B	671	6845.3	false
sample_B	672	6094.1	false
sample_B	673	5971.6	false
sample_B	674	5688.6	false
sample_B	675	5895.8	false
sample_B	676	6383.4	false
sample_B	677	6277.8	false
sample_B	678	6404.0	false
sample_B	679	5188.0	false
sample_B	680	6909.3	false
sample_B	681	6392.7	false
sample_B	682	5978.9	false
sample_B	683	6868.0	false
sample_B	684	6825.5	false
sample_B	685	6781.7	false
sample_B	686	6824.4	false
sample_B	687	6527.6	false
sample_B	688	6745.5	false
sample_B	689	6746.5	false
sample_B	690	5409.5	false
sample_B	691	6028.3	false
sample_B	692	6830.7	false
sample_B	693	5460.2	false
sample_B	694	5828.2	false
sample_B	695	5224.1	false
sample_B	696	5978.9	false
sample_B	697	6598.9	false
sample_B	698	6679.2	false
sample_B	699	5829.8	false
sample_B	700	5419.9	false
sample_B	701	6649.9	false
sample_B	702	5230.8	false
sample_B	703	6506.1	false
sample_B	704	6308.2	false
sample_B	705	5127.2	false
sample_B	706	5247.6	false
sample_B	707	5627.7	false
sample_B	708	5515.0	false
sample_B	709	6592.8	false
sample_B	710	6320.2	false
sample_B	711	5179.4	false
sample_B	712	6383.7	false
sample_B	713	5173.0	false
sample_B	714	4914.5	false
sample_B	715	6061.2	false
sample_B	716	5936.1	false
sample_B	717	4851.2	false
sample_B	718	5220.9	false
sample_B	719	4827.6	false
sample_B	720	5218.6	false
sample_B	721	6475.3	false
sample_B	722	6245.3	false
sample_B	723	5830.3	false
sample_B	724	5008.1	false
sample_B	725	5558.9	false
sample_B	726	5280.2	false
sample_B	727	5582.4	false
sample_B	728	6111.6	false
sample_B	729	5256.5	false
sample_B	730	5690.8	false
sample_B	731	4710.9	false
sample_B	732	5924.4	false
sample_B	733	5697.1	false
sample_B	734	5659.1	false
sample_B	735	5455.5	false
sample_B	736	5396.2	false
sample_B	737	5813.9	false
sample_B	738	5133.2	false
sample_B	739	4674.4	false
sample_B	740	4809.0	false
sample_B	741	5610.1	false
sample_B	742	4662.7	false
sample_B	743	5036.4	false
sample_B	744	5418.3	false
sample_B	745	5307.2	false
sample_B	746	4939.5	false
sample_B	747	5936.7	false
sample_B	748	5252.2	false
sample_B	749	4682.4	false
sample_B	750	5268.2	false
sample_B	751	5230.4	false
sample_B	752	4739.4	false
sample_B	753	4915.2	false
sample_B	754	6122.6	false
sample_B	755	5036.1	false
sample_B	756	5024.3	false
sample_B	757	5726.2	false
sample_B	758	4830.9	false
sample_B	759	5512.7	false
sample_B	760	4687.4	false
sample_B	761	4608.3	false
sample_B	762	4871.0	false
sample_B	763	5639.0	false
sample_B	764	5177.2	false
sample_B	765	5132.5	false
sample_B	766	5251.9	false
sample_B	767	5329.5	false
sample_B	768	5205.1	false
sample_B	769	5255.3	false
sample_B	770	4521.2	false
sample_B	771	4874.0	false
sample_B	772	5168.7	false
sample_B	773	4672.5	false
sample_B	774	5642.0	false
sample_B	775	4998.8	false
sample_B	776	5114.9	false
sample_B	777	5116.7	false
sample_B	778	4771.1	false
sample_B	779	4428.6	false
sample_B	780	5725.9	false
sample_B	781	4472.2	false
sample_B	782	5126.0	false
sample_B	783	4853.7	false
sample_B	784	4894.9	false
sample_B	785	5675.2	false
sample_B	786	5246.3	false
sample_B	787	4834.7	false
sample_B	788	4701.2	false
sample_B	789	4840.1	false
sample_B	790	5146.3	false
sample_B	791	5327.4	false
sample_B	792	4453.5	false
sample_B	793	5071.7	false
sample_B	794	4340.6	false
sample_B	795	5715.1	false
sample_B	796	5497.3	false
sample_B	797	4751.2	false
sample_B	798	5589.6	false
sample_B	799	4361.3	false
sample_B	800	5509.4	false
sample_B	801	4921.0	false
sample_B	802	4724.9	false
sample_B	803	4797.6	false
sample_B	804	5415.7	false
sample_B	805	5591.4	false
sample_B	806	4552.4	false
sample_B	807	5589.5	false
sample_B	808	5601.9	false
sample_B	809	4942.5	false
sample_B	810	4283.9	false
sample_B	811	4629.2	false
sample_B	812	4898.0	false
sample_B	813	4661.8	false
sample_B	814	5069.8	false
sample_B	815	5140.0	false
sample_B	816	5294.6	false
sample_B	817	4089.9	false
sample_B	818	4704.6	false
sample_B	819	4710.8	false
sample_B	820	4100.9	false
sample_B	821	4876.1	false
sample_B	822	4830.6	false
sample_B	823	4252.6	false
sample_B	824	4781.4	false
sample_B	825	4223.6	false
sample_B	826	5366.7	false
sample_B	827	4383.1	false
sample_B	828	4893.2	false
sample_B	829	4350.6	false
sample_B	830	5189.8	false
sample_B	831	4699.7	false
sample_B	832	4865.7	false
sample_B	833	4387.0	false
sample_B	834	4112.4	false
sample_B	835	5053.2	false
sample_B	836	4440.3	false
sample_B	837	4059.9	false
sample_B	838	4683.9	false
sample_B	839	3976.5	false
sample_B	840	5327.5	false
sample_B	841	4172.1	false
sample_B	842	4415.3	false
sample_B	843	4090.5	false
sample_B	844	4183.5	false
sample_B	845	5179.8	false
sample_B	846	4126.2	false
sample_B	847	4920.1	false
sample_B	848	4217.1	false
sample_B	849	4164.3	false
sample_B	850	4498.7	false
sample_B	851	4399.5	false
sample_B	852	4341.8	false
sample_B	853	4327.0	false
sample_B	854	4654.3	false
sample_B	855	4023.8	false
sample_B	856	3997.1	false
sample_B	857	3934.4	false
sample_B	858	4479.9	false
sample_B	859	4789.8	false
sample_B	860	4600.2	false
sample_B	861	4654.4	false
sample_B	862	4900.2	false
sample_B	863	3951.0	false
sample_B	864	4788.8	false
sample_B	865	3971.2	false
sample_B	866	4697.5	false
sample_B	867	4579.2	false
sample_B	868	4892.9	false
sample_B	869	4752.1	false
sample_B	870	4676.6	false
sample_B	871	3966.5	false
sample_B	872	4045.8	false
sample_B	873	4622.5	false
sample_B	874	4937.7	false
sample_B	875	4453.6	false
sample_B	876	4842.4	false
sample_B	877	4036.1	false
sample_B	878	4333.5	false
sample_B	879	4292.5	false
sample_B	880	4294.3	false
sample_B	881	3893.1	false
sample_B	882	4279.9	false
sample_B	883	4961.8	false
sample_B	884	4408.2	false
sample_B	885	4575.3	false
sample_B	886	4199.2	false
sample_B	887	3713.4	false
sample_B	888	4949.2	false
sample_B	889	3838.6	false
sample_B	890	4047.5	false
sample_B	891	4183.4	false
sample_B	892	4334.0	false
sample_B	893	4495.0	false
sample_B	894	4830.2	false
sample_B	895	4472.4	false
sample_B	896	3706.4	false
sample_B	897	3798.9	false
sample_B	898	4826.8	false
sample_B	899	4648.1	false
sample_B	900	4892.7	false
sample_B	901	4219.0	false
sample_B	902	3899.7	false
sample_B	903	4091.2	false
sample_B	904	4541.3	false
sample_B	905	4618.4	false
sample_B	906	4418.4	false
sample_B	907	3695.5	false
sample_B	908	4201.3	false
sample_B	909	3636.5	false
sample_B	910	4459.2	false
sample_B	911	4307.7	false
sample_B	912	3823.7	false
sample_B	913	3648.2	false
sample_B	914	3749.6	false
sample_B	915	3945.0	false
sample_B	916	3582.3	false
sample_B	917	4764.6	false
sample_B	918	3660.3	false
sample_B	919	4223.3	false
sample_B	920	4700.1	false
sample_B	921	3703.9	false
sample_B	922	4382.0	false
sample_B	923	3734.5	false
sample_B	924	3802.5	false
sample_B	925	4515.3	false
sample_B	926	3910.7	false
sample_B	927	3973.8	false
sample_B	928	4299.7	false
sample_B	929	3554.7	false
sample_B	930	4408.9	false
sample_B	931	3482.9	false
sample_B	932	3779.7	false
sample_B	933	4539.3	false
sample_B	934	4318.6	false
sample_B	935	4524.3	false
sample_B	936	3530.9	false
sample_B	937	4315.8	false
sample_B	938	3858.9	false
sample_B	939	4152.3	false
sample_B	940	4315.5	false
sample_B	941	4357.8	false
sample_B	942	3765.3	false
sample_B	943	3442.4	false
sample_B	944	4340.8	false
sample_B	945	4371.1	false
sample_B	946	4322.3	false
sample_B	947	4481.8	false
sample_B	948	4495.5	false
sample_B	949	4181.7	false
sample_B	950	3827.1	false
sample_B	951	4059.4	false
sample_B	952	4102.4	false
sample_B	953	3388.0	false
sample_B	954	3908.8	false
sample_B	955	4436.4	false
sample_B	956	4243.0	false
sample_B	957	3534.2	false
sample_B	958	4062.8	false
sample_B	959	3863.0	false
sample_B	960	3470.2	false
sample_B	961	4297.0	false
sample_B	962	4466.7	false
sample_B	963	4439.7	false
sample_B	964	3477.2	false
sample_B	965	4453.2	false
sample_B	966	3437.9	false
sample_B	967	3614.4	false
sample_B	968	3507.8	false
sample_B	969	3815.0	false
sample_B	970	4447.2	false
sample_B	971	4063.0	false
sample_B	972	3480.3	false
sample_B	973	3929.8	false
sample_B	974	3867.1	false
sample_B	975	4127.6	false
sample_B	976	3401.4	false
sample_B	977	3314.9	false
sample_B	978	3422.0	false
sample_B	979	3877.2	false
sample_B	980	4051.1	false
sample_B	981	3559.8	false
sample_B	982	3410.4	false
sample_B	983	3673.7	false
sample_B	984	4229.2	false
sample_B	985	3878.4	false
sample_B	986	4171.8	false
sample_B	987	3823.9	false
sample_B	988	3656.8	false
sample_B	989	3470.2	false
sample_B	990	3590.1	false
sample_B	991	4211.6	false
sample_B	992	3233.9	false
sample_B	993	3464.0	false
sample_B	994	4110.9	false
sample_B	995	3526.1	false
sample_B	996	4280.5	false
sample_B	997	4086.4	false
sample_B	998	3899.7	false
sample_B	999	3846.0	false
sample_B	1000	4050.8	false
sample_B	1001	3533.4	false
sample_B	1002	3792.1	false
sample_B	1003	4164.4	false
sample_B	1004	3388.3	false
sample_B	1005	3569.4	false
sample_B	1006	3178.7	false
sample_B	1007	4034.2	false
sample_B	1008	4189.2	false
sample_B	1009	4200.1	false
sample_B	1010	3949.8	false
sample_B	1011	3209.2	false
sample_B	1012	3601.2	false
sample_B	1013	3838.4	false
sample_B	1014	3131.6	false
sample_B	1015	4081.0	false
sample_B	1016	4122.8	false
sample_B	1017	3588.5	false
sample_B	1018	4114.0	false
sample_B	1019	3516.7	false
sample_B	1020	3299.9	false
sample_B	1021	3585.0	false
sample_B	1022	3725.7	false
sample_B	1023	3488.3	false
sample_B	1024	4066.7	false
sample_B	1025	3261.8	false
sample_B	1026	3350.8	false
sample_B	1027	3676.1	false
sample_B	1028	3238.4	false
sample_B	1029	3125.9	false
sample_B	1030	3196.3	false
sample_B	1031	3231.6	false
sample_B	1032	4036.8	false
sample_B	1033	3646.2	false
sample_B	1034	3357.2	false
sample_B	1035	4092.8	false
sample_B	1036	3997.1	false
sample_B	1037	3637.4	false
sample_B	1038	3501.6	false
sample_B	1039	4034.1	false
sample_B	1040	3235.6	false
sample_B	1041	3612.8	false
sample_B	1042	3897.7	false
sample_B	1043	3447.7	false
sample_B	1044	3847.4	false
sample_B	1045	3476.4	false
sample_B	1046	3087.0	false
sample_B	1047	3850.4	false
sample_B	1048	3260.1	false
sample_B	1049	3309.4	false
sample_B	1050	4007.3	false
sample_B	1051	3178.7	false
sample_B	1052	3852.5	false
sample_B	1053	3636.4	false
sample_B	1054	3721.3	false
sample_B	1055	3878.8	false
sample_B	1056	3357.3	false
sample_B	1057	3393.4	false
sample_B	1058	2978.3	false
sample_B	1059	3825.1	false
sample_B	1060	3821.4	false
sample_B	1061	3866.8	false
sample_B	1062	3230.8	false
sample_B	1063	2950.3	false
sample_B	1064	3421.6	false
sample_B	1065	3694.2	false
sample_B	1066	3619.1	false
sample_B	1067	3139.7	false
sample_B	1068	3370.2	false
sample_B	1069	2951.3	false
sample_B	1070	3148.0	false
sample_B	1071	3102.8	false
sample_B	1072	3819.4	false
sample_B	1073	2997.7	false
sample_B	1074	2955.4	false
sample_B	1075	3871.4	false
sample_B	1076	3357.6	false
sample_B	1077	3056.1	false
sample_B	1078	3470.2	false
sample_B	1079	3795.2	false
sample_B	1080	3708.0	false
sample_B	1081	3297.3	false
sample_B	1082	2949.2	false
sample_B	1083	3064.5	false
sample_B	1084	3813.3	false
sample_B	1085	3432.8	false
sample_B	1086	3759.5	false
sample_B	1087	3181.5	false
sample_B	1088	3551.6	false
sample_B	1089	3533.7	false
sample_B	1090	3620.3	false
sample_B	1091	3091.6	false
sample_B	1092	3646.6	false
sample_B	1093	3526.4	false
sample_B	1094	3225.1	false
sample_B	1095	3712.0	false
sample_B	1096	3376.0	false
sample_B	1097	3419.9	false
sample_B	1098	3337.0	false
sample_B	1099	3756.6	false
sample_B	1100	3766.7	false
sample_B	1101	3152.2	false
sample_B	1102	3513.8	false
sample_B	1103	3233.5	false
sample_B	1104	3136.4	false
sample_B	1105	3753.9	false
sample_B	1106	3373.3	false
sample_B	1107	3580.5	false
sample_B	1108	3024.6	false
sample_B	1109	3139.5	false
sample_B	1110	3530.7	false
sample_B	1111	3370.4	false
sample_B	1112	3080.4	false
sample_B	1113	3615.7	false
sample_B	1114	3100.4	false
sample_B	1115	3447.0	false
sample_B	1116	3609.0	false
sample_B	1117	3649.9	false
sample_B	1118	2894.1	false
sample_B	1119	3375.5	false
sample_B	1120	3324.9	false
sample_B	1121	3014.9	false
sample_B	1122	3413.5	false
sample_B	1123	3273.4	false
sample_B	1124	3473.1	false
sample_B	1125	3174.6	false
sample_B	1126	3692.2	false
sample_B	1127	3176.6	false
sample_B	1128	3244.9	false
sample_B	1129	3137.1	false
sample_B	1130	3639.8	false
sample_B	1131	3555.4	false
sample_B	1132	3207.1	false
sample_B	1133	3523.8	false
sample_B	1134	3602.3	false
sample_B	1135	2990.9	false
sample_B	1136	2765.1	false
sample_B	1137	2989.7	false
sample_B	1138	3438.7	false
sample_B	1139	3025.4	false
sample_B	1140	3259.9	false
sample_B	1141	3535.8	false
sample_B	1142	3153.1	false
sample_B	1143	3334.7	false
sample_B	1144	2684.0	false
sample_B	1145	3378.7	false
sample_B	1146	2847.3	false
sample_B	1147	2681.4	false
sample_B	1148	3181.6	false
sample_B	1149	3257.7	false
sample_B	1150	3281.9	false
sample_B	1151	2989.3	false
sample_B	1152	3494.6	false
sample_B	1153	3044.5	false
sample_B	1154	3362.2	false
sample_B	1155	3095.8	false
sample_B	1156	2959.7	false
sample_B	1157	2943.9	false
sample_B	1158	3374.5	false
sample_B	1159	3500.6	false
sample_B	1160	3002.0	false
sample_B	1161	3308.3	false
sample_B	1162	3301.0	false
sample_B	1163	2741.3	false
sample_B	1164	2953.5	false
sample_B	1165	2970.9	false
sample_B	1166	3028.9	false
sample_B	1167	2687.1	false
sample_B	1168	2965.0	false
sample_B	1169	3317.1	false
sample_B	1170	3276.5	false
sample_B	1171	2892.3	false
sample_B	1172	2883.2	false
sample_B	1173	2909.2	false
sample_B	1174	2659.0	false
sample_B	1175	2647.5	false
sample_B	1176	2684.1	false
sample_B	1177	3230.8	false
sample_B	1178	3273.9	false
sample_B	1179	3457.0	false
sample_B	1180	2633.4	false
sample_B	1181	3012.8	false
sample_B	1182	3213.2	false
sample_B	1183	2637.5	false
sample_B	1184	3396.4	false
sample_B	1185	3277.5	false
sample_B	1186	3314.8	false
sample_B	1187	3311.5	false
sample_B	1188	3114.9	false
sample_B	1189	2965.3	false
sample_B	1190	3382.7	false
sample_B	1191	2872.0	false
sample_B	1192	3229.7	false
sample_B	1193	2854.6	false
sample_B	1194	3366.9	false
sample_B	1195	3169.7	false
sample_B	1196	2826.0	false
sample_B	1197	3347.7	false
sample_B	1198	3201.2	false
sample_B	1199	2855.9	false
sample_B	1200	2742.6	false
sample_B	1201	3399.3	false
sample_B	1202	3074.6	false
sample_B	1203	2914.0	false
sample_B	1204	2748.3	false
sample_B	1205	2553.4	false
sample_B	1206	2712.1	false
sample_B	1207	3339.7	false
sample_B	1208	3339.7	false
sample_B	1209	2600.2	false
sample_B	1210	3011.4	false
sample_B	1211	3240.7	false
sample_B	1212	2706.0	false
sample_B	1213	3339.7	false
sample_B	1214	3108.2	false
sample_B	1215	2565.2	false
sample_B	1216	3262.1	false
sample_B	1217	3253.5	false
sample_B	1218	2693.1	false
sample_B	1219	2598.6	false
sample_B	1220	2747.7	false
sample_B	1221	2958.6	false
sample_B	1222	3030.4	false
sample_B	1223	3223.2	false
sample_B	1224	3180.0	false
sample_B	1225	3272.4	false
sample_B	1226	2829.2	false
sample_B	1227	3118.2	false
sample_B	1228	2912.8	false
sample_B	1229	2599.3	false
sample_B	1230	2740.3	false
sample_B	1231	2703.2	false
sample_B	1232	2704.4	false
sample_B	1233	2842.0	false
sample_B	1234	2990.2	false
sample_B	1235	3106.3	false
sample_B	1236	2766.5	false
sample_B	1237	2685.1	false
sample_B	1238	3279.0	false
sample_B	1239	2938.3	false
sample_B	1240	3096.8	false
sample_B	1241	2663.7	false
sample_B	1242	3024.4	false
sample_B	1243	2694.3	false
sample_B	1244	3119.9	false
sample_B	1245	2707.5	false
sample_B	1246	3035.1	false
sample_B	1247	2849.3	false
sample_B	1248	3082.4	false
sample_B	1249	3208.0	false
sample_B	1250	2529.4	false
sample_B	1251	3180.3	false
sample_B	1252	2441.5	false
sample_B	1253	2841.6	false
sample_B	1254	2611.3	false
sample_B	1255	3052.3	false
sample_B	1256	2910.8	false
sample_B	1257	2415.9	false
sample_B	1258	2528.5	false
sample_B	1259	2675.5	false
sample_B	1260	2584.7	false
sample_B	1261	2963.9	false
sample_B	1262	3175.0	false
sample_B	1263	3160.9	false
sample_B	1264	3067.0	false
sample_B	1265	2592.2	false
sample_B	1266	3101.3	false
sample_B	1267	2929.3	false
sample_B	1268	3115.7	false
sample_B	1269	2569.8	false
sample_B	1270	2381.9	false
sample_B	1271	2644.1	false
sample_B	1272	2921.5	false
sample_B	1273	2589.4	false
sample_B	1274	2912.3	false
sample_B	1275	3114.1	false
sample_B	1276	2544.4	false
sample_B	1277	2730.8	false
sample_B	1278	2558.4	false
sample_B	1279	2785.0	false
sample_B	1280	2491.2	false
sample_B	1281	2786.2	false
sample_B	1282	2735.1	false
sample_B	1283	2661.5	false
sample_B	1284	2805.4	false
sample_B	1285	2512.2	false
sample_B	1286	2489.5	false
sample_B	1287	2991.5	false
sample_B	1288	2609.6	false
sample_B	1289	2376.9	false
sample_B	1290	2740.5	false
sample_B	1291	2929.2	false
sample_B	1292	2560.4	false
sample_B	1293	2497.8	false
sample_B	1294	2666.1	false
sample_B	1295	3038.0	false
sample_B	1296	2459.9	false
sample_B	1297	2410.6	false
sample_B	1298	2338.3	false
sample_B	1299	2339.5	false
sample_B	1300	2603.1	false
sample_B	1301	2386.5	false
sample_B	1302	2855.6	false
sample_B	1303	2512.2	false
sample_B	1304	2571.0	false
sample_B	1305	2872.3	false
sample_B	1306	2766.5	false
sample_B	1307	2660.0	false
sample_B	1308	3028.9	false
sample_B	1309	2319.0	false
sample_B	1310	2334.9	false
sample_B	1311	3038.6	false
sample_B	1312	2593.7	false
sample_B	1313	2808.3	false
sample_B	1314	2323.0	false
sample_B	1315	2718.0	false
sample_B	1316	2452.6	false
sample_B	1317	2319.0	false
sample_B	1318	2274.7	false
sample_B	1319	2854.5	false
sample_B	1320	2799.8	false
sample_B	1321	2468.8	false
sample_B	1322	2273.6	false
sample_B	1323	2607.5	false
sample_B	1324	2677.7	false
sample_B	1325	2684.4	false
sample_B	1326	2944.1	false
sample_B	1327	2690.2	false
sample_B	1328	2968.1	false
sample_B	1329	2617.7	false
sample_B	1330	2952.5	false
sample_B	1331	2606.3	false
sample_B	1332	2825.8	false
sample_B	1333	2799.8	false
sample_B	1334	2213.9	false
sample_B	1335	2926.3	false
sample_B	1336	2212.6	false
sample_B	1337	2372.4	false
sample_B	1338	2434.4	false
sample_B	1339	2300.6	false
sample_B	1340	2760.1	false
sample_B	1341	2838.6	false
sample_B	1342	2379.4	false
sample_B	1343	2282.9	false
sample_B	1344	2357.0	false
sample_B	1345	2595.9	false
sample_B	1346	2237.5	false
sample_B	1347	2492.6	false
sample_B	1348	2568.4	false
sample_B	1349	2330.0	false
sample_B	1350	2703.2	false
sample_B	1351	2384.2	false
sample_B	1352	2875.9	false
sample_B	1353	2484.9	false
sample_B	1354	2364.2	false
sample_B	1355	2846.9	false
sample_B	1356	2363.6	false
sample_B	1357	2346.7	false
sample_B	1358	2833.4	false
sample_B	1359	2372.2	false
sample_B	1360	2367.4	false
sample_B	1361	2299.9	false
sample_B	1362	2439.5	false
sample_B	1363	2349.0	false
sample_B	1364	2286.2	false
sample_B	1365	2810.1	false
sample_B	1366	2578.4	false
sample_B	1367	2516.2	false
sample_B	1368	2727.5	false
sample_B	1369	2881.5	false
sample_B	1370	2271.7	false
sample_B	1371	2803.3	false
sample_B	1372	2794.0	false
sample_B	1373	2303.2	false
sample_B	1374	2657.5	false
sample_B	1375	2135.9	false
sample_B	1376	2260.5	false
sample_B	1377	2545.2	false
sample_B	1378	2290.7	false
sample_B	1379	2346.6	false
sample_B	1380	2780.7	false
sample_B	1381	2215.0	false
sample_B	1382	2670.6	false
sample_B	1383	2157.8	false
sample_B	1384	2359.6	false
sample_B	1385	2378.6	false
sample_B	1386	2233.1	false
sample_B	1387	2165.2	false
sample_B	1388	2262.4	false
sample_B	1389	2663.5	false
sample_B	1390	2696.3	false
sample_B	1391	2257.4	false
sample_B	1392	2685.8	false
sample_B	1393	2636.7	false
sample_B	1394	2562.9	false
sample_B	1395	2716.9	false
sample_B	1396	2135.5	false
sample_B	1397	2725.2	false
sample_B	1398	2612.9	false
sample_B	1399	2639.5	false
sample_B	1400	2279.1	false
sample_B	1401	2302.9	false
sample_B	1402	2094.3	false
sample_B	1403	2229.9	false
sample_B	1404	2415.7	false
sample_B	1405	2492.0	false
sample_B	1406	2770.9	false
sample_B	1407	2555.8	false
sample_B	1408	2657.2	false
sample_B	1409	2604.1	false
sample_B	1410	2294.9	false
sample_B	1411	2766.5	false
sample_B	1412	2717.3	false
sample_B	1413	2694.3	false
sample_B	1414	2478.1	false
sample_B	1415	2475.4	false
sample_B	1416	2764.5	false
sample_B	1417	2739.7	false
sample_B	1418	2254.8	false
sample_B	1419	2456.7	false
sample_B	1420	2224.6	false
sample_B	1421	2511.8	false
sample_B	1422	2124.4	false
sample_B	1423	2562.4	false
sample_B	1424	2544.4	false
sample_B	1425	2672.1	false
sample_B	1426	2675.0	false
sample_B	1427	2571.6	false
sample_B	1428	2110.2	false
sample_B	1429	2736.7	false
sample_B	1430	2212.5	false
sample_B	1431	2341.1	false
sample_B	1432	2447.9	false
sample_B	1433	2022.8	false
sample_B	1434	2374.8	false
sample_B	1435	2252.9	false
sample_B	1436	2392.7	false
sample_B	1437	2449.3	false
sample_B	1438	2682.1	false
sample_B	1439	2515.1	false
sample_B	1440	2479.5	false
sample_B	1441	2210.7	false
sample_B	1442	2098.3	false
sample_B	1443	2638.1	false
sample_B	1444	2261.2	false
sample_B	1445	2398.6	false
sample_B	1446	2187.1	false
sample_B	1447	2641.5	false
sample_B	1448	2643.1	false
sample_B	1449	2325.3	false
sample_B	1450	2687.9	false
sample_B	1451	2585.7	false
sample_B	1452	2093.1	false
sample_B	1453	2268.7	false
sample_B	1454	2288.8	false
sample_B	1455	2663.7	false
sample_B	1456	2648.1	false
sample_B	1457	2190.6	false
sample_B	1458	2661.6	false
sample_B	1459	2288.5	false
sample_B	1460	2358.8	false
sample_B	1461	2513.0	false
sample_B	1462	2341.4	false
sample_B	1463	2497.7	false
sample_B	1464	2454.4	false
sample_B	1465	2346.8	false
sample_B	1466	2086.2	false
sample_B	1467	2078.7	false
sample_B	1468	2272.8	false
sample_B	1469	2407.7	false
sample_B	1470	2406.9	false
sample_B	1471	2279.3	false
sample_B	1472	2004.9	false
sample_B	1473	2045.7	false
sample_B	1474	2235.0	false
sample_B	1475	2591.1	false
sample_B	1476	2446.8	false
sample_B	1477	2242.8	false
sample_B	1478	2267.1	false
sample_B	1479	2205.0	false
sample_B	1480	2487.4	false
sample_B	1481	1969.8	false
sample_B	1482	2330.3	false
sample_B	1483	2360.1	false
sample_B	1484	1963.0	false
sample_B	1485	2106.5	false
sample_B	1486	2384.7	false
sample_B	1487	2056.5	false
sample_B	1488	1973.0	false
sample_B	1489	2512.4	false
sample_B	1490	1977.7	false
sample_B	1491	2543.8	false
sample_B	1492	1941.0	false
sample_B	1493	2599.3	false
sample_B	1494	2108.9	false
sample_B	1495	2320.3	false
sample_B	1496	1957.1	false
sample_B	1497	2119.6	false
sample_B	1498	2322.3	false
sample_B	1499	2291.2	false
sample_B	1500	2257.9	false
sample_B	1501	2395.4	false
sample_B	1502	2459.1	false
sample_B	1503	2365.7	false
sample_B	1504	2460.6	false
sample_B	1505	2364.0	false
sample_B	1506	2348.2	false
sample_B	1507	2149.9	false
sample_B	1508	2247.4	false
sample_B	1509	1972.2	false
sample_B	1510	1898.8	false
sample_B	1511	1991.9	false
sample_B	1512	2557.7	false
sample_B	1513	2529.0	false
sample_B	1514	2256.9	false
sample_B	1515	2106.6	false
sample_B	1516	2114.6	false
sample_B	1517	2118.3	false
sample_B	1518	2367.8	false
sample_B	1519	2241.5	false
sample_B	1520	2174.8	false
sample_B	1521	2378.5	false
sample_B	1522	2337.6	false
sample_B	1523	1920.8	false
sample_B	1524	2192.5	false
sample_B	1525	1964.0	false
sample_B	1526	2341.6	false
sample_B	1527	2374.3	false
sample_B	1528	1919.4	false
sample_B	1529	2069.5	false
sample_B	1530	2419.8	false
sample_B	1531	2158.8	false
sample_B	1532	2165.7	false
sample_B	1533	2509.3	false
sample_B	1534	1931.9	false
sample_B	1535	1987.2	false
sample_B	1536	2101.7	false
sample_B	1537	2488.6	false
sample_B	1538	2507.6	false
sample_B	1539	2307.4	false
sample_B	1540	2184.5	false
sample_B	1541	2485.8	false
sample_B	1542	2265.6	false
sample_B	1543	1891.3	false
sample_B	1544	1985.9	false
sample_B	1545	2114.2	false
sample_B	1546	2317.8	false
sample_B	1547	2191.3	false
sample_B	1548	2275.4	false
sample_B	1549	2382.4	false
sample_B	1550	2249.8	false
sample_B	1551	1891.3	false
sample_B	1552	2038.1	false
sample_B	1553	2199.6	false
sample_B	1554	2399.5	false
sample_B	1555	2073.2	false
sample_B	1556	2293.1	false
sample_B	1557	2196.2	false
sample_B	1558	2242.3	false
sample_B	1559	2395.6	false
sample_B	1560	2217.6	false
sample_B	1561	2014.5	false
sample_B	1562	2457.3	false
sample_B	1563	1960.8	false
sample_B	1564	1830.5	false
sample_B	1565	1876.8	false
sample_B	1566	2049.8	false
sample_B	1567	2084.8	false
sample_B	1568	1850.5	false
sample_B	1569	2312.1	false
sample_B	1570	1925.8	false
sample_B	1571	2297.4	false
sample_B	1572	2188.3	false
sample_B	1573	2170.3	false
sample_B	1574	1852.4	false
sample_B	1575	2358.6	false
sample_B	1576	2101.3	false
sample_B	1577	1881.8	false
sample_B	1578	2149.1	false
sample_B	1579	1800.2	false
sample_B	1580	1900.9	false
sample_B	1581	2115.6	false
sample_B	1582	2067.5	false
sample_B	1583	1841.3	false
sample_B	1584	2032.4	false
sample_B	1585	1955.4	false
sample_B	1586	2127.5	false
sample_B	1587	2324.6	false
sample_B	1588	2354.5	false
sample_B	1589	2381.8	false
sample_B	1590	1916.6	false
sample_B	1591	2192.8	false
sample_B	1592	1807.1	false
sample_B	1593	1796.3	false
sample_B	1594	1852.2	false
sample_B	1595	2075.4	false
sample_B	1596	2021.3	false
sample_B	1597	1899.6	false
sample_B	1598	2369.2	false
sample_B	1599	2370.7	false
sample_B	1600	2041.2	false
sample_B	1601	2016.2	false
sample_B	1602	2130.3	false
sample_B	1603	1940.4	false
sample_B	1604	1965.3	false
sample_B	1605	2218.3	false
sample_B	1606	1838.8	false
sample_B	1607	1956.2	false
sample_B	1608	1894.9	false
sample_B	1609	1971.3	false
sample_B	1610	2247.8	false
sample_B	1611	1756.0	false
sample_B	1612	1983.2	false
sample_B	1613	2194.5	false
sample_B	1614	2066.9	false
sample_B	1615	2213.9	false
sample_B	1616	2050.9	false
sample_B	1617	2000.9	false
sample_B	1618	1979.9	false
sample_B	1619	2032.3	false
sample_B	1620	1980.4	false
sample_B	1621	1969.6	false
sample_B	1622	1859.0	false
sample_B	1623	2212.6	false
sample_B	1624	2029.0	false
sample_B	1625	1796.6	false
sample_B	1626	2161.8	false
sample_B	1627	2117.6	false
sample_B	1628	2043.8	false
sample_B	1629	1882.5	false
sample_B	1630	2173.2	false
sample_B	1631	2037.4	false
sample_B	1632	1775.3	false
sample_B	1633	2182.1	false
sample_B	1634	2067.0	false
sample_B	1635	1977.4	false
sample_B	1636	1950.2	false
sample_B	1637	1955.1	false
sample_B	1638	2154.5	false
sample_B	1639	1930.1	false
sample_B	1640	1895.3	false
sample_B	1641	2175.0	false
sample_B	1642	2165.8	false
sample_B	1643	1759.1	false
sample_B	1644	1842.9	false
sample_B	1645	2163.4	false
sample_B	1646	2292.1	false
sample_B	1647	2131.6	false
sample_B	1648	2097.0	false
sample_B	1649	2254.7	false
sample_B	1650	1967.8	false
sample_B	1651	1801.5	false
sample_B	1652	2166.1	false
sample_B	1653	1960.9	false
sample_B	1654	1840.2	false
sample_B	1655	1861.5	false
sample_B	1656	1821.3	false
sample_B	1657	2284.6	false
sample_B	1658	2181.5	false
sample_B	1659	2181.0	false
sample_B	1660	2024.0	false
sample_B	1661	2040.6	false
sample_B	1662	2245.9	false
sample_B	1663	2191.6	false
sample_B	1664	1885.1	false
sample_B	1665	1837.7	false
sample_B	1666	2257.6	false
sample_B	1667	1893.0	false
sample_B	1668	1877.7	false
sample_B	1669	2232.8	false
sample_B	1670	1872.0	false
sample_B	1671	1878.4	false
sample_B	1672	1949.2	false
sample_B	1673	1887.5	false
sample_B	1674	1861.4	false
sample_B	1675	1748.5	false
sample_B	1676	1874.1	false
sample_B	1677	1844.1	false
sample_B	1678	1896.9	false
sample_B	1679	2204.6	false
sample_B	1680	1844.4	false
sample_B	1681	1890.6	false
sample_B	1682	2030.3	false
sample_B	1683	2145.0	false
sample_B	1684	1868.4	false
sample_B	1685	2065.0	false
sample_B	1686	1994.3	false
sample_B	1687	1958.0	false
sample_B	1688	1660.0	false
sample_B	1689	2046.2	false
sample_B	1690	2210.0	false
sample_B	1691	2110.2	false
sample_B	1692	1988.6	false
sample_B	1693	1685.8	false
sample_B	1694	1780.6	false
sample_B	1695	2036.0	false
sample_B	1696	1672.3	false
sample_B	1697	2036.9	false
sample_B	1698	2155.1	false
sample_B	1699	1992.7	false
sample_B	1700	2176.9	false
sample_B	1701	2099.1	false
sample_B	1702	1775.2	false
sample_B	1703	1668.6	false
sample_B	1704	2076.7	false
sample_B	1705	1893.0	false
sample_B	1706	1918.6	false
sample_B	1707	2122.5	false
sample_B	1708	1648.2	false
sample_B	1709	2045.4	false
sample_B	1710	1923.1	false
sample_B	1711	1950.0	false
sample_B	1712	1924.4	false
sample_B	1713	2074.6	false
sample_B	1714	1886.9	false
sample_B	1715	1867.5	false
sample_B	1716	1844.0	false
sample_B	1717	2175.6	false
sample_B	1718	1818.6	false
sample_B	1719	2029.3	false
sample_B	1720	2095.5	false
sample_B	1721	1725.1	false
sample_B	1722	1671.8	false
sample_B	1723	2084.1	false
sample_B	1724	1696.6	false
sample_B	1725	1665.6	false
sample_B	1726	1993.3	false
sample_B	1727	1907.3	false
sample_B	1728	1972.9	false
sample_B	1729	2064.4	false
sample_B	1730	1765.5	false
sample_B	1731	1859.5	false
sample_B	1732	1909.6	false
sample_B	1733	1921.9	false
sample_B	1734	2039.2	false
sample_B	1735	2049.5	false
sample_B	1736	1914.5	false
sample_B	1737	2124.8	false
sample_B	1738	1755.9	false
sample_B	1739	2076.1	false
sample_B	1740	1943.3	false
sample_B	1741	1940.5	false
sample_B	1742	1686.7	false
sample_B	1743	1917.9	false
sample_B	1744	1976.6	false
sample_B	1745	1793.7	false
sample_B	1746	1623.0	false
sample_B	1747	1670.4	false
sample_B	1748	1720.8	false
sample_B	1749	1844.4	false
sample_B	1750	2137.8	false
sample_B	1751	2003.1	false
sample_B	1752	2035.5	false
sample_B	1753	2113.8	false
sample_B	1754	1812.9	false
sample_B	1755	1633.3	false
sample_B	1756	2055.9	false
sample_B	1757	1684.8	false
sample_B	1758	1619.3	false
sample_B	1759	1581.6	false
sample_B	1760	2023.5	false
sample_B	1761	1837.0	false
sample_B	1762	2108.2	false
sample_B	1763	1664.6	false
sample_B	1764	1918.6	false
sample_B	1765	1802.3	false
sample_B	1766	2107.4	false
sample_B	1767	1766.6	false
sample_B	1768	1943.3	false
sample_B	1769	1754.1	false
sample_B	1770	1703.9	false
sample_B	1771	2098.3	false
sample_B	1772	1793.4	false
sample_B	1773	1592.8	false
sample_B	1774	1673.1	false
sample_B	1775	1611.1	false
sample_B	1776	1695.0	false
sample_B	1777	1718.3	false
sample_B	1778	1791.5	false
sample_B	1779	1929.1	false
sample_B	1780	1676.7	false
sample_B	1781	1559.9	false
sample_B	1782	1618.1	false
sample_B	1783	1919.8	false
sample_B	1784	2049.8	false
sample_B	1785	1667.0	false
sample_B	1786	1868.1	false
sample_B	1787	2041.9	false
sample_B	1788	1797.0	false
sample_B	1789	1694.9	false
sample_B	1790	1715.1	false
sample_B	1791	1704.7	false
sample_B	1792	1818.3	false
sample_B	1793	1739.2	false
sample_B	1794	1780.3	false
sample_B	1795	1768.9	false
sample_B	1796	1929.1	false
sample_B	1797	1689.8	false
sample_B	1798	1703.6	false
sample_B	1799	1863.2	false
sample_B	1800	1808.2	false
sample_B	1801	2027.6	false
sample_B	1802	2008.6	false
sample_B	1803	1966.1	false
sample_B	1804	1839.5	false
sample_B	1805	1905.8	false
sample_B	1806	1896.3	false
sample_B	1807	1630.4	false
sample_B	1808	1898.7	false
sample_B	1809	1825.6	false
sample_B	1810	1953.5	false
sample_B	1811	1724.6	false
sample_B	1812	1644.2	false
sample_B	1813	1520.4	false
sample_B	1814	1984.5	false
sample_B	1815	1576.1	false
sample_B	1816	1852.6	false
sample_B	1817	1620.6	false
sample_B	1818	1655.2	false
sample_B	1819	1572.8	false
sample_B	1820	1615.0	false
sample_B	1821	1666.6	false
sample_B	1822	1594.0	false
sample_B	1823	1764.0	false
sample_B	1824	1646.8	false
sample_B	1825	1902.7	false
sample_B	1826	1514.4	false
sample_B	1827	1736.4	false
sample_B	1828	1559.4	false
sample_B	1829	1921.9	false
sample_B	1830	1923.5	false
sample_B	1831	1755.0	false
sample_B	1832	1640.2	false
sample_B	1833	1776.8	false
sample_B	1834	1874.4	false
sample_B	1835	1905.8	false
sample_B	1836	1667.8	false
sample_B	1837	1860.5	false
sample_B	1838	1944.5	false
sample_B	1839	1508.4	false
sample_B	1840	1544.9	false
sample_B	1841	1921.9	false
sample_B	1842	1716.6	false
sample_B	1843	1775.5	false
sample_B	1844	1750.9	false
sample_B	1845	1526.4	false
sample_B	1846	1802.2	false
sample_B	1847	1915.4	false
sample_B	1848	1576.2	false
sample_B	1849	1798.4	false
sample_B	1850	1821.9	false
sample_B	1851	1506.7	false
sample_B	1852	1735.4	false
sample_B	1853	1981.9	false
sample_B	1854	1645.2	false
sample_B	1855	1689.7	false
sample_B	1856	1989.5	false
sample_B	1857	1646.2	false
sample_B	1858	1943.3	false
sample_B	1859	1794.2	false
sample_B	1860	1652.1	false
sample_B	1861	1608.9	false
sample_B	1862	1521.5	false
sample_B	1863	1619.1	false
sample_B	1864	1861.2	false
sample_B	1865	1698.7	false
sample_B	1866	1760.4	false
sample_B	1867	1798.6	false
sample_B	1868	1736.7	false
sample_B	1869	1618.3	false
sample_B	1870	1879.8	false
sample_B	1871	1479.3	false
sample_B	1872	1513.6	false
sample_B	1873	1706.8	false
sample_B	1874	1660.7	false
sample_B	1875	1642.1	false
sample_B	1876	1662.5	false
sample_B	1877	1574.1	false
sample_B	1878	1675.8	false
sample_B	1879	1516.2	false
sample_B	1880	1879.8	false
sample_B	1881	1624.1	false
sample_B	1882	1808.6	false
sample_B	1883	1756.9	false
sample_B	1884	1915.1	false
sample_B	1885	1831.0	false
sample_B	1886	1566.3	false
sample_B	1887	1689.7	false
sample_B	1888	1492.8	false
sample_B	1889	1446.8	false
sample_B	1890	1840.7	false
sample_B	1891	1587.0	false
sample_B	1892	1697.5	false
sample_B	1893	1654.0	false
sample_B	1894	1516.7	false
sample_B	1895	1747.8	false
sample_B	1896	1801.4	false
sample_B	1897	1716.6	false
sample_B	1898	1635.5	false
sample_B	1899	1911.6	false
sample_B	1900	1829.5	false
sample_B	1901	1538.3	false
sample_B	1902	1674.2	false
sample_B	1903	1719.6	false
sample_B	1904	1866.9	false
sample_B	1905	1507.8	false
sample_B	1906	1487.7	false
sample_B	1907	1792.8	false
sample_B	1908	1840.0	false
sample_B	1909	1521.7	false
sample_B	1910	1528.3	false
sample_B	1911	1509.9	false
sample_B	1912	1780.7	false
sample_B	1913	1737.1	false
sample_B	1914	1661.5	false
sample_B	1915	1876.9	false
sample_B	1916	1649.3	false
sample_B	1917	1731.8	false
sample_B	1918	1632.1	false
sample_B	1919	1696.8	false
sample_B	1920	1684.9	false
sample_B	1921	1538.3	false
sample_B	1922	1481.5	false
sample_B	1923	1837.9	false
sample_B	1924	1492.2	false
sample_B	1925	1767.4	false
sample_B	1926	1751.6	false
sample_B	1927	1784.9	false
sample_B	1928	1893.5	false
sample_B	1929	1695.0	false
sample_B	1930	1712.3	false
sample_B	1931	1587.5	false
sample_B	1932	1850.7	false
sample_B	1933	1819.1	false
sample_B	1934	1856.1	false
sample_B	1935	1762.0	false
sample_B	1936	1622.8	false
sample_B	1937	1575.4	false
sample_B	1938	1745.0	false
sample_B	1939	1843.1	false
sample_B	1940	1423.1	false
sample_B	1941	1495.6	false
sample_B	1942	1660.2	false
sample_B	1943	1745.2	false
sample_B	1944	1848.6	false
sample_B	1945	1667.0	false
sample_B	1946	1717.6	false
sample_B	1947	1793.9	false
sample_B	1948	1790.4	false
sample_B	1949	1545.1	false
sample_B	1950	1490.2	false
sample_B	1951	1427.9	false
sample_B	1952	1539.8	false
sample_B	1953	1470.3	false
sample_B	1954	1552.0	false
sample_B	1955	1554.8	false
sample_B	1956	1737.3	false
sample_B	1957	1733.1	false
sample_B	1958	1668.8	false
sample_B	1959	1760.6	false
sample_B	1960	1650.1	false
sample_B	1961	1495.0	false
sample_B	1962	1596.0	false
sample_B	1963	1792.3	false
sample_B	1964	1470.9	false
sample_B	1965	1405.1	false
sample_B	1966	1506.9	false
sample_B	1967	1705.2	false
sample_B	1968	1595.1	false
sample_B	1969	1634.5	false
sample_B	1970	1526.1	false
sample_B	1971	1599.3	false
sample_B	1972	1744.6	false
sample_B	1973	1514.1	false
sample_B	1974	1637.5	false
sample_B	1975	1745.1	false
sample_B	1976	1496.3	false
sample_B	1977	1448.5	false
sample_B	1978	1735.4	false
sample_B	1979	1530.3	false
sample_B	1980	1512.5	false
sample_B	1981	1658.9	false
sample_B	1982	1636.4	false
sample_B	1983	1588.4	false
sample_B	1984	1647.7	false
sample_B	1985	1399.5	false
sample_B	1986	1561.3	false
sample_B	1987	1470.8	false
sample_B	1988	1461.9	false
sample_B	1989	1626.6	false
sample_B	1990	1697.2	false
sample_B	1991	1541.6	false
sample_B	1992	1721.8	false
sample_B	1993	1463.5	false
sample_B	1994	1795.9	false
sample_B	1995	1715.3	false
sample_B	1996	1672.4	false
sample_B	1997	1478.7	false
sample_B	1998	1608.4	false
sample_B	1999	1383.6	false
sample_B	2000	1784.3	false
sample_B	2001	1750.0	false
sample_B	2002	1382.0	false
sample_B	2003	1712.9	false
sample_B	2004	1786.7	false
sample_B	2005	1393.8	false
sample_B	2006	1430.7	false
sample_B	2007	1579.8	false
sample_B	2008	1360.9	false
sample_B	2009	1673.6	false
sample_B	2010	1799.2	false
sample_B	2011	1733.8	false
sample_B	2012	1776.3	false
sample_B	2013	1758.8	false
sample_B	2014	1578.2	false
sample_B	2015	1627.0	false
sample_B	2016	1374.6	false
sample_B	2017	1476.3	false
sample_B	2018	1681.0	false
sample_B	2019	1566.9	false
sample_B	2020	1704.2	false
sample_B	2021	1620.4	false
sample_B	2022	1710.3	false
sample_B	2023	1690.6	false
sample_B	2024	1335.9	false
sample_B	2025	1572.2	false
sample_B	2026	1566.3	false
sample_B	2027	1496.3	false
sample_B	2028	1506.2	false
sample_B	2029	1643.7	false
sample_B	2030	1483.8	false
sample_B	2031	1369.0	false
sample_B	2032	1546.4	false
sample_B	2033	1615.9	false
sample_B	2034	1783.9	false
sample_B	2035	1460.7	false
sample_B	2036	1340.0	false
sample_B	2037	1368.1	false
sample_B	2038	1624.2	false
sample_B	2039	1617.7	false
sample_B	2040	1448.4	false
sample_B	2041	1390.1	false
sample_B	2042	1527.3	false
sample_B	2043	1574.4	false
sample_B	2044	1704.2	false
sample_B	2045	1402.0	false
sample_B	2046	1470.9	false
sample_B	2047	1643.2	false
sample_B	2048	1595.8	false
sample_B	2049	1374.6	false
sample_B	2050	1625.6	false
sample_B	2051	1756.1	false
sample_B	2052	1467.0	false
sample_B	2053	1733.7	false
sample_B	2054	1695.9	false
sample_B	2055	1755.3	false
sample_B	2056	1573.2	false
sample_B	2057	1368.8	false
sample_B	2058	1588.1	false
sample_B	2059	1746.0	false
sample_B	2060	1432.8	false
sample_B	2061	1447.1	false
sample_B	2062	1312.0	false
sample_B	2063	1530.0	false
sample_B	2064	1599.2	false
sample_B	2065	1546.3	false
sample_B	2066	1549.4	false
sample_B	2067	1567.0	false
sample_B	2068	1301.6	false
sample_B	2069	1649.5	false
sample_B	2070	1646.2	false
sample_B	2071	1602.8	false
sample_B	2072	1320.7	false
sample_B	2073	1341.3	false
sample_B	2074	1292.9	false
sample_B	2075	1420.9	false
sample_B	2076	1439.3	false
sample_B	2077	1519.3	false
sample_B	2078	1418.7	false
sample_B	2079	1519.7	false
sample_B	2080	1478.8	false
sample_B	2081	1603.3	false
sample_B	2082	1579.0	false
sample_B	2083	1461.4	false
sample_B	2084	1516.2	false
sample_B	2085	1708.1	false
sample_B	2086	1603.6	false
sample_B	2087	1317.5	false
sample_B	2088	1442.8	false
sample_B	2089	1386.3	false
sample_B	2090	1471.3	false
sample_B	2091	1542.9	false
sample_B	2092	1710.7	false
sample_B	2093	1373.7	false
sample_B	2094	1470.7	false
sample_B	2095	1571.9	false
sample_B	2096	1487.5	false
sample_B	2097	1645.4	false
sample_B	2098	1308.5	false
sample_B	2099	1306.2	false
sample_B	2100	1640.3	false
sample_B	2101	1591.0	false
sample_B	2102	1491.6	false
sample_B	2103	1590.5	false
sample_B	2104	1639.3	false
sample_B	2105	1285.0	false
sample_B	2106	1419.3	false
sample_B	2107	1552.5	false
sample_B	2108	1605.5	false
sample_B	2109	1465.4	false
sample_B	2110	1658.3	false
sample_B	2111	1532.6	false
sample_B	2112	1283.5	false
sample_B	2113	1560.7	false
sample_B	2114	1446.6	false
sample_B	2115	1559.0	false
sample_B	2116	1369.2	false
sample_B	2117	1428.1	false
sample_B	2118	1276.5	false
sample_B	2119	1564.1	false
sample_B	2120	1268.0	false
sample_B	2121	1374.5	false
sample_B	2122	1439.0	false
sample_B	2123	1390.2	false
sample_B	2124	1686.9	false
sample_B	2125	1315.2	false
sample_B	2126	1590.8	false
sample_B	2127	1281.3	false
sample_B	2128	1447.5	false
sample_B	2129	1377.7	false
sample_B	2130	1382.8	false
sample_B	2131	1469.9	false
sample_B	2132	1249.6	false
sample_B	2133	1302.8	false
sample_B	2134	1295.4	false
sample_B	2135	1408.9	false
sample_B	2136	1527.2	false
sample_B	2137	1600.9	false
sample_B	2138	1610.8	false
sample_B	2139	1285.1	false
sample_B	2140	1626.6	false
sample_B	2141	1628.8	false
sample_B	2142	1635.6	false
sample_B	2143	1523.0	false
sample_B	2144	1532.7	false
sample_B	2145	1517.2	false
sample_B	2146	1485.7	false
sample_B	2147	1423.9	false
sample_B	2148	1372.5	false
sample_B	2149	1550.6	false
sample_B	2150	1409.3	false
sample_B	2151	1523.2	false
sample_B	2152	1353.1	false
sample_B	2153	1406.4	false
sample_B	2154	1370.5	false
sample_B	2155	1375.3	false
sample_B	2156	1384.7	false
sample_B	2157	1520.4	false
sample_B	2158	1450.1	false
sample_B	2159	1329.0	false
sample_B	2160	1551.7	false
sample_B	2161	1449.7	false
sample_B	2162	1322.8	false
sample_B	2163	1341.1	false
sample_B	2164	1565.0	false
sample_B	2165	1275.1	false
sample_B	2166	1459.2	false
sample_B	2167	1585.7	false
sample_B	2168	1614.2	false
sample_B	2169	1287.4	false
sample_B	2170	1453.5	false
sample_B	2171	1280.3	false
sample_B	2172	1426.9	false
sample_B	2173	1243.9	false
sample_B	2174	1414.3	false
sample_B	2175	1365.0	false
sample_B	2176	1286.0	false
sample_B	2177	1218.9	false
sample_B	2178	1637.0	false
sample_B	2179	1550.6	false
sample_B	2180	1320.5	false
sample_B	2181	1435.0	false
sample_B	2182	1390.8	false
sample_B	2183	1304.0	false
sample_B	2184	1319.7	false
sample_B	2185	1264.1	false
sample_B	2186	1304.3	false
sample_B	2187	1428.7	false
sample_B	2188	1269.6	false
sample_B	2189	1519.3	false
sample_B	2190	1286.9	false
sample_B	2191	1426.6	false
sample_B	2192	1527.1	false
sample_B	2193	1230.8	false
sample_B	2194	1462.3	false
sample_B	2195	1207.9	false
sample_B	2196	1344.9	false
sample_B	2197	1309.2	false
sample_B	2198	1414.0	false
sample_B	2199	1487.6	false
sample_B	2200	1224.6	false
sample_B	2201	1204.1	false
sample_B	2202	1444.7	false
sample_B	2203	1258.0	false
sample_B	2204	1350.6	false
sample_B	2205	1215.5	false
sample_B	2206	1273.3	false
sample_B	2207	1298.3	false
sample_B	2208	1405.2	false
sample_B	2209	1496.5	false
sample_B	2210	1492.9	false
sample_B	2211	1220.2	false
sample_B	2212	1501.1	false
sample_B	2213	1253.1	false
sample_B	2214	1605.9	false
sample_B	2215	1322.6	false
sample_B	2216	1571.7	false
sample_B	2217	1569.7	false
sample_B	2218	1195.4	false
sample_B	2219	1334.2	false
sample_B	2220	1455.9	false
sample_B	2221	1194.2	false
sample_B	2222	1348.8	false
sample_B	2223	1336.7	false
sample_B	2224	1580.7	false
sample_B	2225	1408.2	false
sample_B	2226	1474.7	false
sample_B	2227	1221.2	false
sample_B	2228	1450.8	false
sample_B	2229	1245.6	false
sample_B	2230	1597.3	false
sample_B	2231	1408.8	false
sample_B	2232	1445.9	false
sample_B	2233	1540.6	false
sample_B	2234	1212.0	false
sample_B	2235	1249.4	false
sample_B	2236	1218.0	false
sample_B	2237	1364.6	false
sample_B	2238	1214.4	false
sample_B	2239	1229.3	false
sample_B	2240	1555.4	false
sample_B	2241	1211.8	false
sample_B	2242	1299.9	false
sample_B	2243	1472.8	false
sample_B	2244	1488.8	false
sample_B	2245	1528.9	false
sample_B	2246	1430.0	false
sample_B	2247	1450.1	false
sample_B	2248	1334.7	false
sample_B	2249	1237.5	false
sample_B	2250	1472.7	false
sample_B	2251	1387.2	false
sample_B	2252	1327.8	false
sample_B	2253	1243.1	false
sample_B	2254	1189.2	false
sample_B	2255	1498.0	false
sample_B	2256	1472.4	false
sample_B	2257	1551.9	false
sample_B	2258	1215.3	false
sample_B	2259	1255.0	false
sample_B	2260	1167.9	false
sample_B	2261	1188.6	false
sample_B	2262	1238.0	false
sample_B	2263	1523.5	false
sample_B	2264	1250.5	false
sample_B	2265	1271.2	false
sample_B	2266	1287.6	false
sample_B	2267	1212.0	false
sample_B	2268	1534.7	false
sample_B	2269	1525.4	false
sample_B	2270	1444.6	false
sample_B	2271	1342.9	false
sample_B	2272	1215.6	false
sample_B	2273	1399.0	false
sample_B	2274	1232.1	false
sample_B	2275	1201.8	false
sample_B	2276	1298.1	false
sample_B	2277	1438.1	false
sample_B	2278	1249.9	false
sample_B	2279	1290.0	false
sample_B	2280	1455.7	false
sample_B	2281	1215.1	false
sample_B	2282	1534.5	false
sample_B	2283	1244.3	false
sample_B	2284	1429.1	false
sample_B	2285	1185.0	false
sample_B	2286	1308.5	false
sample_B	2287	1534.7	false
sample_B	2288	1549.9	false
sample_B	2289	1524.1	false
sample_B	2290	1309.4	false
sample_B	2291	1466.7	false
sample_B	2292	1532.7	false
sample_B	2293	1386.0	false
sample_B	2294	1157.0	false
sample_B	2295	1349.9	false
sample_B	2296	1169.9	false
sample_B	2297	1492.0	false
sample_B	2298	1306.7	false
sample_B	2299	1222.9	false
sample_B	2300	1206.7	false
sample_B	2301	1338.1	false
sample_B	2302	1276.3	false
sample_B	2303	1334.4	false
sample_B	2304	1238.9	false
sample_B	2305	1249.7	false
sample_B	2306	1212.4	false
sample_B	2307	1209.5	false
sample_B	2308	1332.0	false
sample_B	2309	1435.1	false
sample_B	2310	1150.9	false
sample_B	2311	1415.6	false
sample_B	2312	1512.1	false
sample_B	2313	1482.6	false
sample_B	2314	1211.8	false
sample_B	2315	1442.0	false
sample_B	2316	1512.5	false
sample_B	2317	1207.6	false
sample_B	2318	1170.2	false
sample_B	2319	1180.4	false
sample_B	2320	1394.6	false
sample_B	2321	1216.4	false
sample_B	2322	1300.9	false
sample_B	2323	1272.8	false
sample_B	2324	1162.5	false
sample_B	2325	1154.9	false
sample_B	2326	1362.3	false
sample_B	2327	1176.5	false
sample_B	2328	1392.4	false
sample_B	2329	1136.1	false
sample_B	2330	1434.4	false
sample_B	2331	1297.2	false
sample_B	2332	1364.5	false
sample_B	2333	1177.1	false
sample_B	2334	1493.0	false
sample_B	2335	1506.0	false
sample_B	2336	1365.4	false
sample_B	2337	1132.4	false
sample_B	2338	1455.8	false
sample_B	2339	1434.6	false
sample_B	2340	1124.7	false
sample_B	2341	1233.0	false
sample_B	2342	1426.8	false
sample_B	2343	1221.0	false
sample_B	2344	1435.7	false
sample_B	2345	1294.7	false
sample_B	2346	1412.8	false
sample_B	2347	1445.0	false
sample_B	2348	1190.1	false
sample_B	2349	1310.5	false
sample_B	2350	1222.3	false
sample_B	2351	1170.6	false
sample_B	2352	1427.4	false
sample_B	2353	1331.3	false
sample_B	2354	1224.0	false
sample_B	2355	1381.9	false
sample_B	2356	1135.7	false
sample_B	2357	1198.7	false
sample_B	2358	1147.9	false
sample_B	2359	1451.8	false
sample_B	2360	1207.6	false
sample_B	2361	1425.5	false
sample_B	2362	1482.7	false
sample_B	2363	1407.8	false
sample_B	2364	1213.0	false
sample_B	2365	1450.2	false
sample_B	2366	1265.7	false
sample_B	2367	1240.6	false
sample_B	2368	1438.1	false
sample_B	2369	1328.6	false
sample_B	2370	1354.5	false
sample_B	2371	1257.7	false
sample_B	2372	1483.5	false
sample_B	2373	1261.2	false
sample_B	2374	1258.8	false
sample_B	2375	1199.7	false
sample_B	2376	1257.1	false
sample_B	2377	1113.0	false
sample_B	2378	1126.9	false
sample_B	2379	1370.4	false
sample_B	2380	1480.5	false
sample_B	2381	1280.8	false
sample_B	2382	1164.9	false
sample_B	2383	1127.9	false
sample_B	2384	1301.5	false
sample_B	2385	1453.0	false
sample_B	2386	1309.4	false
sample_B	2387	1444.9	false
sample_B	2388	1186.5	false
sample_B	2389	1397.9	false
sample_B	2390	1370.0	false
sample_B	2391	1432.6	false
sample_B	2392	1373.5	false
sample_B	2393	1469.2	false
sample_B	2394	1438.9	false
sample_B	2395	1165.4	false
sample_B	2396	1413.8	false
sample_B	2397	1431.4	false
sample_B	2398	1217.2	false
sample_B	2399	1371.7	false
sample_B	2400	1174.2	false
sample_B	2401	1116.8	false
sample_B	2402	1355.6	false
sample_B	2403	1259.0	false
sample_B	2404	1261.7	false
sample_B	2405	1281.9	false
sample_B	2406	1149.6	false
sample_B	2407	1263.4	false
sample_B	2408	1410.6	false
sample_B	2409	1233.2	false
sample_B	2410	1120.6	false
sample_B	2411	1250.0	false
sample_B	2412	1332.8	false
sample_B	2413	1291.6	false
sample_B	2414	1163.4	false
sample_B	2415	1364.4	false
sample_B	2416	1106.2	false
sample_B	2417	1216.0	false
sample_B	2418	1209.2	false
sample_B	2419	1328.6	false
sample_B	2420	1361.8	false
sample_B	2421	1286.7	false
sample_B	2422	1381.6	false
sample_B	2423	1440.3	false
sample_B	2424	1315.7	false
sample_B	2425	1432.8	false
sample_B	2426	1092.1	false
sample_B	2427	1246.2	false
sample_B	2428	1318.9	false
sample_B	2429	1307.6	false
sample_B	2430	1340.8	false
sample_B	2431	1409.0	false
sample_B	2432	1349.8	false
sample_B	2433	1250.8	false
sample_B	2434	1430.9	false
sample_B	2435	1250.2	false
sample_B	2436	1178.0	false
sample_B	2437	1279.5	false
sample_B	2438	1331.0	false
sample_B	2439	1247.8	false
sample_B	2440	1412.2	false
sample_B	2441	1322.2	false
sample_B	2442	1164.6	false
sample_B	2443	1371.0	false
sample_B	2444	1362.9	false
sample_B	2445	1372.3	false
sample_B	2446	1343.0	false
sample_B	2447	1277.2	false
sample_B	2448	1432.6	false
sample_B	2449	1102.3	false
sample_B	2450	1087.8	false
sample_B	2451	1184.3	false
sample_B	2452	1136.8	false
sample_B	2453	1273.8	false
sample_B	2454	1295.8	false
sample_B	2455	1370.1	false
sample_B	2456	1185.5	false
sample_B	2457	1260.9	false
sample_B	2458	1301.2	false
sample_B	2459	1152.2	false
sample_B	2460	1181.7	false
sample_B	2461	1354.9	false
sample_B	2462	1308.7	false
sample_B	2463	1155.9	false
sample_B	2464	1348.0	false
sample_B	2465	1126.1	false
sample_B	2466	1103.2	false
sample_B	2467	1055.5	false
sample_B	2468	1186.8	false
sample_B	2469	1338.6	false
sample_B	2470	1199.4	false
sample_B	2471	1121.5	false
sample_B	2472	1363.0	false
sample_B	2473	1391.6	false
sample_B	2474	1158.2	false
sample_B	2475	1315.9	false
sample_B	2476	1391.1	false
sample_B	2477	1328.5	false
sample_B	2478	1406.3	false
sample_B	2479	1113.7	false
sample_B	2480	1226.6	false
sample_B	2481	1222.0	false
sample_B	2482	1342.1	false
sample_B	2483	1137.4	false
sample_B	2484	1372.0	false
sample_B	2485	1313.8	false
sample_B	2486	1176.7	false
sample_B	2487	1158.0	false
sample_B	2488	1395.0	false
sample_B	2489	1132.3	false
sample_B	2490	1213.0	false
sample_B	2491	1295.2	false
sample_B	2492	1161.7	false
sample_B	2493	1369.7	false
sample_B	2494	1179.7	false
sample_B	2495	1052.5	false
sample_B	2496	1230.6	false
sample_B	2497	1128.1	false
sample_B	2498	1257.4	false
sample_B	2499	1355.8	false
sample_B	2500	1354.9	false
sample_B	2501	1382.4	false
sample_B	2502	1237.9	false
sample_B	2503	1134.6	false
sample_B	2504	1374.9	false
sample_B	2505	1128.4	false
sample_B	2506	1230.5	false
sample_B	2507	1254.5	false
sample_B	2508	1169.4	false
sample_B	2509	1261.1	false
sample_B	2510	1227.1	false
sample_B	2511	1224.5	false
sample_B	2512	1297.6	false
sample_B	2513	1359.5	false
sample_B	2514	1169.0	false
sample_B	2515	1341.8	false
sample_B	2516	1094.0	false
sample_B	2517	1113.2	false
sample_B	2518	1039.1	false
sample_B	2519	1284.8	false
sample_B	2520	1368.1	false
sample_B	2521	1048.6	false
sample_B	2522	1307.7	false
sample_B	2523	1156.1	false
sample_B	2524	1349.8	false
sample_B	2525	1228.0	false
sample_B	2526	1313.6	false
sample_B	2527	1379.6	false
sample_B	2528	1221.1	false
sample_B	2529	1143.2	false
sample_B	2530	1241.6	false
sample_B	2531	1271.7	false
sample_B	2532	1168.4	false
sample_B	2533	1224.3	false
sample_B	2534	1024.2	false
sample_B	2535	1362.4	false
sample_B	2536	1163.5	false
sample_B	2537	1348.7	false
sample_B	2538	1139.8	false
sample_B	2539	1290.6	false
sample_B	2540	1302.3	false
sample_B	2541	1048.9	false
sample_B	2542	1175.2	false
sample_B	2543	1015.3	false
sample_B	2544	1233.9	false
sample_B	2545	1136.8	false
sample_B	2546	1090.3	false
sample_B	2547	1229.0	false
sample_B	2548	1051.1	false
sample_B	2549	1266.4	false
sample_B	2550	1073.0	false
sample_B	2551	1268.3	false
sample_B	2552	1024.3	false
sample_B	2553	1057.0	false
sample_B	2554	1108.7	false
sample_B	2555	1224.2	false
sample_B	2556	1130.8	false
sample_B	2557	1311.1	false
sample_B	2558	1087.2	false
sample_B	2559	1359.2	false
sample_B	2560	1163.4	false
sample_B	2561	1261.3	false
sample_B	2562	1293.3	false
sample_B	2563	1291.8	false
sample_B	2564	1018.4	false
sample_B	2565	1323.4	false
sample_B	2566	1232.4	false
sample_B	2567	1166.9	false
sample_B	2568	1252.6	false
sample_B	2569	1158.4	false
sample_B	2570	1084.3	false
sample_B	2571	1057.8	false
sample_B	2572	1035.9	false
sample_B	2573	1252.8	false
sample_B	2574	1302.7	false
sample_B	2575	1278.6	false
sample_B	2576	1215.7	false
sample_B	2577	1158.8	false
sample_B	2578	1298.7	false
sample_B	2579	1092.0	false
sample_B	2580	1129.5	false
sample_B	2581	1123.2	false
sample_B	2582	999.6	false
sample_B	2583	1123.4	false
sample_B	2584	1306.2	false
sample_B	2585	1225.2	false
sample_B	2586	1027.9	false
sample_B	2587	994.1	false
sample_B	2588	1007.8	false
sample_B	2589	1306.9	false
sample_B	2590	1261.4	false
sample_B	2591	1117.4	false
sample_B	2592	1263.2	false
sample_B	2593	1056.1	false
sample_B	2594	1172.6	false
sample_B	2595	1206.3	false
sample_B	2596	1081.2	false
sample_B	2597	1333.8	false
sample_B	2598	1236.2	false
sample_B	2599	1074.8	false
sample_B	2600	1187.7	false
sample_B	2601	1224.0	false
sample_B	2602	1154.5	false
sample_B	2603	1063.8	false
sample_B	2604	1130.4	false
sample_B	2605	1081.9	false
sample_B	2606	1251.5	false
sample_B	2607	1301.4	false
sample_B	2608	1155.6	false
sample_B	2609	1221.1	false
sample_B	2610	1281.6	false
sample_B	2611	1225.1	false
sample_B	2612	1287.3	false
sample_B	2613	1114.6	false
sample_B	2614	1281.8	false
sample_B	2615	1176.4	false
sample_B	2616	1171.5	false
sample_B	2617	1311.3	false
sample_B	2618	1034.4	false
sample_B	2619	1122.5	false
sample_B	2620	1099.4	false
sample_B	2621	1057.5	false
sample_B	2622	1077.1	false
sample_B	2623	1284.8	false
sample_B	2624	1107.8	false
sample_B	2625	1110.1	false
sample_B	2626	1258.4	false
sample_B	2627	1214.9	false
sample_B	2628	1022.8	false
sample_B	2629	1286.2	false
sample_B	2630	1053.4	false
sample_B	2631	1163.4	false
sample_B	2632	1062.3	false
sample_B	2633	1031.7	false
sample_B	2634	1077.5	false
sample_B	2635	1158.5	false
sample_B	2636	1271.2	false
sample_B	2637	981.8	false
sample_B	2638	1177.9	false
sample_B	2639	1299.7	false
sample_B	2640	1142.2	false
sample_B	2641	1194.3	false
sample_B	2642	1082.9	false
sample_B	2643	1026.5	false
sample_B	2644	1186.0	false
sample_B	2645	1194.5	false
sample_B	2646	1004.1	false
sample_B	2647	1215.3	false
sample_B	2648	1145.6	false
sample_B	2649	1210.5	false
sample_B	2650	1106.9	false
sample_B	2651	1058.9	false
sample_B	2652	1159.6	false
sample_B	2653	1299.4	false
sample_B	2654	990.3	false
sample_B	2655	1247.3	false
sample_B	2656	1290.0	false
sample_B	2657	1271.9	false
sample_B	2658	1215.1	false
sample_B	2659	1089.6	false
sample_B	2660	1118.0	false
sample_B	2661	986.8	false
sample_B	2662	993.0	false
sample_B	2663	1220.7	false
sample_B	2664	1153.1	false
sample_B	2665	1152.8	false
sample_B	2666	1134.9	false
sample_B	2667	1119.4	false
sample_B	2668	1193.8	false
sample_B	2669	1092.1	false
sample_B	2670	1224.2	false
sample_B	2671	1189.9	false
sample_B	2672	990.3	false
sample_B	2673	1072.1	false
sample_B	2674	1144.8	false
sample_B	2675	957.2	false
sample_B	2676	1028.7	false
sample_B	2677	1128.7	false
sample_B	2678	1127.5	false
sample_B	2679	1190.2	false
sample_B	2680	1251.4	false
sample_B	2681	1065.0	false
sample_B	2682	1273.3	false
sample_B	2683	953.8	false
sample_B	2684	1212.2	false
sample_B	2685	1125.4	false
sample_B	2686	1094.5	false
sample_B	2687	1259.9	false
sample_B	2688	962.5	false
sample_B	2689	1063.3	false
sample_B	2690	1270.5	false
sample_B	2691	1279.0	false
sample_B	2692	1051.5	false
sample_B	2693	953.5	false
sample_B	2694	953.0	false
sample_B	2695	1165.4	false
sample_B	2696	1273.1	false
sample_B	2697	1043.6	false
sample_B	2698	962.6	false
sample_B	2699	1025.5	false
sample_B	2700	1109.2	false
sample_B	2701	1152.2	false
sample_B	2702	1246.4	false
sample_B	2703	945.8	false
sample_B	2704	1011.4	false
sample_B	2705	1116.9	false
sample_B	2706	1207.7	false
sample_B	2707	1158.7	false
sample_B	2708	1228.7	false
sample_B	2709	1056.7	false
sample_B	2710	1102.2	false
sample_B	2711	1121.3	false
sample_B	2712	969.2	false
sample_B	2713	1173.9	false
sample_B	2714	1075.6	false
sample_B	2715	1142.0	false
sample_B	2716	1213.9	false
sample_B	2717	1264.5	false
sample_B	2718	1152.6	false
sample_B	2719	1084.6	false
sample_B	2720	1088.0	false
sample_B	2721	1210.7	false
sample_B	2722	1232.1	false
sample_B	2723	978.0	false
sample_B	2724	1121.9	false
sample_B	2725	1050.8	false
sample_B	2726	1258.1	false
sample_B	2727	1201.3	false
sample_B	2728	1133.8	false
sample_B	2729	1125.3	false
sample_B	2730	1018.4	false
sample_B	2731	1122.2	false
sample_B	2732	1246.8	false
sample_B	2733	1061.5	false
sample_B	2734	1099.3	false
sample_B	2735	1107.4	false
sample_B	2736	1235.9	false
sample_B	2737	1085.1	false
sample_B	2738	1086.3	false
sample_B	2739	1218.3	false
sample_B	2740	958.3	false
sample_B	2741	1216.5	false
sample_B	2742	1217.4	false
sample_B	2743	1152.0	false
sample_B	2744	956.3	false
sample_B	2745	1064.0	false
sample_B	2746	997.1	false
sample_B	2747	1119.4	false
sample_B	2748	1073.5	false
sample_B	2749	1239.2	false
sample_B	2750	1080.1	false
sample_B	2751	1064.3	false
sample_B	2752	1040.1	false
sample_B	2753	1127.8	false
sample_B	2754	1077.8	false
sample_B	2755	949.0	false
sample_B	2756	1130.0	false
sample_B	2757	947.0	false
sample_B	2758	1219.1	false
sample_B	2759	1217.6	false
sample_B	2760	1082.8	false
sample_B	2761	972.0	false
sample_B	2762	1055.2	false
sample_B	2763	1186.5	false
sample_B	2764	1191.9	false
sample_B	2765	1125.2	false
sample_B	2766	1061.5	false
sample_B	2767	1134.4	false
sample_B	2768	1024.5	false
sample_B	2769	922.1	false
sample_B	2770	1222.4	false
sample_B	2771	1053.6	false
sample_B	2772	927.0	false
sample_B	2773	1134.5	false
sample_B	2774	1206.3	false
sample_B	2775	1171.0	false
sample_B	2776	1103.0	false
sample_B	2777	1163.9	false
sample_B	2778	1224.8	false
sample_B	2779	1005.9	false
sample_B	2780	936.7	false
sample_B	2781	924.0	false
sample_B	2782	931.1	false
sample_B	2783	1057.1	false
sample_B	2784	1129.8	false
sample_B	2785	996.0	false
sample_B	2786	919.2	false
sample_B	2787	1110.4	false
sample_B	2788	1195.8	false
sample_B	2789	1057.8	false
sample_B	2790	1090.9	false
sample_B	2791	1042.1	false
sample_B	2792	964.3	false
sample_B	2793	1024.2	false
sample_B	2794	922.0	false
sample_B	2795	1035.3	false
sample_B	2796	932.1	false
sample_B	2797	957.5	false
sample_B	2798	1178.5	false
sample_B	2799	914.2	false
sample_B	2800	1129.9	false
sample_B	2801	1093.0	false
sample_B	2802	907.4	false
sample_B	2803	1069.7	false
sample_B	2804	905.6	false
sample_B	2805	1144.6	false
sample_B	2806	1022.0	false
sample_B	2807	904.6	false
sample_B	2808	1135.7	false
sample_B	2809	984.3	false
sample_B	2810	1123.0	false
sample_B	2811	1078.4	false
sample_B	2812	1122.3	false
sample_B	2813	925.6	false
sample_B	2814	1018.2	false
sample_B	2815	1121.1	false
sample_B	2816	1020.5	false
sample_B	2817	1088.4	false
sample_B	2818	962.1	false
sample_B	2819	923.6	false
sample_B	2820	1189.4	false
sample_B	2821	1003.3	false
sample_B	2822	1082.3	false
sample_B	2823	1056.3	false
sample_B	2824	1113.0	false
sample_B	2825	921.2	false
sample_B	2826	937.0	false
sample_B	2827	905.2	false
sample_B	2828	972.3	false
sample_B	2829	981.5	false
sample_B	2830	941.1	false
sample_B	2831	961.0	false
sample_B	2832	984.1	false
sample_B	2833	938.7	false
sample_B	2834	1020.5	false
sample_B	2835	1015.6	false
sample_B	2836	1205.8	false
sample_B	2837	1049.7	false
sample_B	2838	951.1	false
sample_B	2839	1031.6	false
sample_B	2840	1162.0	false
sample_B	2841	985.3	false
sample_B	2842	933.7	false
sample_B	2843	1122.0	false
sample_B	2844	1139.2	false
sample_B	2845	1019.6	false
sample_B	2846	1187.5	false
sample_B	2847	1193.7	false
sample_B	2848	911.7	false
sample_B	2849	1147.1	false
sample_B	2850	1061.0	false
sample_B	2851	1122.8	false
sample_B	2852	1043.7	false
sample_B	2853	1195.2	false
sample_B	2854	1137.0	false
sample_B	2855	1186.5	false
sample_B	2856	1111.3	false
sample_B	2857	993.9	false
sample_B	2858	955.7	false
sample_B	2859	1104.2	false
sample_B	2860	1030.8	false
sample_B	2861	1190.8	false
sample_B	2862	960.5	false
sample_B	2863	1081.8	false
sample_B	2864	960.9	false
sample_B	2865	1046.0	false
sample_B	2866	965.0	false
sample_B	2867	934.3	false
sample_B	2868	1156.7	false
sample_B	2869	971.1	false
sample_B	2870	1190.0	false
sample_B	2871	952.4	false
sample_B	2872	948.4	false
sample_B	2873	1110.8	false
sample_B	2874	961.2	false
sample_B	2875	991.4	false
sample_B	2876	1147.7	false
sample_B	2877	1041.1	false
sample_B	2878	980.3	false
sample_B	2879	964.1	false
sample_B	2880	1098.5	false
sample_B	2881	1131.5	false
sample_B	2882	976.4	false
sample_B	2883	1106.3	false
sample_B	2884	1024.5	false
sample_B	2885	917.4	false
sample_B	2886	1064.8	false
sample_B	2887	894.7	false
sample_B	2888	919.3	false
sample_B	2889	928.5	false
sample_B	2890	1037.8	false
sample_B	2891	1157.7	false
sample_B	2892	1122.0	false
sample_B	2893	918.3	false
sample_B	2894	939.6	false
sample_B	2895	1042.8	false
sample_B	2896	1129.6	false
sample_B	2897	883.0	false
sample_B	2898	1025.3	false
sample_B	2899	1175.1	false
sample_B	2900	1129.0	false
sample_B	2901	1155.2	false
sample_B	2902	1007.1	false
sample_B	2903	1012.2	false
sample_B	2904	1075.5	false
sample_B	2905	933.8	false
sample_B	2906	1172.8	false
sample_B	2907	1058.2	false
sample_B	2908	1117.0	false
sample_B	2909	1085.5	false
sample_B	2910	928.8	false
sample_B	2911	924.9	false
sample_B	2912	1040.4	false
sample_B	2913	1097.8	false
sample_B	2914	933.7	false
sample_B	2915	1032.7	false
sample_B	2916	1112.7	false
sample_B	2917	1076.3	false
sample_B	2918	1129.0	false
sample_B	2919	1069.9	false
sample_B	2920	1128.0	false
sample_B	2921	933.5	false
sample_B	2922	1153.3	false
sample_B	2923	930.0	false
sample_B	2924	1031.2	false
sample_B	2925	983.0	false
sample_B	2926	1087.7	false
sample_B	2927	1018.4	false
sample_B	2928	968.7	false
sample_B	2929	1088.7	false
sample_B	2930	869.1	false
sample_B	2931	884.5	false
sample_B	2932	1088.1	false
sample_B	2933	888.8	false
sample_B	2934	1032.1	false
sample_B	2935	986.4	false
sample_B	2936	918.3	false
sample_B	2937	1076.3	false
sample_B	2938	1141.4	false
sample_B	2939	897.3	false
sample_B	2940	859.3	false
sample_B	2941	896.5	false
sample_B	2942	1123.1	false
sample_B	2943	1007.7	false
sample_B	2944	1148.2	false
sample_B	2945	960.8	false
sample_B	2946	912.6	false
sample_B	2947	870.1	false
sample_B	2948	1143.4	false
sample_B	2949	898.7	false
sample_B	2950	976.2	false
sample_B	2951	970.9	false
sample_B	2952	1041.5	false
sample_B	2953	1074.2	false
sample_B	2954	954.6	false
sample_B	2955	1130.3	false
sample_B	2956	937.1	false
sample_B	2957	856.7	false
sample_B	2958	927.9	false
sample_B	2959	1091.6	false
sample_B	2960	982.3	false
sample_B	2961	1078.6	false
sample_B	2962	907.4	false
sample_B	2963	1045.5	false
sample_B	2964	868.9	false
sample_B	2965	1097.8	false
sample_B	2966	978.5	false
sample_B	2967	899.2	false
sample_B	2968	875.9	false
sample_B	2969	933.9	false
sample_B	2970	1068.3	false
sample_B	2971	889.2	false
sample_B	2972	897.6	false
sample_B	2973	902.7	false
sample_B	2974	891.9	false
sample_B	2975	917.0	false
sample_B	2976	1131.6	false
sample_B	2977	974.4	false
sample_B	2978	860.9	false
sample_B	2979	1060.2	false
sample_B	2980	938.4	false
sample_B	2981	931.6	false
sample_B	2982	1021.8	false
sample_B	2983	1063.3	false
sample_B	2984	946.5	false
sample_B	2985	1059.1	false
sample_B	2986	1068.7	false
sample_B	2987	865.2	false
sample_B	2988	929.5	false
sample_B	2989	904.6	false
sample_B	2990	1068.7	false
sample_B	2991	1077.6	false
sample_B	2992	1061.2	false
sample_B	2993	982.4	false
sample_B	2994	877.9	false
sample_B	2995	843.9	false
sample_B	2996	966.0	false
sample_B	2997	1090.9	false
sample_B	2998	877.9	false
sample_B	2999	941.4	false
sample_B	3000	884.6	false
sample_B	3001	1043.6	false
sample_B	3002	971.1	false
sample_B	3003	1054.5	false
sample_B	3004	956.9	false
sample_B	3005	939.0	false
sample_B	3006	1056.2	false
sample_B	3007	998.2	false
sample_B	3008	968.5	false
sample_B	3009	918.0	false
sample_B	3010	935.2	false
sample_B	3011	937.5	false
sample_B	3012	1061.6	false
sample_B	3013	833.1	false
sample_B	3014	910.8	false
sample_B	3015	832.3	false
sample_B	3016	963.3	false
sample_B	3017	972.9	false
sample_B	3018	1080.9	false
sample_B	3019	959.5	false
sample_B	3020	1089.8	false
sample_B	3021	866.6	false
sample_B	3022	1042.6	false
sample_B	3023	882.5	false
sample_B	3024	895.0	false
sample_B	3025	1075.8	false
sample_B	3026	925.4	false
sample_B	3027	911.2	false
sample_B	3028	966.8	false
sample_B	3029	1110.9	false
sample_B	3030	1021.3	false
sample_B	3031	1048.8	false
sample_B	3032	1114.0	false
sample_B	3033	1066.9	false
sample_B	3034	962.3	false
sample_B	3035	904.8	false
sample_B	3036	926.1	false
sample_B	3037	1010.6	false
sample_B	3038	1090.9	false
sample_B	3039	1028.0	false
sample_B	3040	1038.4	false
sample_B	3041	1050.8	false
sample_B	3042	1059.5	false
sample_B	3043	920.6	false
sample_B	3044	1111.7	false
sample_B	3045	891.9	false
sample_B	3046	1049.3	false
sample_B	3047	997.7	false
sample_B	3048	1038.6	false
sample_B	3049	1039.7	false
sample_B	3050	930.2	false
sample_B	3051	1047.6	false
sample_B	3052	967.6	false
sample_B	3053	883.0	false
sample_B	3054	986.8	false
sample_B	3055	839.5	false
sample_B	3056	1030.4	false
sample_B	3057	997.1	false
sample_B	3058	1046.0	false
sample_B	3059	1096.3	false
sample_B	3060	918.8	false
sample_B	3061	1064.4	false
sample_B	3062	888.1	false
sample_B	3063	947.8	false
sample_B	3064	997.9	false
sample_B	3065	954.8	false
sample_B	3066	1017.4	false
sample_B	3067	888.2	false
sample_B	3068	942.2	false
sample_B	3069	987.3	false
sample_B	3070	890.2	false
sample_B	3071	815.8	false
sample_B	3072	1032.4	false
sample_B	3073	982.5	false
sample_B	3074	832.4	false
sample_B	3075	1063.1	false
sample_B	3076	1071.7	false
sample_B	3077	883.9	false
sample_B	3078	821.3	false
sample_B	3079	882.2	false
sample_B	3080	935.0	false
sample_B	3081	1035.3	false
sample_B	3082	940.0	false
sample_B	3083	874.8	false
sample_B	3084	865.3	false
sample_B	3085	1057.5	false
sample_B	3086	1028.7	false
sample_B	3087	971.1	false
sample_B	3088	1078.8	false
sample_B	3089	1042.4	false
sample_B	3090	995.4	false
sample_B	3091	946.4	false
sample_B	3092	923.3	false
sample_B	3093	876.3	false
sample_B	3094	1066.7	false
sample_B	3095	914.4	false
sample_B	3096	1027.1	false
sample_B	3097	936.1	false
sample_B	3098	879.8	false
sample_B	3099	1022.2	false
sample_B	3100	879.4	false
sample_B	3101	900.2	false
sample_B	3102	1049.8	false
sample_B	3103	968.9	false
sample_B	3104	886.8	false
sample_B	3105	1018.1	false
sample_B	3106	807.8	false
sample_B	3107	1040.2	false
sample_B	3108	1001.7	false
sample_B	3109	821.9	false
sample_B	3110	1082.0	false
sample_B	3111	838.0	false
sample_B	3112	1065.6	false
sample_B	3113	934.9	false
sample_B	3114	967.2	false
sample_B	3115	1013.4	false
sample_B	3116	904.8	false
sample_B	3117	943.3	false
sample_B	3118	1069.9	false
sample_B	3119	1054.2	false
sample_B	3120	902.8	false
sample_B	3121	941.0	false
sample_B	3122	953.7	false
sample_B	3123	827.0	false
sample_B	3124	819.7	false
sample_B	3125	902.3	false
sample_B	3126	947.4	false
sample_B	3127	1040.6	false
sample_B	3128	870.9	false
sample_B	3129	977.8	false
sample_B	3130	824.1	false
sample_B	3131	809.9	false
sample_B	3132	933.8	false
sample_B	3133	804.7	false
sample_B	3134	896.6	false
sample_B	3135	898.2	false
sample_B	3136	903.6	false
sample_B	3137	910.1	false
sample_B	3138	820.9	false
sample_B	3139	938.4	false
sample_B	3140	877.7	false
sample_B	3141	934.7	false
sample_B	3142	1045.5	false
sample_B	3143	983.0	false
sample_B	3144	870.0	false
sample_B	3145	899.8	false
sample_B	3146	858.6	false
sample_B	3147	983.7	false
sample_B	3148	837.9	false
sample_B	3149	977.2	false
sample_B	3150	828.9	false
sample_B	3151	856.6	false
sample_B	3152	884.4	false
sample_B	3153	1009.2	false
sample_B	3154	1047.5	false
sample_B	3155	1046.4	false
sample_B	3156	840.9	false
sample_B	3157	865.4	false
sample_B	3158	982.9	false
sample_B	3159	1048.1	false
sample_B	3160	1030.4	false
sample_B	3161	868.8	false
sample_B	3162	915.7	false
sample_B	3163	971.3	false
sample_B	3164	834.7	false
sample_B	3165	1013.9	false
sample_B	3166	798.5	false
sample_B	3167	934.1	false
sample_B	3168	871.2	false
sample_B	3169	990.1	false
sample_B	3170	891.3	false
sample_B	3171	1044.2	false
sample_B	3172	820.2	false
sample_B	3173	946.8	false
sample_B	3174	1050.4	false
sample_B	3175	853.9	false
sample_B	3176	872.1	false
sample_B	3177	1033.0	false
sample_B	3178	892.4	false
sample_B	3179	829.4	false
sample_B	3180	941.1	false
sample_B	3181	931.5	false
sample_B	3182	963.8	false
sample_B	3183	1027.6	false
sample_B	3184	931.1	false
sample_B	3185	961.2	false
sample_B	3186	818.8	false
sample_B	3187	855.2	false
sample_B	3188	828.2	false
sample_B	3189	799.7	false
sample_B	3190	911.8	false
sample_B	3191	897.5	false
sample_B	3192	807.1	false
sample_B	3193	921.3	false
sample_B	3194	1008.0	false
sample_B	3195	812.6	false
sample_B	3196	834.2	false
sample_B	3197	865.6	false
sample_B	3198	815.3	false
sample_B	3199	1024.3	false
sample_B	3200	967.6	false
sample_B	3201	957.4	false
sample_B	3202	890.4	false
sample_B	3203	870.7	false
sample_B	3204	821.4	false
sample_B	3205	1030.7	false
sample_B	3206	961.2	false
sample_B	3207	1007.2	false
sample_B	3208	944.2	false
sample_B	3209	875.3	false
sample_B	3210	909.9	false
sample_B	3211	1046.3	false
sample_B	3212	959.8	false
sample_B	3213	832.7	false
sample_B	3214	1035.9	false
sample_B	3215	849.4	false
sample_B	3216	964.4	false
sample_B	3217	973.4	false
sample_B	3218	966.9	false
sample_B	3219	1012.8	false
sample_B	3220	796.2	false
sample_B	3221	995.7	false
sample_B	3222	821.8	false
sample_B	3223	821.8	false
sample_B	3224	873.4	false
sample_B	3225	799.6	false
sample_B	3226	815.1	false
sample_B	3227	940.1	false
sample_B	3228	979.7	false
sample_B	3229	984.1	false
sample_B	3230	962.0	false
sample_B	3231	853.6	false
sample_B	3232	803.3	false
sample_B	3233	848.2	false
sample_B	3234	1015.1	false
sample_B	3235	1017.4	false
sample_B	3236	935.6	false
sample_B	3237	1019.7	false
sample_B	3238	831.4	false
sample_B	3239	944.9	false
sample_B	3240	916.7	false
sample_B	3241	936.1	false
sample_B	3242	807.4	false
sample_B	3243	780.6	false
sample_B	3244	979.6	false
sample_B	3245	949.3	false
sample_B	3246	814.3	false
sample_B	3247	840.8	false
sample_B	3248	956.2	false
sample_B	3249	839.3	false
sample_B	3250	897.4	false
sample_B	3251	926.9	false
sample_B	3252	992.9	false
sample_B	3253	1015.6	false
sample_B	3254	929.2	false
sample_B	3255	999.6	false
sample_B	3256	829.0	false
sample_B	3257	859.9	false
sample_B	3258	851.5	false
sample_B	3259	893.4	false
sample_B	3260	778.0	false
sample_B	3261	901.6	false
sample_B	3262	894.9	false
sample_B	3263	794.0	false
sample_B	3264	897.2	false
sample_B	3265	921.8	false
sample_B	3266	986.3	false
sample_B	3267	895.7	false
sample_B	3268	795.6	false
sample_B	3269	902.1	false
sample_B	3270	958.6	false
sample_B	3271	792.8	false
sample_B	3272	812.0	false
sample_B	3273	792.4	false
sample_B	3274	936.1	false
sample_B	3275	925.6	false
sample_B	3276	1019.5	false
sample_B	3277	853.5	false
sample_B	3278	959.0	false
sample_B	3279	928.6	false
sample_B	3280	801.7	false
sample_B	3281	910.8	false
sample_B	3282	767.7	false
sample_B	3283	995.2	false
sample_B	3284	768.4	false
sample_B	3285	779.2	false
sample_B	3286	824.9	false
sample_B	3287	1018.7	false
sample_B	3288	841.6	false
sample_B	3289	858.6	false
sample_B	3290	764.9	false
sample_B	3291	899.8	false
sample_B	3292	914.0	false
sample_B	3293	900.5	false
sample_B	3294	752.8	false
sample_B	3295	926.0	false
sample_B	3296	783.7	false
sample_B	3297	950.9	false
sample_B	3298	988.8	false
sample_B	3299	904.1	false
sample_B	3300	960.7	false
sample_B	3301	787.7	false
sample_B	3302	825.0	false
sample_B	3303	942.9	false
sample_B	3304	1002.7	false
sample_B	3305	1008.4	false
sample_B	3306	862.4	false
sample_B	3307	815.3	false
sample_B	3308	991.8	false
sample_B	3309	843.3	false
sample_B	3310	1005.0	false
sample_B	3311	815.1	false
sample_B	3312	867.4	false
sample_B	3313	843.5	false
sample_B	3314	865.4	false
sample_B	3315	857.9	false
sample_B	3316	970.1	false
sample_B	3317	953.2	false
sample_B	3318	917.5	false
sample_B	3319	870.4	false
sample_B	3320	770.2	false
sample_B	3321	958.5	false
sample_B	3322	984.4	false
sample_B	3323	973.8	false
sample_B	3324	858.3	false
sample_B	3325	962.1	false
sample_B	3326	755.3	false
sample_B	3327	798.3	false
sample_B	3328	910.7	false
sample_B	3329	790.7	false
sample_B	3330	800.5	false
sample_B	3331	988.3	false
sample_B	3332	985.1	false
sample_B	3333	969.6	false
sample_B	3334	847.3	false
sample_B	3335	949.2	false
sample_B	3336	967.4	false
sample_B	3337	824.4	false
sample_B	3338	764.1	false
sample_B	3339	905.1	false
sample_B	3340	995.2	false
sample_B	3341	759.8	false
sample_B	3342	937.3	false
sample_B	3343	935.4	false
sample_B	3344	850.5	false
sample_B	3345	928.6	false
sample_B	3346	809.5	false
sample_B	3347	944.9	false
sample_B	3348	774.6	false
sample_B	3349	744.2	false
sample_B	3350	836.6	false
sample_B	3351	788.8	false
sample_B	3352	933.0	false
sample_B	3353	862.8	false
sample_B	3354	978.0	false
sample_B	3355	997.0	false
sample_B	3356	926.8	false
sample_B	3357	847.6	false
sample_B	3358	839.9	false
sample_B	3359	867.0	false
sample_B	3360	891.7	false
sample_B	3361	801.2	false
sample_B	3362	937.4	false
sample_B	3363	938.9	false
sample_B	3364	841.4	false
sample_B	3365	886.6	false
sample_B	3366	833.3	false
sample_B	3367	971.7	false
sample_B	3368	768.1	false
sample_B	3369	990.1	false
sample_B	3370	834.3	false
sample_B	3371	747.9	false
sample_B	3372	776.4	false
sample_B	3373	924.0	false
sample_B	3374	943.5	false
sample_B	3375	898.7	false
sample_B	3376	907.3	false
sample_B	3377	777.3	false
sample_B	3378	748.3	false
sample_B	3379	732.4	false
sample_B	3380	913.2	false
sample_B	3381	812.4	false
sample_B	3382	825.1	false
sample_B	3383	987.9	false
sample_B	3384	810.7	false
sample_B	3385	807.0	false
sample_B	3386	852.8	false
sample_B	3387	764.5	false
sample_B	3388	904.1	false
sample_B	3389	764.0	false
sample_B	3390	775.6	false
sample_B	3391	851.1	false
sample_B	3392	736.1	false
sample_B	3393	853.0	false
sample_B	3394	961.9	false
sample_B	3395	822.0	false
sample_B	3396	800.3	false
sample_B	3397	729.6	false
sample_B	3398	811.0	false
sample_B	3399	785.0	false
sample_B	3400	844.8	false
sample_B	3401	844.8	false
sample_B	3402	806.3	false
sample_B	3403	889.2	false
sample_B	3404	727.0	false
sample_B	3405	822.5	false
sample_B	3406	924.6	false
sample_B	3407	899.3	false
sample_B	3408	782.2	false
sample_B	3409	741.6	false
sample_B	3410	897.7	false
sample_B	3411	852.5	false
sample_B	3412	930.8	false
sample_B	3413	967.0	false
sample_B	3414	815.8	false
sample_B	3415	908.9	false
sample_B	3416	821.4	false
sample_B	3417	920.1	false
sample_B	3418	940.6	false
sample_B	3419	910.9	false
sample_B	3420	961.9	false
sample_B	3421	724.9	false
sample_B	3422	777.7	false
sample_B	3423	734.3	false
sample_B	3424	829.9	false
sample_B	3425	771.0	false
sample_B	3426	867.2	false
sample_B	3427	801.0	false
sample_B	3428	770.9	false
sample_B	3429	949.1	false
sample_B	3430	932.3	false
sample_B	3431	893.3	false
sample_B	3432	928.9	false
sample_B	3433	815.8	false
sample_B	3434	933.3	false
sample_B	3435	753.8	false
sample_B	3436	918.4	false
sample_B	3437	783.9	false
sample_B	3438	909.0	false
sample_B	3439	923.1	false
sample_B	3440	775.4	false
sample_B	3441	751.9	false
sample_B	3442	945.8	false
sample_B	3443	733.2	false
sample_B	3444	967.1	false
sample_B	3445	887.3	false
sample_B	3446	868.7	false
sample_B	3447	721.3	false
sample_B	3448	727.5	false
sample_B	3449	926.3	false
sample_B	3450	877.6	false
sample_B	3451	716.9	false
sample_B	3452	904.9	false
sample_B	3453	915.3	false
sample_B	3454	890.2	false
sample_B	3455	903.1	false
sample_B	3456	855.5	false
sample_B	3457	951.0	false
sample_B	3458	820.6	false
sample_B	3459	958.0	false
sample_B	3460	951.9	false
sample_B	3461	877.4	false
sample_B	3462	827.1	false
sample_B	3463	787.6	false
sample_B	3464	858.8	false
sample_B	3465	734.8	false
sample_B	3466	852.5	false
sample_B	3467	884.9	false
sample_B	3468	870.3	false
sample_B	3469	715.4	false
sample_B	3470	922.6	false
sample_B	3471	842.9	false
sample_B	3472	902.0	false
sample_B	3473	745.2	false
sample_B	3474	816.0	false
sample_B	3475	900.6	false
sample_B	3476	744.8	false
sample_B	3477	745.1	false
sample_B	3478	943.5	false
sample_B	3479	759.3	false
sample_B	3480	938.7	false
sample_B	3481	841.4	false
sample_B	3482	813.5	false
sample_B	3483	737.9	false
sample_B	3484	707.6	false
sample_B	3485	829.6	false
sample_B	3486	910.6	false
sample_B	3487	756.9	false
sample_B	3488	724.1	false
sample_B	3489	753.9	false
sample_B	3490	772.8	false
sample_B	3491	724.9	false
sample_B	3492	751.7	false
sample_B	3493	868.7	false
sample_B	3494	748.0	false
sample_B	3495	838.8	false
sample_B	3496	746.4	false
sample_B	3497	919.7	false
sample_B	3498	910.5	false
sample_B	3499	938.7	false
sample_B	3500	779.9	false
sample_B	3501	742.7	false
sample_B	3502	784.5	false
sample_B	3503	800.4	false
sample_B	3504	751.3	false
sample_B	3505	906.0	false
sample_B	3506	927.1	false
sample_B	3507	857.5	false
sample_B	3508	927.0	false
sample_B	3509	922.7	false
sample_B	3510	731.2	false
sample_B	3511	863.4	false
sample_B	3512	798.1	false
sample_B	3513	849.8	false
sample_B	3514	904.8	false
sample_B	3515	724.9	false
sample_B	3516	914.1	false
sample_B	3517	850.6	false
sample_B	3518	799.2	false
sample_B	3519	722.5	false
sample_B	3520	876.8	false
sample_B	3521	825.4	false
sample_B	3522	828.9	false
sample_B	3523	775.2	false
sample_B	3524	722.0	false
sample_B	3525	824.7	false
sample_B	3526	713.6	false
sample_B	3527	725.2	false
sample_B	3528	849.3	false
sample_B	3529	849.6	false
sample_B	3530	939.6	false
sample_B	3531	743.4	false
sample_B	3532	911.6	false
sample_B	3533	878.4	false
sample_B	3534	746.0	false
sample_B	3535	719.0	false
sample_B	3536	828.2	false
sample_B	3537	737.9	false
sample_B	3538	757.0	false
sample_B	3539	701.4	false
sample_B	3540	939.0	false
sample_B	3541	868.3	false
sample_B	3542	785.6	false
sample_B	3543	921.9	false
sample_B	3544	855.7	false
sample_B	3545	822.0	false
sample_B	3546	709.8	false
sample_B	3547	727.2	false
sample_B	3548	876.9	false
sample_B	3549	793.9	false
sample_B	3550	711.7	false
sample_B	3551	707.9	false
sample_B	3552	872.5	false
sample_B	3553	779.0	false
sample_B	3554	917.1	false
sample_B	3555	886.3	false
sample_B	3556	794.2	false
sample_B	3557	695.5	false
sample_B	3558	698.6	false
sample_B	3559	867.1	false
sample_B	3560	764.4	false
sample_B	3561	888.5	false
sample_B	3562	867.6	false
sample_B	3563	801.5	false
sample_B	3564	690.6	false
sample_B	3565	931.6	false
sample_B	3566	869.8	false
sample_B	3567	839.2	false
sample_B	3568	826.1	false
sample_B	3569	800.8	false
sample_B	3570	862.4	false
sample_B	3571	688.3	false
sample_B	3572	769.6	false
sample_B	3573	765.9	false
sample_B	3574	790.4	false
sample_B	3575	854.5	false
sample_B	3576	782.7	false
sample_B	3577	800.4	false
sample_B	3578	855.0	false
sample_B	3579	910.6	false
sample_B	3580	834.0	false
sample_B	3581	768.1	false
sample_B	3582	893.0	false
sample_B	3583	877.6	false
sample_B	3584	765.8	false
sample_B	3585	710.5	false
sample_B	3586	833.3	false
sample_B	3587	726.3	false
sample_B	3588	830.1	false
sample_B	3589	835.2	false
sample_B	3590	789.9	false
sample_B	3591	733.1	false
sample_B	3592	901.1	false
sample_B	3593	817.0	false
sample_B	3594	862.6	false
sample_B	3595	704.7	false
sample_B	3596	902.2	false
sample_B	3597	771.8	false
sample_B	3598	905.0	false
sample_B	3599	723.8	false
sample_B	3600	818.9	false
sample_B	3601	760.2	false
sample_B	3602	682.4	false
sample_B	3603	837.9	false
sample_B	3604	871.7	false
sample_B	3605	834.6	false
sample_B	3606	773.5	false
sample_B	3607	730.0	false
sample_B	3608	793.9	false
sample_B	3609	693.2	false
sample_B	3610	739.7	false
sample_B	3611	785.3	false
sample_B	3612	734.9	false
sample_B	3613	740.3	false
sample_B	3614	762.5	false
sample_B	3615	785.8	false
sample_B	3616	890.9	false
sample_B	3617	753.1	false
sample_B	3618	859.0	false
sample_B	3619	901.1	false
sample_B	3620	783.7	false
sample_B	3621	819.9	false
sample_B	3622	718.5	false
sample_B	3623	696.1	false
sample_B	3624	874.8	false
sample_B	3625	694.3	false
sample_B	3626	888.3	false
sample_B	3627	692.8	false
sample_B	3628	849.3	false
sample_B	3629	831.1	false
sample_B	3630	781.9	false
sample_B	3631	889.0	false
sample_B	3632	783.5	false
sample_B	3633	690.6	false
sample_B	3634	812.3	false
sample_B	3635	905.0	false
sample_B	3636	732.5	false
sample_B	3637	677.7	false
sample_B	3638	750.3	false
sample_B	3639	746.1	false
sample_B	3640	703.5	false
sample_B	3641	903.6	false
sample_B	3642	791.9	false
sample_B	3643	802.0	false
sample_B	3644	897.8	false
sample_B	3645	787.3	false
sample_B	3646	760.1	false
sample_B	3647	890.6	false
sample_B	3648	868.2	false
sample_B	3649	786.0	false
sample_B	3650	792.0	false
sample_B	3651	760.9	false
sample_B	3652	682.4	false
sample_B	3653	882.6	false
sample_B	3654	834.3	false
sample_B	3655	812.5	false
sample_B	3656	701.8	false
sample_B	3657	852.8	false
sample_B	3658	828.7	false
sample_B	3659	886.3	false
sample_B	3660	847.4	false
sample_B	3661	879.0	false
sample_B	3662	774.8	false
sample_B	3663	843.4	false
sample_B	3664	688.9	false
sample_B	3665	729.7	false
sample_B	3666	712.6	false
sample_B	3667	724.4	false
sample_B	3668	835.1	false
sample_B	3669	679.8	false
sample_B	3670	850.9	false
sample_B	3671	729.7	false
sample_B	3672	900.1	false
sample_B	3673	707.9	false
sample_B	3674	788.6	false
sample_B	3675	773.9	false
sample_B	3676	697.9	false
sample_B	3677	692.3	false
sample_B	3678	716.4	false
sample_B	3679	894.3	false
sample_B	3680	735.1	false
sample_B	3681	850.9	false
sample_B	3682	737.0	false
sample_B	3683	893.5	false
sample_B	3684	898.5	false
sample_B	3685	767.6	false
sample_B	3686	693.6	false
sample_B	3687	819.9	false
sample_B	3688	897.2	false
sample_B	3689	786.6	false
sample_B	3690	855.4	false
sample_B	3691	677.8	false
sample_B	3692	755.5	false
sample_B	3693	689.9	false
sample_B	3694	665.6	false
sample_B	3695	799.8	false
sample_B	3696	830.7	false
sample_B	3697	886.4	false
sample_B	3698	783.3	false
sample_B	3699	762.1	false
sample_B	3700	849.1	false
sample_B	3701	886.5	false
sample_B	3702	679.5	false
sample_B	3703	842.1	false
sample_B	3704	688.1	false
sample_B	3705	741.8	false
sample_B	3706	671.3	false
sample_B	3707	793.7	false
sample_B	3708	857.2	false
sample_B	3709	702.4	false
sample_B	3710	680.0	false
sample_B	3711	722.4	false
sample_B	3712	859.3	false
sample_B	3713	745.1	false
sample_B	3714	680.9	false
sample_B	3715	756.7	false
sample_B	3716	840.7	false
sample_B	3717	694.2	false
sample_B	3718	888.5	false
sample_B	3719	861.7	false
sample_B	3720	694.8	false
sample_B	3721	728.1	false
sample_B	3722	658.6	false
sample_B	3723	844.1	false
sample_B	3724	804.1	false
sample_B	3725	732.4	false
sample_B	3726	839.2	false
sample_B	3727	773.9	false
sample_B	3728	874.7	false
sample_B	3729	689.3	false
sample_B	3730	727.1	false
sample_B	3731	720.7	false
sample_B	3732	782.8	false
sample_B	3733	736.3	false
sample_B	3734	765.8	false
sample_B	3735	694.7	false
sample_B	3736	824.2	false
sample_B	3737	841.7	false
sample_B	3738	680.7	false
sample_B	3739	823.6	false
sample_B	3740	789.0	false
sample_B	3741	791.9	false
sample_B	3742	850.8	false
sample_B	3743	691.1	false
sample_B	3744	858.5	false
sample_B	3745	817.0	false
sample_B	3746	802.8	false
sample_B	3747	667.6	false
sample_B	3748	841.0	false
sample_B	3749	820.6	false
sample_B	3750	840.6	false
sample_B	3751	872.2	false
sample_B	3752	762.3	false
sample_B	3753	756.4	false
sample_B	3754	872.6	false
sample_B	3755	658.5	false
sample_B	3756	850.8	false
sample_B	3757	652.4	false
sample_B	3758	761.2	false
sample_B	3759	776.9	false
sample_B	3760	708.4	false
sample_B	3761	725.6	false
sample_B	3762	689.3	false
sample_B	3763	814.0	false
sample_B	3764	771.1	false
sample_B	3765	681.8	false
sample_B	3766	801.5	false
sample_B	3767	761.4	false
sample_B	3768	712.5	false
sample_B	3769	788.0	false
sample_B	3770	807.8	false
sample_B	3771	728.7	false
sample_B	3772	845.0	false
sample_B	3773	702.9	false
sample_B	3774	716.6	false
sample_B	3775	837.3	false
sample_B	3776	871.1	false
sample_B	3777	735.3	false
sample_B	3778	743.3	false
sample_B	3779	730.9	false
sample_B	3780	787.9	false
sample_B	3781	843.6	false
sample_B	3782	722.1	false
sample_B	3783	827.4	false
sample_B	3784	862.4	false
sample_B	3785	781.4	false
sample_B	3786	770.5	false
sample_B	3787	734.8	false
sample_B	3788	834.7	false
sample_B	3789	760.0	false
sample_B	3790	750.9	false
sample_B	3791	869.6	false
sample_B	3792	788.6	false
sample_B	3793	704.3	false
sample_B	3794	738.2	false
sample_B	3795	673.4	false
sample_B	3796	816.9	false
sample_B	3797	686.2	false
sample_B	3798	771.1	false
sample_B	3799	737.8	false
sample_B	3800	664.8	false
sample_B	3801	736.4	false
sample_B	3802	732.4	false
sample_B	3803	722.4	false
sample_B	3804	672.8	false
sample_B	3805	805.4	false
sample_B	3806	686.6	false
sample_B	3807	793.7	false
sample_B	3808	730.1	false
sample_B	3809	723.4	false
sample_B	3810	664.0	false
sample_B	3811	727.7	false
sample_B	3812	673.7	false
sample_B	3813	684.0	false
sample_B	3814	752.9	false
sample_B	3815	786.2	false
sample_B	3816	805.8	false
sample_B	3817	699.8	false
sample_B	3818	725.2	false
sample_B	3819	761.5	false
sample_B	3820	678.1	false
sample_B	3821	767.7	false
sample_B	3822	766.0	false
sample_B	3823	733.8	false
sample_B	3824	731.9	false
sample_B	3825	727.8	false
sample_B	3826	718.3	false
sample_B	3827	709.8	false
sample_B	3828	784.2	false
sample_B	3829	763.7	false
sample_B	3830	811.6	false
sample_B	3831	769.1	false
sample_B	3832	649.8	false
sample_B	3833	653.5	false
sample_B	3834	663.9	false
sample_B	3835	700.4	false
sample_B	3836	849.3	false
sample_B	3837	683.9	false
sample_B	3838	644.5	false
sample_B	3839	752.3	false
sample_B	3840	855.3	false
sample_B	3841	728.1	false
sample_B	3842	717.1	false
sample_B	3843	846.5	false
sample_B	3844	797.2	false
sample_B	3845	838.1	false
sample_B	3846	673.2	false
sample_B	3847	654.4	false
sample_B	3848	680.2	false
sample_B	3849	653.5	false
sample_B	3850	666.1	false
sample_B	3851	755.0	false
sample_B	3852	648.0	false
sample_B	3853	765.2	false
sample_B	3854	788.3	false
sample_B	3855	674.3	false
sample_B	3856	846.2	false
sample_B	3857	797.7	false
sample_B	3858	824.5	false
sample_B	3859	669.9	false
sample_B	3860	791.2	false
sample_B	3861	766.7	false
sample_B	3862	808.9	false
sample_B	3863	797.7	false
sample_B	3864	698.1	false
sample_B	3865	647.6	false
sample_B	3866	760.1	false
sample_B	3867	782.7	false
sample_B	3868	699.0	false
sample_B	3869	820.9	false
sample_B	3870	653.6	false
sample_B	3871	676.0	false
sample_B	3872	654.1	false
sample_B	3873	825.3	false
sample_B	3874	707.5	false
sample_B	3875	802.9	false
sample_B	3876	833.0	false
sample_B	3877	744.1	false
sample_B	3878	687.5	false
sample_B	3879	689.4	false
sample_B	3880	823.2	false
sample_B	3881	715.8	false
sample_B	3882	798.9	false
sample_B	3883	634.5	false
sample_B	3884	808.2	false
sample_B	3885	680.2	false
sample_B	3886	748.1	false
sample_B	3887	782.0	false
sample_B	3888	773.6	false
sample_B	3889	757.7	false
sample_B	3890	690.2	false
sample_B	3891	723.3	false
sample_B	3892	844.5	false
sample_B	3893	714.7	false
sample_B	3894	806.4	false
sample_B	3895	824.0	false
sample_B	3896	808.8	false
sample_B	3897	627.7	false
sample_B	3898	768.5	false
sample_B	3899	795.2	false
sample_B	3900	822.9	false
sample_B	3901	631.9	false
sample_B	3902	731.1	false
sample_B	3903	827.9	false
sample_B	3904	824.7	false
sample_B	3905	780.9	false
sample_B	3906	816.4	false
sample_B	3907	753.4	false
sample_B	3908	801.3	false
sample_B	3909	771.0	false
sample_B	3910	651.3	false
sample_B	3911	756.8	false
sample_B	3912	703.1	false
sample_B	3913	657.5	false
sample_B	3914	713.1	false
sample_B	3915	709.7	false
sample_B	3916	640.0	false
sample_B	3917	651.8	false
sample_B	3918	803.9	false
sample_B	3919	748.0	false
sample_B	3920	708.6	false
sample_B	3921	722.2	false
sample_B	3922	684.5	false
sample_B	3923	748.5	false
sample_B	3924	670.6	false
sample_B	3925	720.2	false
sample_B	3926	698.3	false
sample_B	3927	663.9	false
sample_B	3928	829.0	false
sample_B	3929	780.5	false
sample_B	3930	739.3	false
sample_B	3931	722.3	false
sample_B	3932	730.6	false
sample_B	3933	725.1	false
sample_B	3934	750.3	false
sample_B	3935	760.2	false
sample_B	3936	793.5	false
sample_B	3937	778.1	false
sample_B	3938	805.5	false
sample_B	3939	813.6	false
sample_B	3940	644.4	false
sample_B	3941	781.3	false
sample_B	3942	830.3	false
sample_B	3943	833.4	false
sample_B	3944	651.4	false
sample_B	3945	645.8	false
sample_B	3946	658.1	false
sample_B	3947	666.3	false
sample_B	3948	639.1	false
sample_B	3949	747.8	false
sample_B	3950	729.3	false
sample_B	3951	746.7	false
sample_B	3952	674.2	false
sample_B	3953	741.7	false
sample_B	3954	722.3	false
sample_B	3955	789.7	false
sample_B	3956	698.7	false
sample_B	3957	830.9	false
sample_B	3958	709.6	false
sample_B	3959	741.8	false
sample_B	3960	823.1	false
sample_B	3961	738.3	false
sample_B	3962	807.4	false
sample_B	3963	762.6	false
sample_B	3964	679.7	false
sample_B	3965	775.8	false
sample_B	3966	682.1	false
sample_B	3967	680.1	false
sample_B	3968	823.9	false
sample_B	3969	621.8	false
sample_B	3970	749.4	false
sample_B	3971	617.7	false
sample_B	3972	801.3	false
sample_B	3973	706.0	false
sample_B	3974	817.7	false
sample_B	3975	674.8	false
sample_B	3976	660.3	false
sample_B	3977	708.7	false
sample_B	3978	618.0	false
sample_B	3979	778.4	false
sample_B	3980	812.0	false
sample_B	3981	627.3	false
sample_B	3982	755.5	false
sample_B	3983	733.6	false
sample_B	3984	719.8	false
sample_B	3985	619.8	false
sample_B	3986	780.3	false
sample_B	3987	616.5	false
sample_B	3988	633.9	false
sample_B	3989	759.3	false
sample_B	3990	656.1	false
sample_B	3991	641.8	false
sample_B	3992	674.0	false
sample_B	3993	747.8	false
sample_B	3994	760.2	false
sample_B	3995	716.0	false
sample_B	3996	629.4	false
sample_B	3997	648.0	false
sample_B	3998	790.1	false
sample_B	3999	748.2	false
sample_B	4000	754.0	false
