chrom	start	end	coverage	sample
chr7	26600000	26602000	1.82	GM12878_CTCF
chr7	26602000	26604000	1.85	GM12878_CTCF
chr7	26604000	26606000	2.16	GM12878_CTCF
chr7	26606000	26608000	2.18	GM12878_CTCF
chr7	26608000	26610000	1.79	GM12878_CTCF
chr7	26610000	26612000	2.02	GM12878_CTCF
chr7	26612000	26614000	2.16	GM12878_CTCF
chr7	26614000	26616000	1.77	GM12878_CTCF
chr7	26616000	26618000	1.96	GM12878_CTCF
chr7	26618000	26620000	1.87	GM12878_CTCF
chr7	26620000	26622000	1.79	GM12878_CTCF
chr7	26622000	26624000	1.77	GM12878_CTCF
chr7	26624000	26626000	2.11	GM12878_CTCF
chr7	26626000	26628000	1.78	GM12878_CTCF
chr7	26628000	26630000	1.72	GM12878_CTCF
chr7	26630000	26632000	2.29	GM12878_CTCF
chr7	26632000	26634000	2.23	GM12878_CTCF
chr7	26634000	26636000	1.88	GM12878_CTCF
chr7	26636000	26638000	1.94	GM12878_CTCF
chr7	26638000	26640000	2.01	GM12878_CTCF
chr7	26640000	26642000	2.26	GM12878_CTCF
chr7	26642000	26644000	2.02	GM12878_CTCF
chr7	26644000	26646000	2.25	GM12878_CTCF
chr7	26646000	26648000	1.95	GM12878_CTCF
chr7	26648000	26650000	2.22	GM12878_CTCF
chr7	26650000	26652000	1.97	GM12878_CTCF
chr7	26652000	26654000	1.91	GM12878_CTCF
chr7	26654000	26656000	1.94	GM12878_CTCF
chr7	26656000	26658000	19.2	GM12878_CTCF
chr7	26658000	26660000	39.37	GM12878_CTCF
chr7	26660000	26662000	2.68	GM12878_CTCF
chr7	26662000	26664000	1.87	GM12878_CTCF
chr7	26664000	26666000	2.17	GM12878_CTCF
chr7	26666000	26668000	1.98	GM12878_CTCF
chr7	26668000	26670000	1.73	GM12878_CTCF
chr7	26670000	26672000	1.98	GM12878_CTCF
chr7	26672000	26674000	1.8	GM12878_CTCF
chr7	26674000	26676000	2.15	GM12878_CTCF
chr7	26676000	26678000	1.81	GM12878_CTCF
chr7	26678000	26680000	2.27	GM12878_CTCF
chr7	26680000	26682000	1.72	GM12878_CTCF
chr7	26682000	26684000	1.92	GM12878_CTCF
chr7	26684000	26686000	2.25	GM12878_CTCF
chr7	26686000	26688000	1.95	GM12878_CTCF
chr7	26688000	26690000	2.29	GM12878_CTCF
chr7	26690000	26692000	2.0	GM12878_CTCF
chr7	26692000	26694000	1.93	GM12878_CTCF
chr7	26694000	26696000	2.18	GM12878_CTCF
chr7	26696000	26698000	2.19	GM12878_CTCF
chr7	26698000	26700000	1.96	GM12878_CTCF
chr7	26700000	26702000	1.7	GM12878_CTCF
chr7	26702000	26704000	1.97	GM12878_CTCF
chr7	26704000	26706000	1.87	GM12878_CTCF
chr7	26706000	26708000	1.84	GM12878_CTCF
chr7	26708000	26710000	2.18	GM12878_CTCF
chr7	26710000	26712000	1.79	GM12878_CTCF
chr7	26712000	26714000	2.2	GM12878_CTCF
chr7	26714000	26716000	1.91	GM12878_CTCF
chr7	26716000	26718000	2.3	GM12878_CTCF
chr7	26718000	26720000	2.12	GM12878_CTCF
chr7	26720000	26722000	1.83	GM12878_CTCF
chr7	26722000	26724000	2.2	GM12878_CTCF
chr7	26724000	26726000	2.14	GM12878_CTCF
chr7	26726000	26728000	2.01	GM12878_CTCF
chr7	26728000	26730000	2.0	GM12878_CTCF
chr7	26730000	26732000	2.17	GM12878_CTCF
chr7	26732000	26734000	1.73	GM12878_CTCF
chr7	26734000	26736000	1.75	GM12878_CTCF
chr7	26736000	26738000	2.1	GM12878_CTCF
chr7	26738000	26740000	1.91	GM12878_CTCF
chr7	26740000	26742000	2.2	GM12878_CTCF
chr7	26742000	26744000	1.71	GM12878_CTCF
chr7	26744000	26746000	2.05	GM12878_CTCF
chr7	26746000	26748000	2.1	GM12878_CTCF
chr7	26748000	26750000	1.74	GM12878_CTCF
chr7	26750000	26752000	1.87	GM12878_CTCF
chr7	26752000	26754000	2.06	GM12878_CTCF
chr7	26754000	26756000	2.03	GM12878_CTCF
chr7	26756000	26758000	1.72	GM12878_CTCF
chr7	26758000	26760000	1.95	GM12878_CTCF
chr7	26760000	26762000	2.22	GM12878_CTCF
chr7	26762000	26764000	1.72	GM12878_CTCF
chr7	26764000	26766000	1.89	GM12878_CTCF
chr7	26766000	26768000	1.83	GM12878_CTCF
chr7	26768000	26770000	1.81	GM12878_CTCF
chr7	26770000	26772000	2.24	GM12878_CTCF
chr7	26772000	26774000	1.97	GM12878_CTCF
chr7	26774000	26776000	2.13	GM12878_CTCF
chr7	26776000	26778000	1.82	GM12878_CTCF
chr7	26778000	26780000	1.72	GM12878_CTCF
chr7	26780000	26782000	1.92	GM12878_CTCF
chr7	26782000	26784000	2.06	GM12878_CTCF
chr7	26784000	26786000	1.83	GM12878_CTCF
chr7	26786000	26788000	2.26	GM12878_CTCF
chr7	26788000	26790000	1.91	GM12878_CTCF
chr7	26790000	26792000	1.98	GM12878_CTCF
chr7	26792000	26794000	2.27	GM12878_CTCF
chr7	26794000	26796000	2.21	GM12878_CTCF
chr7	26796000	26798000	2.22	GM12878_CTCF
chr7	26798000	26800000	1.84	GM12878_CTCF
chr7	26800000	26802000	1.95	GM12878_CTCF
chr7	26802000	26804000	1.91	GM12878_CTCF
chr7	26804000	26806000	2.24	GM12878_CTCF
chr7	26806000	26808000	1.94	GM12878_CTCF
chr7	26808000	26810000	2.28	GM12878_CTCF
chr7	26810000	26812000	1.97	GM12878_CTCF
chr7	26812000	26814000	2.17	GM12878_CTCF
chr7	26814000	26816000	2.02	GM12878_CTCF
chr7	26816000	26818000	2.29	GM12878_CTCF
chr7	26818000	26820000	2.04	GM12878_CTCF
chr7	26820000	26822000	2.27	GM12878_CTCF
chr7	26822000	26824000	1.7	GM12878_CTCF
chr7	26824000	26826000	1.97	GM12878_CTCF
chr7	26826000	26828000	2.18	GM12878_CTCF
chr7	26828000	26830000	2.11	GM12878_CTCF
chr7	26830000	26832000	1.73	GM12878_CTCF
chr7	26832000	26834000	1.84	GM12878_CTCF
chr7	26834000	26836000	1.89	GM12878_CTCF
chr7	26836000	26838000	1.92	GM12878_CTCF
chr7	26838000	26840000	2.27	GM12878_CTCF
chr7	26840000	26842000	1.8	GM12878_CTCF
chr7	26842000	26844000	1.74	GM12878_CTCF
chr7	26844000	26846000	1.73	GM12878_CTCF
chr7	26846000	26848000	1.92	GM12878_CTCF
chr7	26848000	26850000	1.7	GM12878_CTCF
chr7	26850000	26852000	1.99	GM12878_CTCF
chr7	26852000	26854000	1.76	GM12878_CTCF
chr7	26854000	26856000	2.17	GM12878_CTCF
chr7	26856000	26858000	2.0	GM12878_CTCF
chr7	26858000	26860000	2.05	GM12878_CTCF
chr7	26860000	26862000	1.92	GM12878_CTCF
chr7	26862000	26864000	1.89	GM12878_CTCF
chr7	26864000	26866000	2.26	GM12878_CTCF
chr7	26866000	26868000	2.18	GM12878_CTCF
chr7	26868000	26870000	1.78	GM12878_CTCF
chr7	26870000	26872000	1.85	GM12878_CTCF
chr7	26872000	26874000	1.73	GM12878_CTCF
chr7	26874000	26876000	2.09	GM12878_CTCF
chr7	26876000	26878000	4.4	GM12878_CTCF
chr7	26878000	26880000	28.7	GM12878_CTCF
chr7	26880000	26882000	3.43	GM12878_CTCF
chr7	26882000	26884000	2.13	GM12878_CTCF
chr7	26884000	26886000	1.85	GM12878_CTCF
chr7	26886000	26888000	2.15	GM12878_CTCF
chr7	26888000	26890000	1.83	GM12878_CTCF
chr7	26890000	26892000	1.95	GM12878_CTCF
chr7	26892000	26894000	1.87	GM12878_CTCF
chr7	26894000	26896000	2.16	GM12878_CTCF
chr7	26896000	26898000	2.29	GM12878_CTCF
chr7	26898000	26900000	1.73	GM12878_CTCF
chr7	26900000	26902000	2.23	GM12878_CTCF
chr7	26902000	26904000	1.78	GM12878_CTCF
chr7	26904000	26906000	1.79	GM12878_CTCF
chr7	26906000	26908000	1.71	GM12878_CTCF
chr7	26908000	26910000	1.79	GM12878_CTCF
chr7	26910000	26912000	1.87	GM12878_CTCF
chr7	26912000	26914000	1.94	GM12878_CTCF
chr7	26914000	26916000	2.06	GM12878_CTCF
chr7	26916000	26918000	2.15	GM12878_CTCF
chr7	26918000	26920000	1.92	GM12878_CTCF
chr7	26920000	26922000	2.02	GM12878_CTCF
chr7	26922000	26924000	2.11	GM12878_CTCF
chr7	26924000	26926000	2.04	GM12878_CTCF
chr7	26926000	26928000	1.93	GM12878_CTCF
chr7	26928000	26930000	1.87	GM12878_CTCF
chr7	26930000	26932000	2.11	GM12878_CTCF
chr7	26932000	26934000	2.06	GM12878_CTCF
chr7	26934000	26936000	1.88	GM12878_CTCF
chr7	26936000	26938000	1.78	GM12878_CTCF
chr7	26938000	26940000	1.89	GM12878_CTCF
chr7	26940000	26942000	2.29	GM12878_CTCF
chr7	26942000	26944000	2.24	GM12878_CTCF
chr7	26944000	26946000	2.24	GM12878_CTCF
chr7	26946000	26948000	1.98	GM12878_CTCF
chr7	26948000	26950000	1.72	GM12878_CTCF
chr7	26950000	26952000	1.76	GM12878_CTCF
chr7	26952000	26954000	1.74	GM12878_CTCF
chr7	26954000	26956000	1.78	GM12878_CTCF
chr7	26956000	26958000	1.79	GM12878_CTCF
chr7	26958000	26960000	1.95	GM12878_CTCF
chr7	26960000	26962000	1.95	GM12878_CTCF
chr7	26962000	26964000	1.82	GM12878_CTCF
chr7	26964000	26966000	2.33	GM12878_CTCF
chr7	26966000	26968000	15.14	GM12878_CTCF
chr7	26968000	26970000	15.96	GM12878_CTCF
chr7	26970000	26972000	2.17	GM12878_CTCF
chr7	26972000	26974000	2.12	GM12878_CTCF
chr7	26974000	26976000	2.14	GM12878_CTCF
chr7	26976000	26978000	2.22	GM12878_CTCF
chr7	26978000	26980000	1.84	GM12878_CTCF
chr7	26980000	26982000	2.28	GM12878_CTCF
chr7	26982000	26984000	2.0	GM12878_CTCF
chr7	26984000	26986000	1.88	GM12878_CTCF
chr7	26986000	26988000	1.85	GM12878_CTCF
chr7	26988000	26990000	2.16	GM12878_CTCF
chr7	26990000	26992000	1.9	GM12878_CTCF
chr7	26992000	26994000	1.91	GM12878_CTCF
chr7	26994000	26996000	2.06	GM12878_CTCF
chr7	26996000	26998000	2.16	GM12878_CTCF
chr7	26998000	27000000	1.85	GM12878_CTCF
chr7	27000000	27002000	2.03	GM12878_CTCF
chr7	27002000	27004000	1.9	GM12878_CTCF
chr7	27004000	27006000	1.75	GM12878_CTCF
chr7	27006000	27008000	2.12	GM12878_CTCF
chr7	27008000	27010000	1.99	GM12878_CTCF
chr7	27010000	27012000	2.25	GM12878_CTCF
chr7	27012000	27014000	1.85	GM12878_CTCF
chr7	27014000	27016000	2.13	GM12878_CTCF
chr7	27016000	27018000	1.99	GM12878_CTCF
chr7	27018000	27020000	1.94	GM12878_CTCF
chr7	27020000	27022000	2.12	GM12878_CTCF
chr7	27022000	27024000	2.12	GM12878_CTCF
chr7	27024000	27026000	2.08	GM12878_CTCF
chr7	27026000	27028000	2.21	GM12878_CTCF
chr7	27028000	27030000	1.91	GM12878_CTCF
chr7	27030000	27032000	2.03	GM12878_CTCF
chr7	27032000	27034000	1.91	GM12878_CTCF
chr7	27034000	27036000	2.06	GM12878_CTCF
chr7	27036000	27038000	1.94	GM12878_CTCF
chr7	27038000	27040000	1.75	GM12878_CTCF
chr7	27040000	27042000	1.93	GM12878_CTCF
chr7	27042000	27044000	2.14	GM12878_CTCF
chr7	27044000	27046000	2.07	GM12878_CTCF
chr7	27046000	27048000	1.73	GM12878_CTCF
chr7	27048000	27050000	2.02	GM12878_CTCF
chr7	27050000	27052000	2.11	GM12878_CTCF
chr7	27052000	27054000	1.91	GM12878_CTCF
chr7	27054000	27056000	2.21	GM12878_CTCF
chr7	27056000	27058000	2.19	GM12878_CTCF
chr7	27058000	27060000	1.87	GM12878_CTCF
chr7	27060000	27062000	1.7	GM12878_CTCF
chr7	27062000	27064000	1.77	GM12878_CTCF
chr7	27064000	27066000	2.06	GM12878_CTCF
chr7	27066000	27068000	2.29	GM12878_CTCF
chr7	27068000	27070000	2.16	GM12878_CTCF
chr7	27070000	27072000	2.03	GM12878_CTCF
chr7	27072000	27074000	1.73	GM12878_CTCF
chr7	27074000	27076000	1.94	GM12878_CTCF
chr7	27076000	27078000	1.74	GM12878_CTCF
chr7	27078000	27080000	2.24	GM12878_CTCF
chr7	27080000	27082000	1.77	GM12878_CTCF
chr7	27082000	27084000	1.84	GM12878_CTCF
chr7	27084000	27086000	2.06	GM12878_CTCF
chr7	27086000	27088000	1.8	GM12878_CTCF
chr7	27088000	27090000	6.51	GM12878_CTCF
chr7	27090000	27092000	80.81	GM12878_CTCF
chr7	27092000	27094000	8.08	GM12878_CTCF
chr7	27094000	27096000	2.0	GM12878_CTCF
chr7	27096000	27098000	2.28	GM12878_CTCF
chr7	27098000	27100000	2.06	GM12878_CTCF
chr7	27100000	27102000	1.74	GM12878_CTCF
chr7	27102000	27104000	2.18	GM12878_CTCF
chr7	27104000	27106000	2.05	GM12878_CTCF
chr7	27106000	27108000	1.85	GM12878_CTCF
chr7	27108000	27110000	1.82	GM12878_CTCF
chr7	27110000	27112000	2.14	GM12878_CTCF
chr7	27112000	27114000	1.82	GM12878_CTCF
chr7	27114000	27116000	1.95	GM12878_CTCF
chr7	27116000	27118000	1.81	GM12878_CTCF
chr7	27118000	27120000	1.89	GM12878_CTCF
chr7	27120000	27122000	2.14	GM12878_CTCF
chr7	27122000	27124000	1.79	GM12878_CTCF
chr7	27124000	27126000	1.85	GM12878_CTCF
chr7	27126000	27128000	1.72	GM12878_CTCF
chr7	27128000	27130000	1.74	GM12878_CTCF
chr7	27130000	27132000	2.28	GM12878_CTCF
chr7	27132000	27134000	1.81	GM12878_CTCF
chr7	27134000	27136000	1.76	GM12878_CTCF
chr7	27136000	27138000	1.97	GM12878_CTCF
chr7	27138000	27140000	1.98	GM12878_CTCF
chr7	27140000	27142000	1.82	GM12878_CTCF
chr7	27142000	27144000	1.94	GM12878_CTCF
chr7	27144000	27146000	1.9	GM12878_CTCF
chr7	27146000	27148000	1.98	GM12878_CTCF
chr7	27148000	27150000	1.96	GM12878_CTCF
chr7	27150000	27152000	2.28	GM12878_CTCF
chr7	27152000	27154000	2.07	GM12878_CTCF
chr7	27154000	27156000	2.06	GM12878_CTCF
chr7	27156000	27158000	2.29	GM12878_CTCF
chr7	27158000	27160000	2.18	GM12878_CTCF
chr7	27160000	27162000	1.92	GM12878_CTCF
chr7	27162000	27164000	2.05	GM12878_CTCF
chr7	27164000	27166000	2.06	GM12878_CTCF
chr7	27166000	27168000	2.17	GM12878_CTCF
chr7	27168000	27170000	1.81	GM12878_CTCF
chr7	27170000	27172000	1.76	GM12878_CTCF
chr7	27172000	27174000	2.14	GM12878_CTCF
chr7	27174000	27176000	2.28	GM12878_CTCF
chr7	27176000	27178000	2.32	GM12878_CTCF
chr7	27178000	27180000	16.25	GM12878_CTCF
chr7	27180000	27182000	6.58	GM12878_CTCF
chr7	27182000	27184000	2.15	GM12878_CTCF
chr7	27184000	27186000	1.84	GM12878_CTCF
chr7	27186000	27188000	1.82	GM12878_CTCF
chr7	27188000	27190000	2.22	GM12878_CTCF
chr7	27190000	27192000	2.23	GM12878_CTCF
chr7	27192000	27194000	2.09	GM12878_CTCF
chr7	27194000	27196000	2.14	GM12878_CTCF
chr7	27196000	27198000	2.13	GM12878_CTCF
chr7	27198000	27200000	2.22	GM12878_CTCF
chr7	27200000	27202000	2.2	GM12878_CTCF
chr7	27202000	27204000	1.76	GM12878_CTCF
chr7	27204000	27206000	1.95	GM12878_CTCF
chr7	27206000	27208000	1.74	GM12878_CTCF
chr7	27208000	27210000	1.99	GM12878_CTCF
chr7	27210000	27212000	2.11	GM12878_CTCF
chr7	27212000	27214000	2.29	GM12878_CTCF
chr7	27214000	27216000	2.09	GM12878_CTCF
chr7	27216000	27218000	2.19	GM12878_CTCF
chr7	27218000	27220000	1.79	GM12878_CTCF
chr7	27220000	27222000	1.74	GM12878_CTCF
chr7	27222000	27224000	1.94	GM12878_CTCF
chr7	27224000	27226000	1.81	GM12878_CTCF
chr7	27226000	27228000	1.98	GM12878_CTCF
chr7	27228000	27230000	2.14	GM12878_CTCF
chr7	27230000	27232000	2.15	GM12878_CTCF
chr7	27232000	27234000	2.09	GM12878_CTCF
chr7	27234000	27236000	2.02	GM12878_CTCF
chr7	27236000	27238000	2.19	GM12878_CTCF
chr7	27238000	27240000	1.73	GM12878_CTCF
chr7	27240000	27242000	1.9	GM12878_CTCF
chr7	27242000	27244000	2.15	GM12878_CTCF
chr7	27244000	27246000	2.06	GM12878_CTCF
chr7	27246000	27248000	2.11	GM12878_CTCF
chr7	27248000	27250000	1.98	GM12878_CTCF
chr7	27250000	27252000	1.86	GM12878_CTCF
chr7	27252000	27254000	2.0	GM12878_CTCF
chr7	27254000	27256000	1.9	GM12878_CTCF
chr7	27256000	27258000	2.25	GM12878_CTCF
chr7	27258000	27260000	5.94	GM12878_CTCF
chr7	27260000	27262000	57.94	GM12878_CTCF
chr7	27262000	27264000	5.81	GM12878_CTCF
chr7	27264000	27266000	1.71	GM12878_CTCF
chr7	27266000	27268000	2.25	GM12878_CTCF
chr7	27268000	27270000	1.81	GM12878_CTCF
chr7	27270000	27272000	25.73	GM12878_CTCF
chr7	27272000	27274000	26.91	GM12878_CTCF
chr7	27274000	27276000	1.88	GM12878_CTCF
chr7	27276000	27278000	1.85	GM12878_CTCF
chr7	27278000	27280000	1.8	GM12878_CTCF
chr7	27280000	27282000	1.97	GM12878_CTCF
chr7	27282000	27284000	2.02	GM12878_CTCF
chr7	27284000	27286000	2.3	GM12878_CTCF
chr7	27286000	27288000	2.19	GM12878_CTCF
chr7	27288000	27290000	2.09	GM12878_CTCF
chr7	27290000	27292000	1.74	GM12878_CTCF
chr7	27292000	27294000	2.22	GM12878_CTCF
chr7	27294000	27296000	2.07	GM12878_CTCF
chr7	27296000	27298000	1.94	GM12878_CTCF
chr7	27298000	27300000	1.82	GM12878_CTCF
chr7	27300000	27302000	2.15	GM12878_CTCF
chr7	27302000	27304000	2.24	GM12878_CTCF
chr7	27304000	27306000	1.75	GM12878_CTCF
chr7	27306000	27308000	1.91	GM12878_CTCF
chr7	27308000	27310000	1.82	GM12878_CTCF
chr7	27310000	27312000	1.75	GM12878_CTCF
chr7	27312000	27314000	2.18	GM12878_CTCF
chr7	27314000	27316000	2.29	GM12878_CTCF
chr7	27316000	27318000	2.1	GM12878_CTCF
chr7	27318000	27320000	2.23	GM12878_CTCF
chr7	27320000	27322000	1.99	GM12878_CTCF
chr7	27322000	27324000	1.81	GM12878_CTCF
chr7	27324000	27326000	2.01	GM12878_CTCF
chr7	27326000	27328000	1.84	GM12878_CTCF
chr7	27328000	27330000	2.37	GM12878_CTCF
chr7	27330000	27332000	17.15	GM12878_CTCF
chr7	27332000	27334000	10.6	GM12878_CTCF
chr7	27334000	27336000	2.05	GM12878_CTCF
chr7	27336000	27338000	1.78	GM12878_CTCF
chr7	27338000	27340000	2.15	GM12878_CTCF
chr7	27340000	27342000	1.98	GM12878_CTCF
chr7	27342000	27344000	2.02	GM12878_CTCF
chr7	27344000	27346000	2.07	GM12878_CTCF
chr7	27346000	27348000	2.13	GM12878_CTCF
chr7	27348000	27350000	2.01	GM12878_CTCF
chr7	27350000	27352000	2.17	GM12878_CTCF
chr7	27352000	27354000	2.23	GM12878_CTCF
chr7	27354000	27356000	1.95	GM12878_CTCF
chr7	27356000	27358000	1.97	GM12878_CTCF
chr7	27358000	27360000	2.03	GM12878_CTCF
chr7	27360000	27362000	2.28	GM12878_CTCF
chr7	27362000	27364000	2.04	GM12878_CTCF
chr7	27364000	27366000	2.23	GM12878_CTCF
chr7	27366000	27368000	1.88	GM12878_CTCF
chr7	27368000	27370000	1.75	GM12878_CTCF
chr7	27370000	27372000	2.0	GM12878_CTCF
chr7	27372000	27374000	1.75	GM12878_CTCF
chr7	27374000	27376000	2.2	GM12878_CTCF
chr7	27376000	27378000	1.93	GM12878_CTCF
chr7	27378000	27380000	2.19	GM12878_CTCF
chr7	27380000	27382000	1.72	GM12878_CTCF
chr7	27382000	27384000	1.95	GM12878_CTCF
chr7	27384000	27386000	2.16	GM12878_CTCF
chr7	27386000	27388000	1.82	GM12878_CTCF
chr7	27388000	27390000	1.95	GM12878_CTCF
chr7	27390000	27392000	1.93	GM12878_CTCF
chr7	27392000	27394000	1.98	GM12878_CTCF
chr7	27394000	27396000	2.03	GM12878_CTCF
chr7	27396000	27398000	2.1	GM12878_CTCF
chr7	27398000	27400000	1.82	GM12878_CTCF
chr7	27400000	27402000	2.16	GM12878_CTCF
chr7	27402000	27404000	2.07	GM12878_CTCF
chr7	27404000	27406000	2.29	GM12878_CTCF
chr7	27406000	27408000	2.02	GM12878_CTCF
chr7	27408000	27410000	1.76	GM12878_CTCF
chr7	27410000	27412000	2.15	GM12878_CTCF
chr7	27412000	27414000	1.78	GM12878_CTCF
chr7	27414000	27416000	1.89	GM12878_CTCF
chr7	27416000	27418000	1.77	GM12878_CTCF
chr7	27418000	27420000	1.77	GM12878_CTCF
chr7	27420000	27422000	2.24	GM12878_CTCF
chr7	27422000	27424000	2.25	GM12878_CTCF
chr7	27424000	27426000	2.11	GM12878_CTCF
chr7	27426000	27428000	1.89	GM12878_CTCF
chr7	27428000	27430000	2.18	GM12878_CTCF
chr7	27430000	27432000	1.84	GM12878_CTCF
chr7	27432000	27434000	1.72	GM12878_CTCF
chr7	27434000	27436000	2.2	GM12878_CTCF
chr7	27436000	27438000	2.17	GM12878_CTCF
chr7	27438000	27440000	2.03	GM12878_CTCF
chr7	27440000	27442000	2.25	GM12878_CTCF
chr7	27442000	27444000	2.23	GM12878_CTCF
chr7	27444000	27446000	1.88	GM12878_CTCF
chr7	27446000	27448000	1.7	GM12878_CTCF
chr7	27448000	27450000	1.97	GM12878_CTCF
chr7	27450000	27452000	1.73	GM12878_CTCF
chr7	27452000	27454000	1.89	GM12878_CTCF
chr7	27454000	27456000	1.95	GM12878_CTCF
chr7	27456000	27458000	2.22	GM12878_CTCF
chr7	27458000	27460000	2.24	GM12878_CTCF
chr7	27460000	27462000	1.73	GM12878_CTCF
chr7	27462000	27464000	2.23	GM12878_CTCF
chr7	27464000	27466000	2.29	GM12878_CTCF
chr7	27466000	27468000	1.86	GM12878_CTCF
chr7	27468000	27470000	2.1	GM12878_CTCF
chr7	27470000	27472000	1.98	GM12878_CTCF
chr7	27472000	27474000	1.8	GM12878_CTCF
chr7	27474000	27476000	2.19	GM12878_CTCF
chr7	27476000	27478000	2.17	GM12878_CTCF
chr7	27478000	27480000	2.04	GM12878_CTCF
chr7	27480000	27482000	2.0	GM12878_CTCF
chr7	27482000	27484000	1.74	GM12878_CTCF
chr7	27484000	27486000	2.21	GM12878_CTCF
chr7	27486000	27488000	2.3	GM12878_CTCF
chr7	27488000	27490000	1.76	GM12878_CTCF
chr7	27490000	27492000	2.18	GM12878_CTCF
chr7	27492000	27494000	2.16	GM12878_CTCF
chr7	27494000	27496000	2.2	GM12878_CTCF
chr7	27496000	27498000	2.08	GM12878_CTCF
chr7	27498000	27500000	2.01	GM12878_CTCF
chr7	27500000	27502000	1.88	GM12878_CTCF
chr7	27502000	27504000	2.14	GM12878_CTCF
chr7	27504000	27506000	2.05	GM12878_CTCF
chr7	27506000	27508000	1.73	GM12878_CTCF
chr7	27508000	27510000	1.91	GM12878_CTCF
chr7	27510000	27512000	1.86	GM12878_CTCF
chr7	27512000	27514000	1.71	GM12878_CTCF
chr7	27514000	27516000	1.96	GM12878_CTCF
chr7	27516000	27518000	2.16	GM12878_CTCF
chr7	27518000	27520000	1.94	GM12878_CTCF
chr7	27520000	27522000	1.96	GM12878_CTCF
chr7	27522000	27524000	2.07	GM12878_CTCF
chr7	27524000	27526000	1.73	GM12878_CTCF
chr7	27526000	27528000	1.95	GM12878_CTCF
chr7	27528000	27530000	1.72	GM12878_CTCF
chr7	27530000	27532000	1.92	GM12878_CTCF
chr7	27532000	27534000	2.3	GM12878_CTCF
chr7	27534000	27536000	1.86	GM12878_CTCF
chr7	27536000	27538000	1.92	GM12878_CTCF
chr7	27538000	27540000	1.93	GM12878_CTCF
chr7	27540000	27542000	2.14	GM12878_CTCF
chr7	27542000	27544000	1.78	GM12878_CTCF
chr7	27544000	27546000	1.76	GM12878_CTCF
chr7	27546000	27548000	2.0	GM12878_CTCF
chr7	27548000	27550000	2.03	GM12878_CTCF
chr7	27550000	27552000	1.87	GM12878_CTCF
chr7	27552000	27554000	1.94	GM12878_CTCF
chr7	27554000	27556000	2.07	GM12878_CTCF
chr7	27556000	27558000	2.13	GM12878_CTCF
chr7	27558000	27560000	1.78	GM12878_CTCF
chr7	27560000	27562000	2.24	GM12878_CTCF
chr7	27562000	27564000	1.73	GM12878_CTCF
chr7	27564000	27566000	2.09	GM12878_CTCF
chr7	27566000	27568000	1.84	GM12878_CTCF
chr7	27568000	27570000	1.8	GM12878_CTCF
chr7	27570000	27572000	2.23	GM12878_CTCF
chr7	27572000	27574000	2.12	GM12878_CTCF
chr7	27574000	27576000	2.28	GM12878_CTCF
chr7	27576000	27578000	2.22	GM12878_CTCF
chr7	27578000	27580000	1.99	GM12878_CTCF
chr7	27580000	27582000	1.72	GM12878_CTCF
chr7	27582000	27584000	2.12	GM12878_CTCF
chr7	27584000	27586000	2.09	GM12878_CTCF
chr7	27586000	27588000	2.29	GM12878_CTCF
chr7	27588000	27590000	1.88	GM12878_CTCF
chr7	27590000	27592000	2.2	GM12878_CTCF
chr7	27592000	27594000	2.08	GM12878_CTCF
chr7	27594000	27596000	1.99	GM12878_CTCF
chr7	27596000	27598000	1.87	GM12878_CTCF
chr7	27598000	27600000	1.81	GM12878_CTCF
chr7	27600000	27602000	2.29	GM12878_CTCF
chr7	27602000	27604000	2.07	GM12878_CTCF
chr7	27604000	27606000	2.14	GM12878_CTCF
chr7	27606000	27608000	1.85	GM12878_CTCF
chr7	27608000	27610000	2.21	GM12878_CTCF
chr7	27610000	27612000	1.79	GM12878_CTCF
chr7	27612000	27614000	1.79	GM12878_CTCF
chr7	27614000	27616000	1.98	GM12878_CTCF
chr7	27616000	27618000	1.94	GM12878_CTCF
chr7	27618000	27620000	1.95	GM12878_CTCF
chr7	27620000	27622000	2.2	GM12878_CTCF
chr7	27622000	27624000	1.94	GM12878_CTCF
chr7	27624000	27626000	1.74	GM12878_CTCF
chr7	27626000	27628000	1.96	GM12878_CTCF
chr7	27628000	27630000	1.95	GM12878_CTCF
chr7	27630000	27632000	2.3	GM12878_CTCF
chr7	27632000	27634000	2.12	GM12878_CTCF
chr7	27634000	27636000	1.85	GM12878_CTCF
chr7	27636000	27638000	1.96	GM12878_CTCF
chr7	27638000	27640000	2.2	GM12878_CTCF
chr7	27640000	27642000	1.72	GM12878_CTCF
chr7	27642000	27644000	2.06	GM12878_CTCF
chr7	27644000	27646000	2.04	GM12878_CTCF
chr7	27646000	27648000	9.16	GM12878_CTCF
chr7	27648000	27650000	18.31	GM12878_CTCF
chr7	27650000	27652000	2.11	GM12878_CTCF
chr7	27652000	27654000	1.81	GM12878_CTCF
chr7	27654000	27656000	1.86	GM12878_CTCF
chr7	27656000	27658000	2.05	GM12878_CTCF
chr7	27658000	27660000	1.74	GM12878_CTCF
chr7	27660000	27662000	2.25	GM12878_CTCF
chr7	27662000	27664000	2.13	GM12878_CTCF
chr7	27664000	27666000	2.07	GM12878_CTCF
chr7	27666000	27668000	2.23	GM12878_CTCF
chr7	27668000	27670000	1.81	GM12878_CTCF
chr7	27670000	27672000	1.87	GM12878_CTCF
chr7	27672000	27674000	1.71	GM12878_CTCF
chr7	27674000	27676000	2.25	GM12878_CTCF
chr7	27676000	27678000	1.74	GM12878_CTCF
chr7	27678000	27680000	1.84	GM12878_CTCF
chr7	27680000	27682000	1.71	GM12878_CTCF
chr7	27682000	27684000	1.9	GM12878_CTCF
chr7	27684000	27686000	1.96	GM12878_CTCF
chr7	27686000	27688000	1.88	GM12878_CTCF
chr7	27688000	27690000	1.78	GM12878_CTCF
chr7	27690000	27692000	2.03	GM12878_CTCF
chr7	27692000	27694000	2.27	GM12878_CTCF
chr7	27694000	27696000	1.74	GM12878_CTCF
chr7	27696000	27698000	2.05	GM12878_CTCF
chr7	27698000	27700000	2.18	GM12878_CTCF
chr7	27700000	27702000	1.84	GM12878_CTCF
chr7	27702000	27704000	1.72	GM12878_CTCF
chr7	27704000	27706000	1.75	GM12878_CTCF
chr7	27706000	27708000	1.97	GM12878_CTCF
chr7	27708000	27710000	1.78	GM12878_CTCF
chr7	27710000	27712000	2.0	GM12878_CTCF
chr7	27712000	27714000	1.82	GM12878_CTCF
chr7	27714000	27716000	1.89	GM12878_CTCF
chr7	27716000	27718000	1.78	GM12878_CTCF
chr7	27718000	27720000	1.93	GM12878_CTCF
chr7	27720000	27722000	2.06	GM12878_CTCF
chr7	27722000	27724000	1.87	GM12878_CTCF
chr7	27724000	27726000	2.09	GM12878_CTCF
chr7	27726000	27728000	1.95	GM12878_CTCF
chr7	27728000	27730000	2.04	GM12878_CTCF
chr7	27730000	27732000	1.95	GM12878_CTCF
chr7	27732000	27734000	2.27	GM12878_CTCF
chr7	27734000	27736000	1.89	GM12878_CTCF
chr7	27736000	27738000	1.94	GM12878_CTCF
chr7	27738000	27740000	2.17	GM12878_CTCF
chr7	27740000	27742000	2.2	GM12878_CTCF
chr7	27742000	27744000	2.14	GM12878_CTCF
chr7	27744000	27746000	2.1	GM12878_CTCF
chr7	27746000	27748000	15.17	GM12878_CTCF
chr7	27748000	27750000	17.17	GM12878_CTCF
chr7	27750000	27752000	2.31	GM12878_CTCF
chr7	27752000	27754000	2.21	GM12878_CTCF
chr7	27754000	27756000	2.17	GM12878_CTCF
chr7	27756000	27758000	1.91	GM12878_CTCF
chr7	27758000	27760000	2.13	GM12878_CTCF
chr7	27760000	27762000	2.09	GM12878_CTCF
chr7	27762000	27764000	2.23	GM12878_CTCF
chr7	27764000	27766000	2.11	GM12878_CTCF
chr7	27766000	27768000	2.24	GM12878_CTCF
chr7	27768000	27770000	2.27	GM12878_CTCF
chr7	27770000	27772000	1.8	GM12878_CTCF
chr7	27772000	27774000	1.94	GM12878_CTCF
chr7	27774000	27776000	2.0	GM12878_CTCF
chr7	27776000	27778000	1.84	GM12878_CTCF
chr7	27778000	27780000	1.9	GM12878_CTCF
chr7	27780000	27782000	1.87	GM12878_CTCF
chr7	27782000	27784000	1.88	GM12878_CTCF
chr7	27784000	27786000	2.19	GM12878_CTCF
chr7	27786000	27788000	2.0	GM12878_CTCF
chr7	27788000	27790000	1.88	GM12878_CTCF
chr7	27790000	27792000	2.03	GM12878_CTCF
chr7	27792000	27794000	1.74	GM12878_CTCF
chr7	27794000	27796000	2.2	GM12878_CTCF
chr7	27796000	27798000	2.07	GM12878_CTCF
chr7	27798000	27800000	2.15	GM12878_CTCF
chr7	27800000	27802000	1.8	GM12878_CTCF
chr7	27802000	27804000	2.23	GM12878_CTCF
chr7	27804000	27806000	1.97	GM12878_CTCF
chr7	27806000	27808000	2.14	GM12878_CTCF
chr7	27808000	27810000	2.1	GM12878_CTCF
chr7	27810000	27812000	2.26	GM12878_CTCF
chr7	27812000	27814000	2.28	GM12878_CTCF
chr7	27814000	27816000	2.07	GM12878_CTCF
chr7	27816000	27818000	1.96	GM12878_CTCF
chr7	27818000	27820000	23.38	GM12878_CTCF
chr7	27820000	27822000	56.39	GM12878_CTCF
chr7	27822000	27824000	2.34	GM12878_CTCF
chr7	27824000	27826000	2.1	GM12878_CTCF
chr7	27826000	27828000	2.15	GM12878_CTCF
chr7	27828000	27830000	1.87	GM12878_CTCF
chr7	27830000	27832000	1.91	GM12878_CTCF
chr7	27832000	27834000	2.0	GM12878_CTCF
chr7	27834000	27836000	2.1	GM12878_CTCF
chr7	27836000	27838000	1.89	GM12878_CTCF
chr7	27838000	27840000	1.83	GM12878_CTCF
chr7	27840000	27842000	1.98	GM12878_CTCF
chr7	27842000	27844000	2.01	GM12878_CTCF
chr7	27844000	27846000	2.01	GM12878_CTCF
chr7	27846000	27848000	1.86	GM12878_CTCF
chr7	27848000	27850000	1.85	GM12878_CTCF
chr7	27850000	27852000	1.78	GM12878_CTCF
chr7	27852000	27854000	1.91	GM12878_CTCF
chr7	27854000	27856000	1.83	GM12878_CTCF
chr7	27856000	27858000	1.84	GM12878_CTCF
chr7	27858000	27860000	2.26	GM12878_CTCF
chr7	27860000	27862000	1.88	GM12878_CTCF
chr7	27862000	27864000	1.95	GM12878_CTCF
chr7	27864000	27866000	2.11	GM12878_CTCF
chr7	27866000	27868000	2.15	GM12878_CTCF
chr7	27868000	27870000	1.84	GM12878_CTCF
chr7	27870000	27872000	1.71	GM12878_CTCF
chr7	27872000	27874000	1.91	GM12878_CTCF
chr7	27874000	27876000	2.29	GM12878_CTCF
chr7	27876000	27878000	2.11	GM12878_CTCF
chr7	27878000	27880000	2.16	GM12878_CTCF
chr7	26600000	26602000	2.05	GM12878_H3K27ac
chr7	26602000	26604000	2.23	GM12878_H3K27ac
chr7	26604000	26606000	2.24	GM12878_H3K27ac
chr7	26606000	26608000	1.81	GM12878_H3K27ac
chr7	26608000	26610000	2.08	GM12878_H3K27ac
chr7	26610000	26612000	1.72	GM12878_H3K27ac
chr7	26612000	26614000	1.87	GM12878_H3K27ac
chr7	26614000	26616000	1.96	GM12878_H3K27ac
chr7	26616000	26618000	1.79	GM12878_H3K27ac
chr7	26618000	26620000	1.91	GM12878_H3K27ac
chr7	26620000	26622000	2.18	GM12878_H3K27ac
chr7	26622000	26624000	1.74	GM12878_H3K27ac
chr7	26624000	26626000	2.14	GM12878_H3K27ac
chr7	26626000	26628000	1.78	GM12878_H3K27ac
chr7	26628000	26630000	2.11	GM12878_H3K27ac
chr7	26630000	26632000	2.0	GM12878_H3K27ac
chr7	26632000	26634000	2.3	GM12878_H3K27ac
chr7	26634000	26636000	1.93	GM12878_H3K27ac
chr7	26636000	26638000	1.94	GM12878_H3K27ac
chr7	26638000	26640000	1.81	GM12878_H3K27ac
chr7	26640000	26642000	2.21	GM12878_H3K27ac
chr7	26642000	26644000	2.23	GM12878_H3K27ac
chr7	26644000	26646000	2.28	GM12878_H3K27ac
chr7	26646000	26648000	2.16	GM12878_H3K27ac
chr7	26648000	26650000	2.27	GM12878_H3K27ac
chr7	26650000	26652000	1.97	GM12878_H3K27ac
chr7	26652000	26654000	1.75	GM12878_H3K27ac
chr7	26654000	26656000	2.09	GM12878_H3K27ac
chr7	26656000	26658000	1.91	GM12878_H3K27ac
chr7	26658000	26660000	1.75	GM12878_H3K27ac
chr7	26660000	26662000	2.02	GM12878_H3K27ac
chr7	26662000	26664000	1.79	GM12878_H3K27ac
chr7	26664000	26666000	2.02	GM12878_H3K27ac
chr7	26666000	26668000	1.72	GM12878_H3K27ac
chr7	26668000	26670000	2.03	GM12878_H3K27ac
chr7	26670000	26672000	2.03	GM12878_H3K27ac
chr7	26672000	26674000	2.17	GM12878_H3K27ac
chr7	26674000	26676000	2.27	GM12878_H3K27ac
chr7	26676000	26678000	2.16	GM12878_H3K27ac
chr7	26678000	26680000	1.74	GM12878_H3K27ac
chr7	26680000	26682000	2.15	GM12878_H3K27ac
chr7	26682000	26684000	2.21	GM12878_H3K27ac
chr7	26684000	26686000	2.3	GM12878_H3K27ac
chr7	26686000	26688000	2.27	GM12878_H3K27ac
chr7	26688000	26690000	2.16	GM12878_H3K27ac
chr7	26690000	26692000	2.17	GM12878_H3K27ac
chr7	26692000	26694000	2.22	GM12878_H3K27ac
chr7	26694000	26696000	2.2	GM12878_H3K27ac
chr7	26696000	26698000	1.87	GM12878_H3K27ac
chr7	26698000	26700000	1.85	GM12878_H3K27ac
chr7	26700000	26702000	2.11	GM12878_H3K27ac
chr7	26702000	26704000	1.94	GM12878_H3K27ac
chr7	26704000	26706000	2.14	GM12878_H3K27ac
chr7	26706000	26708000	2.0	GM12878_H3K27ac
chr7	26708000	26710000	1.92	GM12878_H3K27ac
chr7	26710000	26712000	1.98	GM12878_H3K27ac
chr7	26712000	26714000	2.08	GM12878_H3K27ac
chr7	26714000	26716000	2.03	GM12878_H3K27ac
chr7	26716000	26718000	2.26	GM12878_H3K27ac
chr7	26718000	26720000	2.03	GM12878_H3K27ac
chr7	26720000	26722000	2.13	GM12878_H3K27ac
chr7	26722000	26724000	1.7	GM12878_H3K27ac
chr7	26724000	26726000	2.24	GM12878_H3K27ac
chr7	26726000	26728000	2.24	GM12878_H3K27ac
chr7	26728000	26730000	1.73	GM12878_H3K27ac
chr7	26730000	26732000	1.94	GM12878_H3K27ac
chr7	26732000	26734000	1.93	GM12878_H3K27ac
chr7	26734000	26736000	1.91	GM12878_H3K27ac
chr7	26736000	26738000	1.74	GM12878_H3K27ac
chr7	26738000	26740000	2.19	GM12878_H3K27ac
chr7	26740000	26742000	1.98	GM12878_H3K27ac
chr7	26742000	26744000	1.77	GM12878_H3K27ac
chr7	26744000	26746000	2.28	GM12878_H3K27ac
chr7	26746000	26748000	1.84	GM12878_H3K27ac
chr7	26748000	26750000	1.86	GM12878_H3K27ac
chr7	26750000	26752000	2.12	GM12878_H3K27ac
chr7	26752000	26754000	1.98	GM12878_H3K27ac
chr7	26754000	26756000	1.72	GM12878_H3K27ac
chr7	26756000	26758000	1.89	GM12878_H3K27ac
chr7	26758000	26760000	2.08	GM12878_H3K27ac
chr7	26760000	26762000	2.17	GM12878_H3K27ac
chr7	26762000	26764000	2.11	GM12878_H3K27ac
chr7	26764000	26766000	2.19	GM12878_H3K27ac
chr7	26766000	26768000	1.95	GM12878_H3K27ac
chr7	26768000	26770000	2.24	GM12878_H3K27ac
chr7	26770000	26772000	1.72	GM12878_H3K27ac
chr7	26772000	26774000	2.08	GM12878_H3K27ac
chr7	26774000	26776000	1.8	GM12878_H3K27ac
chr7	26776000	26778000	1.97	GM12878_H3K27ac
chr7	26778000	26780000	1.93	GM12878_H3K27ac
chr7	26780000	26782000	1.82	GM12878_H3K27ac
chr7	26782000	26784000	2.02	GM12878_H3K27ac
chr7	26784000	26786000	1.89	GM12878_H3K27ac
chr7	26786000	26788000	1.7	GM12878_H3K27ac
chr7	26788000	26790000	2.27	GM12878_H3K27ac
chr7	26790000	26792000	2.08	GM12878_H3K27ac
chr7	26792000	26794000	1.77	GM12878_H3K27ac
chr7	26794000	26796000	1.95	GM12878_H3K27ac
chr7	26796000	26798000	2.21	GM12878_H3K27ac
chr7	26798000	26800000	2.24	GM12878_H3K27ac
chr7	26800000	26802000	2.16	GM12878_H3K27ac
chr7	26802000	26804000	1.73	GM12878_H3K27ac
chr7	26804000	26806000	1.87	GM12878_H3K27ac
chr7	26806000	26808000	1.98	GM12878_H3K27ac
chr7	26808000	26810000	2.04	GM12878_H3K27ac
chr7	26810000	26812000	2.21	GM12878_H3K27ac
chr7	26812000	26814000	2.02	GM12878_H3K27ac
chr7	26814000	26816000	2.28	GM12878_H3K27ac
chr7	26816000	26818000	2.25	GM12878_H3K27ac
chr7	26818000	26820000	1.86	GM12878_H3K27ac
chr7	26820000	26822000	2.03	GM12878_H3K27ac
chr7	26822000	26824000	2.25	GM12878_H3K27ac
chr7	26824000	26826000	2.11	GM12878_H3K27ac
chr7	26826000	26828000	1.74	GM12878_H3K27ac
chr7	26828000	26830000	2.22	GM12878_H3K27ac
chr7	26830000	26832000	2.09	GM12878_H3K27ac
chr7	26832000	26834000	2.03	GM12878_H3K27ac
chr7	26834000	26836000	2.08	GM12878_H3K27ac
chr7	26836000	26838000	1.83	GM12878_H3K27ac
chr7	26838000	26840000	2.28	GM12878_H3K27ac
chr7	26840000	26842000	2.04	GM12878_H3K27ac
chr7	26842000	26844000	2.26	GM12878_H3K27ac
chr7	26844000	26846000	2.02	GM12878_H3K27ac
chr7	26846000	26848000	2.29	GM12878_H3K27ac
chr7	26848000	26850000	1.87	GM12878_H3K27ac
chr7	26850000	26852000	1.83	GM12878_H3K27ac
chr7	26852000	26854000	2.18	GM12878_H3K27ac
chr7	26854000	26856000	2.15	GM12878_H3K27ac
chr7	26856000	26858000	1.9	GM12878_H3K27ac
chr7	26858000	26860000	1.71	GM12878_H3K27ac
chr7	26860000	26862000	1.86	GM12878_H3K27ac
chr7	26862000	26864000	1.94	GM12878_H3K27ac
chr7	26864000	26866000	2.1	GM12878_H3K27ac
chr7	26866000	26868000	2.03	GM12878_H3K27ac
chr7	26868000	26870000	1.73	GM12878_H3K27ac
chr7	26870000	26872000	2.18	GM12878_H3K27ac
chr7	26872000	26874000	1.85	GM12878_H3K27ac
chr7	26874000	26876000	2.06	GM12878_H3K27ac
chr7	26876000	26878000	2.14	GM12878_H3K27ac
chr7	26878000	26880000	1.99	GM12878_H3K27ac
chr7	26880000	26882000	2.22	GM12878_H3K27ac
chr7	26882000	26884000	1.99	GM12878_H3K27ac
chr7	26884000	26886000	2.11	GM12878_H3K27ac
chr7	26886000	26888000	2.2	GM12878_H3K27ac
chr7	26888000	26890000	1.71	GM12878_H3K27ac
chr7	26890000	26892000	1.94	GM12878_H3K27ac
chr7	26892000	26894000	1.75	GM12878_H3K27ac
chr7	26894000	26896000	1.71	GM12878_H3K27ac
chr7	26896000	26898000	1.9	GM12878_H3K27ac
chr7	26898000	26900000	2.04	GM12878_H3K27ac
chr7	26900000	26902000	1.89	GM12878_H3K27ac
chr7	26902000	26904000	1.74	GM12878_H3K27ac
chr7	26904000	26906000	1.87	GM12878_H3K27ac
chr7	26906000	26908000	2.29	GM12878_H3K27ac
chr7	26908000	26910000	2.26	GM12878_H3K27ac
chr7	26910000	26912000	2.09	GM12878_H3K27ac
chr7	26912000	26914000	2.04	GM12878_H3K27ac
chr7	26914000	26916000	1.89	GM12878_H3K27ac
chr7	26916000	26918000	2.25	GM12878_H3K27ac
chr7	26918000	26920000	2.1	GM12878_H3K27ac
chr7	26920000	26922000	1.83	GM12878_H3K27ac
chr7	26922000	26924000	1.98	GM12878_H3K27ac
chr7	26924000	26926000	2.18	GM12878_H3K27ac
chr7	26926000	26928000	2.13	GM12878_H3K27ac
chr7	26928000	26930000	2.03	GM12878_H3K27ac
chr7	26930000	26932000	2.3	GM12878_H3K27ac
chr7	26932000	26934000	1.7	GM12878_H3K27ac
chr7	26934000	26936000	2.09	GM12878_H3K27ac
chr7	26936000	26938000	2.18	GM12878_H3K27ac
chr7	26938000	26940000	2.1	GM12878_H3K27ac
chr7	26940000	26942000	2.12	GM12878_H3K27ac
chr7	26942000	26944000	2.22	GM12878_H3K27ac
chr7	26944000	26946000	1.97	GM12878_H3K27ac
chr7	26946000	26948000	1.97	GM12878_H3K27ac
chr7	26948000	26950000	1.93	GM12878_H3K27ac
chr7	26950000	26952000	2.21	GM12878_H3K27ac
chr7	26952000	26954000	2.19	GM12878_H3K27ac
chr7	26954000	26956000	2.01	GM12878_H3K27ac
chr7	26956000	26958000	2.2	GM12878_H3K27ac
chr7	26958000	26960000	1.74	GM12878_H3K27ac
chr7	26960000	26962000	2.08	GM12878_H3K27ac
chr7	26962000	26964000	2.13	GM12878_H3K27ac
chr7	26964000	26966000	1.75	GM12878_H3K27ac
chr7	26966000	26968000	1.7	GM12878_H3K27ac
chr7	26968000	26970000	2.13	GM12878_H3K27ac
chr7	26970000	26972000	2.03	GM12878_H3K27ac
chr7	26972000	26974000	1.8	GM12878_H3K27ac
chr7	26974000	26976000	2.14	GM12878_H3K27ac
chr7	26976000	26978000	1.83	GM12878_H3K27ac
chr7	26978000	26980000	1.93	GM12878_H3K27ac
chr7	26980000	26982000	1.75	GM12878_H3K27ac
chr7	26982000	26984000	1.98	GM12878_H3K27ac
chr7	26984000	26986000	2.2	GM12878_H3K27ac
chr7	26986000	26988000	2.58	GM12878_H3K27ac
chr7	26988000	26990000	6.08	GM12878_H3K27ac
chr7	26990000	26992000	16.53	GM12878_H3K27ac
chr7	26992000	26994000	33.32	GM12878_H3K27ac
chr7	26994000	26996000	44.17	GM12878_H3K27ac
chr7	26996000	26998000	32.32	GM12878_H3K27ac
chr7	26998000	27000000	20.31	GM12878_H3K27ac
chr7	27000000	27002000	6.5	GM12878_H3K27ac
chr7	27002000	27004000	3.35	GM12878_H3K27ac
chr7	27004000	27006000	2.37	GM12878_H3K27ac
chr7	27006000	27008000	2.09	GM12878_H3K27ac
chr7	27008000	27010000	1.74	GM12878_H3K27ac
chr7	27010000	27012000	2.04	GM12878_H3K27ac
chr7	27012000	27014000	1.96	GM12878_H3K27ac
chr7	27014000	27016000	1.83	GM12878_H3K27ac
chr7	27016000	27018000	1.71	GM12878_H3K27ac
chr7	27018000	27020000	2.05	GM12878_H3K27ac
chr7	27020000	27022000	2.02	GM12878_H3K27ac
chr7	27022000	27024000	1.85	GM12878_H3K27ac
chr7	27024000	27026000	1.91	GM12878_H3K27ac
chr7	27026000	27028000	1.82	GM12878_H3K27ac
chr7	27028000	27030000	2.06	GM12878_H3K27ac
chr7	27030000	27032000	1.79	GM12878_H3K27ac
chr7	27032000	27034000	2.03	GM12878_H3K27ac
chr7	27034000	27036000	2.01	GM12878_H3K27ac
chr7	27036000	27038000	2.29	GM12878_H3K27ac
chr7	27038000	27040000	2.17	GM12878_H3K27ac
chr7	27040000	27042000	2.15	GM12878_H3K27ac
chr7	27042000	27044000	2.1	GM12878_H3K27ac
chr7	27044000	27046000	1.95	GM12878_H3K27ac
chr7	27046000	27048000	1.73	GM12878_H3K27ac
chr7	27048000	27050000	1.92	GM12878_H3K27ac
chr7	27050000	27052000	1.99	GM12878_H3K27ac
chr7	27052000	27054000	1.98	GM12878_H3K27ac
chr7	27054000	27056000	1.75	GM12878_H3K27ac
chr7	27056000	27058000	1.84	GM12878_H3K27ac
chr7	27058000	27060000	2.01	GM12878_H3K27ac
chr7	27060000	27062000	2.22	GM12878_H3K27ac
chr7	27062000	27064000	2.23	GM12878_H3K27ac
chr7	27064000	27066000	1.87	GM12878_H3K27ac
chr7	27066000	27068000	2.23	GM12878_H3K27ac
chr7	27068000	27070000	1.76	GM12878_H3K27ac
chr7	27070000	27072000	1.95	GM12878_H3K27ac
chr7	27072000	27074000	2.0	GM12878_H3K27ac
chr7	27074000	27076000	2.28	GM12878_H3K27ac
chr7	27076000	27078000	1.84	GM12878_H3K27ac
chr7	27078000	27080000	1.97	GM12878_H3K27ac
chr7	27080000	27082000	1.86	GM12878_H3K27ac
chr7	27082000	27084000	2.11	GM12878_H3K27ac
chr7	27084000	27086000	1.95	GM12878_H3K27ac
chr7	27086000	27088000	2.19	GM12878_H3K27ac
chr7	27088000	27090000	4.43	GM12878_H3K27ac
chr7	27090000	27092000	9.19	GM12878_H3K27ac
chr7	27092000	27094000	25.16	GM12878_H3K27ac
chr7	27094000	27096000	46.4	GM12878_H3K27ac
chr7	27096000	27098000	40.83	GM12878_H3K27ac
chr7	27098000	27100000	45.24	GM12878_H3K27ac
chr7	27100000	27102000	50.11	GM12878_H3K27ac
chr7	27102000	27104000	42.94	GM12878_H3K27ac
chr7	27104000	27106000	33.33	GM12878_H3K27ac
chr7	27106000	27108000	15.64	GM12878_H3K27ac
chr7	27108000	27110000	4.62	GM12878_H3K27ac
chr7	27110000	27112000	2.47	GM12878_H3K27ac
chr7	27112000	27114000	1.76	GM12878_H3K27ac
chr7	27114000	27116000	2.27	GM12878_H3K27ac
chr7	27116000	27118000	2.17	GM12878_H3K27ac
chr7	27118000	27120000	2.13	GM12878_H3K27ac
chr7	27120000	27122000	1.93	GM12878_H3K27ac
chr7	27122000	27124000	3.04	GM12878_H3K27ac
chr7	27124000	27126000	6.45	GM12878_H3K27ac
chr7	27126000	27128000	20.08	GM12878_H3K27ac
chr7	27128000	27130000	30.87	GM12878_H3K27ac
chr7	27130000	27132000	38.71	GM12878_H3K27ac
chr7	27132000	27134000	27.26	GM12878_H3K27ac
chr7	27134000	27136000	15.75	GM12878_H3K27ac
chr7	27136000	27138000	8.15	GM12878_H3K27ac
chr7	27138000	27140000	11.31	GM12878_H3K27ac
chr7	27140000	27142000	25.5	GM12878_H3K27ac
chr7	27142000	27144000	47.65	GM12878_H3K27ac
chr7	27144000	27146000	46.55	GM12878_H3K27ac
chr7	27146000	27148000	41.16	GM12878_H3K27ac
chr7	27148000	27150000	70.03	GM12878_H3K27ac
chr7	27150000	27152000	80.01	GM12878_H3K27ac
chr7	27152000	27154000	87.24	GM12878_H3K27ac
chr7	27154000	27156000	73.16	GM12878_H3K27ac
chr7	27156000	27158000	46.89	GM12878_H3K27ac
chr7	27158000	27160000	48.89	GM12878_H3K27ac
chr7	27160000	27162000	23.98	GM12878_H3K27ac
chr7	27162000	27164000	10.03	GM12878_H3K27ac
chr7	27164000	27166000	4.31	GM12878_H3K27ac
chr7	27166000	27168000	3.18	GM12878_H3K27ac
chr7	27168000	27170000	6.4	GM12878_H3K27ac
chr7	27170000	27172000	16.87	GM12878_H3K27ac
chr7	27172000	27174000	30.59	GM12878_H3K27ac
chr7	27174000	27176000	60.19	GM12878_H3K27ac
chr7	27176000	27178000	68.96	GM12878_H3K27ac
chr7	27178000	27180000	84.92	GM12878_H3K27ac
chr7	27180000	27182000	83.67	GM12878_H3K27ac
chr7	27182000	27184000	75.46	GM12878_H3K27ac
chr7	27184000	27186000	63.24	GM12878_H3K27ac
chr7	27186000	27188000	40.88	GM12878_H3K27ac
chr7	27188000	27190000	17.91	GM12878_H3K27ac
chr7	27190000	27192000	8.14	GM12878_H3K27ac
chr7	27192000	27194000	4.28	GM12878_H3K27ac
chr7	27194000	27196000	9.92	GM12878_H3K27ac
chr7	27196000	27198000	26.29	GM12878_H3K27ac
chr7	27198000	27200000	44.67	GM12878_H3K27ac
chr7	27200000	27202000	34.71	GM12878_H3K27ac
chr7	27202000	27204000	28.94	GM12878_H3K27ac
chr7	27204000	27206000	10.09	GM12878_H3K27ac
chr7	27206000	27208000	4.05	GM12878_H3K27ac
chr7	27208000	27210000	2.3	GM12878_H3K27ac
chr7	27210000	27212000	1.9	GM12878_H3K27ac
chr7	27212000	27214000	1.96	GM12878_H3K27ac
chr7	27214000	27216000	2.02	GM12878_H3K27ac
chr7	27216000	27218000	1.99	GM12878_H3K27ac
chr7	27218000	27220000	1.92	GM12878_H3K27ac
chr7	27220000	27222000	2.15	GM12878_H3K27ac
chr7	27222000	27224000	1.9	GM12878_H3K27ac
chr7	27224000	27226000	2.05	GM12878_H3K27ac
chr7	27226000	27228000	2.21	GM12878_H3K27ac
chr7	27228000	27230000	1.94	GM12878_H3K27ac
chr7	27230000	27232000	2.12	GM12878_H3K27ac
chr7	27232000	27234000	2.07	GM12878_H3K27ac
chr7	27234000	27236000	3.32	GM12878_H3K27ac
chr7	27236000	27238000	6.33	GM12878_H3K27ac
chr7	27238000	27240000	20.52	GM12878_H3K27ac
chr7	27240000	27242000	39.72	GM12878_H3K27ac
chr7	27242000	27244000	43.43	GM12878_H3K27ac
chr7	27244000	27246000	27.17	GM12878_H3K27ac
chr7	27246000	27248000	16.12	GM12878_H3K27ac
chr7	27248000	27250000	5.89	GM12878_H3K27ac
chr7	27250000	27252000	2.58	GM12878_H3K27ac
chr7	27252000	27254000	2.33	GM12878_H3K27ac
chr7	27254000	27256000	1.84	GM12878_H3K27ac
chr7	27256000	27258000	2.02	GM12878_H3K27ac
chr7	27258000	27260000	2.03	GM12878_H3K27ac
chr7	27260000	27262000	1.7	GM12878_H3K27ac
chr7	27262000	27264000	1.87	GM12878_H3K27ac
chr7	27264000	27266000	2.0	GM12878_H3K27ac
chr7	27266000	27268000	1.8	GM12878_H3K27ac
chr7	27268000	27270000	2.17	GM12878_H3K27ac
chr7	27270000	27272000	2.17	GM12878_H3K27ac
chr7	27272000	27274000	1.76	GM12878_H3K27ac
chr7	27274000	27276000	2.01	GM12878_H3K27ac
chr7	27276000	27278000	2.0	GM12878_H3K27ac
chr7	27278000	27280000	2.21	GM12878_H3K27ac
chr7	27280000	27282000	2.05	GM12878_H3K27ac
chr7	27282000	27284000	2.03	GM12878_H3K27ac
chr7	27284000	27286000	2.24	GM12878_H3K27ac
chr7	27286000	27288000	1.92	GM12878_H3K27ac
chr7	27288000	27290000	2.28	GM12878_H3K27ac
chr7	27290000	27292000	2.15	GM12878_H3K27ac
chr7	27292000	27294000	2.23	GM12878_H3K27ac
chr7	27294000	27296000	1.71	GM12878_H3K27ac
chr7	27296000	27298000	2.12	GM12878_H3K27ac
chr7	27298000	27300000	1.99	GM12878_H3K27ac
chr7	27300000	27302000	2.24	GM12878_H3K27ac
chr7	27302000	27304000	2.0	GM12878_H3K27ac
chr7	27304000	27306000	1.8	GM12878_H3K27ac
chr7	27306000	27308000	1.98	GM12878_H3K27ac
chr7	27308000	27310000	1.79	GM12878_H3K27ac
chr7	27310000	27312000	1.73	GM12878_H3K27ac
chr7	27312000	27314000	2.11	GM12878_H3K27ac
chr7	27314000	27316000	1.97	GM12878_H3K27ac
chr7	27316000	27318000	1.96	GM12878_H3K27ac
chr7	27318000	27320000	2.03	GM12878_H3K27ac
chr7	27320000	27322000	2.13	GM12878_H3K27ac
chr7	27322000	27324000	1.83	GM12878_H3K27ac
chr7	27324000	27326000	1.98	GM12878_H3K27ac
chr7	27326000	27328000	1.77	GM12878_H3K27ac
chr7	27328000	27330000	1.78	GM12878_H3K27ac
chr7	27330000	27332000	1.84	GM12878_H3K27ac
chr7	27332000	27334000	2.05	GM12878_H3K27ac
chr7	27334000	27336000	2.02	GM12878_H3K27ac
chr7	27336000	27338000	2.2	GM12878_H3K27ac
chr7	27338000	27340000	2.19	GM12878_H3K27ac
chr7	27340000	27342000	1.82	GM12878_H3K27ac
chr7	27342000	27344000	2.25	GM12878_H3K27ac
chr7	27344000	27346000	2.03	GM12878_H3K27ac
chr7	27346000	27348000	1.92	GM12878_H3K27ac
chr7	27348000	27350000	1.88	GM12878_H3K27ac
chr7	27350000	27352000	1.82	GM12878_H3K27ac
chr7	27352000	27354000	2.01	GM12878_H3K27ac
chr7	27354000	27356000	1.86	GM12878_H3K27ac
chr7	27356000	27358000	1.96	GM12878_H3K27ac
chr7	27358000	27360000	1.91	GM12878_H3K27ac
chr7	27360000	27362000	1.8	GM12878_H3K27ac
chr7	27362000	27364000	2.08	GM12878_H3K27ac
chr7	27364000	27366000	2.3	GM12878_H3K27ac
chr7	27366000	27368000	2.21	GM12878_H3K27ac
chr7	27368000	27370000	2.16	GM12878_H3K27ac
chr7	27370000	27372000	1.77	GM12878_H3K27ac
chr7	27372000	27374000	2.28	GM12878_H3K27ac
chr7	27374000	27376000	2.0	GM12878_H3K27ac
chr7	27376000	27378000	1.91	GM12878_H3K27ac
chr7	27378000	27380000	2.06	GM12878_H3K27ac
chr7	27380000	27382000	1.88	GM12878_H3K27ac
chr7	27382000	27384000	1.96	GM12878_H3K27ac
chr7	27384000	27386000	2.17	GM12878_H3K27ac
chr7	27386000	27388000	2.23	GM12878_H3K27ac
chr7	27388000	27390000	2.22	GM12878_H3K27ac
chr7	27390000	27392000	2.12	GM12878_H3K27ac
chr7	27392000	27394000	2.0	GM12878_H3K27ac
chr7	27394000	27396000	1.81	GM12878_H3K27ac
chr7	27396000	27398000	1.72	GM12878_H3K27ac
chr7	27398000	27400000	2.05	GM12878_H3K27ac
chr7	27400000	27402000	1.78	GM12878_H3K27ac
chr7	27402000	27404000	2.3	GM12878_H3K27ac
chr7	27404000	27406000	2.18	GM12878_H3K27ac
chr7	27406000	27408000	1.96	GM12878_H3K27ac
chr7	27408000	27410000	1.8	GM12878_H3K27ac
chr7	27410000	27412000	2.29	GM12878_H3K27ac
chr7	27412000	27414000	2.2	GM12878_H3K27ac
chr7	27414000	27416000	1.85	GM12878_H3K27ac
chr7	27416000	27418000	1.87	GM12878_H3K27ac
chr7	27418000	27420000	1.76	GM12878_H3K27ac
chr7	27420000	27422000	1.8	GM12878_H3K27ac
chr7	27422000	27424000	1.94	GM12878_H3K27ac
chr7	27424000	27426000	1.91	GM12878_H3K27ac
chr7	27426000	27428000	1.9	GM12878_H3K27ac
chr7	27428000	27430000	2.28	GM12878_H3K27ac
chr7	27430000	27432000	2.11	GM12878_H3K27ac
chr7	27432000	27434000	2.27	GM12878_H3K27ac
chr7	27434000	27436000	2.09	GM12878_H3K27ac
chr7	27436000	27438000	1.76	GM12878_H3K27ac
chr7	27438000	27440000	1.71	GM12878_H3K27ac
chr7	27440000	27442000	2.1	GM12878_H3K27ac
chr7	27442000	27444000	2.22	GM12878_H3K27ac
chr7	27444000	27446000	1.75	GM12878_H3K27ac
chr7	27446000	27448000	1.71	GM12878_H3K27ac
chr7	27448000	27450000	1.94	GM12878_H3K27ac
chr7	27450000	27452000	1.76	GM12878_H3K27ac
chr7	27452000	27454000	2.08	GM12878_H3K27ac
chr7	27454000	27456000	1.94	GM12878_H3K27ac
chr7	27456000	27458000	2.26	GM12878_H3K27ac
chr7	27458000	27460000	1.88	GM12878_H3K27ac
chr7	27460000	27462000	1.8	GM12878_H3K27ac
chr7	27462000	27464000	1.74	GM12878_H3K27ac
chr7	27464000	27466000	1.79	GM12878_H3K27ac
chr7	27466000	27468000	1.91	GM12878_H3K27ac
chr7	27468000	27470000	1.84	GM12878_H3K27ac
chr7	27470000	27472000	1.81	GM12878_H3K27ac
chr7	27472000	27474000	2.05	GM12878_H3K27ac
chr7	27474000	27476000	2.19	GM12878_H3K27ac
chr7	27476000	27478000	2.22	GM12878_H3K27ac
chr7	27478000	27480000	1.86	GM12878_H3K27ac
chr7	27480000	27482000	2.13	GM12878_H3K27ac
chr7	27482000	27484000	1.71	GM12878_H3K27ac
chr7	27484000	27486000	1.74	GM12878_H3K27ac
chr7	27486000	27488000	2.21	GM12878_H3K27ac
chr7	27488000	27490000	1.75	GM12878_H3K27ac
chr7	27490000	27492000	1.79	GM12878_H3K27ac
chr7	27492000	27494000	1.88	GM12878_H3K27ac
chr7	27494000	27496000	2.16	GM12878_H3K27ac
chr7	27496000	27498000	1.83	GM12878_H3K27ac
chr7	27498000	27500000	1.91	GM12878_H3K27ac
chr7	27500000	27502000	2.08	GM12878_H3K27ac
chr7	27502000	27504000	1.98	GM12878_H3K27ac
chr7	27504000	27506000	2.14	GM12878_H3K27ac
chr7	27506000	27508000	1.98	GM12878_H3K27ac
chr7	27508000	27510000	2.02	GM12878_H3K27ac
chr7	27510000	27512000	2.01	GM12878_H3K27ac
chr7	27512000	27514000	1.87	GM12878_H3K27ac
chr7	27514000	27516000	2.21	GM12878_H3K27ac
chr7	27516000	27518000	1.87	GM12878_H3K27ac
chr7	27518000	27520000	2.19	GM12878_H3K27ac
chr7	27520000	27522000	1.97	GM12878_H3K27ac
chr7	27522000	27524000	1.92	GM12878_H3K27ac
chr7	27524000	27526000	1.9	GM12878_H3K27ac
chr7	27526000	27528000	1.97	GM12878_H3K27ac
chr7	27528000	27530000	2.06	GM12878_H3K27ac
chr7	27530000	27532000	1.71	GM12878_H3K27ac
chr7	27532000	27534000	2.2	GM12878_H3K27ac
chr7	27534000	27536000	1.9	GM12878_H3K27ac
chr7	27536000	27538000	2.02	GM12878_H3K27ac
chr7	27538000	27540000	1.92	GM12878_H3K27ac
chr7	27540000	27542000	1.73	GM12878_H3K27ac
chr7	27542000	27544000	2.26	GM12878_H3K27ac
chr7	27544000	27546000	2.13	GM12878_H3K27ac
chr7	27546000	27548000	1.84	GM12878_H3K27ac
chr7	27548000	27550000	1.9	GM12878_H3K27ac
chr7	27550000	27552000	1.98	GM12878_H3K27ac
chr7	27552000	27554000	2.17	GM12878_H3K27ac
chr7	27554000	27556000	1.74	GM12878_H3K27ac
chr7	27556000	27558000	2.27	GM12878_H3K27ac
chr7	27558000	27560000	2.17	GM12878_H3K27ac
chr7	27560000	27562000	1.98	GM12878_H3K27ac
chr7	27562000	27564000	2.16	GM12878_H3K27ac
chr7	27564000	27566000	1.77	GM12878_H3K27ac
chr7	27566000	27568000	1.99	GM12878_H3K27ac
chr7	27568000	27570000	1.94	GM12878_H3K27ac
chr7	27570000	27572000	2.23	GM12878_H3K27ac
chr7	27572000	27574000	1.75	GM12878_H3K27ac
chr7	27574000	27576000	2.27	GM12878_H3K27ac
chr7	27576000	27578000	2.13	GM12878_H3K27ac
chr7	27578000	27580000	2.14	GM12878_H3K27ac
chr7	27580000	27582000	2.12	GM12878_H3K27ac
chr7	27582000	27584000	2.28	GM12878_H3K27ac
chr7	27584000	27586000	2.05	GM12878_H3K27ac
chr7	27586000	27588000	1.71	GM12878_H3K27ac
chr7	27588000	27590000	1.82	GM12878_H3K27ac
chr7	27590000	27592000	2.16	GM12878_H3K27ac
chr7	27592000	27594000	2.14	GM12878_H3K27ac
chr7	27594000	27596000	2.15	GM12878_H3K27ac
chr7	27596000	27598000	2.11	GM12878_H3K27ac
chr7	27598000	27600000	2.27	GM12878_H3K27ac
chr7	27600000	27602000	2.17	GM12878_H3K27ac
chr7	27602000	27604000	1.76	GM12878_H3K27ac
chr7	27604000	27606000	1.9	GM12878_H3K27ac
chr7	27606000	27608000	2.24	GM12878_H3K27ac
chr7	27608000	27610000	2.24	GM12878_H3K27ac
chr7	27610000	27612000	1.92	GM12878_H3K27ac
chr7	27612000	27614000	2.03	GM12878_H3K27ac
chr7	27614000	27616000	1.8	GM12878_H3K27ac
chr7	27616000	27618000	2.08	GM12878_H3K27ac
chr7	27618000	27620000	2.15	GM12878_H3K27ac
chr7	27620000	27622000	2.0	GM12878_H3K27ac
chr7	27622000	27624000	1.88	GM12878_H3K27ac
chr7	27624000	27626000	1.99	GM12878_H3K27ac
chr7	27626000	27628000	2.19	GM12878_H3K27ac
chr7	27628000	27630000	2.14	GM12878_H3K27ac
chr7	27630000	27632000	2.03	GM12878_H3K27ac
chr7	27632000	27634000	2.12	GM12878_H3K27ac
chr7	27634000	27636000	2.12	GM12878_H3K27ac
chr7	27636000	27638000	2.01	GM12878_H3K27ac
chr7	27638000	27640000	2.23	GM12878_H3K27ac
chr7	27640000	27642000	2.25	GM12878_H3K27ac
chr7	27642000	27644000	1.87	GM12878_H3K27ac
chr7	27644000	27646000	2.19	GM12878_H3K27ac
chr7	27646000	27648000	1.71	GM12878_H3K27ac
chr7	27648000	27650000	1.71	GM12878_H3K27ac
chr7	27650000	27652000	1.94	GM12878_H3K27ac
chr7	27652000	27654000	2.25	GM12878_H3K27ac
chr7	27654000	27656000	2.66	GM12878_H3K27ac
chr7	27656000	27658000	7.18	GM12878_H3K27ac
chr7	27658000	27660000	15.62	GM12878_H3K27ac
chr7	27660000	27662000	33.9	GM12878_H3K27ac
chr7	27662000	27664000	39.63	GM12878_H3K27ac
chr7	27664000	27666000	32.95	GM12878_H3K27ac
chr7	27666000	27668000	13.69	GM12878_H3K27ac
chr7	27668000	27670000	5.81	GM12878_H3K27ac
chr7	27670000	27672000	2.32	GM12878_H3K27ac
chr7	27672000	27674000	1.9	GM12878_H3K27ac
chr7	27674000	27676000	1.88	GM12878_H3K27ac
chr7	27676000	27678000	1.75	GM12878_H3K27ac
chr7	27678000	27680000	1.94	GM12878_H3K27ac
chr7	27680000	27682000	2.24	GM12878_H3K27ac
chr7	27682000	27684000	2.01	GM12878_H3K27ac
chr7	27684000	27686000	1.75	GM12878_H3K27ac
chr7	27686000	27688000	1.75	GM12878_H3K27ac
chr7	27688000	27690000	1.92	GM12878_H3K27ac
chr7	27690000	27692000	1.74	GM12878_H3K27ac
chr7	27692000	27694000	1.92	GM12878_H3K27ac
chr7	27694000	27696000	2.18	GM12878_H3K27ac
chr7	27696000	27698000	2.07	GM12878_H3K27ac
chr7	27698000	27700000	2.12	GM12878_H3K27ac
chr7	27700000	27702000	2.18	GM12878_H3K27ac
chr7	27702000	27704000	2.11	GM12878_H3K27ac
chr7	27704000	27706000	1.84	GM12878_H3K27ac
chr7	27706000	27708000	1.73	GM12878_H3K27ac
chr7	27708000	27710000	1.82	GM12878_H3K27ac
chr7	27710000	27712000	2.08	GM12878_H3K27ac
chr7	27712000	27714000	1.75	GM12878_H3K27ac
chr7	27714000	27716000	1.77	GM12878_H3K27ac
chr7	27716000	27718000	1.71	GM12878_H3K27ac
chr7	27718000	27720000	2.23	GM12878_H3K27ac
chr7	27720000	27722000	2.27	GM12878_H3K27ac
chr7	27722000	27724000	2.2	GM12878_H3K27ac
chr7	27724000	27726000	1.91	GM12878_H3K27ac
chr7	27726000	27728000	2.24	GM12878_H3K27ac
chr7	27728000	27730000	1.99	GM12878_H3K27ac
chr7	27730000	27732000	2.38	GM12878_H3K27ac
chr7	27732000	27734000	5.7	GM12878_H3K27ac
chr7	27734000	27736000	13.81	GM12878_H3K27ac
chr7	27736000	27738000	31.95	GM12878_H3K27ac
chr7	27738000	27740000	41.22	GM12878_H3K27ac
chr7	27740000	27742000	38.11	GM12878_H3K27ac
chr7	27742000	27744000	16.65	GM12878_H3K27ac
chr7	27744000	27746000	7.24	GM12878_H3K27ac
chr7	27746000	27748000	2.88	GM12878_H3K27ac
chr7	27748000	27750000	2.13	GM12878_H3K27ac
chr7	27750000	27752000	1.78	GM12878_H3K27ac
chr7	27752000	27754000	1.7	GM12878_H3K27ac
chr7	27754000	27756000	1.86	GM12878_H3K27ac
chr7	27756000	27758000	2.09	GM12878_H3K27ac
chr7	27758000	27760000	2.03	GM12878_H3K27ac
chr7	27760000	27762000	1.92	GM12878_H3K27ac
chr7	27762000	27764000	1.96	GM12878_H3K27ac
chr7	27764000	27766000	1.71	GM12878_H3K27ac
chr7	27766000	27768000	2.04	GM12878_H3K27ac
chr7	27768000	27770000	2.18	GM12878_H3K27ac
chr7	27770000	27772000	1.9	GM12878_H3K27ac
chr7	27772000	27774000	1.72	GM12878_H3K27ac
chr7	27774000	27776000	2.06	GM12878_H3K27ac
chr7	27776000	27778000	1.86	GM12878_H3K27ac
chr7	27778000	27780000	2.23	GM12878_H3K27ac
chr7	27780000	27782000	2.29	GM12878_H3K27ac
chr7	27782000	27784000	2.21	GM12878_H3K27ac
chr7	27784000	27786000	2.21	GM12878_H3K27ac
chr7	27786000	27788000	1.77	GM12878_H3K27ac
chr7	27788000	27790000	1.71	GM12878_H3K27ac
chr7	27790000	27792000	1.83	GM12878_H3K27ac
chr7	27792000	27794000	1.75	GM12878_H3K27ac
chr7	27794000	27796000	1.72	GM12878_H3K27ac
chr7	27796000	27798000	1.9	GM12878_H3K27ac
chr7	27798000	27800000	2.15	GM12878_H3K27ac
chr7	27800000	27802000	1.86	GM12878_H3K27ac
chr7	27802000	27804000	2.18	GM12878_H3K27ac
chr7	27804000	27806000	2.19	GM12878_H3K27ac
chr7	27806000	27808000	2.25	GM12878_H3K27ac
chr7	27808000	27810000	2.14	GM12878_H3K27ac
chr7	27810000	27812000	2.26	GM12878_H3K27ac
chr7	27812000	27814000	1.97	GM12878_H3K27ac
chr7	27814000	27816000	2.05	GM12878_H3K27ac
chr7	27816000	27818000	2.01	GM12878_H3K27ac
chr7	27818000	27820000	2.04	GM12878_H3K27ac
chr7	27820000	27822000	2.09	GM12878_H3K27ac
chr7	27822000	27824000	1.81	GM12878_H3K27ac
chr7	27824000	27826000	2.14	GM12878_H3K27ac
chr7	27826000	27828000	1.71	GM12878_H3K27ac
chr7	27828000	27830000	1.84	GM12878_H3K27ac
chr7	27830000	27832000	2.07	GM12878_H3K27ac
chr7	27832000	27834000	1.98	GM12878_H3K27ac
chr7	27834000	27836000	2.13	GM12878_H3K27ac
chr7	27836000	27838000	1.85	GM12878_H3K27ac
chr7	27838000	27840000	2.17	GM12878_H3K27ac
chr7	27840000	27842000	1.94	GM12878_H3K27ac
chr7	27842000	27844000	1.71	GM12878_H3K27ac
chr7	27844000	27846000	2.2	GM12878_H3K27ac
chr7	27846000	27848000	2.0	GM12878_H3K27ac
chr7	27848000	27850000	2.12	GM12878_H3K27ac
chr7	27850000	27852000	1.83	GM12878_H3K27ac
chr7	27852000	27854000	2.17	GM12878_H3K27ac
chr7	27854000	27856000	2.01	GM12878_H3K27ac
chr7	27856000	27858000	1.85	GM12878_H3K27ac
chr7	27858000	27860000	2.24	GM12878_H3K27ac
chr7	27860000	27862000	1.96	GM12878_H3K27ac
chr7	27862000	27864000	2.29	GM12878_H3K27ac
chr7	27864000	27866000	1.93	GM12878_H3K27ac
chr7	27866000	27868000	1.78	GM12878_H3K27ac
chr7	27868000	27870000	1.85	GM12878_H3K27ac
chr7	27870000	27872000	1.98	GM12878_H3K27ac
chr7	27872000	27874000	2.22	GM12878_H3K27ac
chr7	27874000	27876000	2.15	GM12878_H3K27ac
chr7	27876000	27878000	2.12	GM12878_H3K27ac
chr7	27878000	27880000	1.7	GM12878_H3K27ac
chr8	127100000	127102000	2.15	GM12878_CTCF
chr8	127102000	127104000	2.05	GM12878_CTCF
chr8	127104000	127106000	2.02	GM12878_CTCF
chr8	127106000	127108000	1.98	GM12878_CTCF
chr8	127108000	127110000	2.1	GM12878_CTCF
chr8	127110000	127112000	1.94	GM12878_CTCF
chr8	127112000	127114000	2.09	GM12878_CTCF
chr8	127114000	127116000	1.86	GM12878_CTCF
chr8	127116000	127118000	1.78	GM12878_CTCF
chr8	127118000	127120000	1.79	GM12878_CTCF
chr8	127120000	127122000	1.94	GM12878_CTCF
chr8	127122000	127124000	2.07	GM12878_CTCF
chr8	127124000	127126000	2.04	GM12878_CTCF
chr8	127126000	127128000	1.76	GM12878_CTCF
chr8	127128000	127130000	2.14	GM12878_CTCF
chr8	127130000	127132000	1.71	GM12878_CTCF
chr8	127132000	127134000	2.0	GM12878_CTCF
chr8	127134000	127136000	2.24	GM12878_CTCF
chr8	127136000	127138000	10.72	GM12878_CTCF
chr8	127138000	127140000	53.67	GM12878_CTCF
chr8	127140000	127142000	3.19	GM12878_CTCF
chr8	127142000	127144000	2.03	GM12878_CTCF
chr8	127144000	127146000	2.06	GM12878_CTCF
chr8	127146000	127148000	2.08	GM12878_CTCF
chr8	127148000	127150000	2.12	GM12878_CTCF
chr8	127150000	127152000	1.88	GM12878_CTCF
chr8	127152000	127154000	1.8	GM12878_CTCF
chr8	127154000	127156000	1.85	GM12878_CTCF
chr8	127156000	127158000	1.79	GM12878_CTCF
chr8	127158000	127160000	1.89	GM12878_CTCF
chr8	127160000	127162000	1.99	GM12878_CTCF
chr8	127162000	127164000	1.85	GM12878_CTCF
chr8	127164000	127166000	2.03	GM12878_CTCF
chr8	127166000	127168000	1.93	GM12878_CTCF
chr8	127168000	127170000	1.87	GM12878_CTCF
chr8	127170000	127172000	2.06	GM12878_CTCF
chr8	127172000	127174000	2.11	GM12878_CTCF
chr8	127174000	127176000	1.99	GM12878_CTCF
chr8	127176000	127178000	2.08	GM12878_CTCF
chr8	127178000	127180000	2.26	GM12878_CTCF
chr8	127180000	127182000	1.72	GM12878_CTCF
chr8	127182000	127184000	1.7	GM12878_CTCF
chr8	127184000	127186000	2.15	GM12878_CTCF
chr8	127186000	127188000	2.04	GM12878_CTCF
chr8	127188000	127190000	2.11	GM12878_CTCF
chr8	127190000	127192000	2.17	GM12878_CTCF
chr8	127192000	127194000	1.98	GM12878_CTCF
chr8	127194000	127196000	2.01	GM12878_CTCF
chr8	127196000	127198000	1.97	GM12878_CTCF
chr8	127198000	127200000	2.18	GM12878_CTCF
chr8	127200000	127202000	2.0	GM12878_CTCF
chr8	127202000	127204000	1.83	GM12878_CTCF
chr8	127204000	127206000	2.2	GM12878_CTCF
chr8	127206000	127208000	2.26	GM12878_CTCF
chr8	127208000	127210000	2.24	GM12878_CTCF
chr8	127210000	127212000	2.0	GM12878_CTCF
chr8	127212000	127214000	1.94	GM12878_CTCF
chr8	127214000	127216000	1.9	GM12878_CTCF
chr8	127216000	127218000	2.17	GM12878_CTCF
chr8	127218000	127220000	1.9	GM12878_CTCF
chr8	127220000	127222000	1.72	GM12878_CTCF
chr8	127222000	127224000	2.18	GM12878_CTCF
chr8	127224000	127226000	2.21	GM12878_CTCF
chr8	127226000	127228000	2.25	GM12878_CTCF
chr8	127228000	127230000	2.2	GM12878_CTCF
chr8	127230000	127232000	1.81	GM12878_CTCF
chr8	127232000	127234000	2.19	GM12878_CTCF
chr8	127234000	127236000	1.83	GM12878_CTCF
chr8	127236000	127238000	1.97	GM12878_CTCF
chr8	127238000	127240000	2.26	GM12878_CTCF
chr8	127240000	127242000	2.02	GM12878_CTCF
chr8	127242000	127244000	2.26	GM12878_CTCF
chr8	127244000	127246000	2.15	GM12878_CTCF
chr8	127246000	127248000	1.73	GM12878_CTCF
chr8	127248000	127250000	1.72	GM12878_CTCF
chr8	127250000	127252000	2.19	GM12878_CTCF
chr8	127252000	127254000	1.92	GM12878_CTCF
chr8	127254000	127256000	1.74	GM12878_CTCF
chr8	127256000	127258000	2.28	GM12878_CTCF
chr8	127258000	127260000	2.11	GM12878_CTCF
chr8	127260000	127262000	1.72	GM12878_CTCF
chr8	127262000	127264000	2.12	GM12878_CTCF
chr8	127264000	127266000	1.97	GM12878_CTCF
chr8	127266000	127268000	2.3	GM12878_CTCF
chr8	127268000	127270000	2.05	GM12878_CTCF
chr8	127270000	127272000	1.84	GM12878_CTCF
chr8	127272000	127274000	2.23	GM12878_CTCF
chr8	127274000	127276000	2.13	GM12878_CTCF
chr8	127276000	127278000	1.83	GM12878_CTCF
chr8	127278000	127280000	1.79	GM12878_CTCF
chr8	127280000	127282000	1.73	GM12878_CTCF
chr8	127282000	127284000	2.01	GM12878_CTCF
chr8	127284000	127286000	1.88	GM12878_CTCF
chr8	127286000	127288000	2.24	GM12878_CTCF
chr8	127288000	127290000	2.42	GM12878_CTCF
chr8	127290000	127292000	19.75	GM12878_CTCF
chr8	127292000	127294000	10.2	GM12878_CTCF
chr8	127294000	127296000	2.04	GM12878_CTCF
chr8	127296000	127298000	2.12	GM12878_CTCF
chr8	127298000	127300000	2.21	GM12878_CTCF
chr8	127300000	127302000	1.87	GM12878_CTCF
chr8	127302000	127304000	2.14	GM12878_CTCF
chr8	127304000	127306000	1.75	GM12878_CTCF
chr8	127306000	127308000	2.17	GM12878_CTCF
chr8	127308000	127310000	1.92	GM12878_CTCF
chr8	127310000	127312000	2.24	GM12878_CTCF
chr8	127312000	127314000	2.08	GM12878_CTCF
chr8	127314000	127316000	2.11	GM12878_CTCF
chr8	127316000	127318000	1.84	GM12878_CTCF
chr8	127318000	127320000	2.24	GM12878_CTCF
chr8	127320000	127322000	2.17	GM12878_CTCF
chr8	127322000	127324000	2.0	GM12878_CTCF
chr8	127324000	127326000	1.94	GM12878_CTCF
chr8	127326000	127328000	2.24	GM12878_CTCF
chr8	127328000	127330000	2.27	GM12878_CTCF
chr8	127330000	127332000	1.79	GM12878_CTCF
chr8	127332000	127334000	1.89	GM12878_CTCF
chr8	127334000	127336000	2.08	GM12878_CTCF
chr8	127336000	127338000	1.89	GM12878_CTCF
chr8	127338000	127340000	2.02	GM12878_CTCF
chr8	127340000	127342000	1.71	GM12878_CTCF
chr8	127342000	127344000	1.94	GM12878_CTCF
chr8	127344000	127346000	1.73	GM12878_CTCF
chr8	127346000	127348000	2.0	GM12878_CTCF
chr8	127348000	127350000	2.09	GM12878_CTCF
chr8	127350000	127352000	2.05	GM12878_CTCF
chr8	127352000	127354000	2.1	GM12878_CTCF
chr8	127354000	127356000	1.81	GM12878_CTCF
chr8	127356000	127358000	2.17	GM12878_CTCF
chr8	127358000	127360000	2.28	GM12878_CTCF
chr8	127360000	127362000	1.97	GM12878_CTCF
chr8	127362000	127364000	1.74	GM12878_CTCF
chr8	127364000	127366000	1.74	GM12878_CTCF
chr8	127366000	127368000	1.75	GM12878_CTCF
chr8	127368000	127370000	2.21	GM12878_CTCF
chr8	127370000	127372000	1.99	GM12878_CTCF
chr8	127372000	127374000	2.28	GM12878_CTCF
chr8	127374000	127376000	1.88	GM12878_CTCF
chr8	127376000	127378000	2.0	GM12878_CTCF
chr8	127378000	127380000	2.13	GM12878_CTCF
chr8	127380000	127382000	1.97	GM12878_CTCF
chr8	127382000	127384000	2.04	GM12878_CTCF
chr8	127384000	127386000	1.92	GM12878_CTCF
chr8	127386000	127388000	1.88	GM12878_CTCF
chr8	127388000	127390000	1.94	GM12878_CTCF
chr8	127390000	127392000	2.13	GM12878_CTCF
chr8	127392000	127394000	1.73	GM12878_CTCF
chr8	127394000	127396000	2.27	GM12878_CTCF
chr8	127396000	127398000	2.29	GM12878_CTCF
chr8	127398000	127400000	2.18	GM12878_CTCF
chr8	127400000	127402000	2.24	GM12878_CTCF
chr8	127402000	127404000	2.3	GM12878_CTCF
chr8	127404000	127406000	2.16	GM12878_CTCF
chr8	127406000	127408000	2.11	GM12878_CTCF
chr8	127408000	127410000	1.82	GM12878_CTCF
chr8	127410000	127412000	1.82	GM12878_CTCF
chr8	127412000	127414000	1.95	GM12878_CTCF
chr8	127414000	127416000	1.96	GM12878_CTCF
chr8	127416000	127418000	2.09	GM12878_CTCF
chr8	127418000	127420000	1.72	GM12878_CTCF
chr8	127420000	127422000	2.19	GM12878_CTCF
chr8	127422000	127424000	2.11	GM12878_CTCF
chr8	127424000	127426000	2.16	GM12878_CTCF
chr8	127426000	127428000	1.77	GM12878_CTCF
chr8	127428000	127430000	2.24	GM12878_CTCF
chr8	127430000	127432000	2.03	GM12878_CTCF
chr8	127432000	127434000	2.21	GM12878_CTCF
chr8	127434000	127436000	1.71	GM12878_CTCF
chr8	127436000	127438000	2.09	GM12878_CTCF
chr8	127438000	127440000	2.27	GM12878_CTCF
chr8	127440000	127442000	2.05	GM12878_CTCF
chr8	127442000	127444000	2.25	GM12878_CTCF
chr8	127444000	127446000	2.12	GM12878_CTCF
chr8	127446000	127448000	1.76	GM12878_CTCF
chr8	127448000	127450000	1.72	GM12878_CTCF
chr8	127450000	127452000	2.25	GM12878_CTCF
chr8	127452000	127454000	1.99	GM12878_CTCF
chr8	127454000	127456000	1.94	GM12878_CTCF
chr8	127456000	127458000	1.96	GM12878_CTCF
chr8	127458000	127460000	1.89	GM12878_CTCF
chr8	127460000	127462000	1.87	GM12878_CTCF
chr8	127462000	127464000	2.29	GM12878_CTCF
chr8	127464000	127466000	1.85	GM12878_CTCF
chr8	127466000	127468000	2.29	GM12878_CTCF
chr8	127468000	127470000	1.99	GM12878_CTCF
chr8	127470000	127472000	2.24	GM12878_CTCF
chr8	127472000	127474000	1.86	GM12878_CTCF
chr8	127474000	127476000	1.73	GM12878_CTCF
chr8	127476000	127478000	2.14	GM12878_CTCF
chr8	127478000	127480000	1.76	GM12878_CTCF
chr8	127480000	127482000	2.03	GM12878_CTCF
chr8	127482000	127484000	1.74	GM12878_CTCF
chr8	127484000	127486000	1.96	GM12878_CTCF
chr8	127486000	127488000	1.7	GM12878_CTCF
chr8	127488000	127490000	2.09	GM12878_CTCF
chr8	127490000	127492000	1.7	GM12878_CTCF
chr8	127492000	127494000	1.9	GM12878_CTCF
chr8	127494000	127496000	1.79	GM12878_CTCF
chr8	127496000	127498000	2.1	GM12878_CTCF
chr8	127498000	127500000	2.09	GM12878_CTCF
chr8	127500000	127502000	2.03	GM12878_CTCF
chr8	127502000	127504000	2.05	GM12878_CTCF
chr8	127504000	127506000	1.78	GM12878_CTCF
chr8	127506000	127508000	1.75	GM12878_CTCF
chr8	127508000	127510000	2.47	GM12878_CTCF
chr8	127510000	127512000	56.93	GM12878_CTCF
chr8	127512000	127514000	42.15	GM12878_CTCF
chr8	127514000	127516000	2.03	GM12878_CTCF
chr8	127516000	127518000	2.27	GM12878_CTCF
chr8	127518000	127520000	2.25	GM12878_CTCF
chr8	127520000	127522000	1.92	GM12878_CTCF
chr8	127522000	127524000	2.29	GM12878_CTCF
chr8	127524000	127526000	1.86	GM12878_CTCF
chr8	127526000	127528000	2.1	GM12878_CTCF
chr8	127528000	127530000	2.19	GM12878_CTCF
chr8	127530000	127532000	2.14	GM12878_CTCF
chr8	127532000	127534000	1.86	GM12878_CTCF
chr8	127534000	127536000	1.84	GM12878_CTCF
chr8	127536000	127538000	2.14	GM12878_CTCF
chr8	127538000	127540000	1.7	GM12878_CTCF
chr8	127540000	127542000	1.84	GM12878_CTCF
chr8	127542000	127544000	1.99	GM12878_CTCF
chr8	127544000	127546000	2.17	GM12878_CTCF
chr8	127546000	127548000	2.28	GM12878_CTCF
chr8	127548000	127550000	2.27	GM12878_CTCF
chr8	127550000	127552000	1.7	GM12878_CTCF
chr8	127552000	127554000	2.25	GM12878_CTCF
chr8	127554000	127556000	2.03	GM12878_CTCF
chr8	127556000	127558000	1.98	GM12878_CTCF
chr8	127558000	127560000	2.03	GM12878_CTCF
chr8	127560000	127562000	2.12	GM12878_CTCF
chr8	127562000	127564000	1.98	GM12878_CTCF
chr8	127564000	127566000	1.77	GM12878_CTCF
chr8	127566000	127568000	1.97	GM12878_CTCF
chr8	127568000	127570000	2.03	GM12878_CTCF
chr8	127570000	127572000	1.93	GM12878_CTCF
chr8	127572000	127574000	1.97	GM12878_CTCF
chr8	127574000	127576000	1.83	GM12878_CTCF
chr8	127576000	127578000	1.93	GM12878_CTCF
chr8	127578000	127580000	1.74	GM12878_CTCF
chr8	127580000	127582000	1.77	GM12878_CTCF
chr8	127582000	127584000	1.87	GM12878_CTCF
chr8	127584000	127586000	1.81	GM12878_CTCF
chr8	127586000	127588000	1.93	GM12878_CTCF
chr8	127588000	127590000	20.18	GM12878_CTCF
chr8	127590000	127592000	7.7	GM12878_CTCF
chr8	127592000	127594000	1.79	GM12878_CTCF
chr8	127594000	127596000	2.0	GM12878_CTCF
chr8	127596000	127598000	2.29	GM12878_CTCF
chr8	127598000	127600000	2.07	GM12878_CTCF
chr8	127600000	127602000	2.28	GM12878_CTCF
chr8	127602000	127604000	2.23	GM12878_CTCF
chr8	127604000	127606000	1.7	GM12878_CTCF
chr8	127606000	127608000	2.02	GM12878_CTCF
chr8	127608000	127610000	2.01	GM12878_CTCF
chr8	127610000	127612000	1.93	GM12878_CTCF
chr8	127612000	127614000	1.99	GM12878_CTCF
chr8	127614000	127616000	1.72	GM12878_CTCF
chr8	127616000	127618000	2.09	GM12878_CTCF
chr8	127618000	127620000	2.03	GM12878_CTCF
chr8	127620000	127622000	1.72	GM12878_CTCF
chr8	127622000	127624000	2.24	GM12878_CTCF
chr8	127624000	127626000	2.19	GM12878_CTCF
chr8	127626000	127628000	8.58	GM12878_CTCF
chr8	127628000	127630000	20.11	GM12878_CTCF
chr8	127630000	127632000	2.32	GM12878_CTCF
chr8	127632000	127634000	1.78	GM12878_CTCF
chr8	127634000	127636000	1.87	GM12878_CTCF
chr8	127636000	127638000	1.89	GM12878_CTCF
chr8	127638000	127640000	1.79	GM12878_CTCF
chr8	127640000	127642000	2.03	GM12878_CTCF
chr8	127642000	127644000	1.86	GM12878_CTCF
chr8	127644000	127646000	2.23	GM12878_CTCF
chr8	127646000	127648000	1.79	GM12878_CTCF
chr8	127648000	127650000	1.76	GM12878_CTCF
chr8	127650000	127652000	1.79	GM12878_CTCF
chr8	127652000	127654000	1.84	GM12878_CTCF
chr8	127654000	127656000	1.76	GM12878_CTCF
chr8	127656000	127658000	1.87	GM12878_CTCF
chr8	127658000	127660000	2.3	GM12878_CTCF
chr8	127660000	127662000	1.73	GM12878_CTCF
chr8	127662000	127664000	1.94	GM12878_CTCF
chr8	127664000	127666000	1.92	GM12878_CTCF
chr8	127666000	127668000	2.1	GM12878_CTCF
chr8	127668000	127670000	1.74	GM12878_CTCF
chr8	127670000	127672000	1.94	GM12878_CTCF
chr8	127672000	127674000	1.79	GM12878_CTCF
chr8	127674000	127676000	2.21	GM12878_CTCF
chr8	127676000	127678000	2.11	GM12878_CTCF
chr8	127678000	127680000	2.19	GM12878_CTCF
chr8	127680000	127682000	2.23	GM12878_CTCF
chr8	127682000	127684000	2.11	GM12878_CTCF
chr8	127684000	127686000	2.16	GM12878_CTCF
chr8	127686000	127688000	1.98	GM12878_CTCF
chr8	127688000	127690000	1.78	GM12878_CTCF
chr8	127690000	127692000	2.02	GM12878_CTCF
chr8	127692000	127694000	2.23	GM12878_CTCF
chr8	127694000	127696000	2.1	GM12878_CTCF
chr8	127696000	127698000	2.23	GM12878_CTCF
chr8	127698000	127700000	1.79	GM12878_CTCF
chr8	127700000	127702000	1.83	GM12878_CTCF
chr8	127702000	127704000	1.89	GM12878_CTCF
chr8	127704000	127706000	2.16	GM12878_CTCF
chr8	127706000	127708000	1.89	GM12878_CTCF
chr8	127708000	127710000	1.82	GM12878_CTCF
chr8	127710000	127712000	1.85	GM12878_CTCF
chr8	127712000	127714000	1.99	GM12878_CTCF
chr8	127714000	127716000	2.11	GM12878_CTCF
chr8	127716000	127718000	2.06	GM12878_CTCF
chr8	127718000	127720000	2.06	GM12878_CTCF
chr8	127720000	127722000	2.25	GM12878_CTCF
chr8	127722000	127724000	2.18	GM12878_CTCF
chr8	127724000	127726000	1.92	GM12878_CTCF
chr8	127726000	127728000	2.32	GM12878_CTCF
chr8	127728000	127730000	29.0	GM12878_CTCF
chr8	127730000	127732000	74.7	GM12878_CTCF
chr8	127732000	127734000	2.65	GM12878_CTCF
chr8	127734000	127736000	2.1	GM12878_CTCF
chr8	127736000	127738000	2.25	GM12878_CTCF
chr8	127738000	127740000	1.79	GM12878_CTCF
chr8	127740000	127742000	1.82	GM12878_CTCF
chr8	127742000	127744000	2.17	GM12878_CTCF
chr8	127744000	127746000	2.26	GM12878_CTCF
chr8	127746000	127748000	2.27	GM12878_CTCF
chr8	127748000	127750000	1.94	GM12878_CTCF
chr8	127750000	127752000	1.92	GM12878_CTCF
chr8	127752000	127754000	2.1	GM12878_CTCF
chr8	127754000	127756000	1.88	GM12878_CTCF
chr8	127756000	127758000	2.23	GM12878_CTCF
chr8	127758000	127760000	2.29	GM12878_CTCF
chr8	127760000	127762000	2.2	GM12878_CTCF
chr8	127762000	127764000	1.92	GM12878_CTCF
chr8	127764000	127766000	1.78	GM12878_CTCF
chr8	127766000	127768000	1.8	GM12878_CTCF
chr8	127768000	127770000	2.2	GM12878_CTCF
chr8	127770000	127772000	2.15	GM12878_CTCF
chr8	127772000	127774000	1.75	GM12878_CTCF
chr8	127774000	127776000	2.06	GM12878_CTCF
chr8	127776000	127778000	2.13	GM12878_CTCF
chr8	127778000	127780000	1.8	GM12878_CTCF
chr8	127780000	127782000	1.9	GM12878_CTCF
chr8	127782000	127784000	2.24	GM12878_CTCF
chr8	127784000	127786000	1.76	GM12878_CTCF
chr8	127786000	127788000	2.2	GM12878_CTCF
chr8	127788000	127790000	2.25	GM12878_CTCF
chr8	127790000	127792000	2.0	GM12878_CTCF
chr8	127792000	127794000	2.26	GM12878_CTCF
chr8	127794000	127796000	2.24	GM12878_CTCF
chr8	127796000	127798000	1.92	GM12878_CTCF
chr8	127798000	127800000	2.12	GM12878_CTCF
chr8	127800000	127802000	2.03	GM12878_CTCF
chr8	127802000	127804000	2.08	GM12878_CTCF
chr8	127804000	127806000	1.87	GM12878_CTCF
chr8	127806000	127808000	2.05	GM12878_CTCF
chr8	127808000	127810000	1.96	GM12878_CTCF
chr8	127810000	127812000	16.29	GM12878_CTCF
chr8	127812000	127814000	7.43	GM12878_CTCF
chr8	127814000	127816000	2.05	GM12878_CTCF
chr8	127816000	127818000	2.17	GM12878_CTCF
chr8	127818000	127820000	2.16	GM12878_CTCF
chr8	127820000	127822000	2.04	GM12878_CTCF
chr8	127822000	127824000	1.98	GM12878_CTCF
chr8	127824000	127826000	2.25	GM12878_CTCF
chr8	127826000	127828000	1.79	GM12878_CTCF
chr8	127828000	127830000	1.98	GM12878_CTCF
chr8	127830000	127832000	2.23	GM12878_CTCF
chr8	127832000	127834000	2.19	GM12878_CTCF
chr8	127834000	127836000	2.23	GM12878_CTCF
chr8	127836000	127838000	1.86	GM12878_CTCF
chr8	127838000	127840000	2.22	GM12878_CTCF
chr8	127840000	127842000	1.81	GM12878_CTCF
chr8	127842000	127844000	1.96	GM12878_CTCF
chr8	127844000	127846000	1.96	GM12878_CTCF
chr8	127846000	127848000	3.31	GM12878_CTCF
chr8	127848000	127850000	22.62	GM12878_CTCF
chr8	127850000	127852000	3.85	GM12878_CTCF
chr8	127852000	127854000	2.11	GM12878_CTCF
chr8	127854000	127856000	1.77	GM12878_CTCF
chr8	127856000	127858000	1.99	GM12878_CTCF
chr8	127858000	127860000	2.1	GM12878_CTCF
chr8	127860000	127862000	2.25	GM12878_CTCF
chr8	127862000	127864000	1.83	GM12878_CTCF
chr8	127864000	127866000	1.74	GM12878_CTCF
chr8	127866000	127868000	2.29	GM12878_CTCF
chr8	127868000	127870000	1.7	GM12878_CTCF
chr8	127870000	127872000	2.29	GM12878_CTCF
chr8	127872000	127874000	2.18	GM12878_CTCF
chr8	127874000	127876000	2.05	GM12878_CTCF
chr8	127876000	127878000	2.18	GM12878_CTCF
chr8	127878000	127880000	2.14	GM12878_CTCF
chr8	127880000	127882000	2.1	GM12878_CTCF
chr8	127882000	127884000	1.86	GM12878_CTCF
chr8	127884000	127886000	2.25	GM12878_CTCF
chr8	127886000	127888000	2.18	GM12878_CTCF
chr8	127888000	127890000	2.1	GM12878_CTCF
chr8	127890000	127892000	2.07	GM12878_CTCF
chr8	127892000	127894000	2.0	GM12878_CTCF
chr8	127894000	127896000	2.24	GM12878_CTCF
chr8	127896000	127898000	2.01	GM12878_CTCF
chr8	127898000	127900000	1.79	GM12878_CTCF
chr8	127900000	127902000	1.86	GM12878_CTCF
chr8	127902000	127904000	1.72	GM12878_CTCF
chr8	127904000	127906000	2.02	GM12878_CTCF
chr8	127906000	127908000	2.06	GM12878_CTCF
chr8	127908000	127910000	1.78	GM12878_CTCF
chr8	127910000	127912000	2.24	GM12878_CTCF
chr8	127912000	127914000	1.88	GM12878_CTCF
chr8	127914000	127916000	2.15	GM12878_CTCF
chr8	127916000	127918000	1.94	GM12878_CTCF
chr8	127918000	127920000	1.76	GM12878_CTCF
chr8	127920000	127922000	1.99	GM12878_CTCF
chr8	127922000	127924000	1.93	GM12878_CTCF
chr8	127924000	127926000	1.86	GM12878_CTCF
chr8	127926000	127928000	2.08	GM12878_CTCF
chr8	127928000	127930000	1.88	GM12878_CTCF
chr8	127930000	127932000	1.86	GM12878_CTCF
chr8	127932000	127934000	2.09	GM12878_CTCF
chr8	127934000	127936000	1.78	GM12878_CTCF
chr8	127936000	127938000	2.16	GM12878_CTCF
chr8	127938000	127940000	2.08	GM12878_CTCF
chr8	127940000	127942000	1.71	GM12878_CTCF
chr8	127942000	127944000	2.0	GM12878_CTCF
chr8	127944000	127946000	2.09	GM12878_CTCF
chr8	127946000	127948000	1.77	GM12878_CTCF
chr8	127948000	127950000	2.17	GM12878_CTCF
chr8	127950000	127952000	2.0	GM12878_CTCF
chr8	127952000	127954000	1.85	GM12878_CTCF
chr8	127954000	127956000	1.79	GM12878_CTCF
chr8	127956000	127958000	1.82	GM12878_CTCF
chr8	127958000	127960000	2.2	GM12878_CTCF
chr8	127960000	127962000	2.09	GM12878_CTCF
chr8	127962000	127964000	1.85	GM12878_CTCF
chr8	127964000	127966000	2.2	GM12878_CTCF
chr8	127966000	127968000	2.14	GM12878_CTCF
chr8	127968000	127970000	1.89	GM12878_CTCF
chr8	127970000	127972000	2.15	GM12878_CTCF
chr8	127972000	127974000	1.77	GM12878_CTCF
chr8	127974000	127976000	2.29	GM12878_CTCF
chr8	127976000	127978000	1.75	GM12878_CTCF
chr8	127978000	127980000	2.47	GM12878_CTCF
chr8	127980000	127982000	18.31	GM12878_CTCF
chr8	127982000	127984000	6.35	GM12878_CTCF
chr8	127984000	127986000	2.23	GM12878_CTCF
chr8	127986000	127988000	1.76	GM12878_CTCF
chr8	127988000	127990000	1.78	GM12878_CTCF
chr8	127990000	127992000	2.09	GM12878_CTCF
chr8	127992000	127994000	1.95	GM12878_CTCF
chr8	127994000	127996000	2.29	GM12878_CTCF
chr8	127996000	127998000	2.19	GM12878_CTCF
chr8	127998000	128000000	1.77	GM12878_CTCF
chr8	128000000	128002000	2.19	GM12878_CTCF
chr8	128002000	128004000	1.8	GM12878_CTCF
chr8	128004000	128006000	2.0	GM12878_CTCF
chr8	128006000	128008000	1.78	GM12878_CTCF
chr8	128008000	128010000	1.87	GM12878_CTCF
chr8	128010000	128012000	1.99	GM12878_CTCF
chr8	128012000	128014000	2.11	GM12878_CTCF
chr8	128014000	128016000	2.01	GM12878_CTCF
chr8	128016000	128018000	3.62	GM12878_CTCF
chr8	128018000	128020000	79.43	GM12878_CTCF
chr8	128020000	128022000	18.72	GM12878_CTCF
chr8	128022000	128024000	2.18	GM12878_CTCF
chr8	128024000	128026000	2.07	GM12878_CTCF
chr8	128026000	128028000	2.46	GM12878_CTCF
chr8	128028000	128030000	43.96	GM12878_CTCF
chr8	128030000	128032000	10.76	GM12878_CTCF
chr8	128032000	128034000	2.11	GM12878_CTCF
chr8	128034000	128036000	1.77	GM12878_CTCF
chr8	128036000	128038000	1.79	GM12878_CTCF
chr8	128038000	128040000	2.16	GM12878_CTCF
chr8	128040000	128042000	1.89	GM12878_CTCF
chr8	128042000	128044000	1.89	GM12878_CTCF
chr8	128044000	128046000	1.94	GM12878_CTCF
chr8	128046000	128048000	2.27	GM12878_CTCF
chr8	128048000	128050000	2.06	GM12878_CTCF
chr8	128050000	128052000	1.81	GM12878_CTCF
chr8	128052000	128054000	2.29	GM12878_CTCF
chr8	128054000	128056000	1.8	GM12878_CTCF
chr8	128056000	128058000	1.95	GM12878_CTCF
chr8	128058000	128060000	2.27	GM12878_CTCF
chr8	128060000	128062000	2.05	GM12878_CTCF
chr8	128062000	128064000	1.78	GM12878_CTCF
chr8	128064000	128066000	2.14	GM12878_CTCF
chr8	128066000	128068000	2.22	GM12878_CTCF
chr8	128068000	128070000	2.08	GM12878_CTCF
chr8	128070000	128072000	2.24	GM12878_CTCF
chr8	128072000	128074000	2.23	GM12878_CTCF
chr8	128074000	128076000	1.96	GM12878_CTCF
chr8	128076000	128078000	2.14	GM12878_CTCF
chr8	128078000	128080000	2.28	GM12878_CTCF
chr8	128080000	128082000	2.13	GM12878_CTCF
chr8	128082000	128084000	2.24	GM12878_CTCF
chr8	128084000	128086000	1.74	GM12878_CTCF
chr8	128086000	128088000	2.24	GM12878_CTCF
chr8	128088000	128090000	2.02	GM12878_CTCF
chr8	128090000	128092000	2.19	GM12878_CTCF
chr8	128092000	128094000	1.87	GM12878_CTCF
chr8	128094000	128096000	1.85	GM12878_CTCF
chr8	128096000	128098000	1.93	GM12878_CTCF
chr8	128098000	128100000	2.29	GM12878_CTCF
chr8	128100000	128102000	1.98	GM12878_CTCF
chr8	128102000	128104000	1.88	GM12878_CTCF
chr8	128104000	128106000	1.82	GM12878_CTCF
chr8	128106000	128108000	1.83	GM12878_CTCF
chr8	128108000	128110000	1.95	GM12878_CTCF
chr8	128110000	128112000	2.23	GM12878_CTCF
chr8	128112000	128114000	2.09	GM12878_CTCF
chr8	128114000	128116000	2.08	GM12878_CTCF
chr8	128116000	128118000	2.02	GM12878_CTCF
chr8	128118000	128120000	2.18	GM12878_CTCF
chr8	128120000	128122000	1.96	GM12878_CTCF
chr8	128122000	128124000	1.77	GM12878_CTCF
chr8	128124000	128126000	2.26	GM12878_CTCF
chr8	128126000	128128000	2.11	GM12878_CTCF
chr8	128128000	128130000	2.24	GM12878_CTCF
chr8	128130000	128132000	2.28	GM12878_CTCF
chr8	128132000	128134000	1.73	GM12878_CTCF
chr8	128134000	128136000	1.96	GM12878_CTCF
chr8	128136000	128138000	1.95	GM12878_CTCF
chr8	128138000	128140000	1.78	GM12878_CTCF
chr8	128140000	128142000	1.86	GM12878_CTCF
chr8	128142000	128144000	2.22	GM12878_CTCF
chr8	128144000	128146000	1.86	GM12878_CTCF
chr8	128146000	128148000	1.86	GM12878_CTCF
chr8	128148000	128150000	2.22	GM12878_CTCF
chr8	128150000	128152000	2.24	GM12878_CTCF
chr8	128152000	128154000	1.71	GM12878_CTCF
chr8	128154000	128156000	1.9	GM12878_CTCF
chr8	128156000	128158000	1.79	GM12878_CTCF
chr8	128158000	128160000	1.88	GM12878_CTCF
chr8	128160000	128162000	1.77	GM12878_CTCF
chr8	128162000	128164000	2.23	GM12878_CTCF
chr8	128164000	128166000	1.88	GM12878_CTCF
chr8	128166000	128168000	1.82	GM12878_CTCF
chr8	128168000	128170000	1.95	GM12878_CTCF
chr8	128170000	128172000	2.0	GM12878_CTCF
chr8	128172000	128174000	1.86	GM12878_CTCF
chr8	128174000	128176000	1.8	GM12878_CTCF
chr8	128176000	128178000	2.01	GM12878_CTCF
chr8	128178000	128180000	1.74	GM12878_CTCF
chr8	128180000	128182000	1.94	GM12878_CTCF
chr8	128182000	128184000	2.14	GM12878_CTCF
chr8	128184000	128186000	2.07	GM12878_CTCF
chr8	128186000	128188000	2.28	GM12878_CTCF
chr8	128188000	128190000	1.73	GM12878_CTCF
chr8	128190000	128192000	2.11	GM12878_CTCF
chr8	128192000	128194000	1.77	GM12878_CTCF
chr8	128194000	128196000	2.18	GM12878_CTCF
chr8	128196000	128198000	2.24	GM12878_CTCF
chr8	128198000	128200000	1.93	GM12878_CTCF
chr8	128200000	128202000	2.08	GM12878_CTCF
chr8	128202000	128204000	2.16	GM12878_CTCF
chr8	128204000	128206000	1.98	GM12878_CTCF
chr8	128206000	128208000	1.93	GM12878_CTCF
chr8	128208000	128210000	1.75	GM12878_CTCF
chr8	128210000	128212000	2.16	GM12878_CTCF
chr8	128212000	128214000	2.17	GM12878_CTCF
chr8	128214000	128216000	1.73	GM12878_CTCF
chr8	128216000	128218000	1.89	GM12878_CTCF
chr8	128218000	128220000	2.11	GM12878_CTCF
chr8	128220000	128222000	1.92	GM12878_CTCF
chr8	128222000	128224000	1.84	GM12878_CTCF
chr8	128224000	128226000	2.03	GM12878_CTCF
chr8	128226000	128228000	2.03	GM12878_CTCF
chr8	128228000	128230000	1.91	GM12878_CTCF
chr8	128230000	128232000	2.14	GM12878_CTCF
chr8	128232000	128234000	2.19	GM12878_CTCF
chr8	128234000	128236000	1.78	GM12878_CTCF
chr8	128236000	128238000	1.99	GM12878_CTCF
chr8	128238000	128240000	1.71	GM12878_CTCF
chr8	128240000	128242000	1.88	GM12878_CTCF
chr8	128242000	128244000	1.77	GM12878_CTCF
chr8	128244000	128246000	1.94	GM12878_CTCF
chr8	128246000	128248000	1.73	GM12878_CTCF
chr8	128248000	128250000	1.82	GM12878_CTCF
chr8	128250000	128252000	1.77	GM12878_CTCF
chr8	128252000	128254000	2.01	GM12878_CTCF
chr8	128254000	128256000	2.07	GM12878_CTCF
chr8	128256000	128258000	1.89	GM12878_CTCF
chr8	128258000	128260000	2.13	GM12878_CTCF
chr8	128260000	128262000	2.21	GM12878_CTCF
chr8	128262000	128264000	2.0	GM12878_CTCF
chr8	128264000	128266000	2.11	GM12878_CTCF
chr8	128266000	128268000	1.98	GM12878_CTCF
chr8	128268000	128270000	1.81	GM12878_CTCF
chr8	128270000	128272000	2.1	GM12878_CTCF
chr8	128272000	128274000	2.13	GM12878_CTCF
chr8	128274000	128276000	2.12	GM12878_CTCF
chr8	128276000	128278000	1.78	GM12878_CTCF
chr8	128278000	128280000	1.99	GM12878_CTCF
chr8	128280000	128282000	1.97	GM12878_CTCF
chr8	128282000	128284000	2.18	GM12878_CTCF
chr8	128284000	128286000	2.0	GM12878_CTCF
chr8	128286000	128288000	1.89	GM12878_CTCF
chr8	128288000	128290000	1.73	GM12878_CTCF
chr8	128290000	128292000	2.19	GM12878_CTCF
chr8	128292000	128294000	1.8	GM12878_CTCF
chr8	128294000	128296000	2.02	GM12878_CTCF
chr8	128296000	128298000	2.26	GM12878_CTCF
chr8	128298000	128300000	1.88	GM12878_CTCF
chr8	128300000	128302000	1.93	GM12878_CTCF
chr8	128302000	128304000	2.14	GM12878_CTCF
chr8	128304000	128306000	2.03	GM12878_CTCF
chr8	128306000	128308000	1.97	GM12878_CTCF
chr8	128308000	128310000	1.91	GM12878_CTCF
chr8	128310000	128312000	2.28	GM12878_CTCF
chr8	128312000	128314000	1.96	GM12878_CTCF
chr8	128314000	128316000	2.11	GM12878_CTCF
chr8	128316000	128318000	2.14	GM12878_CTCF
chr8	128318000	128320000	1.73	GM12878_CTCF
chr8	128320000	128322000	2.02	GM12878_CTCF
chr8	128322000	128324000	2.22	GM12878_CTCF
chr8	128324000	128326000	1.74	GM12878_CTCF
chr8	128326000	128328000	2.23	GM12878_CTCF
chr8	128328000	128330000	1.92	GM12878_CTCF
chr8	128330000	128332000	2.03	GM12878_CTCF
chr8	128332000	128334000	2.13	GM12878_CTCF
chr8	128334000	128336000	1.77	GM12878_CTCF
chr8	128336000	128338000	2.06	GM12878_CTCF
chr8	128338000	128340000	1.79	GM12878_CTCF
chr8	128340000	128342000	2.26	GM12878_CTCF
chr8	128342000	128344000	2.23	GM12878_CTCF
chr8	128344000	128346000	1.96	GM12878_CTCF
chr8	128346000	128348000	6.18	GM12878_CTCF
chr8	128348000	128350000	52.31	GM12878_CTCF
chr8	128350000	128352000	4.42	GM12878_CTCF
chr8	128352000	128354000	2.2	GM12878_CTCF
chr8	128354000	128356000	1.81	GM12878_CTCF
chr8	128356000	128358000	1.95	GM12878_CTCF
chr8	128358000	128360000	1.74	GM12878_CTCF
chr8	128360000	128362000	1.81	GM12878_CTCF
chr8	128362000	128364000	1.8	GM12878_CTCF
chr8	128364000	128366000	1.94	GM12878_CTCF
chr8	128366000	128368000	2.19	GM12878_CTCF
chr8	128368000	128370000	1.89	GM12878_CTCF
chr8	128370000	128372000	1.81	GM12878_CTCF
chr8	128372000	128374000	2.3	GM12878_CTCF
chr8	128374000	128376000	2.03	GM12878_CTCF
chr8	128376000	128378000	1.89	GM12878_CTCF
chr8	128378000	128380000	2.17	GM12878_CTCF
chr8	127100000	127102000	2.03	GM12878_H3K27ac
chr8	127102000	127104000	1.87	GM12878_H3K27ac
chr8	127104000	127106000	2.24	GM12878_H3K27ac
chr8	127106000	127108000	2.18	GM12878_H3K27ac
chr8	127108000	127110000	1.87	GM12878_H3K27ac
chr8	127110000	127112000	1.96	GM12878_H3K27ac
chr8	127112000	127114000	1.73	GM12878_H3K27ac
chr8	127114000	127116000	1.88	GM12878_H3K27ac
chr8	127116000	127118000	1.86	GM12878_H3K27ac
chr8	127118000	127120000	2.12	GM12878_H3K27ac
chr8	127120000	127122000	1.71	GM12878_H3K27ac
chr8	127122000	127124000	2.22	GM12878_H3K27ac
chr8	127124000	127126000	1.98	GM12878_H3K27ac
chr8	127126000	127128000	1.98	GM12878_H3K27ac
chr8	127128000	127130000	1.72	GM12878_H3K27ac
chr8	127130000	127132000	1.95	GM12878_H3K27ac
chr8	127132000	127134000	1.8	GM12878_H3K27ac
chr8	127134000	127136000	2.16	GM12878_H3K27ac
chr8	127136000	127138000	1.96	GM12878_H3K27ac
chr8	127138000	127140000	1.89	GM12878_H3K27ac
chr8	127140000	127142000	1.94	GM12878_H3K27ac
chr8	127142000	127144000	1.73	GM12878_H3K27ac
chr8	127144000	127146000	2.24	GM12878_H3K27ac
chr8	127146000	127148000	2.12	GM12878_H3K27ac
chr8	127148000	127150000	1.94	GM12878_H3K27ac
chr8	127150000	127152000	1.74	GM12878_H3K27ac
chr8	127152000	127154000	1.79	GM12878_H3K27ac
chr8	127154000	127156000	2.15	GM12878_H3K27ac
chr8	127156000	127158000	2.3	GM12878_H3K27ac
chr8	127158000	127160000	1.74	GM12878_H3K27ac
chr8	127160000	127162000	2.05	GM12878_H3K27ac
chr8	127162000	127164000	2.06	GM12878_H3K27ac
chr8	127164000	127166000	2.14	GM12878_H3K27ac
chr8	127166000	127168000	1.94	GM12878_H3K27ac
chr8	127168000	127170000	2.08	GM12878_H3K27ac
chr8	127170000	127172000	2.18	GM12878_H3K27ac
chr8	127172000	127174000	1.85	GM12878_H3K27ac
chr8	127174000	127176000	1.98	GM12878_H3K27ac
chr8	127176000	127178000	1.73	GM12878_H3K27ac
chr8	127178000	127180000	2.13	GM12878_H3K27ac
chr8	127180000	127182000	2.07	GM12878_H3K27ac
chr8	127182000	127184000	1.9	GM12878_H3K27ac
chr8	127184000	127186000	2.13	GM12878_H3K27ac
chr8	127186000	127188000	2.19	GM12878_H3K27ac
chr8	127188000	127190000	2.12	GM12878_H3K27ac
chr8	127190000	127192000	1.92	GM12878_H3K27ac
chr8	127192000	127194000	2.28	GM12878_H3K27ac
chr8	127194000	127196000	2.09	GM12878_H3K27ac
chr8	127196000	127198000	2.1	GM12878_H3K27ac
chr8	127198000	127200000	1.88	GM12878_H3K27ac
chr8	127200000	127202000	2.11	GM12878_H3K27ac
chr8	127202000	127204000	2.04	GM12878_H3K27ac
chr8	127204000	127206000	2.24	GM12878_H3K27ac
chr8	127206000	127208000	2.24	GM12878_H3K27ac
chr8	127208000	127210000	1.71	GM12878_H3K27ac
chr8	127210000	127212000	1.72	GM12878_H3K27ac
chr8	127212000	127214000	1.97	GM12878_H3K27ac
chr8	127214000	127216000	1.82	GM12878_H3K27ac
chr8	127216000	127218000	2.12	GM12878_H3K27ac
chr8	127218000	127220000	2.21	GM12878_H3K27ac
chr8	127220000	127222000	2.24	GM12878_H3K27ac
chr8	127222000	127224000	2.05	GM12878_H3K27ac
chr8	127224000	127226000	2.01	GM12878_H3K27ac
chr8	127226000	127228000	2.04	GM12878_H3K27ac
chr8	127228000	127230000	1.75	GM12878_H3K27ac
chr8	127230000	127232000	1.92	GM12878_H3K27ac
chr8	127232000	127234000	1.85	GM12878_H3K27ac
chr8	127234000	127236000	1.9	GM12878_H3K27ac
chr8	127236000	127238000	2.23	GM12878_H3K27ac
chr8	127238000	127240000	1.72	GM12878_H3K27ac
chr8	127240000	127242000	1.93	GM12878_H3K27ac
chr8	127242000	127244000	1.89	GM12878_H3K27ac
chr8	127244000	127246000	2.03	GM12878_H3K27ac
chr8	127246000	127248000	2.25	GM12878_H3K27ac
chr8	127248000	127250000	2.15	GM12878_H3K27ac
chr8	127250000	127252000	1.77	GM12878_H3K27ac
chr8	127252000	127254000	2.07	GM12878_H3K27ac
chr8	127254000	127256000	1.73	GM12878_H3K27ac
chr8	127256000	127258000	2.17	GM12878_H3K27ac
chr8	127258000	127260000	1.93	GM12878_H3K27ac
chr8	127260000	127262000	2.23	GM12878_H3K27ac
chr8	127262000	127264000	2.3	GM12878_H3K27ac
chr8	127264000	127266000	2.16	GM12878_H3K27ac
chr8	127266000	127268000	2.27	GM12878_H3K27ac
chr8	127268000	127270000	1.78	GM12878_H3K27ac
chr8	127270000	127272000	1.84	GM12878_H3K27ac
chr8	127272000	127274000	1.91	GM12878_H3K27ac
chr8	127274000	127276000	2.17	GM12878_H3K27ac
chr8	127276000	127278000	2.14	GM12878_H3K27ac
chr8	127278000	127280000	2.28	GM12878_H3K27ac
chr8	127280000	127282000	1.82	GM12878_H3K27ac
chr8	127282000	127284000	1.78	GM12878_H3K27ac
chr8	127284000	127286000	1.77	GM12878_H3K27ac
chr8	127286000	127288000	1.76	GM12878_H3K27ac
chr8	127288000	127290000	1.86	GM12878_H3K27ac
chr8	127290000	127292000	1.89	GM12878_H3K27ac
chr8	127292000	127294000	2.28	GM12878_H3K27ac
chr8	127294000	127296000	2.25	GM12878_H3K27ac
chr8	127296000	127298000	2.08	GM12878_H3K27ac
chr8	127298000	127300000	1.78	GM12878_H3K27ac
chr8	127300000	127302000	2.28	GM12878_H3K27ac
chr8	127302000	127304000	1.97	GM12878_H3K27ac
chr8	127304000	127306000	2.19	GM12878_H3K27ac
chr8	127306000	127308000	1.8	GM12878_H3K27ac
chr8	127308000	127310000	2.28	GM12878_H3K27ac
chr8	127310000	127312000	1.81	GM12878_H3K27ac
chr8	127312000	127314000	2.07	GM12878_H3K27ac
chr8	127314000	127316000	3.69	GM12878_H3K27ac
chr8	127316000	127318000	8.21	GM12878_H3K27ac
chr8	127318000	127320000	24.95	GM12878_H3K27ac
chr8	127320000	127322000	35.42	GM12878_H3K27ac
chr8	127322000	127324000	45.93	GM12878_H3K27ac
chr8	127324000	127326000	23.06	GM12878_H3K27ac
chr8	127326000	127328000	9.81	GM12878_H3K27ac
chr8	127328000	127330000	4.79	GM12878_H3K27ac
chr8	127330000	127332000	2.01	GM12878_H3K27ac
chr8	127332000	127334000	2.09	GM12878_H3K27ac
chr8	127334000	127336000	2.04	GM12878_H3K27ac
chr8	127336000	127338000	1.99	GM12878_H3K27ac
chr8	127338000	127340000	1.93	GM12878_H3K27ac
chr8	127340000	127342000	1.73	GM12878_H3K27ac
chr8	127342000	127344000	1.77	GM12878_H3K27ac
chr8	127344000	127346000	2.09	GM12878_H3K27ac
chr8	127346000	127348000	1.91	GM12878_H3K27ac
chr8	127348000	127350000	1.76	GM12878_H3K27ac
chr8	127350000	127352000	2.28	GM12878_H3K27ac
chr8	127352000	127354000	1.94	GM12878_H3K27ac
chr8	127354000	127356000	2.16	GM12878_H3K27ac
chr8	127356000	127358000	2.28	GM12878_H3K27ac
chr8	127358000	127360000	2.13	GM12878_H3K27ac
chr8	127360000	127362000	1.72	GM12878_H3K27ac
chr8	127362000	127364000	1.88	GM12878_H3K27ac
chr8	127364000	127366000	2.2	GM12878_H3K27ac
chr8	127366000	127368000	2.07	GM12878_H3K27ac
chr8	127368000	127370000	2.01	GM12878_H3K27ac
chr8	127370000	127372000	2.21	GM12878_H3K27ac
chr8	127372000	127374000	1.8	GM12878_H3K27ac
chr8	127374000	127376000	1.85	GM12878_H3K27ac
chr8	127376000	127378000	2.22	GM12878_H3K27ac
chr8	127378000	127380000	2.04	GM12878_H3K27ac
chr8	127380000	127382000	1.86	GM12878_H3K27ac
chr8	127382000	127384000	2.15	GM12878_H3K27ac
chr8	127384000	127386000	2.2	GM12878_H3K27ac
chr8	127386000	127388000	1.99	GM12878_H3K27ac
chr8	127388000	127390000	1.92	GM12878_H3K27ac
chr8	127390000	127392000	1.91	GM12878_H3K27ac
chr8	127392000	127394000	2.23	GM12878_H3K27ac
chr8	127394000	127396000	1.78	GM12878_H3K27ac
chr8	127396000	127398000	2.16	GM12878_H3K27ac
chr8	127398000	127400000	1.85	GM12878_H3K27ac
chr8	127400000	127402000	2.0	GM12878_H3K27ac
chr8	127402000	127404000	1.96	GM12878_H3K27ac
chr8	127404000	127406000	2.15	GM12878_H3K27ac
chr8	127406000	127408000	1.86	GM12878_H3K27ac
chr8	127408000	127410000	1.83	GM12878_H3K27ac
chr8	127410000	127412000	2.05	GM12878_H3K27ac
chr8	127412000	127414000	1.95	GM12878_H3K27ac
chr8	127414000	127416000	1.92	GM12878_H3K27ac
chr8	127416000	127418000	2.09	GM12878_H3K27ac
chr8	127418000	127420000	1.76	GM12878_H3K27ac
chr8	127420000	127422000	1.82	GM12878_H3K27ac
chr8	127422000	127424000	1.83	GM12878_H3K27ac
chr8	127424000	127426000	2.07	GM12878_H3K27ac
chr8	127426000	127428000	2.17	GM12878_H3K27ac
chr8	127428000	127430000	1.86	GM12878_H3K27ac
chr8	127430000	127432000	1.91	GM12878_H3K27ac
chr8	127432000	127434000	1.97	GM12878_H3K27ac
chr8	127434000	127436000	1.77	GM12878_H3K27ac
chr8	127436000	127438000	2.04	GM12878_H3K27ac
chr8	127438000	127440000	1.71	GM12878_H3K27ac
chr8	127440000	127442000	1.94	GM12878_H3K27ac
chr8	127442000	127444000	2.15	GM12878_H3K27ac
chr8	127444000	127446000	2.29	GM12878_H3K27ac
chr8	127446000	127448000	2.2	GM12878_H3K27ac
chr8	127448000	127450000	1.92	GM12878_H3K27ac
chr8	127450000	127452000	1.98	GM12878_H3K27ac
chr8	127452000	127454000	2.09	GM12878_H3K27ac
chr8	127454000	127456000	1.97	GM12878_H3K27ac
chr8	127456000	127458000	2.04	GM12878_H3K27ac
chr8	127458000	127460000	1.77	GM12878_H3K27ac
chr8	127460000	127462000	2.12	GM12878_H3K27ac
chr8	127462000	127464000	1.76	GM12878_H3K27ac
chr8	127464000	127466000	2.05	GM12878_H3K27ac
chr8	127466000	127468000	1.8	GM12878_H3K27ac
chr8	127468000	127470000	2.05	GM12878_H3K27ac
chr8	127470000	127472000	2.16	GM12878_H3K27ac
chr8	127472000	127474000	1.87	GM12878_H3K27ac
chr8	127474000	127476000	1.82	GM12878_H3K27ac
chr8	127476000	127478000	1.92	GM12878_H3K27ac
chr8	127478000	127480000	1.97	GM12878_H3K27ac
chr8	127480000	127482000	1.77	GM12878_H3K27ac
chr8	127482000	127484000	1.87	GM12878_H3K27ac
chr8	127484000	127486000	2.28	GM12878_H3K27ac
chr8	127486000	127488000	1.82	GM12878_H3K27ac
chr8	127488000	127490000	1.77	GM12878_H3K27ac
chr8	127490000	127492000	2.23	GM12878_H3K27ac
chr8	127492000	127494000	1.97	GM12878_H3K27ac
chr8	127494000	127496000	2.21	GM12878_H3K27ac
chr8	127496000	127498000	1.93	GM12878_H3K27ac
chr8	127498000	127500000	2.28	GM12878_H3K27ac
chr8	127500000	127502000	2.02	GM12878_H3K27ac
chr8	127502000	127504000	1.83	GM12878_H3K27ac
chr8	127504000	127506000	1.73	GM12878_H3K27ac
chr8	127506000	127508000	1.89	GM12878_H3K27ac
chr8	127508000	127510000	2.08	GM12878_H3K27ac
chr8	127510000	127512000	1.72	GM12878_H3K27ac
chr8	127512000	127514000	1.98	GM12878_H3K27ac
chr8	127514000	127516000	2.27	GM12878_H3K27ac
chr8	127516000	127518000	2.05	GM12878_H3K27ac
chr8	127518000	127520000	1.89	GM12878_H3K27ac
chr8	127520000	127522000	2.07	GM12878_H3K27ac
chr8	127522000	127524000	2.18	GM12878_H3K27ac
chr8	127524000	127526000	1.94	GM12878_H3K27ac
chr8	127526000	127528000	2.07	GM12878_H3K27ac
chr8	127528000	127530000	2.1	GM12878_H3K27ac
chr8	127530000	127532000	2.08	GM12878_H3K27ac
chr8	127532000	127534000	2.2	GM12878_H3K27ac
chr8	127534000	127536000	1.73	GM12878_H3K27ac
chr8	127536000	127538000	2.1	GM12878_H3K27ac
chr8	127538000	127540000	2.13	GM12878_H3K27ac
chr8	127540000	127542000	2.23	GM12878_H3K27ac
chr8	127542000	127544000	2.29	GM12878_H3K27ac
chr8	127544000	127546000	1.89	GM12878_H3K27ac
chr8	127546000	127548000	2.18	GM12878_H3K27ac
chr8	127548000	127550000	2.15	GM12878_H3K27ac
chr8	127550000	127552000	2.02	GM12878_H3K27ac
chr8	127552000	127554000	1.7	GM12878_H3K27ac
chr8	127554000	127556000	2.11	GM12878_H3K27ac
chr8	127556000	127558000	2.02	GM12878_H3K27ac
chr8	127558000	127560000	1.92	GM12878_H3K27ac
chr8	127560000	127562000	1.84	GM12878_H3K27ac
chr8	127562000	127564000	1.91	GM12878_H3K27ac
chr8	127564000	127566000	2.26	GM12878_H3K27ac
chr8	127566000	127568000	2.25	GM12878_H3K27ac
chr8	127568000	127570000	2.17	GM12878_H3K27ac
chr8	127570000	127572000	1.88	GM12878_H3K27ac
chr8	127572000	127574000	1.71	GM12878_H3K27ac
chr8	127574000	127576000	2.22	GM12878_H3K27ac
chr8	127576000	127578000	2.07	GM12878_H3K27ac
chr8	127578000	127580000	1.8	GM12878_H3K27ac
chr8	127580000	127582000	1.71	GM12878_H3K27ac
chr8	127582000	127584000	2.08	GM12878_H3K27ac
chr8	127584000	127586000	2.09	GM12878_H3K27ac
chr8	127586000	127588000	1.82	GM12878_H3K27ac
chr8	127588000	127590000	1.86	GM12878_H3K27ac
chr8	127590000	127592000	2.16	GM12878_H3K27ac
chr8	127592000	127594000	1.92	GM12878_H3K27ac
chr8	127594000	127596000	2.12	GM12878_H3K27ac
chr8	127596000	127598000	2.19	GM12878_H3K27ac
chr8	127598000	127600000	1.74	GM12878_H3K27ac
chr8	127600000	127602000	2.08	GM12878_H3K27ac
chr8	127602000	127604000	1.9	GM12878_H3K27ac
chr8	127604000	127606000	2.17	GM12878_H3K27ac
chr8	127606000	127608000	1.78	GM12878_H3K27ac
chr8	127608000	127610000	2.3	GM12878_H3K27ac
chr8	127610000	127612000	1.94	GM12878_H3K27ac
chr8	127612000	127614000	1.81	GM12878_H3K27ac
chr8	127614000	127616000	2.1	GM12878_H3K27ac
chr8	127616000	127618000	2.23	GM12878_H3K27ac
chr8	127618000	127620000	1.96	GM12878_H3K27ac
chr8	127620000	127622000	1.99	GM12878_H3K27ac
chr8	127622000	127624000	2.13	GM12878_H3K27ac
chr8	127624000	127626000	1.85	GM12878_H3K27ac
chr8	127626000	127628000	2.15	GM12878_H3K27ac
chr8	127628000	127630000	2.29	GM12878_H3K27ac
chr8	127630000	127632000	1.88	GM12878_H3K27ac
chr8	127632000	127634000	1.78	GM12878_H3K27ac
chr8	127634000	127636000	2.22	GM12878_H3K27ac
chr8	127636000	127638000	1.96	GM12878_H3K27ac
chr8	127638000	127640000	2.24	GM12878_H3K27ac
chr8	127640000	127642000	2.19	GM12878_H3K27ac
chr8	127642000	127644000	2.13	GM12878_H3K27ac
chr8	127644000	127646000	1.74	GM12878_H3K27ac
chr8	127646000	127648000	1.8	GM12878_H3K27ac
chr8	127648000	127650000	2.17	GM12878_H3K27ac
chr8	127650000	127652000	1.97	GM12878_H3K27ac
chr8	127652000	127654000	2.13	GM12878_H3K27ac
chr8	127654000	127656000	2.11	GM12878_H3K27ac
chr8	127656000	127658000	2.01	GM12878_H3K27ac
chr8	127658000	127660000	2.21	GM12878_H3K27ac
chr8	127660000	127662000	1.76	GM12878_H3K27ac
chr8	127662000	127664000	1.83	GM12878_H3K27ac
chr8	127664000	127666000	2.28	GM12878_H3K27ac
chr8	127666000	127668000	1.72	GM12878_H3K27ac
chr8	127668000	127670000	1.88	GM12878_H3K27ac
chr8	127670000	127672000	2.03	GM12878_H3K27ac
chr8	127672000	127674000	2.24	GM12878_H3K27ac
chr8	127674000	127676000	1.99	GM12878_H3K27ac
chr8	127676000	127678000	1.89	GM12878_H3K27ac
chr8	127678000	127680000	2.08	GM12878_H3K27ac
chr8	127680000	127682000	2.1	GM12878_H3K27ac
chr8	127682000	127684000	2.03	GM12878_H3K27ac
chr8	127684000	127686000	1.97	GM12878_H3K27ac
chr8	127686000	127688000	1.78	GM12878_H3K27ac
chr8	127688000	127690000	2.18	GM12878_H3K27ac
chr8	127690000	127692000	2.3	GM12878_H3K27ac
chr8	127692000	127694000	2.16	GM12878_H3K27ac
chr8	127694000	127696000	1.79	GM12878_H3K27ac
chr8	127696000	127698000	2.02	GM12878_H3K27ac
chr8	127698000	127700000	1.76	GM12878_H3K27ac
chr8	127700000	127702000	2.06	GM12878_H3K27ac
chr8	127702000	127704000	2.1	GM12878_H3K27ac
chr8	127704000	127706000	1.81	GM12878_H3K27ac
chr8	127706000	127708000	1.89	GM12878_H3K27ac
chr8	127708000	127710000	2.19	GM12878_H3K27ac
chr8	127710000	127712000	2.29	GM12878_H3K27ac
chr8	127712000	127714000	1.82	GM12878_H3K27ac
chr8	127714000	127716000	2.11	GM12878_H3K27ac
chr8	127716000	127718000	2.13	GM12878_H3K27ac
chr8	127718000	127720000	2.02	GM12878_H3K27ac
chr8	127720000	127722000	2.24	GM12878_H3K27ac
chr8	127722000	127724000	1.96	GM12878_H3K27ac
chr8	127724000	127726000	1.87	GM12878_H3K27ac
chr8	127726000	127728000	2.61	GM12878_H3K27ac
chr8	127728000	127730000	5.56	GM12878_H3K27ac
chr8	127730000	127732000	15.55	GM12878_H3K27ac
chr8	127732000	127734000	32.4	GM12878_H3K27ac
chr8	127734000	127736000	45.02	GM12878_H3K27ac
chr8	127736000	127738000	33.38	GM12878_H3K27ac
chr8	127738000	127740000	19.61	GM12878_H3K27ac
chr8	127740000	127742000	6.74	GM12878_H3K27ac
chr8	127742000	127744000	3.39	GM12878_H3K27ac
chr8	127744000	127746000	2.34	GM12878_H3K27ac
chr8	127746000	127748000	2.0	GM12878_H3K27ac
chr8	127748000	127750000	1.96	GM12878_H3K27ac
chr8	127750000	127752000	2.23	GM12878_H3K27ac
chr8	127752000	127754000	2.04	GM12878_H3K27ac
chr8	127754000	127756000	1.8	GM12878_H3K27ac
chr8	127756000	127758000	1.77	GM12878_H3K27ac
chr8	127758000	127760000	1.83	GM12878_H3K27ac
chr8	127760000	127762000	2.23	GM12878_H3K27ac
chr8	127762000	127764000	1.83	GM12878_H3K27ac
chr8	127764000	127766000	1.75	GM12878_H3K27ac
chr8	127766000	127768000	1.96	GM12878_H3K27ac
chr8	127768000	127770000	1.89	GM12878_H3K27ac
chr8	127770000	127772000	2.08	GM12878_H3K27ac
chr8	127772000	127774000	1.82	GM12878_H3K27ac
chr8	127774000	127776000	2.21	GM12878_H3K27ac
chr8	127776000	127778000	1.73	GM12878_H3K27ac
chr8	127778000	127780000	2.28	GM12878_H3K27ac
chr8	127780000	127782000	1.98	GM12878_H3K27ac
chr8	127782000	127784000	2.09	GM12878_H3K27ac
chr8	127784000	127786000	2.07	GM12878_H3K27ac
chr8	127786000	127788000	1.78	GM12878_H3K27ac
chr8	127788000	127790000	1.94	GM12878_H3K27ac
chr8	127790000	127792000	1.88	GM12878_H3K27ac
chr8	127792000	127794000	2.19	GM12878_H3K27ac
chr8	127794000	127796000	2.24	GM12878_H3K27ac
chr8	127796000	127798000	2.11	GM12878_H3K27ac
chr8	127798000	127800000	2.28	GM12878_H3K27ac
chr8	127800000	127802000	2.0	GM12878_H3K27ac
chr8	127802000	127804000	1.88	GM12878_H3K27ac
chr8	127804000	127806000	2.15	GM12878_H3K27ac
chr8	127806000	127808000	2.02	GM12878_H3K27ac
chr8	127808000	127810000	1.84	GM12878_H3K27ac
chr8	127810000	127812000	2.17	GM12878_H3K27ac
chr8	127812000	127814000	2.05	GM12878_H3K27ac
chr8	127814000	127816000	1.87	GM12878_H3K27ac
chr8	127816000	127818000	2.11	GM12878_H3K27ac
chr8	127818000	127820000	2.18	GM12878_H3K27ac
chr8	127820000	127822000	2.18	GM12878_H3K27ac
chr8	127822000	127824000	2.15	GM12878_H3K27ac
chr8	127824000	127826000	2.06	GM12878_H3K27ac
chr8	127826000	127828000	2.11	GM12878_H3K27ac
chr8	127828000	127830000	1.74	GM12878_H3K27ac
chr8	127830000	127832000	1.99	GM12878_H3K27ac
chr8	127832000	127834000	2.03	GM12878_H3K27ac
chr8	127834000	127836000	2.09	GM12878_H3K27ac
chr8	127836000	127838000	1.81	GM12878_H3K27ac
chr8	127838000	127840000	2.03	GM12878_H3K27ac
chr8	127840000	127842000	1.9	GM12878_H3K27ac
chr8	127842000	127844000	2.17	GM12878_H3K27ac
chr8	127844000	127846000	2.22	GM12878_H3K27ac
chr8	127846000	127848000	2.24	GM12878_H3K27ac
chr8	127848000	127850000	1.85	GM12878_H3K27ac
chr8	127850000	127852000	2.12	GM12878_H3K27ac
chr8	127852000	127854000	1.9	GM12878_H3K27ac
chr8	127854000	127856000	2.24	GM12878_H3K27ac
chr8	127856000	127858000	2.15	GM12878_H3K27ac
chr8	127858000	127860000	2.21	GM12878_H3K27ac
chr8	127860000	127862000	1.9	GM12878_H3K27ac
chr8	127862000	127864000	2.08	GM12878_H3K27ac
chr8	127864000	127866000	2.11	GM12878_H3K27ac
chr8	127866000	127868000	2.2	GM12878_H3K27ac
chr8	127868000	127870000	1.93	GM12878_H3K27ac
chr8	127870000	127872000	2.17	GM12878_H3K27ac
chr8	127872000	127874000	2.23	GM12878_H3K27ac
chr8	127874000	127876000	2.28	GM12878_H3K27ac
chr8	127876000	127878000	2.0	GM12878_H3K27ac
chr8	127878000	127880000	1.93	GM12878_H3K27ac
chr8	127880000	127882000	1.88	GM12878_H3K27ac
chr8	127882000	127884000	2.1	GM12878_H3K27ac
chr8	127884000	127886000	2.17	GM12878_H3K27ac
chr8	127886000	127888000	2.3	GM12878_H3K27ac
chr8	127888000	127890000	1.84	GM12878_H3K27ac
chr8	127890000	127892000	2.18	GM12878_H3K27ac
chr8	127892000	127894000	1.99	GM12878_H3K27ac
chr8	127894000	127896000	1.84	GM12878_H3K27ac
chr8	127896000	127898000	1.92	GM12878_H3K27ac
chr8	127898000	127900000	2.29	GM12878_H3K27ac
chr8	127900000	127902000	2.13	GM12878_H3K27ac
chr8	127902000	127904000	1.83	GM12878_H3K27ac
chr8	127904000	127906000	1.76	GM12878_H3K27ac
chr8	127906000	127908000	2.15	GM12878_H3K27ac
chr8	127908000	127910000	1.86	GM12878_H3K27ac
chr8	127910000	127912000	2.27	GM12878_H3K27ac
chr8	127912000	127914000	1.92	GM12878_H3K27ac
chr8	127914000	127916000	2.19	GM12878_H3K27ac
chr8	127916000	127918000	1.81	GM12878_H3K27ac
chr8	127918000	127920000	2.03	GM12878_H3K27ac
chr8	127920000	127922000	2.02	GM12878_H3K27ac
chr8	127922000	127924000	1.83	GM12878_H3K27ac
chr8	127924000	127926000	1.82	GM12878_H3K27ac
chr8	127926000	127928000	1.98	GM12878_H3K27ac
chr8	127928000	127930000	1.79	GM12878_H3K27ac
chr8	127930000	127932000	1.74	GM12878_H3K27ac
chr8	127932000	127934000	1.72	GM12878_H3K27ac
chr8	127934000	127936000	2.27	GM12878_H3K27ac
chr8	127936000	127938000	2.26	GM12878_H3K27ac
chr8	127938000	127940000	1.8	GM12878_H3K27ac
chr8	127940000	127942000	1.75	GM12878_H3K27ac
chr8	127942000	127944000	1.84	GM12878_H3K27ac
chr8	127944000	127946000	1.98	GM12878_H3K27ac
chr8	127946000	127948000	2.16	GM12878_H3K27ac
chr8	127948000	127950000	1.8	GM12878_H3K27ac
chr8	127950000	127952000	1.97	GM12878_H3K27ac
chr8	127952000	127954000	2.17	GM12878_H3K27ac
chr8	127954000	127956000	2.26	GM12878_H3K27ac
chr8	127956000	127958000	1.78	GM12878_H3K27ac
chr8	127958000	127960000	2.08	GM12878_H3K27ac
chr8	127960000	127962000	2.21	GM12878_H3K27ac
chr8	127962000	127964000	2.0	GM12878_H3K27ac
chr8	127964000	127966000	1.74	GM12878_H3K27ac
chr8	127966000	127968000	1.98	GM12878_H3K27ac
chr8	127968000	127970000	2.04	GM12878_H3K27ac
chr8	127970000	127972000	2.1	GM12878_H3K27ac
chr8	127972000	127974000	2.08	GM12878_H3K27ac
chr8	127974000	127976000	1.76	GM12878_H3K27ac
chr8	127976000	127978000	1.99	GM12878_H3K27ac
chr8	127978000	127980000	2.21	GM12878_H3K27ac
chr8	127980000	127982000	1.81	GM12878_H3K27ac
chr8	127982000	127984000	2.1	GM12878_H3K27ac
chr8	127984000	127986000	1.87	GM12878_H3K27ac
chr8	127986000	127988000	1.79	GM12878_H3K27ac
chr8	127988000	127990000	1.86	GM12878_H3K27ac
chr8	127990000	127992000	1.87	GM12878_H3K27ac
chr8	127992000	127994000	1.82	GM12878_H3K27ac
chr8	127994000	127996000	1.92	GM12878_H3K27ac
chr8	127996000	127998000	2.19	GM12878_H3K27ac
chr8	127998000	128000000	1.86	GM12878_H3K27ac
chr8	128000000	128002000	2.05	GM12878_H3K27ac
chr8	128002000	128004000	2.15	GM12878_H3K27ac
chr8	128004000	128006000	2.25	GM12878_H3K27ac
chr8	128006000	128008000	2.01	GM12878_H3K27ac
chr8	128008000	128010000	1.9	GM12878_H3K27ac
chr8	128010000	128012000	2.16	GM12878_H3K27ac
chr8	128012000	128014000	2.3	GM12878_H3K27ac
chr8	128014000	128016000	1.99	GM12878_H3K27ac
chr8	128016000	128018000	1.99	GM12878_H3K27ac
chr8	128018000	128020000	2.22	GM12878_H3K27ac
chr8	128020000	128022000	2.16	GM12878_H3K27ac
chr8	128022000	128024000	2.12	GM12878_H3K27ac
chr8	128024000	128026000	1.85	GM12878_H3K27ac
chr8	128026000	128028000	1.84	GM12878_H3K27ac
chr8	128028000	128030000	1.73	GM12878_H3K27ac
chr8	128030000	128032000	1.86	GM12878_H3K27ac
chr8	128032000	128034000	2.15	GM12878_H3K27ac
chr8	128034000	128036000	1.91	GM12878_H3K27ac
chr8	128036000	128038000	2.16	GM12878_H3K27ac
chr8	128038000	128040000	1.99	GM12878_H3K27ac
chr8	128040000	128042000	1.74	GM12878_H3K27ac
chr8	128042000	128044000	2.08	GM12878_H3K27ac
chr8	128044000	128046000	2.18	GM12878_H3K27ac
chr8	128046000	128048000	1.86	GM12878_H3K27ac
chr8	128048000	128050000	1.93	GM12878_H3K27ac
chr8	128050000	128052000	2.12	GM12878_H3K27ac
chr8	128052000	128054000	1.98	GM12878_H3K27ac
chr8	128054000	128056000	1.76	GM12878_H3K27ac
chr8	128056000	128058000	1.74	GM12878_H3K27ac
chr8	128058000	128060000	1.87	GM12878_H3K27ac
chr8	128060000	128062000	1.97	GM12878_H3K27ac
chr8	128062000	128064000	2.09	GM12878_H3K27ac
chr8	128064000	128066000	1.77	GM12878_H3K27ac
chr8	128066000	128068000	2.07	GM12878_H3K27ac
chr8	128068000	128070000	2.13	GM12878_H3K27ac
chr8	128070000	128072000	1.89	GM12878_H3K27ac
chr8	128072000	128074000	1.74	GM12878_H3K27ac
chr8	128074000	128076000	2.11	GM12878_H3K27ac
chr8	128076000	128078000	1.78	GM12878_H3K27ac
chr8	128078000	128080000	1.87	GM12878_H3K27ac
chr8	128080000	128082000	1.8	GM12878_H3K27ac
chr8	128082000	128084000	2.2	GM12878_H3K27ac
chr8	128084000	128086000	2.08	GM12878_H3K27ac
chr8	128086000	128088000	2.13	GM12878_H3K27ac
chr8	128088000	128090000	2.13	GM12878_H3K27ac
chr8	128090000	128092000	1.81	GM12878_H3K27ac
chr8	128092000	128094000	1.82	GM12878_H3K27ac
chr8	128094000	128096000	1.92	GM12878_H3K27ac
chr8	128096000	128098000	2.17	GM12878_H3K27ac
chr8	128098000	128100000	1.75	GM12878_H3K27ac
chr8	128100000	128102000	1.74	GM12878_H3K27ac
chr8	128102000	128104000	1.84	GM12878_H3K27ac
chr8	128104000	128106000	2.29	GM12878_H3K27ac
chr8	128106000	128108000	2.0	GM12878_H3K27ac
chr8	128108000	128110000	2.09	GM12878_H3K27ac
chr8	128110000	128112000	1.8	GM12878_H3K27ac
chr8	128112000	128114000	1.79	GM12878_H3K27ac
chr8	128114000	128116000	1.78	GM12878_H3K27ac
chr8	128116000	128118000	1.85	GM12878_H3K27ac
chr8	128118000	128120000	2.06	GM12878_H3K27ac
chr8	128120000	128122000	1.95	GM12878_H3K27ac
chr8	128122000	128124000	2.14	GM12878_H3K27ac
chr8	128124000	128126000	1.97	GM12878_H3K27ac
chr8	128126000	128128000	2.23	GM12878_H3K27ac
chr8	128128000	128130000	2.11	GM12878_H3K27ac
chr8	128130000	128132000	2.04	GM12878_H3K27ac
chr8	128132000	128134000	1.83	GM12878_H3K27ac
chr8	128134000	128136000	2.29	GM12878_H3K27ac
chr8	128136000	128138000	1.72	GM12878_H3K27ac
chr8	128138000	128140000	2.0	GM12878_H3K27ac
chr8	128140000	128142000	1.8	GM12878_H3K27ac
chr8	128142000	128144000	1.85	GM12878_H3K27ac
chr8	128144000	128146000	2.21	GM12878_H3K27ac
chr8	128146000	128148000	1.95	GM12878_H3K27ac
chr8	128148000	128150000	2.18	GM12878_H3K27ac
chr8	128150000	128152000	2.06	GM12878_H3K27ac
chr8	128152000	128154000	1.83	GM12878_H3K27ac
chr8	128154000	128156000	1.93	GM12878_H3K27ac
chr8	128156000	128158000	1.96	GM12878_H3K27ac
chr8	128158000	128160000	2.13	GM12878_H3K27ac
chr8	128160000	128162000	1.73	GM12878_H3K27ac
chr8	128162000	128164000	1.73	GM12878_H3K27ac
chr8	128164000	128166000	2.03	GM12878_H3K27ac
chr8	128166000	128168000	1.74	GM12878_H3K27ac
chr8	128168000	128170000	2.1	GM12878_H3K27ac
chr8	128170000	128172000	2.14	GM12878_H3K27ac
chr8	128172000	128174000	1.81	GM12878_H3K27ac
chr8	128174000	128176000	1.95	GM12878_H3K27ac
chr8	128176000	128178000	2.16	GM12878_H3K27ac
chr8	128178000	128180000	2.15	GM12878_H3K27ac
chr8	128180000	128182000	2.12	GM12878_H3K27ac
chr8	128182000	128184000	2.14	GM12878_H3K27ac
chr8	128184000	128186000	2.09	GM12878_H3K27ac
chr8	128186000	128188000	2.19	GM12878_H3K27ac
chr8	128188000	128190000	2.28	GM12878_H3K27ac
chr8	128190000	128192000	1.86	GM12878_H3K27ac
chr8	128192000	128194000	1.95	GM12878_H3K27ac
chr8	128194000	128196000	1.77	GM12878_H3K27ac
chr8	128196000	128198000	1.75	GM12878_H3K27ac
chr8	128198000	128200000	1.73	GM12878_H3K27ac
chr8	128200000	128202000	1.7	GM12878_H3K27ac
chr8	128202000	128204000	1.88	GM12878_H3K27ac
chr8	128204000	128206000	1.99	GM12878_H3K27ac
chr8	128206000	128208000	1.93	GM12878_H3K27ac
chr8	128208000	128210000	2.24	GM12878_H3K27ac
chr8	128210000	128212000	2.29	GM12878_H3K27ac
chr8	128212000	128214000	2.25	GM12878_H3K27ac
chr8	128214000	128216000	2.02	GM12878_H3K27ac
chr8	128216000	128218000	2.08	GM12878_H3K27ac
chr8	128218000	128220000	1.95	GM12878_H3K27ac
chr8	128220000	128222000	2.2	GM12878_H3K27ac
chr8	128222000	128224000	2.12	GM12878_H3K27ac
chr8	128224000	128226000	2.14	GM12878_H3K27ac
chr8	128226000	128228000	2.19	GM12878_H3K27ac
chr8	128228000	128230000	2.16	GM12878_H3K27ac
chr8	128230000	128232000	1.75	GM12878_H3K27ac
chr8	128232000	128234000	2.28	GM12878_H3K27ac
chr8	128234000	128236000	1.78	GM12878_H3K27ac
chr8	128236000	128238000	2.12	GM12878_H3K27ac
chr8	128238000	128240000	1.75	GM12878_H3K27ac
chr8	128240000	128242000	1.98	GM12878_H3K27ac
chr8	128242000	128244000	2.15	GM12878_H3K27ac
chr8	128244000	128246000	1.87	GM12878_H3K27ac
chr8	128246000	128248000	2.3	GM12878_H3K27ac
chr8	128248000	128250000	2.04	GM12878_H3K27ac
chr8	128250000	128252000	2.1	GM12878_H3K27ac
chr8	128252000	128254000	2.15	GM12878_H3K27ac
chr8	128254000	128256000	1.79	GM12878_H3K27ac
chr8	128256000	128258000	1.78	GM12878_H3K27ac
chr8	128258000	128260000	2.19	GM12878_H3K27ac
chr8	128260000	128262000	1.73	GM12878_H3K27ac
chr8	128262000	128264000	2.06	GM12878_H3K27ac
chr8	128264000	128266000	2.07	GM12878_H3K27ac
chr8	128266000	128268000	1.92	GM12878_H3K27ac
chr8	128268000	128270000	1.79	GM12878_H3K27ac
chr8	128270000	128272000	1.71	GM12878_H3K27ac
chr8	128272000	128274000	1.85	GM12878_H3K27ac
chr8	128274000	128276000	1.81	GM12878_H3K27ac
chr8	128276000	128278000	2.22	GM12878_H3K27ac
chr8	128278000	128280000	2.24	GM12878_H3K27ac
chr8	128280000	128282000	1.87	GM12878_H3K27ac
chr8	128282000	128284000	2.11	GM12878_H3K27ac
chr8	128284000	128286000	2.19	GM12878_H3K27ac
chr8	128286000	128288000	2.15	GM12878_H3K27ac
chr8	128288000	128290000	1.97	GM12878_H3K27ac
chr8	128290000	128292000	1.82	GM12878_H3K27ac
chr8	128292000	128294000	1.8	GM12878_H3K27ac
chr8	128294000	128296000	1.94	GM12878_H3K27ac
chr8	128296000	128298000	2.23	GM12878_H3K27ac
chr8	128298000	128300000	1.92	GM12878_H3K27ac
chr8	128300000	128302000	1.89	GM12878_H3K27ac
chr8	128302000	128304000	2.26	GM12878_H3K27ac
chr8	128304000	128306000	2.07	GM12878_H3K27ac
chr8	128306000	128308000	1.77	GM12878_H3K27ac
chr8	128308000	128310000	2.06	GM12878_H3K27ac
chr8	128310000	128312000	1.73	GM12878_H3K27ac
chr8	128312000	128314000	2.18	GM12878_H3K27ac
chr8	128314000	128316000	2.02	GM12878_H3K27ac
chr8	128316000	128318000	2.09	GM12878_H3K27ac
chr8	128318000	128320000	1.75	GM12878_H3K27ac
chr8	128320000	128322000	2.19	GM12878_H3K27ac
chr8	128322000	128324000	2.27	GM12878_H3K27ac
chr8	128324000	128326000	1.98	GM12878_H3K27ac
chr8	128326000	128328000	2.26	GM12878_H3K27ac
chr8	128328000	128330000	1.94	GM12878_H3K27ac
chr8	128330000	128332000	1.86	GM12878_H3K27ac
chr8	128332000	128334000	1.75	GM12878_H3K27ac
chr8	128334000	128336000	2.15	GM12878_H3K27ac
chr8	128336000	128338000	1.87	GM12878_H3K27ac
chr8	128338000	128340000	2.07	GM12878_H3K27ac
chr8	128340000	128342000	2.06	GM12878_H3K27ac
chr8	128342000	128344000	2.21	GM12878_H3K27ac
chr8	128344000	128346000	1.98	GM12878_H3K27ac
chr8	128346000	128348000	1.81	GM12878_H3K27ac
chr8	128348000	128350000	1.94	GM12878_H3K27ac
chr8	128350000	128352000	1.85	GM12878_H3K27ac
chr8	128352000	128354000	1.99	GM12878_H3K27ac
chr8	128354000	128356000	1.89	GM12878_H3K27ac
chr8	128356000	128358000	2.28	GM12878_H3K27ac
chr8	128358000	128360000	2.17	GM12878_H3K27ac
chr8	128360000	128362000	2.27	GM12878_H3K27ac
chr8	128362000	128364000	2.14	GM12878_H3K27ac
chr8	128364000	128366000	1.79	GM12878_H3K27ac
chr8	128366000	128368000	2.22	GM12878_H3K27ac
chr8	128368000	128370000	1.83	GM12878_H3K27ac
chr8	128370000	128372000	1.74	GM12878_H3K27ac
chr8	128372000	128374000	1.93	GM12878_H3K27ac
chr8	128374000	128376000	1.86	GM12878_H3K27ac
chr8	128376000	128378000	2.26	GM12878_H3K27ac
chr8	128378000	128380000	1.99	GM12878_H3K27ac
chr11	1800000	1802000	2.1	GM12878_CTCF
chr11	1802000	1804000	2.17	GM12878_CTCF
chr11	1804000	1806000	1.78	GM12878_CTCF
chr11	1806000	1808000	2.09	GM12878_CTCF
chr11	1808000	1810000	2.2	GM12878_CTCF
chr11	1810000	1812000	1.94	GM12878_CTCF
chr11	1812000	1814000	1.81	GM12878_CTCF
chr11	1814000	1816000	2.15	GM12878_CTCF
chr11	1816000	1818000	1.95	GM12878_CTCF
chr11	1818000	1820000	2.1	GM12878_CTCF
chr11	1820000	1822000	2.05	GM12878_CTCF
chr11	1822000	1824000	1.92	GM12878_CTCF
chr11	1824000	1826000	1.99	GM12878_CTCF
chr11	1826000	1828000	1.96	GM12878_CTCF
chr11	1828000	1830000	2.13	GM12878_CTCF
chr11	1830000	1832000	1.95	GM12878_CTCF
chr11	1832000	1834000	2.26	GM12878_CTCF
chr11	1834000	1836000	2.1	GM12878_CTCF
chr11	1836000	1838000	1.91	GM12878_CTCF
chr11	1838000	1840000	2.19	GM12878_CTCF
chr11	1840000	1842000	24.58	GM12878_CTCF
chr11	1842000	1844000	7.21	GM12878_CTCF
chr11	1844000	1846000	2.2	GM12878_CTCF
chr11	1846000	1848000	2.25	GM12878_CTCF
chr11	1848000	1850000	1.81	GM12878_CTCF
chr11	1850000	1852000	2.09	GM12878_CTCF
chr11	1852000	1854000	1.83	GM12878_CTCF
chr11	1854000	1856000	2.12	GM12878_CTCF
chr11	1856000	1858000	2.03	GM12878_CTCF
chr11	1858000	1860000	1.85	GM12878_CTCF
chr11	1860000	1862000	2.29	GM12878_CTCF
chr11	1862000	1864000	2.13	GM12878_CTCF
chr11	1864000	1866000	2.18	GM12878_CTCF
chr11	1866000	1868000	2.08	GM12878_CTCF
chr11	1868000	1870000	2.0	GM12878_CTCF
chr11	1870000	1872000	1.97	GM12878_CTCF
chr11	1872000	1874000	1.95	GM12878_CTCF
chr11	1874000	1876000	2.29	GM12878_CTCF
chr11	1876000	1878000	2.11	GM12878_CTCF
chr11	1878000	1880000	1.84	GM12878_CTCF
chr11	1880000	1882000	1.91	GM12878_CTCF
chr11	1882000	1884000	1.74	GM12878_CTCF
chr11	1884000	1886000	1.8	GM12878_CTCF
chr11	1886000	1888000	2.17	GM12878_CTCF
chr11	1888000	1890000	2.13	GM12878_CTCF
chr11	1890000	1892000	2.27	GM12878_CTCF
chr11	1892000	1894000	2.23	GM12878_CTCF
chr11	1894000	1896000	1.75	GM12878_CTCF
chr11	1896000	1898000	13.01	GM12878_CTCF
chr11	1898000	1900000	50.43	GM12878_CTCF
chr11	1900000	1902000	2.27	GM12878_CTCF
chr11	1902000	1904000	2.17	GM12878_CTCF
chr11	1904000	1906000	2.23	GM12878_CTCF
chr11	1906000	1908000	1.91	GM12878_CTCF
chr11	1908000	1910000	2.29	GM12878_CTCF
chr11	1910000	1912000	1.75	GM12878_CTCF
chr11	1912000	1914000	2.25	GM12878_CTCF
chr11	1914000	1916000	2.01	GM12878_CTCF
chr11	1916000	1918000	2.07	GM12878_CTCF
chr11	1918000	1920000	1.88	GM12878_CTCF
chr11	1920000	1922000	1.79	GM12878_CTCF
chr11	1922000	1924000	1.7	GM12878_CTCF
chr11	1924000	1926000	2.19	GM12878_CTCF
chr11	1926000	1928000	1.74	GM12878_CTCF
chr11	1928000	1930000	2.02	GM12878_CTCF
chr11	1930000	1932000	2.25	GM12878_CTCF
chr11	1932000	1934000	1.71	GM12878_CTCF
chr11	1934000	1936000	2.04	GM12878_CTCF
chr11	1936000	1938000	1.74	GM12878_CTCF
chr11	1938000	1940000	1.9	GM12878_CTCF
chr11	1940000	1942000	2.08	GM12878_CTCF
chr11	1942000	1944000	1.85	GM12878_CTCF
chr11	1944000	1946000	2.23	GM12878_CTCF
chr11	1946000	1948000	2.3	GM12878_CTCF
chr11	1948000	1950000	2.11	GM12878_CTCF
chr11	1950000	1952000	2.29	GM12878_CTCF
chr11	1952000	1954000	1.84	GM12878_CTCF
chr11	1954000	1956000	2.03	GM12878_CTCF
chr11	1956000	1958000	2.14	GM12878_CTCF
chr11	1958000	1960000	1.86	GM12878_CTCF
chr11	1960000	1962000	15.37	GM12878_CTCF
chr11	1962000	1964000	13.88	GM12878_CTCF
chr11	1964000	1966000	2.32	GM12878_CTCF
chr11	1966000	1968000	1.89	GM12878_CTCF
chr11	1968000	1970000	1.77	GM12878_CTCF
chr11	1970000	1972000	1.76	GM12878_CTCF
chr11	1972000	1974000	1.92	GM12878_CTCF
chr11	1974000	1976000	2.27	GM12878_CTCF
chr11	1976000	1978000	1.85	GM12878_CTCF
chr11	1978000	1980000	2.29	GM12878_CTCF
chr11	1980000	1982000	1.8	GM12878_CTCF
chr11	1982000	1984000	1.78	GM12878_CTCF
chr11	1984000	1986000	1.96	GM12878_CTCF
chr11	1986000	1988000	2.19	GM12878_CTCF
chr11	1988000	1990000	2.29	GM12878_CTCF
chr11	1990000	1992000	2.1	GM12878_CTCF
chr11	1992000	1994000	1.75	GM12878_CTCF
chr11	1994000	1996000	1.9	GM12878_CTCF
chr11	1996000	1998000	2.2	GM12878_CTCF
chr11	1998000	2000000	2.23	GM12878_CTCF
chr11	2000000	2002000	2.21	GM12878_CTCF
chr11	2002000	2004000	2.17	GM12878_CTCF
chr11	2004000	2006000	2.23	GM12878_CTCF
chr11	2006000	2008000	2.17	GM12878_CTCF
chr11	2008000	2010000	2.15	GM12878_CTCF
chr11	2010000	2012000	2.05	GM12878_CTCF
chr11	2012000	2014000	2.25	GM12878_CTCF
chr11	2014000	2016000	2.2	GM12878_CTCF
chr11	2016000	2018000	2.29	GM12878_CTCF
chr11	2018000	2020000	2.08	GM12878_CTCF
chr11	2020000	2022000	2.11	GM12878_CTCF
chr11	2022000	2024000	1.82	GM12878_CTCF
chr11	2024000	2026000	1.87	GM12878_CTCF
chr11	2026000	2028000	1.9	GM12878_CTCF
chr11	2028000	2030000	2.09	GM12878_CTCF
chr11	2030000	2032000	2.22	GM12878_CTCF
chr11	2032000	2034000	2.05	GM12878_CTCF
chr11	2034000	2036000	2.1	GM12878_CTCF
chr11	2036000	2038000	1.89	GM12878_CTCF
chr11	2038000	2040000	1.8	GM12878_CTCF
chr11	2040000	2042000	1.73	GM12878_CTCF
chr11	2042000	2044000	2.16	GM12878_CTCF
chr11	2044000	2046000	1.75	GM12878_CTCF
chr11	2046000	2048000	1.77	GM12878_CTCF
chr11	2048000	2050000	2.28	GM12878_CTCF
chr11	2050000	2052000	1.81	GM12878_CTCF
chr11	2052000	2054000	2.2	GM12878_CTCF
chr11	2054000	2056000	1.85	GM12878_CTCF
chr11	2056000	2058000	2.23	GM12878_CTCF
chr11	2058000	2060000	2.97	GM12878_CTCF
chr11	2060000	2062000	31.87	GM12878_CTCF
chr11	2062000	2064000	4.05	GM12878_CTCF
chr11	2064000	2066000	2.09	GM12878_CTCF
chr11	2066000	2068000	2.09	GM12878_CTCF
chr11	2068000	2070000	2.29	GM12878_CTCF
chr11	2070000	2072000	2.1	GM12878_CTCF
chr11	2072000	2074000	2.29	GM12878_CTCF
chr11	2074000	2076000	1.91	GM12878_CTCF
chr11	2076000	2078000	1.87	GM12878_CTCF
chr11	2078000	2080000	2.12	GM12878_CTCF
chr11	2080000	2082000	2.0	GM12878_CTCF
chr11	2082000	2084000	1.8	GM12878_CTCF
chr11	2084000	2086000	1.91	GM12878_CTCF
chr11	2086000	2088000	2.02	GM12878_CTCF
chr11	2088000	2090000	1.93	GM12878_CTCF
chr11	2090000	2092000	1.83	GM12878_CTCF
chr11	2092000	2094000	2.2	GM12878_CTCF
chr11	2094000	2096000	2.24	GM12878_CTCF
chr11	2096000	2098000	2.2	GM12878_CTCF
chr11	2098000	2100000	2.0	GM12878_CTCF
chr11	2100000	2102000	2.01	GM12878_CTCF
chr11	2102000	2104000	1.99	GM12878_CTCF
chr11	2104000	2106000	2.29	GM12878_CTCF
chr11	2106000	2108000	1.76	GM12878_CTCF
chr11	2108000	2110000	2.24	GM12878_CTCF
chr11	2110000	2112000	2.15	GM12878_CTCF
chr11	2112000	2114000	1.79	GM12878_CTCF
chr11	2114000	2116000	1.98	GM12878_CTCF
chr11	2116000	2118000	2.26	GM12878_CTCF
chr11	2118000	2120000	1.76	GM12878_CTCF
chr11	2120000	2122000	1.76	GM12878_CTCF
chr11	2122000	2124000	1.81	GM12878_CTCF
chr11	2124000	2126000	2.18	GM12878_CTCF
chr11	2126000	2128000	2.23	GM12878_CTCF
chr11	2128000	2130000	31.62	GM12878_CTCF
chr11	2130000	2132000	39.19	GM12878_CTCF
chr11	2132000	2134000	1.97	GM12878_CTCF
chr11	2134000	2136000	2.11	GM12878_CTCF
chr11	2136000	2138000	2.16	GM12878_CTCF
chr11	2138000	2140000	2.06	GM12878_CTCF
chr11	2140000	2142000	1.7	GM12878_CTCF
chr11	2142000	2144000	1.87	GM12878_CTCF
chr11	2144000	2146000	2.12	GM12878_CTCF
chr11	2146000	2148000	2.02	GM12878_CTCF
chr11	2148000	2150000	2.25	GM12878_CTCF
chr11	2150000	2152000	2.13	GM12878_CTCF
chr11	2152000	2154000	1.78	GM12878_CTCF
chr11	2154000	2156000	2.26	GM12878_CTCF
chr11	2156000	2158000	2.16	GM12878_CTCF
chr11	2158000	2160000	2.08	GM12878_CTCF
chr11	2160000	2162000	1.98	GM12878_CTCF
chr11	2162000	2164000	2.18	GM12878_CTCF
chr11	2164000	2166000	2.12	GM12878_CTCF
chr11	2166000	2168000	2.15	GM12878_CTCF
chr11	2168000	2170000	1.89	GM12878_CTCF
chr11	2170000	2172000	1.79	GM12878_CTCF
chr11	2172000	2174000	2.04	GM12878_CTCF
chr11	2174000	2176000	2.08	GM12878_CTCF
chr11	2176000	2178000	1.79	GM12878_CTCF
chr11	2178000	2180000	2.24	GM12878_CTCF
chr11	2180000	2182000	1.86	GM12878_CTCF
chr11	2182000	2184000	2.1	GM12878_CTCF
chr11	2184000	2186000	2.19	GM12878_CTCF
chr11	2186000	2188000	1.85	GM12878_CTCF
chr11	2188000	2190000	1.93	GM12878_CTCF
chr11	2190000	2192000	2.2	GM12878_CTCF
chr11	2192000	2194000	1.99	GM12878_CTCF
chr11	2194000	2196000	1.98	GM12878_CTCF
chr11	2196000	2198000	1.76	GM12878_CTCF
chr11	2198000	2200000	2.11	GM12878_CTCF
chr11	2200000	2202000	2.16	GM12878_CTCF
chr11	2202000	2204000	1.93	GM12878_CTCF
chr11	2204000	2206000	2.02	GM12878_CTCF
chr11	2206000	2208000	2.19	GM12878_CTCF
chr11	2208000	2210000	1.82	GM12878_CTCF
chr11	2210000	2212000	1.79	GM12878_CTCF
chr11	2212000	2214000	1.8	GM12878_CTCF
chr11	2214000	2216000	2.11	GM12878_CTCF
chr11	2216000	2218000	1.91	GM12878_CTCF
chr11	2218000	2220000	2.09	GM12878_CTCF
chr11	2220000	2222000	1.84	GM12878_CTCF
chr11	2222000	2224000	1.71	GM12878_CTCF
chr11	2224000	2226000	1.7	GM12878_CTCF
chr11	2226000	2228000	2.1	GM12878_CTCF
chr11	2228000	2230000	2.17	GM12878_CTCF
chr11	2230000	2232000	1.98	GM12878_CTCF
chr11	2232000	2234000	2.28	GM12878_CTCF
chr11	2234000	2236000	1.73	GM12878_CTCF
chr11	2236000	2238000	2.21	GM12878_CTCF
chr11	2238000	2240000	2.08	GM12878_CTCF
chr11	2240000	2242000	1.74	GM12878_CTCF
chr11	2242000	2244000	2.23	GM12878_CTCF
chr11	2244000	2246000	2.07	GM12878_CTCF
chr11	2246000	2248000	1.92	GM12878_CTCF
chr11	2248000	2250000	1.84	GM12878_CTCF
chr11	2250000	2252000	2.28	GM12878_CTCF
chr11	2252000	2254000	2.21	GM12878_CTCF
chr11	2254000	2256000	2.08	GM12878_CTCF
chr11	2256000	2258000	1.8	GM12878_CTCF
chr11	2258000	2260000	1.76	GM12878_CTCF
chr11	2260000	2262000	1.82	GM12878_CTCF
chr11	2262000	2264000	2.03	GM12878_CTCF
chr11	2264000	2266000	2.12	GM12878_CTCF
chr11	2266000	2268000	1.97	GM12878_CTCF
chr11	2268000	2270000	2.15	GM12878_CTCF
chr11	2270000	2272000	1.76	GM12878_CTCF
chr11	2272000	2274000	2.24	GM12878_CTCF
chr11	2274000	2276000	1.83	GM12878_CTCF
chr11	2276000	2278000	2.05	GM12878_CTCF
chr11	2278000	2280000	1.93	GM12878_CTCF
chr11	2280000	2282000	2.07	GM12878_CTCF
chr11	2282000	2284000	1.92	GM12878_CTCF
chr11	2284000	2286000	1.8	GM12878_CTCF
chr11	2286000	2288000	1.88	GM12878_CTCF
chr11	2288000	2290000	1.73	GM12878_CTCF
chr11	2290000	2292000	1.87	GM12878_CTCF
chr11	2292000	2294000	2.0	GM12878_CTCF
chr11	2294000	2296000	1.89	GM12878_CTCF
chr11	2296000	2298000	1.99	GM12878_CTCF
chr11	2298000	2300000	1.99	GM12878_CTCF
chr11	2300000	2302000	1.95	GM12878_CTCF
chr11	2302000	2304000	1.77	GM12878_CTCF
chr11	2304000	2306000	1.93	GM12878_CTCF
chr11	2306000	2308000	1.72	GM12878_CTCF
chr11	2308000	2310000	2.28	GM12878_CTCF
chr11	2310000	2312000	2.09	GM12878_CTCF
chr11	2312000	2314000	2.29	GM12878_CTCF
chr11	2314000	2316000	2.05	GM12878_CTCF
chr11	2316000	2318000	2.3	GM12878_CTCF
chr11	2318000	2320000	2.15	GM12878_CTCF
chr11	2320000	2322000	1.92	GM12878_CTCF
chr11	2322000	2324000	2.05	GM12878_CTCF
chr11	2324000	2326000	1.86	GM12878_CTCF
chr11	2326000	2328000	1.97	GM12878_CTCF
chr11	2328000	2330000	1.99	GM12878_CTCF
chr11	2330000	2332000	1.75	GM12878_CTCF
chr11	2332000	2334000	1.94	GM12878_CTCF
chr11	2334000	2336000	2.14	GM12878_CTCF
chr11	2336000	2338000	2.04	GM12878_CTCF
chr11	2338000	2340000	2.21	GM12878_CTCF
chr11	2340000	2342000	1.73	GM12878_CTCF
chr11	2342000	2344000	1.79	GM12878_CTCF
chr11	2344000	2346000	2.06	GM12878_CTCF
chr11	2346000	2348000	1.74	GM12878_CTCF
chr11	2348000	2350000	2.18	GM12878_CTCF
chr11	2350000	2352000	2.01	GM12878_CTCF
chr11	2352000	2354000	2.01	GM12878_CTCF
chr11	2354000	2356000	1.71	GM12878_CTCF
chr11	2356000	2358000	2.19	GM12878_CTCF
chr11	2358000	2360000	1.89	GM12878_CTCF
chr11	2360000	2362000	2.18	GM12878_CTCF
chr11	2362000	2364000	1.94	GM12878_CTCF
chr11	2364000	2366000	1.79	GM12878_CTCF
chr11	2366000	2368000	1.77	GM12878_CTCF
chr11	2368000	2370000	2.29	GM12878_CTCF
chr11	2370000	2372000	1.71	GM12878_CTCF
chr11	2372000	2374000	1.87	GM12878_CTCF
chr11	2374000	2376000	2.1	GM12878_CTCF
chr11	2376000	2378000	1.9	GM12878_CTCF
chr11	2378000	2380000	2.22	GM12878_CTCF
chr11	2380000	2382000	1.76	GM12878_CTCF
chr11	2382000	2384000	1.83	GM12878_CTCF
chr11	2384000	2386000	2.2	GM12878_CTCF
chr11	2386000	2388000	2.06	GM12878_CTCF
chr11	2388000	2390000	1.87	GM12878_CTCF
chr11	2390000	2392000	1.85	GM12878_CTCF
chr11	2392000	2394000	1.9	GM12878_CTCF
chr11	2394000	2396000	1.9	GM12878_CTCF
chr11	2396000	2398000	1.87	GM12878_CTCF
chr11	2398000	2400000	1.91	GM12878_CTCF
chr11	2400000	2402000	2.16	GM12878_CTCF
chr11	2402000	2404000	1.91	GM12878_CTCF
chr11	2404000	2406000	2.17	GM12878_CTCF
chr11	2406000	2408000	1.76	GM12878_CTCF
chr11	2408000	2410000	2.05	GM12878_CTCF
chr11	2410000	2412000	2.17	GM12878_CTCF
chr11	2412000	2414000	1.73	GM12878_CTCF
chr11	2414000	2416000	2.0	GM12878_CTCF
chr11	2416000	2418000	7.08	GM12878_CTCF
chr11	2418000	2420000	80.15	GM12878_CTCF
chr11	2420000	2422000	8.77	GM12878_CTCF
chr11	2422000	2424000	2.11	GM12878_CTCF
chr11	2424000	2426000	2.27	GM12878_CTCF
chr11	2426000	2428000	27.08	GM12878_CTCF
chr11	2428000	2430000	77.12	GM12878_CTCF
chr11	2430000	2432000	3.23	GM12878_CTCF
chr11	2432000	2434000	1.94	GM12878_CTCF
chr11	2434000	2436000	1.81	GM12878_CTCF
chr11	2436000	2438000	2.28	GM12878_CTCF
chr11	2438000	2440000	1.91	GM12878_CTCF
chr11	2440000	2442000	2.05	GM12878_CTCF
chr11	2442000	2444000	2.08	GM12878_CTCF
chr11	2444000	2446000	1.7	GM12878_CTCF
chr11	2446000	2448000	2.03	GM12878_CTCF
chr11	2448000	2450000	2.0	GM12878_CTCF
chr11	2450000	2452000	2.23	GM12878_CTCF
chr11	2452000	2454000	2.01	GM12878_CTCF
chr11	2454000	2456000	2.19	GM12878_CTCF
chr11	2456000	2458000	1.91	GM12878_CTCF
chr11	2458000	2460000	1.89	GM12878_CTCF
chr11	2460000	2462000	1.9	GM12878_CTCF
chr11	2462000	2464000	1.79	GM12878_CTCF
chr11	2464000	2466000	1.76	GM12878_CTCF
chr11	2466000	2468000	2.0	GM12878_CTCF
chr11	2468000	2470000	1.84	GM12878_CTCF
chr11	2470000	2472000	2.3	GM12878_CTCF
chr11	2472000	2474000	2.04	GM12878_CTCF
chr11	2474000	2476000	2.01	GM12878_CTCF
chr11	2476000	2478000	2.1	GM12878_CTCF
chr11	2478000	2480000	1.86	GM12878_CTCF
chr11	2480000	2482000	1.74	GM12878_CTCF
chr11	2482000	2484000	2.11	GM12878_CTCF
chr11	2484000	2486000	2.14	GM12878_CTCF
chr11	2486000	2488000	2.12	GM12878_CTCF
chr11	2488000	2490000	2.04	GM12878_CTCF
chr11	2490000	2492000	1.97	GM12878_CTCF
chr11	2492000	2494000	1.95	GM12878_CTCF
chr11	2494000	2496000	2.22	GM12878_CTCF
chr11	2496000	2498000	2.1	GM12878_CTCF
chr11	2498000	2500000	1.82	GM12878_CTCF
chr11	2500000	2502000	2.04	GM12878_CTCF
chr11	2502000	2504000	1.83	GM12878_CTCF
chr11	2504000	2506000	2.26	GM12878_CTCF
chr11	2506000	2508000	1.86	GM12878_CTCF
chr11	2508000	2510000	2.25	GM12878_CTCF
chr11	2510000	2512000	2.04	GM12878_CTCF
chr11	2512000	2514000	2.16	GM12878_CTCF
chr11	2514000	2516000	1.73	GM12878_CTCF
chr11	2516000	2518000	2.01	GM12878_CTCF
chr11	2518000	2520000	1.92	GM12878_CTCF
chr11	2520000	2522000	1.73	GM12878_CTCF
chr11	2522000	2524000	2.18	GM12878_CTCF
chr11	2524000	2526000	2.26	GM12878_CTCF
chr11	2526000	2528000	2.1	GM12878_CTCF
chr11	2528000	2530000	2.24	GM12878_CTCF
chr11	2530000	2532000	2.26	GM12878_CTCF
chr11	2532000	2534000	1.87	GM12878_CTCF
chr11	2534000	2536000	2.29	GM12878_CTCF
chr11	2536000	2538000	2.25	GM12878_CTCF
chr11	2538000	2540000	2.28	GM12878_CTCF
chr11	2540000	2542000	2.11	GM12878_CTCF
chr11	2542000	2544000	1.7	GM12878_CTCF
chr11	2544000	2546000	1.81	GM12878_CTCF
chr11	2546000	2548000	2.14	GM12878_CTCF
chr11	2548000	2550000	2.25	GM12878_CTCF
chr11	2550000	2552000	1.84	GM12878_CTCF
chr11	2552000	2554000	1.85	GM12878_CTCF
chr11	2554000	2556000	1.78	GM12878_CTCF
chr11	2556000	2558000	2.07	GM12878_CTCF
chr11	2558000	2560000	1.93	GM12878_CTCF
chr11	2560000	2562000	2.27	GM12878_CTCF
chr11	2562000	2564000	2.21	GM12878_CTCF
chr11	2564000	2566000	2.11	GM12878_CTCF
chr11	2566000	2568000	1.77	GM12878_CTCF
chr11	2568000	2570000	2.24	GM12878_CTCF
chr11	2570000	2572000	2.28	GM12878_CTCF
chr11	2572000	2574000	1.96	GM12878_CTCF
chr11	2574000	2576000	2.04	GM12878_CTCF
chr11	2576000	2578000	2.08	GM12878_CTCF
chr11	2578000	2580000	1.71	GM12878_CTCF
chr11	2580000	2582000	2.2	GM12878_CTCF
chr11	2582000	2584000	2.24	GM12878_CTCF
chr11	2584000	2586000	2.07	GM12878_CTCF
chr11	2586000	2588000	2.2	GM12878_CTCF
chr11	2588000	2590000	1.95	GM12878_CTCF
chr11	2590000	2592000	1.93	GM12878_CTCF
chr11	2592000	2594000	1.77	GM12878_CTCF
chr11	2594000	2596000	2.29	GM12878_CTCF
chr11	2596000	2598000	2.26	GM12878_CTCF
chr11	2598000	2600000	1.97	GM12878_CTCF
chr11	2600000	2602000	1.82	GM12878_CTCF
chr11	2602000	2604000	1.88	GM12878_CTCF
chr11	2604000	2606000	1.8	GM12878_CTCF
chr11	2606000	2608000	2.11	GM12878_CTCF
chr11	2608000	2610000	2.23	GM12878_CTCF
chr11	2610000	2612000	2.2	GM12878_CTCF
chr11	2612000	2614000	1.96	GM12878_CTCF
chr11	2614000	2616000	2.1	GM12878_CTCF
chr11	2616000	2618000	1.9	GM12878_CTCF
chr11	2618000	2620000	1.82	GM12878_CTCF
chr11	2620000	2622000	2.3	GM12878_CTCF
chr11	2622000	2624000	2.1	GM12878_CTCF
chr11	2624000	2626000	1.91	GM12878_CTCF
chr11	2626000	2628000	1.99	GM12878_CTCF
chr11	2628000	2630000	1.72	GM12878_CTCF
chr11	2630000	2632000	1.95	GM12878_CTCF
chr11	2632000	2634000	1.71	GM12878_CTCF
chr11	2634000	2636000	2.16	GM12878_CTCF
chr11	2636000	2638000	2.17	GM12878_CTCF
chr11	2638000	2640000	2.11	GM12878_CTCF
chr11	2640000	2642000	1.92	GM12878_CTCF
chr11	2642000	2644000	2.26	GM12878_CTCF
chr11	2644000	2646000	1.77	GM12878_CTCF
chr11	2646000	2648000	1.8	GM12878_CTCF
chr11	2648000	2650000	2.27	GM12878_CTCF
chr11	2650000	2652000	1.95	GM12878_CTCF
chr11	2652000	2654000	2.17	GM12878_CTCF
chr11	2654000	2656000	1.85	GM12878_CTCF
chr11	2656000	2658000	1.85	GM12878_CTCF
chr11	2658000	2660000	2.0	GM12878_CTCF
chr11	2660000	2662000	1.85	GM12878_CTCF
chr11	2662000	2664000	2.08	GM12878_CTCF
chr11	2664000	2666000	2.18	GM12878_CTCF
chr11	2666000	2668000	1.75	GM12878_CTCF
chr11	2668000	2670000	2.14	GM12878_CTCF
chr11	2670000	2672000	2.26	GM12878_CTCF
chr11	2672000	2674000	1.97	GM12878_CTCF
chr11	2674000	2676000	1.97	GM12878_CTCF
chr11	2676000	2678000	1.73	GM12878_CTCF
chr11	2678000	2680000	2.05	GM12878_CTCF
chr11	2680000	2682000	1.85	GM12878_CTCF
chr11	2682000	2684000	1.93	GM12878_CTCF
chr11	2684000	2686000	1.93	GM12878_CTCF
chr11	2686000	2688000	2.27	GM12878_CTCF
chr11	2688000	2690000	2.14	GM12878_CTCF
chr11	2690000	2692000	1.93	GM12878_CTCF
chr11	2692000	2694000	2.14	GM12878_CTCF
chr11	2694000	2696000	2.19	GM12878_CTCF
chr11	2696000	2698000	3.72	GM12878_CTCF
chr11	2698000	2700000	22.55	GM12878_CTCF
chr11	2700000	2702000	2.71	GM12878_CTCF
chr11	2702000	2704000	1.85	GM12878_CTCF
chr11	2704000	2706000	2.19	GM12878_CTCF
chr11	2706000	2708000	1.75	GM12878_CTCF
chr11	2708000	2710000	1.79	GM12878_CTCF
chr11	2710000	2712000	1.74	GM12878_CTCF
chr11	2712000	2714000	1.83	GM12878_CTCF
chr11	2714000	2716000	2.19	GM12878_CTCF
chr11	2716000	2718000	1.78	GM12878_CTCF
chr11	2718000	2720000	2.19	GM12878_CTCF
chr11	2720000	2722000	1.95	GM12878_CTCF
chr11	2722000	2724000	2.1	GM12878_CTCF
chr11	2724000	2726000	1.72	GM12878_CTCF
chr11	2726000	2728000	1.81	GM12878_CTCF
chr11	2728000	2730000	2.2	GM12878_CTCF
chr11	2730000	2732000	2.13	GM12878_CTCF
chr11	2732000	2734000	1.74	GM12878_CTCF
chr11	2734000	2736000	2.08	GM12878_CTCF
chr11	2736000	2738000	2.25	GM12878_CTCF
chr11	2738000	2740000	1.96	GM12878_CTCF
chr11	2740000	2742000	1.75	GM12878_CTCF
chr11	2742000	2744000	1.79	GM12878_CTCF
chr11	2744000	2746000	1.79	GM12878_CTCF
chr11	2746000	2748000	1.98	GM12878_CTCF
chr11	2748000	2750000	2.01	GM12878_CTCF
chr11	2750000	2752000	2.11	GM12878_CTCF
chr11	2752000	2754000	1.99	GM12878_CTCF
chr11	2754000	2756000	1.75	GM12878_CTCF
chr11	2756000	2758000	1.87	GM12878_CTCF
chr11	2758000	2760000	1.76	GM12878_CTCF
chr11	2760000	2762000	2.05	GM12878_CTCF
chr11	2762000	2764000	2.15	GM12878_CTCF
chr11	2764000	2766000	2.24	GM12878_CTCF
chr11	2766000	2768000	2.0	GM12878_CTCF
chr11	2768000	2770000	1.75	GM12878_CTCF
chr11	2770000	2772000	1.72	GM12878_CTCF
chr11	2772000	2774000	2.28	GM12878_CTCF
chr11	2774000	2776000	1.95	GM12878_CTCF
chr11	2776000	2778000	1.99	GM12878_CTCF
chr11	2778000	2780000	1.8	GM12878_CTCF
chr11	2780000	2782000	1.86	GM12878_CTCF
chr11	2782000	2784000	1.94	GM12878_CTCF
chr11	2784000	2786000	1.84	GM12878_CTCF
chr11	2786000	2788000	2.0	GM12878_CTCF
chr11	2788000	2790000	2.07	GM12878_CTCF
chr11	2790000	2792000	2.22	GM12878_CTCF
chr11	2792000	2794000	2.16	GM12878_CTCF
chr11	2794000	2796000	2.03	GM12878_CTCF
chr11	2796000	2798000	1.78	GM12878_CTCF
chr11	2798000	2800000	2.29	GM12878_CTCF
chr11	2800000	2802000	2.01	GM12878_CTCF
chr11	2802000	2804000	2.15	GM12878_CTCF
chr11	2804000	2806000	2.08	GM12878_CTCF
chr11	2806000	2808000	2.02	GM12878_CTCF
chr11	2808000	2810000	1.83	GM12878_CTCF
chr11	2810000	2812000	2.28	GM12878_CTCF
chr11	2812000	2814000	2.29	GM12878_CTCF
chr11	2814000	2816000	2.12	GM12878_CTCF
chr11	2816000	2818000	2.07	GM12878_CTCF
chr11	2818000	2820000	2.21	GM12878_CTCF
chr11	2820000	2822000	1.85	GM12878_CTCF
chr11	2822000	2824000	1.71	GM12878_CTCF
chr11	2824000	2826000	1.86	GM12878_CTCF
chr11	2826000	2828000	2.16	GM12878_CTCF
chr11	2828000	2830000	2.13	GM12878_CTCF
chr11	2830000	2832000	2.29	GM12878_CTCF
chr11	2832000	2834000	2.21	GM12878_CTCF
chr11	2834000	2836000	2.22	GM12878_CTCF
chr11	2836000	2838000	1.73	GM12878_CTCF
chr11	2838000	2840000	1.75	GM12878_CTCF
chr11	2840000	2842000	2.15	GM12878_CTCF
chr11	2842000	2844000	1.95	GM12878_CTCF
chr11	2844000	2846000	2.18	GM12878_CTCF
chr11	2846000	2848000	1.97	GM12878_CTCF
chr11	2848000	2850000	1.73	GM12878_CTCF
chr11	2850000	2852000	2.02	GM12878_CTCF
chr11	2852000	2854000	1.74	GM12878_CTCF
chr11	2854000	2856000	1.94	GM12878_CTCF
chr11	2856000	2858000	1.77	GM12878_CTCF
chr11	2858000	2860000	4.53	GM12878_CTCF
chr11	2860000	2862000	23.57	GM12878_CTCF
chr11	2862000	2864000	2.87	GM12878_CTCF
chr11	2864000	2866000	2.16	GM12878_CTCF
chr11	2866000	2868000	1.81	GM12878_CTCF
chr11	2868000	2870000	2.08	GM12878_CTCF
chr11	2870000	2872000	1.75	GM12878_CTCF
chr11	2872000	2874000	1.77	GM12878_CTCF
chr11	2874000	2876000	2.24	GM12878_CTCF
chr11	2876000	2878000	2.27	GM12878_CTCF
chr11	2878000	2880000	1.88	GM12878_CTCF
chr11	2880000	2882000	1.81	GM12878_CTCF
chr11	2882000	2884000	1.84	GM12878_CTCF
chr11	2884000	2886000	2.22	GM12878_CTCF
chr11	2886000	2888000	2.17	GM12878_CTCF
chr11	2888000	2890000	2.27	GM12878_CTCF
chr11	2890000	2892000	2.19	GM12878_CTCF
chr11	2892000	2894000	1.92	GM12878_CTCF
chr11	2894000	2896000	1.93	GM12878_CTCF
chr11	2896000	2898000	2.54	GM12878_CTCF
chr11	2898000	2900000	77.44	GM12878_CTCF
chr11	2900000	2902000	27.38	GM12878_CTCF
chr11	2902000	2904000	2.3	GM12878_CTCF
chr11	2904000	2906000	2.2	GM12878_CTCF
chr11	2906000	2908000	2.01	GM12878_CTCF
chr11	2908000	2910000	2.27	GM12878_CTCF
chr11	2910000	2912000	1.77	GM12878_CTCF
chr11	2912000	2914000	2.03	GM12878_CTCF
chr11	2914000	2916000	1.84	GM12878_CTCF
chr11	2916000	2918000	1.87	GM12878_CTCF
chr11	2918000	2920000	2.27	GM12878_CTCF
chr11	2920000	2922000	2.22	GM12878_CTCF
chr11	2922000	2924000	2.25	GM12878_CTCF
chr11	2924000	2926000	2.18	GM12878_CTCF
chr11	2926000	2928000	8.06	GM12878_CTCF
chr11	2928000	2930000	44.62	GM12878_CTCF
chr11	2930000	2932000	2.97	GM12878_CTCF
chr11	2932000	2934000	2.17	GM12878_CTCF
chr11	2934000	2936000	2.07	GM12878_CTCF
chr11	2936000	2938000	2.21	GM12878_CTCF
chr11	2938000	2940000	1.79	GM12878_CTCF
chr11	2940000	2942000	1.71	GM12878_CTCF
chr11	2942000	2944000	2.06	GM12878_CTCF
chr11	2944000	2946000	1.95	GM12878_CTCF
chr11	2946000	2948000	1.91	GM12878_CTCF
chr11	2948000	2950000	1.93	GM12878_CTCF
chr11	2950000	2952000	1.89	GM12878_CTCF
chr11	2952000	2954000	2.25	GM12878_CTCF
chr11	2954000	2956000	1.76	GM12878_CTCF
chr11	2956000	2958000	1.76	GM12878_CTCF
chr11	2958000	2960000	1.9	GM12878_CTCF
chr11	2960000	2962000	1.71	GM12878_CTCF
chr11	2962000	2964000	2.25	GM12878_CTCF
chr11	2964000	2966000	1.96	GM12878_CTCF
chr11	2966000	2968000	2.07	GM12878_CTCF
chr11	2968000	2970000	2.23	GM12878_CTCF
chr11	2970000	2972000	1.83	GM12878_CTCF
chr11	2972000	2974000	2.3	GM12878_CTCF
chr11	2974000	2976000	1.85	GM12878_CTCF
chr11	2976000	2978000	1.94	GM12878_CTCF
chr11	2978000	2980000	1.78	GM12878_CTCF
chr11	2980000	2982000	1.89	GM12878_CTCF
chr11	2982000	2984000	2.05	GM12878_CTCF
chr11	2984000	2986000	2.11	GM12878_CTCF
chr11	2986000	2988000	2.02	GM12878_CTCF
chr11	2988000	2990000	2.15	GM12878_CTCF
chr11	2990000	2992000	2.28	GM12878_CTCF
chr11	2992000	2994000	1.81	GM12878_CTCF
chr11	2994000	2996000	1.98	GM12878_CTCF
chr11	2996000	2998000	7.0	GM12878_CTCF
chr11	2998000	3000000	16.38	GM12878_CTCF
chr11	3000000	3002000	2.38	GM12878_CTCF
chr11	3002000	3004000	1.85	GM12878_CTCF
chr11	3004000	3006000	1.99	GM12878_CTCF
chr11	3006000	3008000	1.77	GM12878_CTCF
chr11	3008000	3010000	2.04	GM12878_CTCF
chr11	3010000	3012000	2.11	GM12878_CTCF
chr11	3012000	3014000	2.29	GM12878_CTCF
chr11	3014000	3016000	2.13	GM12878_CTCF
chr11	3016000	3018000	1.76	GM12878_CTCF
chr11	3018000	3020000	2.28	GM12878_CTCF
chr11	3020000	3022000	2.06	GM12878_CTCF
chr11	3022000	3024000	2.14	GM12878_CTCF
chr11	3024000	3026000	1.96	GM12878_CTCF
chr11	3026000	3028000	2.02	GM12878_CTCF
chr11	3028000	3030000	1.84	GM12878_CTCF
chr11	3030000	3032000	1.92	GM12878_CTCF
chr11	3032000	3034000	2.18	GM12878_CTCF
chr11	3034000	3036000	2.1	GM12878_CTCF
chr11	3036000	3038000	2.07	GM12878_CTCF
chr11	3038000	3040000	1.79	GM12878_CTCF
chr11	3040000	3042000	1.85	GM12878_CTCF
chr11	3042000	3044000	1.8	GM12878_CTCF
chr11	3044000	3046000	1.74	GM12878_CTCF
chr11	3046000	3048000	1.86	GM12878_CTCF
chr11	3048000	3050000	1.72	GM12878_CTCF
chr11	3050000	3052000	1.86	GM12878_CTCF
chr11	3052000	3054000	2.23	GM12878_CTCF
chr11	3054000	3056000	1.77	GM12878_CTCF
chr11	3056000	3058000	1.82	GM12878_CTCF
chr11	3058000	3060000	1.71	GM12878_CTCF
chr11	3060000	3062000	1.93	GM12878_CTCF
chr11	3062000	3064000	2.27	GM12878_CTCF
chr11	3064000	3066000	1.73	GM12878_CTCF
chr11	3066000	3068000	1.91	GM12878_CTCF
chr11	3068000	3070000	1.81	GM12878_CTCF
chr11	3070000	3072000	2.05	GM12878_CTCF
chr11	3072000	3074000	1.74	GM12878_CTCF
chr11	3074000	3076000	1.9	GM12878_CTCF
chr11	3076000	3078000	2.17	GM12878_CTCF
chr11	3078000	3080000	1.73	GM12878_CTCF
chr11	1800000	1802000	1.85	GM12878_H3K27ac
chr11	1802000	1804000	1.74	GM12878_H3K27ac
chr11	1804000	1806000	2.05	GM12878_H3K27ac
chr11	1806000	1808000	1.73	GM12878_H3K27ac
chr11	1808000	1810000	2.19	GM12878_H3K27ac
chr11	1810000	1812000	2.11	GM12878_H3K27ac
chr11	1812000	1814000	2.27	GM12878_H3K27ac
chr11	1814000	1816000	1.81	GM12878_H3K27ac
chr11	1816000	1818000	2.24	GM12878_H3K27ac
chr11	1818000	1820000	2.01	GM12878_H3K27ac
chr11	1820000	1822000	3.79	GM12878_H3K27ac
chr11	1822000	1824000	7.83	GM12878_H3K27ac
chr11	1824000	1826000	20.23	GM12878_H3K27ac
chr11	1826000	1828000	43.18	GM12878_H3K27ac
chr11	1828000	1830000	38.65	GM12878_H3K27ac
chr11	1830000	1832000	25.02	GM12878_H3K27ac
chr11	1832000	1834000	17.91	GM12878_H3K27ac
chr11	1834000	1836000	17.61	GM12878_H3K27ac
chr11	1836000	1838000	29.63	GM12878_H3K27ac
chr11	1838000	1840000	36.0	GM12878_H3K27ac
chr11	1840000	1842000	28.45	GM12878_H3K27ac
chr11	1842000	1844000	16.81	GM12878_H3K27ac
chr11	1844000	1846000	9.92	GM12878_H3K27ac
chr11	1846000	1848000	20.13	GM12878_H3K27ac
chr11	1848000	1850000	31.75	GM12878_H3K27ac
chr11	1850000	1852000	48.2	GM12878_H3K27ac
chr11	1852000	1854000	30.34	GM12878_H3K27ac
chr11	1854000	1856000	15.75	GM12878_H3K27ac
chr11	1856000	1858000	5.36	GM12878_H3K27ac
chr11	1858000	1860000	2.79	GM12878_H3K27ac
chr11	1860000	1862000	1.96	GM12878_H3K27ac
chr11	1862000	1864000	2.23	GM12878_H3K27ac
chr11	1864000	1866000	2.01	GM12878_H3K27ac
chr11	1866000	1868000	2.08	GM12878_H3K27ac
chr11	1868000	1870000	1.9	GM12878_H3K27ac
chr11	1870000	1872000	2.12	GM12878_H3K27ac
chr11	1872000	1874000	2.29	GM12878_H3K27ac
chr11	1874000	1876000	1.93	GM12878_H3K27ac
chr11	1876000	1878000	1.81	GM12878_H3K27ac
chr11	1878000	1880000	1.79	GM12878_H3K27ac
chr11	1880000	1882000	1.89	GM12878_H3K27ac
chr11	1882000	1884000	2.07	GM12878_H3K27ac
chr11	1884000	1886000	4.23	GM12878_H3K27ac
chr11	1886000	1888000	11.75	GM12878_H3K27ac
chr11	1888000	1890000	25.38	GM12878_H3K27ac
chr11	1890000	1892000	37.02	GM12878_H3K27ac
chr11	1892000	1894000	35.04	GM12878_H3K27ac
chr11	1894000	1896000	21.93	GM12878_H3K27ac
chr11	1896000	1898000	9.19	GM12878_H3K27ac
chr11	1898000	1900000	4.07	GM12878_H3K27ac
chr11	1900000	1902000	1.99	GM12878_H3K27ac
chr11	1902000	1904000	1.85	GM12878_H3K27ac
chr11	1904000	1906000	2.05	GM12878_H3K27ac
chr11	1906000	1908000	1.86	GM12878_H3K27ac
chr11	1908000	1910000	2.23	GM12878_H3K27ac
chr11	1910000	1912000	2.15	GM12878_H3K27ac
chr11	1912000	1914000	4.3	GM12878_H3K27ac
chr11	1914000	1916000	13.04	GM12878_H3K27ac
chr11	1916000	1918000	28.02	GM12878_H3K27ac
chr11	1918000	1920000	39.72	GM12878_H3K27ac
chr11	1920000	1922000	42.84	GM12878_H3K27ac
chr11	1922000	1924000	20.51	GM12878_H3K27ac
chr11	1924000	1926000	10.23	GM12878_H3K27ac
chr11	1926000	1928000	3.92	GM12878_H3K27ac
chr11	1928000	1930000	2.46	GM12878_H3K27ac
chr11	1930000	1932000	1.77	GM12878_H3K27ac
chr11	1932000	1934000	2.05	GM12878_H3K27ac
chr11	1934000	1936000	2.12	GM12878_H3K27ac
chr11	1936000	1938000	1.81	GM12878_H3K27ac
chr11	1938000	1940000	2.36	GM12878_H3K27ac
chr11	1940000	1942000	5.12	GM12878_H3K27ac
chr11	1942000	1944000	12.83	GM12878_H3K27ac
chr11	1944000	1946000	30.73	GM12878_H3K27ac
chr11	1946000	1948000	39.21	GM12878_H3K27ac
chr11	1948000	1950000	40.25	GM12878_H3K27ac
chr11	1950000	1952000	21.08	GM12878_H3K27ac
chr11	1952000	1954000	7.62	GM12878_H3K27ac
chr11	1954000	1956000	3.15	GM12878_H3K27ac
chr11	1956000	1958000	2.16	GM12878_H3K27ac
chr11	1958000	1960000	1.95	GM12878_H3K27ac
chr11	1960000	1962000	2.11	GM12878_H3K27ac
chr11	1962000	1964000	1.94	GM12878_H3K27ac
chr11	1964000	1966000	2.12	GM12878_H3K27ac
chr11	1966000	1968000	2.2	GM12878_H3K27ac
chr11	1968000	1970000	2.07	GM12878_H3K27ac
chr11	1970000	1972000	2.27	GM12878_H3K27ac
chr11	1972000	1974000	1.81	GM12878_H3K27ac
chr11	1974000	1976000	1.73	GM12878_H3K27ac
chr11	1976000	1978000	2.16	GM12878_H3K27ac
chr11	1978000	1980000	2.08	GM12878_H3K27ac
chr11	1980000	1982000	1.75	GM12878_H3K27ac
chr11	1982000	1984000	1.97	GM12878_H3K27ac
chr11	1984000	1986000	1.79	GM12878_H3K27ac
chr11	1986000	1988000	2.11	GM12878_H3K27ac
chr11	1988000	1990000	2.28	GM12878_H3K27ac
chr11	1990000	1992000	1.73	GM12878_H3K27ac
chr11	1992000	1994000	1.79	GM12878_H3K27ac
chr11	1994000	1996000	1.85	GM12878_H3K27ac
chr11	1996000	1998000	2.16	GM12878_H3K27ac
chr11	1998000	2000000	2.17	GM12878_H3K27ac
chr11	2000000	2002000	1.78	GM12878_H3K27ac
chr11	2002000	2004000	2.02	GM12878_H3K27ac
chr11	2004000	2006000	1.72	GM12878_H3K27ac
chr11	2006000	2008000	1.88	GM12878_H3K27ac
chr11	2008000	2010000	2.24	GM12878_H3K27ac
chr11	2010000	2012000	1.74	GM12878_H3K27ac
chr11	2012000	2014000	1.76	GM12878_H3K27ac
chr11	2014000	2016000	1.76	GM12878_H3K27ac
chr11	2016000	2018000	2.26	GM12878_H3K27ac
chr11	2018000	2020000	1.78	GM12878_H3K27ac
chr11	2020000	2022000	1.97	GM12878_H3K27ac
chr11	2022000	2024000	1.85	GM12878_H3K27ac
chr11	2024000	2026000	1.74	GM12878_H3K27ac
chr11	2026000	2028000	1.99	GM12878_H3K27ac
chr11	2028000	2030000	2.16	GM12878_H3K27ac
chr11	2030000	2032000	1.8	GM12878_H3K27ac
chr11	2032000	2034000	1.86	GM12878_H3K27ac
chr11	2034000	2036000	1.74	GM12878_H3K27ac
chr11	2036000	2038000	2.0	GM12878_H3K27ac
chr11	2038000	2040000	1.94	GM12878_H3K27ac
chr11	2040000	2042000	2.17	GM12878_H3K27ac
chr11	2042000	2044000	2.03	GM12878_H3K27ac
chr11	2044000	2046000	2.01	GM12878_H3K27ac
chr11	2046000	2048000	2.02	GM12878_H3K27ac
chr11	2048000	2050000	2.09	GM12878_H3K27ac
chr11	2050000	2052000	2.0	GM12878_H3K27ac
chr11	2052000	2054000	2.27	GM12878_H3K27ac
chr11	2054000	2056000	1.77	GM12878_H3K27ac
chr11	2056000	2058000	2.25	GM12878_H3K27ac
chr11	2058000	2060000	2.11	GM12878_H3K27ac
chr11	2060000	2062000	1.77	GM12878_H3K27ac
chr11	2062000	2064000	2.29	GM12878_H3K27ac
chr11	2064000	2066000	2.15	GM12878_H3K27ac
chr11	2066000	2068000	1.89	GM12878_H3K27ac
chr11	2068000	2070000	2.27	GM12878_H3K27ac
chr11	2070000	2072000	1.75	GM12878_H3K27ac
chr11	2072000	2074000	2.26	GM12878_H3K27ac
chr11	2074000	2076000	2.09	GM12878_H3K27ac
chr11	2076000	2078000	1.89	GM12878_H3K27ac
chr11	2078000	2080000	1.95	GM12878_H3K27ac
chr11	2080000	2082000	1.8	GM12878_H3K27ac
chr11	2082000	2084000	2.29	GM12878_H3K27ac
chr11	2084000	2086000	1.94	GM12878_H3K27ac
chr11	2086000	2088000	1.92	GM12878_H3K27ac
chr11	2088000	2090000	1.78	GM12878_H3K27ac
chr11	2090000	2092000	1.75	GM12878_H3K27ac
chr11	2092000	2094000	2.02	GM12878_H3K27ac
chr11	2094000	2096000	1.72	GM12878_H3K27ac
chr11	2096000	2098000	1.88	GM12878_H3K27ac
chr11	2098000	2100000	2.27	GM12878_H3K27ac
chr11	2100000	2102000	2.02	GM12878_H3K27ac
chr11	2102000	2104000	1.92	GM12878_H3K27ac
chr11	2104000	2106000	1.77	GM12878_H3K27ac
chr11	2106000	2108000	1.84	GM12878_H3K27ac
chr11	2108000	2110000	2.02	GM12878_H3K27ac
chr11	2110000	2112000	1.87	GM12878_H3K27ac
chr11	2112000	2114000	1.8	GM12878_H3K27ac
chr11	2114000	2116000	2.01	GM12878_H3K27ac
chr11	2116000	2118000	2.11	GM12878_H3K27ac
chr11	2118000	2120000	1.88	GM12878_H3K27ac
chr11	2120000	2122000	2.14	GM12878_H3K27ac
chr11	2122000	2124000	2.26	GM12878_H3K27ac
chr11	2124000	2126000	1.79	GM12878_H3K27ac
chr11	2126000	2128000	2.21	GM12878_H3K27ac
chr11	2128000	2130000	1.88	GM12878_H3K27ac
chr11	2130000	2132000	1.8	GM12878_H3K27ac
chr11	2132000	2134000	1.96	GM12878_H3K27ac
chr11	2134000	2136000	2.19	GM12878_H3K27ac
chr11	2136000	2138000	1.84	GM12878_H3K27ac
chr11	2138000	2140000	2.32	GM12878_H3K27ac
chr11	2140000	2142000	2.06	GM12878_H3K27ac
chr11	2142000	2144000	4.25	GM12878_H3K27ac
chr11	2144000	2146000	13.01	GM12878_H3K27ac
chr11	2146000	2148000	24.92	GM12878_H3K27ac
chr11	2148000	2150000	39.12	GM12878_H3K27ac
chr11	2150000	2152000	38.46	GM12878_H3K27ac
chr11	2152000	2154000	26.12	GM12878_H3K27ac
chr11	2154000	2156000	33.85	GM12878_H3K27ac
chr11	2156000	2158000	60.88	GM12878_H3K27ac
chr11	2158000	2160000	107.09	GM12878_H3K27ac
chr11	2160000	2162000	111.42	GM12878_H3K27ac
chr11	2162000	2164000	67.85	GM12878_H3K27ac
chr11	2164000	2166000	39.57	GM12878_H3K27ac
chr11	2166000	2168000	21.01	GM12878_H3K27ac
chr11	2168000	2170000	26.78	GM12878_H3K27ac
chr11	2170000	2172000	38.45	GM12878_H3K27ac
chr11	2172000	2174000	35.79	GM12878_H3K27ac
chr11	2174000	2176000	19.92	GM12878_H3K27ac
chr11	2176000	2178000	10.53	GM12878_H3K27ac
chr11	2178000	2180000	3.6	GM12878_H3K27ac
chr11	2180000	2182000	1.94	GM12878_H3K27ac
chr11	2182000	2184000	2.13	GM12878_H3K27ac
chr11	2184000	2186000	1.82	GM12878_H3K27ac
chr11	2186000	2188000	2.0	GM12878_H3K27ac
chr11	2188000	2190000	1.86	GM12878_H3K27ac
chr11	2190000	2192000	1.76	GM12878_H3K27ac
chr11	2192000	2194000	2.15	GM12878_H3K27ac
chr11	2194000	2196000	2.02	GM12878_H3K27ac
chr11	2196000	2198000	2.05	GM12878_H3K27ac
chr11	2198000	2200000	2.03	GM12878_H3K27ac
chr11	2200000	2202000	1.77	GM12878_H3K27ac
chr11	2202000	2204000	2.25	GM12878_H3K27ac
chr11	2204000	2206000	1.94	GM12878_H3K27ac
chr11	2206000	2208000	2.02	GM12878_H3K27ac
chr11	2208000	2210000	1.82	GM12878_H3K27ac
chr11	2210000	2212000	2.03	GM12878_H3K27ac
chr11	2212000	2214000	2.01	GM12878_H3K27ac
chr11	2214000	2216000	2.09	GM12878_H3K27ac
chr11	2216000	2218000	1.75	GM12878_H3K27ac
chr11	2218000	2220000	2.16	GM12878_H3K27ac
chr11	2220000	2222000	2.2	GM12878_H3K27ac
chr11	2222000	2224000	1.81	GM12878_H3K27ac
chr11	2224000	2226000	2.21	GM12878_H3K27ac
chr11	2226000	2228000	2.14	GM12878_H3K27ac
chr11	2228000	2230000	2.23	GM12878_H3K27ac
chr11	2230000	2232000	1.78	GM12878_H3K27ac
chr11	2232000	2234000	2.27	GM12878_H3K27ac
chr11	2234000	2236000	1.73	GM12878_H3K27ac
chr11	2236000	2238000	2.09	GM12878_H3K27ac
chr11	2238000	2240000	2.03	GM12878_H3K27ac
chr11	2240000	2242000	1.72	GM12878_H3K27ac
chr11	2242000	2244000	2.13	GM12878_H3K27ac
chr11	2244000	2246000	1.86	GM12878_H3K27ac
chr11	2246000	2248000	2.03	GM12878_H3K27ac
chr11	2248000	2250000	2.21	GM12878_H3K27ac
chr11	2250000	2252000	2.02	GM12878_H3K27ac
chr11	2252000	2254000	1.97	GM12878_H3K27ac
chr11	2254000	2256000	1.99	GM12878_H3K27ac
chr11	2256000	2258000	1.78	GM12878_H3K27ac
chr11	2258000	2260000	1.75	GM12878_H3K27ac
chr11	2260000	2262000	2.34	GM12878_H3K27ac
chr11	2262000	2264000	2.75	GM12878_H3K27ac
chr11	2264000	2266000	8.76	GM12878_H3K27ac
chr11	2266000	2268000	20.87	GM12878_H3K27ac
chr11	2268000	2270000	38.09	GM12878_H3K27ac
chr11	2270000	2272000	45.83	GM12878_H3K27ac
chr11	2272000	2274000	26.86	GM12878_H3K27ac
chr11	2274000	2276000	15.85	GM12878_H3K27ac
chr11	2276000	2278000	4.78	GM12878_H3K27ac
chr11	2278000	2280000	2.35	GM12878_H3K27ac
chr11	2280000	2282000	2.26	GM12878_H3K27ac
chr11	2282000	2284000	2.16	GM12878_H3K27ac
chr11	2284000	2286000	1.84	GM12878_H3K27ac
chr11	2286000	2288000	2.29	GM12878_H3K27ac
chr11	2288000	2290000	2.28	GM12878_H3K27ac
chr11	2290000	2292000	1.91	GM12878_H3K27ac
chr11	2292000	2294000	2.63	GM12878_H3K27ac
chr11	2294000	2296000	4.38	GM12878_H3K27ac
chr11	2296000	2298000	16.12	GM12878_H3K27ac
chr11	2298000	2300000	35.96	GM12878_H3K27ac
chr11	2300000	2302000	80.55	GM12878_H3K27ac
chr11	2302000	2304000	88.06	GM12878_H3K27ac
chr11	2304000	2306000	59.37	GM12878_H3K27ac
chr11	2306000	2308000	27.38	GM12878_H3K27ac
chr11	2308000	2310000	8.01	GM12878_H3K27ac
chr11	2310000	2312000	3.21	GM12878_H3K27ac
chr11	2312000	2314000	2.08	GM12878_H3K27ac
chr11	2314000	2316000	2.02	GM12878_H3K27ac
chr11	2316000	2318000	1.79	GM12878_H3K27ac
chr11	2318000	2320000	2.24	GM12878_H3K27ac
chr11	2320000	2322000	1.83	GM12878_H3K27ac
chr11	2322000	2324000	2.25	GM12878_H3K27ac
chr11	2324000	2326000	1.81	GM12878_H3K27ac
chr11	2326000	2328000	1.76	GM12878_H3K27ac
chr11	2328000	2330000	1.76	GM12878_H3K27ac
chr11	2330000	2332000	1.75	GM12878_H3K27ac
chr11	2332000	2334000	1.85	GM12878_H3K27ac
chr11	2334000	2336000	1.94	GM12878_H3K27ac
chr11	2336000	2338000	2.15	GM12878_H3K27ac
chr11	2338000	2340000	1.86	GM12878_H3K27ac
chr11	2340000	2342000	1.85	GM12878_H3K27ac
chr11	2342000	2344000	1.98	GM12878_H3K27ac
chr11	2344000	2346000	1.9	GM12878_H3K27ac
chr11	2346000	2348000	1.91	GM12878_H3K27ac
chr11	2348000	2350000	1.75	GM12878_H3K27ac
chr11	2350000	2352000	1.89	GM12878_H3K27ac
chr11	2352000	2354000	1.92	GM12878_H3K27ac
chr11	2354000	2356000	2.24	GM12878_H3K27ac
chr11	2356000	2358000	1.83	GM12878_H3K27ac
chr11	2358000	2360000	1.73	GM12878_H3K27ac
chr11	2360000	2362000	2.12	GM12878_H3K27ac
chr11	2362000	2364000	2.09	GM12878_H3K27ac
chr11	2364000	2366000	2.19	GM12878_H3K27ac
chr11	2366000	2368000	2.16	GM12878_H3K27ac
chr11	2368000	2370000	3.83	GM12878_H3K27ac
chr11	2370000	2372000	9.27	GM12878_H3K27ac
chr11	2372000	2374000	20.89	GM12878_H3K27ac
chr11	2374000	2376000	35.77	GM12878_H3K27ac
chr11	2376000	2378000	34.92	GM12878_H3K27ac
chr11	2378000	2380000	26.66	GM12878_H3K27ac
chr11	2380000	2382000	11.5	GM12878_H3K27ac
chr11	2382000	2384000	3.61	GM12878_H3K27ac
chr11	2384000	2386000	2.53	GM12878_H3K27ac
chr11	2386000	2388000	2.17	GM12878_H3K27ac
chr11	2388000	2390000	2.02	GM12878_H3K27ac
chr11	2390000	2392000	1.93	GM12878_H3K27ac
chr11	2392000	2394000	3.21	GM12878_H3K27ac
chr11	2394000	2396000	7.37	GM12878_H3K27ac
chr11	2396000	2398000	19.94	GM12878_H3K27ac
chr11	2398000	2400000	39.35	GM12878_H3K27ac
chr11	2400000	2402000	42.88	GM12878_H3K27ac
chr11	2402000	2404000	26.66	GM12878_H3K27ac
chr11	2404000	2406000	12.47	GM12878_H3K27ac
chr11	2406000	2408000	4.35	GM12878_H3K27ac
chr11	2408000	2410000	2.79	GM12878_H3K27ac
chr11	2410000	2412000	1.93	GM12878_H3K27ac
chr11	2412000	2414000	1.84	GM12878_H3K27ac
chr11	2414000	2416000	1.74	GM12878_H3K27ac
chr11	2416000	2418000	1.85	GM12878_H3K27ac
chr11	2418000	2420000	1.9	GM12878_H3K27ac
chr11	2420000	2422000	2.23	GM12878_H3K27ac
chr11	2422000	2424000	2.18	GM12878_H3K27ac
chr11	2424000	2426000	2.23	GM12878_H3K27ac
chr11	2426000	2428000	2.25	GM12878_H3K27ac
chr11	2428000	2430000	2.09	GM12878_H3K27ac
chr11	2430000	2432000	1.99	GM12878_H3K27ac
chr11	2432000	2434000	1.96	GM12878_H3K27ac
chr11	2434000	2436000	2.21	GM12878_H3K27ac
chr11	2436000	2438000	4.78	GM12878_H3K27ac
chr11	2438000	2440000	12.11	GM12878_H3K27ac
chr11	2440000	2442000	38.77	GM12878_H3K27ac
chr11	2442000	2444000	69.83	GM12878_H3K27ac
chr11	2444000	2446000	84.75	GM12878_H3K27ac
chr11	2446000	2448000	64.28	GM12878_H3K27ac
chr11	2448000	2450000	25.71	GM12878_H3K27ac
chr11	2450000	2452000	8.81	GM12878_H3K27ac
chr11	2452000	2454000	2.92	GM12878_H3K27ac
chr11	2454000	2456000	1.86	GM12878_H3K27ac
chr11	2456000	2458000	2.14	GM12878_H3K27ac
chr11	2458000	2460000	2.04	GM12878_H3K27ac
chr11	2460000	2462000	1.74	GM12878_H3K27ac
chr11	2462000	2464000	1.97	GM12878_H3K27ac
chr11	2464000	2466000	1.87	GM12878_H3K27ac
chr11	2466000	2468000	1.87	GM12878_H3K27ac
chr11	2468000	2470000	2.28	GM12878_H3K27ac
chr11	2470000	2472000	2.26	GM12878_H3K27ac
chr11	2472000	2474000	2.02	GM12878_H3K27ac
chr11	2474000	2476000	2.3	GM12878_H3K27ac
chr11	2476000	2478000	2.14	GM12878_H3K27ac
chr11	2478000	2480000	2.26	GM12878_H3K27ac
chr11	2480000	2482000	1.98	GM12878_H3K27ac
chr11	2482000	2484000	1.84	GM12878_H3K27ac
chr11	2484000	2486000	2.12	GM12878_H3K27ac
chr11	2486000	2488000	1.91	GM12878_H3K27ac
chr11	2488000	2490000	2.14	GM12878_H3K27ac
chr11	2490000	2492000	1.79	GM12878_H3K27ac
chr11	2492000	2494000	1.98	GM12878_H3K27ac
chr11	2494000	2496000	2.13	GM12878_H3K27ac
chr11	2496000	2498000	1.77	GM12878_H3K27ac
chr11	2498000	2500000	2.15	GM12878_H3K27ac
chr11	2500000	2502000	2.02	GM12878_H3K27ac
chr11	2502000	2504000	1.77	GM12878_H3K27ac
chr11	2504000	2506000	2.13	GM12878_H3K27ac
chr11	2506000	2508000	2.02	GM12878_H3K27ac
chr11	2508000	2510000	1.78	GM12878_H3K27ac
chr11	2510000	2512000	2.02	GM12878_H3K27ac
chr11	2512000	2514000	1.71	GM12878_H3K27ac
chr11	2514000	2516000	1.97	GM12878_H3K27ac
chr11	2516000	2518000	2.21	GM12878_H3K27ac
chr11	2518000	2520000	2.07	GM12878_H3K27ac
chr11	2520000	2522000	1.84	GM12878_H3K27ac
chr11	2522000	2524000	1.71	GM12878_H3K27ac
chr11	2524000	2526000	1.94	GM12878_H3K27ac
chr11	2526000	2528000	1.78	GM12878_H3K27ac
chr11	2528000	2530000	1.94	GM12878_H3K27ac
chr11	2530000	2532000	1.83	GM12878_H3K27ac
chr11	2532000	2534000	1.83	GM12878_H3K27ac
chr11	2534000	2536000	1.93	GM12878_H3K27ac
chr11	2536000	2538000	1.83	GM12878_H3K27ac
chr11	2538000	2540000	2.03	GM12878_H3K27ac
chr11	2540000	2542000	1.91	GM12878_H3K27ac
chr11	2542000	2544000	1.92	GM12878_H3K27ac
chr11	2544000	2546000	1.75	GM12878_H3K27ac
chr11	2546000	2548000	2.1	GM12878_H3K27ac
chr11	2548000	2550000	2.16	GM12878_H3K27ac
chr11	2550000	2552000	2.16	GM12878_H3K27ac
chr11	2552000	2554000	2.19	GM12878_H3K27ac
chr11	2554000	2556000	1.71	GM12878_H3K27ac
chr11	2556000	2558000	2.22	GM12878_H3K27ac
chr11	2558000	2560000	1.9	GM12878_H3K27ac
chr11	2560000	2562000	1.86	GM12878_H3K27ac
chr11	2562000	2564000	1.89	GM12878_H3K27ac
chr11	2564000	2566000	1.73	GM12878_H3K27ac
chr11	2566000	2568000	2.2	GM12878_H3K27ac
chr11	2568000	2570000	1.92	GM12878_H3K27ac
chr11	2570000	2572000	2.11	GM12878_H3K27ac
chr11	2572000	2574000	1.86	GM12878_H3K27ac
chr11	2574000	2576000	2.23	GM12878_H3K27ac
chr11	2576000	2578000	1.78	GM12878_H3K27ac
chr11	2578000	2580000	1.97	GM12878_H3K27ac
chr11	2580000	2582000	2.23	GM12878_H3K27ac
chr11	2582000	2584000	1.81	GM12878_H3K27ac
chr11	2584000	2586000	1.84	GM12878_H3K27ac
chr11	2586000	2588000	1.78	GM12878_H3K27ac
chr11	2588000	2590000	2.01	GM12878_H3K27ac
chr11	2590000	2592000	2.3	GM12878_H3K27ac
chr11	2592000	2594000	2.11	GM12878_H3K27ac
chr11	2594000	2596000	2.15	GM12878_H3K27ac
chr11	2596000	2598000	1.92	GM12878_H3K27ac
chr11	2598000	2600000	2.15	GM12878_H3K27ac
chr11	2600000	2602000	1.83	GM12878_H3K27ac
chr11	2602000	2604000	1.79	GM12878_H3K27ac
chr11	2604000	2606000	1.77	GM12878_H3K27ac
chr11	2606000	2608000	1.84	GM12878_H3K27ac
chr11	2608000	2610000	2.23	GM12878_H3K27ac
chr11	2610000	2612000	1.92	GM12878_H3K27ac
chr11	2612000	2614000	1.76	GM12878_H3K27ac
chr11	2614000	2616000	1.97	GM12878_H3K27ac
chr11	2616000	2618000	1.71	GM12878_H3K27ac
chr11	2618000	2620000	1.81	GM12878_H3K27ac
chr11	2620000	2622000	1.82	GM12878_H3K27ac
chr11	2622000	2624000	2.18	GM12878_H3K27ac
chr11	2624000	2626000	1.89	GM12878_H3K27ac
chr11	2626000	2628000	2.07	GM12878_H3K27ac
chr11	2628000	2630000	1.85	GM12878_H3K27ac
chr11	2630000	2632000	1.77	GM12878_H3K27ac
chr11	2632000	2634000	1.88	GM12878_H3K27ac
chr11	2634000	2636000	1.83	GM12878_H3K27ac
chr11	2636000	2638000	1.88	GM12878_H3K27ac
chr11	2638000	2640000	1.87	GM12878_H3K27ac
chr11	2640000	2642000	1.77	GM12878_H3K27ac
chr11	2642000	2644000	2.0	GM12878_H3K27ac
chr11	2644000	2646000	2.15	GM12878_H3K27ac
chr11	2646000	2648000	2.02	GM12878_H3K27ac
chr11	2648000	2650000	2.03	GM12878_H3K27ac
chr11	2650000	2652000	1.92	GM12878_H3K27ac
chr11	2652000	2654000	1.79	GM12878_H3K27ac
chr11	2654000	2656000	1.78	GM12878_H3K27ac
chr11	2656000	2658000	2.09	GM12878_H3K27ac
chr11	2658000	2660000	1.89	GM12878_H3K27ac
chr11	2660000	2662000	2.18	GM12878_H3K27ac
chr11	2662000	2664000	2.25	GM12878_H3K27ac
chr11	2664000	2666000	1.74	GM12878_H3K27ac
chr11	2666000	2668000	2.02	GM12878_H3K27ac
chr11	2668000	2670000	2.15	GM12878_H3K27ac
chr11	2670000	2672000	1.73	GM12878_H3K27ac
chr11	2672000	2674000	1.97	GM12878_H3K27ac
chr11	2674000	2676000	1.75	GM12878_H3K27ac
chr11	2676000	2678000	2.28	GM12878_H3K27ac
chr11	2678000	2680000	2.22	GM12878_H3K27ac
chr11	2680000	2682000	2.13	GM12878_H3K27ac
chr11	2682000	2684000	2.25	GM12878_H3K27ac
chr11	2684000	2686000	1.73	GM12878_H3K27ac
chr11	2686000	2688000	1.93	GM12878_H3K27ac
chr11	2688000	2690000	2.29	GM12878_H3K27ac
chr11	2690000	2692000	2.26	GM12878_H3K27ac
chr11	2692000	2694000	2.01	GM12878_H3K27ac
chr11	2694000	2696000	1.91	GM12878_H3K27ac
chr11	2696000	2698000	1.75	GM12878_H3K27ac
chr11	2698000	2700000	1.87	GM12878_H3K27ac
chr11	2700000	2702000	1.93	GM12878_H3K27ac
chr11	2702000	2704000	2.22	GM12878_H3K27ac
chr11	2704000	2706000	1.97	GM12878_H3K27ac
chr11	2706000	2708000	1.78	GM12878_H3K27ac
chr11	2708000	2710000	1.85	GM12878_H3K27ac
chr11	2710000	2712000	1.9	GM12878_H3K27ac
chr11	2712000	2714000	2.04	GM12878_H3K27ac
chr11	2714000	2716000	1.96	GM12878_H3K27ac
chr11	2716000	2718000	2.05	GM12878_H3K27ac
chr11	2718000	2720000	2.11	GM12878_H3K27ac
chr11	2720000	2722000	2.1	GM12878_H3K27ac
chr11	2722000	2724000	1.97	GM12878_H3K27ac
chr11	2724000	2726000	2.29	GM12878_H3K27ac
chr11	2726000	2728000	1.71	GM12878_H3K27ac
chr11	2728000	2730000	2.1	GM12878_H3K27ac
chr11	2730000	2732000	1.76	GM12878_H3K27ac
chr11	2732000	2734000	1.85	GM12878_H3K27ac
chr11	2734000	2736000	1.97	GM12878_H3K27ac
chr11	2736000	2738000	2.02	GM12878_H3K27ac
chr11	2738000	2740000	2.08	GM12878_H3K27ac
chr11	2740000	2742000	1.79	GM12878_H3K27ac
chr11	2742000	2744000	1.8	GM12878_H3K27ac
chr11	2744000	2746000	1.96	GM12878_H3K27ac
chr11	2746000	2748000	1.82	GM12878_H3K27ac
chr11	2748000	2750000	2.07	GM12878_H3K27ac
chr11	2750000	2752000	2.1	GM12878_H3K27ac
chr11	2752000	2754000	2.04	GM12878_H3K27ac
chr11	2754000	2756000	2.2	GM12878_H3K27ac
chr11	2756000	2758000	1.96	GM12878_H3K27ac
chr11	2758000	2760000	1.98	GM12878_H3K27ac
chr11	2760000	2762000	1.98	GM12878_H3K27ac
chr11	2762000	2764000	1.74	GM12878_H3K27ac
chr11	2764000	2766000	1.87	GM12878_H3K27ac
chr11	2766000	2768000	1.98	GM12878_H3K27ac
chr11	2768000	2770000	2.03	GM12878_H3K27ac
chr11	2770000	2772000	2.09	GM12878_H3K27ac
chr11	2772000	2774000	1.98	GM12878_H3K27ac
chr11	2774000	2776000	2.07	GM12878_H3K27ac
chr11	2776000	2778000	2.27	GM12878_H3K27ac
chr11	2778000	2780000	2.05	GM12878_H3K27ac
chr11	2780000	2782000	2.01	GM12878_H3K27ac
chr11	2782000	2784000	2.16	GM12878_H3K27ac
chr11	2784000	2786000	1.71	GM12878_H3K27ac
chr11	2786000	2788000	2.14	GM12878_H3K27ac
chr11	2788000	2790000	2.15	GM12878_H3K27ac
chr11	2790000	2792000	1.94	GM12878_H3K27ac
chr11	2792000	2794000	2.27	GM12878_H3K27ac
chr11	2794000	2796000	1.93	GM12878_H3K27ac
chr11	2796000	2798000	1.74	GM12878_H3K27ac
chr11	2798000	2800000	1.79	GM12878_H3K27ac
chr11	2800000	2802000	1.78	GM12878_H3K27ac
chr11	2802000	2804000	2.05	GM12878_H3K27ac
chr11	2804000	2806000	1.7	GM12878_H3K27ac
chr11	2806000	2808000	2.18	GM12878_H3K27ac
chr11	2808000	2810000	2.08	GM12878_H3K27ac
chr11	2810000	2812000	1.92	GM12878_H3K27ac
chr11	2812000	2814000	1.99	GM12878_H3K27ac
chr11	2814000	2816000	1.75	GM12878_H3K27ac
chr11	2816000	2818000	2.08	GM12878_H3K27ac
chr11	2818000	2820000	1.91	GM12878_H3K27ac
chr11	2820000	2822000	1.92	GM12878_H3K27ac
chr11	2822000	2824000	1.72	GM12878_H3K27ac
chr11	2824000	2826000	2.06	GM12878_H3K27ac
chr11	2826000	2828000	2.05	GM12878_H3K27ac
chr11	2828000	2830000	1.8	GM12878_H3K27ac
chr11	2830000	2832000	1.84	GM12878_H3K27ac
chr11	2832000	2834000	2.12	GM12878_H3K27ac
chr11	2834000	2836000	1.85	GM12878_H3K27ac
chr11	2836000	2838000	2.06	GM12878_H3K27ac
chr11	2838000	2840000	1.71	GM12878_H3K27ac
chr11	2840000	2842000	1.85	GM12878_H3K27ac
chr11	2842000	2844000	1.98	GM12878_H3K27ac
chr11	2844000	2846000	1.92	GM12878_H3K27ac
chr11	2846000	2848000	2.29	GM12878_H3K27ac
chr11	2848000	2850000	1.71	GM12878_H3K27ac
chr11	2850000	2852000	1.91	GM12878_H3K27ac
chr11	2852000	2854000	2.21	GM12878_H3K27ac
chr11	2854000	2856000	1.86	GM12878_H3K27ac
chr11	2856000	2858000	1.73	GM12878_H3K27ac
chr11	2858000	2860000	2.02	GM12878_H3K27ac
chr11	2860000	2862000	2.22	GM12878_H3K27ac
chr11	2862000	2864000	1.75	GM12878_H3K27ac
chr11	2864000	2866000	2.08	GM12878_H3K27ac
chr11	2866000	2868000	2.25	GM12878_H3K27ac
chr11	2868000	2870000	2.11	GM12878_H3K27ac
chr11	2870000	2872000	1.81	GM12878_H3K27ac
chr11	2872000	2874000	2.13	GM12878_H3K27ac
chr11	2874000	2876000	1.9	GM12878_H3K27ac
chr11	2876000	2878000	2.63	GM12878_H3K27ac
chr11	2878000	2880000	4.37	GM12878_H3K27ac
chr11	2880000	2882000	12.95	GM12878_H3K27ac
chr11	2882000	2884000	30.62	GM12878_H3K27ac
chr11	2884000	2886000	42.07	GM12878_H3K27ac
chr11	2886000	2888000	37.84	GM12878_H3K27ac
chr11	2888000	2890000	24.81	GM12878_H3K27ac
chr11	2890000	2892000	8.94	GM12878_H3K27ac
chr11	2892000	2894000	6.67	GM12878_H3K27ac
chr11	2894000	2896000	10.58	GM12878_H3K27ac
chr11	2896000	2898000	24.05	GM12878_H3K27ac
chr11	2898000	2900000	46.06	GM12878_H3K27ac
chr11	2900000	2902000	36.14	GM12878_H3K27ac
chr11	2902000	2904000	20.65	GM12878_H3K27ac
chr11	2904000	2906000	9.28	GM12878_H3K27ac
chr11	2906000	2908000	3.36	GM12878_H3K27ac
chr11	2908000	2910000	2.45	GM12878_H3K27ac
chr11	2910000	2912000	2.18	GM12878_H3K27ac
chr11	2912000	2914000	1.76	GM12878_H3K27ac
chr11	2914000	2916000	2.11	GM12878_H3K27ac
chr11	2916000	2918000	1.81	GM12878_H3K27ac
chr11	2918000	2920000	1.89	GM12878_H3K27ac
chr11	2920000	2922000	2.58	GM12878_H3K27ac
chr11	2922000	2924000	4.96	GM12878_H3K27ac
chr11	2924000	2926000	15.64	GM12878_H3K27ac
chr11	2926000	2928000	26.5	GM12878_H3K27ac
chr11	2928000	2930000	36.18	GM12878_H3K27ac
chr11	2930000	2932000	32.47	GM12878_H3K27ac
chr11	2932000	2934000	20.61	GM12878_H3K27ac
chr11	2934000	2936000	7.66	GM12878_H3K27ac
chr11	2936000	2938000	3.49	GM12878_H3K27ac
chr11	2938000	2940000	2.3	GM12878_H3K27ac
chr11	2940000	2942000	1.86	GM12878_H3K27ac
chr11	2942000	2944000	1.84	GM12878_H3K27ac
chr11	2944000	2946000	2.13	GM12878_H3K27ac
chr11	2946000	2948000	1.72	GM12878_H3K27ac
chr11	2948000	2950000	1.7	GM12878_H3K27ac
chr11	2950000	2952000	1.78	GM12878_H3K27ac
chr11	2952000	2954000	1.84	GM12878_H3K27ac
chr11	2954000	2956000	1.87	GM12878_H3K27ac
chr11	2956000	2958000	1.72	GM12878_H3K27ac
chr11	2958000	2960000	1.72	GM12878_H3K27ac
chr11	2960000	2962000	1.92	GM12878_H3K27ac
chr11	2962000	2964000	1.87	GM12878_H3K27ac
chr11	2964000	2966000	2.06	GM12878_H3K27ac
chr11	2966000	2968000	2.09	GM12878_H3K27ac
chr11	2968000	2970000	1.8	GM12878_H3K27ac
chr11	2970000	2972000	2.0	GM12878_H3K27ac
chr11	2972000	2974000	2.27	GM12878_H3K27ac
chr11	2974000	2976000	1.81	GM12878_H3K27ac
chr11	2976000	2978000	2.25	GM12878_H3K27ac
chr11	2978000	2980000	2.11	GM12878_H3K27ac
chr11	2980000	2982000	1.93	GM12878_H3K27ac
chr11	2982000	2984000	2.05	GM12878_H3K27ac
chr11	2984000	2986000	2.94	GM12878_H3K27ac
chr11	2986000	2988000	9.04	GM12878_H3K27ac
chr11	2988000	2990000	20.18	GM12878_H3K27ac
chr11	2990000	2992000	42.51	GM12878_H3K27ac
chr11	2992000	2994000	41.01	GM12878_H3K27ac
chr11	2994000	2996000	27.96	GM12878_H3K27ac
chr11	2996000	2998000	12.94	GM12878_H3K27ac
chr11	2998000	3000000	4.66	GM12878_H3K27ac
chr11	3000000	3002000	2.34	GM12878_H3K27ac
chr11	3002000	3004000	2.11	GM12878_H3K27ac
chr11	3004000	3006000	1.83	GM12878_H3K27ac
chr11	3006000	3008000	2.0	GM12878_H3K27ac
chr11	3008000	3010000	1.96	GM12878_H3K27ac
chr11	3010000	3012000	2.3	GM12878_H3K27ac
chr11	3012000	3014000	1.83	GM12878_H3K27ac
chr11	3014000	3016000	1.79	GM12878_H3K27ac
chr11	3016000	3018000	1.91	GM12878_H3K27ac
chr11	3018000	3020000	2.14	GM12878_H3K27ac
chr11	3020000	3022000	2.26	GM12878_H3K27ac
chr11	3022000	3024000	2.29	GM12878_H3K27ac
chr11	3024000	3026000	1.75	GM12878_H3K27ac
chr11	3026000	3028000	1.9	GM12878_H3K27ac
chr11	3028000	3030000	1.81	GM12878_H3K27ac
chr11	3030000	3032000	2.28	GM12878_H3K27ac
chr11	3032000	3034000	1.82	GM12878_H3K27ac
chr11	3034000	3036000	2.01	GM12878_H3K27ac
chr11	3036000	3038000	2.19	GM12878_H3K27ac
chr11	3038000	3040000	1.73	GM12878_H3K27ac
chr11	3040000	3042000	1.99	GM12878_H3K27ac
chr11	3042000	3044000	1.81	GM12878_H3K27ac
chr11	3044000	3046000	2.16	GM12878_H3K27ac
chr11	3046000	3048000	2.26	GM12878_H3K27ac
chr11	3048000	3050000	2.39	GM12878_H3K27ac
chr11	3050000	3052000	4.16	GM12878_H3K27ac
chr11	3052000	3054000	12.11	GM12878_H3K27ac
chr11	3054000	3056000	31.48	GM12878_H3K27ac
chr11	3056000	3058000	37.48	GM12878_H3K27ac
chr11	3058000	3060000	35.05	GM12878_H3K27ac
chr11	3060000	3062000	22.06	GM12878_H3K27ac
chr11	3062000	3064000	7.54	GM12878_H3K27ac
chr11	3064000	3066000	3.28	GM12878_H3K27ac
chr11	3066000	3068000	2.45	GM12878_H3K27ac
chr11	3068000	3070000	2.03	GM12878_H3K27ac
chr11	3070000	3072000	1.92	GM12878_H3K27ac
chr11	3072000	3074000	2.05	GM12878_H3K27ac
chr11	3074000	3076000	1.99	GM12878_H3K27ac
chr11	3076000	3078000	1.89	GM12878_H3K27ac
chr11	3078000	3080000	1.9	GM12878_H3K27ac
