chromosome	position	end	depth	sample
chr12	6571000	6571050	292	CTRL_rep1
chr12	6571050	6571100	250	CTRL_rep1
chr12	6571100	6571150	312	CTRL_rep1
chr12	6571150	6571200	287	CTRL_rep1
chr12	6571200	6571250	312	CTRL_rep1
chr12	6571250	6571300	324	CTRL_rep1
chr12	6571300	6571350	278	CTRL_rep1
chr12	6571350	6571400	233	CTRL_rep1
chr12	6571400	6571450	291	CTRL_rep1
chr12	6571450	6571500	12	CTRL_rep1
chr12	6571500	6571550	12	CTRL_rep1
chr12	6571550	6571600	11	CTRL_rep1
chr12	6571600	6571650	13	CTRL_rep1
chr12	6571650	6571700	13	CTRL_rep1
chr12	6571700	6571750	12	CTRL_rep1
chr12	6571750	6571800	14	CTRL_rep1
chr12	6571800	6571850	12	CTRL_rep1
chr12	6571850	6571900	9	CTRL_rep1
chr12	6571900	6571950	14	CTRL_rep1
chr12	6571950	6572000	11	CTRL_rep1
chr12	6572000	6572050	11	CTRL_rep1
chr12	6572050	6572100	11	CTRL_rep1
chr12	6572100	6572150	10	CTRL_rep1
chr12	6572150	6572200	10	CTRL_rep1
chr12	6572200	6572250	12	CTRL_rep1
chr12	6572250	6572300	12	CTRL_rep1
chr12	6572300	6572350	10	CTRL_rep1
chr12	6572350	6572400	14	CTRL_rep1
chr12	6572400	6572450	12	CTRL_rep1
chr12	6572450	6572500	17	CTRL_rep1
chr12	6572500	6572550	12	CTRL_rep1
chr12	6572550	6572600	14	CTRL_rep1
chr12	6572600	6572650	10	CTRL_rep1
chr12	6572650	6572700	12	CTRL_rep1
chr12	6572700	6572750	14	CTRL_rep1
chr12	6572750	6572800	11	CTRL_rep1
chr12	6572800	6572850	11	CTRL_rep1
chr12	6572850	6572900	10	CTRL_rep1
chr12	6572900	6572950	14	CTRL_rep1
chr12	6572950	6573000	10	CTRL_rep1
chr12	6573000	6573050	13	CTRL_rep1
chr12	6573050	6573100	10	CTRL_rep1
chr12	6573100	6573150	15	CTRL_rep1
chr12	6573150	6573200	12	CTRL_rep1
chr12	6573200	6573250	12	CTRL_rep1
chr12	6573250	6573300	9	CTRL_rep1
chr12	6573300	6573350	10	CTRL_rep1
chr12	6573350	6573400	12	CTRL_rep1
chr12	6573400	6573450	12	CTRL_rep1
chr12	6573450	6573500	15	CTRL_rep1
chr12	6573500	6573550	12	CTRL_rep1
chr12	6573550	6573600	15	CTRL_rep1
chr12	6573600	6573650	11	CTRL_rep1
chr12	6573650	6573700	10	CTRL_rep1
chr12	6573700	6573750	15	CTRL_rep1
chr12	6573750	6573800	8	CTRL_rep1
chr12	6573800	6573850	11	CTRL_rep1
chr12	6573850	6573900	13	CTRL_rep1
chr12	6573900	6573950	14	CTRL_rep1
chr12	6573950	6574000	14	CTRL_rep1
chr12	6574000	6574050	11	CTRL_rep1
chr12	6574050	6574100	11	CTRL_rep1
chr12	6574100	6574150	13	CTRL_rep1
chr12	6574150	6574200	12	CTRL_rep1
chr12	6574200	6574250	11	CTRL_rep1
chr12	6574250	6574300	14	CTRL_rep1
chr12	6574300	6574350	9	CTRL_rep1
chr12	6574350	6574400	11	CTRL_rep1
chr12	6574400	6574450	9	CTRL_rep1
chr12	6574450	6574500	13	CTRL_rep1
chr12	6574500	6574550	13	CTRL_rep1
chr12	6574550	6574600	12	CTRL_rep1
chr12	6574600	6574650	14	CTRL_rep1
chr12	6574650	6574700	13	CTRL_rep1
chr12	6574700	6574750	8	CTRL_rep1
chr12	6574750	6574800	11	CTRL_rep1
chr12	6574800	6574850	8	CTRL_rep1
chr12	6574850	6574900	11	CTRL_rep1
chr12	6574900	6574950	13	CTRL_rep1
chr12	6574950	6575000	12	CTRL_rep1
chr12	6575000	6575050	12	CTRL_rep1
chr12	6575050	6575100	10	CTRL_rep1
chr12	6575100	6575150	13	CTRL_rep1
chr12	6575150	6575200	15	CTRL_rep1
chr12	6575200	6575250	11	CTRL_rep1
chr12	6575250	6575300	12	CTRL_rep1
chr12	6575300	6575350	12	CTRL_rep1
chr12	6575350	6575400	14	CTRL_rep1
chr12	6575400	6575450	10	CTRL_rep1
chr12	6575450	6575500	14	CTRL_rep1
chr12	6575500	6575550	13	CTRL_rep1
chr12	6575550	6575600	14	CTRL_rep1
chr12	6575600	6575650	10	CTRL_rep1
chr12	6575650	6575700	9	CTRL_rep1
chr12	6575700	6575750	10	CTRL_rep1
chr12	6575750	6575800	13	CTRL_rep1
chr12	6575800	6575850	11	CTRL_rep1
chr12	6575850	6575900	13	CTRL_rep1
chr12	6575900	6575950	12	CTRL_rep1
chr12	6575950	6576000	12	CTRL_rep1
chr12	6576000	6576050	11	CTRL_rep1
chr12	6576050	6576100	12	CTRL_rep1
chr12	6576100	6576150	11	CTRL_rep1
chr12	6576150	6576200	15	CTRL_rep1
chr12	6576200	6576250	13	CTRL_rep1
chr12	6576250	6576300	13	CTRL_rep1
chr12	6576300	6576350	13	CTRL_rep1
chr12	6576350	6576400	11	CTRL_rep1
chr12	6576400	6576450	13	CTRL_rep1
chr12	6576450	6576500	13	CTRL_rep1
chr12	6576500	6576550	10	CTRL_rep1
chr12	6576550	6576600	14	CTRL_rep1
chr12	6576600	6576650	14	CTRL_rep1
chr12	6576650	6576700	8	CTRL_rep1
chr12	6576700	6576750	15	CTRL_rep1
chr12	6576750	6576800	14	CTRL_rep1
chr12	6576800	6576850	13	CTRL_rep1
chr12	6576850	6576900	11	CTRL_rep1
chr12	6576900	6576950	13	CTRL_rep1
chr12	6576950	6577000	12	CTRL_rep1
chr12	6577000	6577050	12	CTRL_rep1
chr12	6577050	6577100	12	CTRL_rep1
chr12	6577100	6577150	12	CTRL_rep1
chr12	6577150	6577200	15	CTRL_rep1
chr12	6577200	6577250	12	CTRL_rep1
chr12	6577250	6577300	10	CTRL_rep1
chr12	6577300	6577350	13	CTRL_rep1
chr12	6577350	6577400	10	CTRL_rep1
chr12	6577400	6577450	15	CTRL_rep1
chr12	6577450	6577500	12	CTRL_rep1
chr12	6577500	6577550	10	CTRL_rep1
chr12	6577550	6577600	13	CTRL_rep1
chr12	6577600	6577650	10	CTRL_rep1
chr12	6577650	6577700	9	CTRL_rep1
chr12	6577700	6577750	11	CTRL_rep1
chr12	6577750	6577800	11	CTRL_rep1
chr12	6577800	6577850	15	CTRL_rep1
chr12	6577850	6577900	15	CTRL_rep1
chr12	6577900	6577950	13	CTRL_rep1
chr12	6577950	6578000	12	CTRL_rep1
chr12	6578000	6578050	14	CTRL_rep1
chr12	6578050	6578100	10	CTRL_rep1
chr12	6578100	6578150	15	CTRL_rep1
chr12	6578150	6578200	13	CTRL_rep1
chr12	6578200	6578250	9	CTRL_rep1
chr12	6578250	6578300	11	CTRL_rep1
chr12	6578300	6578350	12	CTRL_rep1
chr12	6578350	6578400	7	CTRL_rep1
chr12	6578400	6578450	12	CTRL_rep1
chr12	6578450	6578500	13	CTRL_rep1
chr12	6578500	6578550	9	CTRL_rep1
chr12	6578550	6578600	13	CTRL_rep1
chr12	6578600	6578650	10	CTRL_rep1
chr12	6578650	6578700	13	CTRL_rep1
chr12	6578700	6578750	12	CTRL_rep1
chr12	6578750	6578800	11	CTRL_rep1
chr12	6578800	6578850	12	CTRL_rep1
chr12	6578850	6578900	13	CTRL_rep1
chr12	6578900	6578950	11	CTRL_rep1
chr12	6578950	6579000	10	CTRL_rep1
chr12	6579000	6579050	11	CTRL_rep1
chr12	6579050	6579100	14	CTRL_rep1
chr12	6579100	6579150	12	CTRL_rep1
chr12	6579150	6579200	9	CTRL_rep1
chr12	6579200	6579250	14	CTRL_rep1
chr12	6579250	6579300	11	CTRL_rep1
chr12	6579300	6579350	9	CTRL_rep1
chr12	6579350	6579400	15	CTRL_rep1
chr12	6579400	6579450	15	CTRL_rep1
chr12	6579450	6579500	13	CTRL_rep1
chr12	6579500	6579550	11	CTRL_rep1
chr12	6579550	6579600	11	CTRL_rep1
chr12	6579600	6579650	12	CTRL_rep1
chr12	6579650	6579700	11	CTRL_rep1
chr12	6579700	6579750	13	CTRL_rep1
chr12	6579750	6579800	11	CTRL_rep1
chr12	6579800	6579850	12	CTRL_rep1
chr12	6579850	6579900	15	CTRL_rep1
chr12	6579900	6579950	10	CTRL_rep1
chr12	6579950	6580000	13	CTRL_rep1
chr12	6580000	6580050	13	CTRL_rep1
chr12	6580050	6580100	10	CTRL_rep1
chr12	6580100	6580150	9	CTRL_rep1
chr12	6580150	6580200	15	CTRL_rep1
chr12	6580200	6580250	11	CTRL_rep1
chr12	6580250	6580300	10	CTRL_rep1
chr12	6580300	6580350	11	CTRL_rep1
chr12	6580350	6580400	12	CTRL_rep1
chr12	6580400	6580450	15	CTRL_rep1
chr12	6580450	6580500	10	CTRL_rep1
chr12	6580500	6580550	11	CTRL_rep1
chr12	6580550	6580600	13	CTRL_rep1
chr12	6580600	6580650	11	CTRL_rep1
chr12	6580650	6580700	15	CTRL_rep1
chr12	6580700	6580750	9	CTRL_rep1
chr12	6580750	6580800	11	CTRL_rep1
chr12	6580800	6580850	11	CTRL_rep1
chr12	6580850	6580900	12	CTRL_rep1
chr12	6580900	6580950	11	CTRL_rep1
chr12	6580950	6581000	11	CTRL_rep1
chr12	6581000	6581050	13	CTRL_rep1
chr12	6581050	6581100	12	CTRL_rep1
chr12	6581100	6581150	13	CTRL_rep1
chr12	6581150	6581200	11	CTRL_rep1
chr12	6581200	6581250	12	CTRL_rep1
chr12	6581250	6581300	12	CTRL_rep1
chr12	6581300	6581350	13	CTRL_rep1
chr12	6581350	6581400	14	CTRL_rep1
chr12	6581400	6581450	14	CTRL_rep1
chr12	6581450	6581500	10	CTRL_rep1
chr12	6581500	6581550	13	CTRL_rep1
chr12	6581550	6581600	11	CTRL_rep1
chr12	6581600	6581650	13	CTRL_rep1
chr12	6581650	6581700	12	CTRL_rep1
chr12	6581700	6581750	9	CTRL_rep1
chr12	6581750	6581800	16	CTRL_rep1
chr12	6581800	6581850	10	CTRL_rep1
chr12	6581850	6581900	14	CTRL_rep1
chr12	6581900	6581950	11	CTRL_rep1
chr12	6581950	6582000	12	CTRL_rep1
chr12	6582000	6582050	12	CTRL_rep1
chr12	6582050	6582100	15	CTRL_rep1
chr12	6582100	6582150	12	CTRL_rep1
chr12	6582150	6582200	14	CTRL_rep1
chr12	6582200	6582250	10	CTRL_rep1
chr12	6582250	6582300	14	CTRL_rep1
chr12	6582300	6582350	12	CTRL_rep1
chr12	6582350	6582400	11	CTRL_rep1
chr12	6582400	6582450	11	CTRL_rep1
chr12	6582450	6582500	13	CTRL_rep1
chr12	6582500	6582550	14	CTRL_rep1
chr12	6582550	6582600	12	CTRL_rep1
chr12	6582600	6582650	14	CTRL_rep1
chr12	6582650	6582700	12	CTRL_rep1
chr12	6582700	6582750	13	CTRL_rep1
chr12	6582750	6582800	14	CTRL_rep1
chr12	6582800	6582850	14	CTRL_rep1
chr12	6582850	6582900	10	CTRL_rep1
chr12	6582900	6582950	12	CTRL_rep1
chr12	6582950	6583000	11	CTRL_rep1
chr12	6583000	6583050	16	CTRL_rep1
chr12	6583050	6583100	13	CTRL_rep1
chr12	6583100	6583150	13	CTRL_rep1
chr12	6583150	6583200	13	CTRL_rep1
chr12	6583200	6583250	11	CTRL_rep1
chr12	6583250	6583300	14	CTRL_rep1
chr12	6583300	6583350	10	CTRL_rep1
chr12	6583350	6583400	10	CTRL_rep1
chr12	6583400	6583450	11	CTRL_rep1
chr12	6583450	6583500	10	CTRL_rep1
chr12	6583500	6583550	12	CTRL_rep1
chr12	6583550	6583600	11	CTRL_rep1
chr12	6583600	6583650	12	CTRL_rep1
chr12	6583650	6583700	11	CTRL_rep1
chr12	6583700	6583750	13	CTRL_rep1
chr12	6583750	6583800	12	CTRL_rep1
chr12	6583800	6583850	10	CTRL_rep1
chr12	6583850	6583900	13	CTRL_rep1
chr12	6583900	6583950	13	CTRL_rep1
chr12	6583950	6584000	13	CTRL_rep1
chr12	6584000	6584050	7	CTRL_rep1
chr12	6584050	6584100	13	CTRL_rep1
chr12	6584100	6584150	15	CTRL_rep1
chr12	6584150	6584200	13	CTRL_rep1
chr12	6584200	6584250	9	CTRL_rep1
chr12	6584250	6584300	12	CTRL_rep1
chr12	6584300	6584350	13	CTRL_rep1
chr12	6584350	6584400	12	CTRL_rep1
chr12	6584400	6584450	10	CTRL_rep1
chr12	6584450	6584500	10	CTRL_rep1
chr12	6584500	6584550	11	CTRL_rep1
chr12	6584550	6584600	11	CTRL_rep1
chr12	6584600	6584650	13	CTRL_rep1
chr12	6584650	6584700	11	CTRL_rep1
chr12	6584700	6584750	11	CTRL_rep1
chr12	6584750	6584800	13	CTRL_rep1
chr12	6584800	6584850	14	CTRL_rep1
chr12	6584850	6584900	15	CTRL_rep1
chr12	6584900	6584950	11	CTRL_rep1
chr12	6584950	6585000	12	CTRL_rep1
chr12	6585000	6585050	12	CTRL_rep1
chr12	6585050	6585100	9	CTRL_rep1
chr12	6585100	6585150	13	CTRL_rep1
chr12	6585150	6585200	14	CTRL_rep1
chr12	6585200	6585250	12	CTRL_rep1
chr12	6585250	6585300	12	CTRL_rep1
chr12	6585300	6585350	9	CTRL_rep1
chr12	6585350	6585400	10	CTRL_rep1
chr12	6585400	6585450	13	CTRL_rep1
chr12	6585450	6585500	12	CTRL_rep1
chr12	6585500	6585550	13	CTRL_rep1
chr12	6585550	6585600	12	CTRL_rep1
chr12	6585600	6585650	11	CTRL_rep1
chr12	6585650	6585700	11	CTRL_rep1
chr12	6585700	6585750	10	CTRL_rep1
chr12	6585750	6585800	14	CTRL_rep1
chr12	6585800	6585850	12	CTRL_rep1
chr12	6585850	6585900	13	CTRL_rep1
chr12	6585900	6585950	12	CTRL_rep1
chr12	6585950	6586000	17	CTRL_rep1
chr12	6586000	6586050	14	CTRL_rep1
chr12	6586050	6586100	14	CTRL_rep1
chr12	6586100	6586150	8	CTRL_rep1
chr12	6586150	6586200	14	CTRL_rep1
chr12	6586200	6586250	15	CTRL_rep1
chr12	6586250	6586300	7	CTRL_rep1
chr12	6586300	6586350	10	CTRL_rep1
chr12	6586350	6586400	15	CTRL_rep1
chr12	6586400	6586450	11	CTRL_rep1
chr12	6586450	6586500	12	CTRL_rep1
chr12	6586500	6586550	13	CTRL_rep1
chr12	6586550	6586600	10	CTRL_rep1
chr12	6586600	6586650	11	CTRL_rep1
chr12	6586650	6586700	267	CTRL_rep1
chr12	6586700	6586750	285	CTRL_rep1
chr12	6586750	6586800	284	CTRL_rep1
chr12	6586800	6586850	242	CTRL_rep1
chr12	6586850	6586900	9	CTRL_rep1
chr12	6586900	6586950	11	CTRL_rep1
chr12	6586950	6587000	12	CTRL_rep1
chr12	6587000	6587050	11	CTRL_rep1
chr12	6587050	6587100	10	CTRL_rep1
chr12	6587100	6587150	9	CTRL_rep1
chr12	6587150	6587200	10	CTRL_rep1
chr12	6587200	6587250	9	CTRL_rep1
chr12	6587250	6587300	9	CTRL_rep1
chr12	6587300	6587350	12	CTRL_rep1
chr12	6587350	6587400	12	CTRL_rep1
chr12	6587400	6587450	14	CTRL_rep1
chr12	6587450	6587500	12	CTRL_rep1
chr12	6587500	6587550	10	CTRL_rep1
chr12	6587550	6587600	12	CTRL_rep1
chr12	6587600	6587650	10	CTRL_rep1
chr12	6587650	6587700	8	CTRL_rep1
chr12	6587700	6587750	11	CTRL_rep1
chr12	6587750	6587800	10	CTRL_rep1
chr12	6587800	6587850	8	CTRL_rep1
chr12	6587850	6587900	11	CTRL_rep1
chr12	6587900	6587950	9	CTRL_rep1
chr12	6587950	6588000	11	CTRL_rep1
chr12	6588000	6588050	10	CTRL_rep1
chr12	6588050	6588100	12	CTRL_rep1
chr12	6588100	6588150	11	CTRL_rep1
chr12	6588150	6588200	11	CTRL_rep1
chr12	6588200	6588250	11	CTRL_rep1
chr12	6588250	6588300	11	CTRL_rep1
chr12	6588300	6588350	12	CTRL_rep1
chr12	6588350	6588400	11	CTRL_rep1
chr12	6588400	6588450	12	CTRL_rep1
chr12	6588450	6588500	10	CTRL_rep1
chr12	6588500	6588550	10	CTRL_rep1
chr12	6588550	6588600	10	CTRL_rep1
chr12	6588600	6588650	9	CTRL_rep1
chr12	6588650	6588700	10	CTRL_rep1
chr12	6588700	6588750	9	CTRL_rep1
chr12	6588750	6588800	9	CTRL_rep1
chr12	6588800	6588850	11	CTRL_rep1
chr12	6588850	6588900	10	CTRL_rep1
chr12	6588900	6588950	11	CTRL_rep1
chr12	6588950	6589000	9	CTRL_rep1
chr12	6589000	6589050	12	CTRL_rep1
chr12	6589050	6589100	8	CTRL_rep1
chr12	6589100	6589150	9	CTRL_rep1
chr12	6589150	6589200	10	CTRL_rep1
chr12	6589200	6589250	9	CTRL_rep1
chr12	6589250	6589300	10	CTRL_rep1
chr12	6589300	6589350	10	CTRL_rep1
chr12	6589350	6589400	11	CTRL_rep1
chr12	6589400	6589450	10	CTRL_rep1
chr12	6589450	6589500	12	CTRL_rep1
chr12	6589500	6589550	9	CTRL_rep1
chr12	6589550	6589600	11	CTRL_rep1
chr12	6589600	6589650	12	CTRL_rep1
chr12	6589650	6589700	9	CTRL_rep1
chr12	6589700	6589750	11	CTRL_rep1
chr12	6589750	6589800	13	CTRL_rep1
chr12	6589800	6589850	8	CTRL_rep1
chr12	6589850	6589900	10	CTRL_rep1
chr12	6589900	6589950	9	CTRL_rep1
chr12	6589950	6590000	13	CTRL_rep1
chr12	6590000	6590050	9	CTRL_rep1
chr12	6590050	6590100	11	CTRL_rep1
chr12	6590100	6590150	9	CTRL_rep1
chr12	6590150	6590200	12	CTRL_rep1
chr12	6590200	6590250	10	CTRL_rep1
chr12	6590250	6590300	273	CTRL_rep1
chr12	6590300	6590350	227	CTRL_rep1
chr12	6590350	6590400	9	CTRL_rep1
chr12	6590400	6590450	11	CTRL_rep1
chr12	6590450	6590500	10	CTRL_rep1
chr12	6590500	6590550	11	CTRL_rep1
chr12	6590550	6590600	10	CTRL_rep1
chr12	6590600	6590650	9	CTRL_rep1
chr12	6590650	6590700	9	CTRL_rep1
chr12	6590700	6590750	11	CTRL_rep1
chr12	6590750	6590800	11	CTRL_rep1
chr12	6590800	6590850	12	CTRL_rep1
chr12	6590850	6590900	10	CTRL_rep1
chr12	6590900	6590950	12	CTRL_rep1
chr12	6590950	6591000	11	CTRL_rep1
chr12	6591000	6591050	9	CTRL_rep1
chr12	6591050	6591100	9	CTRL_rep1
chr12	6591100	6591150	10	CTRL_rep1
chr12	6591150	6591200	12	CTRL_rep1
chr12	6591200	6591250	10	CTRL_rep1
chr12	6591250	6591300	9	CTRL_rep1
chr12	6591300	6591350	10	CTRL_rep1
chr12	6591350	6591400	8	CTRL_rep1
chr12	6591400	6591450	9	CTRL_rep1
chr12	6591450	6591500	7	CTRL_rep1
chr12	6591500	6591550	10	CTRL_rep1
chr12	6591550	6591600	9	CTRL_rep1
chr12	6591600	6591650	9	CTRL_rep1
chr12	6591650	6591700	9	CTRL_rep1
chr12	6591700	6591750	10	CTRL_rep1
chr12	6591750	6591800	10	CTRL_rep1
chr12	6591800	6591850	7	CTRL_rep1
chr12	6591850	6591900	11	CTRL_rep1
chr12	6591900	6591950	10	CTRL_rep1
chr12	6591950	6592000	9	CTRL_rep1
chr12	6592000	6592050	12	CTRL_rep1
chr12	6592050	6592100	8	CTRL_rep1
chr12	6592100	6592150	8	CTRL_rep1
chr12	6592150	6592200	10	CTRL_rep1
chr12	6592200	6592250	8	CTRL_rep1
chr12	6592250	6592300	12	CTRL_rep1
chr12	6592300	6592350	9	CTRL_rep1
chr12	6592350	6592400	12	CTRL_rep1
chr12	6592400	6592450	9	CTRL_rep1
chr12	6592450	6592500	9	CTRL_rep1
chr12	6592500	6592550	10	CTRL_rep1
chr12	6592550	6592600	9	CTRL_rep1
chr12	6592600	6592650	8	CTRL_rep1
chr12	6592650	6592700	8	CTRL_rep1
chr12	6592700	6592750	12	CTRL_rep1
chr12	6592750	6592800	10	CTRL_rep1
chr12	6592800	6592850	11	CTRL_rep1
chr12	6592850	6592900	11	CTRL_rep1
chr12	6592900	6592950	8	CTRL_rep1
chr12	6592950	6593000	11	CTRL_rep1
chr12	6593000	6593050	12	CTRL_rep1
chr12	6593050	6593100	10	CTRL_rep1
chr12	6593100	6593150	13	CTRL_rep1
chr12	6593150	6593200	9	CTRL_rep1
chr12	6593200	6593250	11	CTRL_rep1
chr12	6593250	6593300	308	CTRL_rep1
chr12	6593300	6593350	304	CTRL_rep1
chr12	6593350	6593400	320	CTRL_rep1
chr12	6593400	6593450	272	CTRL_rep1
chr12	6593450	6593500	260	CTRL_rep1
chr12	6593500	6593550	13	CTRL_rep1
chr12	6593550	6593600	10	CTRL_rep1
chr12	6593600	6593650	10	CTRL_rep1
chr12	6593650	6593700	10	CTRL_rep1
chr12	6593700	6593750	13	CTRL_rep1
chr12	6593750	6593800	13	CTRL_rep1
chr12	6593800	6593850	12	CTRL_rep1
chr12	6593850	6593900	10	CTRL_rep1
chr12	6593900	6593950	11	CTRL_rep1
chr12	6593950	6594000	11	CTRL_rep1
chr12	6594000	6594050	12	CTRL_rep1
chr12	6594050	6594100	10	CTRL_rep1
chr12	6594100	6594150	13	CTRL_rep1
chr12	6594150	6594200	13	CTRL_rep1
chr12	6594200	6594250	9	CTRL_rep1
chr12	6594250	6594300	9	CTRL_rep1
chr12	6594300	6594350	264	CTRL_rep1
chr12	6594350	6594400	331	CTRL_rep1
chr12	6594400	6594450	335	CTRL_rep1
chr12	6594450	6594500	13	CTRL_rep1
chr12	6594500	6594550	11	CTRL_rep1
chr12	6594550	6594600	11	CTRL_rep1
chr12	6594600	6594650	9	CTRL_rep1
chr12	6594650	6594700	12	CTRL_rep1
chr12	6594700	6594750	12	CTRL_rep1
chr12	6594750	6594800	9	CTRL_rep1
chr12	6594800	6594850	11	CTRL_rep1
chr12	6594850	6594900	12	CTRL_rep1
chr12	6594900	6594950	9	CTRL_rep1
chr12	6594950	6595000	11	CTRL_rep1
chr12	6595000	6595050	12	CTRL_rep1
chr12	6595050	6595100	13	CTRL_rep1
chr12	6595100	6595150	10	CTRL_rep1
chr12	6595150	6595200	12	CTRL_rep1
chr12	6595200	6595250	11	CTRL_rep1
chr12	6595250	6595300	12	CTRL_rep1
chr12	6595300	6595350	13	CTRL_rep1
chr12	6595350	6595400	11	CTRL_rep1
chr12	6595400	6595450	12	CTRL_rep1
chr12	6595450	6595500	10	CTRL_rep1
chr12	6595500	6595550	10	CTRL_rep1
chr12	6595550	6595600	10	CTRL_rep1
chr12	6595600	6595650	14	CTRL_rep1
chr12	6595650	6595700	11	CTRL_rep1
chr12	6595700	6595750	12	CTRL_rep1
chr12	6595750	6595800	11	CTRL_rep1
chr12	6595800	6595850	8	CTRL_rep1
chr12	6595850	6595900	10	CTRL_rep1
chr12	6595900	6595950	8	CTRL_rep1
chr12	6595950	6596000	11	CTRL_rep1
chr12	6596000	6596050	9	CTRL_rep1
chr12	6596050	6596100	10	CTRL_rep1
chr12	6596100	6596150	8	CTRL_rep1
chr12	6596150	6596200	11	CTRL_rep1
chr12	6596200	6596250	10	CTRL_rep1
chr12	6596250	6596300	11	CTRL_rep1
chr12	6596300	6596350	9	CTRL_rep1
chr12	6596350	6596400	13	CTRL_rep1
chr12	6596400	6596450	10	CTRL_rep1
chr12	6596450	6596500	11	CTRL_rep1
chr12	6596500	6596550	10	CTRL_rep1
chr12	6596550	6596600	8	CTRL_rep1
chr12	6596600	6596650	11	CTRL_rep1
chr12	6596650	6596700	11	CTRL_rep1
chr12	6596700	6596750	13	CTRL_rep1
chr12	6596750	6596800	9	CTRL_rep1
chr12	6596800	6596850	11	CTRL_rep1
chr12	6596850	6596900	10	CTRL_rep1
chr12	6596900	6596950	12	CTRL_rep1
chr12	6596950	6597000	10	CTRL_rep1
chr12	6597000	6597050	13	CTRL_rep1
chr12	6597050	6597100	12	CTRL_rep1
chr12	6597100	6597150	10	CTRL_rep1
chr12	6597150	6597200	11	CTRL_rep1
chr12	6597200	6597250	9	CTRL_rep1
chr12	6597250	6597300	11	CTRL_rep1
chr12	6597300	6597350	10	CTRL_rep1
chr12	6597350	6597400	11	CTRL_rep1
chr12	6597400	6597450	12	CTRL_rep1
chr12	6597450	6597500	12	CTRL_rep1
chr12	6597500	6597550	11	CTRL_rep1
chr12	6597550	6597600	11	CTRL_rep1
chr12	6597600	6597650	9	CTRL_rep1
chr12	6597650	6597700	12	CTRL_rep1
chr12	6597700	6597750	8	CTRL_rep1
chr12	6597750	6597800	11	CTRL_rep1
chr12	6597800	6597850	10	CTRL_rep1
chr12	6597850	6597900	13	CTRL_rep1
chr12	6597900	6597950	9	CTRL_rep1
chr12	6597950	6598000	11	CTRL_rep1
chr12	6598000	6598050	9	CTRL_rep1
chr12	6598050	6598100	10	CTRL_rep1
chr12	6598100	6598150	10	CTRL_rep1
chr12	6598150	6598200	9	CTRL_rep1
chr12	6598200	6598250	11	CTRL_rep1
chr12	6598250	6598300	12	CTRL_rep1
chr12	6598300	6598350	9	CTRL_rep1
chr12	6598350	6598400	10	CTRL_rep1
chr12	6598400	6598450	9	CTRL_rep1
chr12	6598450	6598500	8	CTRL_rep1
chr12	6598500	6598550	13	CTRL_rep1
chr12	6598550	6598600	11	CTRL_rep1
chr12	6598600	6598650	8	CTRL_rep1
chr12	6598650	6598700	10	CTRL_rep1
chr12	6598700	6598750	11	CTRL_rep1
chr12	6598750	6598800	10	CTRL_rep1
chr12	6598800	6598850	12	CTRL_rep1
chr12	6598850	6598900	12	CTRL_rep1
chr12	6598900	6598950	10	CTRL_rep1
chr12	6598950	6599000	12	CTRL_rep1
chr12	6599000	6599050	11	CTRL_rep1
chr12	6599050	6599100	10	CTRL_rep1
chr12	6599100	6599150	10	CTRL_rep1
chr12	6599150	6599200	14	CTRL_rep1
chr12	6599200	6599250	11	CTRL_rep1
chr12	6599250	6599300	9	CTRL_rep1
chr12	6599300	6599350	11	CTRL_rep1
chr12	6599350	6599400	10	CTRL_rep1
chr12	6599400	6599450	10	CTRL_rep1
chr12	6599450	6599500	11	CTRL_rep1
chr12	6599500	6599550	9	CTRL_rep1
chr12	6599550	6599600	12	CTRL_rep1
chr12	6599600	6599650	11	CTRL_rep1
chr12	6599650	6599700	10	CTRL_rep1
chr12	6599700	6599750	9	CTRL_rep1
chr12	6599750	6599800	12	CTRL_rep1
chr12	6599800	6599850	9	CTRL_rep1
chr12	6599850	6599900	13	CTRL_rep1
chr12	6599900	6599950	12	CTRL_rep1
chr12	6599950	6600000	10	CTRL_rep1
chr12	6600000	6600050	10	CTRL_rep1
chr12	6600050	6600100	11	CTRL_rep1
chr12	6600100	6600150	13	CTRL_rep1
chr12	6600150	6600200	13	CTRL_rep1
chr12	6600200	6600250	13	CTRL_rep1
chr12	6600250	6600300	10	CTRL_rep1
chr12	6600300	6600350	11	CTRL_rep1
chr12	6600350	6600400	12	CTRL_rep1
chr12	6600400	6600450	12	CTRL_rep1
chr12	6600450	6600500	12	CTRL_rep1
chr12	6600500	6600550	11	CTRL_rep1
chr12	6600550	6600600	9	CTRL_rep1
chr12	6600600	6600650	11	CTRL_rep1
chr12	6600650	6600700	11	CTRL_rep1
chr12	6600700	6600750	13	CTRL_rep1
chr12	6600750	6600800	11	CTRL_rep1
chr12	6600800	6600850	11	CTRL_rep1
chr12	6600850	6600900	9	CTRL_rep1
chr12	6600900	6600950	13	CTRL_rep1
chr12	6600950	6601000	12	CTRL_rep1
chr12	6601000	6601050	12	CTRL_rep1
chr12	6601050	6601100	11	CTRL_rep1
chr12	6601100	6601150	12	CTRL_rep1
chr12	6601150	6601200	11	CTRL_rep1
chr12	6601200	6601250	9	CTRL_rep1
chr12	6601250	6601300	12	CTRL_rep1
chr12	6601300	6601350	7	CTRL_rep1
chr12	6601350	6601400	11	CTRL_rep1
chr12	6601400	6601450	9	CTRL_rep1
chr12	6601450	6601500	13	CTRL_rep1
chr12	6601500	6601550	10	CTRL_rep1
chr12	6601550	6601600	11	CTRL_rep1
chr12	6601600	6601650	10	CTRL_rep1
chr12	6601650	6601700	11	CTRL_rep1
chr12	6601700	6601750	13	CTRL_rep1
chr12	6601750	6601800	11	CTRL_rep1
chr12	6601800	6601850	12	CTRL_rep1
chr12	6601850	6601900	10	CTRL_rep1
chr12	6601900	6601950	10	CTRL_rep1
chr12	6601950	6602000	10	CTRL_rep1
chr12	6602000	6602050	10	CTRL_rep1
chr12	6602050	6602100	9	CTRL_rep1
chr12	6602100	6602150	12	CTRL_rep1
chr12	6602150	6602200	12	CTRL_rep1
chr12	6602200	6602250	10	CTRL_rep1
chr12	6602250	6602300	10	CTRL_rep1
chr12	6602300	6602350	13	CTRL_rep1
chr12	6602350	6602400	11	CTRL_rep1
chr12	6602400	6602450	13	CTRL_rep1
chr12	6602450	6602500	12	CTRL_rep1
chr12	6602500	6602550	13	CTRL_rep1
chr12	6602550	6602600	13	CTRL_rep1
chr12	6602600	6602650	11	CTRL_rep1
chr12	6602650	6602700	10	CTRL_rep1
chr12	6602700	6602750	9	CTRL_rep1
chr12	6602750	6602800	10	CTRL_rep1
chr12	6602800	6602850	11	CTRL_rep1
chr12	6602850	6602900	12	CTRL_rep1
chr12	6602900	6602950	9	CTRL_rep1
chr12	6602950	6603000	11	CTRL_rep1
chr12	6603000	6603050	13	CTRL_rep1
chr12	6603050	6603100	11	CTRL_rep1
chr12	6603100	6603150	10	CTRL_rep1
chr12	6603150	6603200	9	CTRL_rep1
chr12	6603200	6603250	12	CTRL_rep1
chr12	6603250	6603300	13	CTRL_rep1
chr12	6603300	6603350	10	CTRL_rep1
chr12	6603350	6603400	10	CTRL_rep1
chr12	6603400	6603450	11	CTRL_rep1
chr12	6603450	6603500	11	CTRL_rep1
chr12	6603500	6603550	9	CTRL_rep1
chr12	6603550	6603600	8	CTRL_rep1
chr12	6603600	6603650	10	CTRL_rep1
chr12	6603650	6603700	12	CTRL_rep1
chr12	6603700	6603750	9	CTRL_rep1
chr12	6603750	6603800	10	CTRL_rep1
chr12	6603800	6603850	9	CTRL_rep1
chr12	6603850	6603900	10	CTRL_rep1
chr12	6603900	6603950	10	CTRL_rep1
chr12	6603950	6604000	9	CTRL_rep1
chr12	6604000	6604050	9	CTRL_rep1
chr12	6604050	6604100	215	CTRL_rep1
chr12	6604100	6604150	260	CTRL_rep1
chr12	6604150	6604200	267	CTRL_rep1
chr12	6604200	6604250	274	CTRL_rep1
chr12	6604250	6604300	9	CTRL_rep1
chr12	6604300	6604350	9	CTRL_rep1
chr12	6604350	6604400	8	CTRL_rep1
chr12	6604400	6604450	11	CTRL_rep1
chr12	6604450	6604500	10	CTRL_rep1
chr12	6604500	6604550	10	CTRL_rep1
chr12	6604550	6604600	9	CTRL_rep1
chr12	6604600	6604650	8	CTRL_rep1
chr12	6604650	6604700	10	CTRL_rep1
chr12	6604700	6604750	9	CTRL_rep1
chr12	6604750	6604800	8	CTRL_rep1
chr12	6604800	6604850	10	CTRL_rep1
chr12	6604850	6604900	10	CTRL_rep1
chr12	6604900	6604950	9	CTRL_rep1
chr12	6604950	6605000	8	CTRL_rep1
chr12	6605000	6605050	12	CTRL_rep1
chr12	6605050	6605100	9	CTRL_rep1
chr12	6605100	6605150	10	CTRL_rep1
chr12	6605150	6605200	7	CTRL_rep1
chr12	6605200	6605250	8	CTRL_rep1
chr12	6605250	6605300	9	CTRL_rep1
chr12	6605300	6605350	8	CTRL_rep1
chr12	6605350	6605400	8	CTRL_rep1
chr12	6605400	6605450	11	CTRL_rep1
chr12	6605450	6605500	9	CTRL_rep1
chr12	6605500	6605550	179	CTRL_rep1
chr12	6605550	6605600	205	CTRL_rep1
chr12	6605600	6605650	236	CTRL_rep1
chr12	6605650	6605700	9	CTRL_rep1
chr12	6605700	6605750	7	CTRL_rep1
chr12	6605750	6605800	7	CTRL_rep1
chr12	6605800	6605850	7	CTRL_rep1
chr12	6605850	6605900	7	CTRL_rep1
chr12	6605900	6605950	9	CTRL_rep1
chr12	6605950	6606000	9	CTRL_rep1
chr12	6606000	6606050	7	CTRL_rep1
chr12	6606050	6606100	8	CTRL_rep1
chr12	6606100	6606150	7	CTRL_rep1
chr12	6606150	6606200	7	CTRL_rep1
chr12	6606200	6606250	8	CTRL_rep1
chr12	6606250	6606300	7	CTRL_rep1
chr12	6606300	6606350	9	CTRL_rep1
chr12	6606350	6606400	7	CTRL_rep1
chr12	6606400	6606450	9	CTRL_rep1
chr12	6606450	6606500	8	CTRL_rep1
chr12	6606500	6606550	8	CTRL_rep1
chr12	6606550	6606600	8	CTRL_rep1
chr12	6606600	6606650	8	CTRL_rep1
chr12	6606650	6606700	10	CTRL_rep1
chr12	6606700	6606750	8	CTRL_rep1
chr12	6606750	6606800	7	CTRL_rep1
chr12	6606800	6606850	8	CTRL_rep1
chr12	6606850	6606900	8	CTRL_rep1
chr12	6606900	6606950	8	CTRL_rep1
chr12	6606950	6607000	6	CTRL_rep1
chr12	6607000	6607050	8	CTRL_rep1
chr12	6607050	6607100	8	CTRL_rep1
chr12	6607100	6607150	6	CTRL_rep1
chr12	6607150	6607200	7	CTRL_rep1
chr12	6607200	6607250	7	CTRL_rep1
chr12	6607250	6607300	6	CTRL_rep1
chr12	6607300	6607350	8	CTRL_rep1
chr12	6607350	6607400	7	CTRL_rep1
chr12	6607400	6607450	8	CTRL_rep1
chr12	6607450	6607500	7	CTRL_rep1
chr12	6607500	6607550	7	CTRL_rep1
chr12	6607550	6607600	8	CTRL_rep1
chr12	6607600	6607650	8	CTRL_rep1
chr12	6607650	6607700	7	CTRL_rep1
chr12	6607700	6607750	8	CTRL_rep1
chr12	6607750	6607800	8	CTRL_rep1
chr12	6607800	6607850	7	CTRL_rep1
chr12	6607850	6607900	9	CTRL_rep1
chr12	6607900	6607950	8	CTRL_rep1
chr12	6607950	6608000	7	CTRL_rep1
chr12	6608000	6608050	8	CTRL_rep1
chr12	6608050	6608100	7	CTRL_rep1
chr12	6608100	6608150	8	CTRL_rep1
chr12	6608150	6608200	10	CTRL_rep1
chr12	6608200	6608250	8	CTRL_rep1
chr12	6608250	6608300	7	CTRL_rep1
chr12	6608300	6608350	6	CTRL_rep1
chr12	6608350	6608400	8	CTRL_rep1
chr12	6608400	6608450	7	CTRL_rep1
chr12	6608450	6608500	8	CTRL_rep1
chr12	6608500	6608550	9	CTRL_rep1
chr12	6608550	6608600	9	CTRL_rep1
chr12	6608600	6608650	7	CTRL_rep1
chr12	6608650	6608700	8	CTRL_rep1
chr12	6608700	6608750	8	CTRL_rep1
chr12	6608750	6608800	7	CTRL_rep1
chr12	6608800	6608850	10	CTRL_rep1
chr12	6608850	6608900	8	CTRL_rep1
chr12	6608900	6608950	8	CTRL_rep1
chr12	6608950	6609000	7	CTRL_rep1
chr12	6609000	6609050	7	CTRL_rep1
chr12	6609050	6609100	7	CTRL_rep1
chr12	6609100	6609150	8	CTRL_rep1
chr12	6609150	6609200	8	CTRL_rep1
chr12	6609200	6609250	7	CTRL_rep1
chr12	6609250	6609300	7	CTRL_rep1
chr12	6609300	6609350	8	CTRL_rep1
chr12	6609350	6609400	6	CTRL_rep1
chr12	6609400	6609450	10	CTRL_rep1
chr12	6609450	6609500	7	CTRL_rep1
chr12	6609500	6609550	5	CTRL_rep1
chr12	6609550	6609600	7	CTRL_rep1
chr12	6609600	6609650	8	CTRL_rep1
chr12	6609650	6609700	6	CTRL_rep1
chr12	6609700	6609750	10	CTRL_rep1
chr12	6609750	6609800	146	CTRL_rep1
chr12	6609800	6609850	167	CTRL_rep1
chr12	6609850	6609900	148	CTRL_rep1
chr12	6609900	6609950	178	CTRL_rep1
chr12	6609950	6610000	168	CTRL_rep1
chr12	6610000	6610050	166	CTRL_rep1
chr12	6610050	6610100	153	CTRL_rep1
chr12	6610100	6610101	182	CTRL_rep1
chr12	6571000	6571050	235	CTRL_rep2
chr12	6571050	6571100	280	CTRL_rep2
chr12	6571100	6571150	218	CTRL_rep2
chr12	6571150	6571200	293	CTRL_rep2
chr12	6571200	6571250	306	CTRL_rep2
chr12	6571250	6571300	291	CTRL_rep2
chr12	6571300	6571350	292	CTRL_rep2
chr12	6571350	6571400	235	CTRL_rep2
chr12	6571400	6571450	254	CTRL_rep2
chr12	6571450	6571500	11	CTRL_rep2
chr12	6571500	6571550	10	CTRL_rep2
chr12	6571550	6571600	9	CTRL_rep2
chr12	6571600	6571650	9	CTRL_rep2
chr12	6571650	6571700	11	CTRL_rep2
chr12	6571700	6571750	9	CTRL_rep2
chr12	6571750	6571800	9	CTRL_rep2
chr12	6571800	6571850	9	CTRL_rep2
chr12	6571850	6571900	11	CTRL_rep2
chr12	6571900	6571950	9	CTRL_rep2
chr12	6571950	6572000	10	CTRL_rep2
chr12	6572000	6572050	10	CTRL_rep2
chr12	6572050	6572100	9	CTRL_rep2
chr12	6572100	6572150	11	CTRL_rep2
chr12	6572150	6572200	11	CTRL_rep2
chr12	6572200	6572250	10	CTRL_rep2
chr12	6572250	6572300	10	CTRL_rep2
chr12	6572300	6572350	12	CTRL_rep2
chr12	6572350	6572400	9	CTRL_rep2
chr12	6572400	6572450	10	CTRL_rep2
chr12	6572450	6572500	10	CTRL_rep2
chr12	6572500	6572550	10	CTRL_rep2
chr12	6572550	6572600	11	CTRL_rep2
chr12	6572600	6572650	11	CTRL_rep2
chr12	6572650	6572700	10	CTRL_rep2
chr12	6572700	6572750	10	CTRL_rep2
chr12	6572750	6572800	10	CTRL_rep2
chr12	6572800	6572850	9	CTRL_rep2
chr12	6572850	6572900	10	CTRL_rep2
chr12	6572900	6572950	9	CTRL_rep2
chr12	6572950	6573000	8	CTRL_rep2
chr12	6573000	6573050	10	CTRL_rep2
chr12	6573050	6573100	8	CTRL_rep2
chr12	6573100	6573150	7	CTRL_rep2
chr12	6573150	6573200	11	CTRL_rep2
chr12	6573200	6573250	9	CTRL_rep2
chr12	6573250	6573300	10	CTRL_rep2
chr12	6573300	6573350	9	CTRL_rep2
chr12	6573350	6573400	10	CTRL_rep2
chr12	6573400	6573450	11	CTRL_rep2
chr12	6573450	6573500	10	CTRL_rep2
chr12	6573500	6573550	8	CTRL_rep2
chr12	6573550	6573600	10	CTRL_rep2
chr12	6573600	6573650	10	CTRL_rep2
chr12	6573650	6573700	7	CTRL_rep2
chr12	6573700	6573750	12	CTRL_rep2
chr12	6573750	6573800	12	CTRL_rep2
chr12	6573800	6573850	10	CTRL_rep2
chr12	6573850	6573900	10	CTRL_rep2
chr12	6573900	6573950	9	CTRL_rep2
chr12	6573950	6574000	11	CTRL_rep2
chr12	6574000	6574050	9	CTRL_rep2
chr12	6574050	6574100	10	CTRL_rep2
chr12	6574100	6574150	10	CTRL_rep2
chr12	6574150	6574200	11	CTRL_rep2
chr12	6574200	6574250	9	CTRL_rep2
chr12	6574250	6574300	9	CTRL_rep2
chr12	6574300	6574350	9	CTRL_rep2
chr12	6574350	6574400	11	CTRL_rep2
chr12	6574400	6574450	10	CTRL_rep2
chr12	6574450	6574500	8	CTRL_rep2
chr12	6574500	6574550	10	CTRL_rep2
chr12	6574550	6574600	10	CTRL_rep2
chr12	6574600	6574650	8	CTRL_rep2
chr12	6574650	6574700	11	CTRL_rep2
chr12	6574700	6574750	9	CTRL_rep2
chr12	6574750	6574800	8	CTRL_rep2
chr12	6574800	6574850	10	CTRL_rep2
chr12	6574850	6574900	11	CTRL_rep2
chr12	6574900	6574950	9	CTRL_rep2
chr12	6574950	6575000	9	CTRL_rep2
chr12	6575000	6575050	8	CTRL_rep2
chr12	6575050	6575100	10	CTRL_rep2
chr12	6575100	6575150	10	CTRL_rep2
chr12	6575150	6575200	8	CTRL_rep2
chr12	6575200	6575250	8	CTRL_rep2
chr12	6575250	6575300	9	CTRL_rep2
chr12	6575300	6575350	10	CTRL_rep2
chr12	6575350	6575400	9	CTRL_rep2
chr12	6575400	6575450	9	CTRL_rep2
chr12	6575450	6575500	9	CTRL_rep2
chr12	6575500	6575550	9	CTRL_rep2
chr12	6575550	6575600	10	CTRL_rep2
chr12	6575600	6575650	9	CTRL_rep2
chr12	6575650	6575700	7	CTRL_rep2
chr12	6575700	6575750	11	CTRL_rep2
chr12	6575750	6575800	12	CTRL_rep2
chr12	6575800	6575850	10	CTRL_rep2
chr12	6575850	6575900	9	CTRL_rep2
chr12	6575900	6575950	9	CTRL_rep2
chr12	6575950	6576000	9	CTRL_rep2
chr12	6576000	6576050	10	CTRL_rep2
chr12	6576050	6576100	9	CTRL_rep2
chr12	6576100	6576150	9	CTRL_rep2
chr12	6576150	6576200	12	CTRL_rep2
chr12	6576200	6576250	9	CTRL_rep2
chr12	6576250	6576300	8	CTRL_rep2
chr12	6576300	6576350	11	CTRL_rep2
chr12	6576350	6576400	9	CTRL_rep2
chr12	6576400	6576450	10	CTRL_rep2
chr12	6576450	6576500	9	CTRL_rep2
chr12	6576500	6576550	10	CTRL_rep2
chr12	6576550	6576600	8	CTRL_rep2
chr12	6576600	6576650	11	CTRL_rep2
chr12	6576650	6576700	9	CTRL_rep2
chr12	6576700	6576750	8	CTRL_rep2
chr12	6576750	6576800	9	CTRL_rep2
chr12	6576800	6576850	9	CTRL_rep2
chr12	6576850	6576900	9	CTRL_rep2
chr12	6576900	6576950	9	CTRL_rep2
chr12	6576950	6577000	11	CTRL_rep2
chr12	6577000	6577050	9	CTRL_rep2
chr12	6577050	6577100	9	CTRL_rep2
chr12	6577100	6577150	10	CTRL_rep2
chr12	6577150	6577200	9	CTRL_rep2
chr12	6577200	6577250	12	CTRL_rep2
chr12	6577250	6577300	11	CTRL_rep2
chr12	6577300	6577350	8	CTRL_rep2
chr12	6577350	6577400	10	CTRL_rep2
chr12	6577400	6577450	7	CTRL_rep2
chr12	6577450	6577500	11	CTRL_rep2
chr12	6577500	6577550	9	CTRL_rep2
chr12	6577550	6577600	10	CTRL_rep2
chr12	6577600	6577650	10	CTRL_rep2
chr12	6577650	6577700	10	CTRL_rep2
chr12	6577700	6577750	11	CTRL_rep2
chr12	6577750	6577800	11	CTRL_rep2
chr12	6577800	6577850	10	CTRL_rep2
chr12	6577850	6577900	10	CTRL_rep2
chr12	6577900	6577950	11	CTRL_rep2
chr12	6577950	6578000	10	CTRL_rep2
chr12	6578000	6578050	13	CTRL_rep2
chr12	6578050	6578100	10	CTRL_rep2
chr12	6578100	6578150	9	CTRL_rep2
chr12	6578150	6578200	12	CTRL_rep2
chr12	6578200	6578250	11	CTRL_rep2
chr12	6578250	6578300	8	CTRL_rep2
chr12	6578300	6578350	8	CTRL_rep2
chr12	6578350	6578400	10	CTRL_rep2
chr12	6578400	6578450	8	CTRL_rep2
chr12	6578450	6578500	8	CTRL_rep2
chr12	6578500	6578550	10	CTRL_rep2
chr12	6578550	6578600	11	CTRL_rep2
chr12	6578600	6578650	10	CTRL_rep2
chr12	6578650	6578700	7	CTRL_rep2
chr12	6578700	6578750	10	CTRL_rep2
chr12	6578750	6578800	10	CTRL_rep2
chr12	6578800	6578850	9	CTRL_rep2
chr12	6578850	6578900	10	CTRL_rep2
chr12	6578900	6578950	8	CTRL_rep2
chr12	6578950	6579000	9	CTRL_rep2
chr12	6579000	6579050	11	CTRL_rep2
chr12	6579050	6579100	7	CTRL_rep2
chr12	6579100	6579150	11	CTRL_rep2
chr12	6579150	6579200	8	CTRL_rep2
chr12	6579200	6579250	9	CTRL_rep2
chr12	6579250	6579300	9	CTRL_rep2
chr12	6579300	6579350	6	CTRL_rep2
chr12	6579350	6579400	11	CTRL_rep2
chr12	6579400	6579450	10	CTRL_rep2
chr12	6579450	6579500	10	CTRL_rep2
chr12	6579500	6579550	11	CTRL_rep2
chr12	6579550	6579600	9	CTRL_rep2
chr12	6579600	6579650	11	CTRL_rep2
chr12	6579650	6579700	11	CTRL_rep2
chr12	6579700	6579750	9	CTRL_rep2
chr12	6579750	6579800	9	CTRL_rep2
chr12	6579800	6579850	10	CTRL_rep2
chr12	6579850	6579900	9	CTRL_rep2
chr12	6579900	6579950	7	CTRL_rep2
chr12	6579950	6580000	10	CTRL_rep2
chr12	6580000	6580050	11	CTRL_rep2
chr12	6580050	6580100	9	CTRL_rep2
chr12	6580100	6580150	10	CTRL_rep2
chr12	6580150	6580200	9	CTRL_rep2
chr12	6580200	6580250	10	CTRL_rep2
chr12	6580250	6580300	9	CTRL_rep2
chr12	6580300	6580350	11	CTRL_rep2
chr12	6580350	6580400	12	CTRL_rep2
chr12	6580400	6580450	10	CTRL_rep2
chr12	6580450	6580500	10	CTRL_rep2
chr12	6580500	6580550	10	CTRL_rep2
chr12	6580550	6580600	10	CTRL_rep2
chr12	6580600	6580650	10	CTRL_rep2
chr12	6580650	6580700	8	CTRL_rep2
chr12	6580700	6580750	8	CTRL_rep2
chr12	6580750	6580800	9	CTRL_rep2
chr12	6580800	6580850	8	CTRL_rep2
chr12	6580850	6580900	8	CTRL_rep2
chr12	6580900	6580950	11	CTRL_rep2
chr12	6580950	6581000	10	CTRL_rep2
chr12	6581000	6581050	12	CTRL_rep2
chr12	6581050	6581100	10	CTRL_rep2
chr12	6581100	6581150	9	CTRL_rep2
chr12	6581150	6581200	9	CTRL_rep2
chr12	6581200	6581250	11	CTRL_rep2
chr12	6581250	6581300	10	CTRL_rep2
chr12	6581300	6581350	7	CTRL_rep2
chr12	6581350	6581400	9	CTRL_rep2
chr12	6581400	6581450	10	CTRL_rep2
chr12	6581450	6581500	10	CTRL_rep2
chr12	6581500	6581550	10	CTRL_rep2
chr12	6581550	6581600	11	CTRL_rep2
chr12	6581600	6581650	12	CTRL_rep2
chr12	6581650	6581700	11	CTRL_rep2
chr12	6581700	6581750	10	CTRL_rep2
chr12	6581750	6581800	10	CTRL_rep2
chr12	6581800	6581850	11	CTRL_rep2
chr12	6581850	6581900	9	CTRL_rep2
chr12	6581900	6581950	10	CTRL_rep2
chr12	6581950	6582000	9	CTRL_rep2
chr12	6582000	6582050	11	CTRL_rep2
chr12	6582050	6582100	8	CTRL_rep2
chr12	6582100	6582150	11	CTRL_rep2
chr12	6582150	6582200	10	CTRL_rep2
chr12	6582200	6582250	8	CTRL_rep2
chr12	6582250	6582300	11	CTRL_rep2
chr12	6582300	6582350	8	CTRL_rep2
chr12	6582350	6582400	9	CTRL_rep2
chr12	6582400	6582450	8	CTRL_rep2
chr12	6582450	6582500	10	CTRL_rep2
chr12	6582500	6582550	11	CTRL_rep2
chr12	6582550	6582600	11	CTRL_rep2
chr12	6582600	6582650	10	CTRL_rep2
chr12	6582650	6582700	11	CTRL_rep2
chr12	6582700	6582750	10	CTRL_rep2
chr12	6582750	6582800	10	CTRL_rep2
chr12	6582800	6582850	8	CTRL_rep2
chr12	6582850	6582900	8	CTRL_rep2
chr12	6582900	6582950	13	CTRL_rep2
chr12	6582950	6583000	7	CTRL_rep2
chr12	6583000	6583050	9	CTRL_rep2
chr12	6583050	6583100	9	CTRL_rep2
chr12	6583100	6583150	10	CTRL_rep2
chr12	6583150	6583200	9	CTRL_rep2
chr12	6583200	6583250	9	CTRL_rep2
chr12	6583250	6583300	9	CTRL_rep2
chr12	6583300	6583350	13	CTRL_rep2
chr12	6583350	6583400	11	CTRL_rep2
chr12	6583400	6583450	12	CTRL_rep2
chr12	6583450	6583500	9	CTRL_rep2
chr12	6583500	6583550	11	CTRL_rep2
chr12	6583550	6583600	10	CTRL_rep2
chr12	6583600	6583650	10	CTRL_rep2
chr12	6583650	6583700	7	CTRL_rep2
chr12	6583700	6583750	8	CTRL_rep2
chr12	6583750	6583800	7	CTRL_rep2
chr12	6583800	6583850	10	CTRL_rep2
chr12	6583850	6583900	10	CTRL_rep2
chr12	6583900	6583950	12	CTRL_rep2
chr12	6583950	6584000	9	CTRL_rep2
chr12	6584000	6584050	11	CTRL_rep2
chr12	6584050	6584100	8	CTRL_rep2
chr12	6584100	6584150	10	CTRL_rep2
chr12	6584150	6584200	10	CTRL_rep2
chr12	6584200	6584250	8	CTRL_rep2
chr12	6584250	6584300	9	CTRL_rep2
chr12	6584300	6584350	11	CTRL_rep2
chr12	6584350	6584400	8	CTRL_rep2
chr12	6584400	6584450	9	CTRL_rep2
chr12	6584450	6584500	8	CTRL_rep2
chr12	6584500	6584550	10	CTRL_rep2
chr12	6584550	6584600	12	CTRL_rep2
chr12	6584600	6584650	12	CTRL_rep2
chr12	6584650	6584700	10	CTRL_rep2
chr12	6584700	6584750	9	CTRL_rep2
chr12	6584750	6584800	10	CTRL_rep2
chr12	6584800	6584850	11	CTRL_rep2
chr12	6584850	6584900	9	CTRL_rep2
chr12	6584900	6584950	9	CTRL_rep2
chr12	6584950	6585000	10	CTRL_rep2
chr12	6585000	6585050	10	CTRL_rep2
chr12	6585050	6585100	9	CTRL_rep2
chr12	6585100	6585150	10	CTRL_rep2
chr12	6585150	6585200	12	CTRL_rep2
chr12	6585200	6585250	8	CTRL_rep2
chr12	6585250	6585300	11	CTRL_rep2
chr12	6585300	6585350	12	CTRL_rep2
chr12	6585350	6585400	10	CTRL_rep2
chr12	6585400	6585450	9	CTRL_rep2
chr12	6585450	6585500	8	CTRL_rep2
chr12	6585500	6585550	9	CTRL_rep2
chr12	6585550	6585600	8	CTRL_rep2
chr12	6585600	6585650	7	CTRL_rep2
chr12	6585650	6585700	11	CTRL_rep2
chr12	6585700	6585750	9	CTRL_rep2
chr12	6585750	6585800	11	CTRL_rep2
chr12	6585800	6585850	8	CTRL_rep2
chr12	6585850	6585900	8	CTRL_rep2
chr12	6585900	6585950	10	CTRL_rep2
chr12	6585950	6586000	9	CTRL_rep2
chr12	6586000	6586050	10	CTRL_rep2
chr12	6586050	6586100	9	CTRL_rep2
chr12	6586100	6586150	10	CTRL_rep2
chr12	6586150	6586200	10	CTRL_rep2
chr12	6586200	6586250	8	CTRL_rep2
chr12	6586250	6586300	10	CTRL_rep2
chr12	6586300	6586350	8	CTRL_rep2
chr12	6586350	6586400	11	CTRL_rep2
chr12	6586400	6586450	10	CTRL_rep2
chr12	6586450	6586500	10	CTRL_rep2
chr12	6586500	6586550	7	CTRL_rep2
chr12	6586550	6586600	9	CTRL_rep2
chr12	6586600	6586650	12	CTRL_rep2
chr12	6586650	6586700	273	CTRL_rep2
chr12	6586700	6586750	257	CTRL_rep2
chr12	6586750	6586800	235	CTRL_rep2
chr12	6586800	6586850	220	CTRL_rep2
chr12	6586850	6586900	8	CTRL_rep2
chr12	6586900	6586950	7	CTRL_rep2
chr12	6586950	6587000	8	CTRL_rep2
chr12	6587000	6587050	10	CTRL_rep2
chr12	6587050	6587100	7	CTRL_rep2
chr12	6587100	6587150	9	CTRL_rep2
chr12	6587150	6587200	8	CTRL_rep2
chr12	6587200	6587250	11	CTRL_rep2
chr12	6587250	6587300	7	CTRL_rep2
chr12	6587300	6587350	7	CTRL_rep2
chr12	6587350	6587400	7	CTRL_rep2
chr12	6587400	6587450	7	CTRL_rep2
chr12	6587450	6587500	8	CTRL_rep2
chr12	6587500	6587550	10	CTRL_rep2
chr12	6587550	6587600	11	CTRL_rep2
chr12	6587600	6587650	10	CTRL_rep2
chr12	6587650	6587700	9	CTRL_rep2
chr12	6587700	6587750	8	CTRL_rep2
chr12	6587750	6587800	10	CTRL_rep2
chr12	6587800	6587850	7	CTRL_rep2
chr12	6587850	6587900	9	CTRL_rep2
chr12	6587900	6587950	10	CTRL_rep2
chr12	6587950	6588000	8	CTRL_rep2
chr12	6588000	6588050	8	CTRL_rep2
chr12	6588050	6588100	7	CTRL_rep2
chr12	6588100	6588150	6	CTRL_rep2
chr12	6588150	6588200	7	CTRL_rep2
chr12	6588200	6588250	6	CTRL_rep2
chr12	6588250	6588300	9	CTRL_rep2
chr12	6588300	6588350	8	CTRL_rep2
chr12	6588350	6588400	8	CTRL_rep2
chr12	6588400	6588450	8	CTRL_rep2
chr12	6588450	6588500	9	CTRL_rep2
chr12	6588500	6588550	9	CTRL_rep2
chr12	6588550	6588600	8	CTRL_rep2
chr12	6588600	6588650	8	CTRL_rep2
chr12	6588650	6588700	8	CTRL_rep2
chr12	6588700	6588750	10	CTRL_rep2
chr12	6588750	6588800	9	CTRL_rep2
chr12	6588800	6588850	9	CTRL_rep2
chr12	6588850	6588900	8	CTRL_rep2
chr12	6588900	6588950	8	CTRL_rep2
chr12	6588950	6589000	7	CTRL_rep2
chr12	6589000	6589050	7	CTRL_rep2
chr12	6589050	6589100	7	CTRL_rep2
chr12	6589100	6589150	8	CTRL_rep2
chr12	6589150	6589200	6	CTRL_rep2
chr12	6589200	6589250	10	CTRL_rep2
chr12	6589250	6589300	9	CTRL_rep2
chr12	6589300	6589350	9	CTRL_rep2
chr12	6589350	6589400	9	CTRL_rep2
chr12	6589400	6589450	10	CTRL_rep2
chr12	6589450	6589500	8	CTRL_rep2
chr12	6589500	6589550	8	CTRL_rep2
chr12	6589550	6589600	9	CTRL_rep2
chr12	6589600	6589650	6	CTRL_rep2
chr12	6589650	6589700	8	CTRL_rep2
chr12	6589700	6589750	9	CTRL_rep2
chr12	6589750	6589800	8	CTRL_rep2
chr12	6589800	6589850	8	CTRL_rep2
chr12	6589850	6589900	7	CTRL_rep2
chr12	6589900	6589950	8	CTRL_rep2
chr12	6589950	6590000	9	CTRL_rep2
chr12	6590000	6590050	9	CTRL_rep2
chr12	6590050	6590100	9	CTRL_rep2
chr12	6590100	6590150	9	CTRL_rep2
chr12	6590150	6590200	8	CTRL_rep2
chr12	6590200	6590250	9	CTRL_rep2
chr12	6590250	6590300	215	CTRL_rep2
chr12	6590300	6590350	151	CTRL_rep2
chr12	6590350	6590400	7	CTRL_rep2
chr12	6590400	6590450	10	CTRL_rep2
chr12	6590450	6590500	9	CTRL_rep2
chr12	6590500	6590550	9	CTRL_rep2
chr12	6590550	6590600	8	CTRL_rep2
chr12	6590600	6590650	9	CTRL_rep2
chr12	6590650	6590700	8	CTRL_rep2
chr12	6590700	6590750	9	CTRL_rep2
chr12	6590750	6590800	9	CTRL_rep2
chr12	6590800	6590850	9	CTRL_rep2
chr12	6590850	6590900	6	CTRL_rep2
chr12	6590900	6590950	9	CTRL_rep2
chr12	6590950	6591000	7	CTRL_rep2
chr12	6591000	6591050	8	CTRL_rep2
chr12	6591050	6591100	9	CTRL_rep2
chr12	6591100	6591150	8	CTRL_rep2
chr12	6591150	6591200	8	CTRL_rep2
chr12	6591200	6591250	9	CTRL_rep2
chr12	6591250	6591300	6	CTRL_rep2
chr12	6591300	6591350	9	CTRL_rep2
chr12	6591350	6591400	10	CTRL_rep2
chr12	6591400	6591450	8	CTRL_rep2
chr12	6591450	6591500	7	CTRL_rep2
chr12	6591500	6591550	9	CTRL_rep2
chr12	6591550	6591600	9	CTRL_rep2
chr12	6591600	6591650	10	CTRL_rep2
chr12	6591650	6591700	10	CTRL_rep2
chr12	6591700	6591750	7	CTRL_rep2
chr12	6591750	6591800	7	CTRL_rep2
chr12	6591800	6591850	7	CTRL_rep2
chr12	6591850	6591900	9	CTRL_rep2
chr12	6591900	6591950	9	CTRL_rep2
chr12	6591950	6592000	9	CTRL_rep2
chr12	6592000	6592050	8	CTRL_rep2
chr12	6592050	6592100	9	CTRL_rep2
chr12	6592100	6592150	8	CTRL_rep2
chr12	6592150	6592200	8	CTRL_rep2
chr12	6592200	6592250	9	CTRL_rep2
chr12	6592250	6592300	9	CTRL_rep2
chr12	6592300	6592350	9	CTRL_rep2
chr12	6592350	6592400	7	CTRL_rep2
chr12	6592400	6592450	7	CTRL_rep2
chr12	6592450	6592500	8	CTRL_rep2
chr12	6592500	6592550	7	CTRL_rep2
chr12	6592550	6592600	7	CTRL_rep2
chr12	6592600	6592650	8	CTRL_rep2
chr12	6592650	6592700	9	CTRL_rep2
chr12	6592700	6592750	7	CTRL_rep2
chr12	6592750	6592800	10	CTRL_rep2
chr12	6592800	6592850	8	CTRL_rep2
chr12	6592850	6592900	8	CTRL_rep2
chr12	6592900	6592950	8	CTRL_rep2
chr12	6592950	6593000	8	CTRL_rep2
chr12	6593000	6593050	9	CTRL_rep2
chr12	6593050	6593100	8	CTRL_rep2
chr12	6593100	6593150	6	CTRL_rep2
chr12	6593150	6593200	8	CTRL_rep2
chr12	6593200	6593250	6	CTRL_rep2
chr12	6593250	6593300	192	CTRL_rep2
chr12	6593300	6593350	264	CTRL_rep2
chr12	6593350	6593400	205	CTRL_rep2
chr12	6593400	6593450	245	CTRL_rep2
chr12	6593450	6593500	235	CTRL_rep2
chr12	6593500	6593550	10	CTRL_rep2
chr12	6593550	6593600	9	CTRL_rep2
chr12	6593600	6593650	10	CTRL_rep2
chr12	6593650	6593700	11	CTRL_rep2
chr12	6593700	6593750	9	CTRL_rep2
chr12	6593750	6593800	9	CTRL_rep2
chr12	6593800	6593850	11	CTRL_rep2
chr12	6593850	6593900	8	CTRL_rep2
chr12	6593900	6593950	10	CTRL_rep2
chr12	6593950	6594000	9	CTRL_rep2
chr12	6594000	6594050	8	CTRL_rep2
chr12	6594050	6594100	10	CTRL_rep2
chr12	6594100	6594150	8	CTRL_rep2
chr12	6594150	6594200	9	CTRL_rep2
chr12	6594200	6594250	10	CTRL_rep2
chr12	6594250	6594300	8	CTRL_rep2
chr12	6594300	6594350	209	CTRL_rep2
chr12	6594350	6594400	199	CTRL_rep2
chr12	6594400	6594450	226	CTRL_rep2
chr12	6594450	6594500	7	CTRL_rep2
chr12	6594500	6594550	8	CTRL_rep2
chr12	6594550	6594600	8	CTRL_rep2
chr12	6594600	6594650	9	CTRL_rep2
chr12	6594650	6594700	10	CTRL_rep2
chr12	6594700	6594750	9	CTRL_rep2
chr12	6594750	6594800	10	CTRL_rep2
chr12	6594800	6594850	8	CTRL_rep2
chr12	6594850	6594900	7	CTRL_rep2
chr12	6594900	6594950	9	CTRL_rep2
chr12	6594950	6595000	10	CTRL_rep2
chr12	6595000	6595050	7	CTRL_rep2
chr12	6595050	6595100	9	CTRL_rep2
chr12	6595100	6595150	11	CTRL_rep2
chr12	6595150	6595200	8	CTRL_rep2
chr12	6595200	6595250	9	CTRL_rep2
chr12	6595250	6595300	11	CTRL_rep2
chr12	6595300	6595350	10	CTRL_rep2
chr12	6595350	6595400	9	CTRL_rep2
chr12	6595400	6595450	7	CTRL_rep2
chr12	6595450	6595500	9	CTRL_rep2
chr12	6595500	6595550	7	CTRL_rep2
chr12	6595550	6595600	7	CTRL_rep2
chr12	6595600	6595650	9	CTRL_rep2
chr12	6595650	6595700	8	CTRL_rep2
chr12	6595700	6595750	9	CTRL_rep2
chr12	6595750	6595800	9	CTRL_rep2
chr12	6595800	6595850	7	CTRL_rep2
chr12	6595850	6595900	8	CTRL_rep2
chr12	6595900	6595950	9	CTRL_rep2
chr12	6595950	6596000	8	CTRL_rep2
chr12	6596000	6596050	7	CTRL_rep2
chr12	6596050	6596100	10	CTRL_rep2
chr12	6596100	6596150	6	CTRL_rep2
chr12	6596150	6596200	9	CTRL_rep2
chr12	6596200	6596250	9	CTRL_rep2
chr12	6596250	6596300	8	CTRL_rep2
chr12	6596300	6596350	8	CTRL_rep2
chr12	6596350	6596400	10	CTRL_rep2
chr12	6596400	6596450	9	CTRL_rep2
chr12	6596450	6596500	9	CTRL_rep2
chr12	6596500	6596550	9	CTRL_rep2
chr12	6596550	6596600	10	CTRL_rep2
chr12	6596600	6596650	9	CTRL_rep2
chr12	6596650	6596700	9	CTRL_rep2
chr12	6596700	6596750	9	CTRL_rep2
chr12	6596750	6596800	9	CTRL_rep2
chr12	6596800	6596850	9	CTRL_rep2
chr12	6596850	6596900	7	CTRL_rep2
chr12	6596900	6596950	10	CTRL_rep2
chr12	6596950	6597000	7	CTRL_rep2
chr12	6597000	6597050	7	CTRL_rep2
chr12	6597050	6597100	10	CTRL_rep2
chr12	6597100	6597150	8	CTRL_rep2
chr12	6597150	6597200	9	CTRL_rep2
chr12	6597200	6597250	8	CTRL_rep2
chr12	6597250	6597300	9	CTRL_rep2
chr12	6597300	6597350	8	CTRL_rep2
chr12	6597350	6597400	9	CTRL_rep2
chr12	6597400	6597450	12	CTRL_rep2
chr12	6597450	6597500	7	CTRL_rep2
chr12	6597500	6597550	9	CTRL_rep2
chr12	6597550	6597600	9	CTRL_rep2
chr12	6597600	6597650	9	CTRL_rep2
chr12	6597650	6597700	8	CTRL_rep2
chr12	6597700	6597750	10	CTRL_rep2
chr12	6597750	6597800	8	CTRL_rep2
chr12	6597800	6597850	11	CTRL_rep2
chr12	6597850	6597900	8	CTRL_rep2
chr12	6597900	6597950	9	CTRL_rep2
chr12	6597950	6598000	9	CTRL_rep2
chr12	6598000	6598050	8	CTRL_rep2
chr12	6598050	6598100	10	CTRL_rep2
chr12	6598100	6598150	8	CTRL_rep2
chr12	6598150	6598200	8	CTRL_rep2
chr12	6598200	6598250	7	CTRL_rep2
chr12	6598250	6598300	8	CTRL_rep2
chr12	6598300	6598350	12	CTRL_rep2
chr12	6598350	6598400	6	CTRL_rep2
chr12	6598400	6598450	8	CTRL_rep2
chr12	6598450	6598500	8	CTRL_rep2
chr12	6598500	6598550	7	CTRL_rep2
chr12	6598550	6598600	7	CTRL_rep2
chr12	6598600	6598650	10	CTRL_rep2
chr12	6598650	6598700	8	CTRL_rep2
chr12	6598700	6598750	9	CTRL_rep2
chr12	6598750	6598800	7	CTRL_rep2
chr12	6598800	6598850	8	CTRL_rep2
chr12	6598850	6598900	10	CTRL_rep2
chr12	6598900	6598950	6	CTRL_rep2
chr12	6598950	6599000	9	CTRL_rep2
chr12	6599000	6599050	8	CTRL_rep2
chr12	6599050	6599100	10	CTRL_rep2
chr12	6599100	6599150	9	CTRL_rep2
chr12	6599150	6599200	8	CTRL_rep2
chr12	6599200	6599250	8	CTRL_rep2
chr12	6599250	6599300	9	CTRL_rep2
chr12	6599300	6599350	10	CTRL_rep2
chr12	6599350	6599400	10	CTRL_rep2
chr12	6599400	6599450	7	CTRL_rep2
chr12	6599450	6599500	11	CTRL_rep2
chr12	6599500	6599550	9	CTRL_rep2
chr12	6599550	6599600	10	CTRL_rep2
chr12	6599600	6599650	10	CTRL_rep2
chr12	6599650	6599700	9	CTRL_rep2
chr12	6599700	6599750	11	CTRL_rep2
chr12	6599750	6599800	10	CTRL_rep2
chr12	6599800	6599850	9	CTRL_rep2
chr12	6599850	6599900	12	CTRL_rep2
chr12	6599900	6599950	10	CTRL_rep2
chr12	6599950	6600000	9	CTRL_rep2
chr12	6600000	6600050	10	CTRL_rep2
chr12	6600050	6600100	9	CTRL_rep2
chr12	6600100	6600150	9	CTRL_rep2
chr12	6600150	6600200	9	CTRL_rep2
chr12	6600200	6600250	11	CTRL_rep2
chr12	6600250	6600300	9	CTRL_rep2
chr12	6600300	6600350	8	CTRL_rep2
chr12	6600350	6600400	9	CTRL_rep2
chr12	6600400	6600450	8	CTRL_rep2
chr12	6600450	6600500	9	CTRL_rep2
chr12	6600500	6600550	10	CTRL_rep2
chr12	6600550	6600600	8	CTRL_rep2
chr12	6600600	6600650	8	CTRL_rep2
chr12	6600650	6600700	8	CTRL_rep2
chr12	6600700	6600750	8	CTRL_rep2
chr12	6600750	6600800	8	CTRL_rep2
chr12	6600800	6600850	7	CTRL_rep2
chr12	6600850	6600900	9	CTRL_rep2
chr12	6600900	6600950	9	CTRL_rep2
chr12	6600950	6601000	9	CTRL_rep2
chr12	6601000	6601050	11	CTRL_rep2
chr12	6601050	6601100	10	CTRL_rep2
chr12	6601100	6601150	10	CTRL_rep2
chr12	6601150	6601200	7	CTRL_rep2
chr12	6601200	6601250	7	CTRL_rep2
chr12	6601250	6601300	9	CTRL_rep2
chr12	6601300	6601350	8	CTRL_rep2
chr12	6601350	6601400	9	CTRL_rep2
chr12	6601400	6601450	11	CTRL_rep2
chr12	6601450	6601500	8	CTRL_rep2
chr12	6601500	6601550	9	CTRL_rep2
chr12	6601550	6601600	8	CTRL_rep2
chr12	6601600	6601650	9	CTRL_rep2
chr12	6601650	6601700	8	CTRL_rep2
chr12	6601700	6601750	8	CTRL_rep2
chr12	6601750	6601800	8	CTRL_rep2
chr12	6601800	6601850	7	CTRL_rep2
chr12	6601850	6601900	10	CTRL_rep2
chr12	6601900	6601950	9	CTRL_rep2
chr12	6601950	6602000	9	CTRL_rep2
chr12	6602000	6602050	10	CTRL_rep2
chr12	6602050	6602100	8	CTRL_rep2
chr12	6602100	6602150	9	CTRL_rep2
chr12	6602150	6602200	10	CTRL_rep2
chr12	6602200	6602250	7	CTRL_rep2
chr12	6602250	6602300	11	CTRL_rep2
chr12	6602300	6602350	7	CTRL_rep2
chr12	6602350	6602400	5	CTRL_rep2
chr12	6602400	6602450	9	CTRL_rep2
chr12	6602450	6602500	9	CTRL_rep2
chr12	6602500	6602550	9	CTRL_rep2
chr12	6602550	6602600	10	CTRL_rep2
chr12	6602600	6602650	7	CTRL_rep2
chr12	6602650	6602700	7	CTRL_rep2
chr12	6602700	6602750	10	CTRL_rep2
chr12	6602750	6602800	9	CTRL_rep2
chr12	6602800	6602850	8	CTRL_rep2
chr12	6602850	6602900	10	CTRL_rep2
chr12	6602900	6602950	7	CTRL_rep2
chr12	6602950	6603000	8	CTRL_rep2
chr12	6603000	6603050	9	CTRL_rep2
chr12	6603050	6603100	10	CTRL_rep2
chr12	6603100	6603150	10	CTRL_rep2
chr12	6603150	6603200	8	CTRL_rep2
chr12	6603200	6603250	11	CTRL_rep2
chr12	6603250	6603300	8	CTRL_rep2
chr12	6603300	6603350	9	CTRL_rep2
chr12	6603350	6603400	10	CTRL_rep2
chr12	6603400	6603450	8	CTRL_rep2
chr12	6603450	6603500	11	CTRL_rep2
chr12	6603500	6603550	8	CTRL_rep2
chr12	6603550	6603600	9	CTRL_rep2
chr12	6603600	6603650	8	CTRL_rep2
chr12	6603650	6603700	9	CTRL_rep2
chr12	6603700	6603750	9	CTRL_rep2
chr12	6603750	6603800	8	CTRL_rep2
chr12	6603800	6603850	9	CTRL_rep2
chr12	6603850	6603900	8	CTRL_rep2
chr12	6603900	6603950	8	CTRL_rep2
chr12	6603950	6604000	7	CTRL_rep2
chr12	6604000	6604050	10	CTRL_rep2
chr12	6604050	6604100	225	CTRL_rep2
chr12	6604100	6604150	249	CTRL_rep2
chr12	6604150	6604200	237	CTRL_rep2
chr12	6604200	6604250	204	CTRL_rep2
chr12	6604250	6604300	6	CTRL_rep2
chr12	6604300	6604350	8	CTRL_rep2
chr12	6604350	6604400	7	CTRL_rep2
chr12	6604400	6604450	8	CTRL_rep2
chr12	6604450	6604500	6	CTRL_rep2
chr12	6604500	6604550	7	CTRL_rep2
chr12	6604550	6604600	9	CTRL_rep2
chr12	6604600	6604650	6	CTRL_rep2
chr12	6604650	6604700	7	CTRL_rep2
chr12	6604700	6604750	9	CTRL_rep2
chr12	6604750	6604800	8	CTRL_rep2
chr12	6604800	6604850	7	CTRL_rep2
chr12	6604850	6604900	8	CTRL_rep2
chr12	6604900	6604950	8	CTRL_rep2
chr12	6604950	6605000	6	CTRL_rep2
chr12	6605000	6605050	8	CTRL_rep2
chr12	6605050	6605100	7	CTRL_rep2
chr12	6605100	6605150	6	CTRL_rep2
chr12	6605150	6605200	5	CTRL_rep2
chr12	6605200	6605250	8	CTRL_rep2
chr12	6605250	6605300	7	CTRL_rep2
chr12	6605300	6605350	6	CTRL_rep2
chr12	6605350	6605400	6	CTRL_rep2
chr12	6605400	6605450	5	CTRL_rep2
chr12	6605450	6605500	7	CTRL_rep2
chr12	6605500	6605550	162	CTRL_rep2
chr12	6605550	6605600	184	CTRL_rep2
chr12	6605600	6605650	158	CTRL_rep2
chr12	6605650	6605700	6	CTRL_rep2
chr12	6605700	6605750	6	CTRL_rep2
chr12	6605750	6605800	5	CTRL_rep2
chr12	6605800	6605850	6	CTRL_rep2
chr12	6605850	6605900	6	CTRL_rep2
chr12	6605900	6605950	7	CTRL_rep2
chr12	6605950	6606000	6	CTRL_rep2
chr12	6606000	6606050	5	CTRL_rep2
chr12	6606050	6606100	7	CTRL_rep2
chr12	6606100	6606150	6	CTRL_rep2
chr12	6606150	6606200	6	CTRL_rep2
chr12	6606200	6606250	5	CTRL_rep2
chr12	6606250	6606300	6	CTRL_rep2
chr12	6606300	6606350	7	CTRL_rep2
chr12	6606350	6606400	6	CTRL_rep2
chr12	6606400	6606450	6	CTRL_rep2
chr12	6606450	6606500	6	CTRL_rep2
chr12	6606500	6606550	6	CTRL_rep2
chr12	6606550	6606600	6	CTRL_rep2
chr12	6606600	6606650	6	CTRL_rep2
chr12	6606650	6606700	6	CTRL_rep2
chr12	6606700	6606750	8	CTRL_rep2
chr12	6606750	6606800	6	CTRL_rep2
chr12	6606800	6606850	7	CTRL_rep2
chr12	6606850	6606900	5	CTRL_rep2
chr12	6606900	6606950	7	CTRL_rep2
chr12	6606950	6607000	6	CTRL_rep2
chr12	6607000	6607050	7	CTRL_rep2
chr12	6607050	6607100	6	CTRL_rep2
chr12	6607100	6607150	7	CTRL_rep2
chr12	6607150	6607200	6	CTRL_rep2
chr12	6607200	6607250	6	CTRL_rep2
chr12	6607250	6607300	6	CTRL_rep2
chr12	6607300	6607350	6	CTRL_rep2
chr12	6607350	6607400	7	CTRL_rep2
chr12	6607400	6607450	5	CTRL_rep2
chr12	6607450	6607500	6	CTRL_rep2
chr12	6607500	6607550	6	CTRL_rep2
chr12	6607550	6607600	6	CTRL_rep2
chr12	6607600	6607650	6	CTRL_rep2
chr12	6607650	6607700	6	CTRL_rep2
chr12	6607700	6607750	6	CTRL_rep2
chr12	6607750	6607800	6	CTRL_rep2
chr12	6607800	6607850	4	CTRL_rep2
chr12	6607850	6607900	7	CTRL_rep2
chr12	6607900	6607950	6	CTRL_rep2
chr12	6607950	6608000	6	CTRL_rep2
chr12	6608000	6608050	7	CTRL_rep2
chr12	6608050	6608100	6	CTRL_rep2
chr12	6608100	6608150	6	CTRL_rep2
chr12	6608150	6608200	5	CTRL_rep2
chr12	6608200	6608250	6	CTRL_rep2
chr12	6608250	6608300	7	CTRL_rep2
chr12	6608300	6608350	7	CTRL_rep2
chr12	6608350	6608400	7	CTRL_rep2
chr12	6608400	6608450	7	CTRL_rep2
chr12	6608450	6608500	5	CTRL_rep2
chr12	6608500	6608550	6	CTRL_rep2
chr12	6608550	6608600	6	CTRL_rep2
chr12	6608600	6608650	6	CTRL_rep2
chr12	6608650	6608700	7	CTRL_rep2
chr12	6608700	6608750	5	CTRL_rep2
chr12	6608750	6608800	6	CTRL_rep2
chr12	6608800	6608850	7	CTRL_rep2
chr12	6608850	6608900	5	CTRL_rep2
chr12	6608900	6608950	5	CTRL_rep2
chr12	6608950	6609000	6	CTRL_rep2
chr12	6609000	6609050	7	CTRL_rep2
chr12	6609050	6609100	5	CTRL_rep2
chr12	6609100	6609150	7	CTRL_rep2
chr12	6609150	6609200	6	CTRL_rep2
chr12	6609200	6609250	8	CTRL_rep2
chr12	6609250	6609300	6	CTRL_rep2
chr12	6609300	6609350	6	CTRL_rep2
chr12	6609350	6609400	5	CTRL_rep2
chr12	6609400	6609450	6	CTRL_rep2
chr12	6609450	6609500	7	CTRL_rep2
chr12	6609500	6609550	5	CTRL_rep2
chr12	6609550	6609600	6	CTRL_rep2
chr12	6609600	6609650	5	CTRL_rep2
chr12	6609650	6609700	5	CTRL_rep2
chr12	6609700	6609750	6	CTRL_rep2
chr12	6609750	6609800	151	CTRL_rep2
chr12	6609800	6609850	129	CTRL_rep2
chr12	6609850	6609900	142	CTRL_rep2
chr12	6609900	6609950	149	CTRL_rep2
chr12	6609950	6610000	146	CTRL_rep2
chr12	6610000	6610050	134	CTRL_rep2
chr12	6610050	6610100	141	CTRL_rep2
chr12	6610100	6610101	139	CTRL_rep2
chr12	6571000	6571050	250	KD_rep1
chr12	6571050	6571100	227	KD_rep1
chr12	6571100	6571150	268	KD_rep1
chr12	6571150	6571200	262	KD_rep1
chr12	6571200	6571250	251	KD_rep1
chr12	6571250	6571300	190	KD_rep1
chr12	6571300	6571350	247	KD_rep1
chr12	6571350	6571400	244	KD_rep1
chr12	6571400	6571450	157	KD_rep1
chr12	6571450	6571500	9	KD_rep1
chr12	6571500	6571550	8	KD_rep1
chr12	6571550	6571600	9	KD_rep1
chr12	6571600	6571650	7	KD_rep1
chr12	6571650	6571700	10	KD_rep1
chr12	6571700	6571750	9	KD_rep1
chr12	6571750	6571800	7	KD_rep1
chr12	6571800	6571850	11	KD_rep1
chr12	6571850	6571900	9	KD_rep1
chr12	6571900	6571950	9	KD_rep1
chr12	6571950	6572000	10	KD_rep1
chr12	6572000	6572050	8	KD_rep1
chr12	6572050	6572100	8	KD_rep1
chr12	6572100	6572150	8	KD_rep1
chr12	6572150	6572200	8	KD_rep1
chr12	6572200	6572250	9	KD_rep1
chr12	6572250	6572300	8	KD_rep1
chr12	6572300	6572350	10	KD_rep1
chr12	6572350	6572400	9	KD_rep1
chr12	6572400	6572450	10	KD_rep1
chr12	6572450	6572500	8	KD_rep1
chr12	6572500	6572550	8	KD_rep1
chr12	6572550	6572600	9	KD_rep1
chr12	6572600	6572650	10	KD_rep1
chr12	6572650	6572700	11	KD_rep1
chr12	6572700	6572750	10	KD_rep1
chr12	6572750	6572800	10	KD_rep1
chr12	6572800	6572850	10	KD_rep1
chr12	6572850	6572900	11	KD_rep1
chr12	6572900	6572950	10	KD_rep1
chr12	6572950	6573000	6	KD_rep1
chr12	6573000	6573050	9	KD_rep1
chr12	6573050	6573100	6	KD_rep1
chr12	6573100	6573150	12	KD_rep1
chr12	6573150	6573200	8	KD_rep1
chr12	6573200	6573250	6	KD_rep1
chr12	6573250	6573300	7	KD_rep1
chr12	6573300	6573350	8	KD_rep1
chr12	6573350	6573400	11	KD_rep1
chr12	6573400	6573450	8	KD_rep1
chr12	6573450	6573500	10	KD_rep1
chr12	6573500	6573550	9	KD_rep1
chr12	6573550	6573600	10	KD_rep1
chr12	6573600	6573650	9	KD_rep1
chr12	6573650	6573700	10	KD_rep1
chr12	6573700	6573750	10	KD_rep1
chr12	6573750	6573800	10	KD_rep1
chr12	6573800	6573850	7	KD_rep1
chr12	6573850	6573900	9	KD_rep1
chr12	6573900	6573950	10	KD_rep1
chr12	6573950	6574000	10	KD_rep1
chr12	6574000	6574050	11	KD_rep1
chr12	6574050	6574100	11	KD_rep1
chr12	6574100	6574150	10	KD_rep1
chr12	6574150	6574200	7	KD_rep1
chr12	6574200	6574250	9	KD_rep1
chr12	6574250	6574300	10	KD_rep1
chr12	6574300	6574350	7	KD_rep1
chr12	6574350	6574400	10	KD_rep1
chr12	6574400	6574450	6	KD_rep1
chr12	6574450	6574500	8	KD_rep1
chr12	6574500	6574550	11	KD_rep1
chr12	6574550	6574600	7	KD_rep1
chr12	6574600	6574650	9	KD_rep1
chr12	6574650	6574700	7	KD_rep1
chr12	6574700	6574750	6	KD_rep1
chr12	6574750	6574800	8	KD_rep1
chr12	6574800	6574850	11	KD_rep1
chr12	6574850	6574900	6	KD_rep1
chr12	6574900	6574950	8	KD_rep1
chr12	6574950	6575000	11	KD_rep1
chr12	6575000	6575050	8	KD_rep1
chr12	6575050	6575100	6	KD_rep1
chr12	6575100	6575150	9	KD_rep1
chr12	6575150	6575200	10	KD_rep1
chr12	6575200	6575250	9	KD_rep1
chr12	6575250	6575300	9	KD_rep1
chr12	6575300	6575350	10	KD_rep1
chr12	6575350	6575400	8	KD_rep1
chr12	6575400	6575450	10	KD_rep1
chr12	6575450	6575500	12	KD_rep1
chr12	6575500	6575550	11	KD_rep1
chr12	6575550	6575600	9	KD_rep1
chr12	6575600	6575650	9	KD_rep1
chr12	6575650	6575700	11	KD_rep1
chr12	6575700	6575750	8	KD_rep1
chr12	6575750	6575800	9	KD_rep1
chr12	6575800	6575850	9	KD_rep1
chr12	6575850	6575900	9	KD_rep1
chr12	6575900	6575950	8	KD_rep1
chr12	6575950	6576000	7	KD_rep1
chr12	6576000	6576050	9	KD_rep1
chr12	6576050	6576100	9	KD_rep1
chr12	6576100	6576150	10	KD_rep1
chr12	6576150	6576200	8	KD_rep1
chr12	6576200	6576250	9	KD_rep1
chr12	6576250	6576300	10	KD_rep1
chr12	6576300	6576350	10	KD_rep1
chr12	6576350	6576400	9	KD_rep1
chr12	6576400	6576450	9	KD_rep1
chr12	6576450	6576500	7	KD_rep1
chr12	6576500	6576550	9	KD_rep1
chr12	6576550	6576600	11	KD_rep1
chr12	6576600	6576650	9	KD_rep1
chr12	6576650	6576700	9	KD_rep1
chr12	6576700	6576750	9	KD_rep1
chr12	6576750	6576800	7	KD_rep1
chr12	6576800	6576850	9	KD_rep1
chr12	6576850	6576900	9	KD_rep1
chr12	6576900	6576950	9	KD_rep1
chr12	6576950	6577000	10	KD_rep1
chr12	6577000	6577050	9	KD_rep1
chr12	6577050	6577100	12	KD_rep1
chr12	6577100	6577150	8	KD_rep1
chr12	6577150	6577200	8	KD_rep1
chr12	6577200	6577250	11	KD_rep1
chr12	6577250	6577300	9	KD_rep1
chr12	6577300	6577350	7	KD_rep1
chr12	6577350	6577400	9	KD_rep1
chr12	6577400	6577450	12	KD_rep1
chr12	6577450	6577500	9	KD_rep1
chr12	6577500	6577550	8	KD_rep1
chr12	6577550	6577600	9	KD_rep1
chr12	6577600	6577650	10	KD_rep1
chr12	6577650	6577700	9	KD_rep1
chr12	6577700	6577750	10	KD_rep1
chr12	6577750	6577800	9	KD_rep1
chr12	6577800	6577850	8	KD_rep1
chr12	6577850	6577900	7	KD_rep1
chr12	6577900	6577950	7	KD_rep1
chr12	6577950	6578000	8	KD_rep1
chr12	6578000	6578050	7	KD_rep1
chr12	6578050	6578100	8	KD_rep1
chr12	6578100	6578150	8	KD_rep1
chr12	6578150	6578200	9	KD_rep1
chr12	6578200	6578250	11	KD_rep1
chr12	6578250	6578300	9	KD_rep1
chr12	6578300	6578350	8	KD_rep1
chr12	6578350	6578400	7	KD_rep1
chr12	6578400	6578450	9	KD_rep1
chr12	6578450	6578500	9	KD_rep1
chr12	6578500	6578550	10	KD_rep1
chr12	6578550	6578600	8	KD_rep1
chr12	6578600	6578650	9	KD_rep1
chr12	6578650	6578700	10	KD_rep1
chr12	6578700	6578750	9	KD_rep1
chr12	6578750	6578800	7	KD_rep1
chr12	6578800	6578850	9	KD_rep1
chr12	6578850	6578900	8	KD_rep1
chr12	6578900	6578950	8	KD_rep1
chr12	6578950	6579000	8	KD_rep1
chr12	6579000	6579050	10	KD_rep1
chr12	6579050	6579100	10	KD_rep1
chr12	6579100	6579150	9	KD_rep1
chr12	6579150	6579200	9	KD_rep1
chr12	6579200	6579250	13	KD_rep1
chr12	6579250	6579300	10	KD_rep1
chr12	6579300	6579350	8	KD_rep1
chr12	6579350	6579400	11	KD_rep1
chr12	6579400	6579450	10	KD_rep1
chr12	6579450	6579500	11	KD_rep1
chr12	6579500	6579550	7	KD_rep1
chr12	6579550	6579600	10	KD_rep1
chr12	6579600	6579650	8	KD_rep1
chr12	6579650	6579700	10	KD_rep1
chr12	6579700	6579750	9	KD_rep1
chr12	6579750	6579800	10	KD_rep1
chr12	6579800	6579850	10	KD_rep1
chr12	6579850	6579900	8	KD_rep1
chr12	6579900	6579950	8	KD_rep1
chr12	6579950	6580000	10	KD_rep1
chr12	6580000	6580050	11	KD_rep1
chr12	6580050	6580100	8	KD_rep1
chr12	6580100	6580150	8	KD_rep1
chr12	6580150	6580200	9	KD_rep1
chr12	6580200	6580250	9	KD_rep1
chr12	6580250	6580300	9	KD_rep1
chr12	6580300	6580350	8	KD_rep1
chr12	6580350	6580400	8	KD_rep1
chr12	6580400	6580450	9	KD_rep1
chr12	6580450	6580500	10	KD_rep1
chr12	6580500	6580550	9	KD_rep1
chr12	6580550	6580600	8	KD_rep1
chr12	6580600	6580650	10	KD_rep1
chr12	6580650	6580700	10	KD_rep1
chr12	6580700	6580750	8	KD_rep1
chr12	6580750	6580800	9	KD_rep1
chr12	6580800	6580850	7	KD_rep1
chr12	6580850	6580900	8	KD_rep1
chr12	6580900	6580950	8	KD_rep1
chr12	6580950	6581000	9	KD_rep1
chr12	6581000	6581050	10	KD_rep1
chr12	6581050	6581100	8	KD_rep1
chr12	6581100	6581150	8	KD_rep1
chr12	6581150	6581200	7	KD_rep1
chr12	6581200	6581250	8	KD_rep1
chr12	6581250	6581300	7	KD_rep1
chr12	6581300	6581350	11	KD_rep1
chr12	6581350	6581400	9	KD_rep1
chr12	6581400	6581450	10	KD_rep1
chr12	6581450	6581500	11	KD_rep1
chr12	6581500	6581550	8	KD_rep1
chr12	6581550	6581600	10	KD_rep1
chr12	6581600	6581650	10	KD_rep1
chr12	6581650	6581700	9	KD_rep1
chr12	6581700	6581750	8	KD_rep1
chr12	6581750	6581800	9	KD_rep1
chr12	6581800	6581850	10	KD_rep1
chr12	6581850	6581900	10	KD_rep1
chr12	6581900	6581950	9	KD_rep1
chr12	6581950	6582000	11	KD_rep1
chr12	6582000	6582050	7	KD_rep1
chr12	6582050	6582100	9	KD_rep1
chr12	6582100	6582150	9	KD_rep1
chr12	6582150	6582200	11	KD_rep1
chr12	6582200	6582250	11	KD_rep1
chr12	6582250	6582300	10	KD_rep1
chr12	6582300	6582350	9	KD_rep1
chr12	6582350	6582400	7	KD_rep1
chr12	6582400	6582450	8	KD_rep1
chr12	6582450	6582500	11	KD_rep1
chr12	6582500	6582550	8	KD_rep1
chr12	6582550	6582600	8	KD_rep1
chr12	6582600	6582650	8	KD_rep1
chr12	6582650	6582700	9	KD_rep1
chr12	6582700	6582750	10	KD_rep1
chr12	6582750	6582800	11	KD_rep1
chr12	6582800	6582850	9	KD_rep1
chr12	6582850	6582900	7	KD_rep1
chr12	6582900	6582950	9	KD_rep1
chr12	6582950	6583000	6	KD_rep1
chr12	6583000	6583050	7	KD_rep1
chr12	6583050	6583100	8	KD_rep1
chr12	6583100	6583150	10	KD_rep1
chr12	6583150	6583200	8	KD_rep1
chr12	6583200	6583250	8	KD_rep1
chr12	6583250	6583300	7	KD_rep1
chr12	6583300	6583350	6	KD_rep1
chr12	6583350	6583400	7	KD_rep1
chr12	6583400	6583450	8	KD_rep1
chr12	6583450	6583500	11	KD_rep1
chr12	6583500	6583550	7	KD_rep1
chr12	6583550	6583600	11	KD_rep1
chr12	6583600	6583650	10	KD_rep1
chr12	6583650	6583700	9	KD_rep1
chr12	6583700	6583750	8	KD_rep1
chr12	6583750	6583800	10	KD_rep1
chr12	6583800	6583850	10	KD_rep1
chr12	6583850	6583900	8	KD_rep1
chr12	6583900	6583950	7	KD_rep1
chr12	6583950	6584000	9	KD_rep1
chr12	6584000	6584050	9	KD_rep1
chr12	6584050	6584100	10	KD_rep1
chr12	6584100	6584150	13	KD_rep1
chr12	6584150	6584200	10	KD_rep1
chr12	6584200	6584250	9	KD_rep1
chr12	6584250	6584300	9	KD_rep1
chr12	6584300	6584350	12	KD_rep1
chr12	6584350	6584400	9	KD_rep1
chr12	6584400	6584450	9	KD_rep1
chr12	6584450	6584500	7	KD_rep1
chr12	6584500	6584550	7	KD_rep1
chr12	6584550	6584600	8	KD_rep1
chr12	6584600	6584650	9	KD_rep1
chr12	6584650	6584700	9	KD_rep1
chr12	6584700	6584750	10	KD_rep1
chr12	6584750	6584800	8	KD_rep1
chr12	6584800	6584850	8	KD_rep1
chr12	6584850	6584900	7	KD_rep1
chr12	6584900	6584950	8	KD_rep1
chr12	6584950	6585000	10	KD_rep1
chr12	6585000	6585050	8	KD_rep1
chr12	6585050	6585100	9	KD_rep1
chr12	6585100	6585150	8	KD_rep1
chr12	6585150	6585200	9	KD_rep1
chr12	6585200	6585250	7	KD_rep1
chr12	6585250	6585300	10	KD_rep1
chr12	6585300	6585350	10	KD_rep1
chr12	6585350	6585400	11	KD_rep1
chr12	6585400	6585450	10	KD_rep1
chr12	6585450	6585500	8	KD_rep1
chr12	6585500	6585550	9	KD_rep1
chr12	6585550	6585600	9	KD_rep1
chr12	6585600	6585650	11	KD_rep1
chr12	6585650	6585700	9	KD_rep1
chr12	6585700	6585750	10	KD_rep1
chr12	6585750	6585800	8	KD_rep1
chr12	6585800	6585850	8	KD_rep1
chr12	6585850	6585900	9	KD_rep1
chr12	6585900	6585950	8	KD_rep1
chr12	6585950	6586000	11	KD_rep1
chr12	6586000	6586050	9	KD_rep1
chr12	6586050	6586100	8	KD_rep1
chr12	6586100	6586150	10	KD_rep1
chr12	6586150	6586200	10	KD_rep1
chr12	6586200	6586250	7	KD_rep1
chr12	6586250	6586300	8	KD_rep1
chr12	6586300	6586350	9	KD_rep1
chr12	6586350	6586400	10	KD_rep1
chr12	6586400	6586450	10	KD_rep1
chr12	6586450	6586500	8	KD_rep1
chr12	6586500	6586550	8	KD_rep1
chr12	6586550	6586600	9	KD_rep1
chr12	6586600	6586650	9	KD_rep1
chr12	6586650	6586700	229	KD_rep1
chr12	6586700	6586750	194	KD_rep1
chr12	6586750	6586800	145	KD_rep1
chr12	6586800	6586850	212	KD_rep1
chr12	6586850	6586900	4	KD_rep1
chr12	6586900	6586950	5	KD_rep1
chr12	6586950	6587000	5	KD_rep1
chr12	6587000	6587050	5	KD_rep1
chr12	6587050	6587100	5	KD_rep1
chr12	6587100	6587150	5	KD_rep1
chr12	6587150	6587200	5	KD_rep1
chr12	6587200	6587250	4	KD_rep1
chr12	6587250	6587300	5	KD_rep1
chr12	6587300	6587350	5	KD_rep1
chr12	6587350	6587400	5	KD_rep1
chr12	6587400	6587450	5	KD_rep1
chr12	6587450	6587500	4	KD_rep1
chr12	6587500	6587550	5	KD_rep1
chr12	6587550	6587600	6	KD_rep1
chr12	6587600	6587650	5	KD_rep1
chr12	6587650	6587700	5	KD_rep1
chr12	6587700	6587750	6	KD_rep1
chr12	6587750	6587800	4	KD_rep1
chr12	6587800	6587850	5	KD_rep1
chr12	6587850	6587900	4	KD_rep1
chr12	6587900	6587950	4	KD_rep1
chr12	6587950	6588000	4	KD_rep1
chr12	6588000	6588050	5	KD_rep1
chr12	6588050	6588100	4	KD_rep1
chr12	6588100	6588150	4	KD_rep1
chr12	6588150	6588200	5	KD_rep1
chr12	6588200	6588250	5	KD_rep1
chr12	6588250	6588300	5	KD_rep1
chr12	6588300	6588350	5	KD_rep1
chr12	6588350	6588400	5	KD_rep1
chr12	6588400	6588450	6	KD_rep1
chr12	6588450	6588500	5	KD_rep1
chr12	6588500	6588550	4	KD_rep1
chr12	6588550	6588600	5	KD_rep1
chr12	6588600	6588650	4	KD_rep1
chr12	6588650	6588700	5	KD_rep1
chr12	6588700	6588750	5	KD_rep1
chr12	6588750	6588800	5	KD_rep1
chr12	6588800	6588850	5	KD_rep1
chr12	6588850	6588900	5	KD_rep1
chr12	6588900	6588950	4	KD_rep1
chr12	6588950	6589000	5	KD_rep1
chr12	6589000	6589050	6	KD_rep1
chr12	6589050	6589100	5	KD_rep1
chr12	6589100	6589150	4	KD_rep1
chr12	6589150	6589200	5	KD_rep1
chr12	6589200	6589250	5	KD_rep1
chr12	6589250	6589300	5	KD_rep1
chr12	6589300	6589350	5	KD_rep1
chr12	6589350	6589400	5	KD_rep1
chr12	6589400	6589450	5	KD_rep1
chr12	6589450	6589500	6	KD_rep1
chr12	6589500	6589550	4	KD_rep1
chr12	6589550	6589600	6	KD_rep1
chr12	6589600	6589650	6	KD_rep1
chr12	6589650	6589700	4	KD_rep1
chr12	6589700	6589750	6	KD_rep1
chr12	6589750	6589800	4	KD_rep1
chr12	6589800	6589850	5	KD_rep1
chr12	6589850	6589900	4	KD_rep1
chr12	6589900	6589950	4	KD_rep1
chr12	6589950	6590000	6	KD_rep1
chr12	6590000	6590050	6	KD_rep1
chr12	6590050	6590100	5	KD_rep1
chr12	6590100	6590150	5	KD_rep1
chr12	6590150	6590200	5	KD_rep1
chr12	6590200	6590250	4	KD_rep1
chr12	6590250	6590300	26	KD_rep1
chr12	6590300	6590350	23	KD_rep1
chr12	6590350	6590400	5	KD_rep1
chr12	6590400	6590450	5	KD_rep1
chr12	6590450	6590500	5	KD_rep1
chr12	6590500	6590550	4	KD_rep1
chr12	6590550	6590600	5	KD_rep1
chr12	6590600	6590650	5	KD_rep1
chr12	6590650	6590700	6	KD_rep1
chr12	6590700	6590750	6	KD_rep1
chr12	6590750	6590800	4	KD_rep1
chr12	6590800	6590850	6	KD_rep1
chr12	6590850	6590900	5	KD_rep1
chr12	6590900	6590950	5	KD_rep1
chr12	6590950	6591000	4	KD_rep1
chr12	6591000	6591050	5	KD_rep1
chr12	6591050	6591100	5	KD_rep1
chr12	6591100	6591150	5	KD_rep1
chr12	6591150	6591200	5	KD_rep1
chr12	6591200	6591250	5	KD_rep1
chr12	6591250	6591300	4	KD_rep1
chr12	6591300	6591350	5	KD_rep1
chr12	6591350	6591400	5	KD_rep1
chr12	6591400	6591450	5	KD_rep1
chr12	6591450	6591500	5	KD_rep1
chr12	6591500	6591550	5	KD_rep1
chr12	6591550	6591600	5	KD_rep1
chr12	6591600	6591650	4	KD_rep1
chr12	6591650	6591700	5	KD_rep1
chr12	6591700	6591750	5	KD_rep1
chr12	6591750	6591800	4	KD_rep1
chr12	6591800	6591850	4	KD_rep1
chr12	6591850	6591900	5	KD_rep1
chr12	6591900	6591950	5	KD_rep1
chr12	6591950	6592000	5	KD_rep1
chr12	6592000	6592050	4	KD_rep1
chr12	6592050	6592100	4	KD_rep1
chr12	6592100	6592150	5	KD_rep1
chr12	6592150	6592200	5	KD_rep1
chr12	6592200	6592250	5	KD_rep1
chr12	6592250	6592300	4	KD_rep1
chr12	6592300	6592350	5	KD_rep1
chr12	6592350	6592400	4	KD_rep1
chr12	6592400	6592450	5	KD_rep1
chr12	6592450	6592500	5	KD_rep1
chr12	6592500	6592550	6	KD_rep1
chr12	6592550	6592600	5	KD_rep1
chr12	6592600	6592650	5	KD_rep1
chr12	6592650	6592700	4	KD_rep1
chr12	6592700	6592750	5	KD_rep1
chr12	6592750	6592800	5	KD_rep1
chr12	6592800	6592850	5	KD_rep1
chr12	6592850	6592900	5	KD_rep1
chr12	6592900	6592950	4	KD_rep1
chr12	6592950	6593000	5	KD_rep1
chr12	6593000	6593050	4	KD_rep1
chr12	6593050	6593100	6	KD_rep1
chr12	6593100	6593150	5	KD_rep1
chr12	6593150	6593200	5	KD_rep1
chr12	6593200	6593250	4	KD_rep1
chr12	6593250	6593300	243	KD_rep1
chr12	6593300	6593350	188	KD_rep1
chr12	6593350	6593400	183	KD_rep1
chr12	6593400	6593450	297	KD_rep1
chr12	6593450	6593500	192	KD_rep1
chr12	6593500	6593550	8	KD_rep1
chr12	6593550	6593600	8	KD_rep1
chr12	6593600	6593650	8	KD_rep1
chr12	6593650	6593700	9	KD_rep1
chr12	6593700	6593750	9	KD_rep1
chr12	6593750	6593800	8	KD_rep1
chr12	6593800	6593850	9	KD_rep1
chr12	6593850	6593900	8	KD_rep1
chr12	6593900	6593950	9	KD_rep1
chr12	6593950	6594000	8	KD_rep1
chr12	6594000	6594050	7	KD_rep1
chr12	6594050	6594100	10	KD_rep1
chr12	6594100	6594150	7	KD_rep1
chr12	6594150	6594200	8	KD_rep1
chr12	6594200	6594250	8	KD_rep1
chr12	6594250	6594300	9	KD_rep1
chr12	6594300	6594350	245	KD_rep1
chr12	6594350	6594400	232	KD_rep1
chr12	6594400	6594450	227	KD_rep1
chr12	6594450	6594500	8	KD_rep1
chr12	6594500	6594550	8	KD_rep1
chr12	6594550	6594600	9	KD_rep1
chr12	6594600	6594650	9	KD_rep1
chr12	6594650	6594700	7	KD_rep1
chr12	6594700	6594750	10	KD_rep1
chr12	6594750	6594800	11	KD_rep1
chr12	6594800	6594850	7	KD_rep1
chr12	6594850	6594900	9	KD_rep1
chr12	6594900	6594950	6	KD_rep1
chr12	6594950	6595000	9	KD_rep1
chr12	6595000	6595050	8	KD_rep1
chr12	6595050	6595100	7	KD_rep1
chr12	6595100	6595150	8	KD_rep1
chr12	6595150	6595200	9	KD_rep1
chr12	6595200	6595250	7	KD_rep1
chr12	6595250	6595300	10	KD_rep1
chr12	6595300	6595350	7	KD_rep1
chr12	6595350	6595400	7	KD_rep1
chr12	6595400	6595450	10	KD_rep1
chr12	6595450	6595500	9	KD_rep1
chr12	6595500	6595550	8	KD_rep1
chr12	6595550	6595600	10	KD_rep1
chr12	6595600	6595650	9	KD_rep1
chr12	6595650	6595700	9	KD_rep1
chr12	6595700	6595750	7	KD_rep1
chr12	6595750	6595800	7	KD_rep1
chr12	6595800	6595850	7	KD_rep1
chr12	6595850	6595900	7	KD_rep1
chr12	6595900	6595950	6	KD_rep1
chr12	6595950	6596000	10	KD_rep1
chr12	6596000	6596050	9	KD_rep1
chr12	6596050	6596100	9	KD_rep1
chr12	6596100	6596150	8	KD_rep1
chr12	6596150	6596200	6	KD_rep1
chr12	6596200	6596250	8	KD_rep1
chr12	6596250	6596300	8	KD_rep1
chr12	6596300	6596350	9	KD_rep1
chr12	6596350	6596400	8	KD_rep1
chr12	6596400	6596450	7	KD_rep1
chr12	6596450	6596500	9	KD_rep1
chr12	6596500	6596550	8	KD_rep1
chr12	6596550	6596600	7	KD_rep1
chr12	6596600	6596650	7	KD_rep1
chr12	6596650	6596700	8	KD_rep1
chr12	6596700	6596750	9	KD_rep1
chr12	6596750	6596800	8	KD_rep1
chr12	6596800	6596850	8	KD_rep1
chr12	6596850	6596900	9	KD_rep1
chr12	6596900	6596950	8	KD_rep1
chr12	6596950	6597000	8	KD_rep1
chr12	6597000	6597050	7	KD_rep1
chr12	6597050	6597100	8	KD_rep1
chr12	6597100	6597150	9	KD_rep1
chr12	6597150	6597200	7	KD_rep1
chr12	6597200	6597250	11	KD_rep1
chr12	6597250	6597300	7	KD_rep1
chr12	6597300	6597350	9	KD_rep1
chr12	6597350	6597400	9	KD_rep1
chr12	6597400	6597450	7	KD_rep1
chr12	6597450	6597500	6	KD_rep1
chr12	6597500	6597550	8	KD_rep1
chr12	6597550	6597600	9	KD_rep1
chr12	6597600	6597650	5	KD_rep1
chr12	6597650	6597700	7	KD_rep1
chr12	6597700	6597750	7	KD_rep1
chr12	6597750	6597800	7	KD_rep1
chr12	6597800	6597850	10	KD_rep1
chr12	6597850	6597900	8	KD_rep1
chr12	6597900	6597950	10	KD_rep1
chr12	6597950	6598000	7	KD_rep1
chr12	6598000	6598050	9	KD_rep1
chr12	6598050	6598100	8	KD_rep1
chr12	6598100	6598150	9	KD_rep1
chr12	6598150	6598200	8	KD_rep1
chr12	6598200	6598250	6	KD_rep1
chr12	6598250	6598300	8	KD_rep1
chr12	6598300	6598350	8	KD_rep1
chr12	6598350	6598400	7	KD_rep1
chr12	6598400	6598450	6	KD_rep1
chr12	6598450	6598500	6	KD_rep1
chr12	6598500	6598550	7	KD_rep1
chr12	6598550	6598600	8	KD_rep1
chr12	6598600	6598650	11	KD_rep1
chr12	6598650	6598700	8	KD_rep1
chr12	6598700	6598750	9	KD_rep1
chr12	6598750	6598800	7	KD_rep1
chr12	6598800	6598850	7	KD_rep1
chr12	6598850	6598900	8	KD_rep1
chr12	6598900	6598950	7	KD_rep1
chr12	6598950	6599000	10	KD_rep1
chr12	6599000	6599050	9	KD_rep1
chr12	6599050	6599100	10	KD_rep1
chr12	6599100	6599150	9	KD_rep1
chr12	6599150	6599200	9	KD_rep1
chr12	6599200	6599250	9	KD_rep1
chr12	6599250	6599300	9	KD_rep1
chr12	6599300	6599350	8	KD_rep1
chr12	6599350	6599400	7	KD_rep1
chr12	6599400	6599450	9	KD_rep1
chr12	6599450	6599500	9	KD_rep1
chr12	6599500	6599550	9	KD_rep1
chr12	6599550	6599600	7	KD_rep1
chr12	6599600	6599650	6	KD_rep1
chr12	6599650	6599700	9	KD_rep1
chr12	6599700	6599750	8	KD_rep1
chr12	6599750	6599800	8	KD_rep1
chr12	6599800	6599850	6	KD_rep1
chr12	6599850	6599900	8	KD_rep1
chr12	6599900	6599950	8	KD_rep1
chr12	6599950	6600000	7	KD_rep1
chr12	6600000	6600050	11	KD_rep1
chr12	6600050	6600100	9	KD_rep1
chr12	6600100	6600150	9	KD_rep1
chr12	6600150	6600200	6	KD_rep1
chr12	6600200	6600250	9	KD_rep1
chr12	6600250	6600300	8	KD_rep1
chr12	6600300	6600350	6	KD_rep1
chr12	6600350	6600400	11	KD_rep1
chr12	6600400	6600450	9	KD_rep1
chr12	6600450	6600500	9	KD_rep1
chr12	6600500	6600550	7	KD_rep1
chr12	6600550	6600600	9	KD_rep1
chr12	6600600	6600650	8	KD_rep1
chr12	6600650	6600700	7	KD_rep1
chr12	6600700	6600750	8	KD_rep1
chr12	6600750	6600800	8	KD_rep1
chr12	6600800	6600850	8	KD_rep1
chr12	6600850	6600900	9	KD_rep1
chr12	6600900	6600950	10	KD_rep1
chr12	6600950	6601000	8	KD_rep1
chr12	6601000	6601050	9	KD_rep1
chr12	6601050	6601100	8	KD_rep1
chr12	6601100	6601150	9	KD_rep1
chr12	6601150	6601200	10	KD_rep1
chr12	6601200	6601250	7	KD_rep1
chr12	6601250	6601300	7	KD_rep1
chr12	6601300	6601350	10	KD_rep1
chr12	6601350	6601400	9	KD_rep1
chr12	6601400	6601450	7	KD_rep1
chr12	6601450	6601500	9	KD_rep1
chr12	6601500	6601550	7	KD_rep1
chr12	6601550	6601600	9	KD_rep1
chr12	6601600	6601650	8	KD_rep1
chr12	6601650	6601700	7	KD_rep1
chr12	6601700	6601750	9	KD_rep1
chr12	6601750	6601800	10	KD_rep1
chr12	6601800	6601850	8	KD_rep1
chr12	6601850	6601900	9	KD_rep1
chr12	6601900	6601950	6	KD_rep1
chr12	6601950	6602000	8	KD_rep1
chr12	6602000	6602050	8	KD_rep1
chr12	6602050	6602100	8	KD_rep1
chr12	6602100	6602150	8	KD_rep1
chr12	6602150	6602200	7	KD_rep1
chr12	6602200	6602250	9	KD_rep1
chr12	6602250	6602300	10	KD_rep1
chr12	6602300	6602350	7	KD_rep1
chr12	6602350	6602400	7	KD_rep1
chr12	6602400	6602450	6	KD_rep1
chr12	6602450	6602500	8	KD_rep1
chr12	6602500	6602550	7	KD_rep1
chr12	6602550	6602600	9	KD_rep1
chr12	6602600	6602650	9	KD_rep1
chr12	6602650	6602700	9	KD_rep1
chr12	6602700	6602750	6	KD_rep1
chr12	6602750	6602800	9	KD_rep1
chr12	6602800	6602850	9	KD_rep1
chr12	6602850	6602900	7	KD_rep1
chr12	6602900	6602950	7	KD_rep1
chr12	6602950	6603000	9	KD_rep1
chr12	6603000	6603050	6	KD_rep1
chr12	6603050	6603100	9	KD_rep1
chr12	6603100	6603150	7	KD_rep1
chr12	6603150	6603200	7	KD_rep1
chr12	6603200	6603250	10	KD_rep1
chr12	6603250	6603300	8	KD_rep1
chr12	6603300	6603350	8	KD_rep1
chr12	6603350	6603400	9	KD_rep1
chr12	6603400	6603450	8	KD_rep1
chr12	6603450	6603500	9	KD_rep1
chr12	6603500	6603550	8	KD_rep1
chr12	6603550	6603600	10	KD_rep1
chr12	6603600	6603650	8	KD_rep1
chr12	6603650	6603700	7	KD_rep1
chr12	6603700	6603750	9	KD_rep1
chr12	6603750	6603800	9	KD_rep1
chr12	6603800	6603850	9	KD_rep1
chr12	6603850	6603900	8	KD_rep1
chr12	6603900	6603950	7	KD_rep1
chr12	6603950	6604000	8	KD_rep1
chr12	6604000	6604050	8	KD_rep1
chr12	6604050	6604100	176	KD_rep1
chr12	6604100	6604150	218	KD_rep1
chr12	6604150	6604200	150	KD_rep1
chr12	6604200	6604250	207	KD_rep1
chr12	6604250	6604300	5	KD_rep1
chr12	6604300	6604350	6	KD_rep1
chr12	6604350	6604400	6	KD_rep1
chr12	6604400	6604450	7	KD_rep1
chr12	6604450	6604500	7	KD_rep1
chr12	6604500	6604550	8	KD_rep1
chr12	6604550	6604600	7	KD_rep1
chr12	6604600	6604650	6	KD_rep1
chr12	6604650	6604700	8	KD_rep1
chr12	6604700	6604750	6	KD_rep1
chr12	6604750	6604800	7	KD_rep1
chr12	6604800	6604850	6	KD_rep1
chr12	6604850	6604900	6	KD_rep1
chr12	6604900	6604950	7	KD_rep1
chr12	6604950	6605000	5	KD_rep1
chr12	6605000	6605050	7	KD_rep1
chr12	6605050	6605100	6	KD_rep1
chr12	6605100	6605150	7	KD_rep1
chr12	6605150	6605200	8	KD_rep1
chr12	6605200	6605250	7	KD_rep1
chr12	6605250	6605300	7	KD_rep1
chr12	6605300	6605350	7	KD_rep1
chr12	6605350	6605400	8	KD_rep1
chr12	6605400	6605450	8	KD_rep1
chr12	6605450	6605500	5	KD_rep1
chr12	6605500	6605550	122	KD_rep1
chr12	6605550	6605600	170	KD_rep1
chr12	6605600	6605650	154	KD_rep1
chr12	6605650	6605700	7	KD_rep1
chr12	6605700	6605750	5	KD_rep1
chr12	6605750	6605800	5	KD_rep1
chr12	6605800	6605850	6	KD_rep1
chr12	6605850	6605900	6	KD_rep1
chr12	6605900	6605950	5	KD_rep1
chr12	6605950	6606000	5	KD_rep1
chr12	6606000	6606050	6	KD_rep1
chr12	6606050	6606100	5	KD_rep1
chr12	6606100	6606150	5	KD_rep1
chr12	6606150	6606200	6	KD_rep1
chr12	6606200	6606250	7	KD_rep1
chr12	6606250	6606300	6	KD_rep1
chr12	6606300	6606350	5	KD_rep1
chr12	6606350	6606400	5	KD_rep1
chr12	6606400	6606450	5	KD_rep1
chr12	6606450	6606500	6	KD_rep1
chr12	6606500	6606550	6	KD_rep1
chr12	6606550	6606600	7	KD_rep1
chr12	6606600	6606650	6	KD_rep1
chr12	6606650	6606700	6	KD_rep1
chr12	6606700	6606750	7	KD_rep1
chr12	6606750	6606800	6	KD_rep1
chr12	6606800	6606850	5	KD_rep1
chr12	6606850	6606900	7	KD_rep1
chr12	6606900	6606950	7	KD_rep1
chr12	6606950	6607000	6	KD_rep1
chr12	6607000	6607050	7	KD_rep1
chr12	6607050	6607100	5	KD_rep1
chr12	6607100	6607150	6	KD_rep1
chr12	6607150	6607200	6	KD_rep1
chr12	6607200	6607250	6	KD_rep1
chr12	6607250	6607300	6	KD_rep1
chr12	6607300	6607350	6	KD_rep1
chr12	6607350	6607400	5	KD_rep1
chr12	6607400	6607450	4	KD_rep1
chr12	6607450	6607500	6	KD_rep1
chr12	6607500	6607550	6	KD_rep1
chr12	6607550	6607600	5	KD_rep1
chr12	6607600	6607650	5	KD_rep1
chr12	6607650	6607700	6	KD_rep1
chr12	6607700	6607750	6	KD_rep1
chr12	6607750	6607800	6	KD_rep1
chr12	6607800	6607850	5	KD_rep1
chr12	6607850	6607900	6	KD_rep1
chr12	6607900	6607950	7	KD_rep1
chr12	6607950	6608000	6	KD_rep1
chr12	6608000	6608050	6	KD_rep1
chr12	6608050	6608100	6	KD_rep1
chr12	6608100	6608150	5	KD_rep1
chr12	6608150	6608200	7	KD_rep1
chr12	6608200	6608250	5	KD_rep1
chr12	6608250	6608300	5	KD_rep1
chr12	6608300	6608350	7	KD_rep1
chr12	6608350	6608400	7	KD_rep1
chr12	6608400	6608450	5	KD_rep1
chr12	6608450	6608500	5	KD_rep1
chr12	6608500	6608550	5	KD_rep1
chr12	6608550	6608600	7	KD_rep1
chr12	6608600	6608650	6	KD_rep1
chr12	6608650	6608700	5	KD_rep1
chr12	6608700	6608750	7	KD_rep1
chr12	6608750	6608800	5	KD_rep1
chr12	6608800	6608850	6	KD_rep1
chr12	6608850	6608900	6	KD_rep1
chr12	6608900	6608950	6	KD_rep1
chr12	6608950	6609000	6	KD_rep1
chr12	6609000	6609050	5	KD_rep1
chr12	6609050	6609100	7	KD_rep1
chr12	6609100	6609150	6	KD_rep1
chr12	6609150	6609200	6	KD_rep1
chr12	6609200	6609250	6	KD_rep1
chr12	6609250	6609300	6	KD_rep1
chr12	6609300	6609350	6	KD_rep1
chr12	6609350	6609400	5	KD_rep1
chr12	6609400	6609450	6	KD_rep1
chr12	6609450	6609500	5	KD_rep1
chr12	6609500	6609550	5	KD_rep1
chr12	6609550	6609600	6	KD_rep1
chr12	6609600	6609650	5	KD_rep1
chr12	6609650	6609700	5	KD_rep1
chr12	6609700	6609750	5	KD_rep1
chr12	6609750	6609800	132	KD_rep1
chr12	6609800	6609850	127	KD_rep1
chr12	6609850	6609900	125	KD_rep1
chr12	6609900	6609950	141	KD_rep1
chr12	6609950	6610000	126	KD_rep1
chr12	6610000	6610050	138	KD_rep1
chr12	6610050	6610100	127	KD_rep1
chr12	6610100	6610101	128	KD_rep1
chr12	6571000	6571050	339	KD_rep2
chr12	6571050	6571100	296	KD_rep2
chr12	6571100	6571150	239	KD_rep2
chr12	6571150	6571200	220	KD_rep2
chr12	6571200	6571250	242	KD_rep2
chr12	6571250	6571300	267	KD_rep2
chr12	6571300	6571350	263	KD_rep2
chr12	6571350	6571400	242	KD_rep2
chr12	6571400	6571450	281	KD_rep2
chr12	6571450	6571500	12	KD_rep2
chr12	6571500	6571550	12	KD_rep2
chr12	6571550	6571600	11	KD_rep2
chr12	6571600	6571650	9	KD_rep2
chr12	6571650	6571700	10	KD_rep2
chr12	6571700	6571750	9	KD_rep2
chr12	6571750	6571800	9	KD_rep2
chr12	6571800	6571850	10	KD_rep2
chr12	6571850	6571900	11	KD_rep2
chr12	6571900	6571950	12	KD_rep2
chr12	6571950	6572000	8	KD_rep2
chr12	6572000	6572050	9	KD_rep2
chr12	6572050	6572100	11	KD_rep2
chr12	6572100	6572150	12	KD_rep2
chr12	6572150	6572200	12	KD_rep2
chr12	6572200	6572250	10	KD_rep2
chr12	6572250	6572300	10	KD_rep2
chr12	6572300	6572350	12	KD_rep2
chr12	6572350	6572400	12	KD_rep2
chr12	6572400	6572450	11	KD_rep2
chr12	6572450	6572500	10	KD_rep2
chr12	6572500	6572550	10	KD_rep2
chr12	6572550	6572600	14	KD_rep2
chr12	6572600	6572650	10	KD_rep2
chr12	6572650	6572700	9	KD_rep2
chr12	6572700	6572750	13	KD_rep2
chr12	6572750	6572800	10	KD_rep2
chr12	6572800	6572850	9	KD_rep2
chr12	6572850	6572900	12	KD_rep2
chr12	6572900	6572950	12	KD_rep2
chr12	6572950	6573000	11	KD_rep2
chr12	6573000	6573050	10	KD_rep2
chr12	6573050	6573100	11	KD_rep2
chr12	6573100	6573150	8	KD_rep2
chr12	6573150	6573200	13	KD_rep2
chr12	6573200	6573250	11	KD_rep2
chr12	6573250	6573300	11	KD_rep2
chr12	6573300	6573350	9	KD_rep2
chr12	6573350	6573400	14	KD_rep2
chr12	6573400	6573450	10	KD_rep2
chr12	6573450	6573500	10	KD_rep2
chr12	6573500	6573550	10	KD_rep2
chr12	6573550	6573600	9	KD_rep2
chr12	6573600	6573650	9	KD_rep2
chr12	6573650	6573700	11	KD_rep2
chr12	6573700	6573750	8	KD_rep2
chr12	6573750	6573800	11	KD_rep2
chr12	6573800	6573850	12	KD_rep2
chr12	6573850	6573900	7	KD_rep2
chr12	6573900	6573950	10	KD_rep2
chr12	6573950	6574000	11	KD_rep2
chr12	6574000	6574050	10	KD_rep2
chr12	6574050	6574100	13	KD_rep2
chr12	6574100	6574150	9	KD_rep2
chr12	6574150	6574200	13	KD_rep2
chr12	6574200	6574250	11	KD_rep2
chr12	6574250	6574300	10	KD_rep2
chr12	6574300	6574350	12	KD_rep2
chr12	6574350	6574400	10	KD_rep2
chr12	6574400	6574450	11	KD_rep2
chr12	6574450	6574500	9	KD_rep2
chr12	6574500	6574550	10	KD_rep2
chr12	6574550	6574600	10	KD_rep2
chr12	6574600	6574650	12	KD_rep2
chr12	6574650	6574700	10	KD_rep2
chr12	6574700	6574750	9	KD_rep2
chr12	6574750	6574800	10	KD_rep2
chr12	6574800	6574850	10	KD_rep2
chr12	6574850	6574900	12	KD_rep2
chr12	6574900	6574950	12	KD_rep2
chr12	6574950	6575000	10	KD_rep2
chr12	6575000	6575050	11	KD_rep2
chr12	6575050	6575100	11	KD_rep2
chr12	6575100	6575150	13	KD_rep2
chr12	6575150	6575200	9	KD_rep2
chr12	6575200	6575250	13	KD_rep2
chr12	6575250	6575300	12	KD_rep2
chr12	6575300	6575350	8	KD_rep2
chr12	6575350	6575400	9	KD_rep2
chr12	6575400	6575450	12	KD_rep2
chr12	6575450	6575500	11	KD_rep2
chr12	6575500	6575550	11	KD_rep2
chr12	6575550	6575600	11	KD_rep2
chr12	6575600	6575650	12	KD_rep2
chr12	6575650	6575700	9	KD_rep2
chr12	6575700	6575750	12	KD_rep2
chr12	6575750	6575800	13	KD_rep2
chr12	6575800	6575850	14	KD_rep2
chr12	6575850	6575900	12	KD_rep2
chr12	6575900	6575950	11	KD_rep2
chr12	6575950	6576000	9	KD_rep2
chr12	6576000	6576050	12	KD_rep2
chr12	6576050	6576100	8	KD_rep2
chr12	6576100	6576150	11	KD_rep2
chr12	6576150	6576200	12	KD_rep2
chr12	6576200	6576250	10	KD_rep2
chr12	6576250	6576300	10	KD_rep2
chr12	6576300	6576350	10	KD_rep2
chr12	6576350	6576400	12	KD_rep2
chr12	6576400	6576450	10	KD_rep2
chr12	6576450	6576500	15	KD_rep2
chr12	6576500	6576550	10	KD_rep2
chr12	6576550	6576600	11	KD_rep2
chr12	6576600	6576650	8	KD_rep2
chr12	6576650	6576700	13	KD_rep2
chr12	6576700	6576750	9	KD_rep2
chr12	6576750	6576800	11	KD_rep2
chr12	6576800	6576850	10	KD_rep2
chr12	6576850	6576900	10	KD_rep2
chr12	6576900	6576950	10	KD_rep2
chr12	6576950	6577000	12	KD_rep2
chr12	6577000	6577050	12	KD_rep2
chr12	6577050	6577100	10	KD_rep2
chr12	6577100	6577150	10	KD_rep2
chr12	6577150	6577200	13	KD_rep2
chr12	6577200	6577250	10	KD_rep2
chr12	6577250	6577300	12	KD_rep2
chr12	6577300	6577350	8	KD_rep2
chr12	6577350	6577400	9	KD_rep2
chr12	6577400	6577450	12	KD_rep2
chr12	6577450	6577500	10	KD_rep2
chr12	6577500	6577550	12	KD_rep2
chr12	6577550	6577600	10	KD_rep2
chr12	6577600	6577650	11	KD_rep2
chr12	6577650	6577700	12	KD_rep2
chr12	6577700	6577750	12	KD_rep2
chr12	6577750	6577800	12	KD_rep2
chr12	6577800	6577850	13	KD_rep2
chr12	6577850	6577900	11	KD_rep2
chr12	6577900	6577950	11	KD_rep2
chr12	6577950	6578000	12	KD_rep2
chr12	6578000	6578050	12	KD_rep2
chr12	6578050	6578100	12	KD_rep2
chr12	6578100	6578150	11	KD_rep2
chr12	6578150	6578200	9	KD_rep2
chr12	6578200	6578250	8	KD_rep2
chr12	6578250	6578300	9	KD_rep2
chr12	6578300	6578350	10	KD_rep2
chr12	6578350	6578400	11	KD_rep2
chr12	6578400	6578450	9	KD_rep2
chr12	6578450	6578500	10	KD_rep2
chr12	6578500	6578550	13	KD_rep2
chr12	6578550	6578600	12	KD_rep2
chr12	6578600	6578650	10	KD_rep2
chr12	6578650	6578700	13	KD_rep2
chr12	6578700	6578750	9	KD_rep2
chr12	6578750	6578800	11	KD_rep2
chr12	6578800	6578850	13	KD_rep2
chr12	6578850	6578900	12	KD_rep2
chr12	6578900	6578950	11	KD_rep2
chr12	6578950	6579000	10	KD_rep2
chr12	6579000	6579050	10	KD_rep2
chr12	6579050	6579100	8	KD_rep2
chr12	6579100	6579150	13	KD_rep2
chr12	6579150	6579200	9	KD_rep2
chr12	6579200	6579250	15	KD_rep2
chr12	6579250	6579300	10	KD_rep2
chr12	6579300	6579350	11	KD_rep2
chr12	6579350	6579400	11	KD_rep2
chr12	6579400	6579450	11	KD_rep2
chr12	6579450	6579500	11	KD_rep2
chr12	6579500	6579550	12	KD_rep2
chr12	6579550	6579600	10	KD_rep2
chr12	6579600	6579650	10	KD_rep2
chr12	6579650	6579700	12	KD_rep2
chr12	6579700	6579750	8	KD_rep2
chr12	6579750	6579800	11	KD_rep2
chr12	6579800	6579850	11	KD_rep2
chr12	6579850	6579900	11	KD_rep2
chr12	6579900	6579950	10	KD_rep2
chr12	6579950	6580000	11	KD_rep2
chr12	6580000	6580050	12	KD_rep2
chr12	6580050	6580100	10	KD_rep2
chr12	6580100	6580150	10	KD_rep2
chr12	6580150	6580200	12	KD_rep2
chr12	6580200	6580250	13	KD_rep2
chr12	6580250	6580300	11	KD_rep2
chr12	6580300	6580350	13	KD_rep2
chr12	6580350	6580400	11	KD_rep2
chr12	6580400	6580450	11	KD_rep2
chr12	6580450	6580500	12	KD_rep2
chr12	6580500	6580550	10	KD_rep2
chr12	6580550	6580600	11	KD_rep2
chr12	6580600	6580650	8	KD_rep2
chr12	6580650	6580700	11	KD_rep2
chr12	6580700	6580750	13	KD_rep2
chr12	6580750	6580800	8	KD_rep2
chr12	6580800	6580850	11	KD_rep2
chr12	6580850	6580900	10	KD_rep2
chr12	6580900	6580950	10	KD_rep2
chr12	6580950	6581000	11	KD_rep2
chr12	6581000	6581050	12	KD_rep2
chr12	6581050	6581100	9	KD_rep2
chr12	6581100	6581150	10	KD_rep2
chr12	6581150	6581200	10	KD_rep2
chr12	6581200	6581250	15	KD_rep2
chr12	6581250	6581300	11	KD_rep2
chr12	6581300	6581350	9	KD_rep2
chr12	6581350	6581400	12	KD_rep2
chr12	6581400	6581450	7	KD_rep2
chr12	6581450	6581500	8	KD_rep2
chr12	6581500	6581550	13	KD_rep2
chr12	6581550	6581600	11	KD_rep2
chr12	6581600	6581650	10	KD_rep2
chr12	6581650	6581700	11	KD_rep2
chr12	6581700	6581750	10	KD_rep2
chr12	6581750	6581800	12	KD_rep2
chr12	6581800	6581850	9	KD_rep2
chr12	6581850	6581900	14	KD_rep2
chr12	6581900	6581950	10	KD_rep2
chr12	6581950	6582000	12	KD_rep2
chr12	6582000	6582050	13	KD_rep2
chr12	6582050	6582100	13	KD_rep2
chr12	6582100	6582150	10	KD_rep2
chr12	6582150	6582200	13	KD_rep2
chr12	6582200	6582250	9	KD_rep2
chr12	6582250	6582300	11	KD_rep2
chr12	6582300	6582350	10	KD_rep2
chr12	6582350	6582400	11	KD_rep2
chr12	6582400	6582450	12	KD_rep2
chr12	6582450	6582500	9	KD_rep2
chr12	6582500	6582550	10	KD_rep2
chr12	6582550	6582600	11	KD_rep2
chr12	6582600	6582650	10	KD_rep2
chr12	6582650	6582700	12	KD_rep2
chr12	6582700	6582750	13	KD_rep2
chr12	6582750	6582800	10	KD_rep2
chr12	6582800	6582850	9	KD_rep2
chr12	6582850	6582900	12	KD_rep2
chr12	6582900	6582950	10	KD_rep2
chr12	6582950	6583000	9	KD_rep2
chr12	6583000	6583050	10	KD_rep2
chr12	6583050	6583100	11	KD_rep2
chr12	6583100	6583150	12	KD_rep2
chr12	6583150	6583200	11	KD_rep2
chr12	6583200	6583250	10	KD_rep2
chr12	6583250	6583300	11	KD_rep2
chr12	6583300	6583350	12	KD_rep2
chr12	6583350	6583400	11	KD_rep2
chr12	6583400	6583450	9	KD_rep2
chr12	6583450	6583500	10	KD_rep2
chr12	6583500	6583550	12	KD_rep2
chr12	6583550	6583600	11	KD_rep2
chr12	6583600	6583650	15	KD_rep2
chr12	6583650	6583700	12	KD_rep2
chr12	6583700	6583750	9	KD_rep2
chr12	6583750	6583800	12	KD_rep2
chr12	6583800	6583850	11	KD_rep2
chr12	6583850	6583900	10	KD_rep2
chr12	6583900	6583950	8	KD_rep2
chr12	6583950	6584000	10	KD_rep2
chr12	6584000	6584050	10	KD_rep2
chr12	6584050	6584100	13	KD_rep2
chr12	6584100	6584150	13	KD_rep2
chr12	6584150	6584200	13	KD_rep2
chr12	6584200	6584250	11	KD_rep2
chr12	6584250	6584300	9	KD_rep2
chr12	6584300	6584350	10	KD_rep2
chr12	6584350	6584400	11	KD_rep2
chr12	6584400	6584450	8	KD_rep2
chr12	6584450	6584500	10	KD_rep2
chr12	6584500	6584550	9	KD_rep2
chr12	6584550	6584600	11	KD_rep2
chr12	6584600	6584650	12	KD_rep2
chr12	6584650	6584700	12	KD_rep2
chr12	6584700	6584750	11	KD_rep2
chr12	6584750	6584800	11	KD_rep2
chr12	6584800	6584850	13	KD_rep2
chr12	6584850	6584900	11	KD_rep2
chr12	6584900	6584950	10	KD_rep2
chr12	6584950	6585000	12	KD_rep2
chr12	6585000	6585050	11	KD_rep2
chr12	6585050	6585100	11	KD_rep2
chr12	6585100	6585150	11	KD_rep2
chr12	6585150	6585200	10	KD_rep2
chr12	6585200	6585250	13	KD_rep2
chr12	6585250	6585300	13	KD_rep2
chr12	6585300	6585350	8	KD_rep2
chr12	6585350	6585400	12	KD_rep2
chr12	6585400	6585450	11	KD_rep2
chr12	6585450	6585500	11	KD_rep2
chr12	6585500	6585550	14	KD_rep2
chr12	6585550	6585600	10	KD_rep2
chr12	6585600	6585650	13	KD_rep2
chr12	6585650	6585700	12	KD_rep2
chr12	6585700	6585750	9	KD_rep2
chr12	6585750	6585800	11	KD_rep2
chr12	6585800	6585850	9	KD_rep2
chr12	6585850	6585900	12	KD_rep2
chr12	6585900	6585950	12	KD_rep2
chr12	6585950	6586000	11	KD_rep2
chr12	6586000	6586050	12	KD_rep2
chr12	6586050	6586100	9	KD_rep2
chr12	6586100	6586150	8	KD_rep2
chr12	6586150	6586200	9	KD_rep2
chr12	6586200	6586250	8	KD_rep2
chr12	6586250	6586300	11	KD_rep2
chr12	6586300	6586350	10	KD_rep2
chr12	6586350	6586400	10	KD_rep2
chr12	6586400	6586450	10	KD_rep2
chr12	6586450	6586500	11	KD_rep2
chr12	6586500	6586550	9	KD_rep2
chr12	6586550	6586600	11	KD_rep2
chr12	6586600	6586650	12	KD_rep2
chr12	6586650	6586700	314	KD_rep2
chr12	6586700	6586750	213	KD_rep2
chr12	6586750	6586800	280	KD_rep2
chr12	6586800	6586850	305	KD_rep2
chr12	6586850	6586900	6	KD_rep2
chr12	6586900	6586950	5	KD_rep2
chr12	6586950	6587000	5	KD_rep2
chr12	6587000	6587050	6	KD_rep2
chr12	6587050	6587100	6	KD_rep2
chr12	6587100	6587150	6	KD_rep2
chr12	6587150	6587200	7	KD_rep2
chr12	6587200	6587250	7	KD_rep2
chr12	6587250	6587300	5	KD_rep2
chr12	6587300	6587350	6	KD_rep2
chr12	6587350	6587400	5	KD_rep2
chr12	6587400	6587450	7	KD_rep2
chr12	6587450	6587500	6	KD_rep2
chr12	6587500	6587550	6	KD_rep2
chr12	6587550	6587600	5	KD_rep2
chr12	6587600	6587650	6	KD_rep2
chr12	6587650	6587700	5	KD_rep2
chr12	6587700	6587750	6	KD_rep2
chr12	6587750	6587800	6	KD_rep2
chr12	6587800	6587850	5	KD_rep2
chr12	6587850	6587900	6	KD_rep2
chr12	6587900	6587950	6	KD_rep2
chr12	6587950	6588000	5	KD_rep2
chr12	6588000	6588050	6	KD_rep2
chr12	6588050	6588100	5	KD_rep2
chr12	6588100	6588150	5	KD_rep2
chr12	6588150	6588200	6	KD_rep2
chr12	6588200	6588250	6	KD_rep2
chr12	6588250	6588300	6	KD_rep2
chr12	6588300	6588350	6	KD_rep2
chr12	6588350	6588400	6	KD_rep2
chr12	6588400	6588450	7	KD_rep2
chr12	6588450	6588500	6	KD_rep2
chr12	6588500	6588550	5	KD_rep2
chr12	6588550	6588600	5	KD_rep2
chr12	6588600	6588650	7	KD_rep2
chr12	6588650	6588700	5	KD_rep2
chr12	6588700	6588750	7	KD_rep2
chr12	6588750	6588800	5	KD_rep2
chr12	6588800	6588850	6	KD_rep2
chr12	6588850	6588900	5	KD_rep2
chr12	6588900	6588950	6	KD_rep2
chr12	6588950	6589000	6	KD_rep2
chr12	6589000	6589050	6	KD_rep2
chr12	6589050	6589100	5	KD_rep2
chr12	6589100	6589150	6	KD_rep2
chr12	6589150	6589200	5	KD_rep2
chr12	6589200	6589250	6	KD_rep2
chr12	6589250	6589300	6	KD_rep2
chr12	6589300	6589350	7	KD_rep2
chr12	6589350	6589400	6	KD_rep2
chr12	6589400	6589450	5	KD_rep2
chr12	6589450	6589500	6	KD_rep2
chr12	6589500	6589550	6	KD_rep2
chr12	6589550	6589600	6	KD_rep2
chr12	6589600	6589650	5	KD_rep2
chr12	6589650	6589700	5	KD_rep2
chr12	6589700	6589750	6	KD_rep2
chr12	6589750	6589800	7	KD_rep2
chr12	6589800	6589850	4	KD_rep2
chr12	6589850	6589900	6	KD_rep2
chr12	6589900	6589950	5	KD_rep2
chr12	6589950	6590000	4	KD_rep2
chr12	6590000	6590050	5	KD_rep2
chr12	6590050	6590100	6	KD_rep2
chr12	6590100	6590150	6	KD_rep2
chr12	6590150	6590200	5	KD_rep2
chr12	6590200	6590250	6	KD_rep2
chr12	6590250	6590300	31	KD_rep2
chr12	6590300	6590350	25	KD_rep2
chr12	6590350	6590400	3	KD_rep2
chr12	6590400	6590450	6	KD_rep2
chr12	6590450	6590500	5	KD_rep2
chr12	6590500	6590550	5	KD_rep2
chr12	6590550	6590600	6	KD_rep2
chr12	6590600	6590650	6	KD_rep2
chr12	6590650	6590700	6	KD_rep2
chr12	6590700	6590750	5	KD_rep2
chr12	6590750	6590800	6	KD_rep2
chr12	6590800	6590850	6	KD_rep2
chr12	6590850	6590900	6	KD_rep2
chr12	6590900	6590950	6	KD_rep2
chr12	6590950	6591000	5	KD_rep2
chr12	6591000	6591050	7	KD_rep2
chr12	6591050	6591100	5	KD_rep2
chr12	6591100	6591150	5	KD_rep2
chr12	6591150	6591200	6	KD_rep2
chr12	6591200	6591250	4	KD_rep2
chr12	6591250	6591300	6	KD_rep2
chr12	6591300	6591350	5	KD_rep2
chr12	6591350	6591400	5	KD_rep2
chr12	6591400	6591450	6	KD_rep2
chr12	6591450	6591500	7	KD_rep2
chr12	6591500	6591550	6	KD_rep2
chr12	6591550	6591600	5	KD_rep2
chr12	6591600	6591650	6	KD_rep2
chr12	6591650	6591700	7	KD_rep2
chr12	6591700	6591750	8	KD_rep2
chr12	6591750	6591800	7	KD_rep2
chr12	6591800	6591850	5	KD_rep2
chr12	6591850	6591900	6	KD_rep2
chr12	6591900	6591950	6	KD_rep2
chr12	6591950	6592000	5	KD_rep2
chr12	6592000	6592050	5	KD_rep2
chr12	6592050	6592100	6	KD_rep2
chr12	6592100	6592150	6	KD_rep2
chr12	6592150	6592200	5	KD_rep2
chr12	6592200	6592250	5	KD_rep2
chr12	6592250	6592300	7	KD_rep2
chr12	6592300	6592350	6	KD_rep2
chr12	6592350	6592400	6	KD_rep2
chr12	6592400	6592450	7	KD_rep2
chr12	6592450	6592500	6	KD_rep2
chr12	6592500	6592550	6	KD_rep2
chr12	6592550	6592600	6	KD_rep2
chr12	6592600	6592650	7	KD_rep2
chr12	6592650	6592700	6	KD_rep2
chr12	6592700	6592750	5	KD_rep2
chr12	6592750	6592800	6	KD_rep2
chr12	6592800	6592850	7	KD_rep2
chr12	6592850	6592900	6	KD_rep2
chr12	6592900	6592950	6	KD_rep2
chr12	6592950	6593000	7	KD_rep2
chr12	6593000	6593050	7	KD_rep2
chr12	6593050	6593100	5	KD_rep2
chr12	6593100	6593150	6	KD_rep2
chr12	6593150	6593200	5	KD_rep2
chr12	6593200	6593250	6	KD_rep2
chr12	6593250	6593300	264	KD_rep2
chr12	6593300	6593350	223	KD_rep2
chr12	6593350	6593400	262	KD_rep2
chr12	6593400	6593450	286	KD_rep2
chr12	6593450	6593500	303	KD_rep2
chr12	6593500	6593550	10	KD_rep2
chr12	6593550	6593600	9	KD_rep2
chr12	6593600	6593650	10	KD_rep2
chr12	6593650	6593700	13	KD_rep2
chr12	6593700	6593750	10	KD_rep2
chr12	6593750	6593800	11	KD_rep2
chr12	6593800	6593850	7	KD_rep2
chr12	6593850	6593900	9	KD_rep2
chr12	6593900	6593950	9	KD_rep2
chr12	6593950	6594000	12	KD_rep2
chr12	6594000	6594050	9	KD_rep2
chr12	6594050	6594100	11	KD_rep2
chr12	6594100	6594150	8	KD_rep2
chr12	6594150	6594200	9	KD_rep2
chr12	6594200	6594250	12	KD_rep2
chr12	6594250	6594300	11	KD_rep2
chr12	6594300	6594350	296	KD_rep2
chr12	6594350	6594400	285	KD_rep2
chr12	6594400	6594450	287	KD_rep2
chr12	6594450	6594500	7	KD_rep2
chr12	6594500	6594550	10	KD_rep2
chr12	6594550	6594600	11	KD_rep2
chr12	6594600	6594650	10	KD_rep2
chr12	6594650	6594700	10	KD_rep2
chr12	6594700	6594750	12	KD_rep2
chr12	6594750	6594800	11	KD_rep2
chr12	6594800	6594850	12	KD_rep2
chr12	6594850	6594900	10	KD_rep2
chr12	6594900	6594950	11	KD_rep2
chr12	6594950	6595000	10	KD_rep2
chr12	6595000	6595050	11	KD_rep2
chr12	6595050	6595100	9	KD_rep2
chr12	6595100	6595150	13	KD_rep2
chr12	6595150	6595200	9	KD_rep2
chr12	6595200	6595250	12	KD_rep2
chr12	6595250	6595300	10	KD_rep2
chr12	6595300	6595350	9	KD_rep2
chr12	6595350	6595400	9	KD_rep2
chr12	6595400	6595450	10	KD_rep2
chr12	6595450	6595500	9	KD_rep2
chr12	6595500	6595550	10	KD_rep2
chr12	6595550	6595600	9	KD_rep2
chr12	6595600	6595650	11	KD_rep2
chr12	6595650	6595700	10	KD_rep2
chr12	6595700	6595750	9	KD_rep2
chr12	6595750	6595800	10	KD_rep2
chr12	6595800	6595850	7	KD_rep2
chr12	6595850	6595900	11	KD_rep2
chr12	6595900	6595950	9	KD_rep2
chr12	6595950	6596000	12	KD_rep2
chr12	6596000	6596050	14	KD_rep2
chr12	6596050	6596100	9	KD_rep2
chr12	6596100	6596150	10	KD_rep2
chr12	6596150	6596200	9	KD_rep2
chr12	6596200	6596250	9	KD_rep2
chr12	6596250	6596300	10	KD_rep2
chr12	6596300	6596350	10	KD_rep2
chr12	6596350	6596400	7	KD_rep2
chr12	6596400	6596450	10	KD_rep2
chr12	6596450	6596500	9	KD_rep2
chr12	6596500	6596550	8	KD_rep2
chr12	6596550	6596600	11	KD_rep2
chr12	6596600	6596650	9	KD_rep2
chr12	6596650	6596700	11	KD_rep2
chr12	6596700	6596750	10	KD_rep2
chr12	6596750	6596800	9	KD_rep2
chr12	6596800	6596850	11	KD_rep2
chr12	6596850	6596900	11	KD_rep2
chr12	6596900	6596950	8	KD_rep2
chr12	6596950	6597000	7	KD_rep2
chr12	6597000	6597050	11	KD_rep2
chr12	6597050	6597100	9	KD_rep2
chr12	6597100	6597150	9	KD_rep2
chr12	6597150	6597200	13	KD_rep2
chr12	6597200	6597250	12	KD_rep2
chr12	6597250	6597300	13	KD_rep2
chr12	6597300	6597350	9	KD_rep2
chr12	6597350	6597400	11	KD_rep2
chr12	6597400	6597450	11	KD_rep2
chr12	6597450	6597500	9	KD_rep2
chr12	6597500	6597550	11	KD_rep2
chr12	6597550	6597600	11	KD_rep2
chr12	6597600	6597650	9	KD_rep2
chr12	6597650	6597700	11	KD_rep2
chr12	6597700	6597750	13	KD_rep2
chr12	6597750	6597800	9	KD_rep2
chr12	6597800	6597850	11	KD_rep2
chr12	6597850	6597900	9	KD_rep2
chr12	6597900	6597950	11	KD_rep2
chr12	6597950	6598000	11	KD_rep2
chr12	6598000	6598050	11	KD_rep2
chr12	6598050	6598100	11	KD_rep2
chr12	6598100	6598150	10	KD_rep2
chr12	6598150	6598200	10	KD_rep2
chr12	6598200	6598250	10	KD_rep2
chr12	6598250	6598300	11	KD_rep2
chr12	6598300	6598350	10	KD_rep2
chr12	6598350	6598400	12	KD_rep2
chr12	6598400	6598450	10	KD_rep2
chr12	6598450	6598500	11	KD_rep2
chr12	6598500	6598550	13	KD_rep2
chr12	6598550	6598600	10	KD_rep2
chr12	6598600	6598650	11	KD_rep2
chr12	6598650	6598700	10	KD_rep2
chr12	6598700	6598750	11	KD_rep2
chr12	6598750	6598800	12	KD_rep2
chr12	6598800	6598850	8	KD_rep2
chr12	6598850	6598900	9	KD_rep2
chr12	6598900	6598950	12	KD_rep2
chr12	6598950	6599000	11	KD_rep2
chr12	6599000	6599050	12	KD_rep2
chr12	6599050	6599100	11	KD_rep2
chr12	6599100	6599150	7	KD_rep2
chr12	6599150	6599200	9	KD_rep2
chr12	6599200	6599250	11	KD_rep2
chr12	6599250	6599300	10	KD_rep2
chr12	6599300	6599350	12	KD_rep2
chr12	6599350	6599400	11	KD_rep2
chr12	6599400	6599450	9	KD_rep2
chr12	6599450	6599500	10	KD_rep2
chr12	6599500	6599550	10	KD_rep2
chr12	6599550	6599600	10	KD_rep2
chr12	6599600	6599650	11	KD_rep2
chr12	6599650	6599700	11	KD_rep2
chr12	6599700	6599750	10	KD_rep2
chr12	6599750	6599800	8	KD_rep2
chr12	6599800	6599850	10	KD_rep2
chr12	6599850	6599900	12	KD_rep2
chr12	6599900	6599950	11	KD_rep2
chr12	6599950	6600000	11	KD_rep2
chr12	6600000	6600050	11	KD_rep2
chr12	6600050	6600100	9	KD_rep2
chr12	6600100	6600150	11	KD_rep2
chr12	6600150	6600200	10	KD_rep2
chr12	6600200	6600250	9	KD_rep2
chr12	6600250	6600300	10	KD_rep2
chr12	6600300	6600350	10	KD_rep2
chr12	6600350	6600400	10	KD_rep2
chr12	6600400	6600450	10	KD_rep2
chr12	6600450	6600500	11	KD_rep2
chr12	6600500	6600550	11	KD_rep2
chr12	6600550	6600600	10	KD_rep2
chr12	6600600	6600650	9	KD_rep2
chr12	6600650	6600700	10	KD_rep2
chr12	6600700	6600750	12	KD_rep2
chr12	6600750	6600800	10	KD_rep2
chr12	6600800	6600850	7	KD_rep2
chr12	6600850	6600900	12	KD_rep2
chr12	6600900	6600950	11	KD_rep2
chr12	6600950	6601000	10	KD_rep2
chr12	6601000	6601050	12	KD_rep2
chr12	6601050	6601100	9	KD_rep2
chr12	6601100	6601150	9	KD_rep2
chr12	6601150	6601200	9	KD_rep2
chr12	6601200	6601250	9	KD_rep2
chr12	6601250	6601300	10	KD_rep2
chr12	6601300	6601350	9	KD_rep2
chr12	6601350	6601400	12	KD_rep2
chr12	6601400	6601450	10	KD_rep2
chr12	6601450	6601500	10	KD_rep2
chr12	6601500	6601550	11	KD_rep2
chr12	6601550	6601600	10	KD_rep2
chr12	6601600	6601650	7	KD_rep2
chr12	6601650	6601700	11	KD_rep2
chr12	6601700	6601750	9	KD_rep2
chr12	6601750	6601800	12	KD_rep2
chr12	6601800	6601850	10	KD_rep2
chr12	6601850	6601900	12	KD_rep2
chr12	6601900	6601950	9	KD_rep2
chr12	6601950	6602000	9	KD_rep2
chr12	6602000	6602050	11	KD_rep2
chr12	6602050	6602100	8	KD_rep2
chr12	6602100	6602150	9	KD_rep2
chr12	6602150	6602200	7	KD_rep2
chr12	6602200	6602250	9	KD_rep2
chr12	6602250	6602300	9	KD_rep2
chr12	6602300	6602350	11	KD_rep2
chr12	6602350	6602400	9	KD_rep2
chr12	6602400	6602450	11	KD_rep2
chr12	6602450	6602500	8	KD_rep2
chr12	6602500	6602550	6	KD_rep2
chr12	6602550	6602600	11	KD_rep2
chr12	6602600	6602650	10	KD_rep2
chr12	6602650	6602700	11	KD_rep2
chr12	6602700	6602750	8	KD_rep2
chr12	6602750	6602800	7	KD_rep2
chr12	6602800	6602850	12	KD_rep2
chr12	6602850	6602900	10	KD_rep2
chr12	6602900	6602950	11	KD_rep2
chr12	6602950	6603000	11	KD_rep2
chr12	6603000	6603050	11	KD_rep2
chr12	6603050	6603100	10	KD_rep2
chr12	6603100	6603150	11	KD_rep2
chr12	6603150	6603200	8	KD_rep2
chr12	6603200	6603250	10	KD_rep2
chr12	6603250	6603300	7	KD_rep2
chr12	6603300	6603350	12	KD_rep2
chr12	6603350	6603400	11	KD_rep2
chr12	6603400	6603450	10	KD_rep2
chr12	6603450	6603500	8	KD_rep2
chr12	6603500	6603550	10	KD_rep2
chr12	6603550	6603600	5	KD_rep2
chr12	6603600	6603650	10	KD_rep2
chr12	6603650	6603700	9	KD_rep2
chr12	6603700	6603750	11	KD_rep2
chr12	6603750	6603800	11	KD_rep2
chr12	6603800	6603850	9	KD_rep2
chr12	6603850	6603900	9	KD_rep2
chr12	6603900	6603950	7	KD_rep2
chr12	6603950	6604000	9	KD_rep2
chr12	6604000	6604050	10	KD_rep2
chr12	6604050	6604100	245	KD_rep2
chr12	6604100	6604150	263	KD_rep2
chr12	6604150	6604200	217	KD_rep2
chr12	6604200	6604250	202	KD_rep2
chr12	6604250	6604300	7	KD_rep2
chr12	6604300	6604350	8	KD_rep2
chr12	6604350	6604400	10	KD_rep2
chr12	6604400	6604450	8	KD_rep2
chr12	6604450	6604500	10	KD_rep2
chr12	6604500	6604550	8	KD_rep2
chr12	6604550	6604600	8	KD_rep2
chr12	6604600	6604650	8	KD_rep2
chr12	6604650	6604700	7	KD_rep2
chr12	6604700	6604750	9	KD_rep2
chr12	6604750	6604800	9	KD_rep2
chr12	6604800	6604850	6	KD_rep2
chr12	6604850	6604900	8	KD_rep2
chr12	6604900	6604950	8	KD_rep2
chr12	6604950	6605000	7	KD_rep2
chr12	6605000	6605050	10	KD_rep2
chr12	6605050	6605100	7	KD_rep2
chr12	6605100	6605150	8	KD_rep2
chr12	6605150	6605200	10	KD_rep2
chr12	6605200	6605250	9	KD_rep2
chr12	6605250	6605300	6	KD_rep2
chr12	6605300	6605350	9	KD_rep2
chr12	6605350	6605400	8	KD_rep2
chr12	6605400	6605450	7	KD_rep2
chr12	6605450	6605500	7	KD_rep2
chr12	6605500	6605550	160	KD_rep2
chr12	6605550	6605600	223	KD_rep2
chr12	6605600	6605650	159	KD_rep2
chr12	6605650	6605700	6	KD_rep2
chr12	6605700	6605750	7	KD_rep2
chr12	6605750	6605800	7	KD_rep2
chr12	6605800	6605850	7	KD_rep2
chr12	6605850	6605900	7	KD_rep2
chr12	6605900	6605950	6	KD_rep2
chr12	6605950	6606000	6	KD_rep2
chr12	6606000	6606050	8	KD_rep2
chr12	6606050	6606100	7	KD_rep2
chr12	6606100	6606150	7	KD_rep2
chr12	6606150	6606200	9	KD_rep2
chr12	6606200	6606250	7	KD_rep2
chr12	6606250	6606300	6	KD_rep2
chr12	6606300	6606350	7	KD_rep2
chr12	6606350	6606400	7	KD_rep2
chr12	6606400	6606450	7	KD_rep2
chr12	6606450	6606500	6	KD_rep2
chr12	6606500	6606550	8	KD_rep2
chr12	6606550	6606600	7	KD_rep2
chr12	6606600	6606650	6	KD_rep2
chr12	6606650	6606700	7	KD_rep2
chr12	6606700	6606750	7	KD_rep2
chr12	6606750	6606800	8	KD_rep2
chr12	6606800	6606850	6	KD_rep2
chr12	6606850	6606900	8	KD_rep2
chr12	6606900	6606950	6	KD_rep2
chr12	6606950	6607000	7	KD_rep2
chr12	6607000	6607050	6	KD_rep2
chr12	6607050	6607100	6	KD_rep2
chr12	6607100	6607150	7	KD_rep2
chr12	6607150	6607200	8	KD_rep2
chr12	6607200	6607250	6	KD_rep2
chr12	6607250	6607300	6	KD_rep2
chr12	6607300	6607350	8	KD_rep2
chr12	6607350	6607400	5	KD_rep2
chr12	6607400	6607450	7	KD_rep2
chr12	6607450	6607500	7	KD_rep2
chr12	6607500	6607550	7	KD_rep2
chr12	6607550	6607600	6	KD_rep2
chr12	6607600	6607650	7	KD_rep2
chr12	6607650	6607700	7	KD_rep2
chr12	6607700	6607750	5	KD_rep2
chr12	6607750	6607800	7	KD_rep2
chr12	6607800	6607850	8	KD_rep2
chr12	6607850	6607900	7	KD_rep2
chr12	6607900	6607950	9	KD_rep2
chr12	6607950	6608000	6	KD_rep2
chr12	6608000	6608050	6	KD_rep2
chr12	6608050	6608100	6	KD_rep2
chr12	6608100	6608150	7	KD_rep2
chr12	6608150	6608200	7	KD_rep2
chr12	6608200	6608250	7	KD_rep2
chr12	6608250	6608300	9	KD_rep2
chr12	6608300	6608350	6	KD_rep2
chr12	6608350	6608400	8	KD_rep2
chr12	6608400	6608450	7	KD_rep2
chr12	6608450	6608500	7	KD_rep2
chr12	6608500	6608550	6	KD_rep2
chr12	6608550	6608600	6	KD_rep2
chr12	6608600	6608650	7	KD_rep2
chr12	6608650	6608700	8	KD_rep2
chr12	6608700	6608750	9	KD_rep2
chr12	6608750	6608800	7	KD_rep2
chr12	6608800	6608850	6	KD_rep2
chr12	6608850	6608900	6	KD_rep2
chr12	6608900	6608950	6	KD_rep2
chr12	6608950	6609000	8	KD_rep2
chr12	6609000	6609050	8	KD_rep2
chr12	6609050	6609100	7	KD_rep2
chr12	6609100	6609150	8	KD_rep2
chr12	6609150	6609200	6	KD_rep2
chr12	6609200	6609250	8	KD_rep2
chr12	6609250	6609300	7	KD_rep2
chr12	6609300	6609350	6	KD_rep2
chr12	6609350	6609400	6	KD_rep2
chr12	6609400	6609450	6	KD_rep2
chr12	6609450	6609500	6	KD_rep2
chr12	6609500	6609550	6	KD_rep2
chr12	6609550	6609600	7	KD_rep2
chr12	6609600	6609650	8	KD_rep2
chr12	6609650	6609700	6	KD_rep2
chr12	6609700	6609750	8	KD_rep2
chr12	6609750	6609800	142	KD_rep2
chr12	6609800	6609850	140	KD_rep2
chr12	6609850	6609900	167	KD_rep2
chr12	6609900	6609950	135	KD_rep2
chr12	6609950	6610000	158	KD_rep2
chr12	6610000	6610050	171	KD_rep2
chr12	6610050	6610100	105	KD_rep2
chr12	6610100	6610101	191	KD_rep2
chr12	52300000	52300050	108	CTRL_rep1
chr12	52300050	52300100	114	CTRL_rep1
chr12	52300100	52300150	92	CTRL_rep1
chr12	52300150	52300200	108	CTRL_rep1
chr12	52300200	52300250	102	CTRL_rep1
chr12	52300250	52300300	84	CTRL_rep1
chr12	52300300	52300350	88	CTRL_rep1
chr12	52300350	52300400	109	CTRL_rep1
chr12	52300400	52300450	5	CTRL_rep1
chr12	52300450	52300500	4	CTRL_rep1
chr12	52300500	52300550	5	CTRL_rep1
chr12	52300550	52300600	4	CTRL_rep1
chr12	52300600	52300650	5	CTRL_rep1
chr12	52300650	52300700	4	CTRL_rep1
chr12	52300700	52300750	4	CTRL_rep1
chr12	52300750	52300800	5	CTRL_rep1
chr12	52300800	52300850	4	CTRL_rep1
chr12	52300850	52300900	4	CTRL_rep1
chr12	52300900	52300950	6	CTRL_rep1
chr12	52300950	52301000	4	CTRL_rep1
chr12	52301000	52301050	5	CTRL_rep1
chr12	52301050	52301100	4	CTRL_rep1
chr12	52301100	52301150	4	CTRL_rep1
chr12	52301150	52301200	6	CTRL_rep1
chr12	52301200	52301250	4	CTRL_rep1
chr12	52301250	52301300	4	CTRL_rep1
chr12	52301300	52301350	4	CTRL_rep1
chr12	52301350	52301400	5	CTRL_rep1
chr12	52301400	52301450	5	CTRL_rep1
chr12	52301450	52301500	4	CTRL_rep1
chr12	52301500	52301550	114	CTRL_rep1
chr12	52301550	52301600	133	CTRL_rep1
chr12	52301600	52301650	126	CTRL_rep1
chr12	52301650	52301700	127	CTRL_rep1
chr12	52301700	52301750	4	CTRL_rep1
chr12	52301750	52301800	4	CTRL_rep1
chr12	52301800	52301850	4	CTRL_rep1
chr12	52301850	52301900	5	CTRL_rep1
chr12	52301900	52301950	4	CTRL_rep1
chr12	52301950	52302000	3	CTRL_rep1
chr12	52302000	52302050	4	CTRL_rep1
chr12	52302050	52302100	4	CTRL_rep1
chr12	52302100	52302150	4	CTRL_rep1
chr12	52302150	52302200	4	CTRL_rep1
chr12	52302200	52302250	4	CTRL_rep1
chr12	52302250	52302300	3	CTRL_rep1
chr12	52302300	52302350	5	CTRL_rep1
chr12	52302350	52302400	3	CTRL_rep1
chr12	52302400	52302450	4	CTRL_rep1
chr12	52302450	52302500	4	CTRL_rep1
chr12	52302500	52302550	5	CTRL_rep1
chr12	52302550	52302600	4	CTRL_rep1
chr12	52302600	52302650	4	CTRL_rep1
chr12	52302650	52302700	5	CTRL_rep1
chr12	52302700	52302750	4	CTRL_rep1
chr12	52302750	52302800	4	CTRL_rep1
chr12	52302800	52302850	5	CTRL_rep1
chr12	52302850	52302900	3	CTRL_rep1
chr12	52302900	52302950	5	CTRL_rep1
chr12	52302950	52303000	5	CTRL_rep1
chr12	52303000	52303050	5	CTRL_rep1
chr12	52303050	52303100	5	CTRL_rep1
chr12	52303100	52303150	5	CTRL_rep1
chr12	52303150	52303200	4	CTRL_rep1
chr12	52303200	52303250	4	CTRL_rep1
chr12	52303250	52303300	4	CTRL_rep1
chr12	52303300	52303350	4	CTRL_rep1
chr12	52303350	52303400	3	CTRL_rep1
chr12	52303400	52303450	4	CTRL_rep1
chr12	52303450	52303500	4	CTRL_rep1
chr12	52303500	52303550	4	CTRL_rep1
chr12	52303550	52303600	4	CTRL_rep1
chr12	52303600	52303650	4	CTRL_rep1
chr12	52303650	52303700	4	CTRL_rep1
chr12	52303700	52303750	4	CTRL_rep1
chr12	52303750	52303800	4	CTRL_rep1
chr12	52303800	52303850	4	CTRL_rep1
chr12	52303850	52303900	4	CTRL_rep1
chr12	52303900	52303950	4	CTRL_rep1
chr12	52303950	52304000	4	CTRL_rep1
chr12	52304000	52304050	4	CTRL_rep1
chr12	52304050	52304100	4	CTRL_rep1
chr12	52304100	52304150	4	CTRL_rep1
chr12	52304150	52304200	4	CTRL_rep1
chr12	52304200	52304250	3	CTRL_rep1
chr12	52304250	52304300	4	CTRL_rep1
chr12	52304300	52304350	4	CTRL_rep1
chr12	52304350	52304400	4	CTRL_rep1
chr12	52304400	52304450	4	CTRL_rep1
chr12	52304450	52304500	6	CTRL_rep1
chr12	52304500	52304550	3	CTRL_rep1
chr12	52304550	52304600	4	CTRL_rep1
chr12	52304600	52304650	3	CTRL_rep1
chr12	52304650	52304700	4	CTRL_rep1
chr12	52304700	52304750	4	CTRL_rep1
chr12	52304750	52304800	4	CTRL_rep1
chr12	52304800	52304850	4	CTRL_rep1
chr12	52304850	52304900	3	CTRL_rep1
chr12	52304900	52304950	4	CTRL_rep1
chr12	52304950	52305000	4	CTRL_rep1
chr12	52305000	52305050	5	CTRL_rep1
chr12	52305050	52305100	3	CTRL_rep1
chr12	52305100	52305150	4	CTRL_rep1
chr12	52305150	52305200	4	CTRL_rep1
chr12	52305200	52305250	4	CTRL_rep1
chr12	52305250	52305300	5	CTRL_rep1
chr12	52305300	52305350	4	CTRL_rep1
chr12	52305350	52305400	3	CTRL_rep1
chr12	52305400	52305450	4	CTRL_rep1
chr12	52305450	52305500	5	CTRL_rep1
chr12	52305500	52305550	4	CTRL_rep1
chr12	52305550	52305600	4	CTRL_rep1
chr12	52305600	52305650	5	CTRL_rep1
chr12	52305650	52305700	5	CTRL_rep1
chr12	52305700	52305750	5	CTRL_rep1
chr12	52305750	52305800	4	CTRL_rep1
chr12	52305800	52305850	4	CTRL_rep1
chr12	52305850	52305900	4	CTRL_rep1
chr12	52305900	52305950	4	CTRL_rep1
chr12	52305950	52306000	5	CTRL_rep1
chr12	52306000	52306050	4	CTRL_rep1
chr12	52306050	52306100	4	CTRL_rep1
chr12	52306100	52306150	4	CTRL_rep1
chr12	52306150	52306200	4	CTRL_rep1
chr12	52306200	52306250	4	CTRL_rep1
chr12	52306250	52306300	4	CTRL_rep1
chr12	52306300	52306350	5	CTRL_rep1
chr12	52306350	52306400	4	CTRL_rep1
chr12	52306400	52306450	4	CTRL_rep1
chr12	52306450	52306500	4	CTRL_rep1
chr12	52306500	52306550	4	CTRL_rep1
chr12	52306550	52306600	5	CTRL_rep1
chr12	52306600	52306650	5	CTRL_rep1
chr12	52306650	52306700	5	CTRL_rep1
chr12	52306700	52306750	4	CTRL_rep1
chr12	52306750	52306800	4	CTRL_rep1
chr12	52306800	52306850	5	CTRL_rep1
chr12	52306850	52306900	4	CTRL_rep1
chr12	52306900	52306950	4	CTRL_rep1
chr12	52306950	52307000	5	CTRL_rep1
chr12	52307000	52307050	4	CTRL_rep1
chr12	52307050	52307100	5	CTRL_rep1
chr12	52307100	52307150	4	CTRL_rep1
chr12	52307150	52307200	5	CTRL_rep1
chr12	52307200	52307250	4	CTRL_rep1
chr12	52307250	52307300	4	CTRL_rep1
chr12	52307300	52307350	3	CTRL_rep1
chr12	52307350	52307400	4	CTRL_rep1
chr12	52307400	52307450	5	CTRL_rep1
chr12	52307450	52307500	4	CTRL_rep1
chr12	52307500	52307550	4	CTRL_rep1
chr12	52307550	52307600	5	CTRL_rep1
chr12	52307600	52307650	5	CTRL_rep1
chr12	52307650	52307700	3	CTRL_rep1
chr12	52307700	52307750	2	CTRL_rep1
chr12	52307750	52307800	5	CTRL_rep1
chr12	52307800	52307850	4	CTRL_rep1
chr12	52307850	52307900	4	CTRL_rep1
chr12	52307900	52307950	5	CTRL_rep1
chr12	52307950	52308000	3	CTRL_rep1
chr12	52308000	52308050	4	CTRL_rep1
chr12	52308050	52308100	4	CTRL_rep1
chr12	52308100	52308150	4	CTRL_rep1
chr12	52308150	52308200	4	CTRL_rep1
chr12	52308200	52308250	4	CTRL_rep1
chr12	52308250	52308300	4	CTRL_rep1
chr12	52308300	52308350	4	CTRL_rep1
chr12	52308350	52308400	4	CTRL_rep1
chr12	52308400	52308450	4	CTRL_rep1
chr12	52308450	52308500	5	CTRL_rep1
chr12	52308500	52308550	95	CTRL_rep1
chr12	52308550	52308600	98	CTRL_rep1
chr12	52308600	52308650	84	CTRL_rep1
chr12	52308650	52308700	4	CTRL_rep1
chr12	52308700	52308750	4	CTRL_rep1
chr12	52308750	52308800	4	CTRL_rep1
chr12	52308800	52308850	4	CTRL_rep1
chr12	52308850	52308900	5	CTRL_rep1
chr12	52308900	52308950	3	CTRL_rep1
chr12	52308950	52309000	3	CTRL_rep1
chr12	52309000	52309050	3	CTRL_rep1
chr12	52309050	52309100	4	CTRL_rep1
chr12	52309100	52309150	4	CTRL_rep1
chr12	52309150	52309200	4	CTRL_rep1
chr12	52309200	52309250	4	CTRL_rep1
chr12	52309250	52309300	5	CTRL_rep1
chr12	52309300	52309350	4	CTRL_rep1
chr12	52309350	52309400	4	CTRL_rep1
chr12	52309400	52309450	4	CTRL_rep1
chr12	52309450	52309500	3	CTRL_rep1
chr12	52309500	52309550	5	CTRL_rep1
chr12	52309550	52309600	4	CTRL_rep1
chr12	52309600	52309650	4	CTRL_rep1
chr12	52309650	52309700	4	CTRL_rep1
chr12	52309700	52309750	4	CTRL_rep1
chr12	52309750	52309800	4	CTRL_rep1
chr12	52309800	52309850	3	CTRL_rep1
chr12	52309850	52309900	5	CTRL_rep1
chr12	52309900	52309950	4	CTRL_rep1
chr12	52309950	52310000	4	CTRL_rep1
chr12	52310000	52310050	5	CTRL_rep1
chr12	52310050	52310100	4	CTRL_rep1
chr12	52310100	52310150	3	CTRL_rep1
chr12	52310150	52310200	4	CTRL_rep1
chr12	52310200	52310250	4	CTRL_rep1
chr12	52310250	52310300	3	CTRL_rep1
chr12	52310300	52310350	3	CTRL_rep1
chr12	52310350	52310400	5	CTRL_rep1
chr12	52310400	52310450	4	CTRL_rep1
chr12	52310450	52310500	3	CTRL_rep1
chr12	52310500	52310550	4	CTRL_rep1
chr12	52310550	52310600	4	CTRL_rep1
chr12	52310600	52310650	4	CTRL_rep1
chr12	52310650	52310700	4	CTRL_rep1
chr12	52310700	52310750	4	CTRL_rep1
chr12	52310750	52310800	4	CTRL_rep1
chr12	52310800	52310850	4	CTRL_rep1
chr12	52310850	52310900	4	CTRL_rep1
chr12	52310900	52310950	4	CTRL_rep1
chr12	52310950	52311000	92	CTRL_rep1
chr12	52311000	52311050	98	CTRL_rep1
chr12	52311050	52311100	94	CTRL_rep1
chr12	52311100	52311150	94	CTRL_rep1
chr12	52311150	52311200	86	CTRL_rep1
chr12	52311200	52311250	4	CTRL_rep1
chr12	52311250	52311300	4	CTRL_rep1
chr12	52311300	52311350	4	CTRL_rep1
chr12	52311350	52311400	5	CTRL_rep1
chr12	52311400	52311450	4	CTRL_rep1
chr12	52311450	52311500	4	CTRL_rep1
chr12	52311500	52311550	3	CTRL_rep1
chr12	52311550	52311600	3	CTRL_rep1
chr12	52311600	52311650	4	CTRL_rep1
chr12	52311650	52311700	99	CTRL_rep1
chr12	52311700	52311750	95	CTRL_rep1
chr12	52311750	52311800	81	CTRL_rep1
chr12	52311800	52311850	70	CTRL_rep1
chr12	52311850	52311900	111	CTRL_rep1
chr12	52311900	52311950	80	CTRL_rep1
chr12	52311950	52311998	79	CTRL_rep1
chr12	52300000	52300050	95	CTRL_rep2
chr12	52300050	52300100	72	CTRL_rep2
chr12	52300100	52300150	93	CTRL_rep2
chr12	52300150	52300200	59	CTRL_rep2
chr12	52300200	52300250	78	CTRL_rep2
chr12	52300250	52300300	77	CTRL_rep2
chr12	52300300	52300350	101	CTRL_rep2
chr12	52300350	52300400	76	CTRL_rep2
chr12	52300400	52300450	5	CTRL_rep2
chr12	52300450	52300500	3	CTRL_rep2
chr12	52300500	52300550	3	CTRL_rep2
chr12	52300550	52300600	5	CTRL_rep2
chr12	52300600	52300650	3	CTRL_rep2
chr12	52300650	52300700	3	CTRL_rep2
chr12	52300700	52300750	4	CTRL_rep2
chr12	52300750	52300800	3	CTRL_rep2
chr12	52300800	52300850	4	CTRL_rep2
chr12	52300850	52300900	3	CTRL_rep2
chr12	52300900	52300950	3	CTRL_rep2
chr12	52300950	52301000	2	CTRL_rep2
chr12	52301000	52301050	3	CTRL_rep2
chr12	52301050	52301100	4	CTRL_rep2
chr12	52301100	52301150	4	CTRL_rep2
chr12	52301150	52301200	3	CTRL_rep2
chr12	52301200	52301250	4	CTRL_rep2
chr12	52301250	52301300	4	CTRL_rep2
chr12	52301300	52301350	3	CTRL_rep2
chr12	52301350	52301400	4	CTRL_rep2
chr12	52301400	52301450	3	CTRL_rep2
chr12	52301450	52301500	3	CTRL_rep2
chr12	52301500	52301550	81	CTRL_rep2
chr12	52301550	52301600	75	CTRL_rep2
chr12	52301600	52301650	93	CTRL_rep2
chr12	52301650	52301700	101	CTRL_rep2
chr12	52301700	52301750	3	CTRL_rep2
chr12	52301750	52301800	3	CTRL_rep2
chr12	52301800	52301850	3	CTRL_rep2
chr12	52301850	52301900	4	CTRL_rep2
chr12	52301900	52301950	4	CTRL_rep2
chr12	52301950	52302000	4	CTRL_rep2
chr12	52302000	52302050	4	CTRL_rep2
chr12	52302050	52302100	3	CTRL_rep2
chr12	52302100	52302150	3	CTRL_rep2
chr12	52302150	52302200	3	CTRL_rep2
chr12	52302200	52302250	3	CTRL_rep2
chr12	52302250	52302300	4	CTRL_rep2
chr12	52302300	52302350	4	CTRL_rep2
chr12	52302350	52302400	3	CTRL_rep2
chr12	52302400	52302450	3	CTRL_rep2
chr12	52302450	52302500	3	CTRL_rep2
chr12	52302500	52302550	3	CTRL_rep2
chr12	52302550	52302600	3	CTRL_rep2
chr12	52302600	52302650	3	CTRL_rep2
chr12	52302650	52302700	3	CTRL_rep2
chr12	52302700	52302750	3	CTRL_rep2
chr12	52302750	52302800	4	CTRL_rep2
chr12	52302800	52302850	4	CTRL_rep2
chr12	52302850	52302900	4	CTRL_rep2
chr12	52302900	52302950	3	CTRL_rep2
chr12	52302950	52303000	4	CTRL_rep2
chr12	52303000	52303050	4	CTRL_rep2
chr12	52303050	52303100	4	CTRL_rep2
chr12	52303100	52303150	4	CTRL_rep2
chr12	52303150	52303200	3	CTRL_rep2
chr12	52303200	52303250	4	CTRL_rep2
chr12	52303250	52303300	4	CTRL_rep2
chr12	52303300	52303350	3	CTRL_rep2
chr12	52303350	52303400	3	CTRL_rep2
chr12	52303400	52303450	3	CTRL_rep2
chr12	52303450	52303500	3	CTRL_rep2
chr12	52303500	52303550	3	CTRL_rep2
chr12	52303550	52303600	3	CTRL_rep2
chr12	52303600	52303650	3	CTRL_rep2
chr12	52303650	52303700	3	CTRL_rep2
chr12	52303700	52303750	4	CTRL_rep2
chr12	52303750	52303800	4	CTRL_rep2
chr12	52303800	52303850	4	CTRL_rep2
chr12	52303850	52303900	3	CTRL_rep2
chr12	52303900	52303950	3	CTRL_rep2
chr12	52303950	52304000	3	CTRL_rep2
chr12	52304000	52304050	4	CTRL_rep2
chr12	52304050	52304100	4	CTRL_rep2
chr12	52304100	52304150	3	CTRL_rep2
chr12	52304150	52304200	3	CTRL_rep2
chr12	52304200	52304250	4	CTRL_rep2
chr12	52304250	52304300	4	CTRL_rep2
chr12	52304300	52304350	3	CTRL_rep2
chr12	52304350	52304400	3	CTRL_rep2
chr12	52304400	52304450	3	CTRL_rep2
chr12	52304450	52304500	3	CTRL_rep2
chr12	52304500	52304550	3	CTRL_rep2
chr12	52304550	52304600	3	CTRL_rep2
chr12	52304600	52304650	4	CTRL_rep2
chr12	52304650	52304700	3	CTRL_rep2
chr12	52304700	52304750	4	CTRL_rep2
chr12	52304750	52304800	3	CTRL_rep2
chr12	52304800	52304850	3	CTRL_rep2
chr12	52304850	52304900	3	CTRL_rep2
chr12	52304900	52304950	3	CTRL_rep2
chr12	52304950	52305000	4	CTRL_rep2
chr12	52305000	52305050	4	CTRL_rep2
chr12	52305050	52305100	4	CTRL_rep2
chr12	52305100	52305150	3	CTRL_rep2
chr12	52305150	52305200	4	CTRL_rep2
chr12	52305200	52305250	3	CTRL_rep2
chr12	52305250	52305300	3	CTRL_rep2
chr12	52305300	52305350	2	CTRL_rep2
chr12	52305350	52305400	3	CTRL_rep2
chr12	52305400	52305450	3	CTRL_rep2
chr12	52305450	52305500	4	CTRL_rep2
chr12	52305500	52305550	3	CTRL_rep2
chr12	52305550	52305600	3	CTRL_rep2
chr12	52305600	52305650	3	CTRL_rep2
chr12	52305650	52305700	4	CTRL_rep2
chr12	52305700	52305750	3	CTRL_rep2
chr12	52305750	52305800	4	CTRL_rep2
chr12	52305800	52305850	3	CTRL_rep2
chr12	52305850	52305900	3	CTRL_rep2
chr12	52305900	52305950	3	CTRL_rep2
chr12	52305950	52306000	3	CTRL_rep2
chr12	52306000	52306050	4	CTRL_rep2
chr12	52306050	52306100	3	CTRL_rep2
chr12	52306100	52306150	4	CTRL_rep2
chr12	52306150	52306200	3	CTRL_rep2
chr12	52306200	52306250	4	CTRL_rep2
chr12	52306250	52306300	3	CTRL_rep2
chr12	52306300	52306350	3	CTRL_rep2
chr12	52306350	52306400	4	CTRL_rep2
chr12	52306400	52306450	4	CTRL_rep2
chr12	52306450	52306500	4	CTRL_rep2
chr12	52306500	52306550	4	CTRL_rep2
chr12	52306550	52306600	4	CTRL_rep2
chr12	52306600	52306650	3	CTRL_rep2
chr12	52306650	52306700	4	CTRL_rep2
chr12	52306700	52306750	4	CTRL_rep2
chr12	52306750	52306800	3	CTRL_rep2
chr12	52306800	52306850	4	CTRL_rep2
chr12	52306850	52306900	3	CTRL_rep2
chr12	52306900	52306950	3	CTRL_rep2
chr12	52306950	52307000	4	CTRL_rep2
chr12	52307000	52307050	3	CTRL_rep2
chr12	52307050	52307100	4	CTRL_rep2
chr12	52307100	52307150	4	CTRL_rep2
chr12	52307150	52307200	4	CTRL_rep2
chr12	52307200	52307250	3	CTRL_rep2
chr12	52307250	52307300	3	CTRL_rep2
chr12	52307300	52307350	4	CTRL_rep2
chr12	52307350	52307400	3	CTRL_rep2
chr12	52307400	52307450	3	CTRL_rep2
chr12	52307450	52307500	3	CTRL_rep2
chr12	52307500	52307550	3	CTRL_rep2
chr12	52307550	52307600	3	CTRL_rep2
chr12	52307600	52307650	4	CTRL_rep2
chr12	52307650	52307700	3	CTRL_rep2
chr12	52307700	52307750	3	CTRL_rep2
chr12	52307750	52307800	3	CTRL_rep2
chr12	52307800	52307850	4	CTRL_rep2
chr12	52307850	52307900	4	CTRL_rep2
chr12	52307900	52307950	4	CTRL_rep2
chr12	52307950	52308000	3	CTRL_rep2
chr12	52308000	52308050	3	CTRL_rep2
chr12	52308050	52308100	4	CTRL_rep2
chr12	52308100	52308150	2	CTRL_rep2
chr12	52308150	52308200	4	CTRL_rep2
chr12	52308200	52308250	3	CTRL_rep2
chr12	52308250	52308300	4	CTRL_rep2
chr12	52308300	52308350	3	CTRL_rep2
chr12	52308350	52308400	3	CTRL_rep2
chr12	52308400	52308450	3	CTRL_rep2
chr12	52308450	52308500	2	CTRL_rep2
chr12	52308500	52308550	79	CTRL_rep2
chr12	52308550	52308600	62	CTRL_rep2
chr12	52308600	52308650	72	CTRL_rep2
chr12	52308650	52308700	3	CTRL_rep2
chr12	52308700	52308750	3	CTRL_rep2
chr12	52308750	52308800	3	CTRL_rep2
chr12	52308800	52308850	3	CTRL_rep2
chr12	52308850	52308900	4	CTRL_rep2
chr12	52308900	52308950	2	CTRL_rep2
chr12	52308950	52309000	3	CTRL_rep2
chr12	52309000	52309050	3	CTRL_rep2
chr12	52309050	52309100	3	CTRL_rep2
chr12	52309100	52309150	3	CTRL_rep2
chr12	52309150	52309200	4	CTRL_rep2
chr12	52309200	52309250	3	CTRL_rep2
chr12	52309250	52309300	4	CTRL_rep2
chr12	52309300	52309350	3	CTRL_rep2
chr12	52309350	52309400	3	CTRL_rep2
chr12	52309400	52309450	3	CTRL_rep2
chr12	52309450	52309500	3	CTRL_rep2
chr12	52309500	52309550	4	CTRL_rep2
chr12	52309550	52309600	4	CTRL_rep2
chr12	52309600	52309650	3	CTRL_rep2
chr12	52309650	52309700	4	CTRL_rep2
chr12	52309700	52309750	3	CTRL_rep2
chr12	52309750	52309800	4	CTRL_rep2
chr12	52309800	52309850	3	CTRL_rep2
chr12	52309850	52309900	3	CTRL_rep2
chr12	52309900	52309950	4	CTRL_rep2
chr12	52309950	52310000	3	CTRL_rep2
chr12	52310000	52310050	2	CTRL_rep2
chr12	52310050	52310100	3	CTRL_rep2
chr12	52310100	52310150	4	CTRL_rep2
chr12	52310150	52310200	4	CTRL_rep2
chr12	52310200	52310250	3	CTRL_rep2
chr12	52310250	52310300	3	CTRL_rep2
chr12	52310300	52310350	3	CTRL_rep2
chr12	52310350	52310400	4	CTRL_rep2
chr12	52310400	52310450	3	CTRL_rep2
chr12	52310450	52310500	2	CTRL_rep2
chr12	52310500	52310550	3	CTRL_rep2
chr12	52310550	52310600	2	CTRL_rep2
chr12	52310600	52310650	3	CTRL_rep2
chr12	52310650	52310700	3	CTRL_rep2
chr12	52310700	52310750	3	CTRL_rep2
chr12	52310750	52310800	4	CTRL_rep2
chr12	52310800	52310850	4	CTRL_rep2
chr12	52310850	52310900	3	CTRL_rep2
chr12	52310900	52310950	3	CTRL_rep2
chr12	52310950	52311000	86	CTRL_rep2
chr12	52311000	52311050	80	CTRL_rep2
chr12	52311050	52311100	86	CTRL_rep2
chr12	52311100	52311150	102	CTRL_rep2
chr12	52311150	52311200	87	CTRL_rep2
chr12	52311200	52311250	3	CTRL_rep2
chr12	52311250	52311300	3	CTRL_rep2
chr12	52311300	52311350	3	CTRL_rep2
chr12	52311350	52311400	3	CTRL_rep2
chr12	52311400	52311450	3	CTRL_rep2
chr12	52311450	52311500	3	CTRL_rep2
chr12	52311500	52311550	3	CTRL_rep2
chr12	52311550	52311600	4	CTRL_rep2
chr12	52311600	52311650	3	CTRL_rep2
chr12	52311650	52311700	63	CTRL_rep2
chr12	52311700	52311750	79	CTRL_rep2
chr12	52311750	52311800	67	CTRL_rep2
chr12	52311800	52311850	60	CTRL_rep2
chr12	52311850	52311900	65	CTRL_rep2
chr12	52311900	52311950	60	CTRL_rep2
chr12	52311950	52311998	50	CTRL_rep2
chr12	52300000	52300050	68	KD_rep1
chr12	52300050	52300100	70	KD_rep1
chr12	52300100	52300150	85	KD_rep1
chr12	52300150	52300200	67	KD_rep1
chr12	52300200	52300250	77	KD_rep1
chr12	52300250	52300300	98	KD_rep1
chr12	52300300	52300350	93	KD_rep1
chr12	52300350	52300400	71	KD_rep1
chr12	52300400	52300450	4	KD_rep1
chr12	52300450	52300500	3	KD_rep1
chr12	52300500	52300550	4	KD_rep1
chr12	52300550	52300600	4	KD_rep1
chr12	52300600	52300650	4	KD_rep1
chr12	52300650	52300700	4	KD_rep1
chr12	52300700	52300750	3	KD_rep1
chr12	52300750	52300800	3	KD_rep1
chr12	52300800	52300850	4	KD_rep1
chr12	52300850	52300900	3	KD_rep1
chr12	52300900	52300950	4	KD_rep1
chr12	52300950	52301000	3	KD_rep1
chr12	52301000	52301050	3	KD_rep1
chr12	52301050	52301100	3	KD_rep1
chr12	52301100	52301150	3	KD_rep1
chr12	52301150	52301200	4	KD_rep1
chr12	52301200	52301250	3	KD_rep1
chr12	52301250	52301300	3	KD_rep1
chr12	52301300	52301350	3	KD_rep1
chr12	52301350	52301400	4	KD_rep1
chr12	52301400	52301450	3	KD_rep1
chr12	52301450	52301500	3	KD_rep1
chr12	52301500	52301550	93	KD_rep1
chr12	52301550	52301600	91	KD_rep1
chr12	52301600	52301650	78	KD_rep1
chr12	52301650	52301700	92	KD_rep1
chr12	52301700	52301750	3	KD_rep1
chr12	52301750	52301800	4	KD_rep1
chr12	52301800	52301850	3	KD_rep1
chr12	52301850	52301900	4	KD_rep1
chr12	52301900	52301950	3	KD_rep1
chr12	52301950	52302000	4	KD_rep1
chr12	52302000	52302050	2	KD_rep1
chr12	52302050	52302100	3	KD_rep1
chr12	52302100	52302150	3	KD_rep1
chr12	52302150	52302200	3	KD_rep1
chr12	52302200	52302250	3	KD_rep1
chr12	52302250	52302300	3	KD_rep1
chr12	52302300	52302350	4	KD_rep1
chr12	52302350	52302400	4	KD_rep1
chr12	52302400	52302450	3	KD_rep1
chr12	52302450	52302500	3	KD_rep1
chr12	52302500	52302550	3	KD_rep1
chr12	52302550	52302600	3	KD_rep1
chr12	52302600	52302650	4	KD_rep1
chr12	52302650	52302700	3	KD_rep1
chr12	52302700	52302750	3	KD_rep1
chr12	52302750	52302800	4	KD_rep1
chr12	52302800	52302850	3	KD_rep1
chr12	52302850	52302900	3	KD_rep1
chr12	52302900	52302950	4	KD_rep1
chr12	52302950	52303000	4	KD_rep1
chr12	52303000	52303050	3	KD_rep1
chr12	52303050	52303100	2	KD_rep1
chr12	52303100	52303150	3	KD_rep1
chr12	52303150	52303200	3	KD_rep1
chr12	52303200	52303250	3	KD_rep1
chr12	52303250	52303300	3	KD_rep1
chr12	52303300	52303350	3	KD_rep1
chr12	52303350	52303400	3	KD_rep1
chr12	52303400	52303450	4	KD_rep1
chr12	52303450	52303500	3	KD_rep1
chr12	52303500	52303550	3	KD_rep1
chr12	52303550	52303600	2	KD_rep1
chr12	52303600	52303650	3	KD_rep1
chr12	52303650	52303700	4	KD_rep1
chr12	52303700	52303750	3	KD_rep1
chr12	52303750	52303800	3	KD_rep1
chr12	52303800	52303850	4	KD_rep1
chr12	52303850	52303900	4	KD_rep1
chr12	52303900	52303950	3	KD_rep1
chr12	52303950	52304000	3	KD_rep1
chr12	52304000	52304050	3	KD_rep1
chr12	52304050	52304100	4	KD_rep1
chr12	52304100	52304150	3	KD_rep1
chr12	52304150	52304200	3	KD_rep1
chr12	52304200	52304250	3	KD_rep1
chr12	52304250	52304300	3	KD_rep1
chr12	52304300	52304350	3	KD_rep1
chr12	52304350	52304400	2	KD_rep1
chr12	52304400	52304450	3	KD_rep1
chr12	52304450	52304500	3	KD_rep1
chr12	52304500	52304550	4	KD_rep1
chr12	52304550	52304600	3	KD_rep1
chr12	52304600	52304650	2	KD_rep1
chr12	52304650	52304700	3	KD_rep1
chr12	52304700	52304750	3	KD_rep1
chr12	52304750	52304800	3	KD_rep1
chr12	52304800	52304850	3	KD_rep1
chr12	52304850	52304900	3	KD_rep1
chr12	52304900	52304950	3	KD_rep1
chr12	52304950	52305000	3	KD_rep1
chr12	52305000	52305050	3	KD_rep1
chr12	52305050	52305100	3	KD_rep1
chr12	52305100	52305150	3	KD_rep1
chr12	52305150	52305200	3	KD_rep1
chr12	52305200	52305250	3	KD_rep1
chr12	52305250	52305300	3	KD_rep1
chr12	52305300	52305350	3	KD_rep1
chr12	52305350	52305400	3	KD_rep1
chr12	52305400	52305450	3	KD_rep1
chr12	52305450	52305500	4	KD_rep1
chr12	52305500	52305550	3	KD_rep1
chr12	52305550	52305600	3	KD_rep1
chr12	52305600	52305650	4	KD_rep1
chr12	52305650	52305700	4	KD_rep1
chr12	52305700	52305750	3	KD_rep1
chr12	52305750	52305800	3	KD_rep1
chr12	52305800	52305850	3	KD_rep1
chr12	52305850	52305900	3	KD_rep1
chr12	52305900	52305950	3	KD_rep1
chr12	52305950	52306000	3	KD_rep1
chr12	52306000	52306050	3	KD_rep1
chr12	52306050	52306100	3	KD_rep1
chr12	52306100	52306150	3	KD_rep1
chr12	52306150	52306200	3	KD_rep1
chr12	52306200	52306250	3	KD_rep1
chr12	52306250	52306300	4	KD_rep1
chr12	52306300	52306350	3	KD_rep1
chr12	52306350	52306400	3	KD_rep1
chr12	52306400	52306450	3	KD_rep1
chr12	52306450	52306500	3	KD_rep1
chr12	52306500	52306550	3	KD_rep1
chr12	52306550	52306600	3	KD_rep1
chr12	52306600	52306650	3	KD_rep1
chr12	52306650	52306700	4	KD_rep1
chr12	52306700	52306750	3	KD_rep1
chr12	52306750	52306800	3	KD_rep1
chr12	52306800	52306850	3	KD_rep1
chr12	52306850	52306900	3	KD_rep1
chr12	52306900	52306950	3	KD_rep1
chr12	52306950	52307000	3	KD_rep1
chr12	52307000	52307050	3	KD_rep1
chr12	52307050	52307100	3	KD_rep1
chr12	52307100	52307150	4	KD_rep1
chr12	52307150	52307200	3	KD_rep1
chr12	52307200	52307250	3	KD_rep1
chr12	52307250	52307300	3	KD_rep1
chr12	52307300	52307350	3	KD_rep1
chr12	52307350	52307400	4	KD_rep1
chr12	52307400	52307450	3	KD_rep1
chr12	52307450	52307500	2	KD_rep1
chr12	52307500	52307550	3	KD_rep1
chr12	52307550	52307600	4	KD_rep1
chr12	52307600	52307650	3	KD_rep1
chr12	52307650	52307700	3	KD_rep1
chr12	52307700	52307750	2	KD_rep1
chr12	52307750	52307800	2	KD_rep1
chr12	52307800	52307850	4	KD_rep1
chr12	52307850	52307900	3	KD_rep1
chr12	52307900	52307950	4	KD_rep1
chr12	52307950	52308000	4	KD_rep1
chr12	52308000	52308050	4	KD_rep1
chr12	52308050	52308100	3	KD_rep1
chr12	52308100	52308150	2	KD_rep1
chr12	52308150	52308200	4	KD_rep1
chr12	52308200	52308250	2	KD_rep1
chr12	52308250	52308300	3	KD_rep1
chr12	52308300	52308350	3	KD_rep1
chr12	52308350	52308400	3	KD_rep1
chr12	52308400	52308450	3	KD_rep1
chr12	52308450	52308500	3	KD_rep1
chr12	52308500	52308550	80	KD_rep1
chr12	52308550	52308600	73	KD_rep1
chr12	52308600	52308650	67	KD_rep1
chr12	52308650	52308700	2	KD_rep1
chr12	52308700	52308750	3	KD_rep1
chr12	52308750	52308800	3	KD_rep1
chr12	52308800	52308850	3	KD_rep1
chr12	52308850	52308900	2	KD_rep1
chr12	52308900	52308950	3	KD_rep1
chr12	52308950	52309000	4	KD_rep1
chr12	52309000	52309050	3	KD_rep1
chr12	52309050	52309100	3	KD_rep1
chr12	52309100	52309150	3	KD_rep1
chr12	52309150	52309200	3	KD_rep1
chr12	52309200	52309250	3	KD_rep1
chr12	52309250	52309300	4	KD_rep1
chr12	52309300	52309350	3	KD_rep1
chr12	52309350	52309400	3	KD_rep1
chr12	52309400	52309450	4	KD_rep1
chr12	52309450	52309500	3	KD_rep1
chr12	52309500	52309550	4	KD_rep1
chr12	52309550	52309600	4	KD_rep1
chr12	52309600	52309650	3	KD_rep1
chr12	52309650	52309700	3	KD_rep1
chr12	52309700	52309750	3	KD_rep1
chr12	52309750	52309800	3	KD_rep1
chr12	52309800	52309850	2	KD_rep1
chr12	52309850	52309900	2	KD_rep1
chr12	52309900	52309950	3	KD_rep1
chr12	52309950	52310000	3	KD_rep1
chr12	52310000	52310050	3	KD_rep1
chr12	52310050	52310100	3	KD_rep1
chr12	52310100	52310150	2	KD_rep1
chr12	52310150	52310200	3	KD_rep1
chr12	52310200	52310250	3	KD_rep1
chr12	52310250	52310300	3	KD_rep1
chr12	52310300	52310350	3	KD_rep1
chr12	52310350	52310400	3	KD_rep1
chr12	52310400	52310450	4	KD_rep1
chr12	52310450	52310500	3	KD_rep1
chr12	52310500	52310550	3	KD_rep1
chr12	52310550	52310600	2	KD_rep1
chr12	52310600	52310650	3	KD_rep1
chr12	52310650	52310700	3	KD_rep1
chr12	52310700	52310750	3	KD_rep1
chr12	52310750	52310800	3	KD_rep1
chr12	52310800	52310850	3	KD_rep1
chr12	52310850	52310900	3	KD_rep1
chr12	52310900	52310950	3	KD_rep1
chr12	52310950	52311000	86	KD_rep1
chr12	52311000	52311050	83	KD_rep1
chr12	52311050	52311100	75	KD_rep1
chr12	52311100	52311150	76	KD_rep1
chr12	52311150	52311200	92	KD_rep1
chr12	52311200	52311250	2	KD_rep1
chr12	52311250	52311300	3	KD_rep1
chr12	52311300	52311350	4	KD_rep1
chr12	52311350	52311400	3	KD_rep1
chr12	52311400	52311450	3	KD_rep1
chr12	52311450	52311500	3	KD_rep1
chr12	52311500	52311550	3	KD_rep1
chr12	52311550	52311600	3	KD_rep1
chr12	52311600	52311650	3	KD_rep1
chr12	52311650	52311700	62	KD_rep1
chr12	52311700	52311750	55	KD_rep1
chr12	52311750	52311800	55	KD_rep1
chr12	52311800	52311850	60	KD_rep1
chr12	52311850	52311900	71	KD_rep1
chr12	52311900	52311950	81	KD_rep1
chr12	52311950	52311998	58	KD_rep1
chr12	52300000	52300050	86	KD_rep2
chr12	52300050	52300100	105	KD_rep2
chr12	52300100	52300150	89	KD_rep2
chr12	52300150	52300200	76	KD_rep2
chr12	52300200	52300250	95	KD_rep2
chr12	52300250	52300300	82	KD_rep2
chr12	52300300	52300350	99	KD_rep2
chr12	52300350	52300400	85	KD_rep2
chr12	52300400	52300450	4	KD_rep2
chr12	52300450	52300500	4	KD_rep2
chr12	52300500	52300550	3	KD_rep2
chr12	52300550	52300600	3	KD_rep2
chr12	52300600	52300650	4	KD_rep2
chr12	52300650	52300700	5	KD_rep2
chr12	52300700	52300750	4	KD_rep2
chr12	52300750	52300800	4	KD_rep2
chr12	52300800	52300850	4	KD_rep2
chr12	52300850	52300900	3	KD_rep2
chr12	52300900	52300950	4	KD_rep2
chr12	52300950	52301000	4	KD_rep2
chr12	52301000	52301050	5	KD_rep2
chr12	52301050	52301100	4	KD_rep2
chr12	52301100	52301150	5	KD_rep2
chr12	52301150	52301200	3	KD_rep2
chr12	52301200	52301250	4	KD_rep2
chr12	52301250	52301300	4	KD_rep2
chr12	52301300	52301350	3	KD_rep2
chr12	52301350	52301400	4	KD_rep2
chr12	52301400	52301450	5	KD_rep2
chr12	52301450	52301500	3	KD_rep2
chr12	52301500	52301550	104	KD_rep2
chr12	52301550	52301600	83	KD_rep2
chr12	52301600	52301650	108	KD_rep2
chr12	52301650	52301700	116	KD_rep2
chr12	52301700	52301750	3	KD_rep2
chr12	52301750	52301800	4	KD_rep2
chr12	52301800	52301850	4	KD_rep2
chr12	52301850	52301900	4	KD_rep2
chr12	52301900	52301950	4	KD_rep2
chr12	52301950	52302000	4	KD_rep2
chr12	52302000	52302050	4	KD_rep2
chr12	52302050	52302100	3	KD_rep2
chr12	52302100	52302150	4	KD_rep2
chr12	52302150	52302200	4	KD_rep2
chr12	52302200	52302250	5	KD_rep2
chr12	52302250	52302300	4	KD_rep2
chr12	52302300	52302350	4	KD_rep2
chr12	52302350	52302400	3	KD_rep2
chr12	52302400	52302450	3	KD_rep2
chr12	52302450	52302500	3	KD_rep2
chr12	52302500	52302550	4	KD_rep2
chr12	52302550	52302600	4	KD_rep2
chr12	52302600	52302650	4	KD_rep2
chr12	52302650	52302700	4	KD_rep2
chr12	52302700	52302750	4	KD_rep2
chr12	52302750	52302800	4	KD_rep2
chr12	52302800	52302850	3	KD_rep2
chr12	52302850	52302900	5	KD_rep2
chr12	52302900	52302950	4	KD_rep2
chr12	52302950	52303000	4	KD_rep2
chr12	52303000	52303050	4	KD_rep2
chr12	52303050	52303100	4	KD_rep2
chr12	52303100	52303150	4	KD_rep2
chr12	52303150	52303200	4	KD_rep2
chr12	52303200	52303250	3	KD_rep2
chr12	52303250	52303300	4	KD_rep2
chr12	52303300	52303350	4	KD_rep2
chr12	52303350	52303400	4	KD_rep2
chr12	52303400	52303450	4	KD_rep2
chr12	52303450	52303500	4	KD_rep2
chr12	52303500	52303550	4	KD_rep2
chr12	52303550	52303600	3	KD_rep2
chr12	52303600	52303650	4	KD_rep2
chr12	52303650	52303700	5	KD_rep2
chr12	52303700	52303750	4	KD_rep2
chr12	52303750	52303800	4	KD_rep2
chr12	52303800	52303850	4	KD_rep2
chr12	52303850	52303900	4	KD_rep2
chr12	52303900	52303950	3	KD_rep2
chr12	52303950	52304000	4	KD_rep2
chr12	52304000	52304050	4	KD_rep2
chr12	52304050	52304100	4	KD_rep2
chr12	52304100	52304150	3	KD_rep2
chr12	52304150	52304200	5	KD_rep2
chr12	52304200	52304250	4	KD_rep2
chr12	52304250	52304300	4	KD_rep2
chr12	52304300	52304350	4	KD_rep2
chr12	52304350	52304400	4	KD_rep2
chr12	52304400	52304450	4	KD_rep2
chr12	52304450	52304500	4	KD_rep2
chr12	52304500	52304550	4	KD_rep2
chr12	52304550	52304600	4	KD_rep2
chr12	52304600	52304650	5	KD_rep2
chr12	52304650	52304700	4	KD_rep2
chr12	52304700	52304750	4	KD_rep2
chr12	52304750	52304800	3	KD_rep2
chr12	52304800	52304850	4	KD_rep2
chr12	52304850	52304900	4	KD_rep2
chr12	52304900	52304950	5	KD_rep2
chr12	52304950	52305000	4	KD_rep2
chr12	52305000	52305050	4	KD_rep2
chr12	52305050	52305100	4	KD_rep2
chr12	52305100	52305150	4	KD_rep2
chr12	52305150	52305200	5	KD_rep2
chr12	52305200	52305250	5	KD_rep2
chr12	52305250	52305300	3	KD_rep2
chr12	52305300	52305350	4	KD_rep2
chr12	52305350	52305400	3	KD_rep2
chr12	52305400	52305450	3	KD_rep2
chr12	52305450	52305500	3	KD_rep2
chr12	52305500	52305550	4	KD_rep2
chr12	52305550	52305600	4	KD_rep2
chr12	52305600	52305650	4	KD_rep2
chr12	52305650	52305700	4	KD_rep2
chr12	52305700	52305750	3	KD_rep2
chr12	52305750	52305800	4	KD_rep2
chr12	52305800	52305850	3	KD_rep2
chr12	52305850	52305900	4	KD_rep2
chr12	52305900	52305950	3	KD_rep2
chr12	52305950	52306000	5	KD_rep2
chr12	52306000	52306050	3	KD_rep2
chr12	52306050	52306100	4	KD_rep2
chr12	52306100	52306150	3	KD_rep2
chr12	52306150	52306200	4	KD_rep2
chr12	52306200	52306250	4	KD_rep2
chr12	52306250	52306300	3	KD_rep2
chr12	52306300	52306350	4	KD_rep2
chr12	52306350	52306400	4	KD_rep2
chr12	52306400	52306450	3	KD_rep2
chr12	52306450	52306500	4	KD_rep2
chr12	52306500	52306550	3	KD_rep2
chr12	52306550	52306600	4	KD_rep2
chr12	52306600	52306650	3	KD_rep2
chr12	52306650	52306700	4	KD_rep2
chr12	52306700	52306750	3	KD_rep2
chr12	52306750	52306800	4	KD_rep2
chr12	52306800	52306850	4	KD_rep2
chr12	52306850	52306900	4	KD_rep2
chr12	52306900	52306950	4	KD_rep2
chr12	52306950	52307000	4	KD_rep2
chr12	52307000	52307050	3	KD_rep2
chr12	52307050	52307100	4	KD_rep2
chr12	52307100	52307150	4	KD_rep2
chr12	52307150	52307200	4	KD_rep2
chr12	52307200	52307250	4	KD_rep2
chr12	52307250	52307300	4	KD_rep2
chr12	52307300	52307350	4	KD_rep2
chr12	52307350	52307400	4	KD_rep2
chr12	52307400	52307450	4	KD_rep2
chr12	52307450	52307500	3	KD_rep2
chr12	52307500	52307550	4	KD_rep2
chr12	52307550	52307600	3	KD_rep2
chr12	52307600	52307650	4	KD_rep2
chr12	52307650	52307700	5	KD_rep2
chr12	52307700	52307750	4	KD_rep2
chr12	52307750	52307800	4	KD_rep2
chr12	52307800	52307850	4	KD_rep2
chr12	52307850	52307900	4	KD_rep2
chr12	52307900	52307950	4	KD_rep2
chr12	52307950	52308000	3	KD_rep2
chr12	52308000	52308050	4	KD_rep2
chr12	52308050	52308100	3	KD_rep2
chr12	52308100	52308150	4	KD_rep2
chr12	52308150	52308200	4	KD_rep2
chr12	52308200	52308250	4	KD_rep2
chr12	52308250	52308300	4	KD_rep2
chr12	52308300	52308350	4	KD_rep2
chr12	52308350	52308400	3	KD_rep2
chr12	52308400	52308450	4	KD_rep2
chr12	52308450	52308500	4	KD_rep2
chr12	52308500	52308550	89	KD_rep2
chr12	52308550	52308600	87	KD_rep2
chr12	52308600	52308650	75	KD_rep2
chr12	52308650	52308700	4	KD_rep2
chr12	52308700	52308750	3	KD_rep2
chr12	52308750	52308800	4	KD_rep2
chr12	52308800	52308850	3	KD_rep2
chr12	52308850	52308900	3	KD_rep2
chr12	52308900	52308950	4	KD_rep2
chr12	52308950	52309000	4	KD_rep2
chr12	52309000	52309050	4	KD_rep2
chr12	52309050	52309100	3	KD_rep2
chr12	52309100	52309150	3	KD_rep2
chr12	52309150	52309200	4	KD_rep2
chr12	52309200	52309250	3	KD_rep2
chr12	52309250	52309300	4	KD_rep2
chr12	52309300	52309350	4	KD_rep2
chr12	52309350	52309400	4	KD_rep2
chr12	52309400	52309450	4	KD_rep2
chr12	52309450	52309500	4	KD_rep2
chr12	52309500	52309550	3	KD_rep2
chr12	52309550	52309600	3	KD_rep2
chr12	52309600	52309650	3	KD_rep2
chr12	52309650	52309700	4	KD_rep2
chr12	52309700	52309750	4	KD_rep2
chr12	52309750	52309800	4	KD_rep2
chr12	52309800	52309850	3	KD_rep2
chr12	52309850	52309900	4	KD_rep2
chr12	52309900	52309950	3	KD_rep2
chr12	52309950	52310000	4	KD_rep2
chr12	52310000	52310050	4	KD_rep2
chr12	52310050	52310100	4	KD_rep2
chr12	52310100	52310150	4	KD_rep2
chr12	52310150	52310200	4	KD_rep2
chr12	52310200	52310250	3	KD_rep2
chr12	52310250	52310300	3	KD_rep2
chr12	52310300	52310350	3	KD_rep2
chr12	52310350	52310400	4	KD_rep2
chr12	52310400	52310450	4	KD_rep2
chr12	52310450	52310500	3	KD_rep2
chr12	52310500	52310550	3	KD_rep2
chr12	52310550	52310600	4	KD_rep2
chr12	52310600	52310650	4	KD_rep2
chr12	52310650	52310700	5	KD_rep2
chr12	52310700	52310750	4	KD_rep2
chr12	52310750	52310800	4	KD_rep2
chr12	52310800	52310850	4	KD_rep2
chr12	52310850	52310900	4	KD_rep2
chr12	52310900	52310950	4	KD_rep2
chr12	52310950	52311000	98	KD_rep2
chr12	52311000	52311050	107	KD_rep2
chr12	52311050	52311100	97	KD_rep2
chr12	52311100	52311150	93	KD_rep2
chr12	52311150	52311200	108	KD_rep2
chr12	52311200	52311250	3	KD_rep2
chr12	52311250	52311300	4	KD_rep2
chr12	52311300	52311350	4	KD_rep2
chr12	52311350	52311400	3	KD_rep2
chr12	52311400	52311450	3	KD_rep2
chr12	52311450	52311500	3	KD_rep2
chr12	52311500	52311550	3	KD_rep2
chr12	52311550	52311600	3	KD_rep2
chr12	52311600	52311650	3	KD_rep2
chr12	52311650	52311700	75	KD_rep2
chr12	52311700	52311750	92	KD_rep2
chr12	52311750	52311800	86	KD_rep2
chr12	52311800	52311850	68	KD_rep2
chr12	52311850	52311900	82	KD_rep2
chr12	52311900	52311950	75	KD_rep2
chr12	52311950	52311998	62	KD_rep2
