region_id	position	value	group
PEAK_0001	-1000	0.284	promoter
PEAK_0001	-950	0.0	promoter
PEAK_0001	-900	0.209	promoter
PEAK_0001	-850	0.614	promoter
PEAK_0001	-800	0.179	promoter
PEAK_0001	-750	0.07	promoter
PEAK_0001	-700	0.0	promoter
PEAK_0001	-650	0.361	promoter
PEAK_0001	-600	0.788	promoter
PEAK_0001	-550	0.308	promoter
PEAK_0001	-500	0.321	promoter
PEAK_0001	-450	0.703	promoter
PEAK_0001	-400	0.386	promoter
PEAK_0001	-350	0.875	promoter
PEAK_0001	-300	1.349	promoter
PEAK_0001	-250	3.979	promoter
PEAK_0001	-200	6.54	promoter
PEAK_0001	-150	10.54	promoter
PEAK_0001	-100	14.21	promoter
PEAK_0001	-50	18.631	promoter
PEAK_0001	0	19.398	promoter
PEAK_0001	50	16.827	promoter
PEAK_0001	100	15.629	promoter
PEAK_0001	150	8.937	promoter
PEAK_0001	200	6.336	promoter
PEAK_0001	250	4.605	promoter
PEAK_0001	300	2.278	promoter
PEAK_0001	350	1.013	promoter
PEAK_0001	400	0.641	promoter
PEAK_0001	450	0.423	promoter
PEAK_0001	500	0.0	promoter
PEAK_0001	550	0.42	promoter
PEAK_0001	600	0.344	promoter
PEAK_0001	650	0.0	promoter
PEAK_0001	700	0.169	promoter
PEAK_0001	750	0.149	promoter
PEAK_0001	800	0.352	promoter
PEAK_0001	850	0.033	promoter
PEAK_0001	900	0.394	promoter
PEAK_0001	950	0.296	promoter
PEAK_0001	1000	0.0	promoter
PEAK_0002	-1000	0.996	background
PEAK_0002	-950	0.762	background
PEAK_0002	-900	0.54	background
PEAK_0002	-850	0.773	background
PEAK_0002	-800	0.635	background
PEAK_0002	-750	1.129	background
PEAK_0002	-700	0.731	background
PEAK_0002	-650	1.405	background
PEAK_0002	-600	0.783	background
PEAK_0002	-550	1.26	background
PEAK_0002	-500	0.96	background
PEAK_0002	-450	1.391	background
PEAK_0002	-400	0.948	background
PEAK_0002	-350	0.892	background
PEAK_0002	-300	0.592	background
PEAK_0002	-250	0.815	background
PEAK_0002	-200	0.801	background
PEAK_0002	-150	0.721	background
PEAK_0002	-100	1.306	background
PEAK_0002	-50	0.915	background
PEAK_0002	0	1.018	background
PEAK_0002	50	0.699	background
PEAK_0002	100	0.994	background
PEAK_0002	150	0.699	background
PEAK_0002	200	0.752	background
PEAK_0002	250	0.952	background
PEAK_0002	300	0.386	background
PEAK_0002	350	0.478	background
PEAK_0002	400	0.816	background
PEAK_0002	450	0.738	background
PEAK_0002	500	1.042	background
PEAK_0002	550	0.924	background
PEAK_0002	600	0.868	background
PEAK_0002	650	0.55	background
PEAK_0002	700	0.431	background
PEAK_0002	750	0.588	background
PEAK_0002	800	0.991	background
PEAK_0002	850	0.937	background
PEAK_0002	900	0.677	background
PEAK_0002	950	0.87	background
PEAK_0002	1000	0.442	background
PEAK_0003	-1000	0.572	background
PEAK_0003	-950	0.38	background
PEAK_0003	-900	0.853	background
PEAK_0003	-850	1.014	background
PEAK_0003	-800	0.655	background
PEAK_0003	-750	1.244	background
PEAK_0003	-700	1.184	background
PEAK_0003	-650	0.987	background
PEAK_0003	-600	0.908	background
PEAK_0003	-550	0.811	background
PEAK_0003	-500	1.119	background
PEAK_0003	-450	0.95	background
PEAK_0003	-400	1.364	background
PEAK_0003	-350	0.933	background
PEAK_0003	-300	1.227	background
PEAK_0003	-250	0.785	background
PEAK_0003	-200	0.633	background
PEAK_0003	-150	1.302	background
PEAK_0003	-100	1.028	background
PEAK_0003	-50	0.51	background
PEAK_0003	0	1.071	background
PEAK_0003	50	1.35	background
PEAK_0003	100	1.424	background
PEAK_0003	150	0.703	background
PEAK_0003	200	0.91	background
PEAK_0003	250	0.484	background
PEAK_0003	300	0.624	background
PEAK_0003	350	0.92	background
PEAK_0003	400	0.972	background
PEAK_0003	450	0.84	background
PEAK_0003	500	1.417	background
PEAK_0003	550	0.892	background
PEAK_0003	600	0.734	background
PEAK_0003	650	0.386	background
PEAK_0003	700	1.104	background
PEAK_0003	750	0.812	background
PEAK_0003	800	1.579	background
PEAK_0003	850	0.548	background
PEAK_0003	900	1.099	background
PEAK_0003	950	0.305	background
PEAK_0003	1000	0.529	background
PEAK_0004	-1000	0.671	enhancer
PEAK_0004	-950	0.51	enhancer
PEAK_0004	-900	0.609	enhancer
PEAK_0004	-850	0.955	enhancer
PEAK_0004	-800	1.047	enhancer
PEAK_0004	-750	1.416	enhancer
PEAK_0004	-700	1.465	enhancer
PEAK_0004	-650	1.488	enhancer
PEAK_0004	-600	1.817	enhancer
PEAK_0004	-550	2.241	enhancer
PEAK_0004	-500	2.634	enhancer
PEAK_0004	-450	3.218	enhancer
PEAK_0004	-400	4.818	enhancer
PEAK_0004	-350	4.719	enhancer
PEAK_0004	-300	5.191	enhancer
PEAK_0004	-250	5.293	enhancer
PEAK_0004	-200	5.039	enhancer
PEAK_0004	-150	5.777	enhancer
PEAK_0004	-100	5.569	enhancer
PEAK_0004	-50	6.148	enhancer
PEAK_0004	0	5.976	enhancer
PEAK_0004	50	5.904	enhancer
PEAK_0004	100	5.807	enhancer
PEAK_0004	150	5.733	enhancer
PEAK_0004	200	5.642	enhancer
PEAK_0004	250	4.946	enhancer
PEAK_0004	300	5.255	enhancer
PEAK_0004	350	4.929	enhancer
PEAK_0004	400	4.42	enhancer
PEAK_0004	450	4.188	enhancer
PEAK_0004	500	2.798	enhancer
PEAK_0004	550	2.232	enhancer
PEAK_0004	600	2.075	enhancer
PEAK_0004	650	1.996	enhancer
PEAK_0004	700	2.232	enhancer
PEAK_0004	750	1.045	enhancer
PEAK_0004	800	1.22	enhancer
PEAK_0004	850	0.481	enhancer
PEAK_0004	900	0.791	enhancer
PEAK_0004	950	0.366	enhancer
PEAK_0004	1000	0.485	enhancer
PEAK_0005	-1000	0.948	enhancer
PEAK_0005	-950	0.251	enhancer
PEAK_0005	-900	0.881	enhancer
PEAK_0005	-850	0.406	enhancer
PEAK_0005	-800	0.715	enhancer
PEAK_0005	-750	1.131	enhancer
PEAK_0005	-700	0.928	enhancer
PEAK_0005	-650	0.908	enhancer
PEAK_0005	-600	1.745	enhancer
PEAK_0005	-550	1.776	enhancer
PEAK_0005	-500	2.525	enhancer
PEAK_0005	-450	2.735	enhancer
PEAK_0005	-400	2.307	enhancer
PEAK_0005	-350	2.998	enhancer
PEAK_0005	-300	3.485	enhancer
PEAK_0005	-250	2.939	enhancer
PEAK_0005	-200	2.911	enhancer
PEAK_0005	-150	3.427	enhancer
PEAK_0005	-100	4.827	enhancer
PEAK_0005	-50	3.306	enhancer
PEAK_0005	0	5.201	enhancer
PEAK_0005	50	4.575	enhancer
PEAK_0005	100	3.707	enhancer
PEAK_0005	150	3.63	enhancer
PEAK_0005	200	4.318	enhancer
PEAK_0005	250	3.192	enhancer
PEAK_0005	300	3.224	enhancer
PEAK_0005	350	3.079	enhancer
PEAK_0005	400	2.876	enhancer
PEAK_0005	450	2.986	enhancer
PEAK_0005	500	2.528	enhancer
PEAK_0005	550	2.189	enhancer
PEAK_0005	600	1.663	enhancer
PEAK_0005	650	1.658	enhancer
PEAK_0005	700	0.98	enhancer
PEAK_0005	750	1.44	enhancer
PEAK_0005	800	1.182	enhancer
PEAK_0005	850	1.183	enhancer
PEAK_0005	900	1.1	enhancer
PEAK_0005	950	0.92	enhancer
PEAK_0005	1000	0.564	enhancer
PEAK_0006	-1000	0.219	promoter
PEAK_0006	-950	0.0	promoter
PEAK_0006	-900	0.419	promoter
PEAK_0006	-850	0.096	promoter
PEAK_0006	-800	0.34	promoter
PEAK_0006	-750	0.503	promoter
PEAK_0006	-700	0.297	promoter
PEAK_0006	-650	0.058	promoter
PEAK_0006	-600	0.065	promoter
PEAK_0006	-550	0.038	promoter
PEAK_0006	-500	0.458	promoter
PEAK_0006	-450	0.46	promoter
PEAK_0006	-400	0.287	promoter
PEAK_0006	-350	0.99	promoter
PEAK_0006	-300	1.633	promoter
PEAK_0006	-250	2.362	promoter
PEAK_0006	-200	3.631	promoter
PEAK_0006	-150	5.286	promoter
PEAK_0006	-100	7.162	promoter
PEAK_0006	-50	7.093	promoter
PEAK_0006	0	7.891	promoter
PEAK_0006	50	7.417	promoter
PEAK_0006	100	6.654	promoter
PEAK_0006	150	5.414	promoter
PEAK_0006	200	4.902	promoter
PEAK_0006	250	2.324	promoter
PEAK_0006	300	1.598	promoter
PEAK_0006	350	0.843	promoter
PEAK_0006	400	0.771	promoter
PEAK_0006	450	0.229	promoter
PEAK_0006	500	0.186	promoter
PEAK_0006	550	0.236	promoter
PEAK_0006	600	0.45	promoter
PEAK_0006	650	0.476	promoter
PEAK_0006	700	0.064	promoter
PEAK_0006	750	0.284	promoter
PEAK_0006	800	0.364	promoter
PEAK_0006	850	0.587	promoter
PEAK_0006	900	0.0	promoter
PEAK_0006	950	0.364	promoter
PEAK_0006	1000	0.48	promoter
PEAK_0007	-1000	0.065	promoter
PEAK_0007	-950	0.248	promoter
PEAK_0007	-900	0.613	promoter
PEAK_0007	-850	0.082	promoter
PEAK_0007	-800	0.0	promoter
PEAK_0007	-750	0.329	promoter
PEAK_0007	-700	0.622	promoter
PEAK_0007	-650	0.0	promoter
PEAK_0007	-600	0.399	promoter
PEAK_0007	-550	0.271	promoter
PEAK_0007	-500	0.0	promoter
PEAK_0007	-450	0.56	promoter
PEAK_0007	-400	0.182	promoter
PEAK_0007	-350	2.223	promoter
PEAK_0007	-300	3.203	promoter
PEAK_0007	-250	5.089	promoter
PEAK_0007	-200	7.271	promoter
PEAK_0007	-150	7.95	promoter
PEAK_0007	-100	10.532	promoter
PEAK_0007	-50	10.604	promoter
PEAK_0007	0	10.98	promoter
PEAK_0007	50	10.485	promoter
PEAK_0007	100	11.71	promoter
PEAK_0007	150	9.693	promoter
PEAK_0007	200	7.697	promoter
PEAK_0007	250	4.362	promoter
PEAK_0007	300	3.31	promoter
PEAK_0007	350	1.561	promoter
PEAK_0007	400	0.957	promoter
PEAK_0007	450	0.584	promoter
PEAK_0007	500	0.002	promoter
PEAK_0007	550	0.283	promoter
PEAK_0007	600	0.0	promoter
PEAK_0007	650	0.274	promoter
PEAK_0007	700	0.185	promoter
PEAK_0007	750	0.043	promoter
PEAK_0007	800	0.588	promoter
PEAK_0007	850	0.304	promoter
PEAK_0007	900	0.622	promoter
PEAK_0007	950	0.463	promoter
PEAK_0007	1000	0.307	promoter
PEAK_0008	-1000	0.347	background
PEAK_0008	-950	0.865	background
PEAK_0008	-900	0.0	background
PEAK_0008	-850	0.65	background
PEAK_0008	-800	0.132	background
PEAK_0008	-750	0.639	background
PEAK_0008	-700	0.773	background
PEAK_0008	-650	0.124	background
PEAK_0008	-600	0.836	background
PEAK_0008	-550	0.718	background
PEAK_0008	-500	0.377	background
PEAK_0008	-450	0.828	background
PEAK_0008	-400	0.602	background
PEAK_0008	-350	0.843	background
PEAK_0008	-300	0.78	background
PEAK_0008	-250	1.468	background
PEAK_0008	-200	0.812	background
PEAK_0008	-150	0.529	background
PEAK_0008	-100	0.856	background
PEAK_0008	-50	0.562	background
PEAK_0008	0	1.564	background
PEAK_0008	50	1.254	background
PEAK_0008	100	0.436	background
PEAK_0008	150	1.214	background
PEAK_0008	200	0.56	background
PEAK_0008	250	1.199	background
PEAK_0008	300	0.74	background
PEAK_0008	350	0.209	background
PEAK_0008	400	1.262	background
PEAK_0008	450	1.005	background
PEAK_0008	500	0.858	background
PEAK_0008	550	0.774	background
PEAK_0008	600	0.641	background
PEAK_0008	650	0.958	background
PEAK_0008	700	0.64	background
PEAK_0008	750	0.464	background
PEAK_0008	800	0.311	background
PEAK_0008	850	0.795	background
PEAK_0008	900	0.017	background
PEAK_0008	950	0.54	background
PEAK_0008	1000	0.32	background
PEAK_0009	-1000	0.346	enhancer
PEAK_0009	-950	0.67	enhancer
PEAK_0009	-900	1.281	enhancer
PEAK_0009	-850	1.005	enhancer
PEAK_0009	-800	1.772	enhancer
PEAK_0009	-750	1.143	enhancer
PEAK_0009	-700	1.512	enhancer
PEAK_0009	-650	2.272	enhancer
PEAK_0009	-600	2.098	enhancer
PEAK_0009	-550	1.759	enhancer
PEAK_0009	-500	2.443	enhancer
PEAK_0009	-450	3.451	enhancer
PEAK_0009	-400	3.54	enhancer
PEAK_0009	-350	3.378	enhancer
PEAK_0009	-300	3.142	enhancer
PEAK_0009	-250	3.822	enhancer
PEAK_0009	-200	4.321	enhancer
PEAK_0009	-150	4.904	enhancer
PEAK_0009	-100	4.627	enhancer
PEAK_0009	-50	4.522	enhancer
PEAK_0009	0	4.512	enhancer
PEAK_0009	50	4.163	enhancer
PEAK_0009	100	4.458	enhancer
PEAK_0009	150	3.228	enhancer
PEAK_0009	200	2.998	enhancer
PEAK_0009	250	2.647	enhancer
PEAK_0009	300	3.043	enhancer
PEAK_0009	350	2.615	enhancer
PEAK_0009	400	2.075	enhancer
PEAK_0009	450	1.884	enhancer
PEAK_0009	500	1.741	enhancer
PEAK_0009	550	1.21	enhancer
PEAK_0009	600	0.858	enhancer
PEAK_0009	650	0.59	enhancer
PEAK_0009	700	0.972	enhancer
PEAK_0009	750	0.53	enhancer
PEAK_0009	800	0.333	enhancer
PEAK_0009	850	0.463	enhancer
PEAK_0009	900	0.333	enhancer
PEAK_0009	950	0.471	enhancer
PEAK_0009	1000	0.388	enhancer
PEAK_0010	-1000	0.711	enhancer
PEAK_0010	-950	0.993	enhancer
PEAK_0010	-900	1.235	enhancer
PEAK_0010	-850	1.489	enhancer
PEAK_0010	-800	1.25	enhancer
PEAK_0010	-750	1.491	enhancer
PEAK_0010	-700	1.694	enhancer
PEAK_0010	-650	1.562	enhancer
PEAK_0010	-600	1.999	enhancer
PEAK_0010	-550	3.085	enhancer
PEAK_0010	-500	2.653	enhancer
PEAK_0010	-450	3.609	enhancer
PEAK_0010	-400	2.788	enhancer
PEAK_0010	-350	2.98	enhancer
PEAK_0010	-300	3.74	enhancer
PEAK_0010	-250	3.424	enhancer
PEAK_0010	-200	4.392	enhancer
PEAK_0010	-150	3.765	enhancer
PEAK_0010	-100	4.635	enhancer
PEAK_0010	-50	3.308	enhancer
PEAK_0010	0	3.96	enhancer
PEAK_0010	50	3.383	enhancer
PEAK_0010	100	3.787	enhancer
PEAK_0010	150	4.508	enhancer
PEAK_0010	200	2.692	enhancer
PEAK_0010	250	2.661	enhancer
PEAK_0010	300	3.197	enhancer
PEAK_0010	350	2.986	enhancer
PEAK_0010	400	3.0	enhancer
PEAK_0010	450	1.993	enhancer
PEAK_0010	500	2.824	enhancer
PEAK_0010	550	2.472	enhancer
PEAK_0010	600	1.484	enhancer
PEAK_0010	650	1.485	enhancer
PEAK_0010	700	1.235	enhancer
PEAK_0010	750	1.217	enhancer
PEAK_0010	800	1.083	enhancer
PEAK_0010	850	1.024	enhancer
PEAK_0010	900	0.759	enhancer
PEAK_0010	950	0.316	enhancer
PEAK_0010	1000	0.514	enhancer
PEAK_0011	-1000	0.462	promoter
PEAK_0011	-950	0.38	promoter
PEAK_0011	-900	0.219	promoter
PEAK_0011	-850	0.179	promoter
PEAK_0011	-800	0.118	promoter
PEAK_0011	-750	0.03	promoter
PEAK_0011	-700	0.198	promoter
PEAK_0011	-650	0.278	promoter
PEAK_0011	-600	0.417	promoter
PEAK_0011	-550	0.264	promoter
PEAK_0011	-500	0.362	promoter
PEAK_0011	-450	0.428	promoter
PEAK_0011	-400	0.949	promoter
PEAK_0011	-350	2.233	promoter
PEAK_0011	-300	3.437	promoter
PEAK_0011	-250	6.919	promoter
PEAK_0011	-200	9.781	promoter
PEAK_0011	-150	15.636	promoter
PEAK_0011	-100	17.727	promoter
PEAK_0011	-50	19.251	promoter
PEAK_0011	0	20.122	promoter
PEAK_0011	50	18.978	promoter
PEAK_0011	100	17.633	promoter
PEAK_0011	150	15.089	promoter
PEAK_0011	200	9.79	promoter
PEAK_0011	250	5.979	promoter
PEAK_0011	300	2.916	promoter
PEAK_0011	350	1.883	promoter
PEAK_0011	400	0.974	promoter
PEAK_0011	450	0.445	promoter
PEAK_0011	500	0.336	promoter
PEAK_0011	550	0.417	promoter
PEAK_0011	600	0.138	promoter
PEAK_0011	650	0.303	promoter
PEAK_0011	700	0.22	promoter
PEAK_0011	750	0.29	promoter
PEAK_0011	800	0.089	promoter
PEAK_0011	850	0.013	promoter
PEAK_0011	900	0.0	promoter
PEAK_0011	950	0.34	promoter
PEAK_0011	1000	0.153	promoter
PEAK_0012	-1000	0.388	promoter
PEAK_0012	-950	0.125	promoter
PEAK_0012	-900	0.741	promoter
PEAK_0012	-850	0.077	promoter
PEAK_0012	-800	0.287	promoter
PEAK_0012	-750	0.291	promoter
PEAK_0012	-700	0.569	promoter
PEAK_0012	-650	0.088	promoter
PEAK_0012	-600	0.0	promoter
PEAK_0012	-550	0.0	promoter
PEAK_0012	-500	0.0	promoter
PEAK_0012	-450	0.532	promoter
PEAK_0012	-400	0.498	promoter
PEAK_0012	-350	1.407	promoter
PEAK_0012	-300	1.34	promoter
PEAK_0012	-250	3.286	promoter
PEAK_0012	-200	3.367	promoter
PEAK_0012	-150	4.399	promoter
PEAK_0012	-100	6.578	promoter
PEAK_0012	-50	6.355	promoter
PEAK_0012	0	6.855	promoter
PEAK_0012	50	5.682	promoter
PEAK_0012	100	5.526	promoter
PEAK_0012	150	4.746	promoter
PEAK_0012	200	3.077	promoter
PEAK_0012	250	2.376	promoter
PEAK_0012	300	1.435	promoter
PEAK_0012	350	0.599	promoter
PEAK_0012	400	0.362	promoter
PEAK_0012	450	0.229	promoter
PEAK_0012	500	0.257	promoter
PEAK_0012	550	0.656	promoter
PEAK_0012	600	0.203	promoter
PEAK_0012	650	0.18	promoter
PEAK_0012	700	0.0	promoter
PEAK_0012	750	0.18	promoter
PEAK_0012	800	0.281	promoter
PEAK_0012	850	0.369	promoter
PEAK_0012	900	0.209	promoter
PEAK_0012	950	0.496	promoter
PEAK_0012	1000	0.149	promoter
PEAK_0013	-1000	0.026	promoter
PEAK_0013	-950	0.315	promoter
PEAK_0013	-900	0.0	promoter
PEAK_0013	-850	0.184	promoter
PEAK_0013	-800	0.283	promoter
PEAK_0013	-750	0.624	promoter
PEAK_0013	-700	0.305	promoter
PEAK_0013	-650	0.265	promoter
PEAK_0013	-600	0.276	promoter
PEAK_0013	-550	0.377	promoter
PEAK_0013	-500	0.159	promoter
PEAK_0013	-450	0.4	promoter
PEAK_0013	-400	0.531	promoter
PEAK_0013	-350	1.297	promoter
PEAK_0013	-300	2.302	promoter
PEAK_0013	-250	3.894	promoter
PEAK_0013	-200	6.789	promoter
PEAK_0013	-150	10.532	promoter
PEAK_0013	-100	15.682	promoter
PEAK_0013	-50	16.576	promoter
PEAK_0013	0	20.18	promoter
PEAK_0013	50	18.494	promoter
PEAK_0013	100	15.238	promoter
PEAK_0013	150	9.041	promoter
PEAK_0013	200	6.868	promoter
PEAK_0013	250	4.499	promoter
PEAK_0013	300	1.879	promoter
PEAK_0013	350	1.101	promoter
PEAK_0013	400	0.535	promoter
PEAK_0013	450	0.0	promoter
PEAK_0013	500	0.21	promoter
PEAK_0013	550	0.226	promoter
PEAK_0013	600	0.698	promoter
PEAK_0013	650	0.069	promoter
PEAK_0013	700	0.662	promoter
PEAK_0013	750	0.094	promoter
PEAK_0013	800	0.329	promoter
PEAK_0013	850	0.292	promoter
PEAK_0013	900	0.095	promoter
PEAK_0013	950	0.321	promoter
PEAK_0013	1000	0.036	promoter
PEAK_0014	-1000	0.24	promoter
PEAK_0014	-950	0.612	promoter
PEAK_0014	-900	0.263	promoter
PEAK_0014	-850	0.288	promoter
PEAK_0014	-800	0.0	promoter
PEAK_0014	-750	0.972	promoter
PEAK_0014	-700	0.14	promoter
PEAK_0014	-650	0.21	promoter
PEAK_0014	-600	0.35	promoter
PEAK_0014	-550	0.194	promoter
PEAK_0014	-500	0.013	promoter
PEAK_0014	-450	0.302	promoter
PEAK_0014	-400	0.298	promoter
PEAK_0014	-350	0.748	promoter
PEAK_0014	-300	1.755	promoter
PEAK_0014	-250	3.221	promoter
PEAK_0014	-200	4.719	promoter
PEAK_0014	-150	7.253	promoter
PEAK_0014	-100	8.564	promoter
PEAK_0014	-50	8.688	promoter
PEAK_0014	0	10.067	promoter
PEAK_0014	50	9.149	promoter
PEAK_0014	100	7.882	promoter
PEAK_0014	150	7.574	promoter
PEAK_0014	200	4.858	promoter
PEAK_0014	250	2.923	promoter
PEAK_0014	300	1.862	promoter
PEAK_0014	350	1.105	promoter
PEAK_0014	400	0.979	promoter
PEAK_0014	450	0.379	promoter
PEAK_0014	500	0.649	promoter
PEAK_0014	550	0.058	promoter
PEAK_0014	600	0.318	promoter
PEAK_0014	650	0.16	promoter
PEAK_0014	700	0.517	promoter
PEAK_0014	750	0.202	promoter
PEAK_0014	800	0.207	promoter
PEAK_0014	850	0.385	promoter
PEAK_0014	900	0.295	promoter
PEAK_0014	950	0.166	promoter
PEAK_0014	1000	0.0	promoter
PEAK_0015	-1000	0.62	enhancer
PEAK_0015	-950	0.421	enhancer
PEAK_0015	-900	0.291	enhancer
PEAK_0015	-850	1.249	enhancer
PEAK_0015	-800	1.591	enhancer
PEAK_0015	-750	1.581	enhancer
PEAK_0015	-700	1.563	enhancer
PEAK_0015	-650	2.411	enhancer
PEAK_0015	-600	1.743	enhancer
PEAK_0015	-550	2.57	enhancer
PEAK_0015	-500	3.42	enhancer
PEAK_0015	-450	3.473	enhancer
PEAK_0015	-400	3.226	enhancer
PEAK_0015	-350	4.275	enhancer
PEAK_0015	-300	4.577	enhancer
PEAK_0015	-250	4.704	enhancer
PEAK_0015	-200	4.911	enhancer
PEAK_0015	-150	4.359	enhancer
PEAK_0015	-100	5.287	enhancer
PEAK_0015	-50	4.123	enhancer
PEAK_0015	0	4.617	enhancer
PEAK_0015	50	5.644	enhancer
PEAK_0015	100	5.388	enhancer
PEAK_0015	150	6.272	enhancer
PEAK_0015	200	3.155	enhancer
PEAK_0015	250	3.883	enhancer
PEAK_0015	300	3.959	enhancer
PEAK_0015	350	3.28	enhancer
PEAK_0015	400	3.694	enhancer
PEAK_0015	450	2.096	enhancer
PEAK_0015	500	2.467	enhancer
PEAK_0015	550	2.318	enhancer
PEAK_0015	600	1.527	enhancer
PEAK_0015	650	1.534	enhancer
PEAK_0015	700	1.607	enhancer
PEAK_0015	750	1.427	enhancer
PEAK_0015	800	0.815	enhancer
PEAK_0015	850	1.204	enhancer
PEAK_0015	900	1.117	enhancer
PEAK_0015	950	0.783	enhancer
PEAK_0015	1000	0.389	enhancer
PEAK_0016	-1000	0.275	enhancer
PEAK_0016	-950	0.43	enhancer
PEAK_0016	-900	0.0	enhancer
PEAK_0016	-850	0.622	enhancer
PEAK_0016	-800	1.044	enhancer
PEAK_0016	-750	1.487	enhancer
PEAK_0016	-700	1.702	enhancer
PEAK_0016	-650	2.9	enhancer
PEAK_0016	-600	4.323	enhancer
PEAK_0016	-550	4.361	enhancer
PEAK_0016	-500	4.469	enhancer
PEAK_0016	-450	5.009	enhancer
PEAK_0016	-400	6.428	enhancer
PEAK_0016	-350	5.686	enhancer
PEAK_0016	-300	6.298	enhancer
PEAK_0016	-250	7.979	enhancer
PEAK_0016	-200	8.685	enhancer
PEAK_0016	-150	7.747	enhancer
PEAK_0016	-100	7.95	enhancer
PEAK_0016	-50	7.649	enhancer
PEAK_0016	0	7.598	enhancer
PEAK_0016	50	6.467	enhancer
PEAK_0016	100	6.078	enhancer
PEAK_0016	150	5.1	enhancer
PEAK_0016	200	5.055	enhancer
PEAK_0016	250	4.01	enhancer
PEAK_0016	300	2.964	enhancer
PEAK_0016	350	3.415	enhancer
PEAK_0016	400	1.681	enhancer
PEAK_0016	450	1.791	enhancer
PEAK_0016	500	1.263	enhancer
PEAK_0016	550	0.742	enhancer
PEAK_0016	600	0.95	enhancer
PEAK_0016	650	0.392	enhancer
PEAK_0016	700	0.657	enhancer
PEAK_0016	750	0.76	enhancer
PEAK_0016	800	0.495	enhancer
PEAK_0016	850	0.065	enhancer
PEAK_0016	900	0.158	enhancer
PEAK_0016	950	0.242	enhancer
PEAK_0016	1000	0.391	enhancer
PEAK_0017	-1000	0.449	enhancer
PEAK_0017	-950	1.167	enhancer
PEAK_0017	-900	1.112	enhancer
PEAK_0017	-850	1.051	enhancer
PEAK_0017	-800	1.279	enhancer
PEAK_0017	-750	1.738	enhancer
PEAK_0017	-700	1.607	enhancer
PEAK_0017	-650	1.311	enhancer
PEAK_0017	-600	1.836	enhancer
PEAK_0017	-550	3.372	enhancer
PEAK_0017	-500	3.098	enhancer
PEAK_0017	-450	3.214	enhancer
PEAK_0017	-400	3.909	enhancer
PEAK_0017	-350	4.462	enhancer
PEAK_0017	-300	4.687	enhancer
PEAK_0017	-250	4.96	enhancer
PEAK_0017	-200	5.624	enhancer
PEAK_0017	-150	4.913	enhancer
PEAK_0017	-100	6.326	enhancer
PEAK_0017	-50	7.078	enhancer
PEAK_0017	0	6.615	enhancer
PEAK_0017	50	6.861	enhancer
PEAK_0017	100	7.504	enhancer
PEAK_0017	150	6.95	enhancer
PEAK_0017	200	5.848	enhancer
PEAK_0017	250	6.477	enhancer
PEAK_0017	300	6.15	enhancer
PEAK_0017	350	5.186	enhancer
PEAK_0017	400	5.169	enhancer
PEAK_0017	450	4.61	enhancer
PEAK_0017	500	4.538	enhancer
PEAK_0017	550	4.735	enhancer
PEAK_0017	600	3.16	enhancer
PEAK_0017	650	4.522	enhancer
PEAK_0017	700	2.229	enhancer
PEAK_0017	750	3.035	enhancer
PEAK_0017	800	2.081	enhancer
PEAK_0017	850	1.894	enhancer
PEAK_0017	900	1.045	enhancer
PEAK_0017	950	1.816	enhancer
PEAK_0017	1000	1.251	enhancer
PEAK_0018	-1000	0.456	enhancer
PEAK_0018	-950	0.218	enhancer
PEAK_0018	-900	0.777	enhancer
PEAK_0018	-850	0.359	enhancer
PEAK_0018	-800	0.52	enhancer
PEAK_0018	-750	0.406	enhancer
PEAK_0018	-700	1.04	enhancer
PEAK_0018	-650	1.091	enhancer
PEAK_0018	-600	1.391	enhancer
PEAK_0018	-550	1.661	enhancer
PEAK_0018	-500	1.837	enhancer
PEAK_0018	-450	2.302	enhancer
PEAK_0018	-400	2.67	enhancer
PEAK_0018	-350	2.844	enhancer
PEAK_0018	-300	3.152	enhancer
PEAK_0018	-250	3.904	enhancer
PEAK_0018	-200	4.88	enhancer
PEAK_0018	-150	3.748	enhancer
PEAK_0018	-100	3.981	enhancer
PEAK_0018	-50	4.103	enhancer
PEAK_0018	0	4.534	enhancer
PEAK_0018	50	5.419	enhancer
PEAK_0018	100	4.138	enhancer
PEAK_0018	150	3.937	enhancer
PEAK_0018	200	4.796	enhancer
PEAK_0018	250	4.514	enhancer
PEAK_0018	300	3.318	enhancer
PEAK_0018	350	3.155	enhancer
PEAK_0018	400	2.399	enhancer
PEAK_0018	450	2.807	enhancer
PEAK_0018	500	2.308	enhancer
PEAK_0018	550	2.107	enhancer
PEAK_0018	600	1.778	enhancer
PEAK_0018	650	1.322	enhancer
PEAK_0018	700	1.376	enhancer
PEAK_0018	750	1.093	enhancer
PEAK_0018	800	0.87	enhancer
PEAK_0018	850	0.394	enhancer
PEAK_0018	900	0.889	enhancer
PEAK_0018	950	0.513	enhancer
PEAK_0018	1000	0.017	enhancer
PEAK_0019	-1000	0.328	promoter
PEAK_0019	-950	0.675	promoter
PEAK_0019	-900	0.262	promoter
PEAK_0019	-850	0.589	promoter
PEAK_0019	-800	0.074	promoter
PEAK_0019	-750	0.234	promoter
PEAK_0019	-700	0.303	promoter
PEAK_0019	-650	0.757	promoter
PEAK_0019	-600	0.526	promoter
PEAK_0019	-550	0.0	promoter
PEAK_0019	-500	0.0	promoter
PEAK_0019	-450	0.181	promoter
PEAK_0019	-400	0.085	promoter
PEAK_0019	-350	0.571	promoter
PEAK_0019	-300	1.704	promoter
PEAK_0019	-250	2.623	promoter
PEAK_0019	-200	3.425	promoter
PEAK_0019	-150	4.49	promoter
PEAK_0019	-100	6.479	promoter
PEAK_0019	-50	8.375	promoter
PEAK_0019	0	9.087	promoter
PEAK_0019	50	7.811	promoter
PEAK_0019	100	6.423	promoter
PEAK_0019	150	5.228	promoter
PEAK_0019	200	4.093	promoter
PEAK_0019	250	2.893	promoter
PEAK_0019	300	1.146	promoter
PEAK_0019	350	0.505	promoter
PEAK_0019	400	0.298	promoter
PEAK_0019	450	0.411	promoter
PEAK_0019	500	0.105	promoter
PEAK_0019	550	0.366	promoter
PEAK_0019	600	0.765	promoter
PEAK_0019	650	0.0	promoter
PEAK_0019	700	0.018	promoter
PEAK_0019	750	0.126	promoter
PEAK_0019	800	0.178	promoter
PEAK_0019	850	0.266	promoter
PEAK_0019	900	0.0	promoter
PEAK_0019	950	0.397	promoter
PEAK_0019	1000	0.62	promoter
PEAK_0020	-1000	0.427	promoter
PEAK_0020	-950	0.0	promoter
PEAK_0020	-900	0.644	promoter
PEAK_0020	-850	0.0	promoter
PEAK_0020	-800	0.695	promoter
PEAK_0020	-750	0.689	promoter
PEAK_0020	-700	0.147	promoter
PEAK_0020	-650	0.337	promoter
PEAK_0020	-600	0.489	promoter
PEAK_0020	-550	0.333	promoter
PEAK_0020	-500	0.0	promoter
PEAK_0020	-450	0.058	promoter
PEAK_0020	-400	0.0	promoter
PEAK_0020	-350	0.382	promoter
PEAK_0020	-300	1.119	promoter
PEAK_0020	-250	1.05	promoter
PEAK_0020	-200	1.866	promoter
PEAK_0020	-150	2.689	promoter
PEAK_0020	-100	3.761	promoter
PEAK_0020	-50	4.928	promoter
PEAK_0020	0	5.306	promoter
PEAK_0020	50	5.733	promoter
PEAK_0020	100	3.059	promoter
PEAK_0020	150	3.351	promoter
PEAK_0020	200	1.693	promoter
PEAK_0020	250	1.73	promoter
PEAK_0020	300	1.297	promoter
PEAK_0020	350	1.116	promoter
PEAK_0020	400	0.745	promoter
PEAK_0020	450	0.087	promoter
PEAK_0020	500	0.169	promoter
PEAK_0020	550	0.149	promoter
PEAK_0020	600	0.309	promoter
PEAK_0020	650	0.212	promoter
PEAK_0020	700	0.226	promoter
PEAK_0020	750	0.0	promoter
PEAK_0020	800	0.0	promoter
PEAK_0020	850	0.379	promoter
PEAK_0020	900	0.467	promoter
PEAK_0020	950	0.326	promoter
PEAK_0020	1000	0.319	promoter
PEAK_0021	-1000	0.166	promoter
PEAK_0021	-950	0.208	promoter
PEAK_0021	-900	0.252	promoter
PEAK_0021	-850	0.477	promoter
PEAK_0021	-800	0.467	promoter
PEAK_0021	-750	0.072	promoter
PEAK_0021	-700	0.304	promoter
PEAK_0021	-650	0.504	promoter
PEAK_0021	-600	0.295	promoter
PEAK_0021	-550	0.071	promoter
PEAK_0021	-500	0.0	promoter
PEAK_0021	-450	0.328	promoter
PEAK_0021	-400	0.308	promoter
PEAK_0021	-350	0.353	promoter
PEAK_0021	-300	1.048	promoter
PEAK_0021	-250	1.433	promoter
PEAK_0021	-200	2.373	promoter
PEAK_0021	-150	3.132	promoter
PEAK_0021	-100	4.647	promoter
PEAK_0021	-50	5.954	promoter
PEAK_0021	0	5.285	promoter
PEAK_0021	50	5.151	promoter
PEAK_0021	100	3.943	promoter
PEAK_0021	150	3.632	promoter
PEAK_0021	200	1.652	promoter
PEAK_0021	250	2.004	promoter
PEAK_0021	300	0.558	promoter
PEAK_0021	350	0.622	promoter
PEAK_0021	400	0.241	promoter
PEAK_0021	450	0.376	promoter
PEAK_0021	500	0.25	promoter
PEAK_0021	550	0.17	promoter
PEAK_0021	600	0.729	promoter
PEAK_0021	650	0.273	promoter
PEAK_0021	700	0.0	promoter
PEAK_0021	750	0.0	promoter
PEAK_0021	800	0.501	promoter
PEAK_0021	850	0.142	promoter
PEAK_0021	900	0.632	promoter
PEAK_0021	950	0.095	promoter
PEAK_0021	1000	0.184	promoter
PEAK_0022	-1000	0.115	promoter
PEAK_0022	-950	0.235	promoter
PEAK_0022	-900	0.402	promoter
PEAK_0022	-850	0.389	promoter
PEAK_0022	-800	0.02	promoter
PEAK_0022	-750	0.284	promoter
PEAK_0022	-700	0.0	promoter
PEAK_0022	-650	0.367	promoter
PEAK_0022	-600	0.052	promoter
PEAK_0022	-550	0.286	promoter
PEAK_0022	-500	0.339	promoter
PEAK_0022	-450	0.0	promoter
PEAK_0022	-400	0.227	promoter
PEAK_0022	-350	0.91	promoter
PEAK_0022	-300	0.876	promoter
PEAK_0022	-250	1.61	promoter
PEAK_0022	-200	2.77	promoter
PEAK_0022	-150	1.864	promoter
PEAK_0022	-100	4.215	promoter
PEAK_0022	-50	3.207	promoter
PEAK_0022	0	3.474	promoter
PEAK_0022	50	3.547	promoter
PEAK_0022	100	3.328	promoter
PEAK_0022	150	2.476	promoter
PEAK_0022	200	1.233	promoter
PEAK_0022	250	1.686	promoter
PEAK_0022	300	0.126	promoter
PEAK_0022	350	0.687	promoter
PEAK_0022	400	0.21	promoter
PEAK_0022	450	0.079	promoter
PEAK_0022	500	0.274	promoter
PEAK_0022	550	0.361	promoter
PEAK_0022	600	0.549	promoter
PEAK_0022	650	1.017	promoter
PEAK_0022	700	0.22	promoter
PEAK_0022	750	0.256	promoter
PEAK_0022	800	0.528	promoter
PEAK_0022	850	0.189	promoter
PEAK_0022	900	0.502	promoter
PEAK_0022	950	0.0	promoter
PEAK_0022	1000	0.401	promoter
PEAK_0023	-1000	0.183	promoter
PEAK_0023	-950	0.111	promoter
PEAK_0023	-900	0.497	promoter
PEAK_0023	-850	0.0	promoter
PEAK_0023	-800	0.205	promoter
PEAK_0023	-750	0.389	promoter
PEAK_0023	-700	0.191	promoter
PEAK_0023	-650	0.111	promoter
PEAK_0023	-600	0.264	promoter
PEAK_0023	-550	0.0	promoter
PEAK_0023	-500	0.212	promoter
PEAK_0023	-450	0.574	promoter
PEAK_0023	-400	0.93	promoter
PEAK_0023	-350	1.929	promoter
PEAK_0023	-300	3.286	promoter
PEAK_0023	-250	5.603	promoter
PEAK_0023	-200	9.339	promoter
PEAK_0023	-150	9.725	promoter
PEAK_0023	-100	10.998	promoter
PEAK_0023	-50	12.265	promoter
PEAK_0023	0	13.101	promoter
PEAK_0023	50	11.432	promoter
PEAK_0023	100	12.172	promoter
PEAK_0023	150	10.874	promoter
PEAK_0023	200	7.707	promoter
PEAK_0023	250	5.074	promoter
PEAK_0023	300	3.148	promoter
PEAK_0023	350	2.04	promoter
PEAK_0023	400	0.63	promoter
PEAK_0023	450	0.42	promoter
PEAK_0023	500	0.397	promoter
PEAK_0023	550	0.257	promoter
PEAK_0023	600	0.701	promoter
PEAK_0023	650	0.0	promoter
PEAK_0023	700	0.479	promoter
PEAK_0023	750	0.414	promoter
PEAK_0023	800	0.107	promoter
PEAK_0023	850	0.243	promoter
PEAK_0023	900	0.153	promoter
PEAK_0023	950	0.416	promoter
PEAK_0023	1000	0.042	promoter
PEAK_0024	-1000	0.0	promoter
PEAK_0024	-950	0.007	promoter
PEAK_0024	-900	0.131	promoter
PEAK_0024	-850	0.533	promoter
PEAK_0024	-800	0.173	promoter
PEAK_0024	-750	0.414	promoter
PEAK_0024	-700	0.086	promoter
PEAK_0024	-650	0.282	promoter
PEAK_0024	-600	0.127	promoter
PEAK_0024	-550	0.167	promoter
PEAK_0024	-500	0.526	promoter
PEAK_0024	-450	0.395	promoter
PEAK_0024	-400	0.564	promoter
PEAK_0024	-350	1.356	promoter
PEAK_0024	-300	1.239	promoter
PEAK_0024	-250	1.631	promoter
PEAK_0024	-200	3.67	promoter
PEAK_0024	-150	3.286	promoter
PEAK_0024	-100	3.933	promoter
PEAK_0024	-50	4.274	promoter
PEAK_0024	0	4.853	promoter
PEAK_0024	50	4.302	promoter
PEAK_0024	100	4.029	promoter
PEAK_0024	150	3.232	promoter
PEAK_0024	200	3.086	promoter
PEAK_0024	250	1.661	promoter
PEAK_0024	300	1.858	promoter
PEAK_0024	350	1.059	promoter
PEAK_0024	400	0.441	promoter
PEAK_0024	450	0.527	promoter
PEAK_0024	500	0.217	promoter
PEAK_0024	550	0.205	promoter
PEAK_0024	600	0.049	promoter
PEAK_0024	650	0.474	promoter
PEAK_0024	700	0.283	promoter
PEAK_0024	750	0.468	promoter
PEAK_0024	800	0.041	promoter
PEAK_0024	850	0.412	promoter
PEAK_0024	900	0.458	promoter
PEAK_0024	950	0.533	promoter
PEAK_0024	1000	0.054	promoter
PEAK_0025	-1000	0.342	enhancer
PEAK_0025	-950	0.517	enhancer
PEAK_0025	-900	0.762	enhancer
PEAK_0025	-850	1.095	enhancer
PEAK_0025	-800	0.837	enhancer
PEAK_0025	-750	0.398	enhancer
PEAK_0025	-700	1.042	enhancer
PEAK_0025	-650	0.9	enhancer
PEAK_0025	-600	0.733	enhancer
PEAK_0025	-550	0.95	enhancer
PEAK_0025	-500	1.0	enhancer
PEAK_0025	-450	0.834	enhancer
PEAK_0025	-400	1.204	enhancer
PEAK_0025	-350	1.381	enhancer
PEAK_0025	-300	1.955	enhancer
PEAK_0025	-250	1.701	enhancer
PEAK_0025	-200	1.007	enhancer
PEAK_0025	-150	1.059	enhancer
PEAK_0025	-100	0.969	enhancer
PEAK_0025	-50	1.167	enhancer
PEAK_0025	0	1.331	enhancer
PEAK_0025	50	1.082	enhancer
PEAK_0025	100	1.378	enhancer
PEAK_0025	150	1.152	enhancer
PEAK_0025	200	0.935	enhancer
PEAK_0025	250	1.061	enhancer
PEAK_0025	300	1.008	enhancer
PEAK_0025	350	1.081	enhancer
PEAK_0025	400	0.57	enhancer
PEAK_0025	450	0.99	enhancer
PEAK_0025	500	0.344	enhancer
PEAK_0025	550	1.02	enhancer
PEAK_0025	600	0.197	enhancer
PEAK_0025	650	0.626	enhancer
PEAK_0025	700	0.668	enhancer
PEAK_0025	750	0.0	enhancer
PEAK_0025	800	0.316	enhancer
PEAK_0025	850	0.265	enhancer
PEAK_0025	900	0.491	enhancer
PEAK_0025	950	0.521	enhancer
PEAK_0025	1000	0.2	enhancer
PEAK_0026	-1000	0.281	promoter
PEAK_0026	-950	0.619	promoter
PEAK_0026	-900	0.443	promoter
PEAK_0026	-850	0.154	promoter
PEAK_0026	-800	0.0	promoter
PEAK_0026	-750	0.481	promoter
PEAK_0026	-700	0.371	promoter
PEAK_0026	-650	0.0	promoter
PEAK_0026	-600	0.571	promoter
PEAK_0026	-550	0.101	promoter
PEAK_0026	-500	0.207	promoter
PEAK_0026	-450	0.901	promoter
PEAK_0026	-400	0.403	promoter
PEAK_0026	-350	0.769	promoter
PEAK_0026	-300	1.463	promoter
PEAK_0026	-250	1.776	promoter
PEAK_0026	-200	3.099	promoter
PEAK_0026	-150	4.999	promoter
PEAK_0026	-100	6.567	promoter
PEAK_0026	-50	7.782	promoter
PEAK_0026	0	7.912	promoter
PEAK_0026	50	8.859	promoter
PEAK_0026	100	6.046	promoter
PEAK_0026	150	5.298	promoter
PEAK_0026	200	3.171	promoter
PEAK_0026	250	1.89	promoter
PEAK_0026	300	0.889	promoter
PEAK_0026	350	0.724	promoter
PEAK_0026	400	0.445	promoter
PEAK_0026	450	0.082	promoter
PEAK_0026	500	0.473	promoter
PEAK_0026	550	0.262	promoter
PEAK_0026	600	0.337	promoter
PEAK_0026	650	0.056	promoter
PEAK_0026	700	0.382	promoter
PEAK_0026	750	0.223	promoter
PEAK_0026	800	0.0	promoter
PEAK_0026	850	0.209	promoter
PEAK_0026	900	0.387	promoter
PEAK_0026	950	0.241	promoter
PEAK_0026	1000	0.249	promoter
PEAK_0027	-1000	0.0	promoter
PEAK_0027	-950	0.398	promoter
PEAK_0027	-900	0.193	promoter
PEAK_0027	-850	0.291	promoter
PEAK_0027	-800	0.036	promoter
PEAK_0027	-750	0.433	promoter
PEAK_0027	-700	0.031	promoter
PEAK_0027	-650	0.773	promoter
PEAK_0027	-600	0.16	promoter
PEAK_0027	-550	0.274	promoter
PEAK_0027	-500	0.214	promoter
PEAK_0027	-450	0.234	promoter
PEAK_0027	-400	0.882	promoter
PEAK_0027	-350	1.454	promoter
PEAK_0027	-300	2.469	promoter
PEAK_0027	-250	4.591	promoter
PEAK_0027	-200	7.421	promoter
PEAK_0027	-150	11.123	promoter
PEAK_0027	-100	13.254	promoter
PEAK_0027	-50	17.608	promoter
PEAK_0027	0	15.953	promoter
PEAK_0027	50	16.288	promoter
PEAK_0027	100	12.871	promoter
PEAK_0027	150	10.128	promoter
PEAK_0027	200	6.879	promoter
PEAK_0027	250	4.002	promoter
PEAK_0027	300	3.055	promoter
PEAK_0027	350	0.999	promoter
PEAK_0027	400	0.476	promoter
PEAK_0027	450	0.618	promoter
PEAK_0027	500	0.434	promoter
PEAK_0027	550	0.156	promoter
PEAK_0027	600	0.233	promoter
PEAK_0027	650	0.0	promoter
PEAK_0027	700	0.015	promoter
PEAK_0027	750	0.121	promoter
PEAK_0027	800	0.097	promoter
PEAK_0027	850	0.242	promoter
PEAK_0027	900	0.0	promoter
PEAK_0027	950	0.483	promoter
PEAK_0027	1000	0.041	promoter
PEAK_0028	-1000	0.235	enhancer
PEAK_0028	-950	0.643	enhancer
PEAK_0028	-900	1.014	enhancer
PEAK_0028	-850	0.694	enhancer
PEAK_0028	-800	0.442	enhancer
PEAK_0028	-750	0.87	enhancer
PEAK_0028	-700	0.941	enhancer
PEAK_0028	-650	1.274	enhancer
PEAK_0028	-600	1.854	enhancer
PEAK_0028	-550	0.919	enhancer
PEAK_0028	-500	1.893	enhancer
PEAK_0028	-450	2.06	enhancer
PEAK_0028	-400	2.471	enhancer
PEAK_0028	-350	3.006	enhancer
PEAK_0028	-300	2.564	enhancer
PEAK_0028	-250	2.278	enhancer
PEAK_0028	-200	3.699	enhancer
PEAK_0028	-150	2.618	enhancer
PEAK_0028	-100	3.237	enhancer
PEAK_0028	-50	3.129	enhancer
PEAK_0028	0	3.069	enhancer
PEAK_0028	50	3.984	enhancer
PEAK_0028	100	3.688	enhancer
PEAK_0028	150	4.633	enhancer
PEAK_0028	200	4.119	enhancer
PEAK_0028	250	3.277	enhancer
PEAK_0028	300	2.618	enhancer
PEAK_0028	350	3.049	enhancer
PEAK_0028	400	2.944	enhancer
PEAK_0028	450	2.527	enhancer
PEAK_0028	500	1.552	enhancer
PEAK_0028	550	2.445	enhancer
PEAK_0028	600	2.193	enhancer
PEAK_0028	650	2.042	enhancer
PEAK_0028	700	1.492	enhancer
PEAK_0028	750	1.527	enhancer
PEAK_0028	800	0.691	enhancer
PEAK_0028	850	1.281	enhancer
PEAK_0028	900	0.623	enhancer
PEAK_0028	950	0.668	enhancer
PEAK_0028	1000	0.835	enhancer
PEAK_0029	-1000	0.487	background
PEAK_0029	-950	0.851	background
PEAK_0029	-900	0.704	background
PEAK_0029	-850	0.155	background
PEAK_0029	-800	0.752	background
PEAK_0029	-750	0.569	background
PEAK_0029	-700	0.478	background
PEAK_0029	-650	1.19	background
PEAK_0029	-600	0.432	background
PEAK_0029	-550	1.088	background
PEAK_0029	-500	1.11	background
PEAK_0029	-450	0.6	background
PEAK_0029	-400	1.051	background
PEAK_0029	-350	0.788	background
PEAK_0029	-300	0.598	background
PEAK_0029	-250	1.021	background
PEAK_0029	-200	0.711	background
PEAK_0029	-150	0.869	background
PEAK_0029	-100	0.851	background
PEAK_0029	-50	0.677	background
PEAK_0029	0	0.955	background
PEAK_0029	50	0.132	background
PEAK_0029	100	0.987	background
PEAK_0029	150	0.536	background
PEAK_0029	200	0.599	background
PEAK_0029	250	0.139	background
PEAK_0029	300	0.06	background
PEAK_0029	350	0.556	background
PEAK_0029	400	0.696	background
PEAK_0029	450	0.785	background
PEAK_0029	500	0.443	background
PEAK_0029	550	0.835	background
PEAK_0029	600	0.529	background
PEAK_0029	650	0.401	background
PEAK_0029	700	1.109	background
PEAK_0029	750	0.79	background
PEAK_0029	800	1.032	background
PEAK_0029	850	0.458	background
PEAK_0029	900	0.653	background
PEAK_0029	950	0.561	background
PEAK_0029	1000	0.721	background
PEAK_0030	-1000	0.53	background
PEAK_0030	-950	1.023	background
PEAK_0030	-900	0.628	background
PEAK_0030	-850	0.299	background
PEAK_0030	-800	0.511	background
PEAK_0030	-750	0.586	background
PEAK_0030	-700	0.86	background
PEAK_0030	-650	0.906	background
PEAK_0030	-600	0.977	background
PEAK_0030	-550	0.997	background
PEAK_0030	-500	0.983	background
PEAK_0030	-450	0.343	background
PEAK_0030	-400	1.159	background
PEAK_0030	-350	0.247	background
PEAK_0030	-300	1.395	background
PEAK_0030	-250	1.068	background
PEAK_0030	-200	1.184	background
PEAK_0030	-150	1.77	background
PEAK_0030	-100	1.002	background
PEAK_0030	-50	1.249	background
PEAK_0030	0	1.148	background
PEAK_0030	50	1.058	background
PEAK_0030	100	1.418	background
PEAK_0030	150	1.032	background
PEAK_0030	200	1.526	background
PEAK_0030	250	0.758	background
PEAK_0030	300	1.012	background
PEAK_0030	350	0.92	background
PEAK_0030	400	0.956	background
PEAK_0030	450	0.79	background
PEAK_0030	500	0.771	background
PEAK_0030	550	0.725	background
PEAK_0030	600	0.978	background
PEAK_0030	650	0.844	background
PEAK_0030	700	0.85	background
PEAK_0030	750	0.597	background
PEAK_0030	800	0.402	background
PEAK_0030	850	0.675	background
PEAK_0030	900	0.795	background
PEAK_0030	950	0.452	background
PEAK_0030	1000	0.918	background
PEAK_0031	-1000	0.311	enhancer
PEAK_0031	-950	0.224	enhancer
PEAK_0031	-900	0.156	enhancer
PEAK_0031	-850	0.693	enhancer
PEAK_0031	-800	0.395	enhancer
PEAK_0031	-750	0.194	enhancer
PEAK_0031	-700	0.567	enhancer
PEAK_0031	-650	0.472	enhancer
PEAK_0031	-600	0.748	enhancer
PEAK_0031	-550	1.115	enhancer
PEAK_0031	-500	0.993	enhancer
PEAK_0031	-450	1.056	enhancer
PEAK_0031	-400	1.683	enhancer
PEAK_0031	-350	1.842	enhancer
PEAK_0031	-300	2.335	enhancer
PEAK_0031	-250	1.811	enhancer
PEAK_0031	-200	2.198	enhancer
PEAK_0031	-150	2.741	enhancer
PEAK_0031	-100	3.45	enhancer
PEAK_0031	-50	3.272	enhancer
PEAK_0031	0	3.282	enhancer
PEAK_0031	50	2.971	enhancer
PEAK_0031	100	2.462	enhancer
PEAK_0031	150	3.18	enhancer
PEAK_0031	200	2.896	enhancer
PEAK_0031	250	3.092	enhancer
PEAK_0031	300	2.418	enhancer
PEAK_0031	350	1.756	enhancer
PEAK_0031	400	1.593	enhancer
PEAK_0031	450	2.174	enhancer
PEAK_0031	500	1.371	enhancer
PEAK_0031	550	1.57	enhancer
PEAK_0031	600	1.295	enhancer
PEAK_0031	650	0.902	enhancer
PEAK_0031	700	1.175	enhancer
PEAK_0031	750	0.644	enhancer
PEAK_0031	800	0.403	enhancer
PEAK_0031	850	0.104	enhancer
PEAK_0031	900	0.0	enhancer
PEAK_0031	950	0.424	enhancer
PEAK_0031	1000	0.313	enhancer
PEAK_0032	-1000	0.919	enhancer
PEAK_0032	-950	0.606	enhancer
PEAK_0032	-900	0.715	enhancer
PEAK_0032	-850	0.859	enhancer
PEAK_0032	-800	1.173	enhancer
PEAK_0032	-750	1.339	enhancer
PEAK_0032	-700	1.099	enhancer
PEAK_0032	-650	1.962	enhancer
PEAK_0032	-600	1.431	enhancer
PEAK_0032	-550	2.457	enhancer
PEAK_0032	-500	1.67	enhancer
PEAK_0032	-450	2.104	enhancer
PEAK_0032	-400	2.099	enhancer
PEAK_0032	-350	3.009	enhancer
PEAK_0032	-300	2.818	enhancer
PEAK_0032	-250	2.605	enhancer
PEAK_0032	-200	2.847	enhancer
PEAK_0032	-150	2.706	enhancer
PEAK_0032	-100	2.664	enhancer
PEAK_0032	-50	2.878	enhancer
PEAK_0032	0	2.52	enhancer
PEAK_0032	50	2.558	enhancer
PEAK_0032	100	2.079	enhancer
PEAK_0032	150	2.399	enhancer
PEAK_0032	200	2.261	enhancer
PEAK_0032	250	2.466	enhancer
PEAK_0032	300	1.904	enhancer
PEAK_0032	350	1.409	enhancer
PEAK_0032	400	1.857	enhancer
PEAK_0032	450	1.905	enhancer
PEAK_0032	500	1.214	enhancer
PEAK_0032	550	1.195	enhancer
PEAK_0032	600	1.323	enhancer
PEAK_0032	650	0.99	enhancer
PEAK_0032	700	0.47	enhancer
PEAK_0032	750	0.317	enhancer
PEAK_0032	800	0.92	enhancer
PEAK_0032	850	0.511	enhancer
PEAK_0032	900	0.744	enhancer
PEAK_0032	950	0.067	enhancer
PEAK_0032	1000	0.066	enhancer
PEAK_0033	-1000	0.353	enhancer
PEAK_0033	-950	0.206	enhancer
PEAK_0033	-900	0.286	enhancer
PEAK_0033	-850	0.977	enhancer
PEAK_0033	-800	0.548	enhancer
PEAK_0033	-750	0.0	enhancer
PEAK_0033	-700	0.336	enhancer
PEAK_0033	-650	0.318	enhancer
PEAK_0033	-600	0.534	enhancer
PEAK_0033	-550	1.406	enhancer
PEAK_0033	-500	1.006	enhancer
PEAK_0033	-450	2.577	enhancer
PEAK_0033	-400	1.85	enhancer
PEAK_0033	-350	2.58	enhancer
PEAK_0033	-300	2.77	enhancer
PEAK_0033	-250	3.47	enhancer
PEAK_0033	-200	3.923	enhancer
PEAK_0033	-150	4.839	enhancer
PEAK_0033	-100	3.946	enhancer
PEAK_0033	-50	4.831	enhancer
PEAK_0033	0	5.599	enhancer
PEAK_0033	50	5.16	enhancer
PEAK_0033	100	5.289	enhancer
PEAK_0033	150	5.441	enhancer
PEAK_0033	200	5.115	enhancer
PEAK_0033	250	4.265	enhancer
PEAK_0033	300	4.812	enhancer
PEAK_0033	350	3.188	enhancer
PEAK_0033	400	2.861	enhancer
PEAK_0033	450	2.582	enhancer
PEAK_0033	500	2.47	enhancer
PEAK_0033	550	1.945	enhancer
PEAK_0033	600	2.028	enhancer
PEAK_0033	650	1.77	enhancer
PEAK_0033	700	1.599	enhancer
PEAK_0033	750	0.957	enhancer
PEAK_0033	800	0.632	enhancer
PEAK_0033	850	0.336	enhancer
PEAK_0033	900	0.826	enhancer
PEAK_0033	950	0.153	enhancer
PEAK_0033	1000	0.521	enhancer
PEAK_0034	-1000	0.381	promoter
PEAK_0034	-950	0.727	promoter
PEAK_0034	-900	0.108	promoter
PEAK_0034	-850	0.398	promoter
PEAK_0034	-800	0.082	promoter
PEAK_0034	-750	0.0	promoter
PEAK_0034	-700	0.0	promoter
PEAK_0034	-650	0.203	promoter
PEAK_0034	-600	0.387	promoter
PEAK_0034	-550	0.166	promoter
PEAK_0034	-500	0.236	promoter
PEAK_0034	-450	0.318	promoter
PEAK_0034	-400	0.636	promoter
PEAK_0034	-350	0.83	promoter
PEAK_0034	-300	0.97	promoter
PEAK_0034	-250	3.814	promoter
PEAK_0034	-200	4.778	promoter
PEAK_0034	-150	6.593	promoter
PEAK_0034	-100	9.745	promoter
PEAK_0034	-50	14.003	promoter
PEAK_0034	0	18.396	promoter
PEAK_0034	50	15.035	promoter
PEAK_0034	100	9.943	promoter
PEAK_0034	150	7.577	promoter
PEAK_0034	200	3.081	promoter
PEAK_0034	250	3.127	promoter
PEAK_0034	300	1.795	promoter
PEAK_0034	350	0.258	promoter
PEAK_0034	400	0.435	promoter
PEAK_0034	450	0.247	promoter
PEAK_0034	500	0.435	promoter
PEAK_0034	550	0.0	promoter
PEAK_0034	600	0.436	promoter
PEAK_0034	650	0.323	promoter
PEAK_0034	700	0.297	promoter
PEAK_0034	750	0.32	promoter
PEAK_0034	800	0.272	promoter
PEAK_0034	850	0.066	promoter
PEAK_0034	900	0.161	promoter
PEAK_0034	950	0.483	promoter
PEAK_0034	1000	0.392	promoter
PEAK_0035	-1000	1.154	enhancer
PEAK_0035	-950	1.171	enhancer
PEAK_0035	-900	0.2	enhancer
PEAK_0035	-850	0.936	enhancer
PEAK_0035	-800	1.186	enhancer
PEAK_0035	-750	1.209	enhancer
PEAK_0035	-700	1.521	enhancer
PEAK_0035	-650	1.723	enhancer
PEAK_0035	-600	2.244	enhancer
PEAK_0035	-550	1.732	enhancer
PEAK_0035	-500	2.29	enhancer
PEAK_0035	-450	2.245	enhancer
PEAK_0035	-400	3.008	enhancer
PEAK_0035	-350	2.434	enhancer
PEAK_0035	-300	2.906	enhancer
PEAK_0035	-250	2.002	enhancer
PEAK_0035	-200	2.655	enhancer
PEAK_0035	-150	3.319	enhancer
PEAK_0035	-100	3.191	enhancer
PEAK_0035	-50	2.435	enhancer
PEAK_0035	0	2.179	enhancer
PEAK_0035	50	2.951	enhancer
PEAK_0035	100	3.475	enhancer
PEAK_0035	150	2.451	enhancer
PEAK_0035	200	2.155	enhancer
PEAK_0035	250	2.803	enhancer
PEAK_0035	300	2.133	enhancer
PEAK_0035	350	1.998	enhancer
PEAK_0035	400	1.717	enhancer
PEAK_0035	450	0.747	enhancer
PEAK_0035	500	1.468	enhancer
PEAK_0035	550	1.505	enhancer
PEAK_0035	600	0.713	enhancer
PEAK_0035	650	0.669	enhancer
PEAK_0035	700	1.107	enhancer
PEAK_0035	750	0.524	enhancer
PEAK_0035	800	0.249	enhancer
PEAK_0035	850	0.606	enhancer
PEAK_0035	900	0.672	enhancer
PEAK_0035	950	0.345	enhancer
PEAK_0035	1000	0.519	enhancer
PEAK_0036	-1000	0.541	background
PEAK_0036	-950	0.769	background
PEAK_0036	-900	0.618	background
PEAK_0036	-850	0.604	background
PEAK_0036	-800	0.735	background
PEAK_0036	-750	0.991	background
PEAK_0036	-700	0.273	background
PEAK_0036	-650	0.524	background
PEAK_0036	-600	0.566	background
PEAK_0036	-550	0.366	background
PEAK_0036	-500	0.477	background
PEAK_0036	-450	0.343	background
PEAK_0036	-400	0.929	background
PEAK_0036	-350	1.013	background
PEAK_0036	-300	0.037	background
PEAK_0036	-250	0.501	background
PEAK_0036	-200	0.776	background
PEAK_0036	-150	0.72	background
PEAK_0036	-100	0.341	background
PEAK_0036	-50	0.857	background
PEAK_0036	0	0.802	background
PEAK_0036	50	0.371	background
PEAK_0036	100	0.628	background
PEAK_0036	150	0.835	background
PEAK_0036	200	0.42	background
PEAK_0036	250	0.678	background
PEAK_0036	300	0.33	background
PEAK_0036	350	0.483	background
PEAK_0036	400	0.603	background
PEAK_0036	450	0.52	background
PEAK_0036	500	0.738	background
PEAK_0036	550	0.812	background
PEAK_0036	600	0.937	background
PEAK_0036	650	0.41	background
PEAK_0036	700	0.539	background
PEAK_0036	750	0.764	background
PEAK_0036	800	0.143	background
PEAK_0036	850	0.574	background
PEAK_0036	900	0.291	background
PEAK_0036	950	0.838	background
PEAK_0036	1000	0.154	background
PEAK_0037	-1000	0.567	enhancer
PEAK_0037	-950	1.387	enhancer
PEAK_0037	-900	0.856	enhancer
PEAK_0037	-850	1.873	enhancer
PEAK_0037	-800	1.765	enhancer
PEAK_0037	-750	2.152	enhancer
PEAK_0037	-700	2.036	enhancer
PEAK_0037	-650	2.241	enhancer
PEAK_0037	-600	3.19	enhancer
PEAK_0037	-550	3.274	enhancer
PEAK_0037	-500	3.481	enhancer
PEAK_0037	-450	4.245	enhancer
PEAK_0037	-400	4.709	enhancer
PEAK_0037	-350	5.586	enhancer
PEAK_0037	-300	5.117	enhancer
PEAK_0037	-250	5.327	enhancer
PEAK_0037	-200	5.541	enhancer
PEAK_0037	-150	7.533	enhancer
PEAK_0037	-100	7.168	enhancer
PEAK_0037	-50	6.103	enhancer
PEAK_0037	0	6.126	enhancer
PEAK_0037	50	5.625	enhancer
PEAK_0037	100	5.992	enhancer
PEAK_0037	150	4.54	enhancer
PEAK_0037	200	4.272	enhancer
PEAK_0037	250	4.286	enhancer
PEAK_0037	300	4.653	enhancer
PEAK_0037	350	3.142	enhancer
PEAK_0037	400	3.182	enhancer
PEAK_0037	450	3.132	enhancer
PEAK_0037	500	2.259	enhancer
PEAK_0037	550	2.818	enhancer
PEAK_0037	600	1.869	enhancer
PEAK_0037	650	1.423	enhancer
PEAK_0037	700	1.762	enhancer
PEAK_0037	750	1.264	enhancer
PEAK_0037	800	0.856	enhancer
PEAK_0037	850	0.646	enhancer
PEAK_0037	900	0.581	enhancer
PEAK_0037	950	0.794	enhancer
PEAK_0037	1000	0.549	enhancer
PEAK_0038	-1000	0.063	promoter
PEAK_0038	-950	0.0	promoter
PEAK_0038	-900	0.108	promoter
PEAK_0038	-850	0.398	promoter
PEAK_0038	-800	0.0	promoter
PEAK_0038	-750	0.205	promoter
PEAK_0038	-700	0.392	promoter
PEAK_0038	-650	0.2	promoter
PEAK_0038	-600	0.331	promoter
PEAK_0038	-550	0.068	promoter
PEAK_0038	-500	0.392	promoter
PEAK_0038	-450	0.442	promoter
PEAK_0038	-400	0.536	promoter
PEAK_0038	-350	0.622	promoter
PEAK_0038	-300	0.965	promoter
PEAK_0038	-250	1.341	promoter
PEAK_0038	-200	3.043	promoter
PEAK_0038	-150	3.57	promoter
PEAK_0038	-100	3.825	promoter
PEAK_0038	-50	5.783	promoter
PEAK_0038	0	6.038	promoter
PEAK_0038	50	6.167	promoter
PEAK_0038	100	4.729	promoter
PEAK_0038	150	3.332	promoter
PEAK_0038	200	2.414	promoter
PEAK_0038	250	1.632	promoter
PEAK_0038	300	0.456	promoter
PEAK_0038	350	0.53	promoter
PEAK_0038	400	0.472	promoter
PEAK_0038	450	0.161	promoter
PEAK_0038	500	0.098	promoter
PEAK_0038	550	0.346	promoter
PEAK_0038	600	0.262	promoter
PEAK_0038	650	0.36	promoter
PEAK_0038	700	0.2	promoter
PEAK_0038	750	0.034	promoter
PEAK_0038	800	0.291	promoter
PEAK_0038	850	0.565	promoter
PEAK_0038	900	0.178	promoter
PEAK_0038	950	0.487	promoter
PEAK_0038	1000	0.403	promoter
PEAK_0039	-1000	0.673	background
PEAK_0039	-950	0.215	background
PEAK_0039	-900	0.602	background
PEAK_0039	-850	0.941	background
PEAK_0039	-800	0.978	background
PEAK_0039	-750	0.834	background
PEAK_0039	-700	0.4	background
PEAK_0039	-650	0.612	background
PEAK_0039	-600	0.656	background
PEAK_0039	-550	0.627	background
PEAK_0039	-500	0.513	background
PEAK_0039	-450	0.956	background
PEAK_0039	-400	0.251	background
PEAK_0039	-350	0.714	background
PEAK_0039	-300	0.449	background
PEAK_0039	-250	1.019	background
PEAK_0039	-200	0.683	background
PEAK_0039	-150	0.685	background
PEAK_0039	-100	0.685	background
PEAK_0039	-50	0.611	background
PEAK_0039	0	0.385	background
PEAK_0039	50	0.979	background
PEAK_0039	100	1.361	background
PEAK_0039	150	0.326	background
PEAK_0039	200	0.487	background
PEAK_0039	250	0.813	background
PEAK_0039	300	0.66	background
PEAK_0039	350	0.382	background
PEAK_0039	400	0.941	background
PEAK_0039	450	0.299	background
PEAK_0039	500	0.18	background
PEAK_0039	550	0.977	background
PEAK_0039	600	0.88	background
PEAK_0039	650	0.196	background
PEAK_0039	700	0.802	background
PEAK_0039	750	0.635	background
PEAK_0039	800	0.829	background
PEAK_0039	850	1.18	background
PEAK_0039	900	0.758	background
PEAK_0039	950	0.396	background
PEAK_0039	1000	0.407	background
PEAK_0040	-1000	0.822	enhancer
PEAK_0040	-950	0.657	enhancer
PEAK_0040	-900	0.865	enhancer
PEAK_0040	-850	0.888	enhancer
PEAK_0040	-800	0.868	enhancer
PEAK_0040	-750	1.272	enhancer
PEAK_0040	-700	1.059	enhancer
PEAK_0040	-650	1.376	enhancer
PEAK_0040	-600	1.598	enhancer
PEAK_0040	-550	1.494	enhancer
PEAK_0040	-500	1.315	enhancer
PEAK_0040	-450	2.492	enhancer
PEAK_0040	-400	2.649	enhancer
PEAK_0040	-350	2.99	enhancer
PEAK_0040	-300	3.101	enhancer
PEAK_0040	-250	2.843	enhancer
PEAK_0040	-200	3.929	enhancer
PEAK_0040	-150	3.918	enhancer
PEAK_0040	-100	3.807	enhancer
PEAK_0040	-50	3.859	enhancer
PEAK_0040	0	3.723	enhancer
PEAK_0040	50	3.379	enhancer
PEAK_0040	100	4.431	enhancer
PEAK_0040	150	3.162	enhancer
PEAK_0040	200	3.342	enhancer
PEAK_0040	250	4.34	enhancer
PEAK_0040	300	3.876	enhancer
PEAK_0040	350	3.21	enhancer
PEAK_0040	400	2.975	enhancer
PEAK_0040	450	2.243	enhancer
PEAK_0040	500	2.393	enhancer
PEAK_0040	550	1.684	enhancer
PEAK_0040	600	2.024	enhancer
PEAK_0040	650	0.591	enhancer
PEAK_0040	700	1.778	enhancer
PEAK_0040	750	0.836	enhancer
PEAK_0040	800	0.15	enhancer
PEAK_0040	850	0.729	enhancer
PEAK_0040	900	1.137	enhancer
PEAK_0040	950	0.535	enhancer
PEAK_0040	1000	0.404	enhancer
PEAK_0041	-1000	0.274	enhancer
PEAK_0041	-950	0.102	enhancer
PEAK_0041	-900	0.495	enhancer
PEAK_0041	-850	0.512	enhancer
PEAK_0041	-800	0.817	enhancer
PEAK_0041	-750	0.816	enhancer
PEAK_0041	-700	0.429	enhancer
PEAK_0041	-650	0.915	enhancer
PEAK_0041	-600	1.114	enhancer
PEAK_0041	-550	1.642	enhancer
PEAK_0041	-500	1.71	enhancer
PEAK_0041	-450	1.307	enhancer
PEAK_0041	-400	1.556	enhancer
PEAK_0041	-350	1.927	enhancer
PEAK_0041	-300	2.41	enhancer
PEAK_0041	-250	1.925	enhancer
PEAK_0041	-200	2.387	enhancer
PEAK_0041	-150	2.114	enhancer
PEAK_0041	-100	2.857	enhancer
PEAK_0041	-50	2.37	enhancer
PEAK_0041	0	1.949	enhancer
PEAK_0041	50	2.118	enhancer
PEAK_0041	100	2.394	enhancer
PEAK_0041	150	3.494	enhancer
PEAK_0041	200	2.586	enhancer
PEAK_0041	250	2.188	enhancer
PEAK_0041	300	2.521	enhancer
PEAK_0041	350	2.156	enhancer
PEAK_0041	400	2.667	enhancer
PEAK_0041	450	2.639	enhancer
PEAK_0041	500	2.767	enhancer
PEAK_0041	550	1.663	enhancer
PEAK_0041	600	1.232	enhancer
PEAK_0041	650	1.065	enhancer
PEAK_0041	700	0.865	enhancer
PEAK_0041	750	1.061	enhancer
PEAK_0041	800	1.332	enhancer
PEAK_0041	850	0.924	enhancer
PEAK_0041	900	0.43	enhancer
PEAK_0041	950	0.57	enhancer
PEAK_0041	1000	0.347	enhancer
PEAK_0042	-1000	0.0	promoter
PEAK_0042	-950	0.276	promoter
PEAK_0042	-900	0.046	promoter
PEAK_0042	-850	0.34	promoter
PEAK_0042	-800	0.382	promoter
PEAK_0042	-750	0.282	promoter
PEAK_0042	-700	0.336	promoter
PEAK_0042	-650	0.36	promoter
PEAK_0042	-600	0.02	promoter
PEAK_0042	-550	0.402	promoter
PEAK_0042	-500	0.215	promoter
PEAK_0042	-450	0.415	promoter
PEAK_0042	-400	0.519	promoter
PEAK_0042	-350	0.651	promoter
PEAK_0042	-300	0.68	promoter
PEAK_0042	-250	1.793	promoter
PEAK_0042	-200	2.335	promoter
PEAK_0042	-150	3.541	promoter
PEAK_0042	-100	6.197	promoter
PEAK_0042	-50	8.106	promoter
PEAK_0042	0	8.374	promoter
PEAK_0042	50	8.934	promoter
PEAK_0042	100	5.727	promoter
PEAK_0042	150	3.238	promoter
PEAK_0042	200	2.255	promoter
PEAK_0042	250	1.756	promoter
PEAK_0042	300	1.033	promoter
PEAK_0042	350	0.699	promoter
PEAK_0042	400	0.216	promoter
PEAK_0042	450	0.635	promoter
PEAK_0042	500	0.086	promoter
PEAK_0042	550	0.231	promoter
PEAK_0042	600	0.599	promoter
PEAK_0042	650	0.372	promoter
PEAK_0042	700	0.0	promoter
PEAK_0042	750	0.195	promoter
PEAK_0042	800	0.693	promoter
PEAK_0042	850	0.173	promoter
PEAK_0042	900	0.627	promoter
PEAK_0042	950	0.541	promoter
PEAK_0042	1000	0.289	promoter
PEAK_0043	-1000	0.374	enhancer
PEAK_0043	-950	0.308	enhancer
PEAK_0043	-900	0.289	enhancer
PEAK_0043	-850	0.924	enhancer
PEAK_0043	-800	0.817	enhancer
PEAK_0043	-750	1.405	enhancer
PEAK_0043	-700	1.353	enhancer
PEAK_0043	-650	1.241	enhancer
PEAK_0043	-600	1.388	enhancer
PEAK_0043	-550	1.222	enhancer
PEAK_0043	-500	1.67	enhancer
PEAK_0043	-450	2.116	enhancer
PEAK_0043	-400	2.023	enhancer
PEAK_0043	-350	1.576	enhancer
PEAK_0043	-300	2.942	enhancer
PEAK_0043	-250	2.003	enhancer
PEAK_0043	-200	4.039	enhancer
PEAK_0043	-150	2.992	enhancer
PEAK_0043	-100	2.885	enhancer
PEAK_0043	-50	3.486	enhancer
PEAK_0043	0	4.123	enhancer
PEAK_0043	50	3.794	enhancer
PEAK_0043	100	3.905	enhancer
PEAK_0043	150	4.154	enhancer
PEAK_0043	200	3.147	enhancer
PEAK_0043	250	4.253	enhancer
PEAK_0043	300	3.205	enhancer
PEAK_0043	350	3.218	enhancer
PEAK_0043	400	2.963	enhancer
PEAK_0043	450	2.131	enhancer
PEAK_0043	500	2.714	enhancer
PEAK_0043	550	2.048	enhancer
PEAK_0043	600	2.365	enhancer
PEAK_0043	650	1.23	enhancer
PEAK_0043	700	1.98	enhancer
PEAK_0043	750	1.968	enhancer
PEAK_0043	800	1.918	enhancer
PEAK_0043	850	1.488	enhancer
PEAK_0043	900	1.408	enhancer
PEAK_0043	950	0.963	enhancer
PEAK_0043	1000	0.604	enhancer
PEAK_0044	-1000	0.0	promoter
PEAK_0044	-950	0.293	promoter
PEAK_0044	-900	0.482	promoter
PEAK_0044	-850	0.365	promoter
PEAK_0044	-800	0.432	promoter
PEAK_0044	-750	0.565	promoter
PEAK_0044	-700	0.062	promoter
PEAK_0044	-650	0.103	promoter
PEAK_0044	-600	0.202	promoter
PEAK_0044	-550	0.185	promoter
PEAK_0044	-500	0.0	promoter
PEAK_0044	-450	0.306	promoter
PEAK_0044	-400	0.644	promoter
PEAK_0044	-350	0.34	promoter
PEAK_0044	-300	1.17	promoter
PEAK_0044	-250	1.736	promoter
PEAK_0044	-200	4.148	promoter
PEAK_0044	-150	4.549	promoter
PEAK_0044	-100	6.06	promoter
PEAK_0044	-50	7.064	promoter
PEAK_0044	0	6.889	promoter
PEAK_0044	50	7.789	promoter
PEAK_0044	100	6.012	promoter
PEAK_0044	150	4.277	promoter
PEAK_0044	200	4.325	promoter
PEAK_0044	250	2.371	promoter
PEAK_0044	300	1.285	promoter
PEAK_0044	350	0.404	promoter
PEAK_0044	400	1.09	promoter
PEAK_0044	450	0.496	promoter
PEAK_0044	500	0.056	promoter
PEAK_0044	550	0.173	promoter
PEAK_0044	600	0.447	promoter
PEAK_0044	650	0.0	promoter
PEAK_0044	700	0.0	promoter
PEAK_0044	750	0.054	promoter
PEAK_0044	800	0.088	promoter
PEAK_0044	850	0.451	promoter
PEAK_0044	900	0.412	promoter
PEAK_0044	950	0.236	promoter
PEAK_0044	1000	0.032	promoter
PEAK_0045	-1000	0.752	background
PEAK_0045	-950	0.614	background
PEAK_0045	-900	0.788	background
PEAK_0045	-850	0.63	background
PEAK_0045	-800	0.331	background
PEAK_0045	-750	0.087	background
PEAK_0045	-700	0.219	background
PEAK_0045	-650	0.5	background
PEAK_0045	-600	0.233	background
PEAK_0045	-550	0.803	background
PEAK_0045	-500	0.522	background
PEAK_0045	-450	0.338	background
PEAK_0045	-400	0.22	background
PEAK_0045	-350	0.541	background
PEAK_0045	-300	0.021	background
PEAK_0045	-250	0.331	background
PEAK_0045	-200	0.067	background
PEAK_0045	-150	0.303	background
PEAK_0045	-100	0.426	background
PEAK_0045	-50	0.426	background
PEAK_0045	0	0.635	background
PEAK_0045	50	0.509	background
PEAK_0045	100	0.677	background
PEAK_0045	150	0.431	background
PEAK_0045	200	0.366	background
PEAK_0045	250	0.678	background
PEAK_0045	300	0.589	background
PEAK_0045	350	0.243	background
PEAK_0045	400	0.874	background
PEAK_0045	450	0.639	background
PEAK_0045	500	0.29	background
PEAK_0045	550	0.201	background
PEAK_0045	600	0.402	background
PEAK_0045	650	0.833	background
PEAK_0045	700	0.627	background
PEAK_0045	750	0.5	background
PEAK_0045	800	0.792	background
PEAK_0045	850	0.682	background
PEAK_0045	900	0.356	background
PEAK_0045	950	0.745	background
PEAK_0045	1000	0.331	background
PEAK_0046	-1000	0.431	promoter
PEAK_0046	-950	0.282	promoter
PEAK_0046	-900	0.064	promoter
PEAK_0046	-850	0.598	promoter
PEAK_0046	-800	0.24	promoter
PEAK_0046	-750	0.292	promoter
PEAK_0046	-700	0.6	promoter
PEAK_0046	-650	0.157	promoter
PEAK_0046	-600	0.0	promoter
PEAK_0046	-550	0.454	promoter
PEAK_0046	-500	0.837	promoter
PEAK_0046	-450	0.632	promoter
PEAK_0046	-400	0.254	promoter
PEAK_0046	-350	2.222	promoter
PEAK_0046	-300	3.566	promoter
PEAK_0046	-250	5.94	promoter
PEAK_0046	-200	8.748	promoter
PEAK_0046	-150	11.407	promoter
PEAK_0046	-100	17.349	promoter
PEAK_0046	-50	20.427	promoter
PEAK_0046	0	19.744	promoter
PEAK_0046	50	17.991	promoter
PEAK_0046	100	15.74	promoter
PEAK_0046	150	12.696	promoter
PEAK_0046	200	7.965	promoter
PEAK_0046	250	6.216	promoter
PEAK_0046	300	2.514	promoter
PEAK_0046	350	1.195	promoter
PEAK_0046	400	0.421	promoter
PEAK_0046	450	0.5	promoter
PEAK_0046	500	0.147	promoter
PEAK_0046	550	0.349	promoter
PEAK_0046	600	0.223	promoter
PEAK_0046	650	0.353	promoter
PEAK_0046	700	0.478	promoter
PEAK_0046	750	0.214	promoter
PEAK_0046	800	0.697	promoter
PEAK_0046	850	0.386	promoter
PEAK_0046	900	0.161	promoter
PEAK_0046	950	0.663	promoter
PEAK_0046	1000	0.048	promoter
PEAK_0047	-1000	0.687	enhancer
PEAK_0047	-950	0.528	enhancer
PEAK_0047	-900	0.226	enhancer
PEAK_0047	-850	0.424	enhancer
PEAK_0047	-800	1.101	enhancer
PEAK_0047	-750	0.539	enhancer
PEAK_0047	-700	1.203	enhancer
PEAK_0047	-650	0.937	enhancer
PEAK_0047	-600	1.51	enhancer
PEAK_0047	-550	1.299	enhancer
PEAK_0047	-500	1.45	enhancer
PEAK_0047	-450	1.801	enhancer
PEAK_0047	-400	2.331	enhancer
PEAK_0047	-350	2.264	enhancer
PEAK_0047	-300	3.416	enhancer
PEAK_0047	-250	3.88	enhancer
PEAK_0047	-200	3.713	enhancer
PEAK_0047	-150	3.784	enhancer
PEAK_0047	-100	3.441	enhancer
PEAK_0047	-50	4.657	enhancer
PEAK_0047	0	4.681	enhancer
PEAK_0047	50	4.072	enhancer
PEAK_0047	100	3.703	enhancer
PEAK_0047	150	4.823	enhancer
PEAK_0047	200	3.25	enhancer
PEAK_0047	250	3.904	enhancer
PEAK_0047	300	2.625	enhancer
PEAK_0047	350	3.535	enhancer
PEAK_0047	400	3.1	enhancer
PEAK_0047	450	2.332	enhancer
PEAK_0047	500	1.642	enhancer
PEAK_0047	550	1.724	enhancer
PEAK_0047	600	1.92	enhancer
PEAK_0047	650	1.373	enhancer
PEAK_0047	700	1.434	enhancer
PEAK_0047	750	0.618	enhancer
PEAK_0047	800	0.373	enhancer
PEAK_0047	850	1.051	enhancer
PEAK_0047	900	0.765	enhancer
PEAK_0047	950	0.298	enhancer
PEAK_0047	1000	0.216	enhancer
PEAK_0048	-1000	1.254	enhancer
PEAK_0048	-950	0.379	enhancer
PEAK_0048	-900	1.064	enhancer
PEAK_0048	-850	1.366	enhancer
PEAK_0048	-800	1.094	enhancer
PEAK_0048	-750	1.795	enhancer
PEAK_0048	-700	2.208	enhancer
PEAK_0048	-650	2.03	enhancer
PEAK_0048	-600	2.484	enhancer
PEAK_0048	-550	2.953	enhancer
PEAK_0048	-500	4.497	enhancer
PEAK_0048	-450	3.753	enhancer
PEAK_0048	-400	4.096	enhancer
PEAK_0048	-350	4.362	enhancer
PEAK_0048	-300	5.422	enhancer
PEAK_0048	-250	4.732	enhancer
PEAK_0048	-200	5.519	enhancer
PEAK_0048	-150	5.886	enhancer
PEAK_0048	-100	6.031	enhancer
PEAK_0048	-50	5.749	enhancer
PEAK_0048	0	5.729	enhancer
PEAK_0048	50	5.776	enhancer
PEAK_0048	100	5.584	enhancer
PEAK_0048	150	6.084	enhancer
PEAK_0048	200	5.055	enhancer
PEAK_0048	250	5.686	enhancer
PEAK_0048	300	5.764	enhancer
PEAK_0048	350	4.241	enhancer
PEAK_0048	400	3.844	enhancer
PEAK_0048	450	3.311	enhancer
PEAK_0048	500	3.89	enhancer
PEAK_0048	550	3.78	enhancer
PEAK_0048	600	3.85	enhancer
PEAK_0048	650	2.14	enhancer
PEAK_0048	700	2.218	enhancer
PEAK_0048	750	2.359	enhancer
PEAK_0048	800	2.214	enhancer
PEAK_0048	850	1.886	enhancer
PEAK_0048	900	1.616	enhancer
PEAK_0048	950	1.193	enhancer
PEAK_0048	1000	1.168	enhancer
PEAK_0049	-1000	0.447	promoter
PEAK_0049	-950	0.321	promoter
PEAK_0049	-900	0.716	promoter
PEAK_0049	-850	0.415	promoter
PEAK_0049	-800	0.216	promoter
PEAK_0049	-750	0.262	promoter
PEAK_0049	-700	0.0	promoter
PEAK_0049	-650	0.307	promoter
PEAK_0049	-600	0.161	promoter
PEAK_0049	-550	0.286	promoter
PEAK_0049	-500	0.398	promoter
PEAK_0049	-450	0.245	promoter
PEAK_0049	-400	0.785	promoter
PEAK_0049	-350	0.177	promoter
PEAK_0049	-300	1.451	promoter
PEAK_0049	-250	2.715	promoter
PEAK_0049	-200	3.91	promoter
PEAK_0049	-150	6.061	promoter
PEAK_0049	-100	10.187	promoter
PEAK_0049	-50	11.9	promoter
PEAK_0049	0	13.419	promoter
PEAK_0049	50	11.83	promoter
PEAK_0049	100	9.534	promoter
PEAK_0049	150	6.021	promoter
PEAK_0049	200	4.231	promoter
PEAK_0049	250	2.383	promoter
PEAK_0049	300	1.843	promoter
PEAK_0049	350	0.891	promoter
PEAK_0049	400	0.738	promoter
PEAK_0049	450	0.062	promoter
PEAK_0049	500	0.439	promoter
PEAK_0049	550	0.43	promoter
PEAK_0049	600	0.0	promoter
PEAK_0049	650	0.374	promoter
PEAK_0049	700	0.39	promoter
PEAK_0049	750	0.222	promoter
PEAK_0049	800	0.598	promoter
PEAK_0049	850	0.414	promoter
PEAK_0049	900	0.327	promoter
PEAK_0049	950	0.294	promoter
PEAK_0049	1000	0.663	promoter
PEAK_0050	-1000	0.758	promoter
PEAK_0050	-950	0.168	promoter
PEAK_0050	-900	0.581	promoter
PEAK_0050	-850	0.45	promoter
PEAK_0050	-800	0.107	promoter
PEAK_0050	-750	0.122	promoter
PEAK_0050	-700	0.177	promoter
PEAK_0050	-650	0.568	promoter
PEAK_0050	-600	0.124	promoter
PEAK_0050	-550	0.236	promoter
PEAK_0050	-500	0.147	promoter
PEAK_0050	-450	0.287	promoter
PEAK_0050	-400	0.417	promoter
PEAK_0050	-350	0.97	promoter
PEAK_0050	-300	1.593	promoter
PEAK_0050	-250	2.604	promoter
PEAK_0050	-200	2.541	promoter
PEAK_0050	-150	5.271	promoter
PEAK_0050	-100	5.635	promoter
PEAK_0050	-50	8.648	promoter
PEAK_0050	0	9.169	promoter
PEAK_0050	50	8.757	promoter
PEAK_0050	100	6.616	promoter
PEAK_0050	150	5.011	promoter
PEAK_0050	200	3.153	promoter
PEAK_0050	250	2.676	promoter
PEAK_0050	300	1.415	promoter
PEAK_0050	350	0.799	promoter
PEAK_0050	400	0.458	promoter
PEAK_0050	450	0.364	promoter
PEAK_0050	500	0.0	promoter
PEAK_0050	550	0.374	promoter
PEAK_0050	600	0.0	promoter
PEAK_0050	650	0.459	promoter
PEAK_0050	700	0.304	promoter
PEAK_0050	750	0.16	promoter
PEAK_0050	800	0.573	promoter
PEAK_0050	850	0.185	promoter
PEAK_0050	900	0.113	promoter
PEAK_0050	950	0.0	promoter
PEAK_0050	1000	0.208	promoter
PEAK_0051	-1000	0.418	background
PEAK_0051	-950	0.371	background
PEAK_0051	-900	0.231	background
PEAK_0051	-850	0.06	background
PEAK_0051	-800	0.341	background
PEAK_0051	-750	0.316	background
PEAK_0051	-700	0.51	background
PEAK_0051	-650	0.0	background
PEAK_0051	-600	0.717	background
PEAK_0051	-550	0.884	background
PEAK_0051	-500	0.526	background
PEAK_0051	-450	0.653	background
PEAK_0051	-400	0.816	background
PEAK_0051	-350	0.804	background
PEAK_0051	-300	0.058	background
PEAK_0051	-250	0.307	background
PEAK_0051	-200	0.184	background
PEAK_0051	-150	0.939	background
PEAK_0051	-100	0.552	background
PEAK_0051	-50	0.741	background
PEAK_0051	0	0.344	background
PEAK_0051	50	0.819	background
PEAK_0051	100	0.468	background
PEAK_0051	150	0.176	background
PEAK_0051	200	0.758	background
PEAK_0051	250	0.539	background
PEAK_0051	300	0.788	background
PEAK_0051	350	0.337	background
PEAK_0051	400	0.537	background
PEAK_0051	450	0.0	background
PEAK_0051	500	0.658	background
PEAK_0051	550	0.326	background
PEAK_0051	600	0.748	background
PEAK_0051	650	0.37	background
PEAK_0051	700	0.752	background
PEAK_0051	750	0.154	background
PEAK_0051	800	0.641	background
PEAK_0051	850	0.658	background
PEAK_0051	900	0.445	background
PEAK_0051	950	0.531	background
PEAK_0051	1000	0.568	background
PEAK_0052	-1000	0.467	enhancer
PEAK_0052	-950	0.427	enhancer
PEAK_0052	-900	0.358	enhancer
PEAK_0052	-850	0.163	enhancer
PEAK_0052	-800	0.704	enhancer
PEAK_0052	-750	0.375	enhancer
PEAK_0052	-700	1.015	enhancer
PEAK_0052	-650	0.478	enhancer
PEAK_0052	-600	0.718	enhancer
PEAK_0052	-550	1.208	enhancer
PEAK_0052	-500	1.071	enhancer
PEAK_0052	-450	1.183	enhancer
PEAK_0052	-400	1.189	enhancer
PEAK_0052	-350	1.709	enhancer
PEAK_0052	-300	1.554	enhancer
PEAK_0052	-250	2.316	enhancer
PEAK_0052	-200	2.359	enhancer
PEAK_0052	-150	1.801	enhancer
PEAK_0052	-100	2.661	enhancer
PEAK_0052	-50	2.366	enhancer
PEAK_0052	0	2.11	enhancer
PEAK_0052	50	2.466	enhancer
PEAK_0052	100	2.512	enhancer
PEAK_0052	150	1.876	enhancer
PEAK_0052	200	1.742	enhancer
PEAK_0052	250	1.454	enhancer
PEAK_0052	300	1.528	enhancer
PEAK_0052	350	2.065	enhancer
PEAK_0052	400	0.891	enhancer
PEAK_0052	450	0.947	enhancer
PEAK_0052	500	0.463	enhancer
PEAK_0052	550	0.627	enhancer
PEAK_0052	600	0.285	enhancer
PEAK_0052	650	0.329	enhancer
PEAK_0052	700	0.513	enhancer
PEAK_0052	750	0.208	enhancer
PEAK_0052	800	0.434	enhancer
PEAK_0052	850	0.302	enhancer
PEAK_0052	900	0.0	enhancer
PEAK_0052	950	0.644	enhancer
PEAK_0052	1000	0.04	enhancer
PEAK_0053	-1000	0.366	background
PEAK_0053	-950	0.785	background
PEAK_0053	-900	0.281	background
PEAK_0053	-850	0.147	background
PEAK_0053	-800	1.071	background
PEAK_0053	-750	0.775	background
PEAK_0053	-700	0.55	background
PEAK_0053	-650	0.875	background
PEAK_0053	-600	1.166	background
PEAK_0053	-550	0.803	background
PEAK_0053	-500	0.778	background
PEAK_0053	-450	0.682	background
PEAK_0053	-400	1.058	background
PEAK_0053	-350	0.706	background
PEAK_0053	-300	0.588	background
PEAK_0053	-250	0.93	background
PEAK_0053	-200	1.228	background
PEAK_0053	-150	1.421	background
PEAK_0053	-100	0.863	background
PEAK_0053	-50	0.656	background
PEAK_0053	0	1.499	background
PEAK_0053	50	0.609	background
PEAK_0053	100	1.287	background
PEAK_0053	150	1.849	background
PEAK_0053	200	0.997	background
PEAK_0053	250	1.144	background
PEAK_0053	300	0.56	background
PEAK_0053	350	1.126	background
PEAK_0053	400	0.563	background
PEAK_0053	450	0.841	background
PEAK_0053	500	0.858	background
PEAK_0053	550	0.818	background
PEAK_0053	600	0.611	background
PEAK_0053	650	1.061	background
PEAK_0053	700	0.643	background
PEAK_0053	750	1.114	background
PEAK_0053	800	0.759	background
PEAK_0053	850	0.445	background
PEAK_0053	900	0.198	background
PEAK_0053	950	0.851	background
PEAK_0053	1000	0.439	background
PEAK_0054	-1000	0.262	background
PEAK_0054	-950	0.71	background
PEAK_0054	-900	0.801	background
PEAK_0054	-850	0.583	background
PEAK_0054	-800	0.682	background
PEAK_0054	-750	0.278	background
PEAK_0054	-700	0.537	background
PEAK_0054	-650	0.279	background
PEAK_0054	-600	0.288	background
PEAK_0054	-550	0.0	background
PEAK_0054	-500	0.697	background
PEAK_0054	-450	0.328	background
PEAK_0054	-400	0.51	background
PEAK_0054	-350	0.968	background
PEAK_0054	-300	0.846	background
PEAK_0054	-250	0.317	background
PEAK_0054	-200	0.789	background
PEAK_0054	-150	1.092	background
PEAK_0054	-100	0.871	background
PEAK_0054	-50	0.923	background
PEAK_0054	0	0.18	background
PEAK_0054	50	0.359	background
PEAK_0054	100	0.437	background
PEAK_0054	150	0.487	background
PEAK_0054	200	0.287	background
PEAK_0054	250	0.857	background
PEAK_0054	300	0.539	background
PEAK_0054	350	0.0	background
PEAK_0054	400	0.744	background
PEAK_0054	450	0.792	background
PEAK_0054	500	0.503	background
PEAK_0054	550	0.712	background
PEAK_0054	600	0.287	background
PEAK_0054	650	0.528	background
PEAK_0054	700	0.593	background
PEAK_0054	750	0.194	background
PEAK_0054	800	0.593	background
PEAK_0054	850	0.709	background
PEAK_0054	900	0.3	background
PEAK_0054	950	0.268	background
PEAK_0054	1000	0.613	background
PEAK_0055	-1000	0.42	background
PEAK_0055	-950	0.496	background
PEAK_0055	-900	0.0	background
PEAK_0055	-850	0.563	background
PEAK_0055	-800	0.467	background
PEAK_0055	-750	0.703	background
PEAK_0055	-700	0.108	background
PEAK_0055	-650	0.561	background
PEAK_0055	-600	0.499	background
PEAK_0055	-550	0.999	background
PEAK_0055	-500	0.626	background
PEAK_0055	-450	0.71	background
PEAK_0055	-400	0.776	background
PEAK_0055	-350	0.712	background
PEAK_0055	-300	0.682	background
PEAK_0055	-250	0.347	background
PEAK_0055	-200	0.801	background
PEAK_0055	-150	0.796	background
PEAK_0055	-100	0.137	background
PEAK_0055	-50	0.243	background
PEAK_0055	0	0.648	background
PEAK_0055	50	0.544	background
PEAK_0055	100	0.899	background
PEAK_0055	150	0.544	background
PEAK_0055	200	0.356	background
PEAK_0055	250	0.704	background
PEAK_0055	300	0.602	background
PEAK_0055	350	0.607	background
PEAK_0055	400	0.553	background
PEAK_0055	450	0.559	background
PEAK_0055	500	0.832	background
PEAK_0055	550	0.805	background
PEAK_0055	600	1.106	background
PEAK_0055	650	0.762	background
PEAK_0055	700	0.095	background
PEAK_0055	750	0.723	background
PEAK_0055	800	0.546	background
PEAK_0055	850	0.368	background
PEAK_0055	900	0.559	background
PEAK_0055	950	0.675	background
PEAK_0055	1000	0.615	background
PEAK_0056	-1000	0.448	enhancer
PEAK_0056	-950	0.523	enhancer
PEAK_0056	-900	0.896	enhancer
PEAK_0056	-850	0.995	enhancer
PEAK_0056	-800	1.475	enhancer
PEAK_0056	-750	1.509	enhancer
PEAK_0056	-700	2.118	enhancer
PEAK_0056	-650	2.621	enhancer
PEAK_0056	-600	4.569	enhancer
PEAK_0056	-550	4.296	enhancer
PEAK_0056	-500	4.455	enhancer
PEAK_0056	-450	5.833	enhancer
PEAK_0056	-400	4.968	enhancer
PEAK_0056	-350	7.852	enhancer
PEAK_0056	-300	8.849	enhancer
PEAK_0056	-250	8.972	enhancer
PEAK_0056	-200	9.889	enhancer
PEAK_0056	-150	8.343	enhancer
PEAK_0056	-100	9.143	enhancer
PEAK_0056	-50	9.615	enhancer
PEAK_0056	0	10.571	enhancer
PEAK_0056	50	9.563	enhancer
PEAK_0056	100	9.17	enhancer
PEAK_0056	150	7.89	enhancer
PEAK_0056	200	8.355	enhancer
PEAK_0056	250	7.045	enhancer
PEAK_0056	300	5.308	enhancer
PEAK_0056	350	4.341	enhancer
PEAK_0056	400	4.361	enhancer
PEAK_0056	450	3.142	enhancer
PEAK_0056	500	2.596	enhancer
PEAK_0056	550	2.447	enhancer
PEAK_0056	600	2.221	enhancer
PEAK_0056	650	1.655	enhancer
PEAK_0056	700	1.027	enhancer
PEAK_0056	750	1.455	enhancer
PEAK_0056	800	0.5	enhancer
PEAK_0056	850	0.58	enhancer
PEAK_0056	900	0.283	enhancer
PEAK_0056	950	0.531	enhancer
PEAK_0056	1000	0.416	enhancer
PEAK_0057	-1000	0.428	enhancer
PEAK_0057	-950	0.575	enhancer
PEAK_0057	-900	0.761	enhancer
PEAK_0057	-850	0.923	enhancer
PEAK_0057	-800	0.478	enhancer
PEAK_0057	-750	1.233	enhancer
PEAK_0057	-700	1.432	enhancer
PEAK_0057	-650	1.193	enhancer
PEAK_0057	-600	1.86	enhancer
PEAK_0057	-550	2.357	enhancer
PEAK_0057	-500	2.574	enhancer
PEAK_0057	-450	3.525	enhancer
PEAK_0057	-400	4.353	enhancer
PEAK_0057	-350	4.197	enhancer
PEAK_0057	-300	4.885	enhancer
PEAK_0057	-250	5.062	enhancer
PEAK_0057	-200	6.197	enhancer
PEAK_0057	-150	5.607	enhancer
PEAK_0057	-100	5.597	enhancer
PEAK_0057	-50	7.317	enhancer
PEAK_0057	0	5.661	enhancer
PEAK_0057	50	6.414	enhancer
PEAK_0057	100	5.834	enhancer
PEAK_0057	150	4.818	enhancer
PEAK_0057	200	4.854	enhancer
PEAK_0057	250	5.225	enhancer
PEAK_0057	300	3.592	enhancer
PEAK_0057	350	2.962	enhancer
PEAK_0057	400	3.278	enhancer
PEAK_0057	450	3.307	enhancer
PEAK_0057	500	2.144	enhancer
PEAK_0057	550	1.536	enhancer
PEAK_0057	600	1.293	enhancer
PEAK_0057	650	0.782	enhancer
PEAK_0057	700	0.365	enhancer
PEAK_0057	750	0.202	enhancer
PEAK_0057	800	0.688	enhancer
PEAK_0057	850	0.317	enhancer
PEAK_0057	900	0.325	enhancer
PEAK_0057	950	0.332	enhancer
PEAK_0057	1000	0.0	enhancer
PEAK_0058	-1000	0.455	promoter
PEAK_0058	-950	0.372	promoter
PEAK_0058	-900	0.27	promoter
PEAK_0058	-850	0.312	promoter
PEAK_0058	-800	0.444	promoter
PEAK_0058	-750	0.24	promoter
PEAK_0058	-700	0.275	promoter
PEAK_0058	-650	0.0	promoter
PEAK_0058	-600	0.644	promoter
PEAK_0058	-550	0.128	promoter
PEAK_0058	-500	0.461	promoter
PEAK_0058	-450	0.743	promoter
PEAK_0058	-400	0.979	promoter
PEAK_0058	-350	1.896	promoter
PEAK_0058	-300	3.039	promoter
PEAK_0058	-250	5.359	promoter
PEAK_0058	-200	6.968	promoter
PEAK_0058	-150	10.115	promoter
PEAK_0058	-100	11.053	promoter
PEAK_0058	-50	13.448	promoter
PEAK_0058	0	12.425	promoter
PEAK_0058	50	13.919	promoter
PEAK_0058	100	10.472	promoter
PEAK_0058	150	10.703	promoter
PEAK_0058	200	8.616	promoter
PEAK_0058	250	5.608	promoter
PEAK_0058	300	3.781	promoter
PEAK_0058	350	2.093	promoter
PEAK_0058	400	0.709	promoter
PEAK_0058	450	0.741	promoter
PEAK_0058	500	0.624	promoter
PEAK_0058	550	0.356	promoter
PEAK_0058	600	0.367	promoter
PEAK_0058	650	0.0	promoter
PEAK_0058	700	0.343	promoter
PEAK_0058	750	0.388	promoter
PEAK_0058	800	0.108	promoter
PEAK_0058	850	0.409	promoter
PEAK_0058	900	0.286	promoter
PEAK_0058	950	0.274	promoter
PEAK_0058	1000	0.118	promoter
PEAK_0059	-1000	0.266	enhancer
PEAK_0059	-950	1.331	enhancer
PEAK_0059	-900	0.41	enhancer
PEAK_0059	-850	0.449	enhancer
PEAK_0059	-800	0.489	enhancer
PEAK_0059	-750	1.447	enhancer
PEAK_0059	-700	0.902	enhancer
PEAK_0059	-650	2.044	enhancer
PEAK_0059	-600	2.279	enhancer
PEAK_0059	-550	2.567	enhancer
PEAK_0059	-500	3.037	enhancer
PEAK_0059	-450	3.825	enhancer
PEAK_0059	-400	4.403	enhancer
PEAK_0059	-350	4.754	enhancer
PEAK_0059	-300	6.106	enhancer
PEAK_0059	-250	6.644	enhancer
PEAK_0059	-200	7.913	enhancer
PEAK_0059	-150	9.521	enhancer
PEAK_0059	-100	9.636	enhancer
PEAK_0059	-50	9.755	enhancer
PEAK_0059	0	9.435	enhancer
PEAK_0059	50	9.561	enhancer
PEAK_0059	100	9.987	enhancer
PEAK_0059	150	10.026	enhancer
PEAK_0059	200	10.263	enhancer
PEAK_0059	250	9.852	enhancer
PEAK_0059	300	10.043	enhancer
PEAK_0059	350	7.811	enhancer
PEAK_0059	400	8.818	enhancer
PEAK_0059	450	6.689	enhancer
PEAK_0059	500	6.563	enhancer
PEAK_0059	550	4.929	enhancer
PEAK_0059	600	4.428	enhancer
PEAK_0059	650	5.177	enhancer
PEAK_0059	700	3.269	enhancer
PEAK_0059	750	3.165	enhancer
PEAK_0059	800	2.33	enhancer
PEAK_0059	850	2.08	enhancer
PEAK_0059	900	2.441	enhancer
PEAK_0059	950	0.781	enhancer
PEAK_0059	1000	1.257	enhancer
PEAK_0060	-1000	0.385	enhancer
PEAK_0060	-950	0.058	enhancer
PEAK_0060	-900	0.125	enhancer
PEAK_0060	-850	0.512	enhancer
PEAK_0060	-800	0.504	enhancer
PEAK_0060	-750	0.523	enhancer
PEAK_0060	-700	0.117	enhancer
PEAK_0060	-650	0.793	enhancer
PEAK_0060	-600	1.316	enhancer
PEAK_0060	-550	1.545	enhancer
PEAK_0060	-500	0.931	enhancer
PEAK_0060	-450	2.559	enhancer
PEAK_0060	-400	2.091	enhancer
PEAK_0060	-350	2.416	enhancer
PEAK_0060	-300	3.042	enhancer
PEAK_0060	-250	2.43	enhancer
PEAK_0060	-200	3.56	enhancer
PEAK_0060	-150	3.098	enhancer
PEAK_0060	-100	3.274	enhancer
PEAK_0060	-50	3.326	enhancer
PEAK_0060	0	2.938	enhancer
PEAK_0060	50	2.575	enhancer
PEAK_0060	100	3.224	enhancer
PEAK_0060	150	3.217	enhancer
PEAK_0060	200	2.884	enhancer
PEAK_0060	250	2.473	enhancer
PEAK_0060	300	2.382	enhancer
PEAK_0060	350	1.547	enhancer
PEAK_0060	400	2.148	enhancer
PEAK_0060	450	1.158	enhancer
PEAK_0060	500	1.028	enhancer
PEAK_0060	550	1.453	enhancer
PEAK_0060	600	0.784	enhancer
PEAK_0060	650	0.673	enhancer
PEAK_0060	700	0.534	enhancer
PEAK_0060	750	0.779	enhancer
PEAK_0060	800	0.474	enhancer
PEAK_0060	850	0.369	enhancer
PEAK_0060	900	0.285	enhancer
PEAK_0060	950	0.502	enhancer
PEAK_0060	1000	0.129	enhancer
PEAK_0061	-1000	0.3	promoter
PEAK_0061	-950	0.324	promoter
PEAK_0061	-900	0.475	promoter
PEAK_0061	-850	0.519	promoter
PEAK_0061	-800	0.658	promoter
PEAK_0061	-750	0.343	promoter
PEAK_0061	-700	0.23	promoter
PEAK_0061	-650	0.184	promoter
PEAK_0061	-600	0.329	promoter
PEAK_0061	-550	0.203	promoter
PEAK_0061	-500	0.268	promoter
PEAK_0061	-450	0.479	promoter
PEAK_0061	-400	0.57	promoter
PEAK_0061	-350	1.158	promoter
PEAK_0061	-300	2.825	promoter
PEAK_0061	-250	4.0	promoter
PEAK_0061	-200	6.497	promoter
PEAK_0061	-150	8.063	promoter
PEAK_0061	-100	9.157	promoter
PEAK_0061	-50	11.384	promoter
PEAK_0061	0	12.545	promoter
PEAK_0061	50	10.689	promoter
PEAK_0061	100	10.007	promoter
PEAK_0061	150	8.69	promoter
PEAK_0061	200	6.348	promoter
PEAK_0061	250	5.138	promoter
PEAK_0061	300	2.787	promoter
PEAK_0061	350	1.036	promoter
PEAK_0061	400	0.902	promoter
PEAK_0061	450	0.398	promoter
PEAK_0061	500	0.154	promoter
PEAK_0061	550	0.385	promoter
PEAK_0061	600	0.15	promoter
PEAK_0061	650	0.417	promoter
PEAK_0061	700	0.016	promoter
PEAK_0061	750	0.549	promoter
PEAK_0061	800	0.627	promoter
PEAK_0061	850	0.062	promoter
PEAK_0061	900	0.221	promoter
PEAK_0061	950	0.219	promoter
PEAK_0061	1000	0.309	promoter
PEAK_0062	-1000	1.047	background
PEAK_0062	-950	1.076	background
PEAK_0062	-900	0.509	background
PEAK_0062	-850	0.829	background
PEAK_0062	-800	0.639	background
PEAK_0062	-750	1.187	background
PEAK_0062	-700	0.833	background
PEAK_0062	-650	1.177	background
PEAK_0062	-600	1.034	background
PEAK_0062	-550	1.18	background
PEAK_0062	-500	0.844	background
PEAK_0062	-450	1.09	background
PEAK_0062	-400	1.307	background
PEAK_0062	-350	1.335	background
PEAK_0062	-300	1.126	background
PEAK_0062	-250	1.558	background
PEAK_0062	-200	1.181	background
PEAK_0062	-150	1.39	background
PEAK_0062	-100	1.217	background
PEAK_0062	-50	1.189	background
PEAK_0062	0	1.437	background
PEAK_0062	50	1.441	background
PEAK_0062	100	1.401	background
PEAK_0062	150	1.331	background
PEAK_0062	200	1.021	background
PEAK_0062	250	1.053	background
PEAK_0062	300	0.791	background
PEAK_0062	350	1.51	background
PEAK_0062	400	0.875	background
PEAK_0062	450	0.706	background
PEAK_0062	500	1.784	background
PEAK_0062	550	1.163	background
PEAK_0062	600	1.298	background
PEAK_0062	650	0.894	background
PEAK_0062	700	1.015	background
PEAK_0062	750	1.396	background
PEAK_0062	800	1.221	background
PEAK_0062	850	0.918	background
PEAK_0062	900	1.107	background
PEAK_0062	950	0.741	background
PEAK_0062	1000	0.818	background
PEAK_0063	-1000	0.194	promoter
PEAK_0063	-950	0.373	promoter
PEAK_0063	-900	0.535	promoter
PEAK_0063	-850	0.334	promoter
PEAK_0063	-800	0.487	promoter
PEAK_0063	-750	0.245	promoter
PEAK_0063	-700	0.35	promoter
PEAK_0063	-650	0.137	promoter
PEAK_0063	-600	0.0	promoter
PEAK_0063	-550	0.145	promoter
PEAK_0063	-500	0.186	promoter
PEAK_0063	-450	0.032	promoter
PEAK_0063	-400	0.722	promoter
PEAK_0063	-350	0.457	promoter
PEAK_0063	-300	1.121	promoter
PEAK_0063	-250	2.762	promoter
PEAK_0063	-200	3.357	promoter
PEAK_0063	-150	5.902	promoter
PEAK_0063	-100	8.14	promoter
PEAK_0063	-50	8.522	promoter
PEAK_0063	0	9.316	promoter
PEAK_0063	50	7.804	promoter
PEAK_0063	100	6.946	promoter
PEAK_0063	150	6.179	promoter
PEAK_0063	200	3.769	promoter
PEAK_0063	250	2.244	promoter
PEAK_0063	300	0.859	promoter
PEAK_0063	350	0.578	promoter
PEAK_0063	400	0.467	promoter
PEAK_0063	450	0.282	promoter
PEAK_0063	500	0.241	promoter
PEAK_0063	550	0.508	promoter
PEAK_0063	600	0.374	promoter
PEAK_0063	650	0.182	promoter
PEAK_0063	700	0.195	promoter
PEAK_0063	750	0.349	promoter
PEAK_0063	800	0.25	promoter
PEAK_0063	850	0.291	promoter
PEAK_0063	900	0.279	promoter
PEAK_0063	950	0.175	promoter
PEAK_0063	1000	0.288	promoter
PEAK_0064	-1000	1.15	enhancer
PEAK_0064	-950	1.523	enhancer
PEAK_0064	-900	2.07	enhancer
PEAK_0064	-850	2.589	enhancer
PEAK_0064	-800	2.166	enhancer
PEAK_0064	-750	3.594	enhancer
PEAK_0064	-700	2.749	enhancer
PEAK_0064	-650	4.581	enhancer
PEAK_0064	-600	4.739	enhancer
PEAK_0064	-550	4.813	enhancer
PEAK_0064	-500	4.885	enhancer
PEAK_0064	-450	6.781	enhancer
PEAK_0064	-400	6.621	enhancer
PEAK_0064	-350	6.324	enhancer
PEAK_0064	-300	6.432	enhancer
PEAK_0064	-250	6.572	enhancer
PEAK_0064	-200	7.204	enhancer
PEAK_0064	-150	7.493	enhancer
PEAK_0064	-100	8.449	enhancer
PEAK_0064	-50	6.925	enhancer
PEAK_0064	0	6.733	enhancer
PEAK_0064	50	7.733	enhancer
PEAK_0064	100	7.192	enhancer
PEAK_0064	150	7.384	enhancer
PEAK_0064	200	6.759	enhancer
PEAK_0064	250	5.755	enhancer
PEAK_0064	300	5.317	enhancer
PEAK_0064	350	5.0	enhancer
PEAK_0064	400	4.583	enhancer
PEAK_0064	450	4.496	enhancer
PEAK_0064	500	3.555	enhancer
PEAK_0064	550	4.004	enhancer
PEAK_0064	600	3.684	enhancer
PEAK_0064	650	2.95	enhancer
PEAK_0064	700	2.484	enhancer
PEAK_0064	750	1.917	enhancer
PEAK_0064	800	1.654	enhancer
PEAK_0064	850	0.863	enhancer
PEAK_0064	900	1.261	enhancer
PEAK_0064	950	1.028	enhancer
PEAK_0064	1000	0.482	enhancer
PEAK_0065	-1000	0.708	enhancer
PEAK_0065	-950	1.412	enhancer
PEAK_0065	-900	1.004	enhancer
PEAK_0065	-850	1.444	enhancer
PEAK_0065	-800	1.186	enhancer
PEAK_0065	-750	1.614	enhancer
PEAK_0065	-700	1.656	enhancer
PEAK_0065	-650	1.643	enhancer
PEAK_0065	-600	2.545	enhancer
PEAK_0065	-550	2.101	enhancer
PEAK_0065	-500	2.359	enhancer
PEAK_0065	-450	2.503	enhancer
PEAK_0065	-400	2.801	enhancer
PEAK_0065	-350	3.064	enhancer
PEAK_0065	-300	3.112	enhancer
PEAK_0065	-250	3.501	enhancer
PEAK_0065	-200	3.178	enhancer
PEAK_0065	-150	3.517	enhancer
PEAK_0065	-100	3.321	enhancer
PEAK_0065	-50	3.038	enhancer
PEAK_0065	0	4.454	enhancer
PEAK_0065	50	3.754	enhancer
PEAK_0065	100	4.187	enhancer
PEAK_0065	150	3.664	enhancer
PEAK_0065	200	3.099	enhancer
PEAK_0065	250	2.9	enhancer
PEAK_0065	300	2.786	enhancer
PEAK_0065	350	2.864	enhancer
PEAK_0065	400	2.854	enhancer
PEAK_0065	450	1.786	enhancer
PEAK_0065	500	2.815	enhancer
PEAK_0065	550	2.426	enhancer
PEAK_0065	600	1.389	enhancer
PEAK_0065	650	1.964	enhancer
PEAK_0065	700	1.242	enhancer
PEAK_0065	750	1.386	enhancer
PEAK_0065	800	1.045	enhancer
PEAK_0065	850	1.384	enhancer
PEAK_0065	900	0.413	enhancer
PEAK_0065	950	0.995	enhancer
PEAK_0065	1000	0.71	enhancer
PEAK_0066	-1000	0.308	enhancer
PEAK_0066	-950	0.089	enhancer
PEAK_0066	-900	0.577	enhancer
PEAK_0066	-850	0.044	enhancer
PEAK_0066	-800	0.931	enhancer
PEAK_0066	-750	0.604	enhancer
PEAK_0066	-700	0.83	enhancer
PEAK_0066	-650	1.365	enhancer
PEAK_0066	-600	1.48	enhancer
PEAK_0066	-550	1.221	enhancer
PEAK_0066	-500	0.81	enhancer
PEAK_0066	-450	1.523	enhancer
PEAK_0066	-400	1.632	enhancer
PEAK_0066	-350	1.565	enhancer
PEAK_0066	-300	2.657	enhancer
PEAK_0066	-250	1.439	enhancer
PEAK_0066	-200	2.32	enhancer
PEAK_0066	-150	2.596	enhancer
PEAK_0066	-100	1.638	enhancer
PEAK_0066	-50	2.102	enhancer
PEAK_0066	0	2.073	enhancer
PEAK_0066	50	1.67	enhancer
PEAK_0066	100	1.659	enhancer
PEAK_0066	150	1.857	enhancer
PEAK_0066	200	1.397	enhancer
PEAK_0066	250	1.245	enhancer
PEAK_0066	300	0.696	enhancer
PEAK_0066	350	1.24	enhancer
PEAK_0066	400	0.723	enhancer
PEAK_0066	450	0.714	enhancer
PEAK_0066	500	0.377	enhancer
PEAK_0066	550	0.806	enhancer
PEAK_0066	600	0.321	enhancer
PEAK_0066	650	0.584	enhancer
PEAK_0066	700	0.196	enhancer
PEAK_0066	750	0.419	enhancer
PEAK_0066	800	0.567	enhancer
PEAK_0066	850	0.097	enhancer
PEAK_0066	900	0.056	enhancer
PEAK_0066	950	0.383	enhancer
PEAK_0066	1000	0.0	enhancer
PEAK_0067	-1000	0.711	background
PEAK_0067	-950	0.853	background
PEAK_0067	-900	0.069	background
PEAK_0067	-850	0.342	background
PEAK_0067	-800	0.324	background
PEAK_0067	-750	0.393	background
PEAK_0067	-700	0.318	background
PEAK_0067	-650	0.627	background
PEAK_0067	-600	0.532	background
PEAK_0067	-550	0.984	background
PEAK_0067	-500	0.37	background
PEAK_0067	-450	0.744	background
PEAK_0067	-400	0.648	background
PEAK_0067	-350	0.909	background
PEAK_0067	-300	0.2	background
PEAK_0067	-250	1.019	background
PEAK_0067	-200	1.201	background
PEAK_0067	-150	0.466	background
PEAK_0067	-100	0.409	background
PEAK_0067	-50	0.714	background
PEAK_0067	0	0.633	background
PEAK_0067	50	0.895	background
PEAK_0067	100	0.61	background
PEAK_0067	150	0.586	background
PEAK_0067	200	0.941	background
PEAK_0067	250	0.811	background
PEAK_0067	300	1.085	background
PEAK_0067	350	0.765	background
PEAK_0067	400	0.748	background
PEAK_0067	450	0.9	background
PEAK_0067	500	0.693	background
PEAK_0067	550	1.0	background
PEAK_0067	600	1.003	background
PEAK_0067	650	1.089	background
PEAK_0067	700	0.138	background
PEAK_0067	750	0.467	background
PEAK_0067	800	1.44	background
PEAK_0067	850	0.832	background
PEAK_0067	900	0.028	background
PEAK_0067	950	0.58	background
PEAK_0067	1000	0.333	background
PEAK_0068	-1000	1.31	enhancer
PEAK_0068	-950	1.363	enhancer
PEAK_0068	-900	1.491	enhancer
PEAK_0068	-850	1.704	enhancer
PEAK_0068	-800	2.25	enhancer
PEAK_0068	-750	1.932	enhancer
PEAK_0068	-700	2.662	enhancer
PEAK_0068	-650	2.525	enhancer
PEAK_0068	-600	3.504	enhancer
PEAK_0068	-550	3.652	enhancer
PEAK_0068	-500	2.927	enhancer
PEAK_0068	-450	4.067	enhancer
PEAK_0068	-400	4.744	enhancer
PEAK_0068	-350	4.494	enhancer
PEAK_0068	-300	5.393	enhancer
PEAK_0068	-250	6.545	enhancer
PEAK_0068	-200	5.142	enhancer
PEAK_0068	-150	4.189	enhancer
PEAK_0068	-100	5.561	enhancer
PEAK_0068	-50	5.066	enhancer
PEAK_0068	0	5.355	enhancer
PEAK_0068	50	3.837	enhancer
PEAK_0068	100	3.501	enhancer
PEAK_0068	150	5.335	enhancer
PEAK_0068	200	4.607	enhancer
PEAK_0068	250	3.403	enhancer
PEAK_0068	300	2.674	enhancer
PEAK_0068	350	3.555	enhancer
PEAK_0068	400	2.332	enhancer
PEAK_0068	450	2.001	enhancer
PEAK_0068	500	2.238	enhancer
PEAK_0068	550	1.342	enhancer
PEAK_0068	600	1.217	enhancer
PEAK_0068	650	0.615	enhancer
PEAK_0068	700	1.14	enhancer
PEAK_0068	750	1.189	enhancer
PEAK_0068	800	0.94	enhancer
PEAK_0068	850	1.06	enhancer
PEAK_0068	900	0.425	enhancer
PEAK_0068	950	0.684	enhancer
PEAK_0068	1000	0.49	enhancer
PEAK_0069	-1000	2.548	enhancer
PEAK_0069	-950	2.369	enhancer
PEAK_0069	-900	3.15	enhancer
PEAK_0069	-850	3.568	enhancer
PEAK_0069	-800	4.469	enhancer
PEAK_0069	-750	5.185	enhancer
PEAK_0069	-700	5.497	enhancer
PEAK_0069	-650	7.326	enhancer
PEAK_0069	-600	6.639	enhancer
PEAK_0069	-550	7.952	enhancer
PEAK_0069	-500	9.416	enhancer
PEAK_0069	-450	9.949	enhancer
PEAK_0069	-400	10.582	enhancer
PEAK_0069	-350	10.513	enhancer
PEAK_0069	-300	11.621	enhancer
PEAK_0069	-250	11.676	enhancer
PEAK_0069	-200	10.625	enhancer
PEAK_0069	-150	13.088	enhancer
PEAK_0069	-100	12.245	enhancer
PEAK_0069	-50	12.989	enhancer
PEAK_0069	0	12.632	enhancer
PEAK_0069	50	13.557	enhancer
PEAK_0069	100	11.834	enhancer
PEAK_0069	150	11.902	enhancer
PEAK_0069	200	12.015	enhancer
PEAK_0069	250	9.36	enhancer
PEAK_0069	300	10.965	enhancer
PEAK_0069	350	8.937	enhancer
PEAK_0069	400	8.693	enhancer
PEAK_0069	450	7.742	enhancer
PEAK_0069	500	6.64	enhancer
PEAK_0069	550	6.465	enhancer
PEAK_0069	600	5.909	enhancer
PEAK_0069	650	3.78	enhancer
PEAK_0069	700	3.525	enhancer
PEAK_0069	750	2.706	enhancer
PEAK_0069	800	3.016	enhancer
PEAK_0069	850	2.599	enhancer
PEAK_0069	900	2.088	enhancer
PEAK_0069	950	1.176	enhancer
PEAK_0069	1000	1.513	enhancer
PEAK_0070	-1000	0.084	promoter
PEAK_0070	-950	0.457	promoter
PEAK_0070	-900	0.266	promoter
PEAK_0070	-850	0.0	promoter
PEAK_0070	-800	0.071	promoter
PEAK_0070	-750	0.468	promoter
PEAK_0070	-700	0.278	promoter
PEAK_0070	-650	0.056	promoter
PEAK_0070	-600	0.43	promoter
PEAK_0070	-550	0.336	promoter
PEAK_0070	-500	0.0	promoter
PEAK_0070	-450	0.253	promoter
PEAK_0070	-400	0.581	promoter
PEAK_0070	-350	0.672	promoter
PEAK_0070	-300	1.226	promoter
PEAK_0070	-250	1.924	promoter
PEAK_0070	-200	1.779	promoter
PEAK_0070	-150	4.443	promoter
PEAK_0070	-100	7.208	promoter
PEAK_0070	-50	8.17	promoter
PEAK_0070	0	8.419	promoter
PEAK_0070	50	7.868	promoter
PEAK_0070	100	5.574	promoter
PEAK_0070	150	3.85	promoter
PEAK_0070	200	3.064	promoter
PEAK_0070	250	1.751	promoter
PEAK_0070	300	0.811	promoter
PEAK_0070	350	0.709	promoter
PEAK_0070	400	0.581	promoter
PEAK_0070	450	0.284	promoter
PEAK_0070	500	0.06	promoter
PEAK_0070	550	0.293	promoter
PEAK_0070	600	0.254	promoter
PEAK_0070	650	0.169	promoter
PEAK_0070	700	0.465	promoter
PEAK_0070	750	0.102	promoter
PEAK_0070	800	0.285	promoter
PEAK_0070	850	0.794	promoter
PEAK_0070	900	0.291	promoter
PEAK_0070	950	0.238	promoter
PEAK_0070	1000	0.419	promoter
PEAK_0071	-1000	1.353	enhancer
PEAK_0071	-950	0.917	enhancer
PEAK_0071	-900	1.458	enhancer
PEAK_0071	-850	1.727	enhancer
PEAK_0071	-800	1.866	enhancer
PEAK_0071	-750	1.479	enhancer
PEAK_0071	-700	1.699	enhancer
PEAK_0071	-650	1.946	enhancer
PEAK_0071	-600	2.894	enhancer
PEAK_0071	-550	3.622	enhancer
PEAK_0071	-500	2.895	enhancer
PEAK_0071	-450	3.698	enhancer
PEAK_0071	-400	3.777	enhancer
PEAK_0071	-350	4.029	enhancer
PEAK_0071	-300	3.195	enhancer
PEAK_0071	-250	4.236	enhancer
PEAK_0071	-200	3.594	enhancer
PEAK_0071	-150	3.946	enhancer
PEAK_0071	-100	3.686	enhancer
PEAK_0071	-50	3.898	enhancer
PEAK_0071	0	4.553	enhancer
PEAK_0071	50	4.511	enhancer
PEAK_0071	100	3.632	enhancer
PEAK_0071	150	3.353	enhancer
PEAK_0071	200	3.311	enhancer
PEAK_0071	250	3.209	enhancer
PEAK_0071	300	2.881	enhancer
PEAK_0071	350	2.333	enhancer
PEAK_0071	400	2.414	enhancer
PEAK_0071	450	1.507	enhancer
PEAK_0071	500	2.219	enhancer
PEAK_0071	550	0.883	enhancer
PEAK_0071	600	1.899	enhancer
PEAK_0071	650	1.159	enhancer
PEAK_0071	700	1.406	enhancer
PEAK_0071	750	0.758	enhancer
PEAK_0071	800	1.024	enhancer
PEAK_0071	850	0.482	enhancer
PEAK_0071	900	0.622	enhancer
PEAK_0071	950	0.219	enhancer
PEAK_0071	1000	0.147	enhancer
PEAK_0072	-1000	0.105	promoter
PEAK_0072	-950	0.0	promoter
PEAK_0072	-900	0.0	promoter
PEAK_0072	-850	0.291	promoter
PEAK_0072	-800	0.0	promoter
PEAK_0072	-750	0.443	promoter
PEAK_0072	-700	0.184	promoter
PEAK_0072	-650	0.246	promoter
PEAK_0072	-600	0.346	promoter
PEAK_0072	-550	0.673	promoter
PEAK_0072	-500	0.17	promoter
PEAK_0072	-450	0.601	promoter
PEAK_0072	-400	0.729	promoter
PEAK_0072	-350	1.425	promoter
PEAK_0072	-300	2.291	promoter
PEAK_0072	-250	7.082	promoter
PEAK_0072	-200	9.583	promoter
PEAK_0072	-150	12.019	promoter
PEAK_0072	-100	15.616	promoter
PEAK_0072	-50	17.124	promoter
PEAK_0072	0	18.101	promoter
PEAK_0072	50	18.926	promoter
PEAK_0072	100	14.644	promoter
PEAK_0072	150	12.719	promoter
PEAK_0072	200	9.45	promoter
PEAK_0072	250	6.161	promoter
PEAK_0072	300	3.051	promoter
PEAK_0072	350	1.965	promoter
PEAK_0072	400	0.931	promoter
PEAK_0072	450	0.139	promoter
PEAK_0072	500	0.146	promoter
PEAK_0072	550	0.244	promoter
PEAK_0072	600	0.346	promoter
PEAK_0072	650	0.164	promoter
PEAK_0072	700	0.299	promoter
PEAK_0072	750	0.156	promoter
PEAK_0072	800	0.0	promoter
PEAK_0072	850	0.216	promoter
PEAK_0072	900	0.245	promoter
PEAK_0072	950	0.539	promoter
PEAK_0072	1000	0.292	promoter
PEAK_0073	-1000	0.438	enhancer
PEAK_0073	-950	0.482	enhancer
PEAK_0073	-900	0.85	enhancer
PEAK_0073	-850	0.644	enhancer
PEAK_0073	-800	0.776	enhancer
PEAK_0073	-750	0.521	enhancer
PEAK_0073	-700	1.332	enhancer
PEAK_0073	-650	1.355	enhancer
PEAK_0073	-600	1.232	enhancer
PEAK_0073	-550	1.448	enhancer
PEAK_0073	-500	1.626	enhancer
PEAK_0073	-450	1.702	enhancer
PEAK_0073	-400	1.728	enhancer
PEAK_0073	-350	2.209	enhancer
PEAK_0073	-300	2.255	enhancer
PEAK_0073	-250	2.284	enhancer
PEAK_0073	-200	2.816	enhancer
PEAK_0073	-150	2.186	enhancer
PEAK_0073	-100	3.301	enhancer
PEAK_0073	-50	3.384	enhancer
PEAK_0073	0	3.615	enhancer
PEAK_0073	50	3.793	enhancer
PEAK_0073	100	3.286	enhancer
PEAK_0073	150	3.638	enhancer
PEAK_0073	200	3.194	enhancer
PEAK_0073	250	3.505	enhancer
PEAK_0073	300	4.322	enhancer
PEAK_0073	350	3.922	enhancer
PEAK_0073	400	2.901	enhancer
PEAK_0073	450	2.552	enhancer
PEAK_0073	500	3.361	enhancer
PEAK_0073	550	3.159	enhancer
PEAK_0073	600	3.031	enhancer
PEAK_0073	650	2.325	enhancer
PEAK_0073	700	2.045	enhancer
PEAK_0073	750	1.965	enhancer
PEAK_0073	800	1.969	enhancer
PEAK_0073	850	1.231	enhancer
PEAK_0073	900	1.131	enhancer
PEAK_0073	950	1.431	enhancer
PEAK_0073	1000	0.996	enhancer
PEAK_0074	-1000	0.356	background
PEAK_0074	-950	1.268	background
PEAK_0074	-900	0.563	background
PEAK_0074	-850	0.207	background
PEAK_0074	-800	0.641	background
PEAK_0074	-750	0.709	background
PEAK_0074	-700	0.978	background
PEAK_0074	-650	0.269	background
PEAK_0074	-600	0.809	background
PEAK_0074	-550	0.956	background
PEAK_0074	-500	0.748	background
PEAK_0074	-450	0.742	background
PEAK_0074	-400	0.537	background
PEAK_0074	-350	0.449	background
PEAK_0074	-300	0.996	background
PEAK_0074	-250	0.966	background
PEAK_0074	-200	0.606	background
PEAK_0074	-150	0.668	background
PEAK_0074	-100	0.551	background
PEAK_0074	-50	0.999	background
PEAK_0074	0	0.468	background
PEAK_0074	50	0.685	background
PEAK_0074	100	0.604	background
PEAK_0074	150	0.318	background
PEAK_0074	200	0.665	background
PEAK_0074	250	0.911	background
PEAK_0074	300	0.637	background
PEAK_0074	350	0.855	background
PEAK_0074	400	0.555	background
PEAK_0074	450	0.69	background
PEAK_0074	500	0.808	background
PEAK_0074	550	0.717	background
PEAK_0074	600	0.828	background
PEAK_0074	650	0.545	background
PEAK_0074	700	0.451	background
PEAK_0074	750	0.545	background
PEAK_0074	800	0.413	background
PEAK_0074	850	0.583	background
PEAK_0074	900	0.573	background
PEAK_0074	950	0.744	background
PEAK_0074	1000	0.114	background
PEAK_0075	-1000	0.814	enhancer
PEAK_0075	-950	0.979	enhancer
PEAK_0075	-900	0.62	enhancer
PEAK_0075	-850	0.849	enhancer
PEAK_0075	-800	0.998	enhancer
PEAK_0075	-750	1.023	enhancer
PEAK_0075	-700	0.808	enhancer
PEAK_0075	-650	0.975	enhancer
PEAK_0075	-600	1.613	enhancer
PEAK_0075	-550	2.225	enhancer
PEAK_0075	-500	1.532	enhancer
PEAK_0075	-450	1.594	enhancer
PEAK_0075	-400	1.906	enhancer
PEAK_0075	-350	2.125	enhancer
PEAK_0075	-300	2.288	enhancer
PEAK_0075	-250	2.123	enhancer
PEAK_0075	-200	3.029	enhancer
PEAK_0075	-150	2.231	enhancer
PEAK_0075	-100	3.776	enhancer
PEAK_0075	-50	2.866	enhancer
PEAK_0075	0	2.684	enhancer
PEAK_0075	50	2.7	enhancer
PEAK_0075	100	3.153	enhancer
PEAK_0075	150	3.029	enhancer
PEAK_0075	200	2.937	enhancer
PEAK_0075	250	1.434	enhancer
PEAK_0075	300	1.799	enhancer
PEAK_0075	350	1.866	enhancer
PEAK_0075	400	1.954	enhancer
PEAK_0075	450	1.151	enhancer
PEAK_0075	500	1.787	enhancer
PEAK_0075	550	2.334	enhancer
PEAK_0075	600	1.643	enhancer
PEAK_0075	650	0.985	enhancer
PEAK_0075	700	0.989	enhancer
PEAK_0075	750	0.524	enhancer
PEAK_0075	800	0.657	enhancer
PEAK_0075	850	0.813	enhancer
PEAK_0075	900	0.755	enhancer
PEAK_0075	950	0.481	enhancer
PEAK_0075	1000	0.412	enhancer
PEAK_0076	-1000	0.473	enhancer
PEAK_0076	-950	0.158	enhancer
PEAK_0076	-900	0.569	enhancer
PEAK_0076	-850	0.006	enhancer
PEAK_0076	-800	0.0	enhancer
PEAK_0076	-750	0.649	enhancer
PEAK_0076	-700	0.372	enhancer
PEAK_0076	-650	0.684	enhancer
PEAK_0076	-600	0.774	enhancer
PEAK_0076	-550	0.954	enhancer
PEAK_0076	-500	0.736	enhancer
PEAK_0076	-450	2.046	enhancer
PEAK_0076	-400	1.269	enhancer
PEAK_0076	-350	1.819	enhancer
PEAK_0076	-300	2.387	enhancer
PEAK_0076	-250	2.27	enhancer
PEAK_0076	-200	2.572	enhancer
PEAK_0076	-150	2.952	enhancer
PEAK_0076	-100	3.649	enhancer
PEAK_0076	-50	4.176	enhancer
PEAK_0076	0	4.038	enhancer
PEAK_0076	50	4.342	enhancer
PEAK_0076	100	4.368	enhancer
PEAK_0076	150	4.465	enhancer
PEAK_0076	200	4.889	enhancer
PEAK_0076	250	4.392	enhancer
PEAK_0076	300	4.241	enhancer
PEAK_0076	350	3.456	enhancer
PEAK_0076	400	3.408	enhancer
PEAK_0076	450	2.763	enhancer
PEAK_0076	500	2.772	enhancer
PEAK_0076	550	2.127	enhancer
PEAK_0076	600	2.641	enhancer
PEAK_0076	650	2.414	enhancer
PEAK_0076	700	1.496	enhancer
PEAK_0076	750	1.286	enhancer
PEAK_0076	800	1.205	enhancer
PEAK_0076	850	1.21	enhancer
PEAK_0076	900	0.653	enhancer
PEAK_0076	950	0.699	enhancer
PEAK_0076	1000	0.479	enhancer
PEAK_0077	-1000	0.739	background
PEAK_0077	-950	0.785	background
PEAK_0077	-900	0.79	background
PEAK_0077	-850	0.756	background
PEAK_0077	-800	1.016	background
PEAK_0077	-750	0.705	background
PEAK_0077	-700	0.921	background
PEAK_0077	-650	0.91	background
PEAK_0077	-600	0.642	background
PEAK_0077	-550	1.442	background
PEAK_0077	-500	1.335	background
PEAK_0077	-450	1.166	background
PEAK_0077	-400	1.105	background
PEAK_0077	-350	1.462	background
PEAK_0077	-300	0.896	background
PEAK_0077	-250	0.838	background
PEAK_0077	-200	1.309	background
PEAK_0077	-150	1.514	background
PEAK_0077	-100	1.37	background
PEAK_0077	-50	1.38	background
PEAK_0077	0	1.229	background
PEAK_0077	50	1.035	background
PEAK_0077	100	1.374	background
PEAK_0077	150	1.201	background
PEAK_0077	200	1.689	background
PEAK_0077	250	1.273	background
PEAK_0077	300	0.87	background
PEAK_0077	350	0.615	background
PEAK_0077	400	0.887	background
PEAK_0077	450	1.501	background
PEAK_0077	500	1.1	background
PEAK_0077	550	0.856	background
PEAK_0077	600	0.93	background
PEAK_0077	650	0.671	background
PEAK_0077	700	1.449	background
PEAK_0077	750	0.993	background
PEAK_0077	800	1.144	background
PEAK_0077	850	0.659	background
PEAK_0077	900	0.637	background
PEAK_0077	950	0.686	background
PEAK_0077	1000	0.884	background
PEAK_0078	-1000	0.39	background
PEAK_0078	-950	0.5	background
PEAK_0078	-900	0.446	background
PEAK_0078	-850	0.684	background
PEAK_0078	-800	0.334	background
PEAK_0078	-750	0.562	background
PEAK_0078	-700	0.523	background
PEAK_0078	-650	0.494	background
PEAK_0078	-600	0.85	background
PEAK_0078	-550	0.406	background
PEAK_0078	-500	0.788	background
PEAK_0078	-450	0.728	background
PEAK_0078	-400	0.377	background
PEAK_0078	-350	0.291	background
PEAK_0078	-300	0.526	background
PEAK_0078	-250	0.832	background
PEAK_0078	-200	0.283	background
PEAK_0078	-150	0.551	background
PEAK_0078	-100	0.653	background
PEAK_0078	-50	0.978	background
PEAK_0078	0	0.475	background
PEAK_0078	50	0.279	background
PEAK_0078	100	0.487	background
PEAK_0078	150	0.46	background
PEAK_0078	200	0.946	background
PEAK_0078	250	0.455	background
PEAK_0078	300	0.99	background
PEAK_0078	350	0.607	background
PEAK_0078	400	0.665	background
PEAK_0078	450	0.589	background
PEAK_0078	500	0.0	background
PEAK_0078	550	0.718	background
PEAK_0078	600	0.826	background
PEAK_0078	650	1.056	background
PEAK_0078	700	0.745	background
PEAK_0078	750	0.736	background
PEAK_0078	800	0.672	background
PEAK_0078	850	0.598	background
PEAK_0078	900	0.646	background
PEAK_0078	950	0.712	background
PEAK_0078	1000	0.682	background
PEAK_0079	-1000	0.262	background
PEAK_0079	-950	0.957	background
PEAK_0079	-900	1.206	background
PEAK_0079	-850	1.048	background
PEAK_0079	-800	0.754	background
PEAK_0079	-750	0.323	background
PEAK_0079	-700	0.497	background
PEAK_0079	-650	0.144	background
PEAK_0079	-600	0.561	background
PEAK_0079	-550	0.801	background
PEAK_0079	-500	0.102	background
PEAK_0079	-450	0.892	background
PEAK_0079	-400	1.281	background
PEAK_0079	-350	0.783	background
PEAK_0079	-300	0.707	background
PEAK_0079	-250	0.74	background
PEAK_0079	-200	1.148	background
PEAK_0079	-150	1.13	background
PEAK_0079	-100	1.122	background
PEAK_0079	-50	0.906	background
PEAK_0079	0	1.49	background
PEAK_0079	50	0.516	background
PEAK_0079	100	0.56	background
PEAK_0079	150	1.364	background
PEAK_0079	200	0.503	background
PEAK_0079	250	0.435	background
PEAK_0079	300	1.056	background
PEAK_0079	350	1.004	background
PEAK_0079	400	0.707	background
PEAK_0079	450	0.688	background
PEAK_0079	500	0.975	background
PEAK_0079	550	0.691	background
PEAK_0079	600	0.986	background
PEAK_0079	650	0.926	background
PEAK_0079	700	0.584	background
PEAK_0079	750	0.583	background
PEAK_0079	800	0.573	background
PEAK_0079	850	0.687	background
PEAK_0079	900	0.827	background
PEAK_0079	950	0.592	background
PEAK_0079	1000	0.375	background
PEAK_0080	-1000	0.009	promoter
PEAK_0080	-950	0.017	promoter
PEAK_0080	-900	0.423	promoter
PEAK_0080	-850	0.295	promoter
PEAK_0080	-800	0.004	promoter
PEAK_0080	-750	0.0	promoter
PEAK_0080	-700	0.242	promoter
PEAK_0080	-650	0.21	promoter
PEAK_0080	-600	0.608	promoter
PEAK_0080	-550	0.0	promoter
PEAK_0080	-500	0.091	promoter
PEAK_0080	-450	0.629	promoter
PEAK_0080	-400	0.056	promoter
PEAK_0080	-350	0.869	promoter
PEAK_0080	-300	0.999	promoter
PEAK_0080	-250	1.401	promoter
PEAK_0080	-200	3.019	promoter
PEAK_0080	-150	3.266	promoter
PEAK_0080	-100	6.0	promoter
PEAK_0080	-50	7.223	promoter
PEAK_0080	0	8.338	promoter
PEAK_0080	50	7.676	promoter
PEAK_0080	100	6.642	promoter
PEAK_0080	150	5.0	promoter
PEAK_0080	200	2.192	promoter
PEAK_0080	250	1.153	promoter
PEAK_0080	300	1.132	promoter
PEAK_0080	350	0.437	promoter
PEAK_0080	400	0.184	promoter
PEAK_0080	450	0.0	promoter
PEAK_0080	500	0.225	promoter
PEAK_0080	550	0.097	promoter
PEAK_0080	600	0.059	promoter
PEAK_0080	650	0.084	promoter
PEAK_0080	700	0.401	promoter
PEAK_0080	750	0.297	promoter
PEAK_0080	800	0.45	promoter
PEAK_0080	850	0.16	promoter
PEAK_0080	900	0.414	promoter
PEAK_0080	950	0.0	promoter
PEAK_0080	1000	0.42	promoter
PEAK_0081	-1000	0.236	enhancer
PEAK_0081	-950	0.594	enhancer
PEAK_0081	-900	0.32	enhancer
PEAK_0081	-850	1.009	enhancer
PEAK_0081	-800	0.944	enhancer
PEAK_0081	-750	0.639	enhancer
PEAK_0081	-700	0.913	enhancer
PEAK_0081	-650	0.943	enhancer
PEAK_0081	-600	1.677	enhancer
PEAK_0081	-550	1.832	enhancer
PEAK_0081	-500	1.972	enhancer
PEAK_0081	-450	1.908	enhancer
PEAK_0081	-400	2.312	enhancer
PEAK_0081	-350	2.623	enhancer
PEAK_0081	-300	1.712	enhancer
PEAK_0081	-250	2.429	enhancer
PEAK_0081	-200	2.378	enhancer
PEAK_0081	-150	2.73	enhancer
PEAK_0081	-100	4.239	enhancer
PEAK_0081	-50	3.9	enhancer
PEAK_0081	0	3.651	enhancer
PEAK_0081	50	3.874	enhancer
PEAK_0081	100	3.34	enhancer
PEAK_0081	150	2.991	enhancer
PEAK_0081	200	3.545	enhancer
PEAK_0081	250	3.458	enhancer
PEAK_0081	300	3.482	enhancer
PEAK_0081	350	2.894	enhancer
PEAK_0081	400	2.437	enhancer
PEAK_0081	450	2.84	enhancer
PEAK_0081	500	2.564	enhancer
PEAK_0081	550	2.112	enhancer
PEAK_0081	600	1.995	enhancer
PEAK_0081	650	1.497	enhancer
PEAK_0081	700	1.594	enhancer
PEAK_0081	750	1.627	enhancer
PEAK_0081	800	1.08	enhancer
PEAK_0081	850	1.157	enhancer
PEAK_0081	900	0.567	enhancer
PEAK_0081	950	0.619	enhancer
PEAK_0081	1000	0.224	enhancer
PEAK_0082	-1000	0.505	background
PEAK_0082	-950	0.447	background
PEAK_0082	-900	0.344	background
PEAK_0082	-850	0.599	background
PEAK_0082	-800	1.117	background
PEAK_0082	-750	1.29	background
PEAK_0082	-700	0.555	background
PEAK_0082	-650	0.432	background
PEAK_0082	-600	0.825	background
PEAK_0082	-550	0.844	background
PEAK_0082	-500	0.47	background
PEAK_0082	-450	1.259	background
PEAK_0082	-400	0.957	background
PEAK_0082	-350	0.512	background
PEAK_0082	-300	1.209	background
PEAK_0082	-250	0.545	background
PEAK_0082	-200	1.502	background
PEAK_0082	-150	1.064	background
PEAK_0082	-100	0.669	background
PEAK_0082	-50	0.844	background
PEAK_0082	0	1.237	background
PEAK_0082	50	1.393	background
PEAK_0082	100	1.354	background
PEAK_0082	150	0.941	background
PEAK_0082	200	0.749	background
PEAK_0082	250	0.918	background
PEAK_0082	300	0.527	background
PEAK_0082	350	0.722	background
PEAK_0082	400	0.722	background
PEAK_0082	450	0.909	background
PEAK_0082	500	0.609	background
PEAK_0082	550	0.846	background
PEAK_0082	600	0.823	background
PEAK_0082	650	1.045	background
PEAK_0082	700	0.657	background
PEAK_0082	750	1.14	background
PEAK_0082	800	0.668	background
PEAK_0082	850	0.684	background
PEAK_0082	900	0.558	background
PEAK_0082	950	0.586	background
PEAK_0082	1000	0.385	background
PEAK_0083	-1000	0.166	enhancer
PEAK_0083	-950	0.028	enhancer
PEAK_0083	-900	0.398	enhancer
PEAK_0083	-850	0.26	enhancer
PEAK_0083	-800	0.706	enhancer
PEAK_0083	-750	0.889	enhancer
PEAK_0083	-700	0.372	enhancer
PEAK_0083	-650	1.059	enhancer
PEAK_0083	-600	0.571	enhancer
PEAK_0083	-550	1.161	enhancer
PEAK_0083	-500	1.213	enhancer
PEAK_0083	-450	1.508	enhancer
PEAK_0083	-400	1.938	enhancer
PEAK_0083	-350	2.114	enhancer
PEAK_0083	-300	2.48	enhancer
PEAK_0083	-250	1.742	enhancer
PEAK_0083	-200	2.289	enhancer
PEAK_0083	-150	2.672	enhancer
PEAK_0083	-100	3.436	enhancer
PEAK_0083	-50	2.647	enhancer
PEAK_0083	0	2.937	enhancer
PEAK_0083	50	2.846	enhancer
PEAK_0083	100	2.011	enhancer
PEAK_0083	150	2.644	enhancer
PEAK_0083	200	1.874	enhancer
PEAK_0083	250	1.564	enhancer
PEAK_0083	300	1.418	enhancer
PEAK_0083	350	1.235	enhancer
PEAK_0083	400	0.824	enhancer
PEAK_0083	450	1.256	enhancer
PEAK_0083	500	0.657	enhancer
PEAK_0083	550	0.433	enhancer
PEAK_0083	600	0.473	enhancer
PEAK_0083	650	0.342	enhancer
PEAK_0083	700	0.449	enhancer
PEAK_0083	750	0.443	enhancer
PEAK_0083	800	0.667	enhancer
PEAK_0083	850	0.215	enhancer
PEAK_0083	900	0.584	enhancer
PEAK_0083	950	0.154	enhancer
PEAK_0083	1000	0.282	enhancer
PEAK_0084	-1000	1.623	enhancer
PEAK_0084	-950	1.737	enhancer
PEAK_0084	-900	1.508	enhancer
PEAK_0084	-850	2.516	enhancer
PEAK_0084	-800	4.173	enhancer
PEAK_0084	-750	3.283	enhancer
PEAK_0084	-700	3.862	enhancer
PEAK_0084	-650	5.715	enhancer
PEAK_0084	-600	4.754	enhancer
PEAK_0084	-550	6.267	enhancer
PEAK_0084	-500	6.444	enhancer
PEAK_0084	-450	6.738	enhancer
PEAK_0084	-400	9.084	enhancer
PEAK_0084	-350	8.192	enhancer
PEAK_0084	-300	8.173	enhancer
PEAK_0084	-250	9.316	enhancer
PEAK_0084	-200	10.369	enhancer
PEAK_0084	-150	10.139	enhancer
PEAK_0084	-100	10.117	enhancer
PEAK_0084	-50	9.764	enhancer
PEAK_0084	0	9.024	enhancer
PEAK_0084	50	10.216	enhancer
PEAK_0084	100	9.032	enhancer
PEAK_0084	150	8.479	enhancer
PEAK_0084	200	9.495	enhancer
PEAK_0084	250	8.124	enhancer
PEAK_0084	300	7.183	enhancer
PEAK_0084	350	6.195	enhancer
PEAK_0084	400	6.193	enhancer
PEAK_0084	450	4.776	enhancer
PEAK_0084	500	4.332	enhancer
PEAK_0084	550	4.021	enhancer
PEAK_0084	600	2.669	enhancer
PEAK_0084	650	2.258	enhancer
PEAK_0084	700	2.615	enhancer
PEAK_0084	750	1.421	enhancer
PEAK_0084	800	1.544	enhancer
PEAK_0084	850	1.037	enhancer
PEAK_0084	900	1.004	enhancer
PEAK_0084	950	0.995	enhancer
PEAK_0084	1000	0.564	enhancer
PEAK_0085	-1000	0.375	promoter
PEAK_0085	-950	0.125	promoter
PEAK_0085	-900	0.114	promoter
PEAK_0085	-850	0.765	promoter
PEAK_0085	-800	0.276	promoter
PEAK_0085	-750	0.237	promoter
PEAK_0085	-700	0.36	promoter
PEAK_0085	-650	0.31	promoter
PEAK_0085	-600	0.086	promoter
PEAK_0085	-550	0.343	promoter
PEAK_0085	-500	0.382	promoter
PEAK_0085	-450	0.589	promoter
PEAK_0085	-400	0.409	promoter
PEAK_0085	-350	0.692	promoter
PEAK_0085	-300	1.406	promoter
PEAK_0085	-250	2.504	promoter
PEAK_0085	-200	3.724	promoter
PEAK_0085	-150	4.682	promoter
PEAK_0085	-100	5.383	promoter
PEAK_0085	-50	6.893	promoter
PEAK_0085	0	6.786	promoter
PEAK_0085	50	6.335	promoter
PEAK_0085	100	5.47	promoter
PEAK_0085	150	4.989	promoter
PEAK_0085	200	3.019	promoter
PEAK_0085	250	1.961	promoter
PEAK_0085	300	1.194	promoter
PEAK_0085	350	0.9	promoter
PEAK_0085	400	0.357	promoter
PEAK_0085	450	0.269	promoter
PEAK_0085	500	0.02	promoter
PEAK_0085	550	0.104	promoter
PEAK_0085	600	0.33	promoter
PEAK_0085	650	0.456	promoter
PEAK_0085	700	0.266	promoter
PEAK_0085	750	0.366	promoter
PEAK_0085	800	0.352	promoter
PEAK_0085	850	0.299	promoter
PEAK_0085	900	0.465	promoter
PEAK_0085	950	0.305	promoter
PEAK_0085	1000	0.315	promoter
PEAK_0086	-1000	1.155	enhancer
PEAK_0086	-950	1.974	enhancer
PEAK_0086	-900	2.738	enhancer
PEAK_0086	-850	3.79	enhancer
PEAK_0086	-800	3.115	enhancer
PEAK_0086	-750	3.729	enhancer
PEAK_0086	-700	4.552	enhancer
PEAK_0086	-650	3.899	enhancer
PEAK_0086	-600	5.253	enhancer
PEAK_0086	-550	5.903	enhancer
PEAK_0086	-500	7.864	enhancer
PEAK_0086	-450	7.677	enhancer
PEAK_0086	-400	7.269	enhancer
PEAK_0086	-350	8.826	enhancer
PEAK_0086	-300	8.537	enhancer
PEAK_0086	-250	8.265	enhancer
PEAK_0086	-200	9.148	enhancer
PEAK_0086	-150	8.615	enhancer
PEAK_0086	-100	8.803	enhancer
PEAK_0086	-50	9.038	enhancer
PEAK_0086	0	9.099	enhancer
PEAK_0086	50	9.327	enhancer
PEAK_0086	100	9.167	enhancer
PEAK_0086	150	8.991	enhancer
PEAK_0086	200	9.369	enhancer
PEAK_0086	250	7.093	enhancer
PEAK_0086	300	7.045	enhancer
PEAK_0086	350	6.152	enhancer
PEAK_0086	400	7.215	enhancer
PEAK_0086	450	5.414	enhancer
PEAK_0086	500	5.235	enhancer
PEAK_0086	550	4.538	enhancer
PEAK_0086	600	5.549	enhancer
PEAK_0086	650	4.03	enhancer
PEAK_0086	700	3.793	enhancer
PEAK_0086	750	2.822	enhancer
PEAK_0086	800	2.248	enhancer
PEAK_0086	850	1.896	enhancer
PEAK_0086	900	1.787	enhancer
PEAK_0086	950	1.152	enhancer
PEAK_0086	1000	1.012	enhancer
PEAK_0087	-1000	0.083	promoter
PEAK_0087	-950	0.154	promoter
PEAK_0087	-900	0.128	promoter
PEAK_0087	-850	0.135	promoter
PEAK_0087	-800	0.43	promoter
PEAK_0087	-750	0.081	promoter
PEAK_0087	-700	0.447	promoter
PEAK_0087	-650	0.288	promoter
PEAK_0087	-600	0.592	promoter
PEAK_0087	-550	0.595	promoter
PEAK_0087	-500	0.442	promoter
PEAK_0087	-450	0.456	promoter
PEAK_0087	-400	0.13	promoter
PEAK_0087	-350	0.588	promoter
PEAK_0087	-300	0.759	promoter
PEAK_0087	-250	1.418	promoter
PEAK_0087	-200	1.92	promoter
PEAK_0087	-150	5.003	promoter
PEAK_0087	-100	6.615	promoter
PEAK_0087	-50	8.393	promoter
PEAK_0087	0	7.239	promoter
PEAK_0087	50	8.003	promoter
PEAK_0087	100	6.531	promoter
PEAK_0087	150	4.561	promoter
PEAK_0087	200	3.376	promoter
PEAK_0087	250	1.796	promoter
PEAK_0087	300	0.46	promoter
PEAK_0087	350	0.732	promoter
PEAK_0087	400	0.62	promoter
PEAK_0087	450	0.525	promoter
PEAK_0087	500	0.0	promoter
PEAK_0087	550	0.327	promoter
PEAK_0087	600	0.215	promoter
PEAK_0087	650	0.485	promoter
PEAK_0087	700	0.475	promoter
PEAK_0087	750	0.284	promoter
PEAK_0087	800	0.226	promoter
PEAK_0087	850	0.48	promoter
PEAK_0087	900	0.095	promoter
PEAK_0087	950	0.182	promoter
PEAK_0087	1000	0.126	promoter
PEAK_0088	-1000	0.682	background
PEAK_0088	-950	0.455	background
PEAK_0088	-900	0.629	background
PEAK_0088	-850	0.9	background
PEAK_0088	-800	0.906	background
PEAK_0088	-750	1.116	background
PEAK_0088	-700	0.679	background
PEAK_0088	-650	0.805	background
PEAK_0088	-600	0.939	background
PEAK_0088	-550	0.909	background
PEAK_0088	-500	0.99	background
PEAK_0088	-450	0.763	background
PEAK_0088	-400	0.871	background
PEAK_0088	-350	0.505	background
PEAK_0088	-300	1.122	background
PEAK_0088	-250	1.152	background
PEAK_0088	-200	0.674	background
PEAK_0088	-150	0.77	background
PEAK_0088	-100	0.95	background
PEAK_0088	-50	0.549	background
PEAK_0088	0	0.905	background
PEAK_0088	50	0.472	background
PEAK_0088	100	1.373	background
PEAK_0088	150	0.835	background
PEAK_0088	200	0.851	background
PEAK_0088	250	0.902	background
PEAK_0088	300	0.977	background
PEAK_0088	350	1.132	background
PEAK_0088	400	1.173	background
PEAK_0088	450	1.323	background
PEAK_0088	500	0.873	background
PEAK_0088	550	0.701	background
PEAK_0088	600	1.054	background
PEAK_0088	650	0.698	background
PEAK_0088	700	0.856	background
PEAK_0088	750	0.842	background
PEAK_0088	800	0.498	background
PEAK_0088	850	0.837	background
PEAK_0088	900	1.118	background
PEAK_0088	950	0.697	background
PEAK_0088	1000	0.12	background
PEAK_0089	-1000	0.789	enhancer
PEAK_0089	-950	0.841	enhancer
PEAK_0089	-900	0.873	enhancer
PEAK_0089	-850	0.415	enhancer
PEAK_0089	-800	0.87	enhancer
PEAK_0089	-750	1.099	enhancer
PEAK_0089	-700	1.083	enhancer
PEAK_0089	-650	1.831	enhancer
PEAK_0089	-600	2.08	enhancer
PEAK_0089	-550	2.262	enhancer
PEAK_0089	-500	1.704	enhancer
PEAK_0089	-450	2.563	enhancer
PEAK_0089	-400	2.33	enhancer
PEAK_0089	-350	2.285	enhancer
PEAK_0089	-300	2.516	enhancer
PEAK_0089	-250	2.77	enhancer
PEAK_0089	-200	2.639	enhancer
PEAK_0089	-150	2.723	enhancer
PEAK_0089	-100	3.229	enhancer
PEAK_0089	-50	3.903	enhancer
PEAK_0089	0	2.995	enhancer
PEAK_0089	50	2.658	enhancer
PEAK_0089	100	3.872	enhancer
PEAK_0089	150	3.599	enhancer
PEAK_0089	200	3.192	enhancer
PEAK_0089	250	2.995	enhancer
PEAK_0089	300	1.494	enhancer
PEAK_0089	350	2.61	enhancer
PEAK_0089	400	2.321	enhancer
PEAK_0089	450	2.61	enhancer
PEAK_0089	500	1.807	enhancer
PEAK_0089	550	1.625	enhancer
PEAK_0089	600	1.612	enhancer
PEAK_0089	650	0.934	enhancer
PEAK_0089	700	1.198	enhancer
PEAK_0089	750	0.526	enhancer
PEAK_0089	800	0.707	enhancer
PEAK_0089	850	0.393	enhancer
PEAK_0089	900	0.585	enhancer
PEAK_0089	950	0.771	enhancer
PEAK_0089	1000	0.305	enhancer
PEAK_0090	-1000	0.301	promoter
PEAK_0090	-950	0.0	promoter
PEAK_0090	-900	0.217	promoter
PEAK_0090	-850	0.399	promoter
PEAK_0090	-800	0.191	promoter
PEAK_0090	-750	0.313	promoter
PEAK_0090	-700	0.179	promoter
PEAK_0090	-650	0.467	promoter
PEAK_0090	-600	0.386	promoter
PEAK_0090	-550	0.167	promoter
PEAK_0090	-500	0.086	promoter
PEAK_0090	-450	0.084	promoter
PEAK_0090	-400	0.378	promoter
PEAK_0090	-350	0.0	promoter
PEAK_0090	-300	1.163	promoter
PEAK_0090	-250	2.616	promoter
PEAK_0090	-200	3.513	promoter
PEAK_0090	-150	4.272	promoter
PEAK_0090	-100	4.928	promoter
PEAK_0090	-50	4.043	promoter
PEAK_0090	0	7.152	promoter
PEAK_0090	50	5.235	promoter
PEAK_0090	100	4.103	promoter
PEAK_0090	150	4.076	promoter
PEAK_0090	200	3.599	promoter
PEAK_0090	250	2.324	promoter
PEAK_0090	300	1.179	promoter
PEAK_0090	350	0.759	promoter
PEAK_0090	400	0.844	promoter
PEAK_0090	450	0.232	promoter
PEAK_0090	500	0.26	promoter
PEAK_0090	550	0.204	promoter
PEAK_0090	600	0.019	promoter
PEAK_0090	650	0.0	promoter
PEAK_0090	700	0.033	promoter
PEAK_0090	750	0.012	promoter
PEAK_0090	800	0.045	promoter
PEAK_0090	850	0.505	promoter
PEAK_0090	900	0.641	promoter
PEAK_0090	950	0.198	promoter
PEAK_0090	1000	0.283	promoter
PEAK_0091	-1000	0.024	promoter
PEAK_0091	-950	0.398	promoter
PEAK_0091	-900	0.0	promoter
PEAK_0091	-850	0.362	promoter
PEAK_0091	-800	0.002	promoter
PEAK_0091	-750	0.272	promoter
PEAK_0091	-700	0.045	promoter
PEAK_0091	-650	0.226	promoter
PEAK_0091	-600	0.0	promoter
PEAK_0091	-550	0.109	promoter
PEAK_0091	-500	0.863	promoter
PEAK_0091	-450	0.0	promoter
PEAK_0091	-400	0.646	promoter
PEAK_0091	-350	0.71	promoter
PEAK_0091	-300	0.997	promoter
PEAK_0091	-250	2.351	promoter
PEAK_0091	-200	3.632	promoter
PEAK_0091	-150	5.103	promoter
PEAK_0091	-100	6.897	promoter
PEAK_0091	-50	6.933	promoter
PEAK_0091	0	7.408	promoter
PEAK_0091	50	7.324	promoter
PEAK_0091	100	6.286	promoter
PEAK_0091	150	5.073	promoter
PEAK_0091	200	3.903	promoter
PEAK_0091	250	3.073	promoter
PEAK_0091	300	1.808	promoter
PEAK_0091	350	1.225	promoter
PEAK_0091	400	0.584	promoter
PEAK_0091	450	0.293	promoter
PEAK_0091	500	0.579	promoter
PEAK_0091	550	0.0	promoter
PEAK_0091	600	0.447	promoter
PEAK_0091	650	0.087	promoter
PEAK_0091	700	0.0	promoter
PEAK_0091	750	0.626	promoter
PEAK_0091	800	0.509	promoter
PEAK_0091	850	0.5	promoter
PEAK_0091	900	0.353	promoter
PEAK_0091	950	0.263	promoter
PEAK_0091	1000	0.383	promoter
PEAK_0092	-1000	0.282	enhancer
PEAK_0092	-950	0.464	enhancer
PEAK_0092	-900	0.366	enhancer
PEAK_0092	-850	0.343	enhancer
PEAK_0092	-800	0.28	enhancer
PEAK_0092	-750	0.908	enhancer
PEAK_0092	-700	0.552	enhancer
PEAK_0092	-650	1.051	enhancer
PEAK_0092	-600	1.168	enhancer
PEAK_0092	-550	1.446	enhancer
PEAK_0092	-500	1.603	enhancer
PEAK_0092	-450	2.012	enhancer
PEAK_0092	-400	1.995	enhancer
PEAK_0092	-350	2.959	enhancer
PEAK_0092	-300	3.027	enhancer
PEAK_0092	-250	3.729	enhancer
PEAK_0092	-200	3.579	enhancer
PEAK_0092	-150	3.505	enhancer
PEAK_0092	-100	4.147	enhancer
PEAK_0092	-50	3.745	enhancer
PEAK_0092	0	4.183	enhancer
PEAK_0092	50	5.137	enhancer
PEAK_0092	100	4.417	enhancer
PEAK_0092	150	3.545	enhancer
PEAK_0092	200	3.091	enhancer
PEAK_0092	250	2.643	enhancer
PEAK_0092	300	2.499	enhancer
PEAK_0092	350	2.037	enhancer
PEAK_0092	400	1.112	enhancer
PEAK_0092	450	0.67	enhancer
PEAK_0092	500	0.773	enhancer
PEAK_0092	550	0.739	enhancer
PEAK_0092	600	1.097	enhancer
PEAK_0092	650	0.856	enhancer
PEAK_0092	700	0.664	enhancer
PEAK_0092	750	0.483	enhancer
PEAK_0092	800	0.311	enhancer
PEAK_0092	850	0.538	enhancer
PEAK_0092	900	0.334	enhancer
PEAK_0092	950	0.387	enhancer
PEAK_0092	1000	0.588	enhancer
PEAK_0093	-1000	0.442	promoter
PEAK_0093	-950	0.287	promoter
PEAK_0093	-900	0.396	promoter
PEAK_0093	-850	0.548	promoter
PEAK_0093	-800	0.0	promoter
PEAK_0093	-750	0.124	promoter
PEAK_0093	-700	0.47	promoter
PEAK_0093	-650	0.0	promoter
PEAK_0093	-600	0.0	promoter
PEAK_0093	-550	0.228	promoter
PEAK_0093	-500	0.219	promoter
PEAK_0093	-450	0.0	promoter
PEAK_0093	-400	0.465	promoter
PEAK_0093	-350	0.808	promoter
PEAK_0093	-300	1.283	promoter
PEAK_0093	-250	1.775	promoter
PEAK_0093	-200	2.596	promoter
PEAK_0093	-150	3.916	promoter
PEAK_0093	-100	4.385	promoter
PEAK_0093	-50	6.065	promoter
PEAK_0093	0	6.605	promoter
PEAK_0093	50	5.368	promoter
PEAK_0093	100	5.289	promoter
PEAK_0093	150	4.439	promoter
PEAK_0093	200	3.07	promoter
PEAK_0093	250	1.69	promoter
PEAK_0093	300	1.799	promoter
PEAK_0093	350	1.064	promoter
PEAK_0093	400	0.296	promoter
PEAK_0093	450	0.19	promoter
PEAK_0093	500	0.333	promoter
PEAK_0093	550	0.285	promoter
PEAK_0093	600	0.228	promoter
PEAK_0093	650	0.16	promoter
PEAK_0093	700	0.297	promoter
PEAK_0093	750	0.0	promoter
PEAK_0093	800	0.0	promoter
PEAK_0093	850	0.599	promoter
PEAK_0093	900	0.056	promoter
PEAK_0093	950	0.46	promoter
PEAK_0093	1000	0.264	promoter
PEAK_0094	-1000	0.114	enhancer
PEAK_0094	-950	0.72	enhancer
PEAK_0094	-900	0.069	enhancer
PEAK_0094	-850	0.788	enhancer
PEAK_0094	-800	0.767	enhancer
PEAK_0094	-750	0.63	enhancer
PEAK_0094	-700	0.709	enhancer
PEAK_0094	-650	0.709	enhancer
PEAK_0094	-600	1.346	enhancer
PEAK_0094	-550	2.173	enhancer
PEAK_0094	-500	1.728	enhancer
PEAK_0094	-450	2.09	enhancer
PEAK_0094	-400	2.599	enhancer
PEAK_0094	-350	3.203	enhancer
PEAK_0094	-300	3.52	enhancer
PEAK_0094	-250	4.413	enhancer
PEAK_0094	-200	4.401	enhancer
PEAK_0094	-150	4.129	enhancer
PEAK_0094	-100	4.934	enhancer
PEAK_0094	-50	5.255	enhancer
PEAK_0094	0	4.218	enhancer
PEAK_0094	50	5.256	enhancer
PEAK_0094	100	5.182	enhancer
PEAK_0094	150	5.382	enhancer
PEAK_0094	200	5.004	enhancer
PEAK_0094	250	4.666	enhancer
PEAK_0094	300	3.695	enhancer
PEAK_0094	350	3.815	enhancer
PEAK_0094	400	2.989	enhancer
PEAK_0094	450	2.798	enhancer
PEAK_0094	500	2.001	enhancer
PEAK_0094	550	2.174	enhancer
PEAK_0094	600	1.4	enhancer
PEAK_0094	650	1.883	enhancer
PEAK_0094	700	0.837	enhancer
PEAK_0094	750	0.541	enhancer
PEAK_0094	800	1.082	enhancer
PEAK_0094	850	0.491	enhancer
PEAK_0094	900	0.425	enhancer
PEAK_0094	950	1.07	enhancer
PEAK_0094	1000	0.707	enhancer
PEAK_0095	-1000	0.081	promoter
PEAK_0095	-950	0.284	promoter
PEAK_0095	-900	0.495	promoter
PEAK_0095	-850	0.0	promoter
PEAK_0095	-800	0.696	promoter
PEAK_0095	-750	0.269	promoter
PEAK_0095	-700	0.527	promoter
PEAK_0095	-650	0.138	promoter
PEAK_0095	-600	0.056	promoter
PEAK_0095	-550	0.472	promoter
PEAK_0095	-500	0.389	promoter
PEAK_0095	-450	0.151	promoter
PEAK_0095	-400	0.277	promoter
PEAK_0095	-350	0.015	promoter
PEAK_0095	-300	0.499	promoter
PEAK_0095	-250	1.112	promoter
PEAK_0095	-200	2.56	promoter
PEAK_0095	-150	3.561	promoter
PEAK_0095	-100	4.814	promoter
PEAK_0095	-50	5.486	promoter
PEAK_0095	0	6.528	promoter
PEAK_0095	50	5.695	promoter
PEAK_0095	100	4.579	promoter
PEAK_0095	150	3.561	promoter
PEAK_0095	200	3.519	promoter
PEAK_0095	250	1.845	promoter
PEAK_0095	300	1.159	promoter
PEAK_0095	350	0.569	promoter
PEAK_0095	400	0.251	promoter
PEAK_0095	450	0.458	promoter
PEAK_0095	500	0.344	promoter
PEAK_0095	550	0.252	promoter
PEAK_0095	600	0.354	promoter
PEAK_0095	650	0.379	promoter
PEAK_0095	700	0.506	promoter
PEAK_0095	750	0.076	promoter
PEAK_0095	800	0.169	promoter
PEAK_0095	850	0.327	promoter
PEAK_0095	900	0.0	promoter
PEAK_0095	950	0.099	promoter
PEAK_0095	1000	0.629	promoter
PEAK_0096	-1000	0.214	promoter
PEAK_0096	-950	0.242	promoter
PEAK_0096	-900	0.117	promoter
PEAK_0096	-850	0.266	promoter
PEAK_0096	-800	0.572	promoter
PEAK_0096	-750	0.042	promoter
PEAK_0096	-700	0.035	promoter
PEAK_0096	-650	0.426	promoter
PEAK_0096	-600	0.337	promoter
PEAK_0096	-550	0.0	promoter
PEAK_0096	-500	0.402	promoter
PEAK_0096	-450	0.418	promoter
PEAK_0096	-400	0.488	promoter
PEAK_0096	-350	1.03	promoter
PEAK_0096	-300	2.085	promoter
PEAK_0096	-250	4.216	promoter
PEAK_0096	-200	5.111	promoter
PEAK_0096	-150	8.889	promoter
PEAK_0096	-100	12.808	promoter
PEAK_0096	-50	11.614	promoter
PEAK_0096	0	16.065	promoter
PEAK_0096	50	13.587	promoter
PEAK_0096	100	11.382	promoter
PEAK_0096	150	7.445	promoter
PEAK_0096	200	5.528	promoter
PEAK_0096	250	3.28	promoter
PEAK_0096	300	1.854	promoter
PEAK_0096	350	1.584	promoter
PEAK_0096	400	0.0	promoter
PEAK_0096	450	0.284	promoter
PEAK_0096	500	0.431	promoter
PEAK_0096	550	0.163	promoter
PEAK_0096	600	0.058	promoter
PEAK_0096	650	0.233	promoter
PEAK_0096	700	0.303	promoter
PEAK_0096	750	0.481	promoter
PEAK_0096	800	0.0	promoter
PEAK_0096	850	0.191	promoter
PEAK_0096	900	0.0	promoter
PEAK_0096	950	0.543	promoter
PEAK_0096	1000	0.22	promoter
PEAK_0097	-1000	0.209	promoter
PEAK_0097	-950	0.247	promoter
PEAK_0097	-900	0.138	promoter
PEAK_0097	-850	0.377	promoter
PEAK_0097	-800	0.303	promoter
PEAK_0097	-750	0.328	promoter
PEAK_0097	-700	0.459	promoter
PEAK_0097	-650	0.0	promoter
PEAK_0097	-600	0.48	promoter
PEAK_0097	-550	0.265	promoter
PEAK_0097	-500	0.245	promoter
PEAK_0097	-450	0.469	promoter
PEAK_0097	-400	0.587	promoter
PEAK_0097	-350	1.23	promoter
PEAK_0097	-300	2.874	promoter
PEAK_0097	-250	5.377	promoter
PEAK_0097	-200	7.92	promoter
PEAK_0097	-150	11.825	promoter
PEAK_0097	-100	13.859	promoter
PEAK_0097	-50	15.801	promoter
PEAK_0097	0	15.989	promoter
PEAK_0097	50	15.277	promoter
PEAK_0097	100	13.173	promoter
PEAK_0097	150	9.247	promoter
PEAK_0097	200	8.246	promoter
PEAK_0097	250	5.431	promoter
PEAK_0097	300	3.028	promoter
PEAK_0097	350	1.247	promoter
PEAK_0097	400	0.948	promoter
PEAK_0097	450	0.045	promoter
PEAK_0097	500	0.466	promoter
PEAK_0097	550	0.656	promoter
PEAK_0097	600	0.313	promoter
PEAK_0097	650	0.137	promoter
PEAK_0097	700	0.181	promoter
PEAK_0097	750	0.602	promoter
PEAK_0097	800	0.224	promoter
PEAK_0097	850	0.124	promoter
PEAK_0097	900	0.048	promoter
PEAK_0097	950	0.339	promoter
PEAK_0097	1000	0.056	promoter
PEAK_0098	-1000	0.593	background
PEAK_0098	-950	0.841	background
PEAK_0098	-900	1.064	background
PEAK_0098	-850	0.675	background
PEAK_0098	-800	0.757	background
PEAK_0098	-750	0.735	background
PEAK_0098	-700	0.802	background
PEAK_0098	-650	0.488	background
PEAK_0098	-600	0.695	background
PEAK_0098	-550	0.641	background
PEAK_0098	-500	1.048	background
PEAK_0098	-450	0.903	background
PEAK_0098	-400	0.317	background
PEAK_0098	-350	0.67	background
PEAK_0098	-300	1.061	background
PEAK_0098	-250	1.047	background
PEAK_0098	-200	1.106	background
PEAK_0098	-150	0.724	background
PEAK_0098	-100	0.806	background
PEAK_0098	-50	1.17	background
PEAK_0098	0	0.998	background
PEAK_0098	50	1.479	background
PEAK_0098	100	1.097	background
PEAK_0098	150	1.384	background
PEAK_0098	200	1.319	background
PEAK_0098	250	0.564	background
PEAK_0098	300	0.635	background
PEAK_0098	350	1.215	background
PEAK_0098	400	0.642	background
PEAK_0098	450	0.446	background
PEAK_0098	500	0.689	background
PEAK_0098	550	1.321	background
PEAK_0098	600	0.542	background
PEAK_0098	650	0.84	background
PEAK_0098	700	0.886	background
PEAK_0098	750	0.539	background
PEAK_0098	800	0.129	background
PEAK_0098	850	0.56	background
PEAK_0098	900	1.079	background
PEAK_0098	950	0.652	background
PEAK_0098	1000	0.215	background
PEAK_0099	-1000	0.874	background
PEAK_0099	-950	0.673	background
PEAK_0099	-900	0.774	background
PEAK_0099	-850	0.654	background
PEAK_0099	-800	0.427	background
PEAK_0099	-750	1.056	background
PEAK_0099	-700	1.245	background
PEAK_0099	-650	0.769	background
PEAK_0099	-600	0.988	background
PEAK_0099	-550	0.99	background
PEAK_0099	-500	0.901	background
PEAK_0099	-450	0.785	background
PEAK_0099	-400	1.028	background
PEAK_0099	-350	1.185	background
PEAK_0099	-300	1.243	background
PEAK_0099	-250	1.259	background
PEAK_0099	-200	1.349	background
PEAK_0099	-150	1.061	background
PEAK_0099	-100	1.54	background
PEAK_0099	-50	1.303	background
PEAK_0099	0	1.317	background
PEAK_0099	50	0.356	background
PEAK_0099	100	1.005	background
PEAK_0099	150	1.203	background
PEAK_0099	200	1.259	background
PEAK_0099	250	1.089	background
PEAK_0099	300	1.142	background
PEAK_0099	350	1.221	background
PEAK_0099	400	0.593	background
PEAK_0099	450	1.091	background
PEAK_0099	500	0.789	background
PEAK_0099	550	1.361	background
PEAK_0099	600	0.982	background
PEAK_0099	650	0.783	background
PEAK_0099	700	0.809	background
PEAK_0099	750	0.634	background
PEAK_0099	800	0.857	background
PEAK_0099	850	0.728	background
PEAK_0099	900	0.415	background
PEAK_0099	950	0.986	background
PEAK_0099	1000	1.005	background
PEAK_0100	-1000	1.328	enhancer
PEAK_0100	-950	1.264	enhancer
PEAK_0100	-900	1.526	enhancer
PEAK_0100	-850	1.304	enhancer
PEAK_0100	-800	1.733	enhancer
PEAK_0100	-750	1.5	enhancer
PEAK_0100	-700	1.827	enhancer
PEAK_0100	-650	2.327	enhancer
PEAK_0100	-600	2.893	enhancer
PEAK_0100	-550	1.59	enhancer
PEAK_0100	-500	2.406	enhancer
PEAK_0100	-450	3.237	enhancer
PEAK_0100	-400	2.629	enhancer
PEAK_0100	-350	2.727	enhancer
PEAK_0100	-300	3.164	enhancer
PEAK_0100	-250	3.7	enhancer
PEAK_0100	-200	2.815	enhancer
PEAK_0100	-150	3.388	enhancer
PEAK_0100	-100	2.962	enhancer
PEAK_0100	-50	2.874	enhancer
PEAK_0100	0	2.029	enhancer
PEAK_0100	50	3.086	enhancer
PEAK_0100	100	2.516	enhancer
PEAK_0100	150	3.208	enhancer
PEAK_0100	200	1.847	enhancer
PEAK_0100	250	1.8	enhancer
PEAK_0100	300	1.597	enhancer
PEAK_0100	350	2.092	enhancer
PEAK_0100	400	1.097	enhancer
PEAK_0100	450	0.658	enhancer
PEAK_0100	500	1.174	enhancer
PEAK_0100	550	0.964	enhancer
PEAK_0100	600	1.39	enhancer
PEAK_0100	650	0.602	enhancer
PEAK_0100	700	0.341	enhancer
PEAK_0100	750	0.0	enhancer
PEAK_0100	800	0.575	enhancer
PEAK_0100	850	0.579	enhancer
PEAK_0100	900	0.511	enhancer
PEAK_0100	950	0.266	enhancer
PEAK_0100	1000	0.346	enhancer
PEAK_0101	-1000	0.849	background
PEAK_0101	-950	0.197	background
PEAK_0101	-900	0.629	background
PEAK_0101	-850	0.795	background
PEAK_0101	-800	0.551	background
PEAK_0101	-750	0.495	background
PEAK_0101	-700	0.512	background
PEAK_0101	-650	1.233	background
PEAK_0101	-600	0.829	background
PEAK_0101	-550	1.006	background
PEAK_0101	-500	1.113	background
PEAK_0101	-450	1.162	background
PEAK_0101	-400	1.052	background
PEAK_0101	-350	1.17	background
PEAK_0101	-300	1.112	background
PEAK_0101	-250	0.575	background
PEAK_0101	-200	0.68	background
PEAK_0101	-150	0.771	background
PEAK_0101	-100	0.9	background
PEAK_0101	-50	0.793	background
PEAK_0101	0	0.596	background
PEAK_0101	50	0.787	background
PEAK_0101	100	0.997	background
PEAK_0101	150	0.644	background
PEAK_0101	200	0.536	background
PEAK_0101	250	1.314	background
PEAK_0101	300	0.343	background
PEAK_0101	350	0.92	background
PEAK_0101	400	0.633	background
PEAK_0101	450	0.53	background
PEAK_0101	500	0.912	background
PEAK_0101	550	1.033	background
PEAK_0101	600	0.927	background
PEAK_0101	650	1.182	background
PEAK_0101	700	0.747	background
PEAK_0101	750	0.99	background
PEAK_0101	800	1.057	background
PEAK_0101	850	0.917	background
PEAK_0101	900	0.601	background
PEAK_0101	950	0.874	background
PEAK_0101	1000	1.071	background
PEAK_0102	-1000	0.087	enhancer
PEAK_0102	-950	0.327	enhancer
PEAK_0102	-900	0.377	enhancer
PEAK_0102	-850	0.381	enhancer
PEAK_0102	-800	0.978	enhancer
PEAK_0102	-750	0.864	enhancer
PEAK_0102	-700	1.192	enhancer
PEAK_0102	-650	1.239	enhancer
PEAK_0102	-600	0.738	enhancer
PEAK_0102	-550	1.138	enhancer
PEAK_0102	-500	1.796	enhancer
PEAK_0102	-450	1.696	enhancer
PEAK_0102	-400	2.386	enhancer
PEAK_0102	-350	2.677	enhancer
PEAK_0102	-300	2.58	enhancer
PEAK_0102	-250	2.305	enhancer
PEAK_0102	-200	3.122	enhancer
PEAK_0102	-150	2.324	enhancer
PEAK_0102	-100	2.467	enhancer
PEAK_0102	-50	2.466	enhancer
PEAK_0102	0	3.142	enhancer
PEAK_0102	50	2.766	enhancer
PEAK_0102	100	2.524	enhancer
PEAK_0102	150	2.872	enhancer
PEAK_0102	200	2.714	enhancer
PEAK_0102	250	1.765	enhancer
PEAK_0102	300	2.291	enhancer
PEAK_0102	350	2.063	enhancer
PEAK_0102	400	1.294	enhancer
PEAK_0102	450	1.873	enhancer
PEAK_0102	500	1.533	enhancer
PEAK_0102	550	1.291	enhancer
PEAK_0102	600	1.367	enhancer
PEAK_0102	650	1.003	enhancer
PEAK_0102	700	0.835	enhancer
PEAK_0102	750	1.115	enhancer
PEAK_0102	800	0.844	enhancer
PEAK_0102	850	0.51	enhancer
PEAK_0102	900	0.264	enhancer
PEAK_0102	950	0.378	enhancer
PEAK_0102	1000	0.034	enhancer
PEAK_0103	-1000	0.251	promoter
PEAK_0103	-950	0.083	promoter
PEAK_0103	-900	0.108	promoter
PEAK_0103	-850	0.285	promoter
PEAK_0103	-800	0.195	promoter
PEAK_0103	-750	0.37	promoter
PEAK_0103	-700	0.327	promoter
PEAK_0103	-650	0.109	promoter
PEAK_0103	-600	0.053	promoter
PEAK_0103	-550	0.052	promoter
PEAK_0103	-500	0.132	promoter
PEAK_0103	-450	0.361	promoter
PEAK_0103	-400	0.751	promoter
PEAK_0103	-350	0.995	promoter
PEAK_0103	-300	2.036	promoter
PEAK_0103	-250	2.729	promoter
PEAK_0103	-200	4.897	promoter
PEAK_0103	-150	7.499	promoter
PEAK_0103	-100	8.633	promoter
PEAK_0103	-50	10.585	promoter
PEAK_0103	0	11.145	promoter
PEAK_0103	50	9.512	promoter
PEAK_0103	100	9.138	promoter
PEAK_0103	150	6.215	promoter
PEAK_0103	200	5.09	promoter
PEAK_0103	250	3.093	promoter
PEAK_0103	300	2.422	promoter
PEAK_0103	350	1.297	promoter
PEAK_0103	400	0.546	promoter
PEAK_0103	450	0.065	promoter
PEAK_0103	500	0.071	promoter
PEAK_0103	550	0.329	promoter
PEAK_0103	600	0.22	promoter
PEAK_0103	650	0.294	promoter
PEAK_0103	700	0.49	promoter
PEAK_0103	750	0.296	promoter
PEAK_0103	800	0.314	promoter
PEAK_0103	850	0.0	promoter
PEAK_0103	900	0.282	promoter
PEAK_0103	950	0.302	promoter
PEAK_0103	1000	0.369	promoter
PEAK_0104	-1000	0.463	enhancer
PEAK_0104	-950	0.791	enhancer
PEAK_0104	-900	1.049	enhancer
PEAK_0104	-850	1.35	enhancer
PEAK_0104	-800	0.869	enhancer
PEAK_0104	-750	1.691	enhancer
PEAK_0104	-700	1.021	enhancer
PEAK_0104	-650	1.569	enhancer
PEAK_0104	-600	2.044	enhancer
PEAK_0104	-550	2.57	enhancer
PEAK_0104	-500	2.734	enhancer
PEAK_0104	-450	3.293	enhancer
PEAK_0104	-400	3.964	enhancer
PEAK_0104	-350	3.072	enhancer
PEAK_0104	-300	3.447	enhancer
PEAK_0104	-250	4.4	enhancer
PEAK_0104	-200	4.241	enhancer
PEAK_0104	-150	4.345	enhancer
PEAK_0104	-100	5.168	enhancer
PEAK_0104	-50	3.916	enhancer
PEAK_0104	0	4.224	enhancer
PEAK_0104	50	5.858	enhancer
PEAK_0104	100	5.219	enhancer
PEAK_0104	150	4.718	enhancer
PEAK_0104	200	3.935	enhancer
PEAK_0104	250	4.539	enhancer
PEAK_0104	300	3.622	enhancer
PEAK_0104	350	3.994	enhancer
PEAK_0104	400	3.389	enhancer
PEAK_0104	450	3.523	enhancer
PEAK_0104	500	3.495	enhancer
PEAK_0104	550	3.025	enhancer
PEAK_0104	600	1.997	enhancer
PEAK_0104	650	1.894	enhancer
PEAK_0104	700	1.258	enhancer
PEAK_0104	750	1.216	enhancer
PEAK_0104	800	0.994	enhancer
PEAK_0104	850	0.935	enhancer
PEAK_0104	900	1.44	enhancer
PEAK_0104	950	0.852	enhancer
PEAK_0104	1000	0.951	enhancer
PEAK_0105	-1000	0.706	enhancer
PEAK_0105	-950	0.654	enhancer
PEAK_0105	-900	0.758	enhancer
PEAK_0105	-850	1.321	enhancer
PEAK_0105	-800	1.486	enhancer
PEAK_0105	-750	1.605	enhancer
PEAK_0105	-700	1.956	enhancer
PEAK_0105	-650	1.996	enhancer
PEAK_0105	-600	3.26	enhancer
PEAK_0105	-550	2.012	enhancer
PEAK_0105	-500	4.124	enhancer
PEAK_0105	-450	3.904	enhancer
PEAK_0105	-400	3.832	enhancer
PEAK_0105	-350	4.857	enhancer
PEAK_0105	-300	5.063	enhancer
PEAK_0105	-250	4.009	enhancer
PEAK_0105	-200	5.649	enhancer
PEAK_0105	-150	7.777	enhancer
PEAK_0105	-100	5.915	enhancer
PEAK_0105	-50	6.018	enhancer
PEAK_0105	0	5.697	enhancer
PEAK_0105	50	5.683	enhancer
PEAK_0105	100	5.847	enhancer
PEAK_0105	150	5.98	enhancer
PEAK_0105	200	4.634	enhancer
PEAK_0105	250	5.123	enhancer
PEAK_0105	300	4.43	enhancer
PEAK_0105	350	4.715	enhancer
PEAK_0105	400	4.134	enhancer
PEAK_0105	450	3.141	enhancer
PEAK_0105	500	3.033	enhancer
PEAK_0105	550	2.586	enhancer
PEAK_0105	600	2.107	enhancer
PEAK_0105	650	2.453	enhancer
PEAK_0105	700	2.03	enhancer
PEAK_0105	750	0.903	enhancer
PEAK_0105	800	1.186	enhancer
PEAK_0105	850	1.155	enhancer
PEAK_0105	900	0.963	enhancer
PEAK_0105	950	1.089	enhancer
PEAK_0105	1000	0.315	enhancer
PEAK_0106	-1000	0.362	promoter
PEAK_0106	-950	0.246	promoter
PEAK_0106	-900	0.47	promoter
PEAK_0106	-850	0.28	promoter
PEAK_0106	-800	0.064	promoter
PEAK_0106	-750	0.282	promoter
PEAK_0106	-700	0.546	promoter
PEAK_0106	-650	0.518	promoter
PEAK_0106	-600	0.605	promoter
PEAK_0106	-550	0.0	promoter
PEAK_0106	-500	0.095	promoter
PEAK_0106	-450	0.517	promoter
PEAK_0106	-400	0.77	promoter
PEAK_0106	-350	0.969	promoter
PEAK_0106	-300	1.296	promoter
PEAK_0106	-250	1.524	promoter
PEAK_0106	-200	3.152	promoter
PEAK_0106	-150	4.627	promoter
PEAK_0106	-100	6.716	promoter
PEAK_0106	-50	6.845	promoter
PEAK_0106	0	7.82	promoter
PEAK_0106	50	6.551	promoter
PEAK_0106	100	6.17	promoter
PEAK_0106	150	5.016	promoter
PEAK_0106	200	3.576	promoter
PEAK_0106	250	2.635	promoter
PEAK_0106	300	1.607	promoter
PEAK_0106	350	0.439	promoter
PEAK_0106	400	0.137	promoter
PEAK_0106	450	0.524	promoter
PEAK_0106	500	0.233	promoter
PEAK_0106	550	0.678	promoter
PEAK_0106	600	0.109	promoter
PEAK_0106	650	0.004	promoter
PEAK_0106	700	0.689	promoter
PEAK_0106	750	0.277	promoter
PEAK_0106	800	0.0	promoter
PEAK_0106	850	0.316	promoter
PEAK_0106	900	0.182	promoter
PEAK_0106	950	0.489	promoter
PEAK_0106	1000	0.229	promoter
PEAK_0107	-1000	0.824	enhancer
PEAK_0107	-950	0.657	enhancer
PEAK_0107	-900	1.205	enhancer
PEAK_0107	-850	0.875	enhancer
PEAK_0107	-800	1.31	enhancer
PEAK_0107	-750	1.92	enhancer
PEAK_0107	-700	2.2	enhancer
PEAK_0107	-650	2.52	enhancer
PEAK_0107	-600	2.718	enhancer
PEAK_0107	-550	2.358	enhancer
PEAK_0107	-500	3.833	enhancer
PEAK_0107	-450	3.278	enhancer
PEAK_0107	-400	3.799	enhancer
PEAK_0107	-350	3.509	enhancer
PEAK_0107	-300	3.494	enhancer
PEAK_0107	-250	3.708	enhancer
PEAK_0107	-200	5.231	enhancer
PEAK_0107	-150	3.754	enhancer
PEAK_0107	-100	4.589	enhancer
PEAK_0107	-50	4.483	enhancer
PEAK_0107	0	5.006	enhancer
PEAK_0107	50	3.994	enhancer
PEAK_0107	100	4.765	enhancer
PEAK_0107	150	4.917	enhancer
PEAK_0107	200	3.077	enhancer
PEAK_0107	250	3.699	enhancer
PEAK_0107	300	4.059	enhancer
PEAK_0107	350	3.58	enhancer
PEAK_0107	400	3.385	enhancer
PEAK_0107	450	3.552	enhancer
PEAK_0107	500	2.941	enhancer
PEAK_0107	550	1.991	enhancer
PEAK_0107	600	2.101	enhancer
PEAK_0107	650	2.187	enhancer
PEAK_0107	700	2.825	enhancer
PEAK_0107	750	1.406	enhancer
PEAK_0107	800	1.18	enhancer
PEAK_0107	850	0.984	enhancer
PEAK_0107	900	1.377	enhancer
PEAK_0107	950	1.193	enhancer
PEAK_0107	1000	0.591	enhancer
PEAK_0108	-1000	0.556	promoter
PEAK_0108	-950	0.0	promoter
PEAK_0108	-900	0.588	promoter
PEAK_0108	-850	0.0	promoter
PEAK_0108	-800	0.0	promoter
PEAK_0108	-750	0.0	promoter
PEAK_0108	-700	0.018	promoter
PEAK_0108	-650	0.346	promoter
PEAK_0108	-600	0.369	promoter
PEAK_0108	-550	0.402	promoter
PEAK_0108	-500	0.318	promoter
PEAK_0108	-450	0.309	promoter
PEAK_0108	-400	0.387	promoter
PEAK_0108	-350	1.138	promoter
PEAK_0108	-300	1.952	promoter
PEAK_0108	-250	3.585	promoter
PEAK_0108	-200	5.498	promoter
PEAK_0108	-150	7.36	promoter
PEAK_0108	-100	7.961	promoter
PEAK_0108	-50	9.171	promoter
PEAK_0108	0	9.885	promoter
PEAK_0108	50	9.041	promoter
PEAK_0108	100	8.16	promoter
PEAK_0108	150	6.749	promoter
PEAK_0108	200	4.577	promoter
PEAK_0108	250	3.677	promoter
PEAK_0108	300	2.201	promoter
PEAK_0108	350	0.305	promoter
PEAK_0108	400	0.484	promoter
PEAK_0108	450	0.49	promoter
PEAK_0108	500	0.375	promoter
PEAK_0108	550	0.169	promoter
PEAK_0108	600	0.148	promoter
PEAK_0108	650	0.213	promoter
PEAK_0108	700	0.181	promoter
PEAK_0108	750	0.253	promoter
PEAK_0108	800	0.087	promoter
PEAK_0108	850	0.014	promoter
PEAK_0108	900	0.136	promoter
PEAK_0108	950	0.0	promoter
PEAK_0108	1000	0.005	promoter
PEAK_0109	-1000	0.613	enhancer
PEAK_0109	-950	1.219	enhancer
PEAK_0109	-900	1.262	enhancer
PEAK_0109	-850	1.344	enhancer
PEAK_0109	-800	1.421	enhancer
PEAK_0109	-750	2.2	enhancer
PEAK_0109	-700	1.908	enhancer
PEAK_0109	-650	2.456	enhancer
PEAK_0109	-600	2.895	enhancer
PEAK_0109	-550	3.742	enhancer
PEAK_0109	-500	4.947	enhancer
PEAK_0109	-450	4.049	enhancer
PEAK_0109	-400	5.071	enhancer
PEAK_0109	-350	4.24	enhancer
PEAK_0109	-300	6.26	enhancer
PEAK_0109	-250	6.493	enhancer
PEAK_0109	-200	7.4	enhancer
PEAK_0109	-150	7.795	enhancer
PEAK_0109	-100	9.176	enhancer
PEAK_0109	-50	7.331	enhancer
PEAK_0109	0	7.47	enhancer
PEAK_0109	50	9.215	enhancer
PEAK_0109	100	8.799	enhancer
PEAK_0109	150	8.197	enhancer
PEAK_0109	200	8.196	enhancer
PEAK_0109	250	7.078	enhancer
PEAK_0109	300	7.079	enhancer
PEAK_0109	350	7.168	enhancer
PEAK_0109	400	5.165	enhancer
PEAK_0109	450	6.14	enhancer
PEAK_0109	500	4.859	enhancer
PEAK_0109	550	4.306	enhancer
PEAK_0109	600	3.815	enhancer
PEAK_0109	650	4.066	enhancer
PEAK_0109	700	3.061	enhancer
PEAK_0109	750	2.878	enhancer
PEAK_0109	800	1.954	enhancer
PEAK_0109	850	1.613	enhancer
PEAK_0109	900	1.588	enhancer
PEAK_0109	950	1.835	enhancer
PEAK_0109	1000	0.606	enhancer
PEAK_0110	-1000	0.453	promoter
PEAK_0110	-950	0.061	promoter
PEAK_0110	-900	0.0	promoter
PEAK_0110	-850	0.157	promoter
PEAK_0110	-800	0.537	promoter
PEAK_0110	-750	0.194	promoter
PEAK_0110	-700	0.0	promoter
PEAK_0110	-650	0.45	promoter
PEAK_0110	-600	0.204	promoter
PEAK_0110	-550	0.76	promoter
PEAK_0110	-500	0.257	promoter
PEAK_0110	-450	0.77	promoter
PEAK_0110	-400	0.46	promoter
PEAK_0110	-350	1.423	promoter
PEAK_0110	-300	2.728	promoter
PEAK_0110	-250	5.188	promoter
PEAK_0110	-200	6.831	promoter
PEAK_0110	-150	10.191	promoter
PEAK_0110	-100	11.953	promoter
PEAK_0110	-50	13.741	promoter
PEAK_0110	0	13.865	promoter
PEAK_0110	50	12.891	promoter
PEAK_0110	100	11.781	promoter
PEAK_0110	150	10.402	promoter
PEAK_0110	200	7.638	promoter
PEAK_0110	250	4.979	promoter
PEAK_0110	300	2.824	promoter
PEAK_0110	350	1.651	promoter
PEAK_0110	400	0.465	promoter
PEAK_0110	450	0.0	promoter
PEAK_0110	500	0.09	promoter
PEAK_0110	550	0.009	promoter
PEAK_0110	600	0.363	promoter
PEAK_0110	650	0.381	promoter
PEAK_0110	700	0.11	promoter
PEAK_0110	750	0.206	promoter
PEAK_0110	800	0.41	promoter
PEAK_0110	850	0.523	promoter
PEAK_0110	900	0.086	promoter
PEAK_0110	950	0.489	promoter
PEAK_0110	1000	0.148	promoter
PEAK_0111	-1000	0.0	promoter
PEAK_0111	-950	0.492	promoter
PEAK_0111	-900	0.575	promoter
PEAK_0111	-850	0.177	promoter
PEAK_0111	-800	0.0	promoter
PEAK_0111	-750	0.364	promoter
PEAK_0111	-700	0.286	promoter
PEAK_0111	-650	0.67	promoter
PEAK_0111	-600	0.547	promoter
PEAK_0111	-550	0.144	promoter
PEAK_0111	-500	0.701	promoter
PEAK_0111	-450	0.398	promoter
PEAK_0111	-400	1.571	promoter
PEAK_0111	-350	2.496	promoter
PEAK_0111	-300	3.477	promoter
PEAK_0111	-250	5.85	promoter
PEAK_0111	-200	6.939	promoter
PEAK_0111	-150	10.81	promoter
PEAK_0111	-100	11.999	promoter
PEAK_0111	-50	12.864	promoter
PEAK_0111	0	13.364	promoter
PEAK_0111	50	13.625	promoter
PEAK_0111	100	11.284	promoter
PEAK_0111	150	8.519	promoter
PEAK_0111	200	8.297	promoter
PEAK_0111	250	4.995	promoter
PEAK_0111	300	3.916	promoter
PEAK_0111	350	1.924	promoter
PEAK_0111	400	0.766	promoter
PEAK_0111	450	0.629	promoter
PEAK_0111	500	0.487	promoter
PEAK_0111	550	0.699	promoter
PEAK_0111	600	0.333	promoter
PEAK_0111	650	0.427	promoter
PEAK_0111	700	0.613	promoter
PEAK_0111	750	0.266	promoter
PEAK_0111	800	0.117	promoter
PEAK_0111	850	0.225	promoter
PEAK_0111	900	0.246	promoter
PEAK_0111	950	0.319	promoter
PEAK_0111	1000	0.082	promoter
PEAK_0112	-1000	0.463	enhancer
PEAK_0112	-950	0.658	enhancer
PEAK_0112	-900	0.283	enhancer
PEAK_0112	-850	1.038	enhancer
PEAK_0112	-800	1.066	enhancer
PEAK_0112	-750	1.093	enhancer
PEAK_0112	-700	1.288	enhancer
PEAK_0112	-650	1.868	enhancer
PEAK_0112	-600	1.872	enhancer
PEAK_0112	-550	1.647	enhancer
PEAK_0112	-500	2.159	enhancer
PEAK_0112	-450	2.225	enhancer
PEAK_0112	-400	3.69	enhancer
PEAK_0112	-350	3.044	enhancer
PEAK_0112	-300	3.13	enhancer
PEAK_0112	-250	3.851	enhancer
PEAK_0112	-200	3.491	enhancer
PEAK_0112	-150	5.169	enhancer
PEAK_0112	-100	4.599	enhancer
PEAK_0112	-50	4.953	enhancer
PEAK_0112	0	4.548	enhancer
PEAK_0112	50	5.363	enhancer
PEAK_0112	100	4.43	enhancer
PEAK_0112	150	4.263	enhancer
PEAK_0112	200	4.303	enhancer
PEAK_0112	250	3.966	enhancer
PEAK_0112	300	3.568	enhancer
PEAK_0112	350	3.415	enhancer
PEAK_0112	400	2.774	enhancer
PEAK_0112	450	2.917	enhancer
PEAK_0112	500	3.114	enhancer
PEAK_0112	550	2.494	enhancer
PEAK_0112	600	1.893	enhancer
PEAK_0112	650	1.649	enhancer
PEAK_0112	700	1.406	enhancer
PEAK_0112	750	1.558	enhancer
PEAK_0112	800	1.111	enhancer
PEAK_0112	850	0.501	enhancer
PEAK_0112	900	0.314	enhancer
PEAK_0112	950	0.652	enhancer
PEAK_0112	1000	0.887	enhancer
PEAK_0113	-1000	0.155	promoter
PEAK_0113	-950	0.125	promoter
PEAK_0113	-900	0.7	promoter
PEAK_0113	-850	0.117	promoter
PEAK_0113	-800	0.251	promoter
PEAK_0113	-750	0.661	promoter
PEAK_0113	-700	0.596	promoter
PEAK_0113	-650	0.463	promoter
PEAK_0113	-600	0.169	promoter
PEAK_0113	-550	0.647	promoter
PEAK_0113	-500	0.176	promoter
PEAK_0113	-450	0.736	promoter
PEAK_0113	-400	0.518	promoter
PEAK_0113	-350	0.474	promoter
PEAK_0113	-300	1.026	promoter
PEAK_0113	-250	1.818	promoter
PEAK_0113	-200	3.001	promoter
PEAK_0113	-150	4.979	promoter
PEAK_0113	-100	5.517	promoter
PEAK_0113	-50	8.25	promoter
PEAK_0113	0	9.809	promoter
PEAK_0113	50	9.09	promoter
PEAK_0113	100	6.935	promoter
PEAK_0113	150	3.817	promoter
PEAK_0113	200	3.207	promoter
PEAK_0113	250	1.785	promoter
PEAK_0113	300	0.687	promoter
PEAK_0113	350	1.04	promoter
PEAK_0113	400	0.6	promoter
PEAK_0113	450	0.197	promoter
PEAK_0113	500	0.294	promoter
PEAK_0113	550	0.072	promoter
PEAK_0113	600	0.617	promoter
PEAK_0113	650	0.371	promoter
PEAK_0113	700	0.215	promoter
PEAK_0113	750	0.457	promoter
PEAK_0113	800	0.0	promoter
PEAK_0113	850	0.0	promoter
PEAK_0113	900	0.0	promoter
PEAK_0113	950	0.466	promoter
PEAK_0113	1000	0.408	promoter
PEAK_0114	-1000	0.0	promoter
PEAK_0114	-950	0.085	promoter
PEAK_0114	-900	0.363	promoter
PEAK_0114	-850	0.061	promoter
PEAK_0114	-800	0.365	promoter
PEAK_0114	-750	0.523	promoter
PEAK_0114	-700	0.292	promoter
PEAK_0114	-650	0.256	promoter
PEAK_0114	-600	0.033	promoter
PEAK_0114	-550	0.228	promoter
PEAK_0114	-500	0.127	promoter
PEAK_0114	-450	0.327	promoter
PEAK_0114	-400	0.555	promoter
PEAK_0114	-350	0.69	promoter
PEAK_0114	-300	1.975	promoter
PEAK_0114	-250	3.704	promoter
PEAK_0114	-200	5.234	promoter
PEAK_0114	-150	8.752	promoter
PEAK_0114	-100	12.891	promoter
PEAK_0114	-50	14.097	promoter
PEAK_0114	0	17.342	promoter
PEAK_0114	50	14.277	promoter
PEAK_0114	100	11.51	promoter
PEAK_0114	150	9.025	promoter
PEAK_0114	200	5.552	promoter
PEAK_0114	250	3.742	promoter
PEAK_0114	300	1.54	promoter
PEAK_0114	350	0.307	promoter
PEAK_0114	400	0.314	promoter
PEAK_0114	450	0.24	promoter
PEAK_0114	500	0.293	promoter
PEAK_0114	550	0.077	promoter
PEAK_0114	600	0.087	promoter
PEAK_0114	650	0.682	promoter
PEAK_0114	700	0.196	promoter
PEAK_0114	750	0.223	promoter
PEAK_0114	800	0.067	promoter
PEAK_0114	850	0.0	promoter
PEAK_0114	900	0.0	promoter
PEAK_0114	950	0.045	promoter
PEAK_0114	1000	0.36	promoter
PEAK_0115	-1000	0.527	promoter
PEAK_0115	-950	0.064	promoter
PEAK_0115	-900	0.211	promoter
PEAK_0115	-850	0.207	promoter
PEAK_0115	-800	0.168	promoter
PEAK_0115	-750	0.521	promoter
PEAK_0115	-700	0.004	promoter
PEAK_0115	-650	0.0	promoter
PEAK_0115	-600	0.404	promoter
PEAK_0115	-550	0.093	promoter
PEAK_0115	-500	0.22	promoter
PEAK_0115	-450	0.014	promoter
PEAK_0115	-400	0.428	promoter
PEAK_0115	-350	0.442	promoter
PEAK_0115	-300	1.275	promoter
PEAK_0115	-250	2.437	promoter
PEAK_0115	-200	3.531	promoter
PEAK_0115	-150	5.506	promoter
PEAK_0115	-100	8.508	promoter
PEAK_0115	-50	7.822	promoter
PEAK_0115	0	9.794	promoter
PEAK_0115	50	8.945	promoter
PEAK_0115	100	7.543	promoter
PEAK_0115	150	5.111	promoter
PEAK_0115	200	3.927	promoter
PEAK_0115	250	1.452	promoter
PEAK_0115	300	1.489	promoter
PEAK_0115	350	0.515	promoter
PEAK_0115	400	0.208	promoter
PEAK_0115	450	0.16	promoter
PEAK_0115	500	0.346	promoter
PEAK_0115	550	0.219	promoter
PEAK_0115	600	0.441	promoter
PEAK_0115	650	0.109	promoter
PEAK_0115	700	0.208	promoter
PEAK_0115	750	0.239	promoter
PEAK_0115	800	0.546	promoter
PEAK_0115	850	0.343	promoter
PEAK_0115	900	0.155	promoter
PEAK_0115	950	0.436	promoter
PEAK_0115	1000	0.255	promoter
PEAK_0116	-1000	0.551	background
PEAK_0116	-950	0.745	background
PEAK_0116	-900	0.129	background
PEAK_0116	-850	0.465	background
PEAK_0116	-800	0.551	background
PEAK_0116	-750	0.456	background
PEAK_0116	-700	0.587	background
PEAK_0116	-650	0.551	background
PEAK_0116	-600	0.574	background
PEAK_0116	-550	0.713	background
PEAK_0116	-500	0.927	background
PEAK_0116	-450	1.373	background
PEAK_0116	-400	0.716	background
PEAK_0116	-350	0.959	background
PEAK_0116	-300	0.714	background
PEAK_0116	-250	0.752	background
PEAK_0116	-200	0.448	background
PEAK_0116	-150	0.668	background
PEAK_0116	-100	0.591	background
PEAK_0116	-50	1.006	background
PEAK_0116	0	0.852	background
PEAK_0116	50	0.32	background
PEAK_0116	100	1.258	background
PEAK_0116	150	0.859	background
PEAK_0116	200	0.946	background
PEAK_0116	250	0.374	background
PEAK_0116	300	1.003	background
PEAK_0116	350	1.026	background
PEAK_0116	400	0.758	background
PEAK_0116	450	1.104	background
PEAK_0116	500	0.791	background
PEAK_0116	550	1.19	background
PEAK_0116	600	0.508	background
PEAK_0116	650	0.606	background
PEAK_0116	700	0.69	background
PEAK_0116	750	1.207	background
PEAK_0116	800	0.858	background
PEAK_0116	850	1.069	background
PEAK_0116	900	0.802	background
PEAK_0116	950	0.655	background
PEAK_0116	1000	0.44	background
PEAK_0117	-1000	1.07	background
PEAK_0117	-950	0.511	background
PEAK_0117	-900	1.051	background
PEAK_0117	-850	0.967	background
PEAK_0117	-800	1.446	background
PEAK_0117	-750	0.399	background
PEAK_0117	-700	0.992	background
PEAK_0117	-650	1.255	background
PEAK_0117	-600	1.154	background
PEAK_0117	-550	0.67	background
PEAK_0117	-500	1.053	background
PEAK_0117	-450	1.345	background
PEAK_0117	-400	0.671	background
PEAK_0117	-350	0.849	background
PEAK_0117	-300	1.351	background
PEAK_0117	-250	1.221	background
PEAK_0117	-200	0.974	background
PEAK_0117	-150	1.174	background
PEAK_0117	-100	1.324	background
PEAK_0117	-50	1.429	background
PEAK_0117	0	0.762	background
PEAK_0117	50	1.555	background
PEAK_0117	100	1.232	background
PEAK_0117	150	0.927	background
PEAK_0117	200	1.318	background
PEAK_0117	250	0.614	background
PEAK_0117	300	0.993	background
PEAK_0117	350	1.223	background
PEAK_0117	400	0.767	background
PEAK_0117	450	1.03	background
PEAK_0117	500	0.998	background
PEAK_0117	550	0.775	background
PEAK_0117	600	1.243	background
PEAK_0117	650	0.894	background
PEAK_0117	700	0.718	background
PEAK_0117	750	0.893	background
PEAK_0117	800	1.002	background
PEAK_0117	850	1.131	background
PEAK_0117	900	0.406	background
PEAK_0117	950	1.092	background
PEAK_0117	1000	0.545	background
PEAK_0118	-1000	0.471	background
PEAK_0118	-950	0.424	background
PEAK_0118	-900	0.388	background
PEAK_0118	-850	0.558	background
PEAK_0118	-800	0.515	background
PEAK_0118	-750	0.309	background
PEAK_0118	-700	0.325	background
PEAK_0118	-650	1.0	background
PEAK_0118	-600	0.11	background
PEAK_0118	-550	0.706	background
PEAK_0118	-500	0.514	background
PEAK_0118	-450	0.524	background
PEAK_0118	-400	0.914	background
PEAK_0118	-350	0.464	background
PEAK_0118	-300	0.506	background
PEAK_0118	-250	0.235	background
PEAK_0118	-200	1.239	background
PEAK_0118	-150	0.0	background
PEAK_0118	-100	0.718	background
PEAK_0118	-50	0.595	background
PEAK_0118	0	0.554	background
PEAK_0118	50	0.836	background
PEAK_0118	100	0.802	background
PEAK_0118	150	0.248	background
PEAK_0118	200	0.83	background
PEAK_0118	250	0.386	background
PEAK_0118	300	0.284	background
PEAK_0118	350	0.193	background
PEAK_0118	400	0.096	background
PEAK_0118	450	0.313	background
PEAK_0118	500	0.985	background
PEAK_0118	550	0.516	background
PEAK_0118	600	0.125	background
PEAK_0118	650	0.25	background
PEAK_0118	700	0.779	background
PEAK_0118	750	0.229	background
PEAK_0118	800	0.742	background
PEAK_0118	850	0.511	background
PEAK_0118	900	0.43	background
PEAK_0118	950	0.555	background
PEAK_0118	1000	1.12	background
PEAK_0119	-1000	0.541	promoter
PEAK_0119	-950	0.223	promoter
PEAK_0119	-900	0.515	promoter
PEAK_0119	-850	0.0	promoter
PEAK_0119	-800	0.206	promoter
PEAK_0119	-750	0.421	promoter
PEAK_0119	-700	0.418	promoter
PEAK_0119	-650	0.228	promoter
PEAK_0119	-600	0.0	promoter
PEAK_0119	-550	0.026	promoter
PEAK_0119	-500	0.664	promoter
PEAK_0119	-450	0.0	promoter
PEAK_0119	-400	0.281	promoter
PEAK_0119	-350	1.116	promoter
PEAK_0119	-300	1.375	promoter
PEAK_0119	-250	3.408	promoter
PEAK_0119	-200	4.251	promoter
PEAK_0119	-150	6.211	promoter
PEAK_0119	-100	7.869	promoter
PEAK_0119	-50	7.932	promoter
PEAK_0119	0	9.246	promoter
PEAK_0119	50	7.962	promoter
PEAK_0119	100	6.053	promoter
PEAK_0119	150	6.363	promoter
PEAK_0119	200	3.952	promoter
PEAK_0119	250	2.634	promoter
PEAK_0119	300	1.276	promoter
PEAK_0119	350	0.604	promoter
PEAK_0119	400	0.512	promoter
PEAK_0119	450	0.281	promoter
PEAK_0119	500	0.046	promoter
PEAK_0119	550	0.344	promoter
PEAK_0119	600	0.208	promoter
PEAK_0119	650	0.263	promoter
PEAK_0119	700	0.161	promoter
PEAK_0119	750	0.319	promoter
PEAK_0119	800	0.203	promoter
PEAK_0119	850	0.014	promoter
PEAK_0119	900	0.178	promoter
PEAK_0119	950	0.16	promoter
PEAK_0119	1000	0.482	promoter
PEAK_0120	-1000	0.0	enhancer
PEAK_0120	-950	0.079	enhancer
PEAK_0120	-900	0.585	enhancer
PEAK_0120	-850	0.044	enhancer
PEAK_0120	-800	0.301	enhancer
PEAK_0120	-750	0.405	enhancer
PEAK_0120	-700	0.667	enhancer
PEAK_0120	-650	0.982	enhancer
PEAK_0120	-600	0.936	enhancer
PEAK_0120	-550	0.98	enhancer
PEAK_0120	-500	1.135	enhancer
PEAK_0120	-450	1.504	enhancer
PEAK_0120	-400	2.194	enhancer
PEAK_0120	-350	2.777	enhancer
PEAK_0120	-300	2.675	enhancer
PEAK_0120	-250	2.571	enhancer
PEAK_0120	-200	3.045	enhancer
PEAK_0120	-150	2.681	enhancer
PEAK_0120	-100	2.737	enhancer
PEAK_0120	-50	3.253	enhancer
PEAK_0120	0	2.884	enhancer
PEAK_0120	50	2.599	enhancer
PEAK_0120	100	1.876	enhancer
PEAK_0120	150	2.306	enhancer
PEAK_0120	200	2.255	enhancer
PEAK_0120	250	1.273	enhancer
PEAK_0120	300	1.214	enhancer
PEAK_0120	350	0.863	enhancer
PEAK_0120	400	1.291	enhancer
PEAK_0120	450	0.857	enhancer
PEAK_0120	500	0.704	enhancer
PEAK_0120	550	0.827	enhancer
PEAK_0120	600	0.443	enhancer
PEAK_0120	650	0.444	enhancer
PEAK_0120	700	0.768	enhancer
PEAK_0120	750	0.46	enhancer
PEAK_0120	800	0.872	enhancer
PEAK_0120	850	0.388	enhancer
PEAK_0120	900	0.149	enhancer
PEAK_0120	950	0.685	enhancer
PEAK_0120	1000	0.54	enhancer
PEAK_0121	-1000	0.0	promoter
PEAK_0121	-950	0.0	promoter
PEAK_0121	-900	0.39	promoter
PEAK_0121	-850	0.413	promoter
PEAK_0121	-800	0.0	promoter
PEAK_0121	-750	0.229	promoter
PEAK_0121	-700	0.298	promoter
PEAK_0121	-650	0.306	promoter
PEAK_0121	-600	0.313	promoter
PEAK_0121	-550	0.447	promoter
PEAK_0121	-500	0.611	promoter
PEAK_0121	-450	0.543	promoter
PEAK_0121	-400	0.804	promoter
PEAK_0121	-350	1.258	promoter
PEAK_0121	-300	3.423	promoter
PEAK_0121	-250	5.245	promoter
PEAK_0121	-200	7.141	promoter
PEAK_0121	-150	11.426	promoter
PEAK_0121	-100	13.976	promoter
PEAK_0121	-50	19.306	promoter
PEAK_0121	0	21.555	promoter
PEAK_0121	50	18.785	promoter
PEAK_0121	100	14.367	promoter
PEAK_0121	150	11.496	promoter
PEAK_0121	200	7.726	promoter
PEAK_0121	250	5.944	promoter
PEAK_0121	300	3.07	promoter
PEAK_0121	350	1.486	promoter
PEAK_0121	400	0.627	promoter
PEAK_0121	450	0.087	promoter
PEAK_0121	500	0.174	promoter
PEAK_0121	550	0.481	promoter
PEAK_0121	600	0.595	promoter
PEAK_0121	650	0.317	promoter
PEAK_0121	700	0.057	promoter
PEAK_0121	750	0.517	promoter
PEAK_0121	800	0.03	promoter
PEAK_0121	850	0.211	promoter
PEAK_0121	900	0.137	promoter
PEAK_0121	950	0.0	promoter
PEAK_0121	1000	0.55	promoter
PEAK_0122	-1000	0.712	enhancer
PEAK_0122	-950	0.985	enhancer
PEAK_0122	-900	0.52	enhancer
PEAK_0122	-850	0.861	enhancer
PEAK_0122	-800	0.692	enhancer
PEAK_0122	-750	1.385	enhancer
PEAK_0122	-700	1.501	enhancer
PEAK_0122	-650	1.003	enhancer
PEAK_0122	-600	1.822	enhancer
PEAK_0122	-550	2.187	enhancer
PEAK_0122	-500	2.694	enhancer
PEAK_0122	-450	2.611	enhancer
PEAK_0122	-400	3.026	enhancer
PEAK_0122	-350	3.93	enhancer
PEAK_0122	-300	2.948	enhancer
PEAK_0122	-250	4.441	enhancer
PEAK_0122	-200	4.384	enhancer
PEAK_0122	-150	3.646	enhancer
PEAK_0122	-100	4.854	enhancer
PEAK_0122	-50	4.652	enhancer
PEAK_0122	0	3.599	enhancer
PEAK_0122	50	4.611	enhancer
PEAK_0122	100	3.809	enhancer
PEAK_0122	150	4.219	enhancer
PEAK_0122	200	4.719	enhancer
PEAK_0122	250	3.077	enhancer
PEAK_0122	300	3.4	enhancer
PEAK_0122	350	2.879	enhancer
PEAK_0122	400	2.489	enhancer
PEAK_0122	450	3.347	enhancer
PEAK_0122	500	2.973	enhancer
PEAK_0122	550	2.342	enhancer
PEAK_0122	600	2.459	enhancer
PEAK_0122	650	1.935	enhancer
PEAK_0122	700	0.964	enhancer
PEAK_0122	750	1.319	enhancer
PEAK_0122	800	1.124	enhancer
PEAK_0122	850	0.931	enhancer
PEAK_0122	900	1.278	enhancer
PEAK_0122	950	0.496	enhancer
PEAK_0122	1000	0.713	enhancer
PEAK_0123	-1000	0.263	promoter
PEAK_0123	-950	0.652	promoter
PEAK_0123	-900	0.126	promoter
PEAK_0123	-850	0.315	promoter
PEAK_0123	-800	0.518	promoter
PEAK_0123	-750	0.384	promoter
PEAK_0123	-700	0.389	promoter
PEAK_0123	-650	0.624	promoter
PEAK_0123	-600	0.205	promoter
PEAK_0123	-550	0.465	promoter
PEAK_0123	-500	0.0	promoter
PEAK_0123	-450	0.413	promoter
PEAK_0123	-400	0.17	promoter
PEAK_0123	-350	0.899	promoter
PEAK_0123	-300	2.665	promoter
PEAK_0123	-250	4.297	promoter
PEAK_0123	-200	5.456	promoter
PEAK_0123	-150	8.806	promoter
PEAK_0123	-100	10.352	promoter
PEAK_0123	-50	10.989	promoter
PEAK_0123	0	10.418	promoter
PEAK_0123	50	11.243	promoter
PEAK_0123	100	10.008	promoter
PEAK_0123	150	7.482	promoter
PEAK_0123	200	5.946	promoter
PEAK_0123	250	2.746	promoter
PEAK_0123	300	2.308	promoter
PEAK_0123	350	1.373	promoter
PEAK_0123	400	0.663	promoter
PEAK_0123	450	0.132	promoter
PEAK_0123	500	0.272	promoter
PEAK_0123	550	0.35	promoter
PEAK_0123	600	0.07	promoter
PEAK_0123	650	0.303	promoter
PEAK_0123	700	0.126	promoter
PEAK_0123	750	0.207	promoter
PEAK_0123	800	0.39	promoter
PEAK_0123	850	0.32	promoter
PEAK_0123	900	0.0	promoter
PEAK_0123	950	0.272	promoter
PEAK_0123	1000	0.269	promoter
PEAK_0124	-1000	0.401	background
PEAK_0124	-950	0.346	background
PEAK_0124	-900	0.203	background
PEAK_0124	-850	0.272	background
PEAK_0124	-800	0.227	background
PEAK_0124	-750	0.862	background
PEAK_0124	-700	0.524	background
PEAK_0124	-650	0.889	background
PEAK_0124	-600	0.432	background
PEAK_0124	-550	0.377	background
PEAK_0124	-500	0.263	background
PEAK_0124	-450	0.524	background
PEAK_0124	-400	0.751	background
PEAK_0124	-350	0.591	background
PEAK_0124	-300	0.783	background
PEAK_0124	-250	0.709	background
PEAK_0124	-200	0.647	background
PEAK_0124	-150	0.881	background
PEAK_0124	-100	0.961	background
PEAK_0124	-50	0.612	background
PEAK_0124	0	0.578	background
PEAK_0124	50	0.524	background
PEAK_0124	100	0.595	background
PEAK_0124	150	0.476	background
PEAK_0124	200	0.958	background
PEAK_0124	250	0.788	background
PEAK_0124	300	0.534	background
PEAK_0124	350	0.878	background
PEAK_0124	400	0.747	background
PEAK_0124	450	0.974	background
PEAK_0124	500	0.662	background
PEAK_0124	550	0.917	background
PEAK_0124	600	0.178	background
PEAK_0124	650	0.443	background
PEAK_0124	700	0.162	background
PEAK_0124	750	0.746	background
PEAK_0124	800	0.463	background
PEAK_0124	850	0.526	background
PEAK_0124	900	0.563	background
PEAK_0124	950	0.623	background
PEAK_0124	1000	0.348	background
PEAK_0125	-1000	0.32	promoter
PEAK_0125	-950	0.219	promoter
PEAK_0125	-900	0.081	promoter
PEAK_0125	-850	0.458	promoter
PEAK_0125	-800	0.367	promoter
PEAK_0125	-750	0.056	promoter
PEAK_0125	-700	0.224	promoter
PEAK_0125	-650	0.073	promoter
PEAK_0125	-600	0.045	promoter
PEAK_0125	-550	0.73	promoter
PEAK_0125	-500	0.247	promoter
PEAK_0125	-450	0.623	promoter
PEAK_0125	-400	1.276	promoter
PEAK_0125	-350	1.596	promoter
PEAK_0125	-300	4.275	promoter
PEAK_0125	-250	6.522	promoter
PEAK_0125	-200	10.444	promoter
PEAK_0125	-150	12.081	promoter
PEAK_0125	-100	13.841	promoter
PEAK_0125	-50	15.199	promoter
PEAK_0125	0	14.615	promoter
PEAK_0125	50	15.013	promoter
PEAK_0125	100	13.517	promoter
PEAK_0125	150	13.351	promoter
PEAK_0125	200	9.61	promoter
PEAK_0125	250	6.721	promoter
PEAK_0125	300	3.527	promoter
PEAK_0125	350	2.555	promoter
PEAK_0125	400	0.785	promoter
PEAK_0125	450	0.01	promoter
PEAK_0125	500	0.0	promoter
PEAK_0125	550	0.776	promoter
PEAK_0125	600	0.154	promoter
PEAK_0125	650	0.274	promoter
PEAK_0125	700	0.0	promoter
PEAK_0125	750	0.395	promoter
PEAK_0125	800	0.35	promoter
PEAK_0125	850	0.008	promoter
PEAK_0125	900	0.156	promoter
PEAK_0125	950	0.54	promoter
PEAK_0125	1000	0.095	promoter
PEAK_0126	-1000	0.241	promoter
PEAK_0126	-950	0.755	promoter
PEAK_0126	-900	0.303	promoter
PEAK_0126	-850	0.142	promoter
PEAK_0126	-800	0.254	promoter
PEAK_0126	-750	0.009	promoter
PEAK_0126	-700	0.0	promoter
PEAK_0126	-650	0.201	promoter
PEAK_0126	-600	0.206	promoter
PEAK_0126	-550	0.444	promoter
PEAK_0126	-500	0.102	promoter
PEAK_0126	-450	0.472	promoter
PEAK_0126	-400	0.539	promoter
PEAK_0126	-350	0.82	promoter
PEAK_0126	-300	0.716	promoter
PEAK_0126	-250	1.097	promoter
PEAK_0126	-200	1.584	promoter
PEAK_0126	-150	2.288	promoter
PEAK_0126	-100	3.887	promoter
PEAK_0126	-50	5.807	promoter
PEAK_0126	0	5.83	promoter
PEAK_0126	50	4.702	promoter
PEAK_0126	100	3.557	promoter
PEAK_0126	150	1.77	promoter
PEAK_0126	200	1.701	promoter
PEAK_0126	250	1.31	promoter
PEAK_0126	300	0.918	promoter
PEAK_0126	350	0.546	promoter
PEAK_0126	400	0.117	promoter
PEAK_0126	450	0.116	promoter
PEAK_0126	500	0.0	promoter
PEAK_0126	550	0.235	promoter
PEAK_0126	600	0.288	promoter
PEAK_0126	650	0.125	promoter
PEAK_0126	700	0.0	promoter
PEAK_0126	750	0.418	promoter
PEAK_0126	800	0.242	promoter
PEAK_0126	850	0.0	promoter
PEAK_0126	900	0.267	promoter
PEAK_0126	950	0.069	promoter
PEAK_0126	1000	0.312	promoter
PEAK_0127	-1000	0.112	promoter
PEAK_0127	-950	0.0	promoter
PEAK_0127	-900	0.0	promoter
PEAK_0127	-850	0.371	promoter
PEAK_0127	-800	0.131	promoter
PEAK_0127	-750	0.345	promoter
PEAK_0127	-700	0.405	promoter
PEAK_0127	-650	0.003	promoter
PEAK_0127	-600	0.613	promoter
PEAK_0127	-550	0.0	promoter
PEAK_0127	-500	0.09	promoter
PEAK_0127	-450	0.381	promoter
PEAK_0127	-400	1.129	promoter
PEAK_0127	-350	1.232	promoter
PEAK_0127	-300	1.201	promoter
PEAK_0127	-250	1.962	promoter
PEAK_0127	-200	4.067	promoter
PEAK_0127	-150	3.655	promoter
PEAK_0127	-100	5.259	promoter
PEAK_0127	-50	5.926	promoter
PEAK_0127	0	7.122	promoter
PEAK_0127	50	6.472	promoter
PEAK_0127	100	5.883	promoter
PEAK_0127	150	5.495	promoter
PEAK_0127	200	4.209	promoter
PEAK_0127	250	2.005	promoter
PEAK_0127	300	2.046	promoter
PEAK_0127	350	0.919	promoter
PEAK_0127	400	0.48	promoter
PEAK_0127	450	0.524	promoter
PEAK_0127	500	0.705	promoter
PEAK_0127	550	0.377	promoter
PEAK_0127	600	0.304	promoter
PEAK_0127	650	0.56	promoter
PEAK_0127	700	0.084	promoter
PEAK_0127	750	0.136	promoter
PEAK_0127	800	0.451	promoter
PEAK_0127	850	0.013	promoter
PEAK_0127	900	0.411	promoter
PEAK_0127	950	0.279	promoter
PEAK_0127	1000	0.353	promoter
PEAK_0128	-1000	0.67	background
PEAK_0128	-950	0.57	background
PEAK_0128	-900	0.697	background
PEAK_0128	-850	0.993	background
PEAK_0128	-800	0.653	background
PEAK_0128	-750	0.387	background
PEAK_0128	-700	0.977	background
PEAK_0128	-650	0.337	background
PEAK_0128	-600	0.869	background
PEAK_0128	-550	0.978	background
PEAK_0128	-500	0.558	background
PEAK_0128	-450	0.568	background
PEAK_0128	-400	0.62	background
PEAK_0128	-350	0.625	background
PEAK_0128	-300	1.204	background
PEAK_0128	-250	0.965	background
PEAK_0128	-200	0.691	background
PEAK_0128	-150	1.044	background
PEAK_0128	-100	0.201	background
PEAK_0128	-50	0.836	background
PEAK_0128	0	0.376	background
PEAK_0128	50	0.76	background
PEAK_0128	100	0.883	background
PEAK_0128	150	0.78	background
PEAK_0128	200	0.767	background
PEAK_0128	250	0.507	background
PEAK_0128	300	0.741	background
PEAK_0128	350	1.14	background
PEAK_0128	400	0.584	background
PEAK_0128	450	0.487	background
PEAK_0128	500	0.983	background
PEAK_0128	550	0.782	background
PEAK_0128	600	0.714	background
PEAK_0128	650	0.865	background
PEAK_0128	700	0.851	background
PEAK_0128	750	0.344	background
PEAK_0128	800	0.593	background
PEAK_0128	850	0.816	background
PEAK_0128	900	0.478	background
PEAK_0128	950	0.509	background
PEAK_0128	1000	0.784	background
PEAK_0129	-1000	0.458	promoter
PEAK_0129	-950	0.437	promoter
PEAK_0129	-900	0.372	promoter
PEAK_0129	-850	0.104	promoter
PEAK_0129	-800	0.077	promoter
PEAK_0129	-750	0.634	promoter
PEAK_0129	-700	0.408	promoter
PEAK_0129	-650	0.341	promoter
PEAK_0129	-600	0.436	promoter
PEAK_0129	-550	0.612	promoter
PEAK_0129	-500	0.0	promoter
PEAK_0129	-450	0.079	promoter
PEAK_0129	-400	0.532	promoter
PEAK_0129	-350	1.911	promoter
PEAK_0129	-300	3.046	promoter
PEAK_0129	-250	6.043	promoter
PEAK_0129	-200	9.792	promoter
PEAK_0129	-150	14.338	promoter
PEAK_0129	-100	19.443	promoter
PEAK_0129	-50	21.91	promoter
PEAK_0129	0	22.946	promoter
PEAK_0129	50	22.338	promoter
PEAK_0129	100	18.881	promoter
PEAK_0129	150	12.983	promoter
PEAK_0129	200	8.481	promoter
PEAK_0129	250	6.079	promoter
PEAK_0129	300	3.51	promoter
PEAK_0129	350	2.33	promoter
PEAK_0129	400	0.242	promoter
PEAK_0129	450	0.173	promoter
PEAK_0129	500	0.527	promoter
PEAK_0129	550	0.415	promoter
PEAK_0129	600	0.365	promoter
PEAK_0129	650	0.298	promoter
PEAK_0129	700	0.0	promoter
PEAK_0129	750	0.207	promoter
PEAK_0129	800	0.316	promoter
PEAK_0129	850	0.239	promoter
PEAK_0129	900	0.409	promoter
PEAK_0129	950	0.334	promoter
PEAK_0129	1000	0.269	promoter
PEAK_0130	-1000	0.286	enhancer
PEAK_0130	-950	0.536	enhancer
PEAK_0130	-900	0.841	enhancer
PEAK_0130	-850	1.324	enhancer
PEAK_0130	-800	0.924	enhancer
PEAK_0130	-750	1.353	enhancer
PEAK_0130	-700	0.661	enhancer
PEAK_0130	-650	0.775	enhancer
PEAK_0130	-600	1.554	enhancer
PEAK_0130	-550	2.43	enhancer
PEAK_0130	-500	2.291	enhancer
PEAK_0130	-450	2.697	enhancer
PEAK_0130	-400	3.303	enhancer
PEAK_0130	-350	2.998	enhancer
PEAK_0130	-300	2.966	enhancer
PEAK_0130	-250	3.673	enhancer
PEAK_0130	-200	4.19	enhancer
PEAK_0130	-150	4.242	enhancer
PEAK_0130	-100	3.775	enhancer
PEAK_0130	-50	3.43	enhancer
PEAK_0130	0	3.963	enhancer
PEAK_0130	50	4.688	enhancer
PEAK_0130	100	3.408	enhancer
PEAK_0130	150	2.95	enhancer
PEAK_0130	200	2.986	enhancer
PEAK_0130	250	3.181	enhancer
PEAK_0130	300	3.26	enhancer
PEAK_0130	350	2.417	enhancer
PEAK_0130	400	2.118	enhancer
PEAK_0130	450	1.549	enhancer
PEAK_0130	500	0.854	enhancer
PEAK_0130	550	1.226	enhancer
PEAK_0130	600	0.487	enhancer
PEAK_0130	650	1.694	enhancer
PEAK_0130	700	0.248	enhancer
PEAK_0130	750	0.632	enhancer
PEAK_0130	800	0.851	enhancer
PEAK_0130	850	0.744	enhancer
PEAK_0130	900	0.299	enhancer
PEAK_0130	950	0.319	enhancer
PEAK_0130	1000	0.082	enhancer
PEAK_0131	-1000	0.196	enhancer
PEAK_0131	-950	0.19	enhancer
PEAK_0131	-900	0.566	enhancer
PEAK_0131	-850	0.685	enhancer
PEAK_0131	-800	0.854	enhancer
PEAK_0131	-750	0.199	enhancer
PEAK_0131	-700	0.867	enhancer
PEAK_0131	-650	1.19	enhancer
PEAK_0131	-600	1.345	enhancer
PEAK_0131	-550	1.959	enhancer
PEAK_0131	-500	1.628	enhancer
PEAK_0131	-450	2.112	enhancer
PEAK_0131	-400	2.255	enhancer
PEAK_0131	-350	2.729	enhancer
PEAK_0131	-300	1.906	enhancer
PEAK_0131	-250	1.903	enhancer
PEAK_0131	-200	2.184	enhancer
PEAK_0131	-150	2.885	enhancer
PEAK_0131	-100	2.658	enhancer
PEAK_0131	-50	3.211	enhancer
PEAK_0131	0	2.49	enhancer
PEAK_0131	50	3.579	enhancer
PEAK_0131	100	2.919	enhancer
PEAK_0131	150	2.091	enhancer
PEAK_0131	200	2.554	enhancer
PEAK_0131	250	2.272	enhancer
PEAK_0131	300	2.017	enhancer
PEAK_0131	350	1.748	enhancer
PEAK_0131	400	1.92	enhancer
PEAK_0131	450	1.681	enhancer
PEAK_0131	500	1.329	enhancer
PEAK_0131	550	1.498	enhancer
PEAK_0131	600	0.926	enhancer
PEAK_0131	650	0.707	enhancer
PEAK_0131	700	0.854	enhancer
PEAK_0131	750	0.633	enhancer
PEAK_0131	800	0.52	enhancer
PEAK_0131	850	0.582	enhancer
PEAK_0131	900	0.145	enhancer
PEAK_0131	950	0.579	enhancer
PEAK_0131	1000	0.621	enhancer
PEAK_0132	-1000	1.159	background
PEAK_0132	-950	0.292	background
PEAK_0132	-900	1.096	background
PEAK_0132	-850	0.591	background
PEAK_0132	-800	0.171	background
PEAK_0132	-750	1.169	background
PEAK_0132	-700	0.701	background
PEAK_0132	-650	0.844	background
PEAK_0132	-600	0.828	background
PEAK_0132	-550	0.466	background
PEAK_0132	-500	0.604	background
PEAK_0132	-450	0.614	background
PEAK_0132	-400	1.043	background
PEAK_0132	-350	0.986	background
PEAK_0132	-300	0.879	background
PEAK_0132	-250	1.046	background
PEAK_0132	-200	0.829	background
PEAK_0132	-150	1.196	background
PEAK_0132	-100	0.685	background
PEAK_0132	-50	1.154	background
PEAK_0132	0	0.456	background
PEAK_0132	50	0.847	background
PEAK_0132	100	0.973	background
PEAK_0132	150	1.327	background
PEAK_0132	200	1.044	background
PEAK_0132	250	0.529	background
PEAK_0132	300	1.361	background
PEAK_0132	350	0.61	background
PEAK_0132	400	1.314	background
PEAK_0132	450	0.833	background
PEAK_0132	500	0.95	background
PEAK_0132	550	0.622	background
PEAK_0132	600	1.128	background
PEAK_0132	650	0.964	background
PEAK_0132	700	0.479	background
PEAK_0132	750	0.579	background
PEAK_0132	800	0.565	background
PEAK_0132	850	0.189	background
PEAK_0132	900	0.186	background
PEAK_0132	950	0.622	background
PEAK_0132	1000	0.824	background
PEAK_0133	-1000	0.519	enhancer
PEAK_0133	-950	0.414	enhancer
PEAK_0133	-900	0.473	enhancer
PEAK_0133	-850	0.527	enhancer
PEAK_0133	-800	0.762	enhancer
PEAK_0133	-750	0.449	enhancer
PEAK_0133	-700	1.166	enhancer
PEAK_0133	-650	1.056	enhancer
PEAK_0133	-600	1.168	enhancer
PEAK_0133	-550	1.843	enhancer
PEAK_0133	-500	1.604	enhancer
PEAK_0133	-450	2.187	enhancer
PEAK_0133	-400	2.865	enhancer
PEAK_0133	-350	3.29	enhancer
PEAK_0133	-300	3.81	enhancer
PEAK_0133	-250	4.36	enhancer
PEAK_0133	-200	5.489	enhancer
PEAK_0133	-150	4.593	enhancer
PEAK_0133	-100	6.249	enhancer
PEAK_0133	-50	5.77	enhancer
PEAK_0133	0	6.714	enhancer
PEAK_0133	50	6.585	enhancer
PEAK_0133	100	6.236	enhancer
PEAK_0133	150	5.923	enhancer
PEAK_0133	200	6.736	enhancer
PEAK_0133	250	6.006	enhancer
PEAK_0133	300	5.476	enhancer
PEAK_0133	350	5.35	enhancer
PEAK_0133	400	4.791	enhancer
PEAK_0133	450	4.259	enhancer
PEAK_0133	500	4.081	enhancer
PEAK_0133	550	3.293	enhancer
PEAK_0133	600	2.684	enhancer
PEAK_0133	650	1.994	enhancer
PEAK_0133	700	1.454	enhancer
PEAK_0133	750	1.452	enhancer
PEAK_0133	800	0.888	enhancer
PEAK_0133	850	0.798	enhancer
PEAK_0133	900	0.779	enhancer
PEAK_0133	950	0.202	enhancer
PEAK_0133	1000	0.599	enhancer
PEAK_0134	-1000	0.0	promoter
PEAK_0134	-950	0.529	promoter
PEAK_0134	-900	0.558	promoter
PEAK_0134	-850	0.532	promoter
PEAK_0134	-800	0.155	promoter
PEAK_0134	-750	0.331	promoter
PEAK_0134	-700	0.32	promoter
PEAK_0134	-650	0.204	promoter
PEAK_0134	-600	0.003	promoter
PEAK_0134	-550	0.291	promoter
PEAK_0134	-500	0.306	promoter
PEAK_0134	-450	0.738	promoter
PEAK_0134	-400	0.926	promoter
PEAK_0134	-350	1.239	promoter
PEAK_0134	-300	2.529	promoter
PEAK_0134	-250	5.106	promoter
PEAK_0134	-200	8.085	promoter
PEAK_0134	-150	12.525	promoter
PEAK_0134	-100	19.85	promoter
PEAK_0134	-50	23.397	promoter
PEAK_0134	0	27.437	promoter
PEAK_0134	50	25.869	promoter
PEAK_0134	100	18.087	promoter
PEAK_0134	150	11.525	promoter
PEAK_0134	200	7.897	promoter
PEAK_0134	250	3.88	promoter
PEAK_0134	300	2.948	promoter
PEAK_0134	350	1.537	promoter
PEAK_0134	400	0.504	promoter
PEAK_0134	450	0.594	promoter
PEAK_0134	500	0.2	promoter
PEAK_0134	550	0.144	promoter
PEAK_0134	600	0.135	promoter
PEAK_0134	650	0.541	promoter
PEAK_0134	700	0.706	promoter
PEAK_0134	750	0.455	promoter
PEAK_0134	800	0.121	promoter
PEAK_0134	850	0.904	promoter
PEAK_0134	900	0.314	promoter
PEAK_0134	950	0.133	promoter
PEAK_0134	1000	0.306	promoter
PEAK_0135	-1000	0.564	background
PEAK_0135	-950	0.647	background
PEAK_0135	-900	0.877	background
PEAK_0135	-850	0.63	background
PEAK_0135	-800	1.15	background
PEAK_0135	-750	0.871	background
PEAK_0135	-700	1.562	background
PEAK_0135	-650	0.849	background
PEAK_0135	-600	1.232	background
PEAK_0135	-550	0.662	background
PEAK_0135	-500	1.131	background
PEAK_0135	-450	0.417	background
PEAK_0135	-400	0.803	background
PEAK_0135	-350	0.913	background
PEAK_0135	-300	1.134	background
PEAK_0135	-250	0.981	background
PEAK_0135	-200	0.927	background
PEAK_0135	-150	0.947	background
PEAK_0135	-100	0.48	background
PEAK_0135	-50	0.672	background
PEAK_0135	0	0.704	background
PEAK_0135	50	0.726	background
PEAK_0135	100	1.253	background
PEAK_0135	150	0.367	background
PEAK_0135	200	1.012	background
PEAK_0135	250	0.999	background
PEAK_0135	300	1.259	background
PEAK_0135	350	1.239	background
PEAK_0135	400	1.406	background
PEAK_0135	450	0.826	background
PEAK_0135	500	0.283	background
PEAK_0135	550	1.01	background
PEAK_0135	600	0.698	background
PEAK_0135	650	0.867	background
PEAK_0135	700	1.018	background
PEAK_0135	750	0.576	background
PEAK_0135	800	0.588	background
PEAK_0135	850	0.024	background
PEAK_0135	900	0.392	background
PEAK_0135	950	0.676	background
PEAK_0135	1000	0.855	background
PEAK_0136	-1000	0.114	promoter
PEAK_0136	-950	0.331	promoter
PEAK_0136	-900	0.404	promoter
PEAK_0136	-850	0.443	promoter
PEAK_0136	-800	0.17	promoter
PEAK_0136	-750	0.508	promoter
PEAK_0136	-700	0.191	promoter
PEAK_0136	-650	0.462	promoter
PEAK_0136	-600	0.0	promoter
PEAK_0136	-550	0.294	promoter
PEAK_0136	-500	0.188	promoter
PEAK_0136	-450	0.0	promoter
PEAK_0136	-400	0.898	promoter
PEAK_0136	-350	0.422	promoter
PEAK_0136	-300	1.877	promoter
PEAK_0136	-250	3.246	promoter
PEAK_0136	-200	5.212	promoter
PEAK_0136	-150	7.102	promoter
PEAK_0136	-100	6.56	promoter
PEAK_0136	-50	8.418	promoter
PEAK_0136	0	7.816	promoter
PEAK_0136	50	7.708	promoter
PEAK_0136	100	7.097	promoter
PEAK_0136	150	6.198	promoter
PEAK_0136	200	4.247	promoter
PEAK_0136	250	4.08	promoter
PEAK_0136	300	1.831	promoter
PEAK_0136	350	0.736	promoter
PEAK_0136	400	0.599	promoter
PEAK_0136	450	0.863	promoter
PEAK_0136	500	0.098	promoter
PEAK_0136	550	0.433	promoter
PEAK_0136	600	0.263	promoter
PEAK_0136	650	0.085	promoter
PEAK_0136	700	0.365	promoter
PEAK_0136	750	0.435	promoter
PEAK_0136	800	0.304	promoter
PEAK_0136	850	0.142	promoter
PEAK_0136	900	0.427	promoter
PEAK_0136	950	0.35	promoter
PEAK_0136	1000	0.444	promoter
PEAK_0137	-1000	0.31	promoter
PEAK_0137	-950	0.093	promoter
PEAK_0137	-900	0.458	promoter
PEAK_0137	-850	0.422	promoter
PEAK_0137	-800	0.172	promoter
PEAK_0137	-750	0.591	promoter
PEAK_0137	-700	0.169	promoter
PEAK_0137	-650	0.086	promoter
PEAK_0137	-600	0.634	promoter
PEAK_0137	-550	0.251	promoter
PEAK_0137	-500	0.109	promoter
PEAK_0137	-450	0.285	promoter
PEAK_0137	-400	1.062	promoter
PEAK_0137	-350	2.15	promoter
PEAK_0137	-300	7.065	promoter
PEAK_0137	-250	9.527	promoter
PEAK_0137	-200	14.783	promoter
PEAK_0137	-150	19.902	promoter
PEAK_0137	-100	22.238	promoter
PEAK_0137	-50	23.957	promoter
PEAK_0137	0	26.044	promoter
PEAK_0137	50	25.754	promoter
PEAK_0137	100	22.02	promoter
PEAK_0137	150	19.303	promoter
PEAK_0137	200	14.771	promoter
PEAK_0137	250	10.836	promoter
PEAK_0137	300	5.71	promoter
PEAK_0137	350	3.404	promoter
PEAK_0137	400	1.463	promoter
PEAK_0137	450	0.859	promoter
PEAK_0137	500	0.453	promoter
PEAK_0137	550	0.405	promoter
PEAK_0137	600	0.106	promoter
PEAK_0137	650	0.114	promoter
PEAK_0137	700	0.237	promoter
PEAK_0137	750	0.449	promoter
PEAK_0137	800	0.387	promoter
PEAK_0137	850	0.0	promoter
PEAK_0137	900	0.535	promoter
PEAK_0137	950	0.419	promoter
PEAK_0137	1000	0.173	promoter
PEAK_0138	-1000	0.523	enhancer
PEAK_0138	-950	0.408	enhancer
PEAK_0138	-900	0.466	enhancer
PEAK_0138	-850	0.389	enhancer
PEAK_0138	-800	0.453	enhancer
PEAK_0138	-750	1.144	enhancer
PEAK_0138	-700	1.973	enhancer
PEAK_0138	-650	1.251	enhancer
PEAK_0138	-600	2.29	enhancer
PEAK_0138	-550	1.955	enhancer
PEAK_0138	-500	2.427	enhancer
PEAK_0138	-450	2.275	enhancer
PEAK_0138	-400	2.635	enhancer
PEAK_0138	-350	3.04	enhancer
PEAK_0138	-300	3.457	enhancer
PEAK_0138	-250	2.576	enhancer
PEAK_0138	-200	3.772	enhancer
PEAK_0138	-150	3.612	enhancer
PEAK_0138	-100	3.291	enhancer
PEAK_0138	-50	3.797	enhancer
PEAK_0138	0	4.207	enhancer
PEAK_0138	50	3.72	enhancer
PEAK_0138	100	2.924	enhancer
PEAK_0138	150	2.837	enhancer
PEAK_0138	200	3.212	enhancer
PEAK_0138	250	2.174	enhancer
PEAK_0138	300	1.811	enhancer
PEAK_0138	350	1.822	enhancer
PEAK_0138	400	1.072	enhancer
PEAK_0138	450	1.361	enhancer
PEAK_0138	500	1.25	enhancer
PEAK_0138	550	0.797	enhancer
PEAK_0138	600	0.114	enhancer
PEAK_0138	650	0.32	enhancer
PEAK_0138	700	0.438	enhancer
PEAK_0138	750	0.817	enhancer
PEAK_0138	800	0.024	enhancer
PEAK_0138	850	0.603	enhancer
PEAK_0138	900	0.313	enhancer
PEAK_0138	950	0.431	enhancer
PEAK_0138	1000	0.588	enhancer
PEAK_0139	-1000	0.734	background
PEAK_0139	-950	0.607	background
PEAK_0139	-900	0.419	background
PEAK_0139	-850	0.467	background
PEAK_0139	-800	0.693	background
PEAK_0139	-750	1.368	background
PEAK_0139	-700	0.93	background
PEAK_0139	-650	0.874	background
PEAK_0139	-600	0.666	background
PEAK_0139	-550	1.084	background
PEAK_0139	-500	0.497	background
PEAK_0139	-450	0.899	background
PEAK_0139	-400	0.889	background
PEAK_0139	-350	0.748	background
PEAK_0139	-300	1.56	background
PEAK_0139	-250	0.932	background
PEAK_0139	-200	0.866	background
PEAK_0139	-150	1.252	background
PEAK_0139	-100	1.448	background
PEAK_0139	-50	1.332	background
PEAK_0139	0	1.074	background
PEAK_0139	50	1.694	background
PEAK_0139	100	1.589	background
PEAK_0139	150	0.894	background
PEAK_0139	200	0.968	background
PEAK_0139	250	0.836	background
PEAK_0139	300	0.798	background
PEAK_0139	350	0.846	background
PEAK_0139	400	0.482	background
PEAK_0139	450	0.793	background
PEAK_0139	500	1.247	background
PEAK_0139	550	0.169	background
PEAK_0139	600	0.353	background
PEAK_0139	650	1.267	background
PEAK_0139	700	0.764	background
PEAK_0139	750	0.728	background
PEAK_0139	800	0.59	background
PEAK_0139	850	0.853	background
PEAK_0139	900	0.224	background
PEAK_0139	950	0.329	background
PEAK_0139	1000	1.162	background
PEAK_0140	-1000	0.828	enhancer
PEAK_0140	-950	1.793	enhancer
PEAK_0140	-900	1.17	enhancer
PEAK_0140	-850	1.278	enhancer
PEAK_0140	-800	1.756	enhancer
PEAK_0140	-750	1.815	enhancer
PEAK_0140	-700	2.559	enhancer
PEAK_0140	-650	2.644	enhancer
PEAK_0140	-600	3.115	enhancer
PEAK_0140	-550	2.928	enhancer
PEAK_0140	-500	3.171	enhancer
PEAK_0140	-450	3.105	enhancer
PEAK_0140	-400	3.367	enhancer
PEAK_0140	-350	5.114	enhancer
PEAK_0140	-300	4.148	enhancer
PEAK_0140	-250	4.176	enhancer
PEAK_0140	-200	3.435	enhancer
PEAK_0140	-150	4.976	enhancer
PEAK_0140	-100	4.827	enhancer
PEAK_0140	-50	4.127	enhancer
PEAK_0140	0	4.518	enhancer
PEAK_0140	50	4.136	enhancer
PEAK_0140	100	4.127	enhancer
PEAK_0140	150	3.506	enhancer
PEAK_0140	200	3.918	enhancer
PEAK_0140	250	2.97	enhancer
PEAK_0140	300	3.424	enhancer
PEAK_0140	350	3.254	enhancer
PEAK_0140	400	3.141	enhancer
PEAK_0140	450	1.763	enhancer
PEAK_0140	500	2.398	enhancer
PEAK_0140	550	2.173	enhancer
PEAK_0140	600	1.099	enhancer
PEAK_0140	650	1.932	enhancer
PEAK_0140	700	0.607	enhancer
PEAK_0140	750	1.083	enhancer
PEAK_0140	800	1.366	enhancer
PEAK_0140	850	1.007	enhancer
PEAK_0140	900	0.925	enhancer
PEAK_0140	950	0.655	enhancer
PEAK_0140	1000	0.769	enhancer
PEAK_0141	-1000	0.967	enhancer
PEAK_0141	-950	0.958	enhancer
PEAK_0141	-900	0.595	enhancer
PEAK_0141	-850	0.728	enhancer
PEAK_0141	-800	1.539	enhancer
PEAK_0141	-750	1.694	enhancer
PEAK_0141	-700	1.912	enhancer
PEAK_0141	-650	2.408	enhancer
PEAK_0141	-600	2.994	enhancer
PEAK_0141	-550	1.941	enhancer
PEAK_0141	-500	3.593	enhancer
PEAK_0141	-450	3.285	enhancer
PEAK_0141	-400	3.841	enhancer
PEAK_0141	-350	3.624	enhancer
PEAK_0141	-300	4.378	enhancer
PEAK_0141	-250	4.5	enhancer
PEAK_0141	-200	4.432	enhancer
PEAK_0141	-150	4.387	enhancer
PEAK_0141	-100	5.292	enhancer
PEAK_0141	-50	4.017	enhancer
PEAK_0141	0	6.124	enhancer
PEAK_0141	50	5.819	enhancer
PEAK_0141	100	4.923	enhancer
PEAK_0141	150	3.606	enhancer
PEAK_0141	200	4.579	enhancer
PEAK_0141	250	2.874	enhancer
PEAK_0141	300	4.251	enhancer
PEAK_0141	350	3.238	enhancer
PEAK_0141	400	3.722	enhancer
PEAK_0141	450	2.8	enhancer
PEAK_0141	500	2.345	enhancer
PEAK_0141	550	1.55	enhancer
PEAK_0141	600	1.733	enhancer
PEAK_0141	650	0.861	enhancer
PEAK_0141	700	1.096	enhancer
PEAK_0141	750	1.264	enhancer
PEAK_0141	800	0.767	enhancer
PEAK_0141	850	0.789	enhancer
PEAK_0141	900	0.172	enhancer
PEAK_0141	950	0.672	enhancer
PEAK_0141	1000	0.245	enhancer
PEAK_0142	-1000	0.066	promoter
PEAK_0142	-950	0.087	promoter
PEAK_0142	-900	0.346	promoter
PEAK_0142	-850	0.348	promoter
PEAK_0142	-800	0.399	promoter
PEAK_0142	-750	0.467	promoter
PEAK_0142	-700	0.212	promoter
PEAK_0142	-650	0.485	promoter
PEAK_0142	-600	0.166	promoter
PEAK_0142	-550	0.048	promoter
PEAK_0142	-500	0.11	promoter
PEAK_0142	-450	0.141	promoter
PEAK_0142	-400	0.788	promoter
PEAK_0142	-350	1.355	promoter
PEAK_0142	-300	1.168	promoter
PEAK_0142	-250	1.649	promoter
PEAK_0142	-200	3.128	promoter
PEAK_0142	-150	3.198	promoter
PEAK_0142	-100	3.696	promoter
PEAK_0142	-50	3.344	promoter
PEAK_0142	0	4.739	promoter
PEAK_0142	50	4.329	promoter
PEAK_0142	100	4.171	promoter
PEAK_0142	150	3.567	promoter
PEAK_0142	200	2.274	promoter
PEAK_0142	250	2.154	promoter
PEAK_0142	300	1.157	promoter
PEAK_0142	350	0.369	promoter
PEAK_0142	400	0.715	promoter
PEAK_0142	450	0.247	promoter
PEAK_0142	500	0.238	promoter
PEAK_0142	550	0.58	promoter
PEAK_0142	600	0.298	promoter
PEAK_0142	650	0.403	promoter
PEAK_0142	700	0.323	promoter
PEAK_0142	750	0.109	promoter
PEAK_0142	800	0.118	promoter
PEAK_0142	850	0.563	promoter
PEAK_0142	900	0.568	promoter
PEAK_0142	950	0.479	promoter
PEAK_0142	1000	0.0	promoter
PEAK_0143	-1000	0.167	promoter
PEAK_0143	-950	0.445	promoter
PEAK_0143	-900	0.189	promoter
PEAK_0143	-850	0.657	promoter
PEAK_0143	-800	0.485	promoter
PEAK_0143	-750	0.42	promoter
PEAK_0143	-700	0.113	promoter
PEAK_0143	-650	0.392	promoter
PEAK_0143	-600	0.239	promoter
PEAK_0143	-550	0.27	promoter
PEAK_0143	-500	0.266	promoter
PEAK_0143	-450	0.164	promoter
PEAK_0143	-400	0.494	promoter
PEAK_0143	-350	1.725	promoter
PEAK_0143	-300	2.739	promoter
PEAK_0143	-250	3.812	promoter
PEAK_0143	-200	6.201	promoter
PEAK_0143	-150	7.936	promoter
PEAK_0143	-100	7.945	promoter
PEAK_0143	-50	9.827	promoter
PEAK_0143	0	11.18	promoter
PEAK_0143	50	10.305	promoter
PEAK_0143	100	8.68	promoter
PEAK_0143	150	7.068	promoter
PEAK_0143	200	7.345	promoter
PEAK_0143	250	4.989	promoter
PEAK_0143	300	2.329	promoter
PEAK_0143	350	0.899	promoter
PEAK_0143	400	0.643	promoter
PEAK_0143	450	0.076	promoter
PEAK_0143	500	0.487	promoter
PEAK_0143	550	0.07	promoter
PEAK_0143	600	0.074	promoter
PEAK_0143	650	0.369	promoter
PEAK_0143	700	0.311	promoter
PEAK_0143	750	0.557	promoter
PEAK_0143	800	0.241	promoter
PEAK_0143	850	0.26	promoter
PEAK_0143	900	0.273	promoter
PEAK_0143	950	0.0	promoter
PEAK_0143	1000	0.435	promoter
PEAK_0144	-1000	0.417	background
PEAK_0144	-950	0.25	background
PEAK_0144	-900	0.123	background
PEAK_0144	-850	0.511	background
PEAK_0144	-800	0.54	background
PEAK_0144	-750	0.367	background
PEAK_0144	-700	0.538	background
PEAK_0144	-650	0.52	background
PEAK_0144	-600	0.417	background
PEAK_0144	-550	0.492	background
PEAK_0144	-500	0.279	background
PEAK_0144	-450	0.499	background
PEAK_0144	-400	0.751	background
PEAK_0144	-350	0.381	background
PEAK_0144	-300	0.0	background
PEAK_0144	-250	0.348	background
PEAK_0144	-200	0.047	background
PEAK_0144	-150	0.194	background
PEAK_0144	-100	0.201	background
PEAK_0144	-50	0.466	background
PEAK_0144	0	0.145	background
PEAK_0144	50	0.605	background
PEAK_0144	100	0.031	background
PEAK_0144	150	0.623	background
PEAK_0144	200	0.455	background
PEAK_0144	250	0.51	background
PEAK_0144	300	0.759	background
PEAK_0144	350	0.452	background
PEAK_0144	400	0.046	background
PEAK_0144	450	0.381	background
PEAK_0144	500	0.0	background
PEAK_0144	550	0.593	background
PEAK_0144	600	0.445	background
PEAK_0144	650	0.368	background
PEAK_0144	700	0.511	background
PEAK_0144	750	0.394	background
PEAK_0144	800	0.637	background
PEAK_0144	850	0.479	background
PEAK_0144	900	0.303	background
PEAK_0144	950	0.378	background
PEAK_0144	1000	0.127	background
PEAK_0145	-1000	0.482	background
PEAK_0145	-950	0.496	background
PEAK_0145	-900	0.0	background
PEAK_0145	-850	0.162	background
PEAK_0145	-800	0.517	background
PEAK_0145	-750	0.677	background
PEAK_0145	-700	0.204	background
PEAK_0145	-650	0.324	background
PEAK_0145	-600	0.368	background
PEAK_0145	-550	0.252	background
PEAK_0145	-500	0.5	background
PEAK_0145	-450	0.463	background
PEAK_0145	-400	0.768	background
PEAK_0145	-350	0.144	background
PEAK_0145	-300	0.643	background
PEAK_0145	-250	0.487	background
PEAK_0145	-200	0.414	background
PEAK_0145	-150	0.089	background
PEAK_0145	-100	0.334	background
PEAK_0145	-50	0.25	background
PEAK_0145	0	0.424	background
PEAK_0145	50	0.338	background
PEAK_0145	100	0.172	background
PEAK_0145	150	0.497	background
PEAK_0145	200	0.338	background
PEAK_0145	250	0.552	background
PEAK_0145	300	0.168	background
PEAK_0145	350	0.135	background
PEAK_0145	400	1.116	background
PEAK_0145	450	0.595	background
PEAK_0145	500	0.658	background
PEAK_0145	550	0.258	background
PEAK_0145	600	0.338	background
PEAK_0145	650	0.337	background
PEAK_0145	700	0.161	background
PEAK_0145	750	0.148	background
PEAK_0145	800	0.378	background
PEAK_0145	850	0.343	background
PEAK_0145	900	0.248	background
PEAK_0145	950	0.0	background
PEAK_0145	1000	0.49	background
PEAK_0146	-1000	0.674	enhancer
PEAK_0146	-950	0.491	enhancer
PEAK_0146	-900	0.453	enhancer
PEAK_0146	-850	0.237	enhancer
PEAK_0146	-800	0.592	enhancer
PEAK_0146	-750	0.324	enhancer
PEAK_0146	-700	0.417	enhancer
PEAK_0146	-650	0.376	enhancer
PEAK_0146	-600	0.284	enhancer
PEAK_0146	-550	0.365	enhancer
PEAK_0146	-500	1.146	enhancer
PEAK_0146	-450	1.169	enhancer
PEAK_0146	-400	1.296	enhancer
PEAK_0146	-350	1.488	enhancer
PEAK_0146	-300	1.219	enhancer
PEAK_0146	-250	1.514	enhancer
PEAK_0146	-200	2.359	enhancer
PEAK_0146	-150	2.075	enhancer
PEAK_0146	-100	2.751	enhancer
PEAK_0146	-50	2.849	enhancer
PEAK_0146	0	3.33	enhancer
PEAK_0146	50	2.756	enhancer
PEAK_0146	100	3.05	enhancer
PEAK_0146	150	2.429	enhancer
PEAK_0146	200	2.735	enhancer
PEAK_0146	250	2.495	enhancer
PEAK_0146	300	2.306	enhancer
PEAK_0146	350	3.081	enhancer
PEAK_0146	400	1.919	enhancer
PEAK_0146	450	2.56	enhancer
PEAK_0146	500	2.284	enhancer
PEAK_0146	550	1.766	enhancer
PEAK_0146	600	0.852	enhancer
PEAK_0146	650	1.579	enhancer
PEAK_0146	700	0.976	enhancer
PEAK_0146	750	0.898	enhancer
PEAK_0146	800	0.983	enhancer
PEAK_0146	850	0.585	enhancer
PEAK_0146	900	0.544	enhancer
PEAK_0146	950	0.628	enhancer
PEAK_0146	1000	0.138	enhancer
PEAK_0147	-1000	0.221	background
PEAK_0147	-950	0.042	background
PEAK_0147	-900	0.471	background
PEAK_0147	-850	0.962	background
PEAK_0147	-800	0.548	background
PEAK_0147	-750	0.792	background
PEAK_0147	-700	0.863	background
PEAK_0147	-650	1.053	background
PEAK_0147	-600	0.348	background
PEAK_0147	-550	0.712	background
PEAK_0147	-500	0.205	background
PEAK_0147	-450	0.582	background
PEAK_0147	-400	0.397	background
PEAK_0147	-350	0.569	background
PEAK_0147	-300	0.82	background
PEAK_0147	-250	0.183	background
PEAK_0147	-200	0.809	background
PEAK_0147	-150	0.641	background
PEAK_0147	-100	0.843	background
PEAK_0147	-50	1.104	background
PEAK_0147	0	0.878	background
PEAK_0147	50	0.814	background
PEAK_0147	100	0.615	background
PEAK_0147	150	0.765	background
PEAK_0147	200	1.212	background
PEAK_0147	250	0.546	background
PEAK_0147	300	0.399	background
PEAK_0147	350	0.47	background
PEAK_0147	400	0.486	background
PEAK_0147	450	0.73	background
PEAK_0147	500	1.249	background
PEAK_0147	550	1.166	background
PEAK_0147	600	0.944	background
PEAK_0147	650	0.753	background
PEAK_0147	700	0.784	background
PEAK_0147	750	0.158	background
PEAK_0147	800	0.583	background
PEAK_0147	850	0.636	background
PEAK_0147	900	0.315	background
PEAK_0147	950	0.34	background
PEAK_0147	1000	0.832	background
PEAK_0148	-1000	0.0	promoter
PEAK_0148	-950	0.424	promoter
PEAK_0148	-900	0.271	promoter
PEAK_0148	-850	0.358	promoter
PEAK_0148	-800	0.096	promoter
PEAK_0148	-750	0.224	promoter
PEAK_0148	-700	0.444	promoter
PEAK_0148	-650	0.351	promoter
PEAK_0148	-600	0.395	promoter
PEAK_0148	-550	0.333	promoter
PEAK_0148	-500	0.172	promoter
PEAK_0148	-450	0.391	promoter
PEAK_0148	-400	0.476	promoter
PEAK_0148	-350	0.704	promoter
PEAK_0148	-300	1.596	promoter
PEAK_0148	-250	1.533	promoter
PEAK_0148	-200	3.542	promoter
PEAK_0148	-150	3.866	promoter
PEAK_0148	-100	7.168	promoter
PEAK_0148	-50	6.166	promoter
PEAK_0148	0	9.172	promoter
PEAK_0148	50	7.946	promoter
PEAK_0148	100	7.27	promoter
PEAK_0148	150	4.236	promoter
PEAK_0148	200	3.052	promoter
PEAK_0148	250	1.334	promoter
PEAK_0148	300	1.27	promoter
PEAK_0148	350	0.296	promoter
PEAK_0148	400	0.148	promoter
PEAK_0148	450	0.029	promoter
PEAK_0148	500	0.223	promoter
PEAK_0148	550	0.253	promoter
PEAK_0148	600	0.582	promoter
PEAK_0148	650	0.184	promoter
PEAK_0148	700	0.268	promoter
PEAK_0148	750	0.383	promoter
PEAK_0148	800	0.049	promoter
PEAK_0148	850	0.281	promoter
PEAK_0148	900	0.274	promoter
PEAK_0148	950	0.758	promoter
PEAK_0148	1000	0.192	promoter
PEAK_0149	-1000	0.0	promoter
PEAK_0149	-950	0.0	promoter
PEAK_0149	-900	0.257	promoter
PEAK_0149	-850	0.304	promoter
PEAK_0149	-800	0.084	promoter
PEAK_0149	-750	0.419	promoter
PEAK_0149	-700	0.436	promoter
PEAK_0149	-650	0.266	promoter
PEAK_0149	-600	0.528	promoter
PEAK_0149	-550	0.236	promoter
PEAK_0149	-500	0.297	promoter
PEAK_0149	-450	0.636	promoter
PEAK_0149	-400	0.376	promoter
PEAK_0149	-350	0.988	promoter
PEAK_0149	-300	2.396	promoter
PEAK_0149	-250	3.553	promoter
PEAK_0149	-200	6.385	promoter
PEAK_0149	-150	7.72	promoter
PEAK_0149	-100	10.966	promoter
PEAK_0149	-50	12.281	promoter
PEAK_0149	0	12.618	promoter
PEAK_0149	50	12.865	promoter
PEAK_0149	100	11.249	promoter
PEAK_0149	150	9.75	promoter
PEAK_0149	200	6.206	promoter
PEAK_0149	250	4.241	promoter
PEAK_0149	300	2.544	promoter
PEAK_0149	350	1.66	promoter
PEAK_0149	400	0.574	promoter
PEAK_0149	450	0.487	promoter
PEAK_0149	500	0.384	promoter
PEAK_0149	550	0.274	promoter
PEAK_0149	600	0.36	promoter
PEAK_0149	650	0.033	promoter
PEAK_0149	700	0.323	promoter
PEAK_0149	750	0.095	promoter
PEAK_0149	800	0.301	promoter
PEAK_0149	850	0.756	promoter
PEAK_0149	900	0.031	promoter
PEAK_0149	950	0.368	promoter
PEAK_0149	1000	0.229	promoter
PEAK_0150	-1000	0.152	promoter
PEAK_0150	-950	0.731	promoter
PEAK_0150	-900	0.14	promoter
PEAK_0150	-850	0.237	promoter
PEAK_0150	-800	0.003	promoter
PEAK_0150	-750	0.401	promoter
PEAK_0150	-700	0.191	promoter
PEAK_0150	-650	0.299	promoter
PEAK_0150	-600	0.097	promoter
PEAK_0150	-550	0.106	promoter
PEAK_0150	-500	0.849	promoter
PEAK_0150	-450	0.262	promoter
PEAK_0150	-400	0.23	promoter
PEAK_0150	-350	0.941	promoter
PEAK_0150	-300	1.119	promoter
PEAK_0150	-250	2.765	promoter
PEAK_0150	-200	5.107	promoter
PEAK_0150	-150	5.905	promoter
PEAK_0150	-100	8.635	promoter
PEAK_0150	-50	11.127	promoter
PEAK_0150	0	10.503	promoter
PEAK_0150	50	11.798	promoter
PEAK_0150	100	7.483	promoter
PEAK_0150	150	6.313	promoter
PEAK_0150	200	4.627	promoter
PEAK_0150	250	3.571	promoter
PEAK_0150	300	1.744	promoter
PEAK_0150	350	0.827	promoter
PEAK_0150	400	0.699	promoter
PEAK_0150	450	0.585	promoter
PEAK_0150	500	0.368	promoter
PEAK_0150	550	0.574	promoter
PEAK_0150	600	0.252	promoter
PEAK_0150	650	0.361	promoter
PEAK_0150	700	0.282	promoter
PEAK_0150	750	0.388	promoter
PEAK_0150	800	0.212	promoter
PEAK_0150	850	0.046	promoter
PEAK_0150	900	0.35	promoter
PEAK_0150	950	0.098	promoter
PEAK_0150	1000	0.411	promoter
PEAK_0151	-1000	0.925	background
PEAK_0151	-950	0.925	background
PEAK_0151	-900	0.434	background
PEAK_0151	-850	0.982	background
PEAK_0151	-800	0.329	background
PEAK_0151	-750	0.08	background
PEAK_0151	-700	0.994	background
PEAK_0151	-650	0.836	background
PEAK_0151	-600	0.831	background
PEAK_0151	-550	0.636	background
PEAK_0151	-500	0.828	background
PEAK_0151	-450	0.516	background
PEAK_0151	-400	0.998	background
PEAK_0151	-350	1.619	background
PEAK_0151	-300	0.811	background
PEAK_0151	-250	0.509	background
PEAK_0151	-200	0.782	background
PEAK_0151	-150	1.287	background
PEAK_0151	-100	0.002	background
PEAK_0151	-50	0.858	background
PEAK_0151	0	1.167	background
PEAK_0151	50	0.899	background
PEAK_0151	100	0.759	background
PEAK_0151	150	0.856	background
PEAK_0151	200	0.825	background
PEAK_0151	250	0.903	background
PEAK_0151	300	0.519	background
PEAK_0151	350	1.145	background
PEAK_0151	400	1.635	background
PEAK_0151	450	0.435	background
PEAK_0151	500	0.797	background
PEAK_0151	550	0.676	background
PEAK_0151	600	0.647	background
PEAK_0151	650	0.989	background
PEAK_0151	700	0.387	background
PEAK_0151	750	1.121	background
PEAK_0151	800	0.528	background
PEAK_0151	850	0.37	background
PEAK_0151	900	1.277	background
PEAK_0151	950	0.651	background
PEAK_0151	1000	0.813	background
PEAK_0152	-1000	0.348	promoter
PEAK_0152	-950	0.497	promoter
PEAK_0152	-900	0.323	promoter
PEAK_0152	-850	0.391	promoter
PEAK_0152	-800	0.406	promoter
PEAK_0152	-750	0.403	promoter
PEAK_0152	-700	0.283	promoter
PEAK_0152	-650	0.119	promoter
PEAK_0152	-600	0.128	promoter
PEAK_0152	-550	0.145	promoter
PEAK_0152	-500	0.415	promoter
PEAK_0152	-450	0.25	promoter
PEAK_0152	-400	0.151	promoter
PEAK_0152	-350	0.573	promoter
PEAK_0152	-300	1.838	promoter
PEAK_0152	-250	2.902	promoter
PEAK_0152	-200	5.012	promoter
PEAK_0152	-150	7.282	promoter
PEAK_0152	-100	9.285	promoter
PEAK_0152	-50	11.053	promoter
PEAK_0152	0	12.64	promoter
PEAK_0152	50	12.044	promoter
PEAK_0152	100	10.192	promoter
PEAK_0152	150	9.332	promoter
PEAK_0152	200	6.466	promoter
PEAK_0152	250	3.803	promoter
PEAK_0152	300	1.699	promoter
PEAK_0152	350	0.702	promoter
PEAK_0152	400	0.538	promoter
PEAK_0152	450	0.499	promoter
PEAK_0152	500	0.089	promoter
PEAK_0152	550	0.401	promoter
PEAK_0152	600	0.16	promoter
PEAK_0152	650	0.382	promoter
PEAK_0152	700	0.396	promoter
PEAK_0152	750	0.195	promoter
PEAK_0152	800	0.0	promoter
PEAK_0152	850	0.297	promoter
PEAK_0152	900	0.446	promoter
PEAK_0152	950	0.343	promoter
PEAK_0152	1000	0.135	promoter
PEAK_0153	-1000	0.395	promoter
PEAK_0153	-950	0.524	promoter
PEAK_0153	-900	0.214	promoter
PEAK_0153	-850	0.351	promoter
PEAK_0153	-800	0.243	promoter
PEAK_0153	-750	0.0	promoter
PEAK_0153	-700	0.092	promoter
PEAK_0153	-650	0.569	promoter
PEAK_0153	-600	0.212	promoter
PEAK_0153	-550	0.183	promoter
PEAK_0153	-500	0.273	promoter
PEAK_0153	-450	0.701	promoter
PEAK_0153	-400	0.638	promoter
PEAK_0153	-350	1.603	promoter
PEAK_0153	-300	3.404	promoter
PEAK_0153	-250	6.268	promoter
PEAK_0153	-200	9.288	promoter
PEAK_0153	-150	10.377	promoter
PEAK_0153	-100	13.163	promoter
PEAK_0153	-50	13.411	promoter
PEAK_0153	0	12.29	promoter
PEAK_0153	50	14.093	promoter
PEAK_0153	100	12.354	promoter
PEAK_0153	150	8.941	promoter
PEAK_0153	200	7.344	promoter
PEAK_0153	250	5.658	promoter
PEAK_0153	300	2.909	promoter
PEAK_0153	350	1.715	promoter
PEAK_0153	400	1.033	promoter
PEAK_0153	450	0.425	promoter
PEAK_0153	500	0.333	promoter
PEAK_0153	550	0.035	promoter
PEAK_0153	600	0.0	promoter
PEAK_0153	650	0.401	promoter
PEAK_0153	700	0.175	promoter
PEAK_0153	750	0.182	promoter
PEAK_0153	800	0.722	promoter
PEAK_0153	850	0.338	promoter
PEAK_0153	900	0.557	promoter
PEAK_0153	950	0.47	promoter
PEAK_0153	1000	0.296	promoter
PEAK_0154	-1000	0.502	background
PEAK_0154	-950	0.793	background
PEAK_0154	-900	0.213	background
PEAK_0154	-850	0.664	background
PEAK_0154	-800	0.029	background
PEAK_0154	-750	0.809	background
PEAK_0154	-700	0.866	background
PEAK_0154	-650	0.4	background
PEAK_0154	-600	1.25	background
PEAK_0154	-550	1.305	background
PEAK_0154	-500	0.513	background
PEAK_0154	-450	0.667	background
PEAK_0154	-400	1.209	background
PEAK_0154	-350	0.802	background
PEAK_0154	-300	1.006	background
PEAK_0154	-250	0.454	background
PEAK_0154	-200	0.656	background
PEAK_0154	-150	1.466	background
PEAK_0154	-100	0.789	background
PEAK_0154	-50	0.497	background
PEAK_0154	0	0.768	background
PEAK_0154	50	1.122	background
PEAK_0154	100	0.995	background
PEAK_0154	150	0.898	background
PEAK_0154	200	1.051	background
PEAK_0154	250	0.793	background
PEAK_0154	300	0.694	background
PEAK_0154	350	1.072	background
PEAK_0154	400	0.694	background
PEAK_0154	450	0.862	background
PEAK_0154	500	0.903	background
PEAK_0154	550	0.865	background
PEAK_0154	600	0.624	background
PEAK_0154	650	1.063	background
PEAK_0154	700	0.733	background
PEAK_0154	750	0.386	background
PEAK_0154	800	0.545	background
PEAK_0154	850	1.123	background
PEAK_0154	900	0.632	background
PEAK_0154	950	1.096	background
PEAK_0154	1000	0.414	background
PEAK_0155	-1000	0.107	enhancer
PEAK_0155	-950	0.469	enhancer
PEAK_0155	-900	0.04	enhancer
PEAK_0155	-850	0.061	enhancer
PEAK_0155	-800	0.884	enhancer
PEAK_0155	-750	0.584	enhancer
PEAK_0155	-700	0.25	enhancer
PEAK_0155	-650	0.032	enhancer
PEAK_0155	-600	0.224	enhancer
PEAK_0155	-550	0.604	enhancer
PEAK_0155	-500	1.385	enhancer
PEAK_0155	-450	0.947	enhancer
PEAK_0155	-400	0.889	enhancer
PEAK_0155	-350	1.199	enhancer
PEAK_0155	-300	1.189	enhancer
PEAK_0155	-250	2.375	enhancer
PEAK_0155	-200	1.983	enhancer
PEAK_0155	-150	2.402	enhancer
PEAK_0155	-100	2.509	enhancer
PEAK_0155	-50	2.618	enhancer
PEAK_0155	0	3.532	enhancer
PEAK_0155	50	3.469	enhancer
PEAK_0155	100	3.997	enhancer
PEAK_0155	150	4.021	enhancer
PEAK_0155	200	3.187	enhancer
PEAK_0155	250	3.406	enhancer
PEAK_0155	300	3.524	enhancer
PEAK_0155	350	3.67	enhancer
PEAK_0155	400	3.766	enhancer
PEAK_0155	450	2.786	enhancer
PEAK_0155	500	2.272	enhancer
PEAK_0155	550	2.758	enhancer
PEAK_0155	600	1.981	enhancer
PEAK_0155	650	2.797	enhancer
PEAK_0155	700	1.61	enhancer
PEAK_0155	750	1.409	enhancer
PEAK_0155	800	0.617	enhancer
PEAK_0155	850	1.036	enhancer
PEAK_0155	900	1.025	enhancer
PEAK_0155	950	0.412	enhancer
PEAK_0155	1000	0.432	enhancer
PEAK_0156	-1000	0.566	background
PEAK_0156	-950	0.819	background
PEAK_0156	-900	0.635	background
PEAK_0156	-850	0.833	background
PEAK_0156	-800	0.996	background
PEAK_0156	-750	0.611	background
PEAK_0156	-700	0.867	background
PEAK_0156	-650	0.739	background
PEAK_0156	-600	1.558	background
PEAK_0156	-550	0.787	background
PEAK_0156	-500	0.783	background
PEAK_0156	-450	0.469	background
PEAK_0156	-400	0.945	background
PEAK_0156	-350	0.939	background
PEAK_0156	-300	0.915	background
PEAK_0156	-250	0.428	background
PEAK_0156	-200	1.264	background
PEAK_0156	-150	1.172	background
PEAK_0156	-100	1.024	background
PEAK_0156	-50	1.047	background
PEAK_0156	0	1.068	background
PEAK_0156	50	0.492	background
PEAK_0156	100	0.461	background
PEAK_0156	150	1.148	background
PEAK_0156	200	0.68	background
PEAK_0156	250	0.694	background
PEAK_0156	300	0.975	background
PEAK_0156	350	0.175	background
PEAK_0156	400	1.207	background
PEAK_0156	450	0.391	background
PEAK_0156	500	1.175	background
PEAK_0156	550	0.334	background
PEAK_0156	600	0.531	background
PEAK_0156	650	0.978	background
PEAK_0156	700	0.672	background
PEAK_0156	750	0.489	background
PEAK_0156	800	0.333	background
PEAK_0156	850	0.547	background
PEAK_0156	900	0.663	background
PEAK_0156	950	0.993	background
PEAK_0156	1000	1.427	background
PEAK_0157	-1000	0.0	promoter
PEAK_0157	-950	0.372	promoter
PEAK_0157	-900	0.164	promoter
PEAK_0157	-850	0.481	promoter
PEAK_0157	-800	0.333	promoter
PEAK_0157	-750	0.161	promoter
PEAK_0157	-700	0.03	promoter
PEAK_0157	-650	0.078	promoter
PEAK_0157	-600	0.007	promoter
PEAK_0157	-550	0.0	promoter
PEAK_0157	-500	0.046	promoter
PEAK_0157	-450	0.518	promoter
PEAK_0157	-400	0.198	promoter
PEAK_0157	-350	1.087	promoter
PEAK_0157	-300	1.416	promoter
PEAK_0157	-250	2.235	promoter
PEAK_0157	-200	4.004	promoter
PEAK_0157	-150	6.391	promoter
PEAK_0157	-100	9.778	promoter
PEAK_0157	-50	11.722	promoter
PEAK_0157	0	12.95	promoter
PEAK_0157	50	11.666	promoter
PEAK_0157	100	8.826	promoter
PEAK_0157	150	6.637	promoter
PEAK_0157	200	3.304	promoter
PEAK_0157	250	2.938	promoter
PEAK_0157	300	1.156	promoter
PEAK_0157	350	1.099	promoter
PEAK_0157	400	0.29	promoter
PEAK_0157	450	0.0	promoter
PEAK_0157	500	0.045	promoter
PEAK_0157	550	0.492	promoter
PEAK_0157	600	0.285	promoter
PEAK_0157	650	0.174	promoter
PEAK_0157	700	0.249	promoter
PEAK_0157	750	0.136	promoter
PEAK_0157	800	0.164	promoter
PEAK_0157	850	0.187	promoter
PEAK_0157	900	0.212	promoter
PEAK_0157	950	0.266	promoter
PEAK_0157	1000	0.36	promoter
PEAK_0158	-1000	1.263	enhancer
PEAK_0158	-950	1.575	enhancer
PEAK_0158	-900	1.744	enhancer
PEAK_0158	-850	1.733	enhancer
PEAK_0158	-800	2.496	enhancer
PEAK_0158	-750	1.77	enhancer
PEAK_0158	-700	3.252	enhancer
PEAK_0158	-650	3.237	enhancer
PEAK_0158	-600	4.028	enhancer
PEAK_0158	-550	5.044	enhancer
PEAK_0158	-500	5.547	enhancer
PEAK_0158	-450	5.045	enhancer
PEAK_0158	-400	6.06	enhancer
PEAK_0158	-350	5.915	enhancer
PEAK_0158	-300	6.813	enhancer
PEAK_0158	-250	5.596	enhancer
PEAK_0158	-200	7.228	enhancer
PEAK_0158	-150	7.149	enhancer
PEAK_0158	-100	7.084	enhancer
PEAK_0158	-50	6.969	enhancer
PEAK_0158	0	8.022	enhancer
PEAK_0158	50	7.82	enhancer
PEAK_0158	100	6.525	enhancer
PEAK_0158	150	7.122	enhancer
PEAK_0158	200	6.939	enhancer
PEAK_0158	250	5.873	enhancer
PEAK_0158	300	5.97	enhancer
PEAK_0158	350	6.167	enhancer
PEAK_0158	400	5.015	enhancer
PEAK_0158	450	5.159	enhancer
PEAK_0158	500	4.752	enhancer
PEAK_0158	550	4.171	enhancer
PEAK_0158	600	3.395	enhancer
PEAK_0158	650	2.792	enhancer
PEAK_0158	700	2.712	enhancer
PEAK_0158	750	1.321	enhancer
PEAK_0158	800	2.386	enhancer
PEAK_0158	850	2.083	enhancer
PEAK_0158	900	1.947	enhancer
PEAK_0158	950	0.956	enhancer
PEAK_0158	1000	0.881	enhancer
PEAK_0159	-1000	0.556	background
PEAK_0159	-950	0.561	background
PEAK_0159	-900	0.723	background
PEAK_0159	-850	0.761	background
PEAK_0159	-800	0.708	background
PEAK_0159	-750	0.265	background
PEAK_0159	-700	0.815	background
PEAK_0159	-650	0.742	background
PEAK_0159	-600	0.828	background
PEAK_0159	-550	0.855	background
PEAK_0159	-500	1.247	background
PEAK_0159	-450	1.222	background
PEAK_0159	-400	0.994	background
PEAK_0159	-350	1.105	background
PEAK_0159	-300	1.192	background
PEAK_0159	-250	0.859	background
PEAK_0159	-200	0.635	background
PEAK_0159	-150	0.315	background
PEAK_0159	-100	0.587	background
PEAK_0159	-50	0.939	background
PEAK_0159	0	0.812	background
PEAK_0159	50	1.015	background
PEAK_0159	100	0.665	background
PEAK_0159	150	0.664	background
PEAK_0159	200	0.585	background
PEAK_0159	250	1.311	background
PEAK_0159	300	0.831	background
PEAK_0159	350	0.758	background
PEAK_0159	400	0.54	background
PEAK_0159	450	0.746	background
PEAK_0159	500	0.786	background
PEAK_0159	550	0.463	background
PEAK_0159	600	0.563	background
PEAK_0159	650	0.924	background
PEAK_0159	700	0.987	background
PEAK_0159	750	0.523	background
PEAK_0159	800	0.422	background
PEAK_0159	850	0.367	background
PEAK_0159	900	0.619	background
PEAK_0159	950	0.354	background
PEAK_0159	1000	0.438	background
PEAK_0160	-1000	0.952	background
PEAK_0160	-950	0.308	background
PEAK_0160	-900	0.345	background
PEAK_0160	-850	0.368	background
PEAK_0160	-800	0.497	background
PEAK_0160	-750	0.0	background
PEAK_0160	-700	0.519	background
PEAK_0160	-650	0.587	background
PEAK_0160	-600	0.457	background
PEAK_0160	-550	0.759	background
PEAK_0160	-500	1.107	background
PEAK_0160	-450	0.671	background
PEAK_0160	-400	0.077	background
PEAK_0160	-350	0.129	background
PEAK_0160	-300	0.267	background
PEAK_0160	-250	0.801	background
PEAK_0160	-200	0.441	background
PEAK_0160	-150	1.033	background
PEAK_0160	-100	0.487	background
PEAK_0160	-50	0.444	background
PEAK_0160	0	0.887	background
PEAK_0160	50	0.946	background
PEAK_0160	100	0.51	background
PEAK_0160	150	0.45	background
PEAK_0160	200	0.175	background
PEAK_0160	250	0.384	background
PEAK_0160	300	0.482	background
PEAK_0160	350	0.926	background
PEAK_0160	400	0.395	background
PEAK_0160	450	0.641	background
PEAK_0160	500	0.47	background
PEAK_0160	550	0.417	background
PEAK_0160	600	0.626	background
PEAK_0160	650	0.188	background
PEAK_0160	700	0.929	background
PEAK_0160	750	0.168	background
PEAK_0160	800	0.275	background
PEAK_0160	850	0.488	background
PEAK_0160	900	0.551	background
PEAK_0160	950	0.316	background
PEAK_0160	1000	0.233	background
PEAK_0161	-1000	0.329	enhancer
PEAK_0161	-950	0.402	enhancer
PEAK_0161	-900	0.872	enhancer
PEAK_0161	-850	0.21	enhancer
PEAK_0161	-800	0.484	enhancer
PEAK_0161	-750	0.914	enhancer
PEAK_0161	-700	0.307	enhancer
PEAK_0161	-650	0.805	enhancer
PEAK_0161	-600	1.173	enhancer
PEAK_0161	-550	1.385	enhancer
PEAK_0161	-500	1.807	enhancer
PEAK_0161	-450	1.692	enhancer
PEAK_0161	-400	1.939	enhancer
PEAK_0161	-350	2.147	enhancer
PEAK_0161	-300	2.59	enhancer
PEAK_0161	-250	3.283	enhancer
PEAK_0161	-200	2.102	enhancer
PEAK_0161	-150	2.187	enhancer
PEAK_0161	-100	2.744	enhancer
PEAK_0161	-50	2.85	enhancer
PEAK_0161	0	2.471	enhancer
PEAK_0161	50	2.203	enhancer
PEAK_0161	100	1.871	enhancer
PEAK_0161	150	1.722	enhancer
PEAK_0161	200	2.074	enhancer
PEAK_0161	250	1.222	enhancer
PEAK_0161	300	1.204	enhancer
PEAK_0161	350	1.141	enhancer
PEAK_0161	400	1.173	enhancer
PEAK_0161	450	0.82	enhancer
PEAK_0161	500	1.561	enhancer
PEAK_0161	550	0.374	enhancer
PEAK_0161	600	0.518	enhancer
PEAK_0161	650	0.626	enhancer
PEAK_0161	700	0.364	enhancer
PEAK_0161	750	0.506	enhancer
PEAK_0161	800	0.504	enhancer
PEAK_0161	850	0.214	enhancer
PEAK_0161	900	0.361	enhancer
PEAK_0161	950	0.305	enhancer
PEAK_0161	1000	0.0	enhancer
PEAK_0162	-1000	1.47	enhancer
PEAK_0162	-950	1.303	enhancer
PEAK_0162	-900	1.638	enhancer
PEAK_0162	-850	1.319	enhancer
PEAK_0162	-800	1.705	enhancer
PEAK_0162	-750	2.487	enhancer
PEAK_0162	-700	2.701	enhancer
PEAK_0162	-650	3.319	enhancer
PEAK_0162	-600	3.924	enhancer
PEAK_0162	-550	3.675	enhancer
PEAK_0162	-500	3.853	enhancer
PEAK_0162	-450	5.05	enhancer
PEAK_0162	-400	4.192	enhancer
PEAK_0162	-350	5.413	enhancer
PEAK_0162	-300	4.851	enhancer
PEAK_0162	-250	6.208	enhancer
PEAK_0162	-200	5.652	enhancer
PEAK_0162	-150	5.872	enhancer
PEAK_0162	-100	6.103	enhancer
PEAK_0162	-50	5.755	enhancer
PEAK_0162	0	4.977	enhancer
PEAK_0162	50	5.901	enhancer
PEAK_0162	100	6.153	enhancer
PEAK_0162	150	5.077	enhancer
PEAK_0162	200	5.259	enhancer
PEAK_0162	250	4.719	enhancer
PEAK_0162	300	4.988	enhancer
PEAK_0162	350	4.337	enhancer
PEAK_0162	400	4.044	enhancer
PEAK_0162	450	3.315	enhancer
PEAK_0162	500	3.286	enhancer
PEAK_0162	550	3.047	enhancer
PEAK_0162	600	1.51	enhancer
PEAK_0162	650	2.302	enhancer
PEAK_0162	700	2.486	enhancer
PEAK_0162	750	1.443	enhancer
PEAK_0162	800	0.456	enhancer
PEAK_0162	850	1.217	enhancer
PEAK_0162	900	1.508	enhancer
PEAK_0162	950	1.048	enhancer
PEAK_0162	1000	0.371	enhancer
PEAK_0163	-1000	0.259	promoter
PEAK_0163	-950	0.496	promoter
PEAK_0163	-900	0.169	promoter
PEAK_0163	-850	0.099	promoter
PEAK_0163	-800	0.143	promoter
PEAK_0163	-750	0.038	promoter
PEAK_0163	-700	0.259	promoter
PEAK_0163	-650	0.379	promoter
PEAK_0163	-600	0.138	promoter
PEAK_0163	-550	0.055	promoter
PEAK_0163	-500	0.051	promoter
PEAK_0163	-450	0.069	promoter
PEAK_0163	-400	0.516	promoter
PEAK_0163	-350	1.416	promoter
PEAK_0163	-300	1.854	promoter
PEAK_0163	-250	4.595	promoter
PEAK_0163	-200	6.713	promoter
PEAK_0163	-150	9.754	promoter
PEAK_0163	-100	11.955	promoter
PEAK_0163	-50	13.233	promoter
PEAK_0163	0	13.466	promoter
PEAK_0163	50	13.787	promoter
PEAK_0163	100	11.504	promoter
PEAK_0163	150	10.124	promoter
PEAK_0163	200	7.612	promoter
PEAK_0163	250	4.886	promoter
PEAK_0163	300	2.807	promoter
PEAK_0163	350	1.537	promoter
PEAK_0163	400	0.991	promoter
PEAK_0163	450	0.689	promoter
PEAK_0163	500	0.597	promoter
PEAK_0163	550	0.516	promoter
PEAK_0163	600	0.32	promoter
PEAK_0163	650	0.077	promoter
PEAK_0163	700	0.043	promoter
PEAK_0163	750	0.371	promoter
PEAK_0163	800	0.312	promoter
PEAK_0163	850	0.66	promoter
PEAK_0163	900	0.008	promoter
PEAK_0163	950	0.454	promoter
PEAK_0163	1000	0.175	promoter
PEAK_0164	-1000	0.375	enhancer
PEAK_0164	-950	1.07	enhancer
PEAK_0164	-900	0.695	enhancer
PEAK_0164	-850	0.518	enhancer
PEAK_0164	-800	0.489	enhancer
PEAK_0164	-750	1.182	enhancer
PEAK_0164	-700	0.808	enhancer
PEAK_0164	-650	0.363	enhancer
PEAK_0164	-600	1.304	enhancer
PEAK_0164	-550	1.282	enhancer
PEAK_0164	-500	1.219	enhancer
PEAK_0164	-450	1.167	enhancer
PEAK_0164	-400	1.665	enhancer
PEAK_0164	-350	1.875	enhancer
PEAK_0164	-300	1.881	enhancer
PEAK_0164	-250	2.109	enhancer
PEAK_0164	-200	1.645	enhancer
PEAK_0164	-150	1.787	enhancer
PEAK_0164	-100	1.901	enhancer
PEAK_0164	-50	1.286	enhancer
PEAK_0164	0	1.821	enhancer
PEAK_0164	50	1.474	enhancer
PEAK_0164	100	2.349	enhancer
PEAK_0164	150	1.78	enhancer
PEAK_0164	200	1.928	enhancer
PEAK_0164	250	1.594	enhancer
PEAK_0164	300	2.034	enhancer
PEAK_0164	350	1.17	enhancer
PEAK_0164	400	1.877	enhancer
PEAK_0164	450	1.196	enhancer
PEAK_0164	500	1.285	enhancer
PEAK_0164	550	1.381	enhancer
PEAK_0164	600	0.687	enhancer
PEAK_0164	650	0.543	enhancer
PEAK_0164	700	0.803	enhancer
PEAK_0164	750	0.553	enhancer
PEAK_0164	800	0.316	enhancer
PEAK_0164	850	0.274	enhancer
PEAK_0164	900	0.557	enhancer
PEAK_0164	950	0.382	enhancer
PEAK_0164	1000	0.431	enhancer
PEAK_0165	-1000	0.595	background
PEAK_0165	-950	1.037	background
PEAK_0165	-900	0.397	background
PEAK_0165	-850	0.866	background
PEAK_0165	-800	0.55	background
PEAK_0165	-750	0.821	background
PEAK_0165	-700	0.792	background
PEAK_0165	-650	0.586	background
PEAK_0165	-600	0.995	background
PEAK_0165	-550	0.139	background
PEAK_0165	-500	0.753	background
PEAK_0165	-450	1.183	background
PEAK_0165	-400	0.651	background
PEAK_0165	-350	1.078	background
PEAK_0165	-300	1.091	background
PEAK_0165	-250	1.036	background
PEAK_0165	-200	1.344	background
PEAK_0165	-150	1.475	background
PEAK_0165	-100	0.669	background
PEAK_0165	-50	0.941	background
PEAK_0165	0	1.144	background
PEAK_0165	50	1.35	background
PEAK_0165	100	1.226	background
PEAK_0165	150	1.542	background
PEAK_0165	200	0.734	background
PEAK_0165	250	1.061	background
PEAK_0165	300	0.449	background
PEAK_0165	350	0.817	background
PEAK_0165	400	1.032	background
PEAK_0165	450	1.498	background
PEAK_0165	500	0.393	background
PEAK_0165	550	1.192	background
PEAK_0165	600	0.354	background
PEAK_0165	650	0.576	background
PEAK_0165	700	0.781	background
PEAK_0165	750	0.918	background
PEAK_0165	800	0.35	background
PEAK_0165	850	1.002	background
PEAK_0165	900	0.892	background
PEAK_0165	950	0.919	background
PEAK_0165	1000	0.526	background
PEAK_0166	-1000	0.178	enhancer
PEAK_0166	-950	0.566	enhancer
PEAK_0166	-900	0.284	enhancer
PEAK_0166	-850	0.474	enhancer
PEAK_0166	-800	0.764	enhancer
PEAK_0166	-750	0.661	enhancer
PEAK_0166	-700	1.099	enhancer
PEAK_0166	-650	0.958	enhancer
PEAK_0166	-600	1.101	enhancer
PEAK_0166	-550	1.031	enhancer
PEAK_0166	-500	0.925	enhancer
PEAK_0166	-450	1.497	enhancer
PEAK_0166	-400	2.312	enhancer
PEAK_0166	-350	1.58	enhancer
PEAK_0166	-300	1.815	enhancer
PEAK_0166	-250	2.594	enhancer
PEAK_0166	-200	2.641	enhancer
PEAK_0166	-150	3.543	enhancer
PEAK_0166	-100	1.841	enhancer
PEAK_0166	-50	3.459	enhancer
PEAK_0166	0	3.081	enhancer
PEAK_0166	50	2.61	enhancer
PEAK_0166	100	3.066	enhancer
PEAK_0166	150	3.228	enhancer
PEAK_0166	200	3.193	enhancer
PEAK_0166	250	2.172	enhancer
PEAK_0166	300	2.05	enhancer
PEAK_0166	350	2.331	enhancer
PEAK_0166	400	3.05	enhancer
PEAK_0166	450	2.904	enhancer
PEAK_0166	500	2.982	enhancer
PEAK_0166	550	2.164	enhancer
PEAK_0166	600	1.086	enhancer
PEAK_0166	650	2.103	enhancer
PEAK_0166	700	1.442	enhancer
PEAK_0166	750	1.695	enhancer
PEAK_0166	800	0.947	enhancer
PEAK_0166	850	1.294	enhancer
PEAK_0166	900	1.146	enhancer
PEAK_0166	950	1.32	enhancer
PEAK_0166	1000	0.265	enhancer
PEAK_0167	-1000	0.642	background
PEAK_0167	-950	0.82	background
PEAK_0167	-900	0.764	background
PEAK_0167	-850	1.037	background
PEAK_0167	-800	0.764	background
PEAK_0167	-750	0.591	background
PEAK_0167	-700	1.254	background
PEAK_0167	-650	0.701	background
PEAK_0167	-600	0.367	background
PEAK_0167	-550	1.367	background
PEAK_0167	-500	1.137	background
PEAK_0167	-450	0.97	background
PEAK_0167	-400	0.765	background
PEAK_0167	-350	0.926	background
PEAK_0167	-300	0.896	background
PEAK_0167	-250	0.622	background
PEAK_0167	-200	1.668	background
PEAK_0167	-150	0.767	background
PEAK_0167	-100	0.992	background
PEAK_0167	-50	1.255	background
PEAK_0167	0	1.406	background
PEAK_0167	50	0.898	background
PEAK_0167	100	0.973	background
PEAK_0167	150	1.303	background
PEAK_0167	200	1.135	background
PEAK_0167	250	1.569	background
PEAK_0167	300	0.868	background
PEAK_0167	350	1.13	background
PEAK_0167	400	1.517	background
PEAK_0167	450	1.014	background
PEAK_0167	500	0.501	background
PEAK_0167	550	1.374	background
PEAK_0167	600	0.864	background
PEAK_0167	650	1.448	background
PEAK_0167	700	0.252	background
PEAK_0167	750	0.806	background
PEAK_0167	800	0.468	background
PEAK_0167	850	0.827	background
PEAK_0167	900	0.394	background
PEAK_0167	950	0.858	background
PEAK_0167	1000	0.206	background
PEAK_0168	-1000	0.415	promoter
PEAK_0168	-950	0.258	promoter
PEAK_0168	-900	0.239	promoter
PEAK_0168	-850	0.19	promoter
PEAK_0168	-800	0.227	promoter
PEAK_0168	-750	0.431	promoter
PEAK_0168	-700	0.0	promoter
PEAK_0168	-650	0.0	promoter
PEAK_0168	-600	0.0	promoter
PEAK_0168	-550	0.0	promoter
PEAK_0168	-500	0.022	promoter
PEAK_0168	-450	0.501	promoter
PEAK_0168	-400	0.16	promoter
PEAK_0168	-350	1.165	promoter
PEAK_0168	-300	0.504	promoter
PEAK_0168	-250	1.943	promoter
PEAK_0168	-200	2.09	promoter
PEAK_0168	-150	2.318	promoter
PEAK_0168	-100	4.22	promoter
PEAK_0168	-50	4.35	promoter
PEAK_0168	0	2.914	promoter
PEAK_0168	50	4.059	promoter
PEAK_0168	100	3.785	promoter
PEAK_0168	150	2.421	promoter
PEAK_0168	200	2.052	promoter
PEAK_0168	250	1.974	promoter
PEAK_0168	300	1.364	promoter
PEAK_0168	350	0.0	promoter
PEAK_0168	400	0.028	promoter
PEAK_0168	450	0.331	promoter
PEAK_0168	500	0.232	promoter
PEAK_0168	550	0.351	promoter
PEAK_0168	600	0.29	promoter
PEAK_0168	650	0.305	promoter
PEAK_0168	700	0.107	promoter
PEAK_0168	750	0.039	promoter
PEAK_0168	800	0.092	promoter
PEAK_0168	850	0.092	promoter
PEAK_0168	900	0.517	promoter
PEAK_0168	950	0.113	promoter
PEAK_0168	1000	0.029	promoter
PEAK_0169	-1000	0.085	enhancer
PEAK_0169	-950	0.334	enhancer
PEAK_0169	-900	0.422	enhancer
PEAK_0169	-850	0.681	enhancer
PEAK_0169	-800	0.411	enhancer
PEAK_0169	-750	0.434	enhancer
PEAK_0169	-700	0.99	enhancer
PEAK_0169	-650	0.579	enhancer
PEAK_0169	-600	1.053	enhancer
PEAK_0169	-550	1.479	enhancer
PEAK_0169	-500	2.077	enhancer
PEAK_0169	-450	1.754	enhancer
PEAK_0169	-400	1.692	enhancer
PEAK_0169	-350	2.806	enhancer
PEAK_0169	-300	3.029	enhancer
PEAK_0169	-250	3.958	enhancer
PEAK_0169	-200	4.482	enhancer
PEAK_0169	-150	4.499	enhancer
PEAK_0169	-100	4.93	enhancer
PEAK_0169	-50	5.222	enhancer
PEAK_0169	0	5.785	enhancer
PEAK_0169	50	5.624	enhancer
PEAK_0169	100	6.103	enhancer
PEAK_0169	150	6.545	enhancer
PEAK_0169	200	5.874	enhancer
PEAK_0169	250	5.843	enhancer
PEAK_0169	300	4.593	enhancer
PEAK_0169	350	5.108	enhancer
PEAK_0169	400	4.209	enhancer
PEAK_0169	450	2.949	enhancer
PEAK_0169	500	2.609	enhancer
PEAK_0169	550	2.707	enhancer
PEAK_0169	600	1.754	enhancer
PEAK_0169	650	1.604	enhancer
PEAK_0169	700	1.237	enhancer
PEAK_0169	750	0.966	enhancer
PEAK_0169	800	0.484	enhancer
PEAK_0169	850	0.304	enhancer
PEAK_0169	900	0.76	enhancer
PEAK_0169	950	0.112	enhancer
PEAK_0169	1000	0.277	enhancer
PEAK_0170	-1000	1.611	enhancer
PEAK_0170	-950	1.897	enhancer
PEAK_0170	-900	1.684	enhancer
PEAK_0170	-850	2.578	enhancer
PEAK_0170	-800	3.76	enhancer
PEAK_0170	-750	3.291	enhancer
PEAK_0170	-700	3.654	enhancer
PEAK_0170	-650	5.365	enhancer
PEAK_0170	-600	5.519	enhancer
PEAK_0170	-550	6.038	enhancer
PEAK_0170	-500	6.882	enhancer
PEAK_0170	-450	6.605	enhancer
PEAK_0170	-400	6.627	enhancer
PEAK_0170	-350	8.023	enhancer
PEAK_0170	-300	8.802	enhancer
PEAK_0170	-250	8.998	enhancer
PEAK_0170	-200	8.875	enhancer
PEAK_0170	-150	9.376	enhancer
PEAK_0170	-100	9.658	enhancer
PEAK_0170	-50	9.339	enhancer
PEAK_0170	0	8.594	enhancer
PEAK_0170	50	8.638	enhancer
PEAK_0170	100	9.08	enhancer
PEAK_0170	150	8.353	enhancer
PEAK_0170	200	8.012	enhancer
PEAK_0170	250	7.958	enhancer
PEAK_0170	300	7.693	enhancer
PEAK_0170	350	6.531	enhancer
PEAK_0170	400	5.153	enhancer
PEAK_0170	450	7.3	enhancer
PEAK_0170	500	4.469	enhancer
PEAK_0170	550	5.087	enhancer
PEAK_0170	600	4.227	enhancer
PEAK_0170	650	3.605	enhancer
PEAK_0170	700	3.51	enhancer
PEAK_0170	750	2.345	enhancer
PEAK_0170	800	1.971	enhancer
PEAK_0170	850	1.259	enhancer
PEAK_0170	900	1.549	enhancer
PEAK_0170	950	1.443	enhancer
PEAK_0170	1000	0.759	enhancer
PEAK_0171	-1000	0.812	background
PEAK_0171	-950	0.402	background
PEAK_0171	-900	0.81	background
PEAK_0171	-850	0.502	background
PEAK_0171	-800	0.357	background
PEAK_0171	-750	0.76	background
PEAK_0171	-700	0.585	background
PEAK_0171	-650	1.193	background
PEAK_0171	-600	0.65	background
PEAK_0171	-550	0.76	background
PEAK_0171	-500	0.706	background
PEAK_0171	-450	1.044	background
PEAK_0171	-400	0.901	background
PEAK_0171	-350	1.262	background
PEAK_0171	-300	1.321	background
PEAK_0171	-250	0.957	background
PEAK_0171	-200	0.679	background
PEAK_0171	-150	0.989	background
PEAK_0171	-100	0.741	background
PEAK_0171	-50	0.749	background
PEAK_0171	0	1.039	background
PEAK_0171	50	1.085	background
PEAK_0171	100	1.019	background
PEAK_0171	150	0.663	background
PEAK_0171	200	0.189	background
PEAK_0171	250	0.902	background
PEAK_0171	300	0.786	background
PEAK_0171	350	0.637	background
PEAK_0171	400	0.48	background
PEAK_0171	450	0.297	background
PEAK_0171	500	0.562	background
PEAK_0171	550	0.355	background
PEAK_0171	600	1.001	background
PEAK_0171	650	0.87	background
PEAK_0171	700	0.832	background
PEAK_0171	750	0.634	background
PEAK_0171	800	0.491	background
PEAK_0171	850	0.678	background
PEAK_0171	900	0.668	background
PEAK_0171	950	0.506	background
PEAK_0171	1000	0.281	background
PEAK_0172	-1000	0.615	enhancer
PEAK_0172	-950	0.671	enhancer
PEAK_0172	-900	0.491	enhancer
PEAK_0172	-850	0.567	enhancer
PEAK_0172	-800	0.749	enhancer
PEAK_0172	-750	0.441	enhancer
PEAK_0172	-700	1.561	enhancer
PEAK_0172	-650	0.643	enhancer
PEAK_0172	-600	2.156	enhancer
PEAK_0172	-550	1.922	enhancer
PEAK_0172	-500	1.801	enhancer
PEAK_0172	-450	2.525	enhancer
PEAK_0172	-400	2.371	enhancer
PEAK_0172	-350	2.906	enhancer
PEAK_0172	-300	3.254	enhancer
PEAK_0172	-250	3.422	enhancer
PEAK_0172	-200	3.272	enhancer
PEAK_0172	-150	2.79	enhancer
PEAK_0172	-100	3.877	enhancer
PEAK_0172	-50	3.509	enhancer
PEAK_0172	0	3.216	enhancer
PEAK_0172	50	3.741	enhancer
PEAK_0172	100	3.191	enhancer
PEAK_0172	150	3.88	enhancer
PEAK_0172	200	3.725	enhancer
PEAK_0172	250	3.078	enhancer
PEAK_0172	300	3.599	enhancer
PEAK_0172	350	2.524	enhancer
PEAK_0172	400	2.069	enhancer
PEAK_0172	450	2.398	enhancer
PEAK_0172	500	2.313	enhancer
PEAK_0172	550	0.792	enhancer
PEAK_0172	600	1.698	enhancer
PEAK_0172	650	1.385	enhancer
PEAK_0172	700	1.207	enhancer
PEAK_0172	750	1.424	enhancer
PEAK_0172	800	1.502	enhancer
PEAK_0172	850	0.891	enhancer
PEAK_0172	900	0.656	enhancer
PEAK_0172	950	0.788	enhancer
PEAK_0172	1000	0.252	enhancer
PEAK_0173	-1000	0.951	enhancer
PEAK_0173	-950	1.581	enhancer
PEAK_0173	-900	1.242	enhancer
PEAK_0173	-850	2.647	enhancer
PEAK_0173	-800	2.248	enhancer
PEAK_0173	-750	2.929	enhancer
PEAK_0173	-700	2.468	enhancer
PEAK_0173	-650	4.18	enhancer
PEAK_0173	-600	4.911	enhancer
PEAK_0173	-550	4.089	enhancer
PEAK_0173	-500	5.328	enhancer
PEAK_0173	-450	6.065	enhancer
PEAK_0173	-400	6.628	enhancer
PEAK_0173	-350	8.22	enhancer
PEAK_0173	-300	7.799	enhancer
PEAK_0173	-250	7.851	enhancer
PEAK_0173	-200	8.283	enhancer
PEAK_0173	-150	7.842	enhancer
PEAK_0173	-100	9.039	enhancer
PEAK_0173	-50	8.643	enhancer
PEAK_0173	0	8.337	enhancer
PEAK_0173	50	9.648	enhancer
PEAK_0173	100	7.581	enhancer
PEAK_0173	150	9.322	enhancer
PEAK_0173	200	8.144	enhancer
PEAK_0173	250	8.645	enhancer
PEAK_0173	300	6.551	enhancer
PEAK_0173	350	5.937	enhancer
PEAK_0173	400	5.856	enhancer
PEAK_0173	450	5.44	enhancer
PEAK_0173	500	4.418	enhancer
PEAK_0173	550	3.411	enhancer
PEAK_0173	600	3.942	enhancer
PEAK_0173	650	3.43	enhancer
PEAK_0173	700	1.632	enhancer
PEAK_0173	750	2.027	enhancer
PEAK_0173	800	1.881	enhancer
PEAK_0173	850	1.804	enhancer
PEAK_0173	900	1.209	enhancer
PEAK_0173	950	1.156	enhancer
PEAK_0173	1000	1.046	enhancer
PEAK_0174	-1000	0.219	enhancer
PEAK_0174	-950	0.0	enhancer
PEAK_0174	-900	0.025	enhancer
PEAK_0174	-850	0.0	enhancer
PEAK_0174	-800	0.415	enhancer
PEAK_0174	-750	0.287	enhancer
PEAK_0174	-700	0.69	enhancer
PEAK_0174	-650	0.978	enhancer
PEAK_0174	-600	1.043	enhancer
PEAK_0174	-550	0.55	enhancer
PEAK_0174	-500	0.928	enhancer
PEAK_0174	-450	0.977	enhancer
PEAK_0174	-400	1.149	enhancer
PEAK_0174	-350	1.374	enhancer
PEAK_0174	-300	1.092	enhancer
PEAK_0174	-250	1.413	enhancer
PEAK_0174	-200	2.195	enhancer
PEAK_0174	-150	1.776	enhancer
PEAK_0174	-100	1.008	enhancer
PEAK_0174	-50	1.886	enhancer
PEAK_0174	0	1.643	enhancer
PEAK_0174	50	1.611	enhancer
PEAK_0174	100	1.925	enhancer
PEAK_0174	150	1.24	enhancer
PEAK_0174	200	1.058	enhancer
PEAK_0174	250	1.1	enhancer
PEAK_0174	300	1.442	enhancer
PEAK_0174	350	1.06	enhancer
PEAK_0174	400	0.208	enhancer
PEAK_0174	450	0.898	enhancer
PEAK_0174	500	0.881	enhancer
PEAK_0174	550	0.376	enhancer
PEAK_0174	600	0.519	enhancer
PEAK_0174	650	0.832	enhancer
PEAK_0174	700	0.211	enhancer
PEAK_0174	750	0.102	enhancer
PEAK_0174	800	0.205	enhancer
PEAK_0174	850	0.243	enhancer
PEAK_0174	900	0.285	enhancer
PEAK_0174	950	0.37	enhancer
PEAK_0174	1000	0.467	enhancer
PEAK_0175	-1000	0.271	promoter
PEAK_0175	-950	0.422	promoter
PEAK_0175	-900	0.039	promoter
PEAK_0175	-850	0.223	promoter
PEAK_0175	-800	0.064	promoter
PEAK_0175	-750	0.748	promoter
PEAK_0175	-700	0.263	promoter
PEAK_0175	-650	0.31	promoter
PEAK_0175	-600	0.053	promoter
PEAK_0175	-550	0.142	promoter
PEAK_0175	-500	0.382	promoter
PEAK_0175	-450	0.008	promoter
PEAK_0175	-400	0.517	promoter
PEAK_0175	-350	1.401	promoter
PEAK_0175	-300	1.832	promoter
PEAK_0175	-250	3.546	promoter
PEAK_0175	-200	5.911	promoter
PEAK_0175	-150	9.215	promoter
PEAK_0175	-100	12.745	promoter
PEAK_0175	-50	17.757	promoter
PEAK_0175	0	17.936	promoter
PEAK_0175	50	17.281	promoter
PEAK_0175	100	12.736	promoter
PEAK_0175	150	8.766	promoter
PEAK_0175	200	7.093	promoter
PEAK_0175	250	3.251	promoter
PEAK_0175	300	1.913	promoter
PEAK_0175	350	1.32	promoter
PEAK_0175	400	0.411	promoter
PEAK_0175	450	0.0	promoter
PEAK_0175	500	0.173	promoter
PEAK_0175	550	0.408	promoter
PEAK_0175	600	0.546	promoter
PEAK_0175	650	0.492	promoter
PEAK_0175	700	0.277	promoter
PEAK_0175	750	0.438	promoter
PEAK_0175	800	0.388	promoter
PEAK_0175	850	0.113	promoter
PEAK_0175	900	0.126	promoter
PEAK_0175	950	0.07	promoter
PEAK_0175	1000	0.167	promoter
PEAK_0176	-1000	0.584	enhancer
PEAK_0176	-950	0.075	enhancer
PEAK_0176	-900	0.208	enhancer
PEAK_0176	-850	0.417	enhancer
PEAK_0176	-800	0.509	enhancer
PEAK_0176	-750	0.0	enhancer
PEAK_0176	-700	0.613	enhancer
PEAK_0176	-650	0.242	enhancer
PEAK_0176	-600	0.677	enhancer
PEAK_0176	-550	0.764	enhancer
PEAK_0176	-500	1.067	enhancer
PEAK_0176	-450	0.598	enhancer
PEAK_0176	-400	1.54	enhancer
PEAK_0176	-350	1.32	enhancer
PEAK_0176	-300	1.884	enhancer
PEAK_0176	-250	2.68	enhancer
PEAK_0176	-200	3.279	enhancer
PEAK_0176	-150	4.409	enhancer
PEAK_0176	-100	4.349	enhancer
PEAK_0176	-50	4.4	enhancer
PEAK_0176	0	3.969	enhancer
PEAK_0176	50	4.501	enhancer
PEAK_0176	100	4.697	enhancer
PEAK_0176	150	4.228	enhancer
PEAK_0176	200	3.62	enhancer
PEAK_0176	250	3.945	enhancer
PEAK_0176	300	4.305	enhancer
PEAK_0176	350	3.524	enhancer
PEAK_0176	400	4.206	enhancer
PEAK_0176	450	2.866	enhancer
PEAK_0176	500	2.498	enhancer
PEAK_0176	550	1.725	enhancer
PEAK_0176	600	2.459	enhancer
PEAK_0176	650	1.437	enhancer
PEAK_0176	700	0.75	enhancer
PEAK_0176	750	0.39	enhancer
PEAK_0176	800	0.577	enhancer
PEAK_0176	850	0.49	enhancer
PEAK_0176	900	0.473	enhancer
PEAK_0176	950	0.646	enhancer
PEAK_0176	1000	0.214	enhancer
PEAK_0177	-1000	0.009	promoter
PEAK_0177	-950	0.0	promoter
PEAK_0177	-900	0.193	promoter
PEAK_0177	-850	0.659	promoter
PEAK_0177	-800	0.192	promoter
PEAK_0177	-750	0.618	promoter
PEAK_0177	-700	0.594	promoter
PEAK_0177	-650	0.338	promoter
PEAK_0177	-600	0.0	promoter
PEAK_0177	-550	0.0	promoter
PEAK_0177	-500	0.0	promoter
PEAK_0177	-450	0.229	promoter
PEAK_0177	-400	0.612	promoter
PEAK_0177	-350	0.878	promoter
PEAK_0177	-300	1.552	promoter
PEAK_0177	-250	2.555	promoter
PEAK_0177	-200	4.081	promoter
PEAK_0177	-150	4.483	promoter
PEAK_0177	-100	5.922	promoter
PEAK_0177	-50	6.044	promoter
PEAK_0177	0	5.56	promoter
PEAK_0177	50	6.784	promoter
PEAK_0177	100	5.526	promoter
PEAK_0177	150	4.844	promoter
PEAK_0177	200	3.869	promoter
PEAK_0177	250	1.744	promoter
PEAK_0177	300	1.147	promoter
PEAK_0177	350	0.796	promoter
PEAK_0177	400	0.252	promoter
PEAK_0177	450	0.566	promoter
PEAK_0177	500	0.171	promoter
PEAK_0177	550	0.445	promoter
PEAK_0177	600	0.247	promoter
PEAK_0177	650	0.073	promoter
PEAK_0177	700	0.433	promoter
PEAK_0177	750	0.495	promoter
PEAK_0177	800	0.0	promoter
PEAK_0177	850	0.265	promoter
PEAK_0177	900	0.002	promoter
PEAK_0177	950	0.243	promoter
PEAK_0177	1000	0.25	promoter
PEAK_0178	-1000	0.1	promoter
PEAK_0178	-950	0.33	promoter
PEAK_0178	-900	0.0	promoter
PEAK_0178	-850	0.625	promoter
PEAK_0178	-800	0.309	promoter
PEAK_0178	-750	0.512	promoter
PEAK_0178	-700	0.175	promoter
PEAK_0178	-650	0.26	promoter
PEAK_0178	-600	0.0	promoter
PEAK_0178	-550	0.581	promoter
PEAK_0178	-500	0.213	promoter
PEAK_0178	-450	0.038	promoter
PEAK_0178	-400	0.435	promoter
PEAK_0178	-350	0.0	promoter
PEAK_0178	-300	1.237	promoter
PEAK_0178	-250	1.256	promoter
PEAK_0178	-200	1.818	promoter
PEAK_0178	-150	3.085	promoter
PEAK_0178	-100	3.168	promoter
PEAK_0178	-50	3.708	promoter
PEAK_0178	0	3.9	promoter
PEAK_0178	50	2.928	promoter
PEAK_0178	100	2.58	promoter
PEAK_0178	150	1.908	promoter
PEAK_0178	200	1.464	promoter
PEAK_0178	250	1.036	promoter
PEAK_0178	300	0.374	promoter
PEAK_0178	350	0.345	promoter
PEAK_0178	400	0.49	promoter
PEAK_0178	450	0.07	promoter
PEAK_0178	500	0.179	promoter
PEAK_0178	550	0.091	promoter
PEAK_0178	600	0.256	promoter
PEAK_0178	650	0.303	promoter
PEAK_0178	700	0.611	promoter
PEAK_0178	750	0.099	promoter
PEAK_0178	800	0.351	promoter
PEAK_0178	850	0.0	promoter
PEAK_0178	900	0.5	promoter
PEAK_0178	950	0.327	promoter
PEAK_0178	1000	0.424	promoter
PEAK_0179	-1000	0.181	background
PEAK_0179	-950	0.728	background
PEAK_0179	-900	0.934	background
PEAK_0179	-850	0.681	background
PEAK_0179	-800	0.059	background
PEAK_0179	-750	0.369	background
PEAK_0179	-700	0.748	background
PEAK_0179	-650	0.784	background
PEAK_0179	-600	0.441	background
PEAK_0179	-550	0.98	background
PEAK_0179	-500	0.074	background
PEAK_0179	-450	1.039	background
PEAK_0179	-400	0.322	background
PEAK_0179	-350	1.141	background
PEAK_0179	-300	1.01	background
PEAK_0179	-250	0.77	background
PEAK_0179	-200	0.897	background
PEAK_0179	-150	0.805	background
PEAK_0179	-100	0.779	background
PEAK_0179	-50	1.454	background
PEAK_0179	0	0.92	background
PEAK_0179	50	1.097	background
PEAK_0179	100	0.289	background
PEAK_0179	150	0.63	background
PEAK_0179	200	1.064	background
PEAK_0179	250	1.121	background
PEAK_0179	300	0.81	background
PEAK_0179	350	1.401	background
PEAK_0179	400	1.537	background
PEAK_0179	450	0.513	background
PEAK_0179	500	0.617	background
PEAK_0179	550	0.994	background
PEAK_0179	600	0.755	background
PEAK_0179	650	1.007	background
PEAK_0179	700	0.527	background
PEAK_0179	750	0.64	background
PEAK_0179	800	0.305	background
PEAK_0179	850	0.534	background
PEAK_0179	900	0.532	background
PEAK_0179	950	0.499	background
PEAK_0179	1000	0.77	background
PEAK_0180	-1000	0.256	enhancer
PEAK_0180	-950	0.392	enhancer
PEAK_0180	-900	0.367	enhancer
PEAK_0180	-850	0.359	enhancer
PEAK_0180	-800	0.607	enhancer
PEAK_0180	-750	0.525	enhancer
PEAK_0180	-700	1.22	enhancer
PEAK_0180	-650	1.323	enhancer
PEAK_0180	-600	1.595	enhancer
PEAK_0180	-550	1.509	enhancer
PEAK_0180	-500	2.311	enhancer
PEAK_0180	-450	3.278	enhancer
PEAK_0180	-400	2.877	enhancer
PEAK_0180	-350	3.665	enhancer
PEAK_0180	-300	3.889	enhancer
PEAK_0180	-250	5.05	enhancer
PEAK_0180	-200	4.962	enhancer
PEAK_0180	-150	5.892	enhancer
PEAK_0180	-100	6.374	enhancer
PEAK_0180	-50	6.42	enhancer
PEAK_0180	0	6.433	enhancer
PEAK_0180	50	6.581	enhancer
PEAK_0180	100	6.437	enhancer
PEAK_0180	150	6.244	enhancer
PEAK_0180	200	4.474	enhancer
PEAK_0180	250	4.965	enhancer
PEAK_0180	300	4.376	enhancer
PEAK_0180	350	4.42	enhancer
PEAK_0180	400	3.794	enhancer
PEAK_0180	450	2.579	enhancer
PEAK_0180	500	2.823	enhancer
PEAK_0180	550	1.425	enhancer
PEAK_0180	600	2.048	enhancer
PEAK_0180	650	0.987	enhancer
PEAK_0180	700	1.03	enhancer
PEAK_0180	750	1.022	enhancer
PEAK_0180	800	0.561	enhancer
PEAK_0180	850	0.503	enhancer
PEAK_0180	900	0.51	enhancer
PEAK_0180	950	0.678	enhancer
PEAK_0180	1000	0.579	enhancer
PEAK_0181	-1000	0.524	background
PEAK_0181	-950	0.15	background
PEAK_0181	-900	0.516	background
PEAK_0181	-850	0.303	background
PEAK_0181	-800	0.279	background
PEAK_0181	-750	0.392	background
PEAK_0181	-700	0.592	background
PEAK_0181	-650	0.567	background
PEAK_0181	-600	0.384	background
PEAK_0181	-550	0.606	background
PEAK_0181	-500	0.377	background
PEAK_0181	-450	0.639	background
PEAK_0181	-400	0.62	background
PEAK_0181	-350	0.455	background
PEAK_0181	-300	0.822	background
PEAK_0181	-250	0.609	background
PEAK_0181	-200	0.265	background
PEAK_0181	-150	0.785	background
PEAK_0181	-100	0.459	background
PEAK_0181	-50	0.941	background
PEAK_0181	0	0.242	background
PEAK_0181	50	0.358	background
PEAK_0181	100	0.616	background
PEAK_0181	150	0.137	background
PEAK_0181	200	0.282	background
PEAK_0181	250	0.57	background
PEAK_0181	300	0.301	background
PEAK_0181	350	0.608	background
PEAK_0181	400	0.805	background
PEAK_0181	450	0.99	background
PEAK_0181	500	0.205	background
PEAK_0181	550	0.0	background
PEAK_0181	600	0.963	background
PEAK_0181	650	0.825	background
PEAK_0181	700	0.223	background
PEAK_0181	750	0.882	background
PEAK_0181	800	0.742	background
PEAK_0181	850	0.212	background
PEAK_0181	900	0.551	background
PEAK_0181	950	0.592	background
PEAK_0181	1000	0.0	background
PEAK_0182	-1000	0.002	enhancer
PEAK_0182	-950	0.0	enhancer
PEAK_0182	-900	0.545	enhancer
PEAK_0182	-850	0.56	enhancer
PEAK_0182	-800	0.618	enhancer
PEAK_0182	-750	0.787	enhancer
PEAK_0182	-700	1.024	enhancer
PEAK_0182	-650	1.175	enhancer
PEAK_0182	-600	0.663	enhancer
PEAK_0182	-550	0.955	enhancer
PEAK_0182	-500	1.089	enhancer
PEAK_0182	-450	1.134	enhancer
PEAK_0182	-400	2.175	enhancer
PEAK_0182	-350	1.761	enhancer
PEAK_0182	-300	1.796	enhancer
PEAK_0182	-250	2.496	enhancer
PEAK_0182	-200	2.275	enhancer
PEAK_0182	-150	2.733	enhancer
PEAK_0182	-100	2.692	enhancer
PEAK_0182	-50	2.546	enhancer
PEAK_0182	0	1.843	enhancer
PEAK_0182	50	2.573	enhancer
PEAK_0182	100	1.188	enhancer
PEAK_0182	150	1.708	enhancer
PEAK_0182	200	1.497	enhancer
PEAK_0182	250	1.562	enhancer
PEAK_0182	300	1.148	enhancer
PEAK_0182	350	1.052	enhancer
PEAK_0182	400	0.906	enhancer
PEAK_0182	450	0.77	enhancer
PEAK_0182	500	0.723	enhancer
PEAK_0182	550	0.25	enhancer
PEAK_0182	600	0.496	enhancer
PEAK_0182	650	0.522	enhancer
PEAK_0182	700	0.31	enhancer
PEAK_0182	750	0.099	enhancer
PEAK_0182	800	0.126	enhancer
PEAK_0182	850	0.245	enhancer
PEAK_0182	900	0.373	enhancer
PEAK_0182	950	0.512	enhancer
PEAK_0182	1000	0.353	enhancer
PEAK_0183	-1000	0.602	enhancer
PEAK_0183	-950	1.198	enhancer
PEAK_0183	-900	2.006	enhancer
PEAK_0183	-850	1.102	enhancer
PEAK_0183	-800	1.759	enhancer
PEAK_0183	-750	1.849	enhancer
PEAK_0183	-700	2.518	enhancer
PEAK_0183	-650	3.475	enhancer
PEAK_0183	-600	3.207	enhancer
PEAK_0183	-550	3.603	enhancer
PEAK_0183	-500	3.131	enhancer
PEAK_0183	-450	3.34	enhancer
PEAK_0183	-400	4.477	enhancer
PEAK_0183	-350	5.075	enhancer
PEAK_0183	-300	5.338	enhancer
PEAK_0183	-250	5.734	enhancer
PEAK_0183	-200	5.293	enhancer
PEAK_0183	-150	6.707	enhancer
PEAK_0183	-100	7.222	enhancer
PEAK_0183	-50	5.954	enhancer
PEAK_0183	0	6.127	enhancer
PEAK_0183	50	7.879	enhancer
PEAK_0183	100	7.045	enhancer
PEAK_0183	150	5.967	enhancer
PEAK_0183	200	5.75	enhancer
PEAK_0183	250	5.546	enhancer
PEAK_0183	300	5.435	enhancer
PEAK_0183	350	6.095	enhancer
PEAK_0183	400	5.389	enhancer
PEAK_0183	450	3.97	enhancer
PEAK_0183	500	5.408	enhancer
PEAK_0183	550	4.153	enhancer
PEAK_0183	600	2.928	enhancer
PEAK_0183	650	3.538	enhancer
PEAK_0183	700	3.246	enhancer
PEAK_0183	750	2.681	enhancer
PEAK_0183	800	1.724	enhancer
PEAK_0183	850	2.398	enhancer
PEAK_0183	900	1.943	enhancer
PEAK_0183	950	1.594	enhancer
PEAK_0183	1000	1.057	enhancer
PEAK_0184	-1000	0.516	promoter
PEAK_0184	-950	0.097	promoter
PEAK_0184	-900	0.467	promoter
PEAK_0184	-850	0.496	promoter
PEAK_0184	-800	0.678	promoter
PEAK_0184	-750	0.352	promoter
PEAK_0184	-700	0.069	promoter
PEAK_0184	-650	0.363	promoter
PEAK_0184	-600	0.328	promoter
PEAK_0184	-550	0.325	promoter
PEAK_0184	-500	0.777	promoter
PEAK_0184	-450	0.366	promoter
PEAK_0184	-400	0.512	promoter
PEAK_0184	-350	1.011	promoter
PEAK_0184	-300	1.597	promoter
PEAK_0184	-250	2.772	promoter
PEAK_0184	-200	4.793	promoter
PEAK_0184	-150	4.505	promoter
PEAK_0184	-100	7.623	promoter
PEAK_0184	-50	6.602	promoter
PEAK_0184	0	5.968	promoter
PEAK_0184	50	6.267	promoter
PEAK_0184	100	5.674	promoter
PEAK_0184	150	4.691	promoter
PEAK_0184	200	3.515	promoter
PEAK_0184	250	3.328	promoter
PEAK_0184	300	1.39	promoter
PEAK_0184	350	0.529	promoter
PEAK_0184	400	0.424	promoter
PEAK_0184	450	0.252	promoter
PEAK_0184	500	0.314	promoter
PEAK_0184	550	0.089	promoter
PEAK_0184	600	0.326	promoter
PEAK_0184	650	0.045	promoter
PEAK_0184	700	0.149	promoter
PEAK_0184	750	0.666	promoter
PEAK_0184	800	0.215	promoter
PEAK_0184	850	0.0	promoter
PEAK_0184	900	0.407	promoter
PEAK_0184	950	0.656	promoter
PEAK_0184	1000	0.504	promoter
PEAK_0185	-1000	1.795	enhancer
PEAK_0185	-950	1.978	enhancer
PEAK_0185	-900	2.353	enhancer
PEAK_0185	-850	2.727	enhancer
PEAK_0185	-800	3.257	enhancer
PEAK_0185	-750	2.798	enhancer
PEAK_0185	-700	3.255	enhancer
PEAK_0185	-650	3.985	enhancer
PEAK_0185	-600	4.229	enhancer
PEAK_0185	-550	5.221	enhancer
PEAK_0185	-500	5.406	enhancer
PEAK_0185	-450	5.568	enhancer
PEAK_0185	-400	5.672	enhancer
PEAK_0185	-350	6.442	enhancer
PEAK_0185	-300	8.176	enhancer
PEAK_0185	-250	6.739	enhancer
PEAK_0185	-200	7.422	enhancer
PEAK_0185	-150	7.343	enhancer
PEAK_0185	-100	7.565	enhancer
PEAK_0185	-50	7.995	enhancer
PEAK_0185	0	7.206	enhancer
PEAK_0185	50	6.654	enhancer
PEAK_0185	100	8.582	enhancer
PEAK_0185	150	6.757	enhancer
PEAK_0185	200	8.048	enhancer
PEAK_0185	250	7.639	enhancer
PEAK_0185	300	6.469	enhancer
PEAK_0185	350	6.509	enhancer
PEAK_0185	400	5.682	enhancer
PEAK_0185	450	5.117	enhancer
PEAK_0185	500	4.704	enhancer
PEAK_0185	550	4.161	enhancer
PEAK_0185	600	3.949	enhancer
PEAK_0185	650	3.883	enhancer
PEAK_0185	700	2.736	enhancer
PEAK_0185	750	2.752	enhancer
PEAK_0185	800	2.275	enhancer
PEAK_0185	850	1.629	enhancer
PEAK_0185	900	1.755	enhancer
PEAK_0185	950	1.815	enhancer
PEAK_0185	1000	1.478	enhancer
PEAK_0186	-1000	0.337	promoter
PEAK_0186	-950	0.306	promoter
PEAK_0186	-900	0.144	promoter
PEAK_0186	-850	0.116	promoter
PEAK_0186	-800	0.189	promoter
PEAK_0186	-750	0.632	promoter
PEAK_0186	-700	0.0	promoter
PEAK_0186	-650	0.042	promoter
PEAK_0186	-600	0.205	promoter
PEAK_0186	-550	0.117	promoter
PEAK_0186	-500	0.0	promoter
PEAK_0186	-450	0.595	promoter
PEAK_0186	-400	0.256	promoter
PEAK_0186	-350	0.708	promoter
PEAK_0186	-300	1.554	promoter
PEAK_0186	-250	1.151	promoter
PEAK_0186	-200	1.997	promoter
PEAK_0186	-150	2.913	promoter
PEAK_0186	-100	4.834	promoter
PEAK_0186	-50	6.829	promoter
PEAK_0186	0	8.539	promoter
PEAK_0186	50	7.306	promoter
PEAK_0186	100	4.966	promoter
PEAK_0186	150	3.559	promoter
PEAK_0186	200	2.052	promoter
PEAK_0186	250	1.308	promoter
PEAK_0186	300	0.625	promoter
PEAK_0186	350	0.983	promoter
PEAK_0186	400	0.254	promoter
PEAK_0186	450	0.0	promoter
PEAK_0186	500	0.652	promoter
PEAK_0186	550	0.485	promoter
PEAK_0186	600	0.217	promoter
PEAK_0186	650	0.579	promoter
PEAK_0186	700	0.176	promoter
PEAK_0186	750	0.0	promoter
PEAK_0186	800	0.89	promoter
PEAK_0186	850	0.62	promoter
PEAK_0186	900	0.351	promoter
PEAK_0186	950	0.05	promoter
PEAK_0186	1000	0.176	promoter
PEAK_0187	-1000	0.193	promoter
PEAK_0187	-950	0.0	promoter
PEAK_0187	-900	0.484	promoter
PEAK_0187	-850	0.0	promoter
PEAK_0187	-800	0.405	promoter
PEAK_0187	-750	0.188	promoter
PEAK_0187	-700	0.164	promoter
PEAK_0187	-650	0.0	promoter
PEAK_0187	-600	0.212	promoter
PEAK_0187	-550	0.457	promoter
PEAK_0187	-500	0.0	promoter
PEAK_0187	-450	0.237	promoter
PEAK_0187	-400	0.442	promoter
PEAK_0187	-350	0.843	promoter
PEAK_0187	-300	1.563	promoter
PEAK_0187	-250	2.78	promoter
PEAK_0187	-200	4.425	promoter
PEAK_0187	-150	6.598	promoter
PEAK_0187	-100	9.008	promoter
PEAK_0187	-50	10.566	promoter
PEAK_0187	0	12.673	promoter
PEAK_0187	50	10.855	promoter
PEAK_0187	100	8.661	promoter
PEAK_0187	150	5.449	promoter
PEAK_0187	200	4.806	promoter
PEAK_0187	250	2.828	promoter
PEAK_0187	300	1.774	promoter
PEAK_0187	350	0.948	promoter
PEAK_0187	400	0.514	promoter
PEAK_0187	450	0.0	promoter
PEAK_0187	500	0.396	promoter
PEAK_0187	550	0.0	promoter
PEAK_0187	600	0.207	promoter
PEAK_0187	650	0.354	promoter
PEAK_0187	700	0.452	promoter
PEAK_0187	750	0.111	promoter
PEAK_0187	800	0.176	promoter
PEAK_0187	850	0.03	promoter
PEAK_0187	900	0.464	promoter
PEAK_0187	950	0.0	promoter
PEAK_0187	1000	0.155	promoter
PEAK_0188	-1000	0.612	enhancer
PEAK_0188	-950	0.522	enhancer
PEAK_0188	-900	0.14	enhancer
PEAK_0188	-850	0.797	enhancer
PEAK_0188	-800	0.789	enhancer
PEAK_0188	-750	0.86	enhancer
PEAK_0188	-700	1.172	enhancer
PEAK_0188	-650	1.459	enhancer
PEAK_0188	-600	0.884	enhancer
PEAK_0188	-550	1.099	enhancer
PEAK_0188	-500	1.607	enhancer
PEAK_0188	-450	2.033	enhancer
PEAK_0188	-400	2.804	enhancer
PEAK_0188	-350	2.678	enhancer
PEAK_0188	-300	2.647	enhancer
PEAK_0188	-250	3.042	enhancer
PEAK_0188	-200	3.761	enhancer
PEAK_0188	-150	3.237	enhancer
PEAK_0188	-100	2.803	enhancer
PEAK_0188	-50	3.455	enhancer
PEAK_0188	0	3.074	enhancer
PEAK_0188	50	3.771	enhancer
PEAK_0188	100	3.378	enhancer
PEAK_0188	150	3.192	enhancer
PEAK_0188	200	3.106	enhancer
PEAK_0188	250	2.469	enhancer
PEAK_0188	300	2.516	enhancer
PEAK_0188	350	2.286	enhancer
PEAK_0188	400	1.57	enhancer
PEAK_0188	450	1.186	enhancer
PEAK_0188	500	1.855	enhancer
PEAK_0188	550	1.991	enhancer
PEAK_0188	600	1.344	enhancer
PEAK_0188	650	0.288	enhancer
PEAK_0188	700	0.612	enhancer
PEAK_0188	750	1.101	enhancer
PEAK_0188	800	1.033	enhancer
PEAK_0188	850	0.652	enhancer
PEAK_0188	900	0.187	enhancer
PEAK_0188	950	0.462	enhancer
PEAK_0188	1000	0.709	enhancer
PEAK_0189	-1000	0.426	promoter
PEAK_0189	-950	0.251	promoter
PEAK_0189	-900	0.159	promoter
PEAK_0189	-850	0.22	promoter
PEAK_0189	-800	0.211	promoter
PEAK_0189	-750	0.117	promoter
PEAK_0189	-700	0.282	promoter
PEAK_0189	-650	0.175	promoter
PEAK_0189	-600	0.198	promoter
PEAK_0189	-550	0.622	promoter
PEAK_0189	-500	0.058	promoter
PEAK_0189	-450	0.745	promoter
PEAK_0189	-400	0.46	promoter
PEAK_0189	-350	1.155	promoter
PEAK_0189	-300	1.792	promoter
PEAK_0189	-250	3.424	promoter
PEAK_0189	-200	5.859	promoter
PEAK_0189	-150	7.153	promoter
PEAK_0189	-100	10.223	promoter
PEAK_0189	-50	11.592	promoter
PEAK_0189	0	11.955	promoter
PEAK_0189	50	11.556	promoter
PEAK_0189	100	8.666	promoter
PEAK_0189	150	6.796	promoter
PEAK_0189	200	5.414	promoter
PEAK_0189	250	3.57	promoter
PEAK_0189	300	2.014	promoter
PEAK_0189	350	1.197	promoter
PEAK_0189	400	0.272	promoter
PEAK_0189	450	0.427	promoter
PEAK_0189	500	0.223	promoter
PEAK_0189	550	0.628	promoter
PEAK_0189	600	0.267	promoter
PEAK_0189	650	0.337	promoter
PEAK_0189	700	0.178	promoter
PEAK_0189	750	0.371	promoter
PEAK_0189	800	0.121	promoter
PEAK_0189	850	0.007	promoter
PEAK_0189	900	0.154	promoter
PEAK_0189	950	0.7	promoter
PEAK_0189	1000	0.112	promoter
PEAK_0190	-1000	0.78	enhancer
PEAK_0190	-950	0.38	enhancer
PEAK_0190	-900	0.61	enhancer
PEAK_0190	-850	0.346	enhancer
PEAK_0190	-800	0.995	enhancer
PEAK_0190	-750	0.849	enhancer
PEAK_0190	-700	0.564	enhancer
PEAK_0190	-650	0.805	enhancer
PEAK_0190	-600	1.96	enhancer
PEAK_0190	-550	2.032	enhancer
PEAK_0190	-500	2.891	enhancer
PEAK_0190	-450	1.398	enhancer
PEAK_0190	-400	3.383	enhancer
PEAK_0190	-350	3.491	enhancer
PEAK_0190	-300	4.839	enhancer
PEAK_0190	-250	4.947	enhancer
PEAK_0190	-200	5.592	enhancer
PEAK_0190	-150	5.321	enhancer
PEAK_0190	-100	7.31	enhancer
PEAK_0190	-50	6.998	enhancer
PEAK_0190	0	6.36	enhancer
PEAK_0190	50	6.397	enhancer
PEAK_0190	100	6.353	enhancer
PEAK_0190	150	6.251	enhancer
PEAK_0190	200	5.975	enhancer
PEAK_0190	250	5.991	enhancer
PEAK_0190	300	5.929	enhancer
PEAK_0190	350	5.127	enhancer
PEAK_0190	400	4.407	enhancer
PEAK_0190	450	3.493	enhancer
PEAK_0190	500	2.276	enhancer
PEAK_0190	550	2.428	enhancer
PEAK_0190	600	2.129	enhancer
PEAK_0190	650	2.227	enhancer
PEAK_0190	700	1.631	enhancer
PEAK_0190	750	0.903	enhancer
PEAK_0190	800	1.158	enhancer
PEAK_0190	850	0.411	enhancer
PEAK_0190	900	0.821	enhancer
PEAK_0190	950	0.293	enhancer
PEAK_0190	1000	0.009	enhancer
PEAK_0191	-1000	0.28	promoter
PEAK_0191	-950	0.189	promoter
PEAK_0191	-900	0.306	promoter
PEAK_0191	-850	0.1	promoter
PEAK_0191	-800	0.373	promoter
PEAK_0191	-750	0.362	promoter
PEAK_0191	-700	0.085	promoter
PEAK_0191	-650	0.001	promoter
PEAK_0191	-600	0.223	promoter
PEAK_0191	-550	0.064	promoter
PEAK_0191	-500	0.0	promoter
PEAK_0191	-450	0.269	promoter
PEAK_0191	-400	0.299	promoter
PEAK_0191	-350	1.015	promoter
PEAK_0191	-300	2.358	promoter
PEAK_0191	-250	4.082	promoter
PEAK_0191	-200	5.152	promoter
PEAK_0191	-150	9.378	promoter
PEAK_0191	-100	11.667	promoter
PEAK_0191	-50	14.026	promoter
PEAK_0191	0	15.615	promoter
PEAK_0191	50	16.665	promoter
PEAK_0191	100	12.671	promoter
PEAK_0191	150	8.717	promoter
PEAK_0191	200	5.197	promoter
PEAK_0191	250	4.306	promoter
PEAK_0191	300	2.768	promoter
PEAK_0191	350	0.692	promoter
PEAK_0191	400	0.661	promoter
PEAK_0191	450	0.312	promoter
PEAK_0191	500	0.525	promoter
PEAK_0191	550	0.0	promoter
PEAK_0191	600	0.0	promoter
PEAK_0191	650	0.364	promoter
PEAK_0191	700	0.081	promoter
PEAK_0191	750	0.166	promoter
PEAK_0191	800	0.186	promoter
PEAK_0191	850	0.573	promoter
PEAK_0191	900	0.0	promoter
PEAK_0191	950	0.025	promoter
PEAK_0191	1000	0.134	promoter
PEAK_0192	-1000	0.27	promoter
PEAK_0192	-950	0.124	promoter
PEAK_0192	-900	0.398	promoter
PEAK_0192	-850	0.276	promoter
PEAK_0192	-800	0.067	promoter
PEAK_0192	-750	0.423	promoter
PEAK_0192	-700	0.198	promoter
PEAK_0192	-650	0.132	promoter
PEAK_0192	-600	0.0	promoter
PEAK_0192	-550	0.0	promoter
PEAK_0192	-500	0.182	promoter
PEAK_0192	-450	0.252	promoter
PEAK_0192	-400	0.492	promoter
PEAK_0192	-350	0.982	promoter
PEAK_0192	-300	2.549	promoter
PEAK_0192	-250	5.106	promoter
PEAK_0192	-200	8.38	promoter
PEAK_0192	-150	13.429	promoter
PEAK_0192	-100	19.398	promoter
PEAK_0192	-50	25.551	promoter
PEAK_0192	0	29.401	promoter
PEAK_0192	50	25.819	promoter
PEAK_0192	100	19.376	promoter
PEAK_0192	150	13.305	promoter
PEAK_0192	200	7.974	promoter
PEAK_0192	250	4.802	promoter
PEAK_0192	300	2.248	promoter
PEAK_0192	350	1.208	promoter
PEAK_0192	400	1.212	promoter
PEAK_0192	450	0.293	promoter
PEAK_0192	500	0.467	promoter
PEAK_0192	550	0.176	promoter
PEAK_0192	600	0.269	promoter
PEAK_0192	650	0.518	promoter
PEAK_0192	700	0.207	promoter
PEAK_0192	750	0.299	promoter
PEAK_0192	800	0.058	promoter
PEAK_0192	850	0.303	promoter
PEAK_0192	900	0.278	promoter
PEAK_0192	950	0.413	promoter
PEAK_0192	1000	0.25	promoter
PEAK_0193	-1000	0.186	enhancer
PEAK_0193	-950	0.444	enhancer
PEAK_0193	-900	0.464	enhancer
PEAK_0193	-850	0.229	enhancer
PEAK_0193	-800	0.957	enhancer
PEAK_0193	-750	0.308	enhancer
PEAK_0193	-700	0.57	enhancer
PEAK_0193	-650	0.847	enhancer
PEAK_0193	-600	1.36	enhancer
PEAK_0193	-550	1.391	enhancer
PEAK_0193	-500	1.972	enhancer
PEAK_0193	-450	2.25	enhancer
PEAK_0193	-400	3.296	enhancer
PEAK_0193	-350	3.684	enhancer
PEAK_0193	-300	4.373	enhancer
PEAK_0193	-250	5.005	enhancer
PEAK_0193	-200	6.784	enhancer
PEAK_0193	-150	6.679	enhancer
PEAK_0193	-100	6.531	enhancer
PEAK_0193	-50	7.101	enhancer
PEAK_0193	0	7.887	enhancer
PEAK_0193	50	8.029	enhancer
PEAK_0193	100	8.171	enhancer
PEAK_0193	150	7.78	enhancer
PEAK_0193	200	8.848	enhancer
PEAK_0193	250	7.212	enhancer
PEAK_0193	300	8.229	enhancer
PEAK_0193	350	7.306	enhancer
PEAK_0193	400	6.208	enhancer
PEAK_0193	450	5.427	enhancer
PEAK_0193	500	4.544	enhancer
PEAK_0193	550	3.532	enhancer
PEAK_0193	600	3.079	enhancer
PEAK_0193	650	2.848	enhancer
PEAK_0193	700	2.21	enhancer
PEAK_0193	750	1.228	enhancer
PEAK_0193	800	1.267	enhancer
PEAK_0193	850	0.972	enhancer
PEAK_0193	900	1.255	enhancer
PEAK_0193	950	0.817	enhancer
PEAK_0193	1000	1.114	enhancer
PEAK_0194	-1000	0.214	promoter
PEAK_0194	-950	0.107	promoter
PEAK_0194	-900	0.201	promoter
PEAK_0194	-850	0.002	promoter
PEAK_0194	-800	0.458	promoter
PEAK_0194	-750	0.663	promoter
PEAK_0194	-700	0.395	promoter
PEAK_0194	-650	0.324	promoter
PEAK_0194	-600	0.252	promoter
PEAK_0194	-550	0.409	promoter
PEAK_0194	-500	0.327	promoter
PEAK_0194	-450	0.19	promoter
PEAK_0194	-400	0.086	promoter
PEAK_0194	-350	0.978	promoter
PEAK_0194	-300	1.2	promoter
PEAK_0194	-250	2.386	promoter
PEAK_0194	-200	4.378	promoter
PEAK_0194	-150	6.062	promoter
PEAK_0194	-100	6.948	promoter
PEAK_0194	-50	7.401	promoter
PEAK_0194	0	7.698	promoter
PEAK_0194	50	8.042	promoter
PEAK_0194	100	6.419	promoter
PEAK_0194	150	4.577	promoter
PEAK_0194	200	4.097	promoter
PEAK_0194	250	3.077	promoter
PEAK_0194	300	1.275	promoter
PEAK_0194	350	0.528	promoter
PEAK_0194	400	0.885	promoter
PEAK_0194	450	0.419	promoter
PEAK_0194	500	0.134	promoter
PEAK_0194	550	0.382	promoter
PEAK_0194	600	0.556	promoter
PEAK_0194	650	0.501	promoter
PEAK_0194	700	0.187	promoter
PEAK_0194	750	0.319	promoter
PEAK_0194	800	0.168	promoter
PEAK_0194	850	0.692	promoter
PEAK_0194	900	0.0	promoter
PEAK_0194	950	0.323	promoter
PEAK_0194	1000	0.274	promoter
PEAK_0195	-1000	0.327	promoter
PEAK_0195	-950	0.577	promoter
PEAK_0195	-900	0.235	promoter
PEAK_0195	-850	0.398	promoter
PEAK_0195	-800	0.479	promoter
PEAK_0195	-750	0.375	promoter
PEAK_0195	-700	0.023	promoter
PEAK_0195	-650	0.493	promoter
PEAK_0195	-600	0.09	promoter
PEAK_0195	-550	0.22	promoter
PEAK_0195	-500	0.274	promoter
PEAK_0195	-450	0.851	promoter
PEAK_0195	-400	0.264	promoter
PEAK_0195	-350	0.32	promoter
PEAK_0195	-300	2.11	promoter
PEAK_0195	-250	2.685	promoter
PEAK_0195	-200	4.382	promoter
PEAK_0195	-150	6.106	promoter
PEAK_0195	-100	6.548	promoter
PEAK_0195	-50	7.818	promoter
PEAK_0195	0	7.64	promoter
PEAK_0195	50	7.532	promoter
PEAK_0195	100	6.157	promoter
PEAK_0195	150	6.21	promoter
PEAK_0195	200	4.765	promoter
PEAK_0195	250	3.191	promoter
PEAK_0195	300	2.493	promoter
PEAK_0195	350	0.914	promoter
PEAK_0195	400	0.793	promoter
PEAK_0195	450	0.67	promoter
PEAK_0195	500	0.185	promoter
PEAK_0195	550	0.328	promoter
PEAK_0195	600	0.306	promoter
PEAK_0195	650	0.084	promoter
PEAK_0195	700	0.21	promoter
PEAK_0195	750	0.481	promoter
PEAK_0195	800	0.123	promoter
PEAK_0195	850	0.0	promoter
PEAK_0195	900	0.015	promoter
PEAK_0195	950	0.0	promoter
PEAK_0195	1000	0.221	promoter
PEAK_0196	-1000	0.223	enhancer
PEAK_0196	-950	0.369	enhancer
PEAK_0196	-900	0.572	enhancer
PEAK_0196	-850	0.0	enhancer
PEAK_0196	-800	0.488	enhancer
PEAK_0196	-750	0.962	enhancer
PEAK_0196	-700	0.977	enhancer
PEAK_0196	-650	0.0	enhancer
PEAK_0196	-600	0.68	enhancer
PEAK_0196	-550	1.208	enhancer
PEAK_0196	-500	1.148	enhancer
PEAK_0196	-450	1.166	enhancer
PEAK_0196	-400	1.378	enhancer
PEAK_0196	-350	2.38	enhancer
PEAK_0196	-300	2.005	enhancer
PEAK_0196	-250	2.644	enhancer
PEAK_0196	-200	2.293	enhancer
PEAK_0196	-150	1.931	enhancer
PEAK_0196	-100	2.488	enhancer
PEAK_0196	-50	3.198	enhancer
PEAK_0196	0	2.095	enhancer
PEAK_0196	50	2.906	enhancer
PEAK_0196	100	2.031	enhancer
PEAK_0196	150	1.876	enhancer
PEAK_0196	200	2.66	enhancer
PEAK_0196	250	1.944	enhancer
PEAK_0196	300	2.079	enhancer
PEAK_0196	350	1.811	enhancer
PEAK_0196	400	1.971	enhancer
PEAK_0196	450	1.159	enhancer
PEAK_0196	500	1.021	enhancer
PEAK_0196	550	1.285	enhancer
PEAK_0196	600	0.787	enhancer
PEAK_0196	650	0.698	enhancer
PEAK_0196	700	0.543	enhancer
PEAK_0196	750	0.936	enhancer
PEAK_0196	800	0.604	enhancer
PEAK_0196	850	0.588	enhancer
PEAK_0196	900	0.547	enhancer
PEAK_0196	950	0.0	enhancer
PEAK_0196	1000	0.359	enhancer
PEAK_0197	-1000	0.056	promoter
PEAK_0197	-950	0.064	promoter
PEAK_0197	-900	0.235	promoter
PEAK_0197	-850	0.051	promoter
PEAK_0197	-800	0.488	promoter
PEAK_0197	-750	0.607	promoter
PEAK_0197	-700	0.466	promoter
PEAK_0197	-650	0.227	promoter
PEAK_0197	-600	0.425	promoter
PEAK_0197	-550	0.397	promoter
PEAK_0197	-500	0.26	promoter
PEAK_0197	-450	0.483	promoter
PEAK_0197	-400	0.535	promoter
PEAK_0197	-350	1.004	promoter
PEAK_0197	-300	2.931	promoter
PEAK_0197	-250	4.22	promoter
PEAK_0197	-200	6.389	promoter
PEAK_0197	-150	8.153	promoter
PEAK_0197	-100	10.805	promoter
PEAK_0197	-50	13.061	promoter
PEAK_0197	0	11.479	promoter
PEAK_0197	50	12.435	promoter
PEAK_0197	100	10.612	promoter
PEAK_0197	150	7.214	promoter
PEAK_0197	200	6.773	promoter
PEAK_0197	250	3.976	promoter
PEAK_0197	300	2.224	promoter
PEAK_0197	350	0.776	promoter
PEAK_0197	400	0.5	promoter
PEAK_0197	450	0.098	promoter
PEAK_0197	500	0.286	promoter
PEAK_0197	550	0.113	promoter
PEAK_0197	600	0.195	promoter
PEAK_0197	650	0.0	promoter
PEAK_0197	700	0.251	promoter
PEAK_0197	750	0.239	promoter
PEAK_0197	800	0.137	promoter
PEAK_0197	850	0.351	promoter
PEAK_0197	900	0.55	promoter
PEAK_0197	950	0.023	promoter
PEAK_0197	1000	0.707	promoter
PEAK_0198	-1000	0.0	enhancer
PEAK_0198	-950	0.511	enhancer
PEAK_0198	-900	0.143	enhancer
PEAK_0198	-850	0.366	enhancer
PEAK_0198	-800	0.824	enhancer
PEAK_0198	-750	0.648	enhancer
PEAK_0198	-700	0.068	enhancer
PEAK_0198	-650	0.507	enhancer
PEAK_0198	-600	1.527	enhancer
PEAK_0198	-550	1.424	enhancer
PEAK_0198	-500	1.68	enhancer
PEAK_0198	-450	1.428	enhancer
PEAK_0198	-400	1.948	enhancer
PEAK_0198	-350	2.675	enhancer
PEAK_0198	-300	3.286	enhancer
PEAK_0198	-250	3.405	enhancer
PEAK_0198	-200	4.012	enhancer
PEAK_0198	-150	4.664	enhancer
PEAK_0198	-100	4.625	enhancer
PEAK_0198	-50	4.953	enhancer
PEAK_0198	0	4.736	enhancer
PEAK_0198	50	6.431	enhancer
PEAK_0198	100	5.629	enhancer
PEAK_0198	150	4.071	enhancer
PEAK_0198	200	5.352	enhancer
PEAK_0198	250	4.999	enhancer
PEAK_0198	300	4.919	enhancer
PEAK_0198	350	4.671	enhancer
PEAK_0198	400	3.317	enhancer
PEAK_0198	450	3.729	enhancer
PEAK_0198	500	3.233	enhancer
PEAK_0198	550	3.064	enhancer
PEAK_0198	600	1.379	enhancer
PEAK_0198	650	1.901	enhancer
PEAK_0198	700	1.6	enhancer
PEAK_0198	750	1.005	enhancer
PEAK_0198	800	1.161	enhancer
PEAK_0198	850	0.733	enhancer
PEAK_0198	900	0.57	enhancer
PEAK_0198	950	0.327	enhancer
PEAK_0198	1000	0.612	enhancer
PEAK_0199	-1000	0.68	promoter
PEAK_0199	-950	0.25	promoter
PEAK_0199	-900	0.325	promoter
PEAK_0199	-850	0.001	promoter
PEAK_0199	-800	0.077	promoter
PEAK_0199	-750	0.781	promoter
PEAK_0199	-700	0.0	promoter
PEAK_0199	-650	0.0	promoter
PEAK_0199	-600	0.781	promoter
PEAK_0199	-550	0.365	promoter
PEAK_0199	-500	0.197	promoter
PEAK_0199	-450	0.383	promoter
PEAK_0199	-400	0.577	promoter
PEAK_0199	-350	1.056	promoter
PEAK_0199	-300	2.128	promoter
PEAK_0199	-250	3.096	promoter
PEAK_0199	-200	3.25	promoter
PEAK_0199	-150	5.833	promoter
PEAK_0199	-100	8.274	promoter
PEAK_0199	-50	13.211	promoter
PEAK_0199	0	12.646	promoter
PEAK_0199	50	12.193	promoter
PEAK_0199	100	9.481	promoter
PEAK_0199	150	5.441	promoter
PEAK_0199	200	3.816	promoter
PEAK_0199	250	2.355	promoter
PEAK_0199	300	2.652	promoter
PEAK_0199	350	1.347	promoter
PEAK_0199	400	0.397	promoter
PEAK_0199	450	0.0	promoter
PEAK_0199	500	0.0	promoter
PEAK_0199	550	0.26	promoter
PEAK_0199	600	0.318	promoter
PEAK_0199	650	0.0	promoter
PEAK_0199	700	0.332	promoter
PEAK_0199	750	0.202	promoter
PEAK_0199	800	0.0	promoter
PEAK_0199	850	0.0	promoter
PEAK_0199	900	0.303	promoter
PEAK_0199	950	0.485	promoter
PEAK_0199	1000	0.472	promoter
PEAK_0200	-1000	0.0	promoter
PEAK_0200	-950	0.357	promoter
PEAK_0200	-900	0.552	promoter
PEAK_0200	-850	0.059	promoter
PEAK_0200	-800	0.273	promoter
PEAK_0200	-750	0.443	promoter
PEAK_0200	-700	0.427	promoter
PEAK_0200	-650	0.413	promoter
PEAK_0200	-600	0.431	promoter
PEAK_0200	-550	0.298	promoter
PEAK_0200	-500	0.633	promoter
PEAK_0200	-450	0.449	promoter
PEAK_0200	-400	0.552	promoter
PEAK_0200	-350	2.207	promoter
PEAK_0200	-300	3.466	promoter
PEAK_0200	-250	6.694	promoter
PEAK_0200	-200	9.835	promoter
PEAK_0200	-150	14.143	promoter
PEAK_0200	-100	15.583	promoter
PEAK_0200	-50	20.168	promoter
PEAK_0200	0	21.904	promoter
PEAK_0200	50	20.23	promoter
PEAK_0200	100	18.92	promoter
PEAK_0200	150	15.818	promoter
PEAK_0200	200	11.382	promoter
PEAK_0200	250	7.101	promoter
PEAK_0200	300	4.182	promoter
PEAK_0200	350	1.557	promoter
PEAK_0200	400	0.389	promoter
PEAK_0200	450	0.562	promoter
PEAK_0200	500	0.159	promoter
PEAK_0200	550	0.204	promoter
PEAK_0200	600	0.073	promoter
PEAK_0200	650	0.163	promoter
PEAK_0200	700	0.051	promoter
PEAK_0200	750	0.44	promoter
PEAK_0200	800	0.42	promoter
PEAK_0200	850	0.584	promoter
PEAK_0200	900	0.343	promoter
PEAK_0200	950	0.165	promoter
PEAK_0200	1000	0.007	promoter
PEAK_0201	-1000	0.408	background
PEAK_0201	-950	0.0	background
PEAK_0201	-900	0.497	background
PEAK_0201	-850	0.0	background
PEAK_0201	-800	0.826	background
PEAK_0201	-750	0.758	background
PEAK_0201	-700	0.892	background
PEAK_0201	-650	0.766	background
PEAK_0201	-600	0.743	background
PEAK_0201	-550	0.319	background
PEAK_0201	-500	0.419	background
PEAK_0201	-450	0.84	background
PEAK_0201	-400	0.987	background
PEAK_0201	-350	0.704	background
PEAK_0201	-300	0.395	background
PEAK_0201	-250	0.404	background
PEAK_0201	-200	0.346	background
PEAK_0201	-150	0.678	background
PEAK_0201	-100	1.187	background
PEAK_0201	-50	0.845	background
PEAK_0201	0	0.283	background
PEAK_0201	50	1.081	background
PEAK_0201	100	1.1	background
PEAK_0201	150	0.779	background
PEAK_0201	200	0.379	background
PEAK_0201	250	0.594	background
PEAK_0201	300	0.962	background
PEAK_0201	350	0.448	background
PEAK_0201	400	0.394	background
PEAK_0201	450	1.039	background
PEAK_0201	500	0.809	background
PEAK_0201	550	0.489	background
PEAK_0201	600	0.287	background
PEAK_0201	650	0.338	background
PEAK_0201	700	0.863	background
PEAK_0201	750	0.68	background
PEAK_0201	800	0.765	background
PEAK_0201	850	0.498	background
PEAK_0201	900	0.469	background
PEAK_0201	950	0.571	background
PEAK_0201	1000	0.157	background
PEAK_0202	-1000	0.407	enhancer
PEAK_0202	-950	0.0	enhancer
PEAK_0202	-900	0.662	enhancer
PEAK_0202	-850	0.707	enhancer
PEAK_0202	-800	0.634	enhancer
PEAK_0202	-750	0.5	enhancer
PEAK_0202	-700	0.925	enhancer
PEAK_0202	-650	1.346	enhancer
PEAK_0202	-600	1.125	enhancer
PEAK_0202	-550	1.219	enhancer
PEAK_0202	-500	0.604	enhancer
PEAK_0202	-450	1.274	enhancer
PEAK_0202	-400	1.238	enhancer
PEAK_0202	-350	1.232	enhancer
PEAK_0202	-300	1.041	enhancer
PEAK_0202	-250	1.142	enhancer
PEAK_0202	-200	1.145	enhancer
PEAK_0202	-150	1.482	enhancer
PEAK_0202	-100	2.253	enhancer
PEAK_0202	-50	1.575	enhancer
PEAK_0202	0	1.818	enhancer
PEAK_0202	50	2.469	enhancer
PEAK_0202	100	1.128	enhancer
PEAK_0202	150	1.914	enhancer
PEAK_0202	200	1.497	enhancer
PEAK_0202	250	1.417	enhancer
PEAK_0202	300	1.287	enhancer
PEAK_0202	350	1.036	enhancer
PEAK_0202	400	1.332	enhancer
PEAK_0202	450	0.984	enhancer
PEAK_0202	500	0.869	enhancer
PEAK_0202	550	1.387	enhancer
PEAK_0202	600	0.772	enhancer
PEAK_0202	650	0.341	enhancer
PEAK_0202	700	0.593	enhancer
PEAK_0202	750	0.545	enhancer
PEAK_0202	800	0.814	enhancer
PEAK_0202	850	0.629	enhancer
PEAK_0202	900	0.751	enhancer
PEAK_0202	950	0.471	enhancer
PEAK_0202	1000	0.605	enhancer
PEAK_0203	-1000	0.406	enhancer
PEAK_0203	-950	0.555	enhancer
PEAK_0203	-900	0.42	enhancer
PEAK_0203	-850	0.252	enhancer
PEAK_0203	-800	0.314	enhancer
PEAK_0203	-750	0.963	enhancer
PEAK_0203	-700	0.642	enhancer
PEAK_0203	-650	0.599	enhancer
PEAK_0203	-600	0.457	enhancer
PEAK_0203	-550	0.787	enhancer
PEAK_0203	-500	1.342	enhancer
PEAK_0203	-450	0.653	enhancer
PEAK_0203	-400	1.877	enhancer
PEAK_0203	-350	1.425	enhancer
PEAK_0203	-300	1.583	enhancer
PEAK_0203	-250	2.022	enhancer
PEAK_0203	-200	3.052	enhancer
PEAK_0203	-150	2.407	enhancer
PEAK_0203	-100	2.515	enhancer
PEAK_0203	-50	2.408	enhancer
PEAK_0203	0	3.083	enhancer
PEAK_0203	50	2.007	enhancer
PEAK_0203	100	2.965	enhancer
PEAK_0203	150	2.514	enhancer
PEAK_0203	200	2.31	enhancer
PEAK_0203	250	2.25	enhancer
PEAK_0203	300	1.855	enhancer
PEAK_0203	350	2.346	enhancer
PEAK_0203	400	2.193	enhancer
PEAK_0203	450	0.751	enhancer
PEAK_0203	500	1.392	enhancer
PEAK_0203	550	1.434	enhancer
PEAK_0203	600	1.149	enhancer
PEAK_0203	650	0.6	enhancer
PEAK_0203	700	1.192	enhancer
PEAK_0203	750	0.262	enhancer
PEAK_0203	800	0.44	enhancer
PEAK_0203	850	0.893	enhancer
PEAK_0203	900	0.56	enhancer
PEAK_0203	950	1.141	enhancer
PEAK_0203	1000	0.599	enhancer
PEAK_0204	-1000	0.184	background
PEAK_0204	-950	0.0	background
PEAK_0204	-900	0.55	background
PEAK_0204	-850	0.727	background
PEAK_0204	-800	0.367	background
PEAK_0204	-750	0.723	background
PEAK_0204	-700	0.471	background
PEAK_0204	-650	0.489	background
PEAK_0204	-600	0.496	background
PEAK_0204	-550	1.066	background
PEAK_0204	-500	0.812	background
PEAK_0204	-450	0.927	background
PEAK_0204	-400	0.693	background
PEAK_0204	-350	1.063	background
PEAK_0204	-300	0.756	background
PEAK_0204	-250	0.768	background
PEAK_0204	-200	0.803	background
PEAK_0204	-150	1.106	background
PEAK_0204	-100	0.513	background
PEAK_0204	-50	1.063	background
PEAK_0204	0	0.53	background
PEAK_0204	50	0.676	background
PEAK_0204	100	0.457	background
PEAK_0204	150	0.355	background
PEAK_0204	200	0.844	background
PEAK_0204	250	0.687	background
PEAK_0204	300	0.909	background
PEAK_0204	350	0.219	background
PEAK_0204	400	0.067	background
PEAK_0204	450	0.792	background
PEAK_0204	500	0.661	background
PEAK_0204	550	0.662	background
PEAK_0204	600	0.546	background
PEAK_0204	650	0.377	background
PEAK_0204	700	0.687	background
PEAK_0204	750	0.402	background
PEAK_0204	800	0.379	background
PEAK_0204	850	0.63	background
PEAK_0204	900	0.162	background
PEAK_0204	950	0.544	background
PEAK_0204	1000	0.364	background
PEAK_0205	-1000	0.72	enhancer
PEAK_0205	-950	1.182	enhancer
PEAK_0205	-900	1.441	enhancer
PEAK_0205	-850	0.923	enhancer
PEAK_0205	-800	2.156	enhancer
PEAK_0205	-750	0.832	enhancer
PEAK_0205	-700	2.04	enhancer
PEAK_0205	-650	2.712	enhancer
PEAK_0205	-600	2.152	enhancer
PEAK_0205	-550	2.765	enhancer
PEAK_0205	-500	2.974	enhancer
PEAK_0205	-450	3.57	enhancer
PEAK_0205	-400	3.045	enhancer
PEAK_0205	-350	3.805	enhancer
PEAK_0205	-300	3.542	enhancer
PEAK_0205	-250	3.733	enhancer
PEAK_0205	-200	4.324	enhancer
PEAK_0205	-150	4.525	enhancer
PEAK_0205	-100	4.056	enhancer
PEAK_0205	-50	4.233	enhancer
PEAK_0205	0	3.636	enhancer
PEAK_0205	50	4.39	enhancer
PEAK_0205	100	2.98	enhancer
PEAK_0205	150	4.254	enhancer
PEAK_0205	200	4.718	enhancer
PEAK_0205	250	3.722	enhancer
PEAK_0205	300	3.02	enhancer
PEAK_0205	350	3.646	enhancer
PEAK_0205	400	2.879	enhancer
PEAK_0205	450	2.055	enhancer
PEAK_0205	500	2.041	enhancer
PEAK_0205	550	2.163	enhancer
PEAK_0205	600	1.661	enhancer
PEAK_0205	650	2.249	enhancer
PEAK_0205	700	0.93	enhancer
PEAK_0205	750	0.877	enhancer
PEAK_0205	800	0.784	enhancer
PEAK_0205	850	0.956	enhancer
PEAK_0205	900	0.617	enhancer
PEAK_0205	950	0.727	enhancer
PEAK_0205	1000	0.513	enhancer
PEAK_0206	-1000	0.493	background
PEAK_0206	-950	0.735	background
PEAK_0206	-900	0.724	background
PEAK_0206	-850	0.516	background
PEAK_0206	-800	0.267	background
PEAK_0206	-750	0.564	background
PEAK_0206	-700	0.554	background
PEAK_0206	-650	0.0	background
PEAK_0206	-600	0.455	background
PEAK_0206	-550	0.41	background
PEAK_0206	-500	0.481	background
PEAK_0206	-450	0.841	background
PEAK_0206	-400	1.012	background
PEAK_0206	-350	0.804	background
PEAK_0206	-300	0.683	background
PEAK_0206	-250	0.793	background
PEAK_0206	-200	0.563	background
PEAK_0206	-150	0.214	background
PEAK_0206	-100	0.884	background
PEAK_0206	-50	1.079	background
PEAK_0206	0	1.182	background
PEAK_0206	50	1.007	background
PEAK_0206	100	0.931	background
PEAK_0206	150	0.921	background
PEAK_0206	200	0.924	background
PEAK_0206	250	0.666	background
PEAK_0206	300	0.667	background
PEAK_0206	350	0.66	background
PEAK_0206	400	0.76	background
PEAK_0206	450	0.229	background
PEAK_0206	500	1.029	background
PEAK_0206	550	0.46	background
PEAK_0206	600	0.532	background
PEAK_0206	650	0.2	background
PEAK_0206	700	0.375	background
PEAK_0206	750	0.331	background
PEAK_0206	800	0.465	background
PEAK_0206	850	0.686	background
PEAK_0206	900	0.301	background
PEAK_0206	950	0.337	background
PEAK_0206	1000	0.67	background
PEAK_0207	-1000	0.75	enhancer
PEAK_0207	-950	0.999	enhancer
PEAK_0207	-900	1.244	enhancer
PEAK_0207	-850	1.704	enhancer
PEAK_0207	-800	1.064	enhancer
PEAK_0207	-750	2.206	enhancer
PEAK_0207	-700	2.434	enhancer
PEAK_0207	-650	2.993	enhancer
PEAK_0207	-600	3.007	enhancer
PEAK_0207	-550	3.043	enhancer
PEAK_0207	-500	4.287	enhancer
PEAK_0207	-450	3.806	enhancer
PEAK_0207	-400	4.603	enhancer
PEAK_0207	-350	4.665	enhancer
PEAK_0207	-300	5.502	enhancer
PEAK_0207	-250	5.558	enhancer
PEAK_0207	-200	4.821	enhancer
PEAK_0207	-150	6.089	enhancer
PEAK_0207	-100	6.039	enhancer
PEAK_0207	-50	7.394	enhancer
PEAK_0207	0	7.64	enhancer
PEAK_0207	50	6.304	enhancer
PEAK_0207	100	5.764	enhancer
PEAK_0207	150	6.44	enhancer
PEAK_0207	200	5.174	enhancer
PEAK_0207	250	5.197	enhancer
PEAK_0207	300	5.311	enhancer
PEAK_0207	350	4.78	enhancer
PEAK_0207	400	3.816	enhancer
PEAK_0207	450	3.958	enhancer
PEAK_0207	500	2.284	enhancer
PEAK_0207	550	2.986	enhancer
PEAK_0207	600	2.675	enhancer
PEAK_0207	650	1.937	enhancer
PEAK_0207	700	1.448	enhancer
PEAK_0207	750	1.484	enhancer
PEAK_0207	800	0.877	enhancer
PEAK_0207	850	1.48	enhancer
PEAK_0207	900	0.584	enhancer
PEAK_0207	950	0.636	enhancer
PEAK_0207	1000	0.268	enhancer
PEAK_0208	-1000	0.322	promoter
PEAK_0208	-950	0.305	promoter
PEAK_0208	-900	0.351	promoter
PEAK_0208	-850	0.072	promoter
PEAK_0208	-800	0.255	promoter
PEAK_0208	-750	0.203	promoter
PEAK_0208	-700	0.0	promoter
PEAK_0208	-650	0.137	promoter
PEAK_0208	-600	0.626	promoter
PEAK_0208	-550	0.372	promoter
PEAK_0208	-500	0.14	promoter
PEAK_0208	-450	0.257	promoter
PEAK_0208	-400	0.771	promoter
PEAK_0208	-350	1.811	promoter
PEAK_0208	-300	3.236	promoter
PEAK_0208	-250	4.001	promoter
PEAK_0208	-200	6.156	promoter
PEAK_0208	-150	7.781	promoter
PEAK_0208	-100	11.371	promoter
PEAK_0208	-50	11.388	promoter
PEAK_0208	0	10.533	promoter
PEAK_0208	50	8.84	promoter
PEAK_0208	100	9.77	promoter
PEAK_0208	150	7.943	promoter
PEAK_0208	200	6.863	promoter
PEAK_0208	250	4.696	promoter
PEAK_0208	300	2.99	promoter
PEAK_0208	350	1.726	promoter
PEAK_0208	400	0.671	promoter
PEAK_0208	450	0.391	promoter
PEAK_0208	500	0.6	promoter
PEAK_0208	550	0.109	promoter
PEAK_0208	600	0.321	promoter
PEAK_0208	650	0.23	promoter
PEAK_0208	700	0.641	promoter
PEAK_0208	750	0.394	promoter
PEAK_0208	800	0.424	promoter
PEAK_0208	850	0.096	promoter
PEAK_0208	900	0.246	promoter
PEAK_0208	950	0.306	promoter
PEAK_0208	1000	0.375	promoter
PEAK_0209	-1000	0.622	background
PEAK_0209	-950	0.473	background
PEAK_0209	-900	0.5	background
PEAK_0209	-850	0.362	background
PEAK_0209	-800	0.807	background
PEAK_0209	-750	0.803	background
PEAK_0209	-700	0.346	background
PEAK_0209	-650	0.47	background
PEAK_0209	-600	0.531	background
PEAK_0209	-550	0.777	background
PEAK_0209	-500	0.764	background
PEAK_0209	-450	1.41	background
PEAK_0209	-400	0.697	background
PEAK_0209	-350	0.757	background
PEAK_0209	-300	0.761	background
PEAK_0209	-250	0.947	background
PEAK_0209	-200	0.398	background
PEAK_0209	-150	1.207	background
PEAK_0209	-100	0.957	background
PEAK_0209	-50	0.99	background
PEAK_0209	0	0.521	background
PEAK_0209	50	0.708	background
PEAK_0209	100	0.625	background
PEAK_0209	150	0.596	background
PEAK_0209	200	0.799	background
PEAK_0209	250	0.905	background
PEAK_0209	300	0.501	background
PEAK_0209	350	0.584	background
PEAK_0209	400	0.335	background
PEAK_0209	450	0.533	background
PEAK_0209	500	0.802	background
PEAK_0209	550	0.914	background
PEAK_0209	600	0.937	background
PEAK_0209	650	0.89	background
PEAK_0209	700	0.595	background
PEAK_0209	750	0.676	background
PEAK_0209	800	0.645	background
PEAK_0209	850	0.681	background
PEAK_0209	900	1.28	background
PEAK_0209	950	0.806	background
PEAK_0209	1000	0.684	background
PEAK_0210	-1000	0.267	enhancer
PEAK_0210	-950	0.38	enhancer
PEAK_0210	-900	0.255	enhancer
PEAK_0210	-850	0.123	enhancer
PEAK_0210	-800	0.163	enhancer
PEAK_0210	-750	0.481	enhancer
PEAK_0210	-700	0.363	enhancer
PEAK_0210	-650	1.066	enhancer
PEAK_0210	-600	1.185	enhancer
PEAK_0210	-550	1.091	enhancer
PEAK_0210	-500	1.878	enhancer
PEAK_0210	-450	2.048	enhancer
PEAK_0210	-400	2.43	enhancer
PEAK_0210	-350	2.178	enhancer
PEAK_0210	-300	2.07	enhancer
PEAK_0210	-250	3.145	enhancer
PEAK_0210	-200	3.478	enhancer
PEAK_0210	-150	4.288	enhancer
PEAK_0210	-100	4.801	enhancer
PEAK_0210	-50	3.748	enhancer
PEAK_0210	0	4.938	enhancer
PEAK_0210	50	4.115	enhancer
PEAK_0210	100	3.967	enhancer
PEAK_0210	150	3.512	enhancer
PEAK_0210	200	4.262	enhancer
PEAK_0210	250	3.599	enhancer
PEAK_0210	300	2.866	enhancer
PEAK_0210	350	2.882	enhancer
PEAK_0210	400	1.759	enhancer
PEAK_0210	450	2.582	enhancer
PEAK_0210	500	1.645	enhancer
PEAK_0210	550	0.978	enhancer
PEAK_0210	600	1.161	enhancer
PEAK_0210	650	0.879	enhancer
PEAK_0210	700	0.947	enhancer
PEAK_0210	750	0.56	enhancer
PEAK_0210	800	0.838	enhancer
PEAK_0210	850	0.07	enhancer
PEAK_0210	900	0.583	enhancer
PEAK_0210	950	0.253	enhancer
PEAK_0210	1000	0.153	enhancer
PEAK_0211	-1000	0.808	enhancer
PEAK_0211	-950	1.1	enhancer
PEAK_0211	-900	1.741	enhancer
PEAK_0211	-850	1.996	enhancer
PEAK_0211	-800	2.163	enhancer
PEAK_0211	-750	2.583	enhancer
PEAK_0211	-700	3.327	enhancer
PEAK_0211	-650	2.976	enhancer
PEAK_0211	-600	5.058	enhancer
PEAK_0211	-550	5.665	enhancer
PEAK_0211	-500	5.149	enhancer
PEAK_0211	-450	5.78	enhancer
PEAK_0211	-400	7.459	enhancer
PEAK_0211	-350	7.444	enhancer
PEAK_0211	-300	7.199	enhancer
PEAK_0211	-250	7.732	enhancer
PEAK_0211	-200	8.863	enhancer
PEAK_0211	-150	9.414	enhancer
PEAK_0211	-100	9.983	enhancer
PEAK_0211	-50	8.066	enhancer
PEAK_0211	0	8.318	enhancer
PEAK_0211	50	9.292	enhancer
PEAK_0211	100	8.777	enhancer
PEAK_0211	150	6.955	enhancer
PEAK_0211	200	7.656	enhancer
PEAK_0211	250	6.356	enhancer
PEAK_0211	300	5.91	enhancer
PEAK_0211	350	5.176	enhancer
PEAK_0211	400	4.187	enhancer
PEAK_0211	450	4.016	enhancer
PEAK_0211	500	2.909	enhancer
PEAK_0211	550	3.204	enhancer
PEAK_0211	600	2.22	enhancer
PEAK_0211	650	2.48	enhancer
PEAK_0211	700	0.897	enhancer
PEAK_0211	750	1.521	enhancer
PEAK_0211	800	0.975	enhancer
PEAK_0211	850	0.246	enhancer
PEAK_0211	900	0.951	enhancer
PEAK_0211	950	0.357	enhancer
PEAK_0211	1000	0.421	enhancer
PEAK_0212	-1000	0.307	background
PEAK_0212	-950	0.586	background
PEAK_0212	-900	0.0	background
PEAK_0212	-850	0.0	background
PEAK_0212	-800	0.28	background
PEAK_0212	-750	0.22	background
PEAK_0212	-700	0.643	background
PEAK_0212	-650	0.503	background
PEAK_0212	-600	0.352	background
PEAK_0212	-550	0.396	background
PEAK_0212	-500	0.133	background
PEAK_0212	-450	0.276	background
PEAK_0212	-400	0.437	background
PEAK_0212	-350	0.803	background
PEAK_0212	-300	0.656	background
PEAK_0212	-250	0.537	background
PEAK_0212	-200	0.808	background
PEAK_0212	-150	0.383	background
PEAK_0212	-100	0.443	background
PEAK_0212	-50	0.337	background
PEAK_0212	0	0.076	background
PEAK_0212	50	0.486	background
PEAK_0212	100	0.624	background
PEAK_0212	150	0.608	background
PEAK_0212	200	0.742	background
PEAK_0212	250	0.286	background
PEAK_0212	300	0.349	background
PEAK_0212	350	0.431	background
PEAK_0212	400	0.806	background
PEAK_0212	450	0.586	background
PEAK_0212	500	0.092	background
PEAK_0212	550	0.145	background
PEAK_0212	600	0.149	background
PEAK_0212	650	0.754	background
PEAK_0212	700	0.905	background
PEAK_0212	750	0.544	background
PEAK_0212	800	0.46	background
PEAK_0212	850	0.552	background
PEAK_0212	900	0.0	background
PEAK_0212	950	0.227	background
PEAK_0212	1000	0.573	background
PEAK_0213	-1000	0.222	promoter
PEAK_0213	-950	0.489	promoter
PEAK_0213	-900	0.258	promoter
PEAK_0213	-850	0.152	promoter
PEAK_0213	-800	0.0	promoter
PEAK_0213	-750	0.048	promoter
PEAK_0213	-700	0.112	promoter
PEAK_0213	-650	0.267	promoter
PEAK_0213	-600	0.261	promoter
PEAK_0213	-550	0.537	promoter
PEAK_0213	-500	0.012	promoter
PEAK_0213	-450	0.42	promoter
PEAK_0213	-400	0.542	promoter
PEAK_0213	-350	0.642	promoter
PEAK_0213	-300	0.507	promoter
PEAK_0213	-250	2.514	promoter
PEAK_0213	-200	2.402	promoter
PEAK_0213	-150	3.713	promoter
PEAK_0213	-100	5.026	promoter
PEAK_0213	-50	5.186	promoter
PEAK_0213	0	6.093	promoter
PEAK_0213	50	5.901	promoter
PEAK_0213	100	5.583	promoter
PEAK_0213	150	3.88	promoter
PEAK_0213	200	2.042	promoter
PEAK_0213	250	1.78	promoter
PEAK_0213	300	1.309	promoter
PEAK_0213	350	0.562	promoter
PEAK_0213	400	0.362	promoter
PEAK_0213	450	0.622	promoter
PEAK_0213	500	0.066	promoter
PEAK_0213	550	0.424	promoter
PEAK_0213	600	0.245	promoter
PEAK_0213	650	0.217	promoter
PEAK_0213	700	0.0	promoter
PEAK_0213	750	0.228	promoter
PEAK_0213	800	0.51	promoter
PEAK_0213	850	0.542	promoter
PEAK_0213	900	0.559	promoter
PEAK_0213	950	0.177	promoter
PEAK_0213	1000	0.237	promoter
PEAK_0214	-1000	0.001	promoter
PEAK_0214	-950	0.188	promoter
PEAK_0214	-900	0.33	promoter
PEAK_0214	-850	0.15	promoter
PEAK_0214	-800	0.822	promoter
PEAK_0214	-750	0.166	promoter
PEAK_0214	-700	0.0	promoter
PEAK_0214	-650	0.526	promoter
PEAK_0214	-600	0.0	promoter
PEAK_0214	-550	0.608	promoter
PEAK_0214	-500	0.628	promoter
PEAK_0214	-450	0.288	promoter
PEAK_0214	-400	0.431	promoter
PEAK_0214	-350	0.574	promoter
PEAK_0214	-300	1.722	promoter
PEAK_0214	-250	2.422	promoter
PEAK_0214	-200	2.333	promoter
PEAK_0214	-150	3.191	promoter
PEAK_0214	-100	3.625	promoter
PEAK_0214	-50	4.74	promoter
PEAK_0214	0	4.516	promoter
PEAK_0214	50	4.849	promoter
PEAK_0214	100	4.246	promoter
PEAK_0214	150	3.296	promoter
PEAK_0214	200	2.8	promoter
PEAK_0214	250	2.143	promoter
PEAK_0214	300	1.302	promoter
PEAK_0214	350	0.294	promoter
PEAK_0214	400	0.568	promoter
PEAK_0214	450	0.153	promoter
PEAK_0214	500	0.0	promoter
PEAK_0214	550	0.186	promoter
PEAK_0214	600	0.19	promoter
PEAK_0214	650	0.157	promoter
PEAK_0214	700	0.049	promoter
PEAK_0214	750	0.915	promoter
PEAK_0214	800	0.251	promoter
PEAK_0214	850	0.175	promoter
PEAK_0214	900	0.563	promoter
PEAK_0214	950	0.191	promoter
PEAK_0214	1000	0.0	promoter
PEAK_0215	-1000	0.275	enhancer
PEAK_0215	-950	0.0	enhancer
PEAK_0215	-900	0.642	enhancer
PEAK_0215	-850	0.364	enhancer
PEAK_0215	-800	0.389	enhancer
PEAK_0215	-750	0.745	enhancer
PEAK_0215	-700	0.488	enhancer
PEAK_0215	-650	0.907	enhancer
PEAK_0215	-600	0.236	enhancer
PEAK_0215	-550	0.933	enhancer
PEAK_0215	-500	1.072	enhancer
PEAK_0215	-450	1.001	enhancer
PEAK_0215	-400	1.079	enhancer
PEAK_0215	-350	1.662	enhancer
PEAK_0215	-300	0.736	enhancer
PEAK_0215	-250	1.284	enhancer
PEAK_0215	-200	1.461	enhancer
PEAK_0215	-150	2.146	enhancer
PEAK_0215	-100	1.279	enhancer
PEAK_0215	-50	1.322	enhancer
PEAK_0215	0	1.938	enhancer
PEAK_0215	50	1.266	enhancer
PEAK_0215	100	1.543	enhancer
PEAK_0215	150	1.705	enhancer
PEAK_0215	200	1.239	enhancer
PEAK_0215	250	1.885	enhancer
PEAK_0215	300	1.445	enhancer
PEAK_0215	350	1.148	enhancer
PEAK_0215	400	1.448	enhancer
PEAK_0215	450	1.172	enhancer
PEAK_0215	500	1.273	enhancer
PEAK_0215	550	0.731	enhancer
PEAK_0215	600	1.117	enhancer
PEAK_0215	650	0.747	enhancer
PEAK_0215	700	0.398	enhancer
PEAK_0215	750	0.393	enhancer
PEAK_0215	800	0.34	enhancer
PEAK_0215	850	0.641	enhancer
PEAK_0215	900	0.288	enhancer
PEAK_0215	950	0.587	enhancer
PEAK_0215	1000	0.615	enhancer
PEAK_0216	-1000	0.401	promoter
PEAK_0216	-950	0.112	promoter
PEAK_0216	-900	0.09	promoter
PEAK_0216	-850	0.636	promoter
PEAK_0216	-800	0.221	promoter
PEAK_0216	-750	0.292	promoter
PEAK_0216	-700	0.537	promoter
PEAK_0216	-650	0.325	promoter
PEAK_0216	-600	0.424	promoter
PEAK_0216	-550	0.012	promoter
PEAK_0216	-500	0.395	promoter
PEAK_0216	-450	0.461	promoter
PEAK_0216	-400	0.599	promoter
PEAK_0216	-350	1.003	promoter
PEAK_0216	-300	2.096	promoter
PEAK_0216	-250	2.616	promoter
PEAK_0216	-200	3.045	promoter
PEAK_0216	-150	6.626	promoter
PEAK_0216	-100	9.115	promoter
PEAK_0216	-50	11.324	promoter
PEAK_0216	0	13.675	promoter
PEAK_0216	50	11.763	promoter
PEAK_0216	100	9.906	promoter
PEAK_0216	150	5.7	promoter
PEAK_0216	200	3.461	promoter
PEAK_0216	250	2.137	promoter
PEAK_0216	300	1.406	promoter
PEAK_0216	350	0.793	promoter
PEAK_0216	400	0.882	promoter
PEAK_0216	450	0.236	promoter
PEAK_0216	500	0.032	promoter
PEAK_0216	550	0.422	promoter
PEAK_0216	600	0.05	promoter
PEAK_0216	650	0.213	promoter
PEAK_0216	700	0.077	promoter
PEAK_0216	750	0.219	promoter
PEAK_0216	800	0.557	promoter
PEAK_0216	850	0.229	promoter
PEAK_0216	900	0.441	promoter
PEAK_0216	950	0.251	promoter
PEAK_0216	1000	0.482	promoter
PEAK_0217	-1000	0.195	promoter
PEAK_0217	-950	0.466	promoter
PEAK_0217	-900	0.148	promoter
PEAK_0217	-850	0.215	promoter
PEAK_0217	-800	0.223	promoter
PEAK_0217	-750	0.0	promoter
PEAK_0217	-700	0.5	promoter
PEAK_0217	-650	0.036	promoter
PEAK_0217	-600	0.118	promoter
PEAK_0217	-550	0.0	promoter
PEAK_0217	-500	0.245	promoter
PEAK_0217	-450	0.828	promoter
PEAK_0217	-400	0.693	promoter
PEAK_0217	-350	1.324	promoter
PEAK_0217	-300	3.531	promoter
PEAK_0217	-250	5.655	promoter
PEAK_0217	-200	8.522	promoter
PEAK_0217	-150	11.096	promoter
PEAK_0217	-100	13.143	promoter
PEAK_0217	-50	16.308	promoter
PEAK_0217	0	17.039	promoter
PEAK_0217	50	15.087	promoter
PEAK_0217	100	13.467	promoter
PEAK_0217	150	9.577	promoter
PEAK_0217	200	8.993	promoter
PEAK_0217	250	5.604	promoter
PEAK_0217	300	3.606	promoter
PEAK_0217	350	1.789	promoter
PEAK_0217	400	1.28	promoter
PEAK_0217	450	0.0	promoter
PEAK_0217	500	0.403	promoter
PEAK_0217	550	0.082	promoter
PEAK_0217	600	0.176	promoter
PEAK_0217	650	0.141	promoter
PEAK_0217	700	0.172	promoter
PEAK_0217	750	0.337	promoter
PEAK_0217	800	0.594	promoter
PEAK_0217	850	0.394	promoter
PEAK_0217	900	0.0	promoter
PEAK_0217	950	0.116	promoter
PEAK_0217	1000	0.356	promoter
PEAK_0218	-1000	0.117	background
PEAK_0218	-950	0.677	background
PEAK_0218	-900	0.62	background
PEAK_0218	-850	0.611	background
PEAK_0218	-800	0.88	background
PEAK_0218	-750	0.436	background
PEAK_0218	-700	0.548	background
PEAK_0218	-650	0.695	background
PEAK_0218	-600	0.852	background
PEAK_0218	-550	0.776	background
PEAK_0218	-500	0.802	background
PEAK_0218	-450	1.107	background
PEAK_0218	-400	0.356	background
PEAK_0218	-350	0.697	background
PEAK_0218	-300	0.513	background
PEAK_0218	-250	0.552	background
PEAK_0218	-200	0.478	background
PEAK_0218	-150	0.463	background
PEAK_0218	-100	0.42	background
PEAK_0218	-50	1.01	background
PEAK_0218	0	0.611	background
PEAK_0218	50	0.965	background
PEAK_0218	100	0.654	background
PEAK_0218	150	0.349	background
PEAK_0218	200	0.568	background
PEAK_0218	250	0.282	background
PEAK_0218	300	0.224	background
PEAK_0218	350	0.479	background
PEAK_0218	400	0.529	background
PEAK_0218	450	0.364	background
PEAK_0218	500	0.334	background
PEAK_0218	550	0.67	background
PEAK_0218	600	0.454	background
PEAK_0218	650	0.494	background
PEAK_0218	700	0.63	background
PEAK_0218	750	0.466	background
PEAK_0218	800	0.504	background
PEAK_0218	850	0.65	background
PEAK_0218	900	0.582	background
PEAK_0218	950	0.616	background
PEAK_0218	1000	0.414	background
PEAK_0219	-1000	0.38	enhancer
PEAK_0219	-950	0.694	enhancer
PEAK_0219	-900	0.456	enhancer
PEAK_0219	-850	0.637	enhancer
PEAK_0219	-800	0.642	enhancer
PEAK_0219	-750	0.572	enhancer
PEAK_0219	-700	0.704	enhancer
PEAK_0219	-650	1.037	enhancer
PEAK_0219	-600	1.099	enhancer
PEAK_0219	-550	0.724	enhancer
PEAK_0219	-500	1.867	enhancer
PEAK_0219	-450	1.439	enhancer
PEAK_0219	-400	2.06	enhancer
PEAK_0219	-350	1.769	enhancer
PEAK_0219	-300	1.818	enhancer
PEAK_0219	-250	2.997	enhancer
PEAK_0219	-200	2.076	enhancer
PEAK_0219	-150	2.961	enhancer
PEAK_0219	-100	2.923	enhancer
PEAK_0219	-50	2.586	enhancer
PEAK_0219	0	2.44	enhancer
PEAK_0219	50	2.674	enhancer
PEAK_0219	100	3.417	enhancer
PEAK_0219	150	2.406	enhancer
PEAK_0219	200	2.849	enhancer
PEAK_0219	250	2.855	enhancer
PEAK_0219	300	2.736	enhancer
PEAK_0219	350	2.103	enhancer
PEAK_0219	400	2.473	enhancer
PEAK_0219	450	1.943	enhancer
PEAK_0219	500	1.575	enhancer
PEAK_0219	550	1.276	enhancer
PEAK_0219	600	1.147	enhancer
PEAK_0219	650	1.36	enhancer
PEAK_0219	700	0.787	enhancer
PEAK_0219	750	0.77	enhancer
PEAK_0219	800	1.154	enhancer
PEAK_0219	850	1.235	enhancer
PEAK_0219	900	0.626	enhancer
PEAK_0219	950	0.114	enhancer
PEAK_0219	1000	0.067	enhancer
PEAK_0220	-1000	0.515	background
PEAK_0220	-950	0.743	background
PEAK_0220	-900	0.45	background
PEAK_0220	-850	0.169	background
PEAK_0220	-800	0.22	background
PEAK_0220	-750	0.961	background
PEAK_0220	-700	0.258	background
PEAK_0220	-650	0.29	background
PEAK_0220	-600	0.563	background
PEAK_0220	-550	0.142	background
PEAK_0220	-500	0.83	background
PEAK_0220	-450	1.124	background
PEAK_0220	-400	1.125	background
PEAK_0220	-350	0.662	background
PEAK_0220	-300	0.531	background
PEAK_0220	-250	0.225	background
PEAK_0220	-200	0.906	background
PEAK_0220	-150	0.937	background
PEAK_0220	-100	0.787	background
PEAK_0220	-50	0.692	background
PEAK_0220	0	0.788	background
PEAK_0220	50	0.493	background
PEAK_0220	100	0.428	background
PEAK_0220	150	0.934	background
PEAK_0220	200	0.462	background
PEAK_0220	250	0.827	background
PEAK_0220	300	1.042	background
PEAK_0220	350	0.787	background
PEAK_0220	400	0.711	background
PEAK_0220	450	0.646	background
PEAK_0220	500	1.009	background
PEAK_0220	550	0.637	background
PEAK_0220	600	0.695	background
PEAK_0220	650	0.523	background
PEAK_0220	700	0.389	background
PEAK_0220	750	0.235	background
PEAK_0220	800	0.142	background
PEAK_0220	850	0.751	background
PEAK_0220	900	0.468	background
PEAK_0220	950	0.64	background
PEAK_0220	1000	0.809	background
PEAK_0221	-1000	0.318	promoter
PEAK_0221	-950	0.143	promoter
PEAK_0221	-900	0.213	promoter
PEAK_0221	-850	0.511	promoter
PEAK_0221	-800	0.442	promoter
PEAK_0221	-750	0.357	promoter
PEAK_0221	-700	0.312	promoter
PEAK_0221	-650	0.128	promoter
PEAK_0221	-600	0.205	promoter
PEAK_0221	-550	0.283	promoter
PEAK_0221	-500	0.197	promoter
PEAK_0221	-450	0.133	promoter
PEAK_0221	-400	0.551	promoter
PEAK_0221	-350	0.553	promoter
PEAK_0221	-300	1.788	promoter
PEAK_0221	-250	3.401	promoter
PEAK_0221	-200	5.621	promoter
PEAK_0221	-150	7.942	promoter
PEAK_0221	-100	9.37	promoter
PEAK_0221	-50	12.919	promoter
PEAK_0221	0	12.033	promoter
PEAK_0221	50	11.193	promoter
PEAK_0221	100	10.733	promoter
PEAK_0221	150	6.586	promoter
PEAK_0221	200	5.585	promoter
PEAK_0221	250	3.567	promoter
PEAK_0221	300	2.044	promoter
PEAK_0221	350	1.254	promoter
PEAK_0221	400	0.969	promoter
PEAK_0221	450	0.157	promoter
PEAK_0221	500	0.329	promoter
PEAK_0221	550	0.335	promoter
PEAK_0221	600	0.342	promoter
PEAK_0221	650	0.119	promoter
PEAK_0221	700	0.199	promoter
PEAK_0221	750	0.024	promoter
PEAK_0221	800	0.257	promoter
PEAK_0221	850	0.401	promoter
PEAK_0221	900	0.0	promoter
PEAK_0221	950	0.156	promoter
PEAK_0221	1000	0.281	promoter
PEAK_0222	-1000	0.483	background
PEAK_0222	-950	0.373	background
PEAK_0222	-900	0.732	background
PEAK_0222	-850	0.315	background
PEAK_0222	-800	0.797	background
PEAK_0222	-750	0.785	background
PEAK_0222	-700	0.531	background
PEAK_0222	-650	0.869	background
PEAK_0222	-600	0.611	background
PEAK_0222	-550	0.709	background
PEAK_0222	-500	0.549	background
PEAK_0222	-450	0.723	background
PEAK_0222	-400	0.433	background
PEAK_0222	-350	0.857	background
PEAK_0222	-300	0.11	background
PEAK_0222	-250	0.803	background
PEAK_0222	-200	0.704	background
PEAK_0222	-150	0.521	background
PEAK_0222	-100	0.958	background
PEAK_0222	-50	0.356	background
PEAK_0222	0	0.418	background
PEAK_0222	50	0.547	background
PEAK_0222	100	0.712	background
PEAK_0222	150	0.53	background
PEAK_0222	200	0.751	background
PEAK_0222	250	0.874	background
PEAK_0222	300	0.505	background
PEAK_0222	350	0.222	background
PEAK_0222	400	1.063	background
PEAK_0222	450	0.512	background
PEAK_0222	500	0.718	background
PEAK_0222	550	0.072	background
PEAK_0222	600	0.062	background
PEAK_0222	650	0.572	background
PEAK_0222	700	0.559	background
PEAK_0222	750	0.983	background
PEAK_0222	800	0.0	background
PEAK_0222	850	0.576	background
PEAK_0222	900	0.835	background
PEAK_0222	950	0.516	background
PEAK_0222	1000	0.803	background
PEAK_0223	-1000	0.429	enhancer
PEAK_0223	-950	0.813	enhancer
PEAK_0223	-900	0.83	enhancer
PEAK_0223	-850	0.735	enhancer
PEAK_0223	-800	0.609	enhancer
PEAK_0223	-750	0.702	enhancer
PEAK_0223	-700	0.603	enhancer
PEAK_0223	-650	1.395	enhancer
PEAK_0223	-600	1.354	enhancer
PEAK_0223	-550	1.469	enhancer
PEAK_0223	-500	1.838	enhancer
PEAK_0223	-450	1.986	enhancer
PEAK_0223	-400	2.331	enhancer
PEAK_0223	-350	1.84	enhancer
PEAK_0223	-300	2.311	enhancer
PEAK_0223	-250	3.341	enhancer
PEAK_0223	-200	3.918	enhancer
PEAK_0223	-150	3.893	enhancer
PEAK_0223	-100	3.519	enhancer
PEAK_0223	-50	4.207	enhancer
PEAK_0223	0	3.698	enhancer
PEAK_0223	50	3.583	enhancer
PEAK_0223	100	3.79	enhancer
PEAK_0223	150	4.158	enhancer
PEAK_0223	200	3.719	enhancer
PEAK_0223	250	3.693	enhancer
PEAK_0223	300	3.53	enhancer
PEAK_0223	350	2.962	enhancer
PEAK_0223	400	1.994	enhancer
PEAK_0223	450	1.636	enhancer
PEAK_0223	500	2.066	enhancer
PEAK_0223	550	1.159	enhancer
PEAK_0223	600	1.614	enhancer
PEAK_0223	650	1.031	enhancer
PEAK_0223	700	0.789	enhancer
PEAK_0223	750	1.235	enhancer
PEAK_0223	800	0.651	enhancer
PEAK_0223	850	0.555	enhancer
PEAK_0223	900	0.706	enhancer
PEAK_0223	950	0.783	enhancer
PEAK_0223	1000	0.865	enhancer
PEAK_0224	-1000	0.893	background
PEAK_0224	-950	0.921	background
PEAK_0224	-900	0.575	background
PEAK_0224	-850	1.14	background
PEAK_0224	-800	0.962	background
PEAK_0224	-750	0.607	background
PEAK_0224	-700	1.112	background
PEAK_0224	-650	0.526	background
PEAK_0224	-600	0.731	background
PEAK_0224	-550	1.071	background
PEAK_0224	-500	0.219	background
PEAK_0224	-450	0.496	background
PEAK_0224	-400	0.895	background
PEAK_0224	-350	1.263	background
PEAK_0224	-300	0.787	background
PEAK_0224	-250	1.044	background
PEAK_0224	-200	0.93	background
PEAK_0224	-150	0.813	background
PEAK_0224	-100	0.846	background
PEAK_0224	-50	0.633	background
PEAK_0224	0	1.34	background
PEAK_0224	50	1.292	background
PEAK_0224	100	0.627	background
PEAK_0224	150	0.971	background
PEAK_0224	200	1.439	background
PEAK_0224	250	1.464	background
PEAK_0224	300	0.472	background
PEAK_0224	350	0.88	background
PEAK_0224	400	1.259	background
PEAK_0224	450	0.96	background
PEAK_0224	500	0.857	background
PEAK_0224	550	1.001	background
PEAK_0224	600	0.645	background
PEAK_0224	650	0.925	background
PEAK_0224	700	0.279	background
PEAK_0224	750	1.105	background
PEAK_0224	800	0.833	background
PEAK_0224	850	0.744	background
PEAK_0224	900	0.523	background
PEAK_0224	950	0.945	background
PEAK_0224	1000	0.303	background
PEAK_0225	-1000	0.0	enhancer
PEAK_0225	-950	0.052	enhancer
PEAK_0225	-900	0.162	enhancer
PEAK_0225	-850	0.608	enhancer
PEAK_0225	-800	0.718	enhancer
PEAK_0225	-750	0.759	enhancer
PEAK_0225	-700	0.937	enhancer
PEAK_0225	-650	1.042	enhancer
PEAK_0225	-600	1.498	enhancer
PEAK_0225	-550	2.022	enhancer
PEAK_0225	-500	2.351	enhancer
PEAK_0225	-450	2.854	enhancer
PEAK_0225	-400	3.426	enhancer
PEAK_0225	-350	3.548	enhancer
PEAK_0225	-300	4.876	enhancer
PEAK_0225	-250	4.771	enhancer
PEAK_0225	-200	6.346	enhancer
PEAK_0225	-150	5.614	enhancer
PEAK_0225	-100	6.75	enhancer
PEAK_0225	-50	6.347	enhancer
PEAK_0225	0	6.762	enhancer
PEAK_0225	50	6.49	enhancer
PEAK_0225	100	5.307	enhancer
PEAK_0225	150	5.948	enhancer
PEAK_0225	200	5.517	enhancer
PEAK_0225	250	4.504	enhancer
PEAK_0225	300	4.321	enhancer
PEAK_0225	350	4.19	enhancer
PEAK_0225	400	4.048	enhancer
PEAK_0225	450	3.214	enhancer
PEAK_0225	500	2.467	enhancer
PEAK_0225	550	1.837	enhancer
PEAK_0225	600	1.426	enhancer
PEAK_0225	650	1.111	enhancer
PEAK_0225	700	1.671	enhancer
PEAK_0225	750	1.16	enhancer
PEAK_0225	800	0.921	enhancer
PEAK_0225	850	1.042	enhancer
PEAK_0225	900	0.345	enhancer
PEAK_0225	950	0.423	enhancer
PEAK_0225	1000	0.621	enhancer
PEAK_0226	-1000	1.112	background
PEAK_0226	-950	0.386	background
PEAK_0226	-900	1.081	background
PEAK_0226	-850	0.515	background
PEAK_0226	-800	0.672	background
PEAK_0226	-750	0.717	background
PEAK_0226	-700	1.282	background
PEAK_0226	-650	0.85	background
PEAK_0226	-600	0.837	background
PEAK_0226	-550	0.902	background
PEAK_0226	-500	1.398	background
PEAK_0226	-450	1.229	background
PEAK_0226	-400	1.279	background
PEAK_0226	-350	0.969	background
PEAK_0226	-300	1.331	background
PEAK_0226	-250	0.542	background
PEAK_0226	-200	0.768	background
PEAK_0226	-150	1.082	background
PEAK_0226	-100	1.007	background
PEAK_0226	-50	1.149	background
PEAK_0226	0	0.788	background
PEAK_0226	50	1.406	background
PEAK_0226	100	1.152	background
PEAK_0226	150	0.933	background
PEAK_0226	200	1.448	background
PEAK_0226	250	0.442	background
PEAK_0226	300	1.045	background
PEAK_0226	350	1.361	background
PEAK_0226	400	0.136	background
PEAK_0226	450	1.584	background
PEAK_0226	500	0.659	background
PEAK_0226	550	0.526	background
PEAK_0226	600	0.964	background
PEAK_0226	650	1.269	background
PEAK_0226	700	0.924	background
PEAK_0226	750	0.524	background
PEAK_0226	800	0.523	background
PEAK_0226	850	1.424	background
PEAK_0226	900	0.849	background
PEAK_0226	950	0.54	background
PEAK_0226	1000	0.41	background
PEAK_0227	-1000	0.463	promoter
PEAK_0227	-950	0.1	promoter
PEAK_0227	-900	0.103	promoter
PEAK_0227	-850	0.073	promoter
PEAK_0227	-800	0.401	promoter
PEAK_0227	-750	0.633	promoter
PEAK_0227	-700	0.602	promoter
PEAK_0227	-650	0.0	promoter
PEAK_0227	-600	0.452	promoter
PEAK_0227	-550	0.243	promoter
PEAK_0227	-500	0.0	promoter
PEAK_0227	-450	0.13	promoter
PEAK_0227	-400	1.103	promoter
PEAK_0227	-350	1.717	promoter
PEAK_0227	-300	3.891	promoter
PEAK_0227	-250	7.644	promoter
PEAK_0227	-200	11.525	promoter
PEAK_0227	-150	12.519	promoter
PEAK_0227	-100	18.002	promoter
PEAK_0227	-50	20.14	promoter
PEAK_0227	0	22.081	promoter
PEAK_0227	50	22.019	promoter
PEAK_0227	100	17.213	promoter
PEAK_0227	150	15.838	promoter
PEAK_0227	200	10.641	promoter
PEAK_0227	250	7.64	promoter
PEAK_0227	300	4.246	promoter
PEAK_0227	350	2.645	promoter
PEAK_0227	400	1.99	promoter
PEAK_0227	450	0.407	promoter
PEAK_0227	500	0.0	promoter
PEAK_0227	550	0.465	promoter
PEAK_0227	600	0.212	promoter
PEAK_0227	650	0.542	promoter
PEAK_0227	700	0.221	promoter
PEAK_0227	750	0.148	promoter
PEAK_0227	800	0.539	promoter
PEAK_0227	850	0.01	promoter
PEAK_0227	900	0.214	promoter
PEAK_0227	950	0.409	promoter
PEAK_0227	1000	0.38	promoter
PEAK_0228	-1000	0.104	promoter
PEAK_0228	-950	0.207	promoter
PEAK_0228	-900	0.385	promoter
PEAK_0228	-850	0.0	promoter
PEAK_0228	-800	0.307	promoter
PEAK_0228	-750	0.0	promoter
PEAK_0228	-700	0.479	promoter
PEAK_0228	-650	0.3	promoter
PEAK_0228	-600	0.425	promoter
PEAK_0228	-550	0.606	promoter
PEAK_0228	-500	0.581	promoter
PEAK_0228	-450	0.028	promoter
PEAK_0228	-400	0.768	promoter
PEAK_0228	-350	1.109	promoter
PEAK_0228	-300	2.323	promoter
PEAK_0228	-250	4.234	promoter
PEAK_0228	-200	5.714	promoter
PEAK_0228	-150	8.621	promoter
PEAK_0228	-100	9.025	promoter
PEAK_0228	-50	10.946	promoter
PEAK_0228	0	9.319	promoter
PEAK_0228	50	10.648	promoter
PEAK_0228	100	10.609	promoter
PEAK_0228	150	8.988	promoter
PEAK_0228	200	6.689	promoter
PEAK_0228	250	4.361	promoter
PEAK_0228	300	2.794	promoter
PEAK_0228	350	1.196	promoter
PEAK_0228	400	0.619	promoter
PEAK_0228	450	0.484	promoter
PEAK_0228	500	0.155	promoter
PEAK_0228	550	0.026	promoter
PEAK_0228	600	0.244	promoter
PEAK_0228	650	0.321	promoter
PEAK_0228	700	0.482	promoter
PEAK_0228	750	0.113	promoter
PEAK_0228	800	0.221	promoter
PEAK_0228	850	0.263	promoter
PEAK_0228	900	0.0	promoter
PEAK_0228	950	0.439	promoter
PEAK_0228	1000	0.297	promoter
PEAK_0229	-1000	0.0	promoter
PEAK_0229	-950	0.45	promoter
PEAK_0229	-900	0.366	promoter
PEAK_0229	-850	0.366	promoter
PEAK_0229	-800	0.095	promoter
PEAK_0229	-750	0.439	promoter
PEAK_0229	-700	0.076	promoter
PEAK_0229	-650	0.175	promoter
PEAK_0229	-600	0.027	promoter
PEAK_0229	-550	0.655	promoter
PEAK_0229	-500	0.264	promoter
PEAK_0229	-450	0.597	promoter
PEAK_0229	-400	0.824	promoter
PEAK_0229	-350	0.679	promoter
PEAK_0229	-300	1.755	promoter
PEAK_0229	-250	2.707	promoter
PEAK_0229	-200	4.414	promoter
PEAK_0229	-150	5.727	promoter
PEAK_0229	-100	5.963	promoter
PEAK_0229	-50	6.849	promoter
PEAK_0229	0	5.855	promoter
PEAK_0229	50	6.088	promoter
PEAK_0229	100	5.706	promoter
PEAK_0229	150	5.247	promoter
PEAK_0229	200	3.812	promoter
PEAK_0229	250	2.748	promoter
PEAK_0229	300	2.392	promoter
PEAK_0229	350	0.997	promoter
PEAK_0229	400	0.646	promoter
PEAK_0229	450	0.107	promoter
PEAK_0229	500	0.558	promoter
PEAK_0229	550	0.56	promoter
PEAK_0229	600	0.076	promoter
PEAK_0229	650	0.509	promoter
PEAK_0229	700	0.261	promoter
PEAK_0229	750	0.454	promoter
PEAK_0229	800	0.25	promoter
PEAK_0229	850	0.139	promoter
PEAK_0229	900	0.104	promoter
PEAK_0229	950	0.392	promoter
PEAK_0229	1000	0.0	promoter
PEAK_0230	-1000	0.417	enhancer
PEAK_0230	-950	1.337	enhancer
PEAK_0230	-900	1.356	enhancer
PEAK_0230	-850	1.876	enhancer
PEAK_0230	-800	1.308	enhancer
PEAK_0230	-750	1.96	enhancer
PEAK_0230	-700	1.462	enhancer
PEAK_0230	-650	2.666	enhancer
PEAK_0230	-600	2.73	enhancer
PEAK_0230	-550	2.938	enhancer
PEAK_0230	-500	3.054	enhancer
PEAK_0230	-450	2.394	enhancer
PEAK_0230	-400	2.615	enhancer
PEAK_0230	-350	3.652	enhancer
PEAK_0230	-300	3.859	enhancer
PEAK_0230	-250	4.139	enhancer
PEAK_0230	-200	4.481	enhancer
PEAK_0230	-150	4.594	enhancer
PEAK_0230	-100	5.168	enhancer
PEAK_0230	-50	3.788	enhancer
PEAK_0230	0	4.235	enhancer
PEAK_0230	50	5.555	enhancer
PEAK_0230	100	4.643	enhancer
PEAK_0230	150	3.75	enhancer
PEAK_0230	200	4.738	enhancer
PEAK_0230	250	4.198	enhancer
PEAK_0230	300	4.618	enhancer
PEAK_0230	350	3.422	enhancer
PEAK_0230	400	3.663	enhancer
PEAK_0230	450	3.043	enhancer
PEAK_0230	500	3.196	enhancer
PEAK_0230	550	2.132	enhancer
PEAK_0230	600	1.687	enhancer
PEAK_0230	650	1.558	enhancer
PEAK_0230	700	1.494	enhancer
PEAK_0230	750	1.52	enhancer
PEAK_0230	800	1.151	enhancer
PEAK_0230	850	0.908	enhancer
PEAK_0230	900	0.976	enhancer
PEAK_0230	950	0.487	enhancer
PEAK_0230	1000	1.371	enhancer
PEAK_0231	-1000	0.088	enhancer
PEAK_0231	-950	0.247	enhancer
PEAK_0231	-900	0.393	enhancer
PEAK_0231	-850	0.368	enhancer
PEAK_0231	-800	0.713	enhancer
PEAK_0231	-750	0.122	enhancer
PEAK_0231	-700	0.303	enhancer
PEAK_0231	-650	0.785	enhancer
PEAK_0231	-600	0.352	enhancer
PEAK_0231	-550	1.803	enhancer
PEAK_0231	-500	1.053	enhancer
PEAK_0231	-450	1.798	enhancer
PEAK_0231	-400	1.118	enhancer
PEAK_0231	-350	1.719	enhancer
PEAK_0231	-300	1.583	enhancer
PEAK_0231	-250	1.774	enhancer
PEAK_0231	-200	2.221	enhancer
PEAK_0231	-150	2.648	enhancer
PEAK_0231	-100	3.009	enhancer
PEAK_0231	-50	3.234	enhancer
PEAK_0231	0	3.091	enhancer
PEAK_0231	50	2.906	enhancer
PEAK_0231	100	2.04	enhancer
PEAK_0231	150	1.783	enhancer
PEAK_0231	200	1.737	enhancer
PEAK_0231	250	1.84	enhancer
PEAK_0231	300	2.009	enhancer
PEAK_0231	350	1.472	enhancer
PEAK_0231	400	1.366	enhancer
PEAK_0231	450	1.45	enhancer
PEAK_0231	500	1.241	enhancer
PEAK_0231	550	1.127	enhancer
PEAK_0231	600	0.846	enhancer
PEAK_0231	650	1.141	enhancer
PEAK_0231	700	0.502	enhancer
PEAK_0231	750	0.509	enhancer
PEAK_0231	800	0.0	enhancer
PEAK_0231	850	0.135	enhancer
PEAK_0231	900	0.774	enhancer
PEAK_0231	950	0.356	enhancer
PEAK_0231	1000	0.288	enhancer
PEAK_0232	-1000	0.26	enhancer
PEAK_0232	-950	0.149	enhancer
PEAK_0232	-900	0.151	enhancer
PEAK_0232	-850	0.599	enhancer
PEAK_0232	-800	0.877	enhancer
PEAK_0232	-750	0.542	enhancer
PEAK_0232	-700	0.686	enhancer
PEAK_0232	-650	0.825	enhancer
PEAK_0232	-600	0.863	enhancer
PEAK_0232	-550	0.63	enhancer
PEAK_0232	-500	1.106	enhancer
PEAK_0232	-450	1.624	enhancer
PEAK_0232	-400	1.339	enhancer
PEAK_0232	-350	1.582	enhancer
PEAK_0232	-300	1.292	enhancer
PEAK_0232	-250	1.357	enhancer
PEAK_0232	-200	1.292	enhancer
PEAK_0232	-150	2.278	enhancer
PEAK_0232	-100	1.396	enhancer
PEAK_0232	-50	1.326	enhancer
PEAK_0232	0	2.291	enhancer
PEAK_0232	50	2.18	enhancer
PEAK_0232	100	2.105	enhancer
PEAK_0232	150	2.031	enhancer
PEAK_0232	200	1.787	enhancer
PEAK_0232	250	1.525	enhancer
PEAK_0232	300	1.322	enhancer
PEAK_0232	350	1.899	enhancer
PEAK_0232	400	1.637	enhancer
PEAK_0232	450	1.351	enhancer
PEAK_0232	500	1.448	enhancer
PEAK_0232	550	0.892	enhancer
PEAK_0232	600	0.709	enhancer
PEAK_0232	650	0.907	enhancer
PEAK_0232	700	1.331	enhancer
PEAK_0232	750	0.708	enhancer
PEAK_0232	800	0.643	enhancer
PEAK_0232	850	0.228	enhancer
PEAK_0232	900	1.077	enhancer
PEAK_0232	950	0.221	enhancer
PEAK_0232	1000	0.733	enhancer
PEAK_0233	-1000	0.764	background
PEAK_0233	-950	0.852	background
PEAK_0233	-900	0.364	background
PEAK_0233	-850	1.288	background
PEAK_0233	-800	0.766	background
PEAK_0233	-750	0.778	background
PEAK_0233	-700	1.122	background
PEAK_0233	-650	0.768	background
PEAK_0233	-600	0.897	background
PEAK_0233	-550	0.734	background
PEAK_0233	-500	1.196	background
PEAK_0233	-450	0.718	background
PEAK_0233	-400	1.398	background
PEAK_0233	-350	1.421	background
PEAK_0233	-300	1.084	background
PEAK_0233	-250	1.517	background
PEAK_0233	-200	1.077	background
PEAK_0233	-150	1.345	background
PEAK_0233	-100	0.68	background
PEAK_0233	-50	1.497	background
PEAK_0233	0	1.511	background
PEAK_0233	50	1.047	background
PEAK_0233	100	0.953	background
PEAK_0233	150	0.886	background
PEAK_0233	200	1.43	background
PEAK_0233	250	0.818	background
PEAK_0233	300	1.655	background
PEAK_0233	350	1.3	background
PEAK_0233	400	1.018	background
PEAK_0233	450	1.036	background
PEAK_0233	500	0.504	background
PEAK_0233	550	0.687	background
PEAK_0233	600	1.136	background
PEAK_0233	650	1.043	background
PEAK_0233	700	0.955	background
PEAK_0233	750	0.645	background
PEAK_0233	800	0.747	background
PEAK_0233	850	1.04	background
PEAK_0233	900	1.124	background
PEAK_0233	950	0.742	background
PEAK_0233	1000	0.77	background
PEAK_0234	-1000	0.645	background
PEAK_0234	-950	0.669	background
PEAK_0234	-900	0.425	background
PEAK_0234	-850	0.724	background
PEAK_0234	-800	0.852	background
PEAK_0234	-750	0.264	background
PEAK_0234	-700	0.941	background
PEAK_0234	-650	0.391	background
PEAK_0234	-600	0.668	background
PEAK_0234	-550	0.707	background
PEAK_0234	-500	1.123	background
PEAK_0234	-450	0.97	background
PEAK_0234	-400	1.157	background
PEAK_0234	-350	0.817	background
PEAK_0234	-300	0.975	background
PEAK_0234	-250	0.263	background
PEAK_0234	-200	0.64	background
PEAK_0234	-150	1.488	background
PEAK_0234	-100	1.048	background
PEAK_0234	-50	1.23	background
PEAK_0234	0	0.687	background
PEAK_0234	50	0.721	background
PEAK_0234	100	1.199	background
PEAK_0234	150	0.792	background
PEAK_0234	200	0.695	background
PEAK_0234	250	0.857	background
PEAK_0234	300	0.819	background
PEAK_0234	350	0.919	background
PEAK_0234	400	0.938	background
PEAK_0234	450	0.274	background
PEAK_0234	500	1.12	background
PEAK_0234	550	0.791	background
PEAK_0234	600	1.042	background
PEAK_0234	650	1.235	background
PEAK_0234	700	0.585	background
PEAK_0234	750	0.496	background
PEAK_0234	800	0.662	background
PEAK_0234	850	0.717	background
PEAK_0234	900	0.418	background
PEAK_0234	950	0.757	background
PEAK_0234	1000	0.5	background
PEAK_0235	-1000	0.69	background
PEAK_0235	-950	0.706	background
PEAK_0235	-900	0.878	background
PEAK_0235	-850	0.688	background
PEAK_0235	-800	0.72	background
PEAK_0235	-750	0.454	background
PEAK_0235	-700	0.34	background
PEAK_0235	-650	0.768	background
PEAK_0235	-600	0.755	background
PEAK_0235	-550	0.869	background
PEAK_0235	-500	0.681	background
PEAK_0235	-450	0.922	background
PEAK_0235	-400	0.573	background
PEAK_0235	-350	0.047	background
PEAK_0235	-300	1.011	background
PEAK_0235	-250	0.512	background
PEAK_0235	-200	1.164	background
PEAK_0235	-150	0.975	background
PEAK_0235	-100	0.799	background
PEAK_0235	-50	0.58	background
PEAK_0235	0	0.106	background
PEAK_0235	50	0.67	background
PEAK_0235	100	0.848	background
PEAK_0235	150	1.263	background
PEAK_0235	200	1.311	background
PEAK_0235	250	0.542	background
PEAK_0235	300	0.994	background
PEAK_0235	350	0.891	background
PEAK_0235	400	0.659	background
PEAK_0235	450	0.559	background
PEAK_0235	500	0.991	background
PEAK_0235	550	0.5	background
PEAK_0235	600	0.408	background
PEAK_0235	650	0.384	background
PEAK_0235	700	0.373	background
PEAK_0235	750	0.17	background
PEAK_0235	800	0.925	background
PEAK_0235	850	0.867	background
PEAK_0235	900	1.059	background
PEAK_0235	950	0.916	background
PEAK_0235	1000	0.717	background
PEAK_0236	-1000	0.463	enhancer
PEAK_0236	-950	0.308	enhancer
PEAK_0236	-900	0.682	enhancer
PEAK_0236	-850	0.652	enhancer
PEAK_0236	-800	0.398	enhancer
PEAK_0236	-750	0.893	enhancer
PEAK_0236	-700	1.307	enhancer
PEAK_0236	-650	1.235	enhancer
PEAK_0236	-600	2.049	enhancer
PEAK_0236	-550	2.871	enhancer
PEAK_0236	-500	3.442	enhancer
PEAK_0236	-450	4.205	enhancer
PEAK_0236	-400	4.22	enhancer
PEAK_0236	-350	5.476	enhancer
PEAK_0236	-300	6.22	enhancer
PEAK_0236	-250	6.548	enhancer
PEAK_0236	-200	7.54	enhancer
PEAK_0236	-150	9.451	enhancer
PEAK_0236	-100	9.555	enhancer
PEAK_0236	-50	9.55	enhancer
PEAK_0236	0	9.254	enhancer
PEAK_0236	50	9.629	enhancer
PEAK_0236	100	8.631	enhancer
PEAK_0236	150	8.278	enhancer
PEAK_0236	200	8.275	enhancer
PEAK_0236	250	8.01	enhancer
PEAK_0236	300	6.977	enhancer
PEAK_0236	350	5.58	enhancer
PEAK_0236	400	4.378	enhancer
PEAK_0236	450	3.857	enhancer
PEAK_0236	500	4.325	enhancer
PEAK_0236	550	2.538	enhancer
PEAK_0236	600	2.785	enhancer
PEAK_0236	650	1.98	enhancer
PEAK_0236	700	1.671	enhancer
PEAK_0236	750	0.849	enhancer
PEAK_0236	800	1.231	enhancer
PEAK_0236	850	1.04	enhancer
PEAK_0236	900	0.694	enhancer
PEAK_0236	950	0.854	enhancer
PEAK_0236	1000	0.497	enhancer
PEAK_0237	-1000	0.0	promoter
PEAK_0237	-950	0.789	promoter
PEAK_0237	-900	0.446	promoter
PEAK_0237	-850	0.311	promoter
PEAK_0237	-800	0.063	promoter
PEAK_0237	-750	0.192	promoter
PEAK_0237	-700	0.439	promoter
PEAK_0237	-650	0.0	promoter
PEAK_0237	-600	0.195	promoter
PEAK_0237	-550	0.482	promoter
PEAK_0237	-500	0.257	promoter
PEAK_0237	-450	0.062	promoter
PEAK_0237	-400	0.365	promoter
PEAK_0237	-350	0.481	promoter
PEAK_0237	-300	1.395	promoter
PEAK_0237	-250	2.727	promoter
PEAK_0237	-200	4.0	promoter
PEAK_0237	-150	5.307	promoter
PEAK_0237	-100	8.643	promoter
PEAK_0237	-50	9.765	promoter
PEAK_0237	0	10.619	promoter
PEAK_0237	50	11.294	promoter
PEAK_0237	100	8.152	promoter
PEAK_0237	150	5.246	promoter
PEAK_0237	200	3.874	promoter
PEAK_0237	250	2.418	promoter
PEAK_0237	300	1.526	promoter
PEAK_0237	350	0.509	promoter
PEAK_0237	400	0.793	promoter
PEAK_0237	450	0.26	promoter
PEAK_0237	500	0.59	promoter
PEAK_0237	550	0.199	promoter
PEAK_0237	600	0.64	promoter
PEAK_0237	650	0.337	promoter
PEAK_0237	700	0.131	promoter
PEAK_0237	750	0.088	promoter
PEAK_0237	800	0.424	promoter
PEAK_0237	850	0.237	promoter
PEAK_0237	900	0.163	promoter
PEAK_0237	950	0.0	promoter
PEAK_0237	1000	0.438	promoter
PEAK_0238	-1000	0.82	promoter
PEAK_0238	-950	0.259	promoter
PEAK_0238	-900	0.468	promoter
PEAK_0238	-850	0.288	promoter
PEAK_0238	-800	0.0	promoter
PEAK_0238	-750	0.142	promoter
PEAK_0238	-700	0.403	promoter
PEAK_0238	-650	0.3	promoter
PEAK_0238	-600	0.149	promoter
PEAK_0238	-550	0.113	promoter
PEAK_0238	-500	0.023	promoter
PEAK_0238	-450	0.438	promoter
PEAK_0238	-400	0.135	promoter
PEAK_0238	-350	1.62	promoter
PEAK_0238	-300	2.1	promoter
PEAK_0238	-250	4.585	promoter
PEAK_0238	-200	6.699	promoter
PEAK_0238	-150	9.279	promoter
PEAK_0238	-100	9.713	promoter
PEAK_0238	-50	14.538	promoter
PEAK_0238	0	14.901	promoter
PEAK_0238	50	12.899	promoter
PEAK_0238	100	10.823	promoter
PEAK_0238	150	8.802	promoter
PEAK_0238	200	5.024	promoter
PEAK_0238	250	4.398	promoter
PEAK_0238	300	2.665	promoter
PEAK_0238	350	1.106	promoter
PEAK_0238	400	0.89	promoter
PEAK_0238	450	0.084	promoter
PEAK_0238	500	0.007	promoter
PEAK_0238	550	0.559	promoter
PEAK_0238	600	0.0	promoter
PEAK_0238	650	0.164	promoter
PEAK_0238	700	0.163	promoter
PEAK_0238	750	0.514	promoter
PEAK_0238	800	0.0	promoter
PEAK_0238	850	0.159	promoter
PEAK_0238	900	0.264	promoter
PEAK_0238	950	0.317	promoter
PEAK_0238	1000	0.499	promoter
PEAK_0239	-1000	0.119	promoter
PEAK_0239	-950	0.241	promoter
PEAK_0239	-900	0.245	promoter
PEAK_0239	-850	0.0	promoter
PEAK_0239	-800	0.04	promoter
PEAK_0239	-750	0.371	promoter
PEAK_0239	-700	0.276	promoter
PEAK_0239	-650	0.168	promoter
PEAK_0239	-600	0.385	promoter
PEAK_0239	-550	0.244	promoter
PEAK_0239	-500	0.0	promoter
PEAK_0239	-450	0.099	promoter
PEAK_0239	-400	0.495	promoter
PEAK_0239	-350	1.026	promoter
PEAK_0239	-300	1.948	promoter
PEAK_0239	-250	2.23	promoter
PEAK_0239	-200	3.692	promoter
PEAK_0239	-150	4.337	promoter
PEAK_0239	-100	6.076	promoter
PEAK_0239	-50	8.722	promoter
PEAK_0239	0	8.347	promoter
PEAK_0239	50	8.939	promoter
PEAK_0239	100	6.848	promoter
PEAK_0239	150	4.762	promoter
PEAK_0239	200	4.17	promoter
PEAK_0239	250	2.772	promoter
PEAK_0239	300	1.45	promoter
PEAK_0239	350	0.92	promoter
PEAK_0239	400	0.0	promoter
PEAK_0239	450	0.096	promoter
PEAK_0239	500	0.0	promoter
PEAK_0239	550	0.32	promoter
PEAK_0239	600	0.516	promoter
PEAK_0239	650	0.403	promoter
PEAK_0239	700	0.295	promoter
PEAK_0239	750	0.148	promoter
PEAK_0239	800	0.257	promoter
PEAK_0239	850	0.196	promoter
PEAK_0239	900	0.114	promoter
PEAK_0239	950	0.183	promoter
PEAK_0239	1000	0.24	promoter
PEAK_0240	-1000	0.857	background
PEAK_0240	-950	0.448	background
PEAK_0240	-900	0.738	background
PEAK_0240	-850	0.556	background
PEAK_0240	-800	0.799	background
PEAK_0240	-750	0.569	background
PEAK_0240	-700	0.594	background
PEAK_0240	-650	0.284	background
PEAK_0240	-600	0.295	background
PEAK_0240	-550	0.51	background
PEAK_0240	-500	0.925	background
PEAK_0240	-450	0.643	background
PEAK_0240	-400	0.539	background
PEAK_0240	-350	0.646	background
PEAK_0240	-300	0.573	background
PEAK_0240	-250	0.79	background
PEAK_0240	-200	0.406	background
PEAK_0240	-150	0.713	background
PEAK_0240	-100	0.0	background
PEAK_0240	-50	0.614	background
PEAK_0240	0	0.482	background
PEAK_0240	50	0.534	background
PEAK_0240	100	0.695	background
PEAK_0240	150	0.624	background
PEAK_0240	200	0.982	background
PEAK_0240	250	0.607	background
PEAK_0240	300	0.736	background
PEAK_0240	350	0.463	background
PEAK_0240	400	0.901	background
PEAK_0240	450	0.46	background
PEAK_0240	500	0.691	background
PEAK_0240	550	0.789	background
PEAK_0240	600	0.41	background
PEAK_0240	650	0.0	background
PEAK_0240	700	0.708	background
PEAK_0240	750	0.416	background
PEAK_0240	800	0.043	background
PEAK_0240	850	0.599	background
PEAK_0240	900	0.231	background
PEAK_0240	950	1.006	background
PEAK_0240	1000	0.42	background
PEAK_0241	-1000	0.965	enhancer
PEAK_0241	-950	1.101	enhancer
PEAK_0241	-900	0.264	enhancer
PEAK_0241	-850	1.236	enhancer
PEAK_0241	-800	1.465	enhancer
PEAK_0241	-750	1.523	enhancer
PEAK_0241	-700	1.675	enhancer
PEAK_0241	-650	2.301	enhancer
PEAK_0241	-600	1.698	enhancer
PEAK_0241	-550	2.036	enhancer
PEAK_0241	-500	2.87	enhancer
PEAK_0241	-450	2.948	enhancer
PEAK_0241	-400	2.343	enhancer
PEAK_0241	-350	3.057	enhancer
PEAK_0241	-300	3.826	enhancer
PEAK_0241	-250	4.19	enhancer
PEAK_0241	-200	3.748	enhancer
PEAK_0241	-150	4.627	enhancer
PEAK_0241	-100	5.139	enhancer
PEAK_0241	-50	5.762	enhancer
PEAK_0241	0	4.935	enhancer
PEAK_0241	50	4.22	enhancer
PEAK_0241	100	5.912	enhancer
PEAK_0241	150	5.331	enhancer
PEAK_0241	200	5.157	enhancer
PEAK_0241	250	4.734	enhancer
PEAK_0241	300	5.847	enhancer
PEAK_0241	350	5.811	enhancer
PEAK_0241	400	4.84	enhancer
PEAK_0241	450	4.121	enhancer
PEAK_0241	500	3.725	enhancer
PEAK_0241	550	3.792	enhancer
PEAK_0241	600	3.985	enhancer
PEAK_0241	650	2.597	enhancer
PEAK_0241	700	2.68	enhancer
PEAK_0241	750	2.849	enhancer
PEAK_0241	800	2.624	enhancer
PEAK_0241	850	2.088	enhancer
PEAK_0241	900	2.071	enhancer
PEAK_0241	950	1.542	enhancer
PEAK_0241	1000	1.017	enhancer
PEAK_0242	-1000	0.187	promoter
PEAK_0242	-950	0.297	promoter
PEAK_0242	-900	0.378	promoter
PEAK_0242	-850	0.465	promoter
PEAK_0242	-800	0.176	promoter
PEAK_0242	-750	0.345	promoter
PEAK_0242	-700	0.182	promoter
PEAK_0242	-650	0.283	promoter
PEAK_0242	-600	0.214	promoter
PEAK_0242	-550	0.175	promoter
PEAK_0242	-500	0.187	promoter
PEAK_0242	-450	0.416	promoter
PEAK_0242	-400	0.684	promoter
PEAK_0242	-350	0.654	promoter
PEAK_0242	-300	1.475	promoter
PEAK_0242	-250	1.662	promoter
PEAK_0242	-200	3.723	promoter
PEAK_0242	-150	4.946	promoter
PEAK_0242	-100	8.488	promoter
PEAK_0242	-50	8.761	promoter
PEAK_0242	0	10.108	promoter
PEAK_0242	50	9.513	promoter
PEAK_0242	100	7.316	promoter
PEAK_0242	150	5.464	promoter
PEAK_0242	200	3.641	promoter
PEAK_0242	250	1.968	promoter
PEAK_0242	300	1.398	promoter
PEAK_0242	350	0.844	promoter
PEAK_0242	400	0.324	promoter
PEAK_0242	450	0.663	promoter
PEAK_0242	500	0.143	promoter
PEAK_0242	550	0.0	promoter
PEAK_0242	600	0.297	promoter
PEAK_0242	650	0.238	promoter
PEAK_0242	700	0.048	promoter
PEAK_0242	750	0.0	promoter
PEAK_0242	800	0.523	promoter
PEAK_0242	850	0.294	promoter
PEAK_0242	900	0.214	promoter
PEAK_0242	950	0.783	promoter
PEAK_0242	1000	0.358	promoter
PEAK_0243	-1000	0.621	background
PEAK_0243	-950	0.754	background
PEAK_0243	-900	0.198	background
PEAK_0243	-850	0.745	background
PEAK_0243	-800	0.283	background
PEAK_0243	-750	0.316	background
PEAK_0243	-700	0.26	background
PEAK_0243	-650	0.134	background
PEAK_0243	-600	0.645	background
PEAK_0243	-550	0.161	background
PEAK_0243	-500	0.668	background
PEAK_0243	-450	0.774	background
PEAK_0243	-400	0.49	background
PEAK_0243	-350	0.74	background
PEAK_0243	-300	1.35	background
PEAK_0243	-250	0.918	background
PEAK_0243	-200	0.279	background
PEAK_0243	-150	0.787	background
PEAK_0243	-100	0.95	background
PEAK_0243	-50	0.069	background
PEAK_0243	0	0.0	background
PEAK_0243	50	0.577	background
PEAK_0243	100	0.798	background
PEAK_0243	150	0.44	background
PEAK_0243	200	0.869	background
PEAK_0243	250	0.336	background
PEAK_0243	300	0.321	background
PEAK_0243	350	0.465	background
PEAK_0243	400	0.766	background
PEAK_0243	450	0.619	background
PEAK_0243	500	0.82	background
PEAK_0243	550	0.673	background
PEAK_0243	600	0.902	background
PEAK_0243	650	0.741	background
PEAK_0243	700	0.691	background
PEAK_0243	750	0.218	background
PEAK_0243	800	0.568	background
PEAK_0243	850	0.574	background
PEAK_0243	900	0.595	background
PEAK_0243	950	1.025	background
PEAK_0243	1000	0.57	background
PEAK_0244	-1000	0.904	background
PEAK_0244	-950	0.49	background
PEAK_0244	-900	0.0	background
PEAK_0244	-850	0.315	background
PEAK_0244	-800	0.574	background
PEAK_0244	-750	0.515	background
PEAK_0244	-700	1.231	background
PEAK_0244	-650	0.738	background
PEAK_0244	-600	0.475	background
PEAK_0244	-550	0.413	background
PEAK_0244	-500	0.617	background
PEAK_0244	-450	0.374	background
PEAK_0244	-400	0.798	background
PEAK_0244	-350	0.537	background
PEAK_0244	-300	0.367	background
PEAK_0244	-250	0.801	background
PEAK_0244	-200	0.844	background
PEAK_0244	-150	0.904	background
PEAK_0244	-100	0.903	background
PEAK_0244	-50	0.404	background
PEAK_0244	0	0.0	background
PEAK_0244	50	1.13	background
PEAK_0244	100	1.064	background
PEAK_0244	150	0.32	background
PEAK_0244	200	0.526	background
PEAK_0244	250	0.743	background
PEAK_0244	300	0.36	background
PEAK_0244	350	0.71	background
PEAK_0244	400	0.916	background
PEAK_0244	450	0.051	background
PEAK_0244	500	0.806	background
PEAK_0244	550	0.962	background
PEAK_0244	600	0.201	background
PEAK_0244	650	0.308	background
PEAK_0244	700	0.442	background
PEAK_0244	750	0.6	background
PEAK_0244	800	0.73	background
PEAK_0244	850	0.724	background
PEAK_0244	900	0.742	background
PEAK_0244	950	0.877	background
PEAK_0244	1000	0.503	background
PEAK_0245	-1000	0.956	enhancer
PEAK_0245	-950	0.628	enhancer
PEAK_0245	-900	1.173	enhancer
PEAK_0245	-850	1.26	enhancer
PEAK_0245	-800	1.45	enhancer
PEAK_0245	-750	0.989	enhancer
PEAK_0245	-700	1.679	enhancer
PEAK_0245	-650	1.513	enhancer
PEAK_0245	-600	2.244	enhancer
PEAK_0245	-550	2.275	enhancer
PEAK_0245	-500	2.511	enhancer
PEAK_0245	-450	2.556	enhancer
PEAK_0245	-400	3.365	enhancer
PEAK_0245	-350	3.165	enhancer
PEAK_0245	-300	5.075	enhancer
PEAK_0245	-250	5.208	enhancer
PEAK_0245	-200	4.616	enhancer
PEAK_0245	-150	4.534	enhancer
PEAK_0245	-100	5.481	enhancer
PEAK_0245	-50	6.354	enhancer
PEAK_0245	0	5.368	enhancer
PEAK_0245	50	6.453	enhancer
PEAK_0245	100	5.0	enhancer
PEAK_0245	150	5.34	enhancer
PEAK_0245	200	5.943	enhancer
PEAK_0245	250	4.571	enhancer
PEAK_0245	300	4.458	enhancer
PEAK_0245	350	4.779	enhancer
PEAK_0245	400	3.914	enhancer
PEAK_0245	450	2.966	enhancer
PEAK_0245	500	2.956	enhancer
PEAK_0245	550	2.485	enhancer
PEAK_0245	600	1.764	enhancer
PEAK_0245	650	1.403	enhancer
PEAK_0245	700	1.678	enhancer
PEAK_0245	750	1.189	enhancer
PEAK_0245	800	1.088	enhancer
PEAK_0245	850	0.835	enhancer
PEAK_0245	900	0.764	enhancer
PEAK_0245	950	1.031	enhancer
PEAK_0245	1000	0.659	enhancer
PEAK_0246	-1000	1.021	enhancer
PEAK_0246	-950	1.12	enhancer
PEAK_0246	-900	1.082	enhancer
PEAK_0246	-850	2.026	enhancer
PEAK_0246	-800	1.128	enhancer
PEAK_0246	-750	2.311	enhancer
PEAK_0246	-700	3.009	enhancer
PEAK_0246	-650	2.752	enhancer
PEAK_0246	-600	3.225	enhancer
PEAK_0246	-550	4.162	enhancer
PEAK_0246	-500	3.861	enhancer
PEAK_0246	-450	4.356	enhancer
PEAK_0246	-400	4.949	enhancer
PEAK_0246	-350	5.218	enhancer
PEAK_0246	-300	5.265	enhancer
PEAK_0246	-250	4.719	enhancer
PEAK_0246	-200	5.609	enhancer
PEAK_0246	-150	5.074	enhancer
PEAK_0246	-100	5.451	enhancer
PEAK_0246	-50	5.331	enhancer
PEAK_0246	0	6.363	enhancer
PEAK_0246	50	5.304	enhancer
PEAK_0246	100	4.797	enhancer
PEAK_0246	150	4.32	enhancer
PEAK_0246	200	3.875	enhancer
PEAK_0246	250	3.357	enhancer
PEAK_0246	300	3.625	enhancer
PEAK_0246	350	2.691	enhancer
PEAK_0246	400	2.345	enhancer
PEAK_0246	450	1.966	enhancer
PEAK_0246	500	1.594	enhancer
PEAK_0246	550	1.584	enhancer
PEAK_0246	600	1.509	enhancer
PEAK_0246	650	1.233	enhancer
PEAK_0246	700	0.608	enhancer
PEAK_0246	750	0.784	enhancer
PEAK_0246	800	0.482	enhancer
PEAK_0246	850	0.39	enhancer
PEAK_0246	900	0.809	enhancer
PEAK_0246	950	0.43	enhancer
PEAK_0246	1000	0.19	enhancer
PEAK_0247	-1000	0.435	enhancer
PEAK_0247	-950	0.692	enhancer
PEAK_0247	-900	1.385	enhancer
PEAK_0247	-850	1.05	enhancer
PEAK_0247	-800	0.775	enhancer
PEAK_0247	-750	1.25	enhancer
PEAK_0247	-700	2.187	enhancer
PEAK_0247	-650	1.5	enhancer
PEAK_0247	-600	1.953	enhancer
PEAK_0247	-550	2.503	enhancer
PEAK_0247	-500	1.895	enhancer
PEAK_0247	-450	2.584	enhancer
PEAK_0247	-400	2.93	enhancer
PEAK_0247	-350	3.991	enhancer
PEAK_0247	-300	2.974	enhancer
PEAK_0247	-250	3.644	enhancer
PEAK_0247	-200	2.926	enhancer
PEAK_0247	-150	3.929	enhancer
PEAK_0247	-100	3.419	enhancer
PEAK_0247	-50	4.44	enhancer
PEAK_0247	0	4.247	enhancer
PEAK_0247	50	3.033	enhancer
PEAK_0247	100	3.638	enhancer
PEAK_0247	150	3.499	enhancer
PEAK_0247	200	3.736	enhancer
PEAK_0247	250	2.924	enhancer
PEAK_0247	300	3.826	enhancer
PEAK_0247	350	2.589	enhancer
PEAK_0247	400	2.78	enhancer
PEAK_0247	450	2.77	enhancer
PEAK_0247	500	2.0	enhancer
PEAK_0247	550	2.097	enhancer
PEAK_0247	600	1.597	enhancer
PEAK_0247	650	2.081	enhancer
PEAK_0247	700	1.179	enhancer
PEAK_0247	750	1.722	enhancer
PEAK_0247	800	0.488	enhancer
PEAK_0247	850	1.556	enhancer
PEAK_0247	900	1.09	enhancer
PEAK_0247	950	1.253	enhancer
PEAK_0247	1000	0.543	enhancer
PEAK_0248	-1000	0.384	background
PEAK_0248	-950	0.081	background
PEAK_0248	-900	0.023	background
PEAK_0248	-850	0.248	background
PEAK_0248	-800	0.88	background
PEAK_0248	-750	0.353	background
PEAK_0248	-700	0.385	background
PEAK_0248	-650	0.481	background
PEAK_0248	-600	0.427	background
PEAK_0248	-550	0.831	background
PEAK_0248	-500	0.414	background
PEAK_0248	-450	0.657	background
PEAK_0248	-400	0.461	background
PEAK_0248	-350	0.802	background
PEAK_0248	-300	0.713	background
PEAK_0248	-250	0.46	background
PEAK_0248	-200	0.185	background
PEAK_0248	-150	0.0	background
PEAK_0248	-100	0.928	background
PEAK_0248	-50	0.734	background
PEAK_0248	0	0.467	background
PEAK_0248	50	0.543	background
PEAK_0248	100	0.0	background
PEAK_0248	150	0.989	background
PEAK_0248	200	0.418	background
PEAK_0248	250	0.75	background
PEAK_0248	300	0.499	background
PEAK_0248	350	0.39	background
PEAK_0248	400	0.387	background
PEAK_0248	450	0.0	background
PEAK_0248	500	0.382	background
PEAK_0248	550	0.372	background
PEAK_0248	600	0.693	background
PEAK_0248	650	0.553	background
PEAK_0248	700	0.446	background
PEAK_0248	750	0.0	background
PEAK_0248	800	0.76	background
PEAK_0248	850	0.675	background
PEAK_0248	900	0.565	background
PEAK_0248	950	0.663	background
PEAK_0248	1000	0.724	background
PEAK_0249	-1000	0.626	background
PEAK_0249	-950	0.807	background
PEAK_0249	-900	0.725	background
PEAK_0249	-850	0.662	background
PEAK_0249	-800	0.342	background
PEAK_0249	-750	1.064	background
PEAK_0249	-700	0.958	background
PEAK_0249	-650	0.604	background
PEAK_0249	-600	0.877	background
PEAK_0249	-550	0.805	background
PEAK_0249	-500	0.941	background
PEAK_0249	-450	1.364	background
PEAK_0249	-400	1.482	background
PEAK_0249	-350	1.409	background
PEAK_0249	-300	1.206	background
PEAK_0249	-250	1.116	background
PEAK_0249	-200	1.084	background
PEAK_0249	-150	0.658	background
PEAK_0249	-100	1.109	background
PEAK_0249	-50	0.216	background
PEAK_0249	0	1.239	background
PEAK_0249	50	1.401	background
PEAK_0249	100	1.015	background
PEAK_0249	150	0.842	background
PEAK_0249	200	1.591	background
PEAK_0249	250	0.799	background
PEAK_0249	300	1.109	background
PEAK_0249	350	1.078	background
PEAK_0249	400	0.872	background
PEAK_0249	450	1.238	background
PEAK_0249	500	0.782	background
PEAK_0249	550	0.982	background
PEAK_0249	600	1.143	background
PEAK_0249	650	0.886	background
PEAK_0249	700	0.915	background
PEAK_0249	750	0.978	background
PEAK_0249	800	1.318	background
PEAK_0249	850	1.273	background
PEAK_0249	900	1.002	background
PEAK_0249	950	0.906	background
PEAK_0249	1000	0.883	background
PEAK_0250	-1000	0.411	promoter
PEAK_0250	-950	0.57	promoter
PEAK_0250	-900	0.257	promoter
PEAK_0250	-850	0.779	promoter
PEAK_0250	-800	0.0	promoter
PEAK_0250	-750	0.161	promoter
PEAK_0250	-700	0.192	promoter
PEAK_0250	-650	0.453	promoter
PEAK_0250	-600	0.0	promoter
PEAK_0250	-550	0.366	promoter
PEAK_0250	-500	0.663	promoter
PEAK_0250	-450	0.351	promoter
PEAK_0250	-400	0.514	promoter
PEAK_0250	-350	1.773	promoter
PEAK_0250	-300	3.927	promoter
PEAK_0250	-250	5.583	promoter
PEAK_0250	-200	9.164	promoter
PEAK_0250	-150	11.107	promoter
PEAK_0250	-100	13.751	promoter
PEAK_0250	-50	14.424	promoter
PEAK_0250	0	15.302	promoter
PEAK_0250	50	14.546	promoter
PEAK_0250	100	11.818	promoter
PEAK_0250	150	11.181	promoter
PEAK_0250	200	8.834	promoter
PEAK_0250	250	5.934	promoter
PEAK_0250	300	4.074	promoter
PEAK_0250	350	1.949	promoter
PEAK_0250	400	1.564	promoter
PEAK_0250	450	0.779	promoter
PEAK_0250	500	0.51	promoter
PEAK_0250	550	0.345	promoter
PEAK_0250	600	0.655	promoter
PEAK_0250	650	0.73	promoter
PEAK_0250	700	0.435	promoter
PEAK_0250	750	0.222	promoter
PEAK_0250	800	0.345	promoter
PEAK_0250	850	0.489	promoter
PEAK_0250	900	0.0	promoter
PEAK_0250	950	0.114	promoter
PEAK_0250	1000	0.31	promoter
PEAK_0251	-1000	0.352	enhancer
PEAK_0251	-950	0.664	enhancer
PEAK_0251	-900	0.885	enhancer
PEAK_0251	-850	0.697	enhancer
PEAK_0251	-800	0.385	enhancer
PEAK_0251	-750	0.531	enhancer
PEAK_0251	-700	1.052	enhancer
PEAK_0251	-650	0.583	enhancer
PEAK_0251	-600	1.592	enhancer
PEAK_0251	-550	1.627	enhancer
PEAK_0251	-500	2.157	enhancer
PEAK_0251	-450	2.165	enhancer
PEAK_0251	-400	2.426	enhancer
PEAK_0251	-350	2.388	enhancer
PEAK_0251	-300	2.488	enhancer
PEAK_0251	-250	3.024	enhancer
PEAK_0251	-200	3.301	enhancer
PEAK_0251	-150	4.048	enhancer
PEAK_0251	-100	3.262	enhancer
PEAK_0251	-50	3.53	enhancer
PEAK_0251	0	4.169	enhancer
PEAK_0251	50	3.828	enhancer
PEAK_0251	100	4.541	enhancer
PEAK_0251	150	4.13	enhancer
PEAK_0251	200	3.819	enhancer
PEAK_0251	250	3.261	enhancer
PEAK_0251	300	4.553	enhancer
PEAK_0251	350	4.665	enhancer
PEAK_0251	400	3.578	enhancer
PEAK_0251	450	3.453	enhancer
PEAK_0251	500	3.697	enhancer
PEAK_0251	550	2.375	enhancer
PEAK_0251	600	2.832	enhancer
PEAK_0251	650	2.749	enhancer
PEAK_0251	700	1.661	enhancer
PEAK_0251	750	0.689	enhancer
PEAK_0251	800	1.972	enhancer
PEAK_0251	850	1.369	enhancer
PEAK_0251	900	1.737	enhancer
PEAK_0251	950	1.148	enhancer
PEAK_0251	1000	1.04	enhancer
PEAK_0252	-1000	1.273	enhancer
PEAK_0252	-950	2.34	enhancer
PEAK_0252	-900	2.19	enhancer
PEAK_0252	-850	3.067	enhancer
PEAK_0252	-800	3.023	enhancer
PEAK_0252	-750	3.464	enhancer
PEAK_0252	-700	3.37	enhancer
PEAK_0252	-650	3.726	enhancer
PEAK_0252	-600	4.782	enhancer
PEAK_0252	-550	5.153	enhancer
PEAK_0252	-500	4.387	enhancer
PEAK_0252	-450	5.271	enhancer
PEAK_0252	-400	5.409	enhancer
PEAK_0252	-350	6.4	enhancer
PEAK_0252	-300	6.462	enhancer
PEAK_0252	-250	6.856	enhancer
PEAK_0252	-200	6.871	enhancer
PEAK_0252	-150	6.454	enhancer
PEAK_0252	-100	6.031	enhancer
PEAK_0252	-50	7.259	enhancer
PEAK_0252	0	7.735	enhancer
PEAK_0252	50	6.414	enhancer
PEAK_0252	100	5.833	enhancer
PEAK_0252	150	5.6	enhancer
PEAK_0252	200	5.133	enhancer
PEAK_0252	250	5.111	enhancer
PEAK_0252	300	3.163	enhancer
PEAK_0252	350	4.442	enhancer
PEAK_0252	400	4.074	enhancer
PEAK_0252	450	2.671	enhancer
PEAK_0252	500	2.719	enhancer
PEAK_0252	550	2.456	enhancer
PEAK_0252	600	1.469	enhancer
PEAK_0252	650	1.645	enhancer
PEAK_0252	700	1.5	enhancer
PEAK_0252	750	1.481	enhancer
PEAK_0252	800	0.49	enhancer
PEAK_0252	850	0.682	enhancer
PEAK_0252	900	0.641	enhancer
PEAK_0252	950	0.518	enhancer
PEAK_0252	1000	0.674	enhancer
PEAK_0253	-1000	0.13	enhancer
PEAK_0253	-950	0.555	enhancer
PEAK_0253	-900	0.467	enhancer
PEAK_0253	-850	0.203	enhancer
PEAK_0253	-800	0.438	enhancer
PEAK_0253	-750	0.703	enhancer
PEAK_0253	-700	0.93	enhancer
PEAK_0253	-650	0.776	enhancer
PEAK_0253	-600	1.148	enhancer
PEAK_0253	-550	1.326	enhancer
PEAK_0253	-500	1.63	enhancer
PEAK_0253	-450	1.468	enhancer
PEAK_0253	-400	1.855	enhancer
PEAK_0253	-350	2.543	enhancer
PEAK_0253	-300	2.823	enhancer
PEAK_0253	-250	3.601	enhancer
PEAK_0253	-200	3.396	enhancer
PEAK_0253	-150	2.927	enhancer
PEAK_0253	-100	3.056	enhancer
PEAK_0253	-50	4.817	enhancer
PEAK_0253	0	4.14	enhancer
PEAK_0253	50	4.657	enhancer
PEAK_0253	100	3.456	enhancer
PEAK_0253	150	4.108	enhancer
PEAK_0253	200	3.637	enhancer
PEAK_0253	250	4.134	enhancer
PEAK_0253	300	5.074	enhancer
PEAK_0253	350	3.83	enhancer
PEAK_0253	400	3.532	enhancer
PEAK_0253	450	3.312	enhancer
PEAK_0253	500	2.345	enhancer
PEAK_0253	550	2.47	enhancer
PEAK_0253	600	1.987	enhancer
PEAK_0253	650	2.25	enhancer
PEAK_0253	700	1.177	enhancer
PEAK_0253	750	1.48	enhancer
PEAK_0253	800	1.215	enhancer
PEAK_0253	850	0.876	enhancer
PEAK_0253	900	0.309	enhancer
PEAK_0253	950	0.626	enhancer
PEAK_0253	1000	0.716	enhancer
PEAK_0254	-1000	0.253	promoter
PEAK_0254	-950	0.03	promoter
PEAK_0254	-900	0.539	promoter
PEAK_0254	-850	0.013	promoter
PEAK_0254	-800	0.08	promoter
PEAK_0254	-750	0.115	promoter
PEAK_0254	-700	0.144	promoter
PEAK_0254	-650	0.485	promoter
PEAK_0254	-600	0.4	promoter
PEAK_0254	-550	0.14	promoter
PEAK_0254	-500	0.267	promoter
PEAK_0254	-450	0.513	promoter
PEAK_0254	-400	0.353	promoter
PEAK_0254	-350	1.972	promoter
PEAK_0254	-300	2.653	promoter
PEAK_0254	-250	4.682	promoter
PEAK_0254	-200	6.772	promoter
PEAK_0254	-150	9.372	promoter
PEAK_0254	-100	14.926	promoter
PEAK_0254	-50	17.948	promoter
PEAK_0254	0	21.222	promoter
PEAK_0254	50	18.167	promoter
PEAK_0254	100	14.996	promoter
PEAK_0254	150	9.951	promoter
PEAK_0254	200	6.809	promoter
PEAK_0254	250	5.094	promoter
PEAK_0254	300	2.861	promoter
PEAK_0254	350	1.133	promoter
PEAK_0254	400	0.466	promoter
PEAK_0254	450	0.405	promoter
PEAK_0254	500	0.222	promoter
PEAK_0254	550	0.034	promoter
PEAK_0254	600	0.144	promoter
PEAK_0254	650	0.2	promoter
PEAK_0254	700	0.311	promoter
PEAK_0254	750	0.0	promoter
PEAK_0254	800	0.437	promoter
PEAK_0254	850	0.0	promoter
PEAK_0254	900	0.0	promoter
PEAK_0254	950	0.291	promoter
PEAK_0254	1000	0.162	promoter
PEAK_0255	-1000	0.402	enhancer
PEAK_0255	-950	0.426	enhancer
PEAK_0255	-900	0.518	enhancer
PEAK_0255	-850	0.302	enhancer
PEAK_0255	-800	0.188	enhancer
PEAK_0255	-750	0.662	enhancer
PEAK_0255	-700	0.816	enhancer
PEAK_0255	-650	0.533	enhancer
PEAK_0255	-600	1.156	enhancer
PEAK_0255	-550	0.698	enhancer
PEAK_0255	-500	0.776	enhancer
PEAK_0255	-450	0.64	enhancer
PEAK_0255	-400	1.407	enhancer
PEAK_0255	-350	1.909	enhancer
PEAK_0255	-300	1.916	enhancer
PEAK_0255	-250	2.335	enhancer
PEAK_0255	-200	2.993	enhancer
PEAK_0255	-150	2.774	enhancer
PEAK_0255	-100	3.127	enhancer
PEAK_0255	-50	3.832	enhancer
PEAK_0255	0	3.396	enhancer
PEAK_0255	50	3.91	enhancer
PEAK_0255	100	3.582	enhancer
PEAK_0255	150	3.308	enhancer
PEAK_0255	200	3.38	enhancer
PEAK_0255	250	3.691	enhancer
PEAK_0255	300	3.083	enhancer
PEAK_0255	350	1.924	enhancer
PEAK_0255	400	2.051	enhancer
PEAK_0255	450	1.702	enhancer
PEAK_0255	500	1.362	enhancer
PEAK_0255	550	1.55	enhancer
PEAK_0255	600	1.617	enhancer
PEAK_0255	650	0.814	enhancer
PEAK_0255	700	0.898	enhancer
PEAK_0255	750	1.246	enhancer
PEAK_0255	800	1.139	enhancer
PEAK_0255	850	0.477	enhancer
PEAK_0255	900	0.349	enhancer
PEAK_0255	950	0.423	enhancer
PEAK_0255	1000	0.696	enhancer
PEAK_0256	-1000	0.232	promoter
PEAK_0256	-950	0.529	promoter
PEAK_0256	-900	0.23	promoter
PEAK_0256	-850	0.39	promoter
PEAK_0256	-800	0.398	promoter
PEAK_0256	-750	0.343	promoter
PEAK_0256	-700	0.443	promoter
PEAK_0256	-650	0.261	promoter
PEAK_0256	-600	0.172	promoter
PEAK_0256	-550	0.094	promoter
PEAK_0256	-500	0.257	promoter
PEAK_0256	-450	0.408	promoter
PEAK_0256	-400	0.748	promoter
PEAK_0256	-350	1.563	promoter
PEAK_0256	-300	1.439	promoter
PEAK_0256	-250	3.992	promoter
PEAK_0256	-200	5.214	promoter
PEAK_0256	-150	7.991	promoter
PEAK_0256	-100	9.778	promoter
PEAK_0256	-50	11.417	promoter
PEAK_0256	0	12.761	promoter
PEAK_0256	50	12.731	promoter
PEAK_0256	100	10.032	promoter
PEAK_0256	150	8.345	promoter
PEAK_0256	200	5.888	promoter
PEAK_0256	250	3.444	promoter
PEAK_0256	300	2.268	promoter
PEAK_0256	350	1.005	promoter
PEAK_0256	400	0.549	promoter
PEAK_0256	450	0.241	promoter
PEAK_0256	500	0.018	promoter
PEAK_0256	550	0.085	promoter
PEAK_0256	600	0.21	promoter
PEAK_0256	650	0.207	promoter
PEAK_0256	700	0.394	promoter
PEAK_0256	750	0.313	promoter
PEAK_0256	800	0.0	promoter
PEAK_0256	850	0.0	promoter
PEAK_0256	900	0.252	promoter
PEAK_0256	950	0.106	promoter
PEAK_0256	1000	0.018	promoter
PEAK_0257	-1000	0.635	background
PEAK_0257	-950	0.671	background
PEAK_0257	-900	0.761	background
PEAK_0257	-850	0.742	background
PEAK_0257	-800	0.507	background
PEAK_0257	-750	0.046	background
PEAK_0257	-700	0.707	background
PEAK_0257	-650	0.621	background
PEAK_0257	-600	0.202	background
PEAK_0257	-550	0.486	background
PEAK_0257	-500	0.116	background
PEAK_0257	-450	0.296	background
PEAK_0257	-400	0.213	background
PEAK_0257	-350	0.557	background
PEAK_0257	-300	0.7	background
PEAK_0257	-250	0.617	background
PEAK_0257	-200	0.972	background
PEAK_0257	-150	0.688	background
PEAK_0257	-100	0.425	background
PEAK_0257	-50	0.246	background
PEAK_0257	0	0.44	background
PEAK_0257	50	0.916	background
PEAK_0257	100	0.312	background
PEAK_0257	150	0.349	background
PEAK_0257	200	0.732	background
PEAK_0257	250	0.763	background
PEAK_0257	300	0.262	background
PEAK_0257	350	0.362	background
PEAK_0257	400	0.718	background
PEAK_0257	450	0.253	background
PEAK_0257	500	0.295	background
PEAK_0257	550	0.317	background
PEAK_0257	600	0.818	background
PEAK_0257	650	0.61	background
PEAK_0257	700	0.396	background
PEAK_0257	750	0.054	background
PEAK_0257	800	0.44	background
PEAK_0257	850	0.628	background
PEAK_0257	900	0.547	background
PEAK_0257	950	0.003	background
PEAK_0257	1000	0.472	background
PEAK_0258	-1000	0.748	enhancer
PEAK_0258	-950	0.618	enhancer
PEAK_0258	-900	1.011	enhancer
PEAK_0258	-850	0.541	enhancer
PEAK_0258	-800	1.337	enhancer
PEAK_0258	-750	0.331	enhancer
PEAK_0258	-700	1.456	enhancer
PEAK_0258	-650	0.709	enhancer
PEAK_0258	-600	1.218	enhancer
PEAK_0258	-550	1.387	enhancer
PEAK_0258	-500	2.102	enhancer
PEAK_0258	-450	1.435	enhancer
PEAK_0258	-400	1.601	enhancer
PEAK_0258	-350	1.972	enhancer
PEAK_0258	-300	2.269	enhancer
PEAK_0258	-250	1.773	enhancer
PEAK_0258	-200	2.424	enhancer
PEAK_0258	-150	2.436	enhancer
PEAK_0258	-100	2.456	enhancer
PEAK_0258	-50	2.411	enhancer
PEAK_0258	0	2.971	enhancer
PEAK_0258	50	2.082	enhancer
PEAK_0258	100	2.443	enhancer
PEAK_0258	150	2.25	enhancer
PEAK_0258	200	3.176	enhancer
PEAK_0258	250	1.909	enhancer
PEAK_0258	300	1.998	enhancer
PEAK_0258	350	1.337	enhancer
PEAK_0258	400	1.854	enhancer
PEAK_0258	450	1.846	enhancer
PEAK_0258	500	1.409	enhancer
PEAK_0258	550	1.106	enhancer
PEAK_0258	600	1.042	enhancer
PEAK_0258	650	1.289	enhancer
PEAK_0258	700	1.206	enhancer
PEAK_0258	750	0.73	enhancer
PEAK_0258	800	0.689	enhancer
PEAK_0258	850	0.561	enhancer
PEAK_0258	900	0.259	enhancer
PEAK_0258	950	0.794	enhancer
PEAK_0258	1000	0.581	enhancer
PEAK_0259	-1000	0.39	enhancer
PEAK_0259	-950	0.027	enhancer
PEAK_0259	-900	0.026	enhancer
PEAK_0259	-850	0.483	enhancer
PEAK_0259	-800	0.387	enhancer
PEAK_0259	-750	0.764	enhancer
PEAK_0259	-700	0.961	enhancer
PEAK_0259	-650	0.688	enhancer
PEAK_0259	-600	1.129	enhancer
PEAK_0259	-550	1.02	enhancer
PEAK_0259	-500	1.269	enhancer
PEAK_0259	-450	1.19	enhancer
PEAK_0259	-400	0.734	enhancer
PEAK_0259	-350	2.08	enhancer
PEAK_0259	-300	2.477	enhancer
PEAK_0259	-250	2.484	enhancer
PEAK_0259	-200	2.498	enhancer
PEAK_0259	-150	2.944	enhancer
PEAK_0259	-100	2.235	enhancer
PEAK_0259	-50	2.608	enhancer
PEAK_0259	0	3.918	enhancer
PEAK_0259	50	3.118	enhancer
PEAK_0259	100	2.805	enhancer
PEAK_0259	150	2.777	enhancer
PEAK_0259	200	2.453	enhancer
PEAK_0259	250	2.905	enhancer
PEAK_0259	300	2.517	enhancer
PEAK_0259	350	2.375	enhancer
PEAK_0259	400	1.208	enhancer
PEAK_0259	450	1.61	enhancer
PEAK_0259	500	2.029	enhancer
PEAK_0259	550	1.134	enhancer
PEAK_0259	600	0.9	enhancer
PEAK_0259	650	1.263	enhancer
PEAK_0259	700	0.318	enhancer
PEAK_0259	750	0.441	enhancer
PEAK_0259	800	0.78	enhancer
PEAK_0259	850	0.0	enhancer
PEAK_0259	900	0.193	enhancer
PEAK_0259	950	0.534	enhancer
PEAK_0259	1000	0.156	enhancer
PEAK_0260	-1000	1.711	enhancer
PEAK_0260	-950	1.107	enhancer
PEAK_0260	-900	1.631	enhancer
PEAK_0260	-850	1.951	enhancer
PEAK_0260	-800	2.948	enhancer
PEAK_0260	-750	2.461	enhancer
PEAK_0260	-700	3.413	enhancer
PEAK_0260	-650	4.32	enhancer
PEAK_0260	-600	5.565	enhancer
PEAK_0260	-550	6.527	enhancer
PEAK_0260	-500	7.251	enhancer
PEAK_0260	-450	7.98	enhancer
PEAK_0260	-400	8.159	enhancer
PEAK_0260	-350	8.16	enhancer
PEAK_0260	-300	10.69	enhancer
PEAK_0260	-250	10.64	enhancer
PEAK_0260	-200	10.634	enhancer
PEAK_0260	-150	11.975	enhancer
PEAK_0260	-100	12.597	enhancer
PEAK_0260	-50	13.561	enhancer
PEAK_0260	0	11.518	enhancer
PEAK_0260	50	11.508	enhancer
PEAK_0260	100	12.066	enhancer
PEAK_0260	150	12.392	enhancer
PEAK_0260	200	10.713	enhancer
PEAK_0260	250	10.544	enhancer
PEAK_0260	300	9.034	enhancer
PEAK_0260	350	7.976	enhancer
PEAK_0260	400	7.018	enhancer
PEAK_0260	450	7.437	enhancer
PEAK_0260	500	6.189	enhancer
PEAK_0260	550	5.105	enhancer
PEAK_0260	600	5.828	enhancer
PEAK_0260	650	4.301	enhancer
PEAK_0260	700	3.193	enhancer
PEAK_0260	750	2.706	enhancer
PEAK_0260	800	3.048	enhancer
PEAK_0260	850	2.046	enhancer
PEAK_0260	900	1.478	enhancer
PEAK_0260	950	1.364	enhancer
PEAK_0260	1000	0.77	enhancer
PEAK_0261	-1000	0.728	background
PEAK_0261	-950	0.729	background
PEAK_0261	-900	0.433	background
PEAK_0261	-850	1.301	background
PEAK_0261	-800	1.165	background
PEAK_0261	-750	0.944	background
PEAK_0261	-700	1.285	background
PEAK_0261	-650	0.731	background
PEAK_0261	-600	0.749	background
PEAK_0261	-550	1.666	background
PEAK_0261	-500	1.081	background
PEAK_0261	-450	1.302	background
PEAK_0261	-400	1.05	background
PEAK_0261	-350	1.301	background
PEAK_0261	-300	1.64	background
PEAK_0261	-250	1.159	background
PEAK_0261	-200	1.268	background
PEAK_0261	-150	0.362	background
PEAK_0261	-100	0.865	background
PEAK_0261	-50	0.884	background
PEAK_0261	0	1.12	background
PEAK_0261	50	1.388	background
PEAK_0261	100	0.913	background
PEAK_0261	150	0.617	background
PEAK_0261	200	1.054	background
PEAK_0261	250	1.248	background
PEAK_0261	300	0.9	background
PEAK_0261	350	0.745	background
PEAK_0261	400	1.247	background
PEAK_0261	450	1.058	background
PEAK_0261	500	1.44	background
PEAK_0261	550	1.39	background
PEAK_0261	600	0.743	background
PEAK_0261	650	1.272	background
PEAK_0261	700	1.53	background
PEAK_0261	750	1.023	background
PEAK_0261	800	0.714	background
PEAK_0261	850	0.945	background
PEAK_0261	900	1.267	background
PEAK_0261	950	0.984	background
PEAK_0261	1000	0.311	background
PEAK_0262	-1000	0.138	enhancer
PEAK_0262	-950	0.362	enhancer
PEAK_0262	-900	0.0	enhancer
PEAK_0262	-850	0.0	enhancer
PEAK_0262	-800	0.486	enhancer
PEAK_0262	-750	0.883	enhancer
PEAK_0262	-700	0.399	enhancer
PEAK_0262	-650	0.5	enhancer
PEAK_0262	-600	0.279	enhancer
PEAK_0262	-550	1.279	enhancer
PEAK_0262	-500	1.302	enhancer
PEAK_0262	-450	0.378	enhancer
PEAK_0262	-400	0.75	enhancer
PEAK_0262	-350	0.954	enhancer
PEAK_0262	-300	0.608	enhancer
PEAK_0262	-250	1.447	enhancer
PEAK_0262	-200	1.336	enhancer
PEAK_0262	-150	1.538	enhancer
PEAK_0262	-100	1.297	enhancer
PEAK_0262	-50	1.714	enhancer
PEAK_0262	0	0.992	enhancer
PEAK_0262	50	1.876	enhancer
PEAK_0262	100	0.844	enhancer
PEAK_0262	150	1.495	enhancer
PEAK_0262	200	1.326	enhancer
PEAK_0262	250	1.241	enhancer
PEAK_0262	300	0.838	enhancer
PEAK_0262	350	1.363	enhancer
PEAK_0262	400	0.442	enhancer
PEAK_0262	450	0.426	enhancer
PEAK_0262	500	1.175	enhancer
PEAK_0262	550	0.211	enhancer
PEAK_0262	600	0.405	enhancer
PEAK_0262	650	0.557	enhancer
PEAK_0262	700	0.35	enhancer
PEAK_0262	750	0.414	enhancer
PEAK_0262	800	0.0	enhancer
PEAK_0262	850	0.562	enhancer
PEAK_0262	900	0.047	enhancer
PEAK_0262	950	0.474	enhancer
PEAK_0262	1000	0.0	enhancer
PEAK_0263	-1000	0.092	enhancer
PEAK_0263	-950	0.785	enhancer
PEAK_0263	-900	0.753	enhancer
PEAK_0263	-850	0.659	enhancer
PEAK_0263	-800	0.813	enhancer
PEAK_0263	-750	0.649	enhancer
PEAK_0263	-700	0.795	enhancer
PEAK_0263	-650	1.162	enhancer
PEAK_0263	-600	1.38	enhancer
PEAK_0263	-550	0.919	enhancer
PEAK_0263	-500	0.718	enhancer
PEAK_0263	-450	0.371	enhancer
PEAK_0263	-400	1.676	enhancer
PEAK_0263	-350	1.289	enhancer
PEAK_0263	-300	1.596	enhancer
PEAK_0263	-250	2.063	enhancer
PEAK_0263	-200	2.193	enhancer
PEAK_0263	-150	1.919	enhancer
PEAK_0263	-100	1.541	enhancer
PEAK_0263	-50	2.671	enhancer
PEAK_0263	0	1.797	enhancer
PEAK_0263	50	2.024	enhancer
PEAK_0263	100	2.163	enhancer
PEAK_0263	150	3.158	enhancer
PEAK_0263	200	2.033	enhancer
PEAK_0263	250	1.814	enhancer
PEAK_0263	300	2.118	enhancer
PEAK_0263	350	2.443	enhancer
PEAK_0263	400	1.484	enhancer
PEAK_0263	450	2.237	enhancer
PEAK_0263	500	2.266	enhancer
PEAK_0263	550	1.646	enhancer
PEAK_0263	600	1.493	enhancer
PEAK_0263	650	0.884	enhancer
PEAK_0263	700	1.163	enhancer
PEAK_0263	750	1.205	enhancer
PEAK_0263	800	0.96	enhancer
PEAK_0263	850	0.965	enhancer
PEAK_0263	900	0.704	enhancer
PEAK_0263	950	0.523	enhancer
PEAK_0263	1000	1.227	enhancer
PEAK_0264	-1000	0.639	enhancer
PEAK_0264	-950	1.155	enhancer
PEAK_0264	-900	1.239	enhancer
PEAK_0264	-850	2.289	enhancer
PEAK_0264	-800	2.295	enhancer
PEAK_0264	-750	2.627	enhancer
PEAK_0264	-700	2.208	enhancer
PEAK_0264	-650	2.94	enhancer
PEAK_0264	-600	3.681	enhancer
PEAK_0264	-550	2.521	enhancer
PEAK_0264	-500	3.014	enhancer
PEAK_0264	-450	3.379	enhancer
PEAK_0264	-400	4.4	enhancer
PEAK_0264	-350	3.973	enhancer
PEAK_0264	-300	4.527	enhancer
PEAK_0264	-250	4.016	enhancer
PEAK_0264	-200	4.325	enhancer
PEAK_0264	-150	5.03	enhancer
PEAK_0264	-100	4.367	enhancer
PEAK_0264	-50	4.65	enhancer
PEAK_0264	0	3.714	enhancer
PEAK_0264	50	3.931	enhancer
PEAK_0264	100	3.719	enhancer
PEAK_0264	150	3.345	enhancer
PEAK_0264	200	3.052	enhancer
PEAK_0264	250	2.267	enhancer
PEAK_0264	300	2.114	enhancer
PEAK_0264	350	1.811	enhancer
PEAK_0264	400	1.579	enhancer
PEAK_0264	450	1.0	enhancer
PEAK_0264	500	1.434	enhancer
PEAK_0264	550	1.627	enhancer
PEAK_0264	600	1.241	enhancer
PEAK_0264	650	0.574	enhancer
PEAK_0264	700	0.775	enhancer
PEAK_0264	750	0.522	enhancer
PEAK_0264	800	0.614	enhancer
PEAK_0264	850	0.313	enhancer
PEAK_0264	900	0.618	enhancer
PEAK_0264	950	0.471	enhancer
PEAK_0264	1000	0.0	enhancer
PEAK_0265	-1000	1.206	enhancer
PEAK_0265	-950	1.762	enhancer
PEAK_0265	-900	1.439	enhancer
PEAK_0265	-850	1.942	enhancer
PEAK_0265	-800	1.75	enhancer
PEAK_0265	-750	2.723	enhancer
PEAK_0265	-700	2.136	enhancer
PEAK_0265	-650	2.805	enhancer
PEAK_0265	-600	3.334	enhancer
PEAK_0265	-550	3.674	enhancer
PEAK_0265	-500	3.162	enhancer
PEAK_0265	-450	4.343	enhancer
PEAK_0265	-400	5.248	enhancer
PEAK_0265	-350	5.193	enhancer
PEAK_0265	-300	6.477	enhancer
PEAK_0265	-250	6.136	enhancer
PEAK_0265	-200	5.436	enhancer
PEAK_0265	-150	5.826	enhancer
PEAK_0265	-100	6.158	enhancer
PEAK_0265	-50	6.067	enhancer
PEAK_0265	0	6.328	enhancer
PEAK_0265	50	6.222	enhancer
PEAK_0265	100	5.715	enhancer
PEAK_0265	150	5.556	enhancer
PEAK_0265	200	4.873	enhancer
PEAK_0265	250	5.906	enhancer
PEAK_0265	300	4.979	enhancer
PEAK_0265	350	4.387	enhancer
PEAK_0265	400	3.246	enhancer
PEAK_0265	450	3.767	enhancer
PEAK_0265	500	2.775	enhancer
PEAK_0265	550	2.946	enhancer
PEAK_0265	600	1.979	enhancer
PEAK_0265	650	2.302	enhancer
PEAK_0265	700	2.056	enhancer
PEAK_0265	750	1.97	enhancer
PEAK_0265	800	1.146	enhancer
PEAK_0265	850	1.245	enhancer
PEAK_0265	900	1.154	enhancer
PEAK_0265	950	1.179	enhancer
PEAK_0265	1000	1.251	enhancer
PEAK_0266	-1000	0.065	background
PEAK_0266	-950	0.404	background
PEAK_0266	-900	0.703	background
PEAK_0266	-850	0.829	background
PEAK_0266	-800	0.662	background
PEAK_0266	-750	0.777	background
PEAK_0266	-700	1.298	background
PEAK_0266	-650	1.103	background
PEAK_0266	-600	1.23	background
PEAK_0266	-550	1.062	background
PEAK_0266	-500	0.814	background
PEAK_0266	-450	1.004	background
PEAK_0266	-400	1.391	background
PEAK_0266	-350	1.436	background
PEAK_0266	-300	0.914	background
PEAK_0266	-250	1.752	background
PEAK_0266	-200	1.204	background
PEAK_0266	-150	0.611	background
PEAK_0266	-100	1.304	background
PEAK_0266	-50	1.005	background
PEAK_0266	0	1.605	background
PEAK_0266	50	0.793	background
PEAK_0266	100	1.22	background
PEAK_0266	150	0.864	background
PEAK_0266	200	1.267	background
PEAK_0266	250	1.1	background
PEAK_0266	300	1.042	background
PEAK_0266	350	0.967	background
PEAK_0266	400	0.74	background
PEAK_0266	450	1.345	background
PEAK_0266	500	0.917	background
PEAK_0266	550	1.496	background
PEAK_0266	600	1.102	background
PEAK_0266	650	1.511	background
PEAK_0266	700	1.071	background
PEAK_0266	750	0.555	background
PEAK_0266	800	0.898	background
PEAK_0266	850	0.303	background
PEAK_0266	900	0.399	background
PEAK_0266	950	0.823	background
PEAK_0266	1000	0.388	background
PEAK_0267	-1000	0.0	promoter
PEAK_0267	-950	0.137	promoter
PEAK_0267	-900	0.197	promoter
PEAK_0267	-850	0.332	promoter
PEAK_0267	-800	0.45	promoter
PEAK_0267	-750	0.409	promoter
PEAK_0267	-700	0.265	promoter
PEAK_0267	-650	0.188	promoter
PEAK_0267	-600	0.291	promoter
PEAK_0267	-550	0.207	promoter
PEAK_0267	-500	0.57	promoter
PEAK_0267	-450	0.235	promoter
PEAK_0267	-400	0.644	promoter
PEAK_0267	-350	1.458	promoter
PEAK_0267	-300	3.395	promoter
PEAK_0267	-250	6.79	promoter
PEAK_0267	-200	8.189	promoter
PEAK_0267	-150	13.016	promoter
PEAK_0267	-100	16.53	promoter
PEAK_0267	-50	19.661	promoter
PEAK_0267	0	21.666	promoter
PEAK_0267	50	18.621	promoter
PEAK_0267	100	18.132	promoter
PEAK_0267	150	13.025	promoter
PEAK_0267	200	10.706	promoter
PEAK_0267	250	6.348	promoter
PEAK_0267	300	3.869	promoter
PEAK_0267	350	1.393	promoter
PEAK_0267	400	0.689	promoter
PEAK_0267	450	0.499	promoter
PEAK_0267	500	0.149	promoter
PEAK_0267	550	0.244	promoter
PEAK_0267	600	0.028	promoter
PEAK_0267	650	0.0	promoter
PEAK_0267	700	0.452	promoter
PEAK_0267	750	0.277	promoter
PEAK_0267	800	0.694	promoter
PEAK_0267	850	0.257	promoter
PEAK_0267	900	0.169	promoter
PEAK_0267	950	0.185	promoter
PEAK_0267	1000	0.555	promoter
PEAK_0268	-1000	0.073	background
PEAK_0268	-950	0.608	background
PEAK_0268	-900	0.785	background
PEAK_0268	-850	0.84	background
PEAK_0268	-800	0.749	background
PEAK_0268	-750	0.255	background
PEAK_0268	-700	0.706	background
PEAK_0268	-650	0.843	background
PEAK_0268	-600	0.867	background
PEAK_0268	-550	0.926	background
PEAK_0268	-500	0.761	background
PEAK_0268	-450	0.423	background
PEAK_0268	-400	1.126	background
PEAK_0268	-350	1.02	background
PEAK_0268	-300	0.943	background
PEAK_0268	-250	0.983	background
PEAK_0268	-200	0.748	background
PEAK_0268	-150	1.458	background
PEAK_0268	-100	0.805	background
PEAK_0268	-50	0.836	background
PEAK_0268	0	0.965	background
PEAK_0268	50	0.637	background
PEAK_0268	100	0.877	background
PEAK_0268	150	0.987	background
PEAK_0268	200	0.243	background
PEAK_0268	250	0.494	background
PEAK_0268	300	0.401	background
PEAK_0268	350	0.595	background
PEAK_0268	400	0.66	background
PEAK_0268	450	0.76	background
PEAK_0268	500	0.57	background
PEAK_0268	550	0.85	background
PEAK_0268	600	0.89	background
PEAK_0268	650	0.793	background
PEAK_0268	700	0.536	background
PEAK_0268	750	0.199	background
PEAK_0268	800	1.025	background
PEAK_0268	850	0.511	background
PEAK_0268	900	0.395	background
PEAK_0268	950	0.59	background
PEAK_0268	1000	0.929	background
PEAK_0269	-1000	0.373	enhancer
PEAK_0269	-950	0.655	enhancer
PEAK_0269	-900	0.431	enhancer
PEAK_0269	-850	0.404	enhancer
PEAK_0269	-800	0.739	enhancer
PEAK_0269	-750	0.866	enhancer
PEAK_0269	-700	1.339	enhancer
PEAK_0269	-650	0.877	enhancer
PEAK_0269	-600	1.367	enhancer
PEAK_0269	-550	1.886	enhancer
PEAK_0269	-500	0.99	enhancer
PEAK_0269	-450	1.867	enhancer
PEAK_0269	-400	2.492	enhancer
PEAK_0269	-350	2.573	enhancer
PEAK_0269	-300	2.873	enhancer
PEAK_0269	-250	3.006	enhancer
PEAK_0269	-200	2.947	enhancer
PEAK_0269	-150	3.68	enhancer
PEAK_0269	-100	3.698	enhancer
PEAK_0269	-50	5.19	enhancer
PEAK_0269	0	3.348	enhancer
PEAK_0269	50	3.639	enhancer
PEAK_0269	100	3.516	enhancer
PEAK_0269	150	3.875	enhancer
PEAK_0269	200	4.375	enhancer
PEAK_0269	250	2.944	enhancer
PEAK_0269	300	2.683	enhancer
PEAK_0269	350	3.127	enhancer
PEAK_0269	400	2.861	enhancer
PEAK_0269	450	2.128	enhancer
PEAK_0269	500	0.969	enhancer
PEAK_0269	550	1.565	enhancer
PEAK_0269	600	1.535	enhancer
PEAK_0269	650	0.833	enhancer
PEAK_0269	700	1.352	enhancer
PEAK_0269	750	0.887	enhancer
PEAK_0269	800	0.836	enhancer
PEAK_0269	850	0.541	enhancer
PEAK_0269	900	0.478	enhancer
PEAK_0269	950	0.0	enhancer
PEAK_0269	1000	0.0	enhancer
PEAK_0270	-1000	0.989	enhancer
PEAK_0270	-950	1.672	enhancer
PEAK_0270	-900	0.945	enhancer
PEAK_0270	-850	1.69	enhancer
PEAK_0270	-800	2.121	enhancer
PEAK_0270	-750	2.293	enhancer
PEAK_0270	-700	3.011	enhancer
PEAK_0270	-650	3.704	enhancer
PEAK_0270	-600	4.517	enhancer
PEAK_0270	-550	5.038	enhancer
PEAK_0270	-500	5.141	enhancer
PEAK_0270	-450	6.829	enhancer
PEAK_0270	-400	6.831	enhancer
PEAK_0270	-350	7.611	enhancer
PEAK_0270	-300	9.178	enhancer
PEAK_0270	-250	10.124	enhancer
PEAK_0270	-200	10.731	enhancer
PEAK_0270	-150	12.489	enhancer
PEAK_0270	-100	12.76	enhancer
PEAK_0270	-50	12.318	enhancer
PEAK_0270	0	12.739	enhancer
PEAK_0270	50	12.456	enhancer
PEAK_0270	100	12.842	enhancer
PEAK_0270	150	12.995	enhancer
PEAK_0270	200	12.109	enhancer
PEAK_0270	250	12.849	enhancer
PEAK_0270	300	11.676	enhancer
PEAK_0270	350	11.076	enhancer
PEAK_0270	400	11.276	enhancer
PEAK_0270	450	11.148	enhancer
PEAK_0270	500	10.678	enhancer
PEAK_0270	550	8.159	enhancer
PEAK_0270	600	9.154	enhancer
PEAK_0270	650	7.976	enhancer
PEAK_0270	700	7.237	enhancer
PEAK_0270	750	6.754	enhancer
PEAK_0270	800	4.684	enhancer
PEAK_0270	850	4.441	enhancer
PEAK_0270	900	3.722	enhancer
PEAK_0270	950	3.593	enhancer
PEAK_0270	1000	2.926	enhancer
PEAK_0271	-1000	0.82	background
PEAK_0271	-950	0.775	background
PEAK_0271	-900	0.88	background
PEAK_0271	-850	0.818	background
PEAK_0271	-800	0.63	background
PEAK_0271	-750	1.026	background
PEAK_0271	-700	0.714	background
PEAK_0271	-650	1.079	background
PEAK_0271	-600	0.68	background
PEAK_0271	-550	0.761	background
PEAK_0271	-500	0.971	background
PEAK_0271	-450	0.741	background
PEAK_0271	-400	0.583	background
PEAK_0271	-350	1.44	background
PEAK_0271	-300	0.63	background
PEAK_0271	-250	0.941	background
PEAK_0271	-200	0.882	background
PEAK_0271	-150	1.313	background
PEAK_0271	-100	1.002	background
PEAK_0271	-50	0.97	background
PEAK_0271	0	1.554	background
PEAK_0271	50	1.215	background
PEAK_0271	100	1.032	background
PEAK_0271	150	1.029	background
PEAK_0271	200	0.817	background
PEAK_0271	250	0.833	background
PEAK_0271	300	1.775	background
PEAK_0271	350	1.058	background
PEAK_0271	400	1.148	background
PEAK_0271	450	0.94	background
PEAK_0271	500	1.459	background
PEAK_0271	550	0.799	background
PEAK_0271	600	1.144	background
PEAK_0271	650	0.849	background
PEAK_0271	700	1.029	background
PEAK_0271	750	0.287	background
PEAK_0271	800	1.009	background
PEAK_0271	850	0.803	background
PEAK_0271	900	0.719	background
PEAK_0271	950	1.026	background
PEAK_0271	1000	0.662	background
PEAK_0272	-1000	0.15	promoter
PEAK_0272	-950	0.166	promoter
PEAK_0272	-900	0.186	promoter
PEAK_0272	-850	0.189	promoter
PEAK_0272	-800	0.0	promoter
PEAK_0272	-750	0.638	promoter
PEAK_0272	-700	0.245	promoter
PEAK_0272	-650	0.418	promoter
PEAK_0272	-600	0.017	promoter
PEAK_0272	-550	0.322	promoter
PEAK_0272	-500	0.157	promoter
PEAK_0272	-450	0.58	promoter
PEAK_0272	-400	0.565	promoter
PEAK_0272	-350	1.373	promoter
PEAK_0272	-300	2.739	promoter
PEAK_0272	-250	4.628	promoter
PEAK_0272	-200	6.779	promoter
PEAK_0272	-150	9.318	promoter
PEAK_0272	-100	12.293	promoter
PEAK_0272	-50	15.838	promoter
PEAK_0272	0	16.444	promoter
PEAK_0272	50	13.904	promoter
PEAK_0272	100	12.264	promoter
PEAK_0272	150	10.263	promoter
PEAK_0272	200	7.819	promoter
PEAK_0272	250	4.903	promoter
PEAK_0272	300	2.605	promoter
PEAK_0272	350	1.433	promoter
PEAK_0272	400	0.477	promoter
PEAK_0272	450	0.241	promoter
PEAK_0272	500	0.174	promoter
PEAK_0272	550	0.18	promoter
PEAK_0272	600	0.175	promoter
PEAK_0272	650	0.706	promoter
PEAK_0272	700	0.261	promoter
PEAK_0272	750	0.259	promoter
PEAK_0272	800	0.124	promoter
PEAK_0272	850	0.207	promoter
PEAK_0272	900	0.386	promoter
PEAK_0272	950	0.224	promoter
PEAK_0272	1000	0.187	promoter
PEAK_0273	-1000	0.169	promoter
PEAK_0273	-950	0.394	promoter
PEAK_0273	-900	0.296	promoter
PEAK_0273	-850	0.018	promoter
PEAK_0273	-800	0.313	promoter
PEAK_0273	-750	0.136	promoter
PEAK_0273	-700	0.088	promoter
PEAK_0273	-650	0.253	promoter
PEAK_0273	-600	0.458	promoter
PEAK_0273	-550	0.781	promoter
PEAK_0273	-500	0.224	promoter
PEAK_0273	-450	0.376	promoter
PEAK_0273	-400	0.668	promoter
PEAK_0273	-350	0.816	promoter
PEAK_0273	-300	2.051	promoter
PEAK_0273	-250	3.127	promoter
PEAK_0273	-200	4.773	promoter
PEAK_0273	-150	6.25	promoter
PEAK_0273	-100	8.585	promoter
PEAK_0273	-50	10.409	promoter
PEAK_0273	0	10.897	promoter
PEAK_0273	50	10.372	promoter
PEAK_0273	100	7.025	promoter
PEAK_0273	150	5.774	promoter
PEAK_0273	200	4.516	promoter
PEAK_0273	250	3.122	promoter
PEAK_0273	300	2.043	promoter
PEAK_0273	350	0.579	promoter
PEAK_0273	400	0.785	promoter
PEAK_0273	450	0.281	promoter
PEAK_0273	500	0.567	promoter
PEAK_0273	550	0.658	promoter
PEAK_0273	600	0.062	promoter
PEAK_0273	650	0.436	promoter
PEAK_0273	700	0.511	promoter
PEAK_0273	750	0.008	promoter
PEAK_0273	800	0.249	promoter
PEAK_0273	850	0.44	promoter
PEAK_0273	900	0.283	promoter
PEAK_0273	950	0.899	promoter
PEAK_0273	1000	0.386	promoter
PEAK_0274	-1000	0.359	enhancer
PEAK_0274	-950	0.3	enhancer
PEAK_0274	-900	0.756	enhancer
PEAK_0274	-850	0.425	enhancer
PEAK_0274	-800	0.895	enhancer
PEAK_0274	-750	0.624	enhancer
PEAK_0274	-700	0.665	enhancer
PEAK_0274	-650	1.028	enhancer
PEAK_0274	-600	1.751	enhancer
PEAK_0274	-550	1.323	enhancer
PEAK_0274	-500	0.926	enhancer
PEAK_0274	-450	1.81	enhancer
PEAK_0274	-400	2.131	enhancer
PEAK_0274	-350	1.809	enhancer
PEAK_0274	-300	2.138	enhancer
PEAK_0274	-250	1.84	enhancer
PEAK_0274	-200	2.46	enhancer
PEAK_0274	-150	2.663	enhancer
PEAK_0274	-100	2.356	enhancer
PEAK_0274	-50	3.584	enhancer
PEAK_0274	0	1.955	enhancer
PEAK_0274	50	2.551	enhancer
PEAK_0274	100	3.316	enhancer
PEAK_0274	150	2.856	enhancer
PEAK_0274	200	3.58	enhancer
PEAK_0274	250	3.59	enhancer
PEAK_0274	300	2.402	enhancer
PEAK_0274	350	2.384	enhancer
PEAK_0274	400	2.345	enhancer
PEAK_0274	450	2.083	enhancer
PEAK_0274	500	2.425	enhancer
PEAK_0274	550	2.351	enhancer
PEAK_0274	600	1.623	enhancer
PEAK_0274	650	1.514	enhancer
PEAK_0274	700	1.946	enhancer
PEAK_0274	750	2.12	enhancer
PEAK_0274	800	1.542	enhancer
PEAK_0274	850	1.341	enhancer
PEAK_0274	900	0.911	enhancer
PEAK_0274	950	1.379	enhancer
PEAK_0274	1000	0.916	enhancer
PEAK_0275	-1000	0.208	enhancer
PEAK_0275	-950	0.078	enhancer
PEAK_0275	-900	0.52	enhancer
PEAK_0275	-850	0.212	enhancer
PEAK_0275	-800	0.514	enhancer
PEAK_0275	-750	0.478	enhancer
PEAK_0275	-700	1.209	enhancer
PEAK_0275	-650	0.851	enhancer
PEAK_0275	-600	0.867	enhancer
PEAK_0275	-550	1.005	enhancer
PEAK_0275	-500	1.388	enhancer
PEAK_0275	-450	2.12	enhancer
PEAK_0275	-400	2.074	enhancer
PEAK_0275	-350	2.234	enhancer
PEAK_0275	-300	2.716	enhancer
PEAK_0275	-250	3.127	enhancer
PEAK_0275	-200	2.122	enhancer
PEAK_0275	-150	3.43	enhancer
PEAK_0275	-100	3.672	enhancer
PEAK_0275	-50	3.27	enhancer
PEAK_0275	0	2.903	enhancer
PEAK_0275	50	4.29	enhancer
PEAK_0275	100	4.378	enhancer
PEAK_0275	150	5.111	enhancer
PEAK_0275	200	3.796	enhancer
PEAK_0275	250	3.033	enhancer
PEAK_0275	300	2.84	enhancer
PEAK_0275	350	3.249	enhancer
PEAK_0275	400	2.198	enhancer
PEAK_0275	450	1.805	enhancer
PEAK_0275	500	2.091	enhancer
PEAK_0275	550	2.003	enhancer
PEAK_0275	600	0.95	enhancer
PEAK_0275	650	0.521	enhancer
PEAK_0275	700	1.315	enhancer
PEAK_0275	750	0.52	enhancer
PEAK_0275	800	1.265	enhancer
PEAK_0275	850	0.191	enhancer
PEAK_0275	900	0.383	enhancer
PEAK_0275	950	0.454	enhancer
PEAK_0275	1000	0.549	enhancer
PEAK_0276	-1000	0.339	enhancer
PEAK_0276	-950	0.691	enhancer
PEAK_0276	-900	0.618	enhancer
PEAK_0276	-850	1.064	enhancer
PEAK_0276	-800	1.424	enhancer
PEAK_0276	-750	0.91	enhancer
PEAK_0276	-700	1.144	enhancer
PEAK_0276	-650	2.007	enhancer
PEAK_0276	-600	2.309	enhancer
PEAK_0276	-550	1.944	enhancer
PEAK_0276	-500	1.967	enhancer
PEAK_0276	-450	4.047	enhancer
PEAK_0276	-400	3.439	enhancer
PEAK_0276	-350	3.116	enhancer
PEAK_0276	-300	4.549	enhancer
PEAK_0276	-250	4.783	enhancer
PEAK_0276	-200	4.792	enhancer
PEAK_0276	-150	5.411	enhancer
PEAK_0276	-100	4.544	enhancer
PEAK_0276	-50	6.101	enhancer
PEAK_0276	0	4.916	enhancer
PEAK_0276	50	4.477	enhancer
PEAK_0276	100	4.315	enhancer
PEAK_0276	150	5.366	enhancer
PEAK_0276	200	5.099	enhancer
PEAK_0276	250	3.145	enhancer
PEAK_0276	300	3.75	enhancer
PEAK_0276	350	2.904	enhancer
PEAK_0276	400	2.957	enhancer
PEAK_0276	450	2.877	enhancer
PEAK_0276	500	1.976	enhancer
PEAK_0276	550	1.468	enhancer
PEAK_0276	600	1.877	enhancer
PEAK_0276	650	1.366	enhancer
PEAK_0276	700	1.125	enhancer
PEAK_0276	750	1.173	enhancer
PEAK_0276	800	0.942	enhancer
PEAK_0276	850	0.665	enhancer
PEAK_0276	900	0.617	enhancer
PEAK_0276	950	0.61	enhancer
PEAK_0276	1000	0.373	enhancer
PEAK_0277	-1000	0.704	enhancer
PEAK_0277	-950	0.35	enhancer
PEAK_0277	-900	0.097	enhancer
PEAK_0277	-850	0.822	enhancer
PEAK_0277	-800	0.604	enhancer
PEAK_0277	-750	0.79	enhancer
PEAK_0277	-700	1.598	enhancer
PEAK_0277	-650	1.212	enhancer
PEAK_0277	-600	1.393	enhancer
PEAK_0277	-550	1.284	enhancer
PEAK_0277	-500	1.875	enhancer
PEAK_0277	-450	2.094	enhancer
PEAK_0277	-400	2.723	enhancer
PEAK_0277	-350	2.466	enhancer
PEAK_0277	-300	2.733	enhancer
PEAK_0277	-250	2.503	enhancer
PEAK_0277	-200	3.015	enhancer
PEAK_0277	-150	2.598	enhancer
PEAK_0277	-100	2.513	enhancer
PEAK_0277	-50	2.655	enhancer
PEAK_0277	0	2.774	enhancer
PEAK_0277	50	2.696	enhancer
PEAK_0277	100	2.588	enhancer
PEAK_0277	150	2.563	enhancer
PEAK_0277	200	3.046	enhancer
PEAK_0277	250	2.272	enhancer
PEAK_0277	300	2.08	enhancer
PEAK_0277	350	2.62	enhancer
PEAK_0277	400	1.529	enhancer
PEAK_0277	450	2.322	enhancer
PEAK_0277	500	1.472	enhancer
PEAK_0277	550	1.766	enhancer
PEAK_0277	600	0.987	enhancer
PEAK_0277	650	1.223	enhancer
PEAK_0277	700	0.257	enhancer
PEAK_0277	750	1.012	enhancer
PEAK_0277	800	0.364	enhancer
PEAK_0277	850	0.553	enhancer
PEAK_0277	900	0.398	enhancer
PEAK_0277	950	1.1	enhancer
PEAK_0277	1000	0.17	enhancer
PEAK_0278	-1000	0.333	background
PEAK_0278	-950	0.757	background
PEAK_0278	-900	0.987	background
PEAK_0278	-850	0.875	background
PEAK_0278	-800	0.447	background
PEAK_0278	-750	0.484	background
PEAK_0278	-700	0.736	background
PEAK_0278	-650	1.029	background
PEAK_0278	-600	0.375	background
PEAK_0278	-550	1.08	background
PEAK_0278	-500	0.633	background
PEAK_0278	-450	0.734	background
PEAK_0278	-400	0.884	background
PEAK_0278	-350	1.073	background
PEAK_0278	-300	1.241	background
PEAK_0278	-250	0.855	background
PEAK_0278	-200	0.558	background
PEAK_0278	-150	0.705	background
PEAK_0278	-100	0.746	background
PEAK_0278	-50	0.784	background
PEAK_0278	0	0.568	background
PEAK_0278	50	0.541	background
PEAK_0278	100	0.979	background
PEAK_0278	150	0.65	background
PEAK_0278	200	0.339	background
PEAK_0278	250	0.662	background
PEAK_0278	300	0.922	background
PEAK_0278	350	0.895	background
PEAK_0278	400	0.492	background
PEAK_0278	450	0.995	background
PEAK_0278	500	0.532	background
PEAK_0278	550	0.991	background
PEAK_0278	600	0.743	background
PEAK_0278	650	0.787	background
PEAK_0278	700	0.421	background
PEAK_0278	750	1.043	background
PEAK_0278	800	0.623	background
PEAK_0278	850	0.742	background
PEAK_0278	900	0.56	background
PEAK_0278	950	0.455	background
PEAK_0278	1000	0.744	background
PEAK_0279	-1000	0.0	promoter
PEAK_0279	-950	0.636	promoter
PEAK_0279	-900	0.411	promoter
PEAK_0279	-850	0.458	promoter
PEAK_0279	-800	0.033	promoter
PEAK_0279	-750	0.156	promoter
PEAK_0279	-700	0.102	promoter
PEAK_0279	-650	0.221	promoter
PEAK_0279	-600	0.03	promoter
PEAK_0279	-550	0.063	promoter
PEAK_0279	-500	0.454	promoter
PEAK_0279	-450	0.006	promoter
PEAK_0279	-400	0.226	promoter
PEAK_0279	-350	0.505	promoter
PEAK_0279	-300	0.528	promoter
PEAK_0279	-250	1.094	promoter
PEAK_0279	-200	0.96	promoter
PEAK_0279	-150	2.034	promoter
PEAK_0279	-100	2.855	promoter
PEAK_0279	-50	3.965	promoter
PEAK_0279	0	4.852	promoter
PEAK_0279	50	4.14	promoter
PEAK_0279	100	3.804	promoter
PEAK_0279	150	2.317	promoter
PEAK_0279	200	1.999	promoter
PEAK_0279	250	0.658	promoter
PEAK_0279	300	0.919	promoter
PEAK_0279	350	0.26	promoter
PEAK_0279	400	0.294	promoter
PEAK_0279	450	0.621	promoter
PEAK_0279	500	0.089	promoter
PEAK_0279	550	0.498	promoter
PEAK_0279	600	0.0	promoter
PEAK_0279	650	0.349	promoter
PEAK_0279	700	0.176	promoter
PEAK_0279	750	0.377	promoter
PEAK_0279	800	0.182	promoter
PEAK_0279	850	0.266	promoter
PEAK_0279	900	0.19	promoter
PEAK_0279	950	0.471	promoter
PEAK_0279	1000	0.661	promoter
PEAK_0280	-1000	0.239	promoter
PEAK_0280	-950	0.42	promoter
PEAK_0280	-900	0.397	promoter
PEAK_0280	-850	0.615	promoter
PEAK_0280	-800	0.719	promoter
PEAK_0280	-750	0.331	promoter
PEAK_0280	-700	0.466	promoter
PEAK_0280	-650	0.251	promoter
PEAK_0280	-600	0.087	promoter
PEAK_0280	-550	0.199	promoter
PEAK_0280	-500	0.453	promoter
PEAK_0280	-450	0.092	promoter
PEAK_0280	-400	0.531	promoter
PEAK_0280	-350	1.075	promoter
PEAK_0280	-300	1.725	promoter
PEAK_0280	-250	3.035	promoter
PEAK_0280	-200	4.067	promoter
PEAK_0280	-150	9.067	promoter
PEAK_0280	-100	11.989	promoter
PEAK_0280	-50	16.348	promoter
PEAK_0280	0	16.959	promoter
PEAK_0280	50	14.995	promoter
PEAK_0280	100	10.988	promoter
PEAK_0280	150	8.905	promoter
PEAK_0280	200	5.392	promoter
PEAK_0280	250	2.812	promoter
PEAK_0280	300	1.409	promoter
PEAK_0280	350	0.955	promoter
PEAK_0280	400	1.034	promoter
PEAK_0280	450	0.314	promoter
PEAK_0280	500	0.247	promoter
PEAK_0280	550	0.281	promoter
PEAK_0280	600	0.0	promoter
PEAK_0280	650	0.042	promoter
PEAK_0280	700	0.79	promoter
PEAK_0280	750	0.0	promoter
PEAK_0280	800	0.201	promoter
PEAK_0280	850	0.307	promoter
PEAK_0280	900	0.441	promoter
PEAK_0280	950	0.116	promoter
PEAK_0280	1000	0.229	promoter
PEAK_0281	-1000	0.163	promoter
PEAK_0281	-950	0.705	promoter
PEAK_0281	-900	0.266	promoter
PEAK_0281	-850	0.0	promoter
PEAK_0281	-800	0.0	promoter
PEAK_0281	-750	0.148	promoter
PEAK_0281	-700	0.103	promoter
PEAK_0281	-650	0.278	promoter
PEAK_0281	-600	0.629	promoter
PEAK_0281	-550	0.127	promoter
PEAK_0281	-500	0.0	promoter
PEAK_0281	-450	0.309	promoter
PEAK_0281	-400	0.22	promoter
PEAK_0281	-350	0.701	promoter
PEAK_0281	-300	1.498	promoter
PEAK_0281	-250	2.881	promoter
PEAK_0281	-200	4.34	promoter
PEAK_0281	-150	5.845	promoter
PEAK_0281	-100	6.66	promoter
PEAK_0281	-50	7.061	promoter
PEAK_0281	0	9.702	promoter
PEAK_0281	50	7.92	promoter
PEAK_0281	100	6.582	promoter
PEAK_0281	150	5.393	promoter
PEAK_0281	200	4.203	promoter
PEAK_0281	250	2.651	promoter
PEAK_0281	300	0.694	promoter
PEAK_0281	350	0.577	promoter
PEAK_0281	400	0.413	promoter
PEAK_0281	450	0.217	promoter
PEAK_0281	500	0.305	promoter
PEAK_0281	550	0.0	promoter
PEAK_0281	600	0.0	promoter
PEAK_0281	650	0.132	promoter
PEAK_0281	700	0.257	promoter
PEAK_0281	750	0.487	promoter
PEAK_0281	800	0.465	promoter
PEAK_0281	850	0.0	promoter
PEAK_0281	900	0.202	promoter
PEAK_0281	950	0.0	promoter
PEAK_0281	1000	0.545	promoter
PEAK_0282	-1000	0.0	promoter
PEAK_0282	-950	0.067	promoter
PEAK_0282	-900	0.0	promoter
PEAK_0282	-850	0.376	promoter
PEAK_0282	-800	0.367	promoter
PEAK_0282	-750	0.0	promoter
PEAK_0282	-700	0.595	promoter
PEAK_0282	-650	0.185	promoter
PEAK_0282	-600	0.308	promoter
PEAK_0282	-550	0.534	promoter
PEAK_0282	-500	0.0	promoter
PEAK_0282	-450	0.0	promoter
PEAK_0282	-400	0.533	promoter
PEAK_0282	-350	1.211	promoter
PEAK_0282	-300	2.067	promoter
PEAK_0282	-250	4.497	promoter
PEAK_0282	-200	6.623	promoter
PEAK_0282	-150	9.064	promoter
PEAK_0282	-100	11.83	promoter
PEAK_0282	-50	13.635	promoter
PEAK_0282	0	12.727	promoter
PEAK_0282	50	14.365	promoter
PEAK_0282	100	11.829	promoter
PEAK_0282	150	8.646	promoter
PEAK_0282	200	7.186	promoter
PEAK_0282	250	4.684	promoter
PEAK_0282	300	3.224	promoter
PEAK_0282	350	0.913	promoter
PEAK_0282	400	0.923	promoter
PEAK_0282	450	0.087	promoter
PEAK_0282	500	0.117	promoter
PEAK_0282	550	0.5	promoter
PEAK_0282	600	0.584	promoter
PEAK_0282	650	0.265	promoter
PEAK_0282	700	0.069	promoter
PEAK_0282	750	0.435	promoter
PEAK_0282	800	0.406	promoter
PEAK_0282	850	0.106	promoter
PEAK_0282	900	0.0	promoter
PEAK_0282	950	0.0	promoter
PEAK_0282	1000	0.152	promoter
PEAK_0283	-1000	0.259	promoter
PEAK_0283	-950	0.406	promoter
PEAK_0283	-900	0.04	promoter
PEAK_0283	-850	0.49	promoter
PEAK_0283	-800	0.419	promoter
PEAK_0283	-750	0.163	promoter
PEAK_0283	-700	0.135	promoter
PEAK_0283	-650	0.147	promoter
PEAK_0283	-600	0.21	promoter
PEAK_0283	-550	0.191	promoter
PEAK_0283	-500	0.15	promoter
PEAK_0283	-450	0.642	promoter
PEAK_0283	-400	0.604	promoter
PEAK_0283	-350	1.472	promoter
PEAK_0283	-300	2.776	promoter
PEAK_0283	-250	5.202	promoter
PEAK_0283	-200	7.891	promoter
PEAK_0283	-150	9.451	promoter
PEAK_0283	-100	12.717	promoter
PEAK_0283	-50	14.98	promoter
PEAK_0283	0	14.602	promoter
PEAK_0283	50	13.521	promoter
PEAK_0283	100	12.319	promoter
PEAK_0283	150	10.61	promoter
PEAK_0283	200	7.701	promoter
PEAK_0283	250	5.642	promoter
PEAK_0283	300	2.442	promoter
PEAK_0283	350	1.451	promoter
PEAK_0283	400	0.383	promoter
PEAK_0283	450	0.704	promoter
PEAK_0283	500	0.287	promoter
PEAK_0283	550	0.374	promoter
PEAK_0283	600	0.441	promoter
PEAK_0283	650	0.004	promoter
PEAK_0283	700	0.353	promoter
PEAK_0283	750	0.187	promoter
PEAK_0283	800	0.243	promoter
PEAK_0283	850	0.023	promoter
PEAK_0283	900	0.236	promoter
PEAK_0283	950	0.278	promoter
PEAK_0283	1000	0.24	promoter
PEAK_0284	-1000	0.103	enhancer
PEAK_0284	-950	1.059	enhancer
PEAK_0284	-900	1.018	enhancer
PEAK_0284	-850	0.865	enhancer
PEAK_0284	-800	1.381	enhancer
PEAK_0284	-750	1.851	enhancer
PEAK_0284	-700	2.07	enhancer
PEAK_0284	-650	2.871	enhancer
PEAK_0284	-600	2.532	enhancer
PEAK_0284	-550	3.33	enhancer
PEAK_0284	-500	4.3	enhancer
PEAK_0284	-450	5.853	enhancer
PEAK_0284	-400	4.814	enhancer
PEAK_0284	-350	6.261	enhancer
PEAK_0284	-300	6.608	enhancer
PEAK_0284	-250	6.889	enhancer
PEAK_0284	-200	8.217	enhancer
PEAK_0284	-150	8.012	enhancer
PEAK_0284	-100	9.534	enhancer
PEAK_0284	-50	7.97	enhancer
PEAK_0284	0	8.752	enhancer
PEAK_0284	50	7.008	enhancer
PEAK_0284	100	7.513	enhancer
PEAK_0284	150	7.656	enhancer
PEAK_0284	200	7.095	enhancer
PEAK_0284	250	6.284	enhancer
PEAK_0284	300	4.731	enhancer
PEAK_0284	350	4.676	enhancer
PEAK_0284	400	3.085	enhancer
PEAK_0284	450	3.482	enhancer
PEAK_0284	500	3.735	enhancer
PEAK_0284	550	2.641	enhancer
PEAK_0284	600	2.115	enhancer
PEAK_0284	650	2.012	enhancer
PEAK_0284	700	1.539	enhancer
PEAK_0284	750	0.975	enhancer
PEAK_0284	800	1.511	enhancer
PEAK_0284	850	0.703	enhancer
PEAK_0284	900	0.45	enhancer
PEAK_0284	950	0.333	enhancer
PEAK_0284	1000	0.292	enhancer
PEAK_0285	-1000	0.94	enhancer
PEAK_0285	-950	1.48	enhancer
PEAK_0285	-900	1.277	enhancer
PEAK_0285	-850	1.881	enhancer
PEAK_0285	-800	1.787	enhancer
PEAK_0285	-750	2.407	enhancer
PEAK_0285	-700	3.137	enhancer
PEAK_0285	-650	3.209	enhancer
PEAK_0285	-600	3.135	enhancer
PEAK_0285	-550	3.384	enhancer
PEAK_0285	-500	3.638	enhancer
PEAK_0285	-450	3.996	enhancer
PEAK_0285	-400	4.111	enhancer
PEAK_0285	-350	4.304	enhancer
PEAK_0285	-300	5.64	enhancer
PEAK_0285	-250	5.361	enhancer
PEAK_0285	-200	4.78	enhancer
PEAK_0285	-150	5.634	enhancer
PEAK_0285	-100	6.188	enhancer
PEAK_0285	-50	6.357	enhancer
PEAK_0285	0	5.316	enhancer
PEAK_0285	50	5.548	enhancer
PEAK_0285	100	5.384	enhancer
PEAK_0285	150	4.609	enhancer
PEAK_0285	200	4.542	enhancer
PEAK_0285	250	4.249	enhancer
PEAK_0285	300	4.044	enhancer
PEAK_0285	350	3.383	enhancer
PEAK_0285	400	3.843	enhancer
PEAK_0285	450	3.309	enhancer
PEAK_0285	500	3.245	enhancer
PEAK_0285	550	2.121	enhancer
PEAK_0285	600	2.315	enhancer
PEAK_0285	650	2.446	enhancer
PEAK_0285	700	2.481	enhancer
PEAK_0285	750	1.711	enhancer
PEAK_0285	800	1.774	enhancer
PEAK_0285	850	1.533	enhancer
PEAK_0285	900	0.608	enhancer
PEAK_0285	950	1.2	enhancer
PEAK_0285	1000	1.431	enhancer
PEAK_0286	-1000	0.277	promoter
PEAK_0286	-950	0.319	promoter
PEAK_0286	-900	0.564	promoter
PEAK_0286	-850	0.387	promoter
PEAK_0286	-800	0.138	promoter
PEAK_0286	-750	0.47	promoter
PEAK_0286	-700	0.327	promoter
PEAK_0286	-650	0.139	promoter
PEAK_0286	-600	0.288	promoter
PEAK_0286	-550	0.343	promoter
PEAK_0286	-500	0.266	promoter
PEAK_0286	-450	0.142	promoter
PEAK_0286	-400	0.588	promoter
PEAK_0286	-350	1.188	promoter
PEAK_0286	-300	2.681	promoter
PEAK_0286	-250	4.559	promoter
PEAK_0286	-200	6.765	promoter
PEAK_0286	-150	10.122	promoter
PEAK_0286	-100	16.439	promoter
PEAK_0286	-50	20.958	promoter
PEAK_0286	0	23.039	promoter
PEAK_0286	50	22.427	promoter
PEAK_0286	100	15.844	promoter
PEAK_0286	150	10.726	promoter
PEAK_0286	200	6.287	promoter
PEAK_0286	250	4.686	promoter
PEAK_0286	300	1.907	promoter
PEAK_0286	350	1.287	promoter
PEAK_0286	400	0.67	promoter
PEAK_0286	450	0.0	promoter
PEAK_0286	500	0.45	promoter
PEAK_0286	550	0.0	promoter
PEAK_0286	600	0.445	promoter
PEAK_0286	650	0.24	promoter
PEAK_0286	700	0.317	promoter
PEAK_0286	750	0.496	promoter
PEAK_0286	800	0.442	promoter
PEAK_0286	850	0.127	promoter
PEAK_0286	900	0.205	promoter
PEAK_0286	950	0.767	promoter
PEAK_0286	1000	0.0	promoter
PEAK_0287	-1000	0.0	promoter
PEAK_0287	-950	0.379	promoter
PEAK_0287	-900	0.296	promoter
PEAK_0287	-850	0.068	promoter
PEAK_0287	-800	0.526	promoter
PEAK_0287	-750	0.69	promoter
PEAK_0287	-700	0.152	promoter
PEAK_0287	-650	0.149	promoter
PEAK_0287	-600	0.095	promoter
PEAK_0287	-550	0.01	promoter
PEAK_0287	-500	0.554	promoter
PEAK_0287	-450	0.394	promoter
PEAK_0287	-400	0.735	promoter
PEAK_0287	-350	1.373	promoter
PEAK_0287	-300	2.215	promoter
PEAK_0287	-250	3.707	promoter
PEAK_0287	-200	6.161	promoter
PEAK_0287	-150	8.104	promoter
PEAK_0287	-100	8.856	promoter
PEAK_0287	-50	9.816	promoter
PEAK_0287	0	11.178	promoter
PEAK_0287	50	10.425	promoter
PEAK_0287	100	8.891	promoter
PEAK_0287	150	7.096	promoter
PEAK_0287	200	5.136	promoter
PEAK_0287	250	3.991	promoter
PEAK_0287	300	2.403	promoter
PEAK_0287	350	0.723	promoter
PEAK_0287	400	0.407	promoter
PEAK_0287	450	0.0	promoter
PEAK_0287	500	0.0	promoter
PEAK_0287	550	0.306	promoter
PEAK_0287	600	0.0	promoter
PEAK_0287	650	0.334	promoter
PEAK_0287	700	0.439	promoter
PEAK_0287	750	0.448	promoter
PEAK_0287	800	0.093	promoter
PEAK_0287	850	0.209	promoter
PEAK_0287	900	0.499	promoter
PEAK_0287	950	0.211	promoter
PEAK_0287	1000	0.251	promoter
PEAK_0288	-1000	0.467	enhancer
PEAK_0288	-950	0.606	enhancer
PEAK_0288	-900	0.71	enhancer
PEAK_0288	-850	0.49	enhancer
PEAK_0288	-800	1.26	enhancer
PEAK_0288	-750	1.148	enhancer
PEAK_0288	-700	1.137	enhancer
PEAK_0288	-650	1.781	enhancer
PEAK_0288	-600	2.392	enhancer
PEAK_0288	-550	2.418	enhancer
PEAK_0288	-500	2.775	enhancer
PEAK_0288	-450	3.15	enhancer
PEAK_0288	-400	3.567	enhancer
PEAK_0288	-350	3.79	enhancer
PEAK_0288	-300	4.279	enhancer
PEAK_0288	-250	5.704	enhancer
PEAK_0288	-200	6.468	enhancer
PEAK_0288	-150	6.225	enhancer
PEAK_0288	-100	6.458	enhancer
PEAK_0288	-50	6.555	enhancer
PEAK_0288	0	6.517	enhancer
PEAK_0288	50	7.163	enhancer
PEAK_0288	100	6.357	enhancer
PEAK_0288	150	6.428	enhancer
PEAK_0288	200	6.694	enhancer
PEAK_0288	250	5.765	enhancer
PEAK_0288	300	5.614	enhancer
PEAK_0288	350	5.297	enhancer
PEAK_0288	400	4.697	enhancer
PEAK_0288	450	3.737	enhancer
PEAK_0288	500	3.485	enhancer
PEAK_0288	550	2.831	enhancer
PEAK_0288	600	2.077	enhancer
PEAK_0288	650	1.779	enhancer
PEAK_0288	700	0.978	enhancer
PEAK_0288	750	2.072	enhancer
PEAK_0288	800	1.229	enhancer
PEAK_0288	850	1.342	enhancer
PEAK_0288	900	0.5	enhancer
PEAK_0288	950	1.112	enhancer
PEAK_0288	1000	0.596	enhancer
PEAK_0289	-1000	0.112	promoter
PEAK_0289	-950	0.097	promoter
PEAK_0289	-900	0.329	promoter
PEAK_0289	-850	0.067	promoter
PEAK_0289	-800	0.68	promoter
PEAK_0289	-750	0.374	promoter
PEAK_0289	-700	0.253	promoter
PEAK_0289	-650	0.683	promoter
PEAK_0289	-600	0.413	promoter
PEAK_0289	-550	0.0	promoter
PEAK_0289	-500	0.181	promoter
PEAK_0289	-450	0.266	promoter
PEAK_0289	-400	0.681	promoter
PEAK_0289	-350	1.298	promoter
PEAK_0289	-300	2.946	promoter
PEAK_0289	-250	4.887	promoter
PEAK_0289	-200	7.943	promoter
PEAK_0289	-150	10.888	promoter
PEAK_0289	-100	13.185	promoter
PEAK_0289	-50	17.564	promoter
PEAK_0289	0	15.897	promoter
PEAK_0289	50	17.341	promoter
PEAK_0289	100	13.385	promoter
PEAK_0289	150	12.021	promoter
PEAK_0289	200	7.743	promoter
PEAK_0289	250	5.985	promoter
PEAK_0289	300	2.713	promoter
PEAK_0289	350	1.165	promoter
PEAK_0289	400	0.514	promoter
PEAK_0289	450	0.533	promoter
PEAK_0289	500	0.141	promoter
PEAK_0289	550	0.327	promoter
PEAK_0289	600	0.378	promoter
PEAK_0289	650	0.146	promoter
PEAK_0289	700	0.34	promoter
PEAK_0289	750	0.201	promoter
PEAK_0289	800	0.525	promoter
PEAK_0289	850	0.239	promoter
PEAK_0289	900	0.405	promoter
PEAK_0289	950	0.072	promoter
PEAK_0289	1000	0.462	promoter
PEAK_0290	-1000	0.4	background
PEAK_0290	-950	0.399	background
PEAK_0290	-900	0.841	background
PEAK_0290	-850	0.512	background
PEAK_0290	-800	0.201	background
PEAK_0290	-750	1.005	background
PEAK_0290	-700	0.416	background
PEAK_0290	-650	0.084	background
PEAK_0290	-600	0.487	background
PEAK_0290	-550	0.973	background
PEAK_0290	-500	0.723	background
PEAK_0290	-450	1.21	background
PEAK_0290	-400	0.592	background
PEAK_0290	-350	1.107	background
PEAK_0290	-300	1.085	background
PEAK_0290	-250	0.731	background
PEAK_0290	-200	1.14	background
PEAK_0290	-150	0.839	background
PEAK_0290	-100	0.653	background
PEAK_0290	-50	0.705	background
PEAK_0290	0	0.743	background
PEAK_0290	50	0.292	background
PEAK_0290	100	0.628	background
PEAK_0290	150	0.753	background
PEAK_0290	200	0.815	background
PEAK_0290	250	0.837	background
PEAK_0290	300	0.836	background
PEAK_0290	350	0.719	background
PEAK_0290	400	0.818	background
PEAK_0290	450	0.777	background
PEAK_0290	500	0.749	background
PEAK_0290	550	0.744	background
PEAK_0290	600	0.858	background
PEAK_0290	650	0.761	background
PEAK_0290	700	0.438	background
PEAK_0290	750	0.894	background
PEAK_0290	800	0.265	background
PEAK_0290	850	0.687	background
PEAK_0290	900	0.356	background
PEAK_0290	950	0.354	background
PEAK_0290	1000	0.199	background
PEAK_0291	-1000	0.36	promoter
PEAK_0291	-950	0.252	promoter
PEAK_0291	-900	0.0	promoter
PEAK_0291	-850	0.089	promoter
PEAK_0291	-800	0.315	promoter
PEAK_0291	-750	0.127	promoter
PEAK_0291	-700	0.327	promoter
PEAK_0291	-650	0.25	promoter
PEAK_0291	-600	0.199	promoter
PEAK_0291	-550	0.164	promoter
PEAK_0291	-500	0.061	promoter
PEAK_0291	-450	0.39	promoter
PEAK_0291	-400	0.94	promoter
PEAK_0291	-350	1.565	promoter
PEAK_0291	-300	2.252	promoter
PEAK_0291	-250	3.295	promoter
PEAK_0291	-200	4.37	promoter
PEAK_0291	-150	6.997	promoter
PEAK_0291	-100	10.005	promoter
PEAK_0291	-50	11.736	promoter
PEAK_0291	0	12.011	promoter
PEAK_0291	50	10.89	promoter
PEAK_0291	100	8.334	promoter
PEAK_0291	150	7.663	promoter
PEAK_0291	200	4.351	promoter
PEAK_0291	250	3.693	promoter
PEAK_0291	300	2.493	promoter
PEAK_0291	350	1.088	promoter
PEAK_0291	400	0.557	promoter
PEAK_0291	450	0.314	promoter
PEAK_0291	500	0.523	promoter
PEAK_0291	550	0.0	promoter
PEAK_0291	600	0.392	promoter
PEAK_0291	650	0.094	promoter
PEAK_0291	700	0.128	promoter
PEAK_0291	750	0.0	promoter
PEAK_0291	800	0.754	promoter
PEAK_0291	850	0.0	promoter
PEAK_0291	900	0.454	promoter
PEAK_0291	950	0.26	promoter
PEAK_0291	1000	0.452	promoter
PEAK_0292	-1000	0.759	enhancer
PEAK_0292	-950	0.395	enhancer
PEAK_0292	-900	0.527	enhancer
PEAK_0292	-850	0.87	enhancer
PEAK_0292	-800	0.716	enhancer
PEAK_0292	-750	0.753	enhancer
PEAK_0292	-700	1.023	enhancer
PEAK_0292	-650	0.689	enhancer
PEAK_0292	-600	1.105	enhancer
PEAK_0292	-550	1.709	enhancer
PEAK_0292	-500	1.71	enhancer
PEAK_0292	-450	1.263	enhancer
PEAK_0292	-400	1.788	enhancer
PEAK_0292	-350	1.594	enhancer
PEAK_0292	-300	1.529	enhancer
PEAK_0292	-250	2.531	enhancer
PEAK_0292	-200	2.283	enhancer
PEAK_0292	-150	2.122	enhancer
PEAK_0292	-100	2.126	enhancer
PEAK_0292	-50	1.739	enhancer
PEAK_0292	0	2.399	enhancer
PEAK_0292	50	2.082	enhancer
PEAK_0292	100	1.868	enhancer
PEAK_0292	150	2.436	enhancer
PEAK_0292	200	1.758	enhancer
PEAK_0292	250	2.2	enhancer
PEAK_0292	300	1.975	enhancer
PEAK_0292	350	1.712	enhancer
PEAK_0292	400	1.89	enhancer
PEAK_0292	450	1.599	enhancer
PEAK_0292	500	1.423	enhancer
PEAK_0292	550	1.522	enhancer
PEAK_0292	600	1.394	enhancer
PEAK_0292	650	1.152	enhancer
PEAK_0292	700	0.567	enhancer
PEAK_0292	750	1.308	enhancer
PEAK_0292	800	0.4	enhancer
PEAK_0292	850	0.745	enhancer
PEAK_0292	900	0.628	enhancer
PEAK_0292	950	0.4	enhancer
PEAK_0292	1000	0.42	enhancer
PEAK_0293	-1000	0.302	promoter
PEAK_0293	-950	0.0	promoter
PEAK_0293	-900	0.0	promoter
PEAK_0293	-850	0.0	promoter
PEAK_0293	-800	0.303	promoter
PEAK_0293	-750	0.208	promoter
PEAK_0293	-700	0.331	promoter
PEAK_0293	-650	0.0	promoter
PEAK_0293	-600	0.408	promoter
PEAK_0293	-550	0.227	promoter
PEAK_0293	-500	0.345	promoter
PEAK_0293	-450	0.754	promoter
PEAK_0293	-400	0.348	promoter
PEAK_0293	-350	0.581	promoter
PEAK_0293	-300	0.813	promoter
PEAK_0293	-250	1.944	promoter
PEAK_0293	-200	2.202	promoter
PEAK_0293	-150	3.261	promoter
PEAK_0293	-100	4.519	promoter
PEAK_0293	-50	6.502	promoter
PEAK_0293	0	6.955	promoter
PEAK_0293	50	6.316	promoter
PEAK_0293	100	3.92	promoter
PEAK_0293	150	2.505	promoter
PEAK_0293	200	1.76	promoter
PEAK_0293	250	1.938	promoter
PEAK_0293	300	1.089	promoter
PEAK_0293	350	0.467	promoter
PEAK_0293	400	0.127	promoter
PEAK_0293	450	0.0	promoter
PEAK_0293	500	0.383	promoter
PEAK_0293	550	0.028	promoter
PEAK_0293	600	0.374	promoter
PEAK_0293	650	0.23	promoter
PEAK_0293	700	0.381	promoter
PEAK_0293	750	0.054	promoter
PEAK_0293	800	0.062	promoter
PEAK_0293	850	0.309	promoter
PEAK_0293	900	0.339	promoter
PEAK_0293	950	0.179	promoter
PEAK_0293	1000	0.162	promoter
PEAK_0294	-1000	0.043	promoter
PEAK_0294	-950	0.0	promoter
PEAK_0294	-900	0.297	promoter
PEAK_0294	-850	0.417	promoter
PEAK_0294	-800	0.553	promoter
PEAK_0294	-750	0.05	promoter
PEAK_0294	-700	0.0	promoter
PEAK_0294	-650	0.224	promoter
PEAK_0294	-600	0.031	promoter
PEAK_0294	-550	0.31	promoter
PEAK_0294	-500	0.297	promoter
PEAK_0294	-450	0.32	promoter
PEAK_0294	-400	0.474	promoter
PEAK_0294	-350	1.284	promoter
PEAK_0294	-300	2.518	promoter
PEAK_0294	-250	3.862	promoter
PEAK_0294	-200	6.624	promoter
PEAK_0294	-150	8.757	promoter
PEAK_0294	-100	10.325	promoter
PEAK_0294	-50	13.414	promoter
PEAK_0294	0	14.325	promoter
PEAK_0294	50	13.61	promoter
PEAK_0294	100	12.093	promoter
PEAK_0294	150	9.031	promoter
PEAK_0294	200	5.645	promoter
PEAK_0294	250	4.543	promoter
PEAK_0294	300	1.876	promoter
PEAK_0294	350	0.745	promoter
PEAK_0294	400	0.949	promoter
PEAK_0294	450	0.453	promoter
PEAK_0294	500	0.323	promoter
PEAK_0294	550	0.0	promoter
PEAK_0294	600	0.351	promoter
PEAK_0294	650	0.967	promoter
PEAK_0294	700	0.291	promoter
PEAK_0294	750	0.0	promoter
PEAK_0294	800	0.352	promoter
PEAK_0294	850	0.594	promoter
PEAK_0294	900	0.124	promoter
PEAK_0294	950	0.286	promoter
PEAK_0294	1000	0.562	promoter
PEAK_0295	-1000	0.347	enhancer
PEAK_0295	-950	0.761	enhancer
PEAK_0295	-900	0.608	enhancer
PEAK_0295	-850	0.236	enhancer
PEAK_0295	-800	0.614	enhancer
PEAK_0295	-750	1.182	enhancer
PEAK_0295	-700	1.051	enhancer
PEAK_0295	-650	1.495	enhancer
PEAK_0295	-600	2.181	enhancer
PEAK_0295	-550	2.117	enhancer
PEAK_0295	-500	2.819	enhancer
PEAK_0295	-450	3.013	enhancer
PEAK_0295	-400	3.697	enhancer
PEAK_0295	-350	4.273	enhancer
PEAK_0295	-300	5.231	enhancer
PEAK_0295	-250	5.468	enhancer
PEAK_0295	-200	5.337	enhancer
PEAK_0295	-150	6.191	enhancer
PEAK_0295	-100	6.849	enhancer
PEAK_0295	-50	6.565	enhancer
PEAK_0295	0	7.009	enhancer
PEAK_0295	50	8.588	enhancer
PEAK_0295	100	9.454	enhancer
PEAK_0295	150	7.789	enhancer
PEAK_0295	200	8.033	enhancer
PEAK_0295	250	10.121	enhancer
PEAK_0295	300	9.146	enhancer
PEAK_0295	350	7.012	enhancer
PEAK_0295	400	7.588	enhancer
PEAK_0295	450	6.933	enhancer
PEAK_0295	500	6.592	enhancer
PEAK_0295	550	6.456	enhancer
PEAK_0295	600	5.341	enhancer
PEAK_0295	650	4.4	enhancer
PEAK_0295	700	4.481	enhancer
PEAK_0295	750	3.01	enhancer
PEAK_0295	800	2.757	enhancer
PEAK_0295	850	1.932	enhancer
PEAK_0295	900	2.284	enhancer
PEAK_0295	950	1.481	enhancer
PEAK_0295	1000	1.249	enhancer
PEAK_0296	-1000	0.271	promoter
PEAK_0296	-950	0.264	promoter
PEAK_0296	-900	0.57	promoter
PEAK_0296	-850	0.0	promoter
PEAK_0296	-800	0.333	promoter
PEAK_0296	-750	0.527	promoter
PEAK_0296	-700	0.0	promoter
PEAK_0296	-650	0.24	promoter
PEAK_0296	-600	0.937	promoter
PEAK_0296	-550	0.612	promoter
PEAK_0296	-500	0.261	promoter
PEAK_0296	-450	0.482	promoter
PEAK_0296	-400	1.133	promoter
PEAK_0296	-350	1.215	promoter
PEAK_0296	-300	3.422	promoter
PEAK_0296	-250	5.342	promoter
PEAK_0296	-200	7.272	promoter
PEAK_0296	-150	9.006	promoter
PEAK_0296	-100	11.145	promoter
PEAK_0296	-50	11.493	promoter
PEAK_0296	0	10.893	promoter
PEAK_0296	50	11.65	promoter
PEAK_0296	100	10.332	promoter
PEAK_0296	150	10.405	promoter
PEAK_0296	200	7.821	promoter
PEAK_0296	250	5.387	promoter
PEAK_0296	300	3.028	promoter
PEAK_0296	350	1.758	promoter
PEAK_0296	400	0.625	promoter
PEAK_0296	450	0.425	promoter
PEAK_0296	500	0.26	promoter
PEAK_0296	550	0.354	promoter
PEAK_0296	600	0.353	promoter
PEAK_0296	650	0.087	promoter
PEAK_0296	700	0.019	promoter
PEAK_0296	750	0.532	promoter
PEAK_0296	800	0.326	promoter
PEAK_0296	850	0.374	promoter
PEAK_0296	900	0.063	promoter
PEAK_0296	950	0.586	promoter
PEAK_0296	1000	0.067	promoter
PEAK_0297	-1000	0.042	promoter
PEAK_0297	-950	0.303	promoter
PEAK_0297	-900	0.237	promoter
PEAK_0297	-850	0.252	promoter
PEAK_0297	-800	0.445	promoter
PEAK_0297	-750	0.596	promoter
PEAK_0297	-700	0.009	promoter
PEAK_0297	-650	0.0	promoter
PEAK_0297	-600	0.838	promoter
PEAK_0297	-550	0.689	promoter
PEAK_0297	-500	0.316	promoter
PEAK_0297	-450	0.399	promoter
PEAK_0297	-400	0.74	promoter
PEAK_0297	-350	1.617	promoter
PEAK_0297	-300	2.0	promoter
PEAK_0297	-250	5.327	promoter
PEAK_0297	-200	5.423	promoter
PEAK_0297	-150	7.744	promoter
PEAK_0297	-100	8.346	promoter
PEAK_0297	-50	9.376	promoter
PEAK_0297	0	8.611	promoter
PEAK_0297	50	8.815	promoter
PEAK_0297	100	8.339	promoter
PEAK_0297	150	8.341	promoter
PEAK_0297	200	6.407	promoter
PEAK_0297	250	5.38	promoter
PEAK_0297	300	3.574	promoter
PEAK_0297	350	1.189	promoter
PEAK_0297	400	0.455	promoter
PEAK_0297	450	0.57	promoter
PEAK_0297	500	0.383	promoter
PEAK_0297	550	0.173	promoter
PEAK_0297	600	0.111	promoter
PEAK_0297	650	0.09	promoter
PEAK_0297	700	0.245	promoter
PEAK_0297	750	0.281	promoter
PEAK_0297	800	0.478	promoter
PEAK_0297	850	0.422	promoter
PEAK_0297	900	0.264	promoter
PEAK_0297	950	0.0	promoter
PEAK_0297	1000	0.435	promoter
PEAK_0298	-1000	0.546	enhancer
PEAK_0298	-950	0.963	enhancer
PEAK_0298	-900	1.117	enhancer
PEAK_0298	-850	1.279	enhancer
PEAK_0298	-800	1.286	enhancer
PEAK_0298	-750	0.871	enhancer
PEAK_0298	-700	1.417	enhancer
PEAK_0298	-650	1.895	enhancer
PEAK_0298	-600	2.099	enhancer
PEAK_0298	-550	2.529	enhancer
PEAK_0298	-500	2.633	enhancer
PEAK_0298	-450	2.669	enhancer
PEAK_0298	-400	4.271	enhancer
PEAK_0298	-350	3.813	enhancer
PEAK_0298	-300	3.871	enhancer
PEAK_0298	-250	3.869	enhancer
PEAK_0298	-200	5.475	enhancer
PEAK_0298	-150	5.527	enhancer
PEAK_0298	-100	6.243	enhancer
PEAK_0298	-50	5.729	enhancer
PEAK_0298	0	5.647	enhancer
PEAK_0298	50	4.612	enhancer
PEAK_0298	100	4.608	enhancer
PEAK_0298	150	4.699	enhancer
PEAK_0298	200	4.93	enhancer
PEAK_0298	250	4.093	enhancer
PEAK_0298	300	3.739	enhancer
PEAK_0298	350	3.32	enhancer
PEAK_0298	400	2.631	enhancer
PEAK_0298	450	2.072	enhancer
PEAK_0298	500	2.171	enhancer
PEAK_0298	550	1.84	enhancer
PEAK_0298	600	1.125	enhancer
PEAK_0298	650	1.571	enhancer
PEAK_0298	700	0.806	enhancer
PEAK_0298	750	0.3	enhancer
PEAK_0298	800	0.323	enhancer
PEAK_0298	850	0.461	enhancer
PEAK_0298	900	0.208	enhancer
PEAK_0298	950	0.529	enhancer
PEAK_0298	1000	0.05	enhancer
PEAK_0299	-1000	0.993	background
PEAK_0299	-950	0.288	background
PEAK_0299	-900	0.615	background
PEAK_0299	-850	0.341	background
PEAK_0299	-800	0.622	background
PEAK_0299	-750	0.731	background
PEAK_0299	-700	0.522	background
PEAK_0299	-650	0.231	background
PEAK_0299	-600	0.791	background
PEAK_0299	-550	0.184	background
PEAK_0299	-500	0.347	background
PEAK_0299	-450	0.303	background
PEAK_0299	-400	0.601	background
PEAK_0299	-350	0.385	background
PEAK_0299	-300	0.671	background
PEAK_0299	-250	0.847	background
PEAK_0299	-200	0.228	background
PEAK_0299	-150	0.581	background
PEAK_0299	-100	0.819	background
PEAK_0299	-50	0.713	background
PEAK_0299	0	0.702	background
PEAK_0299	50	0.578	background
PEAK_0299	100	0.774	background
PEAK_0299	150	0.751	background
PEAK_0299	200	0.221	background
PEAK_0299	250	0.669	background
PEAK_0299	300	0.412	background
PEAK_0299	350	0.479	background
PEAK_0299	400	0.486	background
PEAK_0299	450	0.312	background
PEAK_0299	500	0.523	background
PEAK_0299	550	0.556	background
PEAK_0299	600	0.407	background
PEAK_0299	650	0.502	background
PEAK_0299	700	0.312	background
PEAK_0299	750	0.536	background
PEAK_0299	800	0.369	background
PEAK_0299	850	0.789	background
PEAK_0299	900	0.607	background
PEAK_0299	950	0.408	background
PEAK_0299	1000	0.09	background
PEAK_0300	-1000	0.478	enhancer
PEAK_0300	-950	0.582	enhancer
PEAK_0300	-900	0.424	enhancer
PEAK_0300	-850	1.061	enhancer
PEAK_0300	-800	0.964	enhancer
PEAK_0300	-750	0.775	enhancer
PEAK_0300	-700	1.326	enhancer
PEAK_0300	-650	1.086	enhancer
PEAK_0300	-600	1.467	enhancer
PEAK_0300	-550	1.876	enhancer
PEAK_0300	-500	1.711	enhancer
PEAK_0300	-450	1.666	enhancer
PEAK_0300	-400	2.28	enhancer
PEAK_0300	-350	1.945	enhancer
PEAK_0300	-300	2.79	enhancer
PEAK_0300	-250	2.871	enhancer
PEAK_0300	-200	3.348	enhancer
PEAK_0300	-150	2.597	enhancer
PEAK_0300	-100	3.331	enhancer
PEAK_0300	-50	3.075	enhancer
PEAK_0300	0	2.585	enhancer
PEAK_0300	50	3.409	enhancer
PEAK_0300	100	2.764	enhancer
PEAK_0300	150	3.623	enhancer
PEAK_0300	200	3.018	enhancer
PEAK_0300	250	3.086	enhancer
PEAK_0300	300	2.643	enhancer
PEAK_0300	350	3.004	enhancer
PEAK_0300	400	2.551	enhancer
PEAK_0300	450	2.628	enhancer
PEAK_0300	500	1.882	enhancer
PEAK_0300	550	1.736	enhancer
PEAK_0300	600	2.345	enhancer
PEAK_0300	650	2.05	enhancer
PEAK_0300	700	1.483	enhancer
PEAK_0300	750	1.521	enhancer
PEAK_0300	800	1.193	enhancer
PEAK_0300	850	0.956	enhancer
PEAK_0300	900	1.196	enhancer
PEAK_0300	950	0.547	enhancer
PEAK_0300	1000	0.273	enhancer
